target,crate_name,version,test_name,mode,status,mean_exec_time_seconds,error_message,error_location,log_url,error_detail
aarch64-unknown-linux-gnu,aho-corasick,1.1.4,nfa::contiguous::tests::swar,full,success,0.10431083466666669,,,,
aarch64-unknown-linux-gnu,aho-corasick,1.1.4,packed::pattern::tests::equals_different_lengths,full,success,0.10584109966666666,,,,
aarch64-unknown-linux-gnu,aho-corasick,1.1.4,packed::pattern::tests::equals_mismatch,full,success,0.10725935366666668,,,,
aarch64-unknown-linux-gnu,aho-corasick,1.1.4,packed::pattern::tests::equals_yes,full,success,0.10571567533333333,,,,
aarch64-unknown-linux-gnu,aho-corasick,1.1.4,packed::pattern::tests::prefix,full,success,0.10580728933333335,,,,
aarch64-unknown-linux-gnu,aho-corasick,1.1.4,packed::tests::search_default_leftmost_first,full,success,5.968227365333333,,,,
aarch64-unknown-linux-gnu,aho-corasick,1.1.4,packed::tests::search_default_leftmost_longest,full,success,6.062159869666668,,,,
aarch64-unknown-linux-gnu,aho-corasick,1.1.4,packed::tests::search_rabinkarp_leftmost_first,full,success,4.343043581666667,,,,
aarch64-unknown-linux-gnu,aho-corasick,1.1.4,packed::tests::search_rabinkarp_leftmost_longest,full,success,4.486716155666667,,,,
aarch64-unknown-linux-gnu,aho-corasick,1.1.4,packed::tests::search_teddy_avx2_leftmost_first,full,success,6.005998098333333,,,,
aarch64-unknown-linux-gnu,aho-corasick,1.1.4,packed::tests::search_teddy_avx2_leftmost_longest,full,success,6.1704826253333325,,,,
aarch64-unknown-linux-gnu,aho-corasick,1.1.4,packed::tests::search_teddy_fat_leftmost_first,full,success,5.985857975666666,,,,
aarch64-unknown-linux-gnu,aho-corasick,1.1.4,packed::tests::search_teddy_fat_leftmost_longest,full,success,6.154954005333334,,,,
aarch64-unknown-linux-gnu,aho-corasick,1.1.4,packed::tests::search_teddy_leftmost_first,full,success,6.018907012333333,,,,
aarch64-unknown-linux-gnu,aho-corasick,1.1.4,packed::tests::search_teddy_leftmost_longest,full,success,6.194140168,,,,
aarch64-unknown-linux-gnu,aho-corasick,1.1.4,packed::tests::search_teddy_ssse3_leftmost_first,full,success,6.107683743333333,,,,
aarch64-unknown-linux-gnu,aho-corasick,1.1.4,packed::tests::search_teddy_ssse3_leftmost_longest,full,success,6.332383784666667,,,,
aarch64-unknown-linux-gnu,aho-corasick,1.1.4,packed::tests::search_tests_have_unique_names,full,success,0.19475496299999998,,,,
aarch64-unknown-linux-gnu,aho-corasick,1.1.4,packed::vector::tests_aarch64_neon::example_vmaxvq_u8_non_zero,full,success,0.10659733933333333,,,,
aarch64-unknown-linux-gnu,aho-corasick,1.1.4,packed::vector::tests_aarch64_neon::example_vmaxvq_u8_zero,full,success,0.10734601566666667,,,,
aarch64-unknown-linux-gnu,aho-corasick,1.1.4,packed::vector::tests_aarch64_neon::example_vpmaxq_u8_non_zero,full,success,0.106846991,,,,
aarch64-unknown-linux-gnu,aho-corasick,1.1.4,packed::vector::tests_aarch64_neon::example_vpmaxq_u8_other,full,success,0.10664763166666667,,,,
aarch64-unknown-linux-gnu,aho-corasick,1.1.4,packed::vector::tests_aarch64_neon::example_vpmaxq_u8_self,full,success,0.10677119966666666,,,,
aarch64-unknown-linux-gnu,aho-corasick,1.1.4,packed::vector::tests_aarch64_neon::vector_and,full,success,0.10719368133333333,,,,
aarch64-unknown-linux-gnu,aho-corasick,1.1.4,packed::vector::tests_aarch64_neon::vector_cmpeq,full,success,0.10709149766666666,,,,
aarch64-unknown-linux-gnu,aho-corasick,1.1.4,packed::vector::tests_aarch64_neon::vector_for_each_64bit_lane,full,success,0.10613010766666668,,,,
aarch64-unknown-linux-gnu,aho-corasick,1.1.4,packed::vector::tests_aarch64_neon::vector_is_zero,full,success,0.107096069,,,,
aarch64-unknown-linux-gnu,aho-corasick,1.1.4,packed::vector::tests_aarch64_neon::vector_or,full,success,0.10680563266666669,,,,
aarch64-unknown-linux-gnu,aho-corasick,1.1.4,packed::vector::tests_aarch64_neon::vector_shift_8bit_lane_right,full,success,0.107711125,,,,
aarch64-unknown-linux-gnu,aho-corasick,1.1.4,packed::vector::tests_aarch64_neon::vector_shift_in_one_byte,full,success,0.10681348066666668,,,,
aarch64-unknown-linux-gnu,aho-corasick,1.1.4,packed::vector::tests_aarch64_neon::vector_shift_in_three_bytes,full,success,0.10767084733333333,,,,
aarch64-unknown-linux-gnu,aho-corasick,1.1.4,packed::vector::tests_aarch64_neon::vector_shift_in_two_bytes,full,success,0.10721456966666666,,,,
aarch64-unknown-linux-gnu,aho-corasick,1.1.4,packed::vector::tests_aarch64_neon::vector_shuffle_bytes,full,success,0.10694795566666666,,,,
aarch64-unknown-linux-gnu,aho-corasick,1.1.4,packed::vector::tests_aarch64_neon::vector_splat,full,success,0.10797992433333332,,,,
aarch64-unknown-linux-gnu,aho-corasick,1.1.4,testoibits::oibits_automaton,full,success,0.10717122833333333,,,,
aarch64-unknown-linux-gnu,aho-corasick,1.1.4,testoibits::oibits_main,full,success,0.10832987100000001,,,,
aarch64-unknown-linux-gnu,aho-corasick,1.1.4,testoibits::oibits_packed,full,success,0.10889852900000001,,,,
aarch64-unknown-linux-gnu,aho-corasick,1.1.4,tests::acasei_leftmost_first_default,full,success,12.475436195666667,,,,
aarch64-unknown-linux-gnu,aho-corasick,1.1.4,tests::acasei_leftmost_first_dfa_default,full,success,12.30547565,,,,
aarch64-unknown-linux-gnu,aho-corasick,1.1.4,tests::acasei_leftmost_first_nfa_contig_default,full,success,12.472047883333332,,,,
aarch64-unknown-linux-gnu,aho-corasick,1.1.4,tests::acasei_leftmost_first_nfa_noncontig_default,full,success,10.975202783666667,,,,
aarch64-unknown-linux-gnu,aho-corasick,1.1.4,tests::acasei_leftmost_longest_default,full,success,12.527307344,,,,
aarch64-unknown-linux-gnu,aho-corasick,1.1.4,tests::acasei_leftmost_longest_dfa_default,full,success,12.364415831333334,,,,
aarch64-unknown-linux-gnu,aho-corasick,1.1.4,tests::acasei_leftmost_longest_nfa_contig_default,full,success,12.398328942666666,,,,
aarch64-unknown-linux-gnu,aho-corasick,1.1.4,tests::acasei_leftmost_longest_nfa_noncontig_default,full,success,10.952320251000002,,,,
aarch64-unknown-linux-gnu,aho-corasick,1.1.4,tests::acasei_standard_default,full,success,7.198779583,,,,
aarch64-unknown-linux-gnu,aho-corasick,1.1.4,tests::acasei_standard_dfa_default,full,success,12.411212707999999,,,,
aarch64-unknown-linux-gnu,aho-corasick,1.1.4,tests::acasei_standard_nfa_contig_default,full,success,7.059138376333333,,,,
aarch64-unknown-linux-gnu,aho-corasick,1.1.4,tests::acasei_standard_nfa_noncontig_default,full,success,6.332552631666666,,,,
aarch64-unknown-linux-gnu,aho-corasick,1.1.4,tests::acasei_standard_overlapping_default,full,success,12.751718921,,,,
aarch64-unknown-linux-gnu,aho-corasick,1.1.4,tests::acasei_standard_overlapping_dfa_default,full,success,12.64366473,,,,
aarch64-unknown-linux-gnu,aho-corasick,1.1.4,tests::acasei_standard_overlapping_nfa_contig_default,full,success,12.266469540000001,,,,
aarch64-unknown-linux-gnu,aho-corasick,1.1.4,tests::acasei_standard_overlapping_nfa_noncontig_default,full,success,10.921992953999998,,,,
aarch64-unknown-linux-gnu,aho-corasick,1.1.4,tests::anchored_not_allowed_even_if_technically_available,full,success,4.592846465,,,,
aarch64-unknown-linux-gnu,aho-corasick,1.1.4,tests::overlapping_not_allowed_leftmost_first,full,success,1.5474396046666667,,,,
aarch64-unknown-linux-gnu,aho-corasick,1.1.4,tests::overlapping_not_allowed_leftmost_longest,full,success,1.569624223,,,,
aarch64-unknown-linux-gnu,aho-corasick,1.1.4,tests::prefilter_stays_in_bounds,full,success,2.9213920036666665,,,,
aarch64-unknown-linux-gnu,aho-corasick,1.1.4,tests::regression_ascii_case_insensitive_no_exponential,full,success,4.481757102666666,,,,
aarch64-unknown-linux-gnu,aho-corasick,1.1.4,tests::regression_rare_byte_prefilter,full,success,1.8260671236666666,,,,
aarch64-unknown-linux-gnu,aho-corasick,1.1.4,tests::search_standard_anchored_default,full,success,50.678433629000004,,,,
aarch64-unknown-linux-gnu,aho-corasick,1.1.4,tests::search_standard_anchored_dfa_default,full,success,50.360906537666665,,,,
aarch64-unknown-linux-gnu,aho-corasick,1.1.4,tests::search_standard_anchored_dfa_start_both,full,success,49.06415466333333,,,,
aarch64-unknown-linux-gnu,aho-corasick,1.1.4,tests::search_standard_anchored_nfa_noncontig_default,full,success,45.424700226999995,,,,
aarch64-unknown-linux-gnu,aho-corasick,1.1.4,tests::search_tests_have_unique_names,full,success,0.23756594900000003,,,,
aarch64-unknown-linux-gnu,aho-corasick,1.1.4,tests::stream_not_allowed_leftmost_first,full,success,1.569711799666667,,,,
aarch64-unknown-linux-gnu,aho-corasick,1.1.4,tests::stream_not_allowed_leftmost_longest,full,success,1.5604401213333334,,,,
aarch64-unknown-linux-gnu,aho-corasick,1.1.4,tests::unanchored_not_allowed_even_if_technically_available,full,success,4.611825783333333,,,,
aarch64-unknown-linux-gnu,aho-corasick,1.1.4,util::alphabet::tests::byte_classes,full,success,0.17380868766666668,,,,
aarch64-unknown-linux-gnu,aho-corasick,1.1.4,util::alphabet::tests::elements_empty,full,success,0.15010848533333332,,,,
aarch64-unknown-linux-gnu,aho-corasick,1.1.4,util::alphabet::tests::elements_singletons,full,success,0.15566748033333333,,,,
aarch64-unknown-linux-gnu,aho-corasick,1.1.4,util::alphabet::tests::elements_typical,full,success,0.23356783533333333,,,,
aarch64-unknown-linux-gnu,aho-corasick,1.1.4,util::alphabet::tests::full_byte_classes,full,success,0.16559777833333333,,,,
aarch64-unknown-linux-gnu,ansi_term,0.12.1,ansi::test::black,full,success,0.10815309099999999,,,,
aarch64-unknown-linux-gnu,ansi_term,0.12.1,ansi::test::blink,full,success,0.10876776433333335,,,,
aarch64-unknown-linux-gnu,ansi_term,0.12.1,ansi::test::blue_on_rgb,full,success,0.10944445166666668,,,,
aarch64-unknown-linux-gnu,ansi_term,0.12.1,ansi::test::blue_underline,full,success,0.10918273066666667,,,,
aarch64-unknown-linux-gnu,ansi_term,0.12.1,ansi::test::bold,full,success,0.10859254400000001,,,,
aarch64-unknown-linux-gnu,ansi_term,0.12.1,ansi::test::bunderline,full,success,0.108853409,,,,
aarch64-unknown-linux-gnu,ansi_term,0.12.1,ansi::test::cyan_bold_on_white,full,success,0.10954291466666667,,,,
aarch64-unknown-linux-gnu,ansi_term,0.12.1,ansi::test::cyan_bold_ul_on_white,full,success,0.11079063266666667,,,,
aarch64-unknown-linux-gnu,ansi_term,0.12.1,ansi::test::cyan_ul_bold_on_white,full,success,0.11063359566666668,,,,
aarch64-unknown-linux-gnu,ansi_term,0.12.1,ansi::test::cyan_ul_on_white,full,success,0.10947431433333334,,,,
aarch64-unknown-linux-gnu,ansi_term,0.12.1,ansi::test::dimmed,full,success,0.10993309633333333,,,,
aarch64-unknown-linux-gnu,ansi_term,0.12.1,ansi::test::fixed,full,success,0.10953320833333335,,,,
aarch64-unknown-linux-gnu,ansi_term,0.12.1,ansi::test::fixed_on_fixed,full,success,0.11057474866666668,,,,
aarch64-unknown-linux-gnu,ansi_term,0.12.1,ansi::test::fixed_on_purple,full,success,0.110379362,,,,
aarch64-unknown-linux-gnu,ansi_term,0.12.1,ansi::test::green_bold_ul,full,success,0.110232628,,,,
aarch64-unknown-linux-gnu,ansi_term,0.12.1,ansi::test::green_bold_ul_2,full,success,0.11159958966666668,,,,
aarch64-unknown-linux-gnu,ansi_term,0.12.1,ansi::test::hidden,full,success,0.10982394700000002,,,,
aarch64-unknown-linux-gnu,ansi_term,0.12.1,ansi::test::italic,full,success,0.10899966333333333,,,,
aarch64-unknown-linux-gnu,ansi_term,0.12.1,ansi::test::plain,full,success,0.108735268,,,,
aarch64-unknown-linux-gnu,ansi_term,0.12.1,ansi::test::purple_on_white,full,success,0.10960922499999999,,,,
aarch64-unknown-linux-gnu,ansi_term,0.12.1,ansi::test::purple_on_white_2,full,success,0.10978893500000002,,,,
aarch64-unknown-linux-gnu,ansi_term,0.12.1,ansi::test::red,full,success,0.10926077133333334,,,,
aarch64-unknown-linux-gnu,ansi_term,0.12.1,ansi::test::reverse,full,success,0.11018353266666668,,,,
aarch64-unknown-linux-gnu,ansi_term,0.12.1,ansi::test::rgb,full,success,0.11145966833333333,,,,
aarch64-unknown-linux-gnu,ansi_term,0.12.1,ansi::test::rgb_on_blue,full,success,0.11148155733333333,,,,
aarch64-unknown-linux-gnu,ansi_term,0.12.1,ansi::test::rgb_on_rgb,full,success,0.11153664433333334,,,,
aarch64-unknown-linux-gnu,ansi_term,0.12.1,ansi::test::stricken,full,success,0.10911327466666666,,,,
aarch64-unknown-linux-gnu,ansi_term,0.12.1,ansi::test::test_infix,full,success,0.11043042266666668,,,,
aarch64-unknown-linux-gnu,ansi_term,0.12.1,ansi::test::underline,full,success,0.11021939166666667,,,,
aarch64-unknown-linux-gnu,ansi_term,0.12.1,ansi::test::yellow_bold,full,success,0.10951634833333335,,,,
aarch64-unknown-linux-gnu,ansi_term,0.12.1,ansi::test::yellow_bold_2,full,success,0.10927902033333335,,,,
aarch64-unknown-linux-gnu,ansi_term,0.12.1,ansi::test::yellow_on_blue,full,success,0.109859992,,,,
aarch64-unknown-linux-gnu,ansi_term,0.12.1,ansi::test::yellow_on_blue_2,full,success,0.10963326633333333,,,,
aarch64-unknown-linux-gnu,ansi_term,0.12.1,debug::test::bold,full,success,0.107371963,,,,
aarch64-unknown-linux-gnu,ansi_term,0.12.1,debug::test::both,full,success,0.108899174,,,,
aarch64-unknown-linux-gnu,ansi_term,0.12.1,debug::test::empty,full,success,0.10793552499999999,,,,
aarch64-unknown-linux-gnu,ansi_term,0.12.1,debug::test::everything,full,success,0.11002854633333335,,,,
aarch64-unknown-linux-gnu,ansi_term,0.12.1,debug::test::italic,full,success,0.10786890766666668,,,,
aarch64-unknown-linux-gnu,ansi_term,0.12.1,debug::test::long_and_detailed,full,success,18.561271574,,,,
aarch64-unknown-linux-gnu,ansi_term,0.12.1,debug::test::red,full,success,0.10707455366666668,,,,
aarch64-unknown-linux-gnu,ansi_term,0.12.1,debug::test::redblue,full,success,0.108727698,,,,
aarch64-unknown-linux-gnu,ansi_term,0.12.1,difference::test::addition_of_blink,full,success,0.10632641033333334,,,,
aarch64-unknown-linux-gnu,ansi_term,0.12.1,difference::test::addition_of_dimmed,full,success,0.10708434533333334,,,,
aarch64-unknown-linux-gnu,ansi_term,0.12.1,difference::test::addition_of_hidden,full,success,0.10640631700000001,,,,
aarch64-unknown-linux-gnu,ansi_term,0.12.1,difference::test::addition_of_reverse,full,success,0.10691499133333333,,,,
aarch64-unknown-linux-gnu,ansi_term,0.12.1,difference::test::addition_of_strikethrough,full,success,0.10777879666666668,,,,
aarch64-unknown-linux-gnu,ansi_term,0.12.1,difference::test::colour_change,full,success,0.10712402166666668,,,,
aarch64-unknown-linux-gnu,ansi_term,0.12.1,difference::test::lowercase,full,success,0.10636715000000001,,,,
aarch64-unknown-linux-gnu,ansi_term,0.12.1,difference::test::nothing,full,success,0.10706215066666668,,,,
aarch64-unknown-linux-gnu,ansi_term,0.12.1,difference::test::nothing2,full,success,0.10690764400000001,,,,
aarch64-unknown-linux-gnu,ansi_term,0.12.1,difference::test::removal_of_blink,full,success,0.10710232433333333,,,,
aarch64-unknown-linux-gnu,ansi_term,0.12.1,difference::test::removal_of_dimmed,full,success,0.10729172733333335,,,,
aarch64-unknown-linux-gnu,ansi_term,0.12.1,difference::test::removal_of_hidden,full,success,0.1063332,,,,
aarch64-unknown-linux-gnu,ansi_term,0.12.1,difference::test::removal_of_reverse,full,success,0.10657481366666667,,,,
aarch64-unknown-linux-gnu,ansi_term,0.12.1,difference::test::removal_of_strikethrough,full,success,0.10690272466666667,,,,
aarch64-unknown-linux-gnu,ansi_term,0.12.1,difference::test::uppercase,full,success,0.106466309,,,,
aarch64-unknown-linux-gnu,ansi_term,0.12.1,display::tests::no_control_codes_for_plain,full,success,0.107674816,,,,
aarch64-unknown-linux-gnu,ansi_term,0.12.1,util::test::test,full,success,0.109021978,,,,
aarch64-unknown-linux-gnu,anstream,1.0.0,adapter::strip::test::test_strip_byte_del,full,success,0.10824225700000001,,,,
aarch64-unknown-linux-gnu,anstream,1.0.0,adapter::strip::test::test_strip_byte_multibyte,full,success,0.11095618633333333,,,,
aarch64-unknown-linux-gnu,anstream,1.0.0,adapter::strip::test::test_strip_bytes_multibyte,full,success,0.11008464033333333,,,,
aarch64-unknown-linux-gnu,anstream,1.0.0,adapter::strip::test::test_strip_str_del,full,success,0.10727264933333334,,,,
aarch64-unknown-linux-gnu,anstream,1.0.0,adapter::strip::test::test_strip_str_handles_broken_sequence,full,success,0.10786041533333335,,,,
aarch64-unknown-linux-gnu,anstream,1.0.0,adapter::wincon::test::ansi256_colors,full,success,0.11911578966666668,,,,
aarch64-unknown-linux-gnu,anstream,1.0.0,adapter::wincon::test::end,full,success,0.11784785633333335,,,,
aarch64-unknown-linux-gnu,anstream,1.0.0,adapter::wincon::test::middle,full,success,0.11961954733333335,,,,
aarch64-unknown-linux-gnu,anstream,1.0.0,adapter::wincon::test::start,full,success,0.11760690466666668,,,,
aarch64-unknown-linux-gnu,anstream,1.0.0,stream::tests::test,full,success,0.10733888800000002,,,,
aarch64-unknown-linux-gnu,anstyle-query,1.1.5,test::non_empty_empty,full,success,0.10432328366666667,,,,
aarch64-unknown-linux-gnu,anstyle-query,1.1.5,test::non_empty_not_present,full,success,0.10342730333333335,,,,
aarch64-unknown-linux-gnu,anstyle-query,1.1.5,test::non_empty_texty,full,success,0.10482394866666668,,,,
aarch64-unknown-linux-gnu,anstyle,1.0.14,color::test::max_display_buffer,full,success,0.10724457866666669,,,,
aarch64-unknown-linux-gnu,anstyle,1.0.14,color::test::no_align,full,success,0.11220800200000002,,,,
aarch64-unknown-linux-gnu,anstyle,1.0.14,color::test::print_size_of,full,success,0.10817951066666666,,,,
aarch64-unknown-linux-gnu,anstyle,1.0.14,effect::test::no_align,full,success,0.10792301566666668,,,,
aarch64-unknown-linux-gnu,anstyle,1.0.14,effect::test::print_size_of,full,success,0.10744621566666668,,,,
aarch64-unknown-linux-gnu,anstyle,1.0.14,reset::test::no_align,full,success,0.108699962,,,,
aarch64-unknown-linux-gnu,anstyle,1.0.14,reset::test::print_size_of,full,success,0.10777502700000001,,,,
aarch64-unknown-linux-gnu,anstyle,1.0.14,style::print_size_of,full,success,0.10841523633333335,,,,
aarch64-unknown-linux-gnu,anyhow,1.0.102,fmt::tests::no_digits,full,success,0.10751797733333335,,,,
aarch64-unknown-linux-gnu,anyhow,1.0.102,fmt::tests::one_digit,full,success,0.10658763900000001,,,,
aarch64-unknown-linux-gnu,anyhow,1.0.102,fmt::tests::two_digits,full,success,0.10618208866666667,,,,
aarch64-unknown-linux-gnu,arc-swap,1.9.1,access::tests::constant,full,success,0.107514045,,,,
aarch64-unknown-linux-gnu,arc-swap,1.9.1,access::tests::double_dyn_access_complex,full,success,0.10945892433333333,,,,
aarch64-unknown-linux-gnu,arc-swap,1.9.1,access::tests::dyn_dispatch,full,success,0.10900391300000001,,,,
aarch64-unknown-linux-gnu,arc-swap,1.9.1,access::tests::indirect,full,success,0.11039325133333334,,,,
aarch64-unknown-linux-gnu,arc-swap,1.9.1,access::tests::map,full,success,0.109142024,,,,
aarch64-unknown-linux-gnu,arc-swap,1.9.1,access::tests::map_option_none,full,success,0.10953830833333333,,,,
aarch64-unknown-linux-gnu,arc-swap,1.9.1,access::tests::map_option_some,full,success,0.10966871866666666,,,,
aarch64-unknown-linux-gnu,arc-swap,1.9.1,access::tests::map_reload,full,success,0.11087227933333334,,,,
aarch64-unknown-linux-gnu,arc-swap,1.9.1,access::tests::static_dispatch,full,success,0.10945676933333333,,,,
aarch64-unknown-linux-gnu,arc-swap,1.9.1,access::tests::transition,full,success,0.11011302666666667,,,,
aarch64-unknown-linux-gnu,arc-swap,1.9.1,cache::tests::cache_option,full,success,0.11024328466666666,,,,
aarch64-unknown-linux-gnu,arc-swap,1.9.1,cache::tests::cached_through_arc,full,success,0.11083350066666668,,,,
aarch64-unknown-linux-gnu,arc-swap,1.9.1,cache::tests::cached_value,full,success,0.111308201,,,,
aarch64-unknown-linux-gnu,arc-swap,1.9.1,cache::tests::map_cache,full,success,0.111263348,,,,
aarch64-unknown-linux-gnu,arc-swap,1.9.1,debt::list::tests::new_empty,full,success,0.10802478600000003,,,,
aarch64-unknown-linux-gnu,arc-swap,1.9.1,debt::tests::arc_zst,full,success,0.10773546666666667,,,,
aarch64-unknown-linux-gnu,arc-swap,1.9.1,ref_cnt::tests::pin::ref_cnt_pin_arc,full,success,0.10836521,,,,
aarch64-unknown-linux-gnu,arc-swap,1.9.1,ref_cnt::tests::pin::ref_cnt_pin_rc,full,success,0.10733835300000001,,,,
aarch64-unknown-linux-gnu,arc-swap,1.9.1,ref_cnt::tests::ref_cnt_arc,full,success,0.10868939433333336,,,,
aarch64-unknown-linux-gnu,arc-swap,1.9.1,tests::lease_overflow,full,success,0.16921325633333337,,,,
aarch64-unknown-linux-gnu,arc-swap,1.9.1,tests::load_cnt,full,success,0.11143952400000001,,,,
aarch64-unknown-linux-gnu,arc-swap,1.9.1,tests_default::cas_ref_cnt,full,success,0.18061529433333334,,,,
aarch64-unknown-linux-gnu,arc-swap,1.9.1,tests_default::debug_impl,full,success,0.11040214300000001,,,,
aarch64-unknown-linux-gnu,arc-swap,1.9.1,tests_default::display_impl,full,success,0.11092932533333333,,,,
aarch64-unknown-linux-gnu,arc-swap,1.9.1,tests_default::from_into,full,success,0.10951038733333335,,,,
aarch64-unknown-linux-gnu,arc-swap,1.9.1,tests_default::guard_drop_in_another_thread,full,success,0.15282289066666668,,,,
aarch64-unknown-linux-gnu,arc-swap,1.9.1,tests_default::guard_drop_in_thread,full,success,0.240463125,,,,
aarch64-unknown-linux-gnu,arc-swap,1.9.1,tests_default::load_null,full,success,0.11056743666666667,,,,
aarch64-unknown-linux-gnu,arc-swap,1.9.1,tests_default::load_option,full,success,0.11154054466666667,,,,
aarch64-unknown-linux-gnu,arc-swap,1.9.1,tests_default::multi_writers,full,success,2.0645293873333332,,,,
aarch64-unknown-linux-gnu,arc-swap,1.9.1,tests_default::nulls,full,success,0.11250471066666667,,,,
aarch64-unknown-linux-gnu,arc-swap,1.9.1,tests_default::rcu,full,success,2.312285077333333,,,,
aarch64-unknown-linux-gnu,arc-swap,1.9.1,tests_default::rcu_panic,full,success,0.11758974900000001,,,,
aarch64-unknown-linux-gnu,arc-swap,1.9.1,tests_default::recursive,full,success,0.13340902733333335,,,,
aarch64-unknown-linux-gnu,arc-swap,1.9.1,tests_default::swap_load,full,success,0.42886932233333336,,,,
aarch64-unknown-linux-gnu,arrayvec,0.7.6,char::test_encode_utf8_oob,full,success,0.104130086,,,,
aarch64-unknown-linux-gnu,base64ct,1.8.3,decoder::tests::decode_multiline_padded,full,success,34.35461298233333,,,,
aarch64-unknown-linux-gnu,base64ct,1.8.3,decoder::tests::decode_padded,full,success,4.784479396999999,,,,
aarch64-unknown-linux-gnu,base64ct,1.8.3,decoder::tests::decode_unpadded,full,success,1.0969741463333333,,,,
aarch64-unknown-linux-gnu,base64ct,1.8.3,encoder::tests::encode_padded,full,success,8.739373758333334,,,,
aarch64-unknown-linux-gnu,base64ct,1.8.3,encoder::tests::encode_unpadded,full,success,1.2732329,,,,
aarch64-unknown-linux-gnu,base64ct,1.8.3,encoder::tests::no_trailing_newline_when_aligned,full,success,0.12234191333333333,,,,
aarch64-unknown-linux-gnu,bincode,2.0.1,features::impl_alloc::test_cow_round_trip,full,success,0.10863587100000001,,,,
aarch64-unknown-linux-gnu,bincode,2.0.1,varint::decode_unsigned::test_decode_u128,full,success,0.25342410499999996,,,,
aarch64-unknown-linux-gnu,bincode,2.0.1,varint::decode_unsigned::test_decode_u16,full,success,0.11717391766666667,,,,
aarch64-unknown-linux-gnu,bincode,2.0.1,varint::decode_unsigned::test_decode_u32,full,success,0.12116055733333335,,,,
aarch64-unknown-linux-gnu,bincode,2.0.1,varint::decode_unsigned::test_decode_u64,full,success,0.1302063,,,,
aarch64-unknown-linux-gnu,bincode,2.0.1,varint::encode_signed::test_encode_i128,full,success,0.11344378266666667,,,,
aarch64-unknown-linux-gnu,bincode,2.0.1,varint::encode_signed::test_encode_i16,full,success,0.11172656933333334,,,,
aarch64-unknown-linux-gnu,bincode,2.0.1,varint::encode_signed::test_encode_i32,full,success,0.11287618333333334,,,,
aarch64-unknown-linux-gnu,bincode,2.0.1,varint::encode_signed::test_encode_i64,full,success,0.11516367400000001,,,,
aarch64-unknown-linux-gnu,bincode,2.0.1,varint::encode_unsigned::test_encode_u128,full,success,0.17795431833333333,,,,
aarch64-unknown-linux-gnu,bincode,2.0.1,varint::encode_unsigned::test_encode_u16,full,success,0.15952210033333336,,,,
aarch64-unknown-linux-gnu,bincode,2.0.1,varint::encode_unsigned::test_encode_u32,full,success,0.16722419833333335,,,,
aarch64-unknown-linux-gnu,bincode,2.0.1,varint::encode_unsigned::test_encode_u64,full,success,0.17249401900000003,,,,
aarch64-unknown-linux-gnu,bindgen,0.72.1,codegen::bitfield_unit_tests::bitfield_unit_get,full,success,0.7710834240000001,,,,
aarch64-unknown-linux-gnu,bindgen,0.72.1,codegen::bitfield_unit_tests::bitfield_unit_get_bit,full,success,0.11370926933333335,,,,
aarch64-unknown-linux-gnu,bindgen,0.72.1,codegen::bitfield_unit_tests::bitfield_unit_set,full,success,0.9979629653333334,,,,
aarch64-unknown-linux-gnu,bindgen,0.72.1,codegen::bitfield_unit_tests::bitfield_unit_set_bit,full,success,0.11046846166666668,,,,
aarch64-unknown-linux-gnu,bindgen,0.72.1,codegen::struct_layout::test_align_to,full,success,0.10797840133333335,,,,
aarch64-unknown-linux-gnu,bindgen,0.72.1,codegen::struct_layout::test_bytes_from_bits_pow2,full,success,0.10805504766666668,,,,
aarch64-unknown-linux-gnu,bindgen,0.72.1,commandline_flag_unit_test_function,full,success,0.19147052133333334,,,,
aarch64-unknown-linux-gnu,bindgen,0.72.1,deps::tests::escaping_depfile,full,success,0.12845292666666666,,,,
aarch64-unknown-linux-gnu,bindgen,0.72.1,features::test::invalid_targets,full,success,0.11489631366666668,,,,
aarch64-unknown-linux-gnu,bindgen,0.72.1,features::test::release_versions_for_editions,full,success,0.10840995800000001,,,,
aarch64-unknown-linux-gnu,bindgen,0.72.1,features::test::target_features,full,success,0.10811435366666668,,,,
aarch64-unknown-linux-gnu,bindgen,0.72.1,features::test::valid_targets,full,success,0.11125395733333333,,,,
aarch64-unknown-linux-gnu,bindgen,0.72.1,ir::analysis::tests::monotone,full,success,0.653752432,,,,
aarch64-unknown-linux-gnu,bindgen,0.72.1,ir::comment::test::picks_up_single_and_multi_line_doc_comments,full,success,0.10801931366666667,,,,
aarch64-unknown-linux-gnu,bindgen,0.72.1,ir::comment::test::processes_multi_lines_correctly,full,success,0.11651634366666667,,,,
aarch64-unknown-linux-gnu,bindgen,0.72.1,ir::comment::test::processes_single_lines_correctly,full,success,0.11553001866666666,,,,
aarch64-unknown-linux-gnu,bindgen,0.72.1,ir::layout::test_layout_for_size,full,success,0.10730930333333334,,,,
aarch64-unknown-linux-gnu,bindgen,0.72.1,ir::ty::is_invalid_type_param_empty_name,full,success,0.10770931733333333,,,,
aarch64-unknown-linux-gnu,bindgen,0.72.1,ir::ty::is_invalid_type_param_invalid_remaining,full,success,0.10819886566666669,,,,
aarch64-unknown-linux-gnu,bindgen,0.72.1,ir::ty::is_invalid_type_param_invalid_start,full,success,0.10858129166666668,,,,
aarch64-unknown-linux-gnu,bindgen,0.72.1,ir::ty::is_invalid_type_param_unnamed,full,success,0.11496929533333333,,,,
aarch64-unknown-linux-gnu,bindgen,0.72.1,ir::ty::is_invalid_type_param_valid,full,success,0.108471965,,,,
aarch64-unknown-linux-gnu,bindgen,0.72.1,ir::ty::is_invalid_type_param_valid_underscore_and_numbers,full,success,0.10911593300000001,,,,
aarch64-unknown-linux-gnu,bindgen,0.72.1,ir::ty::is_invalid_type_param_valid_unnamed_kind,full,success,0.107651487,,,,
aarch64-unknown-linux-gnu,bindgen,0.72.1,test_rust_to_clang_target,full,success,0.10912020500000001,,,,
aarch64-unknown-linux-gnu,bindgen,0.72.1,test_rust_to_clang_target_espidf,full,success,0.11030593166666668,,,,
aarch64-unknown-linux-gnu,bindgen,0.72.1,test_rust_to_clang_target_riscv,full,success,0.11558556866666668,,,,
aarch64-unknown-linux-gnu,bindgen,0.72.1,test_rust_to_clang_target_simulator,full,success,0.11292373300000001,,,,
aarch64-unknown-linux-gnu,bit-set,0.10.0,tests::test_bit_set_basic,full,success,0.11061822066666667,,,,
aarch64-unknown-linux-gnu,bit-set,0.10.0,tests::test_bit_set_cmp,full,success,0.10817136433333334,,,,
aarch64-unknown-linux-gnu,bit-set,0.10.0,tests::test_bit_set_debug,full,success,0.11966145800000001,,,,
aarch64-unknown-linux-gnu,bit-set,0.10.0,tests::test_bit_set_difference,full,success,0.11523544566666666,,,,
aarch64-unknown-linux-gnu,bit-set,0.10.0,tests::test_bit_set_difference_with,full,success,0.10997417866666666,,,,
aarch64-unknown-linux-gnu,bit-set,0.10.0,tests::test_bit_set_display,full,success,0.11014529066666667,,,,
aarch64-unknown-linux-gnu,bit-set,0.10.0,tests::test_bit_set_eq,full,success,0.109777151,,,,
aarch64-unknown-linux-gnu,bit-set,0.10.0,tests::test_bit_set_from_usizes,full,success,0.10949053433333333,,,,
aarch64-unknown-linux-gnu,bit-set,0.10.0,tests::test_bit_set_frombit_vec_init,full,success,0.10969567566666667,,,,
aarch64-unknown-linux-gnu,bit-set,0.10.0,tests::test_bit_set_intersect_with,full,success,0.11315896666666668,,,,
aarch64-unknown-linux-gnu,bit-set,0.10.0,tests::test_bit_set_intersection,full,success,0.11159766700000001,,,,
aarch64-unknown-linux-gnu,bit-set,0.10.0,tests::test_bit_set_is_disjoint,full,success,0.11008366700000001,,,,
aarch64-unknown-linux-gnu,bit-set,0.10.0,tests::test_bit_set_iterator,full,success,4.373202157666666,,,,
aarch64-unknown-linux-gnu,bit-set,0.10.0,tests::test_bit_set_shrink_to_fit,full,success,0.11805630633333335,,,,
aarch64-unknown-linux-gnu,bit-set,0.10.0,tests::test_bit_set_shrink_to_fit_new,full,success,0.11020324833333334,,,,
aarch64-unknown-linux-gnu,bit-set,0.10.0,tests::test_bit_set_subset,full,success,0.12162861833333334,,,,
aarch64-unknown-linux-gnu,bit-set,0.10.0,tests::test_bit_set_symmetric_difference,full,success,0.11051726900000002,,,,
aarch64-unknown-linux-gnu,bit-set,0.10.0,tests::test_bit_set_symmetric_difference_with,full,success,0.11300885033333334,,,,
aarch64-unknown-linux-gnu,bit-set,0.10.0,tests::test_bit_set_union,full,success,0.11283005266666668,,,,
aarch64-unknown-linux-gnu,bit-set,0.10.0,tests::test_bit_set_union_with,full,success,0.11055044866666668,,,,
aarch64-unknown-linux-gnu,bit-set,0.10.0,tests::test_bit_vec_clone,full,success,0.113927705,,,,
aarch64-unknown-linux-gnu,bit-set,0.10.0,tests::test_bit_vec_masking,full,success,0.107990444,,,,
aarch64-unknown-linux-gnu,bit-set,0.10.0,tests::test_bit_vec_remove,full,success,0.11388208233333334,,,,
aarch64-unknown-linux-gnu,bit-set,0.10.0,tests::test_truncate,full,success,0.11615895300000001,,,,
aarch64-unknown-linux-gnu,bit-vec,0.9.1,tests::iter,full,success,0.105721201,,,,
aarch64-unknown-linux-gnu,bit-vec,0.9.1,tests::test_0_elements,full,success,0.10652572066666667,,,,
aarch64-unknown-linux-gnu,bit-vec,0.9.1,tests::test_10_elements,full,success,0.12050633933333334,,,,
aarch64-unknown-linux-gnu,bit-vec,0.9.1,tests::test_1_element,full,success,0.10952318400000001,,,,
aarch64-unknown-linux-gnu,bit-vec,0.9.1,tests::test_2_elements,full,success,0.10790706666666668,,,,
aarch64-unknown-linux-gnu,bit-vec,0.9.1,tests::test_31_elements,full,success,0.15235432866666668,,,,
aarch64-unknown-linux-gnu,bit-vec,0.9.1,tests::test_32_elements,full,success,0.140008228,,,,
aarch64-unknown-linux-gnu,bit-vec,0.9.1,tests::test_33_elements,full,success,0.15395263133333337,,,,
aarch64-unknown-linux-gnu,bit-vec,0.9.1,tests::test_big_bit_vec_tests,full,success,0.11137071166666668,,,,
aarch64-unknown-linux-gnu,bit-vec,0.9.1,tests::test_big_difference,full,success,0.10799641300000001,,,,
aarch64-unknown-linux-gnu,bit-vec,0.9.1,tests::test_big_fill,full,success,0.10804791166666668,,,,
aarch64-unknown-linux-gnu,bit-vec,0.9.1,tests::test_big_xnor,full,success,0.11016663033333335,,,,
aarch64-unknown-linux-gnu,bit-vec,0.9.1,tests::test_big_xor,full,success,0.11066874633333335,,,,
aarch64-unknown-linux-gnu,bit-vec,0.9.1,tests::test_bit_vec_append,full,success,0.14232920100000002,,,,
aarch64-unknown-linux-gnu,bit-vec,0.9.1,tests::test_bit_vec_append_aligned_to_unaligned,full,success,0.11395494066666667,,,,
aarch64-unknown-linux-gnu,bit-vec,0.9.1,tests::test_bit_vec_extend,full,success,0.11667690066666668,,,,
aarch64-unknown-linux-gnu,bit-vec,0.9.1,tests::test_bit_vec_grow,full,success,0.11309145233333334,,,,
aarch64-unknown-linux-gnu,bit-vec,0.9.1,tests::test_bit_vec_lt,full,success,0.11708394466666668,,,,
aarch64-unknown-linux-gnu,bit-vec,0.9.1,tests::test_bit_vec_push_pop,full,success,0.10917085400000003,,,,
aarch64-unknown-linux-gnu,bit-vec,0.9.1,tests::test_bit_vec_reserve,full,success,0.10736513400000001,,,,
aarch64-unknown-linux-gnu,bit-vec,0.9.1,tests::test_bit_vec_split_off,full,success,0.12581322166666667,,,,
aarch64-unknown-linux-gnu,bit-vec,0.9.1,tests::test_bit_vec_truncate,full,success,0.110566096,,,,
aarch64-unknown-linux-gnu,bit-vec,0.9.1,tests::test_bit_vec_unaligned_large_append,full,success,0.13187688600000003,,,,
aarch64-unknown-linux-gnu,bit-vec,0.9.1,tests::test_bit_vec_unaligned_small_append,full,success,0.110956387,,,,
aarch64-unknown-linux-gnu,bit-vec,0.9.1,tests::test_count_ones,full,success,4.671840162666666,,,,
aarch64-unknown-linux-gnu,bit-vec,0.9.1,tests::test_count_zeros,full,success,4.685276904666666,,,,
aarch64-unknown-linux-gnu,bit-vec,0.9.1,tests::test_debug_output,full,success,0.13480152933333336,,,,
aarch64-unknown-linux-gnu,bit-vec,0.9.1,tests::test_display_output,full,success,0.10953092833333333,,,,
aarch64-unknown-linux-gnu,bit-vec,0.9.1,tests::test_equal_differing_sizes,full,success,0.10625642966666667,,,,
aarch64-unknown-linux-gnu,bit-vec,0.9.1,tests::test_equal_greatly_differing_sizes,full,success,0.10634037400000002,,,,
aarch64-unknown-linux-gnu,bit-vec,0.9.1,tests::test_equal_sneaky_big,full,success,0.14180364833333334,,,,
aarch64-unknown-linux-gnu,bit-vec,0.9.1,tests::test_equal_sneaky_small,full,success,0.10722927700000001,,,,
aarch64-unknown-linux-gnu,bit-vec,0.9.1,tests::test_from_bools,full,success,0.10719711900000001,,,,
aarch64-unknown-linux-gnu,bit-vec,0.9.1,tests::test_from_bytes,full,success,0.11173276166666668,,,,
aarch64-unknown-linux-gnu,bit-vec,0.9.1,tests::test_get_mut,full,success,0.10733172133333335,,,,
aarch64-unknown-linux-gnu,bit-vec,0.9.1,tests::test_insert_at_block_boundaries,full,success,0.11247804733333333,,,,
aarch64-unknown-linux-gnu,bit-vec,0.9.1,tests::test_insert_at_block_boundaries_1,full,success,0.11975945866666667,,,,
aarch64-unknown-linux-gnu,bit-vec,0.9.1,tests::test_insert_at_end,full,success,0.10883042733333333,,,,
aarch64-unknown-linux-gnu,bit-vec,0.9.1,tests::test_insert_at_zero,full,success,0.10938527066666666,,,,
aarch64-unknown-linux-gnu,bit-vec,0.9.1,tests::test_insert_remove,full,success,41.58139247566667,,,,
aarch64-unknown-linux-gnu,bit-vec,0.9.1,tests::test_into_iter,full,success,0.11178473633333334,,,,
aarch64-unknown-linux-gnu,bit-vec,0.9.1,tests::test_iter_mut,full,success,0.11471196166666668,,,,
aarch64-unknown-linux-gnu,bit-vec,0.9.1,tests::test_ord,full,success,0.11557159866666668,,,,
aarch64-unknown-linux-gnu,bit-vec,0.9.1,tests::test_push_within_capacity_at_brink,full,success,0.11073340133333333,,,,
aarch64-unknown-linux-gnu,bit-vec,0.9.1,tests::test_push_within_capacity_at_brink_with_mul_blocks,full,success,0.11898884333333333,,,,
aarch64-unknown-linux-gnu,bit-vec,0.9.1,tests::test_push_within_capacity_storage_push,full,success,0.11821097233333334,,,,
aarch64-unknown-linux-gnu,bit-vec,0.9.1,tests::test_push_within_capacity_with_suffice_cap,full,success,0.10872318200000002,,,,
aarch64-unknown-linux-gnu,bit-vec,0.9.1,tests::test_remove_all,full,success,0.37546974600000005,,,,
aarch64-unknown-linux-gnu,bit-vec,0.9.1,tests::test_remove_last,full,success,0.29267255166666667,,,,
aarch64-unknown-linux-gnu,bit-vec,0.9.1,tests::test_small_bit_vec_tests,full,success,0.10891179966666668,,,,
aarch64-unknown-linux-gnu,bit-vec,0.9.1,tests::test_small_difference,full,success,0.10850719166666667,,,,
aarch64-unknown-linux-gnu,bit-vec,0.9.1,tests::test_small_fill,full,success,0.10833160200000001,,,,
aarch64-unknown-linux-gnu,bit-vec,0.9.1,tests::test_small_nand,full,success,0.10838868933333334,,,,
aarch64-unknown-linux-gnu,bit-vec,0.9.1,tests::test_small_nor,full,success,0.10827754366666668,,,,
aarch64-unknown-linux-gnu,bit-vec,0.9.1,tests::test_small_xnor,full,success,0.109380425,,,,
aarch64-unknown-linux-gnu,bit-vec,0.9.1,tests::test_small_xor,full,success,0.10798611366666667,,,,
aarch64-unknown-linux-gnu,bit-vec,0.9.1,tests::test_to_bools,full,success,0.10937344133333333,,,,
aarch64-unknown-linux-gnu,bit-vec,0.9.1,tests::test_to_bytes,full,success,0.10941252500000002,,,,
aarch64-unknown-linux-gnu,bumpalo,3.20.3,tests::allocated_bytes,full,success,0.10375413733333334,,,,
aarch64-unknown-linux-gnu,bumpalo,3.20.3,tests::chunk_footer_is_five_words,full,success,0.10415994166666669,,,,
aarch64-unknown-linux-gnu,bumpalo,3.20.3,tests::invalid_read,full,success,0.10609821533333334,,,,
aarch64-unknown-linux-gnu,bumpalo,3.20.3,tests::realloc_old_size_zero,full,success,0.10791185833333335,,,,
aarch64-unknown-linux-gnu,bumpalo,3.20.3,tests::test_realloc,full,success,0.10820337966666667,,,,
aarch64-unknown-linux-gnu,byteorder,1.5.0,test::regression173_array_impl,full,success,0.11184918666666667,,,,
aarch64-unknown-linux-gnu,byteorder,1.5.0,test::slice_len_too_big_i128::read_big_endian,full,success,0.11521819466666668,,,,
aarch64-unknown-linux-gnu,byteorder,1.5.0,test::slice_len_too_big_i128::read_little_endian,full,success,0.11670505100000002,,,,
aarch64-unknown-linux-gnu,byteorder,1.5.0,test::slice_len_too_big_i128::read_native_endian,full,success,0.115814815,,,,
aarch64-unknown-linux-gnu,byteorder,1.5.0,test::slice_len_too_big_i128::write_big_endian,full,success,0.12489481066666668,,,,
aarch64-unknown-linux-gnu,byteorder,1.5.0,test::slice_len_too_big_i128::write_little_endian,full,success,0.11580726600000002,,,,
aarch64-unknown-linux-gnu,byteorder,1.5.0,test::slice_len_too_big_i128::write_native_endian,full,success,0.11389886166666668,,,,
aarch64-unknown-linux-gnu,byteorder,1.5.0,test::slice_len_too_big_i16::read_big_endian,full,success,0.113983626,,,,
aarch64-unknown-linux-gnu,byteorder,1.5.0,test::slice_len_too_big_i16::read_little_endian,full,success,0.11371847166666667,,,,
aarch64-unknown-linux-gnu,byteorder,1.5.0,test::slice_len_too_big_i16::read_native_endian,full,success,0.11425530266666667,,,,
aarch64-unknown-linux-gnu,byteorder,1.5.0,test::slice_len_too_big_i16::write_big_endian,full,success,0.11437304999999999,,,,
aarch64-unknown-linux-gnu,byteorder,1.5.0,test::slice_len_too_big_i16::write_little_endian,full,success,0.11406703966666669,,,,
aarch64-unknown-linux-gnu,byteorder,1.5.0,test::slice_len_too_big_i16::write_native_endian,full,success,0.11398343433333334,,,,
aarch64-unknown-linux-gnu,byteorder,1.5.0,test::slice_len_too_big_i32::read_big_endian,full,success,0.11511894566666668,,,,
aarch64-unknown-linux-gnu,byteorder,1.5.0,test::slice_len_too_big_i32::read_little_endian,full,success,0.11372839933333334,,,,
aarch64-unknown-linux-gnu,byteorder,1.5.0,test::slice_len_too_big_i32::read_native_endian,full,success,0.11440027500000001,,,,
aarch64-unknown-linux-gnu,byteorder,1.5.0,test::slice_len_too_big_i32::write_big_endian,full,success,0.11471369333333332,,,,
aarch64-unknown-linux-gnu,byteorder,1.5.0,test::slice_len_too_big_i32::write_little_endian,full,success,0.11549229100000001,,,,
aarch64-unknown-linux-gnu,byteorder,1.5.0,test::slice_len_too_big_i32::write_native_endian,full,success,0.11498967900000001,,,,
aarch64-unknown-linux-gnu,byteorder,1.5.0,test::slice_len_too_big_i64::read_big_endian,full,success,0.116144731,,,,
aarch64-unknown-linux-gnu,byteorder,1.5.0,test::slice_len_too_big_i64::read_little_endian,full,success,0.11506302966666666,,,,
aarch64-unknown-linux-gnu,byteorder,1.5.0,test::slice_len_too_big_i64::read_native_endian,full,success,0.11608672133333335,,,,
aarch64-unknown-linux-gnu,byteorder,1.5.0,test::slice_len_too_big_i64::write_big_endian,full,success,0.11694448766666667,,,,
aarch64-unknown-linux-gnu,byteorder,1.5.0,test::slice_len_too_big_i64::write_little_endian,full,success,0.11598239900000001,,,,
aarch64-unknown-linux-gnu,byteorder,1.5.0,test::slice_len_too_big_i64::write_native_endian,full,success,0.11573214800000002,,,,
aarch64-unknown-linux-gnu,byteorder,1.5.0,test::slice_len_too_big_u128::read_big_endian,full,success,0.11569013433333335,,,,
aarch64-unknown-linux-gnu,byteorder,1.5.0,test::slice_len_too_big_u128::read_little_endian,full,success,0.11557608033333334,,,,
aarch64-unknown-linux-gnu,byteorder,1.5.0,test::slice_len_too_big_u128::read_native_endian,full,success,0.11588311233333333,,,,
aarch64-unknown-linux-gnu,byteorder,1.5.0,test::slice_len_too_big_u128::write_big_endian,full,success,0.11621571000000001,,,,
aarch64-unknown-linux-gnu,byteorder,1.5.0,test::slice_len_too_big_u128::write_little_endian,full,success,0.11664883000000002,,,,
aarch64-unknown-linux-gnu,byteorder,1.5.0,test::slice_len_too_big_u128::write_native_endian,full,success,0.11572779366666668,,,,
aarch64-unknown-linux-gnu,byteorder,1.5.0,test::slice_len_too_big_u16::read_big_endian,full,success,0.11542802,,,,
aarch64-unknown-linux-gnu,byteorder,1.5.0,test::slice_len_too_big_u16::read_little_endian,full,success,0.11688460766666668,,,,
aarch64-unknown-linux-gnu,byteorder,1.5.0,test::slice_len_too_big_u16::read_native_endian,full,success,0.11574254700000002,,,,
aarch64-unknown-linux-gnu,byteorder,1.5.0,test::slice_len_too_big_u16::write_big_endian,full,success,0.11634697666666667,,,,
aarch64-unknown-linux-gnu,byteorder,1.5.0,test::slice_len_too_big_u16::write_little_endian,full,success,0.114913057,,,,
aarch64-unknown-linux-gnu,byteorder,1.5.0,test::slice_len_too_big_u16::write_native_endian,full,success,0.11583836033333335,,,,
aarch64-unknown-linux-gnu,byteorder,1.5.0,test::slice_len_too_big_u32::read_big_endian,full,success,0.11612435300000001,,,,
aarch64-unknown-linux-gnu,byteorder,1.5.0,test::slice_len_too_big_u32::read_little_endian,full,success,0.115632442,,,,
aarch64-unknown-linux-gnu,byteorder,1.5.0,test::slice_len_too_big_u32::read_native_endian,full,success,0.11356534033333333,,,,
aarch64-unknown-linux-gnu,byteorder,1.5.0,test::slice_len_too_big_u32::write_big_endian,full,success,0.11383550133333335,,,,
aarch64-unknown-linux-gnu,byteorder,1.5.0,test::slice_len_too_big_u32::write_little_endian,full,success,0.11337653966666668,,,,
aarch64-unknown-linux-gnu,byteorder,1.5.0,test::slice_len_too_big_u32::write_native_endian,full,success,0.11507483633333333,,,,
aarch64-unknown-linux-gnu,byteorder,1.5.0,test::slice_len_too_big_u64::read_big_endian,full,success,0.115424644,,,,
aarch64-unknown-linux-gnu,byteorder,1.5.0,test::slice_len_too_big_u64::read_little_endian,full,success,0.11426815966666669,,,,
aarch64-unknown-linux-gnu,byteorder,1.5.0,test::slice_len_too_big_u64::read_native_endian,full,success,0.11410622033333334,,,,
aarch64-unknown-linux-gnu,byteorder,1.5.0,test::slice_len_too_big_u64::write_big_endian,full,success,0.11383499733333334,,,,
aarch64-unknown-linux-gnu,byteorder,1.5.0,test::slice_len_too_big_u64::write_little_endian,full,success,0.11418257600000002,,,,
aarch64-unknown-linux-gnu,byteorder,1.5.0,test::slice_len_too_big_u64::write_native_endian,full,success,0.11335510633333334,,,,
aarch64-unknown-linux-gnu,byteorder,1.5.0,test::slice_len_too_small_i128::read_big_endian,full,success,0.113779531,,,,
aarch64-unknown-linux-gnu,byteorder,1.5.0,test::slice_len_too_small_i128::read_little_endian,full,success,0.11463255633333334,,,,
aarch64-unknown-linux-gnu,byteorder,1.5.0,test::slice_len_too_small_i128::read_native_endian,full,success,0.11504655233333334,,,,
aarch64-unknown-linux-gnu,byteorder,1.5.0,test::slice_len_too_small_i128::write_big_endian,full,success,0.11509642066666666,,,,
aarch64-unknown-linux-gnu,byteorder,1.5.0,test::slice_len_too_small_i128::write_little_endian,full,success,0.11383791166666668,,,,
aarch64-unknown-linux-gnu,byteorder,1.5.0,test::slice_len_too_small_i128::write_native_endian,full,success,0.11458180433333336,,,,
aarch64-unknown-linux-gnu,byteorder,1.5.0,test::slice_len_too_small_i16::read_big_endian,full,success,0.11456901600000002,,,,
aarch64-unknown-linux-gnu,byteorder,1.5.0,test::slice_len_too_small_i16::read_little_endian,full,success,0.11414009333333335,,,,
aarch64-unknown-linux-gnu,byteorder,1.5.0,test::slice_len_too_small_i16::read_native_endian,full,success,0.11478127666666667,,,,
aarch64-unknown-linux-gnu,byteorder,1.5.0,test::slice_len_too_small_i16::write_big_endian,full,success,0.114110281,,,,
aarch64-unknown-linux-gnu,byteorder,1.5.0,test::slice_len_too_small_i16::write_little_endian,full,success,0.11337971833333334,,,,
aarch64-unknown-linux-gnu,byteorder,1.5.0,test::slice_len_too_small_i16::write_native_endian,full,success,0.11375988666666668,,,,
aarch64-unknown-linux-gnu,byteorder,1.5.0,test::slice_len_too_small_i32::read_big_endian,full,success,0.11471071533333334,,,,
aarch64-unknown-linux-gnu,byteorder,1.5.0,test::slice_len_too_small_i32::read_little_endian,full,success,0.11433837633333334,,,,
aarch64-unknown-linux-gnu,byteorder,1.5.0,test::slice_len_too_small_i32::read_native_endian,full,success,0.11421493599999999,,,,
aarch64-unknown-linux-gnu,byteorder,1.5.0,test::slice_len_too_small_i32::write_big_endian,full,success,0.114454446,,,,
aarch64-unknown-linux-gnu,byteorder,1.5.0,test::slice_len_too_small_i32::write_little_endian,full,success,0.115155621,,,,
aarch64-unknown-linux-gnu,byteorder,1.5.0,test::slice_len_too_small_i32::write_native_endian,full,success,0.11405438866666667,,,,
aarch64-unknown-linux-gnu,byteorder,1.5.0,test::slice_len_too_small_i64::read_big_endian,full,success,0.11438377066666668,,,,
aarch64-unknown-linux-gnu,byteorder,1.5.0,test::slice_len_too_small_i64::read_little_endian,full,success,0.11343840833333334,,,,
aarch64-unknown-linux-gnu,byteorder,1.5.0,test::slice_len_too_small_i64::read_native_endian,full,success,0.114085661,,,,
aarch64-unknown-linux-gnu,byteorder,1.5.0,test::slice_len_too_small_i64::write_big_endian,full,success,0.11449821166666667,,,,
aarch64-unknown-linux-gnu,byteorder,1.5.0,test::slice_len_too_small_i64::write_little_endian,full,success,0.11413801000000001,,,,
aarch64-unknown-linux-gnu,byteorder,1.5.0,test::slice_len_too_small_i64::write_native_endian,full,success,0.11445624900000001,,,,
aarch64-unknown-linux-gnu,byteorder,1.5.0,test::slice_len_too_small_u128::read_big_endian,full,success,0.11563255666666668,,,,
aarch64-unknown-linux-gnu,byteorder,1.5.0,test::slice_len_too_small_u128::read_little_endian,full,success,0.11486188033333333,,,,
aarch64-unknown-linux-gnu,byteorder,1.5.0,test::slice_len_too_small_u128::read_native_endian,full,success,0.113914576,,,,
aarch64-unknown-linux-gnu,byteorder,1.5.0,test::slice_len_too_small_u128::write_big_endian,full,success,0.11370118333333334,,,,
aarch64-unknown-linux-gnu,byteorder,1.5.0,test::slice_len_too_small_u128::write_little_endian,full,success,0.11334513833333333,,,,
aarch64-unknown-linux-gnu,byteorder,1.5.0,test::slice_len_too_small_u128::write_native_endian,full,success,0.11411246233333334,,,,
aarch64-unknown-linux-gnu,byteorder,1.5.0,test::slice_len_too_small_u16::read_big_endian,full,success,0.11556659233333334,,,,
aarch64-unknown-linux-gnu,byteorder,1.5.0,test::slice_len_too_small_u16::read_little_endian,full,success,0.11316103533333333,,,,
aarch64-unknown-linux-gnu,byteorder,1.5.0,test::slice_len_too_small_u16::read_native_endian,full,success,0.11353714033333334,,,,
aarch64-unknown-linux-gnu,byteorder,1.5.0,test::slice_len_too_small_u16::write_big_endian,full,success,0.11629959266666667,,,,
aarch64-unknown-linux-gnu,byteorder,1.5.0,test::slice_len_too_small_u16::write_little_endian,full,success,0.11541136933333333,,,,
aarch64-unknown-linux-gnu,byteorder,1.5.0,test::slice_len_too_small_u16::write_native_endian,full,success,0.11593239133333333,,,,
aarch64-unknown-linux-gnu,byteorder,1.5.0,test::slice_len_too_small_u32::read_big_endian,full,success,0.11582091266666668,,,,
aarch64-unknown-linux-gnu,byteorder,1.5.0,test::slice_len_too_small_u32::read_little_endian,full,success,0.11500381066666666,,,,
aarch64-unknown-linux-gnu,byteorder,1.5.0,test::slice_len_too_small_u32::read_native_endian,full,success,0.11598736366666668,,,,
aarch64-unknown-linux-gnu,byteorder,1.5.0,test::slice_len_too_small_u32::write_big_endian,full,success,0.11657234133333334,,,,
aarch64-unknown-linux-gnu,byteorder,1.5.0,test::slice_len_too_small_u32::write_little_endian,full,success,0.11505082366666668,,,,
aarch64-unknown-linux-gnu,byteorder,1.5.0,test::slice_len_too_small_u32::write_native_endian,full,success,0.11579333966666668,,,,
aarch64-unknown-linux-gnu,byteorder,1.5.0,test::slice_len_too_small_u64::read_big_endian,full,success,0.11520509066666668,,,,
aarch64-unknown-linux-gnu,byteorder,1.5.0,test::slice_len_too_small_u64::read_little_endian,full,success,0.116219223,,,,
aarch64-unknown-linux-gnu,byteorder,1.5.0,test::slice_len_too_small_u64::read_native_endian,full,success,0.115449534,,,,
aarch64-unknown-linux-gnu,byteorder,1.5.0,test::slice_len_too_small_u64::write_big_endian,full,success,0.11535902233333334,,,,
aarch64-unknown-linux-gnu,byteorder,1.5.0,test::slice_len_too_small_u64::write_little_endian,full,success,0.11602158133333335,,,,
aarch64-unknown-linux-gnu,byteorder,1.5.0,test::slice_len_too_small_u64::write_native_endian,full,success,0.11609213733333335,,,,
aarch64-unknown-linux-gnu,byteorder,1.5.0,test::small_f32::read_big_endian,full,success,0.11555493000000001,,,,
aarch64-unknown-linux-gnu,byteorder,1.5.0,test::small_f32::read_little_endian,full,success,0.11633454633333333,,,,
aarch64-unknown-linux-gnu,byteorder,1.5.0,test::small_f32::read_native_endian,full,success,0.11653880300000001,,,,
aarch64-unknown-linux-gnu,byteorder,1.5.0,test::small_f32::write_big_endian,full,success,0.11562068400000002,,,,
aarch64-unknown-linux-gnu,byteorder,1.5.0,test::small_f32::write_little_endian,full,success,0.11530873800000002,,,,
aarch64-unknown-linux-gnu,byteorder,1.5.0,test::small_f32::write_native_endian,full,success,0.115046524,,,,
aarch64-unknown-linux-gnu,byteorder,1.5.0,test::small_f64::read_big_endian,full,success,0.11400069566666667,,,,
aarch64-unknown-linux-gnu,byteorder,1.5.0,test::small_f64::read_little_endian,full,success,0.11613583866666667,,,,
aarch64-unknown-linux-gnu,byteorder,1.5.0,test::small_f64::read_native_endian,full,success,0.11539802,,,,
aarch64-unknown-linux-gnu,byteorder,1.5.0,test::small_f64::write_big_endian,full,success,0.11618763033333333,,,,
aarch64-unknown-linux-gnu,byteorder,1.5.0,test::small_f64::write_little_endian,full,success,0.11607776233333333,,,,
aarch64-unknown-linux-gnu,byteorder,1.5.0,test::small_f64::write_native_endian,full,success,0.11647725033333334,,,,
aarch64-unknown-linux-gnu,byteorder,1.5.0,test::small_i128::read_big_endian,full,success,0.11529386000000001,,,,
aarch64-unknown-linux-gnu,byteorder,1.5.0,test::small_i128::read_little_endian,full,success,0.11569366000000002,,,,
aarch64-unknown-linux-gnu,byteorder,1.5.0,test::small_i128::read_native_endian,full,success,0.11455481833333335,,,,
aarch64-unknown-linux-gnu,byteorder,1.5.0,test::small_i128::write_big_endian,full,success,0.11380609500000001,,,,
aarch64-unknown-linux-gnu,byteorder,1.5.0,test::small_i128::write_little_endian,full,success,0.11714091033333335,,,,
aarch64-unknown-linux-gnu,byteorder,1.5.0,test::small_i128::write_native_endian,full,success,0.11624785533333333,,,,
aarch64-unknown-linux-gnu,byteorder,1.5.0,test::small_i16::read_big_endian,full,success,0.11596937233333333,,,,
aarch64-unknown-linux-gnu,byteorder,1.5.0,test::small_i16::read_little_endian,full,success,0.11677130800000002,,,,
aarch64-unknown-linux-gnu,byteorder,1.5.0,test::small_i16::read_native_endian,full,success,0.11842526733333335,,,,
aarch64-unknown-linux-gnu,byteorder,1.5.0,test::small_i16::write_big_endian,full,success,0.11667674266666667,,,,
aarch64-unknown-linux-gnu,byteorder,1.5.0,test::small_i16::write_little_endian,full,success,0.11713743700000001,,,,
aarch64-unknown-linux-gnu,byteorder,1.5.0,test::small_i16::write_native_endian,full,success,0.11642806433333334,,,,
aarch64-unknown-linux-gnu,byteorder,1.5.0,test::small_i32::read_big_endian,full,success,0.11714222633333334,,,,
aarch64-unknown-linux-gnu,byteorder,1.5.0,test::small_i32::read_little_endian,full,success,0.11691618366666667,,,,
aarch64-unknown-linux-gnu,byteorder,1.5.0,test::small_i32::read_native_endian,full,success,0.11730466133333334,,,,
aarch64-unknown-linux-gnu,byteorder,1.5.0,test::small_i32::write_big_endian,full,success,0.11551755100000001,,,,
aarch64-unknown-linux-gnu,byteorder,1.5.0,test::small_i32::write_little_endian,full,success,0.11702940533333334,,,,
aarch64-unknown-linux-gnu,byteorder,1.5.0,test::small_i32::write_native_endian,full,success,0.11737791166666667,,,,
aarch64-unknown-linux-gnu,byteorder,1.5.0,test::small_i64::read_big_endian,full,success,0.11858954466666667,,,,
aarch64-unknown-linux-gnu,byteorder,1.5.0,test::small_i64::read_little_endian,full,success,0.11669882233333334,,,,
aarch64-unknown-linux-gnu,byteorder,1.5.0,test::small_i64::read_native_endian,full,success,0.11780595766666668,,,,
aarch64-unknown-linux-gnu,byteorder,1.5.0,test::small_i64::write_big_endian,full,success,0.12099849033333333,,,,
aarch64-unknown-linux-gnu,byteorder,1.5.0,test::small_i64::write_little_endian,full,success,0.13654942533333334,,,,
aarch64-unknown-linux-gnu,byteorder,1.5.0,test::small_i64::write_native_endian,full,success,0.11572100266666668,,,,
aarch64-unknown-linux-gnu,byteorder,1.5.0,test::small_int128_10::read_big_endian,full,success,0.11639876366666668,,,,
aarch64-unknown-linux-gnu,byteorder,1.5.0,test::small_int128_10::read_little_endian,full,success,0.113759469,,,,
aarch64-unknown-linux-gnu,byteorder,1.5.0,test::small_int128_10::read_native_endian,full,success,0.11511647366666666,,,,
aarch64-unknown-linux-gnu,byteorder,1.5.0,test::small_int128_11::read_big_endian,full,success,0.112926525,,,,
aarch64-unknown-linux-gnu,byteorder,1.5.0,test::small_int128_11::read_little_endian,full,success,0.11402468166666667,,,,
aarch64-unknown-linux-gnu,byteorder,1.5.0,test::small_int128_11::read_native_endian,full,success,0.11564206833333335,,,,
aarch64-unknown-linux-gnu,byteorder,1.5.0,test::small_int128_12::read_big_endian,full,success,0.11506455133333333,,,,
aarch64-unknown-linux-gnu,byteorder,1.5.0,test::small_int128_12::read_little_endian,full,success,0.11569469433333335,,,,
aarch64-unknown-linux-gnu,byteorder,1.5.0,test::small_int128_12::read_native_endian,full,success,0.11358547133333334,,,,
aarch64-unknown-linux-gnu,byteorder,1.5.0,test::small_int128_13::read_big_endian,full,success,0.11438856000000001,,,,
aarch64-unknown-linux-gnu,byteorder,1.5.0,test::small_int128_13::read_little_endian,full,success,0.11519810933333334,,,,
aarch64-unknown-linux-gnu,byteorder,1.5.0,test::small_int128_13::read_native_endian,full,success,0.11540663266666669,,,,
aarch64-unknown-linux-gnu,byteorder,1.5.0,test::small_int128_14::read_big_endian,full,success,0.11533151700000001,,,,
aarch64-unknown-linux-gnu,byteorder,1.5.0,test::small_int128_14::read_little_endian,full,success,0.115012787,,,,
aarch64-unknown-linux-gnu,byteorder,1.5.0,test::small_int128_14::read_native_endian,full,success,0.11441761666666668,,,,
aarch64-unknown-linux-gnu,byteorder,1.5.0,test::small_int128_15::read_big_endian,full,success,0.11480055800000001,,,,
aarch64-unknown-linux-gnu,byteorder,1.5.0,test::small_int128_15::read_little_endian,full,success,0.114473536,,,,
aarch64-unknown-linux-gnu,byteorder,1.5.0,test::small_int128_15::read_native_endian,full,success,0.11440336166666666,,,,
aarch64-unknown-linux-gnu,byteorder,1.5.0,test::small_int128_1::read_big_endian,full,success,0.11435952933333333,,,,
aarch64-unknown-linux-gnu,byteorder,1.5.0,test::small_int128_1::read_little_endian,full,success,0.11409921533333334,,,,
aarch64-unknown-linux-gnu,byteorder,1.5.0,test::small_int128_1::read_native_endian,full,success,0.113902934,,,,
aarch64-unknown-linux-gnu,byteorder,1.5.0,test::small_int128_2::read_big_endian,full,success,0.11466971866666668,,,,
aarch64-unknown-linux-gnu,byteorder,1.5.0,test::small_int128_2::read_little_endian,full,success,0.11368784866666666,,,,
aarch64-unknown-linux-gnu,byteorder,1.5.0,test::small_int128_2::read_native_endian,full,success,0.11551653633333332,,,,
aarch64-unknown-linux-gnu,byteorder,1.5.0,test::small_int128_3::read_big_endian,full,success,0.11472227466666667,,,,
aarch64-unknown-linux-gnu,byteorder,1.5.0,test::small_int128_3::read_little_endian,full,success,0.11488570766666667,,,,
aarch64-unknown-linux-gnu,byteorder,1.5.0,test::small_int128_3::read_native_endian,full,success,0.114203609,,,,
aarch64-unknown-linux-gnu,byteorder,1.5.0,test::small_int128_4::read_big_endian,full,success,0.11507697233333335,,,,
aarch64-unknown-linux-gnu,byteorder,1.5.0,test::small_int128_4::read_little_endian,full,success,0.11420203033333333,,,,
aarch64-unknown-linux-gnu,byteorder,1.5.0,test::small_int128_4::read_native_endian,full,success,0.11468812500000002,,,,
aarch64-unknown-linux-gnu,byteorder,1.5.0,test::small_int128_5::read_big_endian,full,success,0.11458089166666668,,,,
aarch64-unknown-linux-gnu,byteorder,1.5.0,test::small_int128_5::read_little_endian,full,success,0.11426924733333334,,,,
aarch64-unknown-linux-gnu,byteorder,1.5.0,test::small_int128_5::read_native_endian,full,success,0.11324640500000001,,,,
aarch64-unknown-linux-gnu,byteorder,1.5.0,test::small_int128_6::read_big_endian,full,success,0.11406226866666667,,,,
aarch64-unknown-linux-gnu,byteorder,1.5.0,test::small_int128_6::read_little_endian,full,success,0.11438062166666668,,,,
aarch64-unknown-linux-gnu,byteorder,1.5.0,test::small_int128_6::read_native_endian,full,success,0.11395792333333334,,,,
aarch64-unknown-linux-gnu,byteorder,1.5.0,test::small_int128_7::read_big_endian,full,success,0.11339900833333334,,,,
aarch64-unknown-linux-gnu,byteorder,1.5.0,test::small_int128_7::read_little_endian,full,success,0.11272748066666667,,,,
aarch64-unknown-linux-gnu,byteorder,1.5.0,test::small_int128_7::read_native_endian,full,success,0.11316876199999999,,,,
aarch64-unknown-linux-gnu,byteorder,1.5.0,test::small_int128_8::read_big_endian,full,success,0.11373828866666667,,,,
aarch64-unknown-linux-gnu,byteorder,1.5.0,test::small_int128_8::read_little_endian,full,success,0.11305677700000001,,,,
aarch64-unknown-linux-gnu,byteorder,1.5.0,test::small_int128_8::read_native_endian,full,success,0.11241399033333334,,,,
aarch64-unknown-linux-gnu,byteorder,1.5.0,test::small_int128_9::read_big_endian,full,success,0.11397330166666668,,,,
aarch64-unknown-linux-gnu,byteorder,1.5.0,test::small_int128_9::read_little_endian,full,success,0.11296943533333333,,,,
aarch64-unknown-linux-gnu,byteorder,1.5.0,test::small_int128_9::read_native_endian,full,success,0.11494145200000001,,,,
aarch64-unknown-linux-gnu,byteorder,1.5.0,test::small_int_1::read_big_endian,full,success,0.113915281,,,,
aarch64-unknown-linux-gnu,byteorder,1.5.0,test::small_int_1::read_little_endian,full,success,0.11358388800000001,,,,
aarch64-unknown-linux-gnu,byteorder,1.5.0,test::small_int_1::read_native_endian,full,success,0.11364621200000001,,,,
aarch64-unknown-linux-gnu,byteorder,1.5.0,test::small_int_2::read_big_endian,full,success,0.113358276,,,,
aarch64-unknown-linux-gnu,byteorder,1.5.0,test::small_int_2::read_little_endian,full,success,0.11365192933333335,,,,
aarch64-unknown-linux-gnu,byteorder,1.5.0,test::small_int_2::read_native_endian,full,success,0.11286345866666668,,,,
aarch64-unknown-linux-gnu,byteorder,1.5.0,test::small_int_3::read_big_endian,full,success,0.11185558733333334,,,,
aarch64-unknown-linux-gnu,byteorder,1.5.0,test::small_int_3::read_little_endian,full,success,0.11254588566666668,,,,
aarch64-unknown-linux-gnu,byteorder,1.5.0,test::small_int_3::read_native_endian,full,success,0.113007884,,,,
aarch64-unknown-linux-gnu,byteorder,1.5.0,test::small_int_4::read_big_endian,full,success,0.11282785533333334,,,,
aarch64-unknown-linux-gnu,byteorder,1.5.0,test::small_int_4::read_little_endian,full,success,0.11367807200000002,,,,
aarch64-unknown-linux-gnu,byteorder,1.5.0,test::small_int_4::read_native_endian,full,success,0.11360239966666669,,,,
aarch64-unknown-linux-gnu,byteorder,1.5.0,test::small_int_5::read_big_endian,full,success,0.11226525400000002,,,,
aarch64-unknown-linux-gnu,byteorder,1.5.0,test::small_int_5::read_little_endian,full,success,0.11236755433333334,,,,
aarch64-unknown-linux-gnu,byteorder,1.5.0,test::small_int_5::read_native_endian,full,success,0.11273183733333335,,,,
aarch64-unknown-linux-gnu,byteorder,1.5.0,test::small_int_6::read_big_endian,full,success,0.11247442066666669,,,,
aarch64-unknown-linux-gnu,byteorder,1.5.0,test::small_int_6::read_little_endian,full,success,0.11318987800000001,,,,
aarch64-unknown-linux-gnu,byteorder,1.5.0,test::small_int_6::read_native_endian,full,success,0.11304795933333334,,,,
aarch64-unknown-linux-gnu,byteorder,1.5.0,test::small_int_7::read_big_endian,full,success,0.11242402400000001,,,,
aarch64-unknown-linux-gnu,byteorder,1.5.0,test::small_int_7::read_little_endian,full,success,0.11351220499999999,,,,
aarch64-unknown-linux-gnu,byteorder,1.5.0,test::small_int_7::read_native_endian,full,success,0.11310405666666667,,,,
aarch64-unknown-linux-gnu,byteorder,1.5.0,test::small_u128::read_big_endian,full,success,0.113831588,,,,
aarch64-unknown-linux-gnu,byteorder,1.5.0,test::small_u128::read_little_endian,full,success,0.11382335700000001,,,,
aarch64-unknown-linux-gnu,byteorder,1.5.0,test::small_u128::read_native_endian,full,success,0.11353438533333333,,,,
aarch64-unknown-linux-gnu,byteorder,1.5.0,test::small_u128::write_big_endian,full,success,0.11344328366666667,,,,
aarch64-unknown-linux-gnu,byteorder,1.5.0,test::small_u128::write_little_endian,full,success,0.11285534200000001,,,,
aarch64-unknown-linux-gnu,byteorder,1.5.0,test::small_u128::write_native_endian,full,success,0.11433885300000002,,,,
aarch64-unknown-linux-gnu,byteorder,1.5.0,test::small_u16::read_big_endian,full,success,0.11346845566666668,,,,
aarch64-unknown-linux-gnu,byteorder,1.5.0,test::small_u16::read_little_endian,full,success,0.11445841233333333,,,,
aarch64-unknown-linux-gnu,byteorder,1.5.0,test::small_u16::read_native_endian,full,success,0.11398566733333333,,,,
aarch64-unknown-linux-gnu,byteorder,1.5.0,test::small_u16::write_big_endian,full,success,0.11417103499999999,,,,
aarch64-unknown-linux-gnu,byteorder,1.5.0,test::small_u16::write_little_endian,full,success,0.11339229633333335,,,,
aarch64-unknown-linux-gnu,byteorder,1.5.0,test::small_u16::write_native_endian,full,success,0.11406846733333333,,,,
aarch64-unknown-linux-gnu,byteorder,1.5.0,test::small_u32::read_big_endian,full,success,0.11365844233333335,,,,
aarch64-unknown-linux-gnu,byteorder,1.5.0,test::small_u32::read_little_endian,full,success,0.11391961266666667,,,,
aarch64-unknown-linux-gnu,byteorder,1.5.0,test::small_u32::read_native_endian,full,success,0.113990147,,,,
aarch64-unknown-linux-gnu,byteorder,1.5.0,test::small_u32::write_big_endian,full,success,0.11422605200000001,,,,
aarch64-unknown-linux-gnu,byteorder,1.5.0,test::small_u32::write_little_endian,full,success,0.11309618366666667,,,,
aarch64-unknown-linux-gnu,byteorder,1.5.0,test::small_u32::write_native_endian,full,success,0.11344989233333334,,,,
aarch64-unknown-linux-gnu,byteorder,1.5.0,test::small_u64::read_big_endian,full,success,0.11445617133333334,,,,
aarch64-unknown-linux-gnu,byteorder,1.5.0,test::small_u64::read_little_endian,full,success,0.11361517766666668,,,,
aarch64-unknown-linux-gnu,byteorder,1.5.0,test::small_u64::read_native_endian,full,success,0.11393491833333334,,,,
aarch64-unknown-linux-gnu,byteorder,1.5.0,test::small_u64::write_big_endian,full,success,0.11320678733333334,,,,
aarch64-unknown-linux-gnu,byteorder,1.5.0,test::small_u64::write_little_endian,full,success,0.11427318000000002,,,,
aarch64-unknown-linux-gnu,byteorder,1.5.0,test::small_u64::write_native_endian,full,success,0.11373504266666667,,,,
aarch64-unknown-linux-gnu,byteorder,1.5.0,test::small_uint128_10::read_big_endian,full,success,0.11325794033333335,,,,
aarch64-unknown-linux-gnu,byteorder,1.5.0,test::small_uint128_10::read_little_endian,full,success,0.112645948,,,,
aarch64-unknown-linux-gnu,byteorder,1.5.0,test::small_uint128_10::read_native_endian,full,success,0.11354142,,,,
aarch64-unknown-linux-gnu,byteorder,1.5.0,test::small_uint128_11::read_big_endian,full,success,0.111989976,,,,
aarch64-unknown-linux-gnu,byteorder,1.5.0,test::small_uint128_11::read_little_endian,full,success,0.11423717633333334,,,,
aarch64-unknown-linux-gnu,byteorder,1.5.0,test::small_uint128_11::read_native_endian,full,success,0.11311367366666668,,,,
aarch64-unknown-linux-gnu,byteorder,1.5.0,test::small_uint128_12::read_big_endian,full,success,0.11354239333333334,,,,
aarch64-unknown-linux-gnu,byteorder,1.5.0,test::small_uint128_12::read_little_endian,full,success,0.11323961233333335,,,,
aarch64-unknown-linux-gnu,byteorder,1.5.0,test::small_uint128_12::read_native_endian,full,success,0.11364531766666668,,,,
aarch64-unknown-linux-gnu,byteorder,1.5.0,test::small_uint128_13::read_big_endian,full,success,0.11220554666666667,,,,
aarch64-unknown-linux-gnu,byteorder,1.5.0,test::small_uint128_13::read_little_endian,full,success,0.11282584633333333,,,,
aarch64-unknown-linux-gnu,byteorder,1.5.0,test::small_uint128_13::read_native_endian,full,success,0.11373644,,,,
aarch64-unknown-linux-gnu,byteorder,1.5.0,test::small_uint128_14::read_big_endian,full,success,0.11319358333333335,,,,
aarch64-unknown-linux-gnu,byteorder,1.5.0,test::small_uint128_14::read_little_endian,full,success,0.11415794633333336,,,,
aarch64-unknown-linux-gnu,byteorder,1.5.0,test::small_uint128_14::read_native_endian,full,success,0.11318353333333335,,,,
aarch64-unknown-linux-gnu,byteorder,1.5.0,test::small_uint128_15::read_big_endian,full,success,0.11254259766666667,,,,
aarch64-unknown-linux-gnu,byteorder,1.5.0,test::small_uint128_15::read_little_endian,full,success,0.11323445800000002,,,,
aarch64-unknown-linux-gnu,byteorder,1.5.0,test::small_uint128_15::read_native_endian,full,success,0.11356056366666667,,,,
aarch64-unknown-linux-gnu,byteorder,1.5.0,test::small_uint128_1::read_big_endian,full,success,0.11338794733333335,,,,
aarch64-unknown-linux-gnu,byteorder,1.5.0,test::small_uint128_1::read_little_endian,full,success,0.11349471433333334,,,,
aarch64-unknown-linux-gnu,byteorder,1.5.0,test::small_uint128_1::read_native_endian,full,success,0.11270773100000002,,,,
aarch64-unknown-linux-gnu,byteorder,1.5.0,test::small_uint128_2::read_big_endian,full,success,0.11398146233333334,,,,
aarch64-unknown-linux-gnu,byteorder,1.5.0,test::small_uint128_2::read_little_endian,full,success,0.11305823200000002,,,,
aarch64-unknown-linux-gnu,byteorder,1.5.0,test::small_uint128_2::read_native_endian,full,success,0.11371827100000002,,,,
aarch64-unknown-linux-gnu,byteorder,1.5.0,test::small_uint128_3::read_big_endian,full,success,0.11291535266666668,,,,
aarch64-unknown-linux-gnu,byteorder,1.5.0,test::small_uint128_3::read_little_endian,full,success,0.11346297433333334,,,,
aarch64-unknown-linux-gnu,byteorder,1.5.0,test::small_uint128_3::read_native_endian,full,success,0.11260032966666667,,,,
aarch64-unknown-linux-gnu,byteorder,1.5.0,test::small_uint128_4::read_big_endian,full,success,0.11265494466666666,,,,
aarch64-unknown-linux-gnu,byteorder,1.5.0,test::small_uint128_4::read_little_endian,full,success,0.11227970666666669,,,,
aarch64-unknown-linux-gnu,byteorder,1.5.0,test::small_uint128_4::read_native_endian,full,success,0.11288787433333335,,,,
aarch64-unknown-linux-gnu,byteorder,1.5.0,test::small_uint128_5::read_big_endian,full,success,0.11261911766666667,,,,
aarch64-unknown-linux-gnu,byteorder,1.5.0,test::small_uint128_5::read_little_endian,full,success,0.11330718466666667,,,,
aarch64-unknown-linux-gnu,byteorder,1.5.0,test::small_uint128_5::read_native_endian,full,success,0.11366013866666667,,,,
aarch64-unknown-linux-gnu,byteorder,1.5.0,test::small_uint128_6::read_big_endian,full,success,0.113414729,,,,
aarch64-unknown-linux-gnu,byteorder,1.5.0,test::small_uint128_6::read_little_endian,full,success,0.11254537866666668,,,,
aarch64-unknown-linux-gnu,byteorder,1.5.0,test::small_uint128_6::read_native_endian,full,success,0.11338634000000002,,,,
aarch64-unknown-linux-gnu,byteorder,1.5.0,test::small_uint128_7::read_big_endian,full,success,0.11279551533333333,,,,
aarch64-unknown-linux-gnu,byteorder,1.5.0,test::small_uint128_7::read_little_endian,full,success,0.11284000333333334,,,,
aarch64-unknown-linux-gnu,byteorder,1.5.0,test::small_uint128_7::read_native_endian,full,success,0.11312108700000001,,,,
aarch64-unknown-linux-gnu,byteorder,1.5.0,test::small_uint128_8::read_big_endian,full,success,0.11359879900000001,,,,
aarch64-unknown-linux-gnu,byteorder,1.5.0,test::small_uint128_8::read_little_endian,full,success,0.11348040366666667,,,,
aarch64-unknown-linux-gnu,byteorder,1.5.0,test::small_uint128_8::read_native_endian,full,success,0.11321164966666668,,,,
aarch64-unknown-linux-gnu,byteorder,1.5.0,test::small_uint128_9::read_big_endian,full,success,0.11361495,,,,
aarch64-unknown-linux-gnu,byteorder,1.5.0,test::small_uint128_9::read_little_endian,full,success,0.11309116933333334,,,,
aarch64-unknown-linux-gnu,byteorder,1.5.0,test::small_uint128_9::read_native_endian,full,success,0.11419502533333335,,,,
aarch64-unknown-linux-gnu,byteorder,1.5.0,test::small_uint_1::read_big_endian,full,success,0.11285253300000002,,,,
aarch64-unknown-linux-gnu,byteorder,1.5.0,test::small_uint_1::read_little_endian,full,success,0.11343321966666668,,,,
aarch64-unknown-linux-gnu,byteorder,1.5.0,test::small_uint_1::read_native_endian,full,success,0.11259329600000001,,,,
aarch64-unknown-linux-gnu,byteorder,1.5.0,test::small_uint_2::read_big_endian,full,success,0.11306283166666668,,,,
aarch64-unknown-linux-gnu,byteorder,1.5.0,test::small_uint_2::read_little_endian,full,success,0.11315493333333333,,,,
aarch64-unknown-linux-gnu,byteorder,1.5.0,test::small_uint_2::read_native_endian,full,success,0.11349143700000001,,,,
aarch64-unknown-linux-gnu,byteorder,1.5.0,test::small_uint_3::read_big_endian,full,success,0.11255799533333334,,,,
aarch64-unknown-linux-gnu,byteorder,1.5.0,test::small_uint_3::read_little_endian,full,success,0.11138580733333335,,,,
aarch64-unknown-linux-gnu,byteorder,1.5.0,test::small_uint_3::read_native_endian,full,success,0.11339825200000002,,,,
aarch64-unknown-linux-gnu,byteorder,1.5.0,test::small_uint_4::read_big_endian,full,success,0.11301048433333334,,,,
aarch64-unknown-linux-gnu,byteorder,1.5.0,test::small_uint_4::read_little_endian,full,success,0.11281065366666669,,,,
aarch64-unknown-linux-gnu,byteorder,1.5.0,test::small_uint_4::read_native_endian,full,success,0.11276264933333335,,,,
aarch64-unknown-linux-gnu,byteorder,1.5.0,test::small_uint_5::read_big_endian,full,success,0.11320518966666666,,,,
aarch64-unknown-linux-gnu,byteorder,1.5.0,test::small_uint_5::read_little_endian,full,success,0.11286016333333333,,,,
aarch64-unknown-linux-gnu,byteorder,1.5.0,test::small_uint_5::read_native_endian,full,success,0.11365206333333333,,,,
aarch64-unknown-linux-gnu,byteorder,1.5.0,test::small_uint_6::read_big_endian,full,success,0.11335198533333335,,,,
aarch64-unknown-linux-gnu,byteorder,1.5.0,test::small_uint_6::read_little_endian,full,success,0.11250165466666667,,,,
aarch64-unknown-linux-gnu,byteorder,1.5.0,test::small_uint_6::read_native_endian,full,success,0.11370955833333335,,,,
aarch64-unknown-linux-gnu,byteorder,1.5.0,test::small_uint_7::read_big_endian,full,success,0.112960301,,,,
aarch64-unknown-linux-gnu,byteorder,1.5.0,test::small_uint_7::read_little_endian,full,success,0.11316920533333334,,,,
aarch64-unknown-linux-gnu,byteorder,1.5.0,test::small_uint_7::read_native_endian,full,success,0.11286818666666666,,,,
aarch64-unknown-linux-gnu,byteorder,1.5.0,test::uint_bigger_buffer,full,success,0.10739546900000001,,,,
aarch64-unknown-linux-gnu,bytes,1.11.1,bytes_mut::tests::test_original_capacity_from_repr,full,success,0.10561184866666666,,,,
aarch64-unknown-linux-gnu,bytes,1.11.1,bytes_mut::tests::test_original_capacity_to_repr,full,success,0.10511457966666667,,,,
aarch64-unknown-linux-gnu,camino,1.2.2,tests::test_borrowed_into,full,success,0.10623101900000002,,,,
aarch64-unknown-linux-gnu,camino,1.2.2,tests::test_deref_mut,full,success,0.10724997466666668,,,,
aarch64-unknown-linux-gnu,camino,1.2.2,tests::test_owned_into,full,success,0.10802770333333334,,,,
aarch64-unknown-linux-gnu,cc,1.2.63,flags::tests::all_rustc_flags,full,success,1.047216887,,,,
aarch64-unknown-linux-gnu,cc,1.2.63,flags::tests::codegen_type,full,success,0.10854135866666666,,,,
aarch64-unknown-linux-gnu,cc,1.2.63,flags::tests::precedence,full,success,0.10634914933333335,,,,
aarch64-unknown-linux-gnu,cc,1.2.63,flags::tests::stack_protector,full,success,0.10617194666666667,,,,
aarch64-unknown-linux-gnu,cc,1.2.63,flags::tests::three_valid_prefixes,full,success,0.10678643366666668,,,,
aarch64-unknown-linux-gnu,cc,1.2.63,flags::tests::two_valid_prefixes,full,success,0.106235831,,,,
aarch64-unknown-linux-gnu,cc,1.2.63,target::llvm::tests::basic_llvm_triple_guessing,full,success,0.11034811733333334,,,,
aarch64-unknown-linux-gnu,cc,1.2.63,target::llvm::tests::llvm_version,full,success,0.10879451033333333,,,,
aarch64-unknown-linux-gnu,cc,1.2.63,target::llvm::tests::test_old_ios_target,full,success,0.10478484433333335,,,,
aarch64-unknown-linux-gnu,cc,1.2.63,target::llvm::tests::uefi,full,success,0.10644321766666666,,,,
aarch64-unknown-linux-gnu,cc,1.2.63,target::parser::tests::parse_extra,full,success,0.12578906200000003,,,,
aarch64-unknown-linux-gnu,cc,1.2.63,target::parser::tests::parses_apple_envs_correctly,full,success,0.10849646266666668,,,,
aarch64-unknown-linux-gnu,cc,1.2.63,target::parser::tests::tier1,full,success,0.11559692700000002,,,,
aarch64-unknown-linux-gnu,cc,1.2.63,target::parser::tests::unknown_env_determined_as_unknown,full,success,0.10638312000000001,,,,
aarch64-unknown-linux-gnu,cc,1.2.63,tests::test_android_clang_compiler_uses_target_arg_internally,full,success,0.12621506200000002,,,,
aarch64-unknown-linux-gnu,colored,3.1.1,color::tests::closest_euclidean::almost_black,full,success,0.10662275966666668,,,,
aarch64-unknown-linux-gnu,colored,3.1.1,color::tests::closest_euclidean::almost_blue,full,success,0.10586099100000002,,,,
aarch64-unknown-linux-gnu,colored,3.1.1,color::tests::closest_euclidean::almost_cyan,full,success,0.10611351100000001,,,,
aarch64-unknown-linux-gnu,colored,3.1.1,color::tests::closest_euclidean::almost_green,full,success,0.10606685566666667,,,,
aarch64-unknown-linux-gnu,colored,3.1.1,color::tests::closest_euclidean::almost_magenta,full,success,0.10629605466666668,,,,
aarch64-unknown-linux-gnu,colored,3.1.1,color::tests::closest_euclidean::almost_red,full,success,0.10680562033333334,,,,
aarch64-unknown-linux-gnu,colored,3.1.1,color::tests::closest_euclidean::almost_white,full,success,0.10687313899999999,,,,
aarch64-unknown-linux-gnu,colored,3.1.1,color::tests::closest_euclidean::almost_yellow,full,success,0.10628385433333333,,,,
aarch64-unknown-linux-gnu,colored,3.1.1,color::tests::closest_euclidean::exact_black,full,success,0.10652272800000001,,,,
aarch64-unknown-linux-gnu,colored,3.1.1,color::tests::closest_euclidean::exact_blue,full,success,0.10654282833333334,,,,
aarch64-unknown-linux-gnu,colored,3.1.1,color::tests::closest_euclidean::exact_cyan,full,success,0.10680747900000002,,,,
aarch64-unknown-linux-gnu,colored,3.1.1,color::tests::closest_euclidean::exact_green,full,success,0.10611264366666669,,,,
aarch64-unknown-linux-gnu,colored,3.1.1,color::tests::closest_euclidean::exact_magenta,full,success,0.10879144600000001,,,,
aarch64-unknown-linux-gnu,colored,3.1.1,color::tests::closest_euclidean::exact_red,full,success,0.10632489466666668,,,,
aarch64-unknown-linux-gnu,colored,3.1.1,color::tests::closest_euclidean::exact_white,full,success,0.10691147833333335,,,,
aarch64-unknown-linux-gnu,colored,3.1.1,color::tests::closest_euclidean::exact_yellow,full,success,0.10664792033333333,,,,
aarch64-unknown-linux-gnu,colored,3.1.1,color::tests::from_str::black,full,success,0.10580646733333336,,,,
aarch64-unknown-linux-gnu,colored,3.1.1,color::tests::from_str::blue,full,success,0.10590973333333335,,,,
aarch64-unknown-linux-gnu,colored,3.1.1,color::tests::from_str::brightblack,full,success,0.10694702266666667,,,,
aarch64-unknown-linux-gnu,colored,3.1.1,color::tests::from_str::brightblue,full,success,0.10659183900000001,,,,
aarch64-unknown-linux-gnu,colored,3.1.1,color::tests::from_str::brightcyan,full,success,0.10630205866666666,,,,
aarch64-unknown-linux-gnu,colored,3.1.1,color::tests::from_str::brightgreen,full,success,0.10564584233333334,,,,
aarch64-unknown-linux-gnu,colored,3.1.1,color::tests::from_str::brightmagenta,full,success,0.10666895366666668,,,,
aarch64-unknown-linux-gnu,colored,3.1.1,color::tests::from_str::brightred,full,success,0.10607628833333334,,,,
aarch64-unknown-linux-gnu,colored,3.1.1,color::tests::from_str::brightwhite,full,success,0.10696267466666669,,,,
aarch64-unknown-linux-gnu,colored,3.1.1,color::tests::from_str::brightyellow,full,success,0.10599782333333334,,,,
aarch64-unknown-linux-gnu,colored,3.1.1,color::tests::from_str::capitalized,full,success,0.10556371900000001,,,,
aarch64-unknown-linux-gnu,colored,3.1.1,color::tests::from_str::cyan,full,success,0.10583228633333334,,,,
aarch64-unknown-linux-gnu,colored,3.1.1,color::tests::from_str::green,full,success,0.10559425033333335,,,,
aarch64-unknown-linux-gnu,colored,3.1.1,color::tests::from_str::hex3_lower,full,success,0.10705595500000002,,,,
aarch64-unknown-linux-gnu,colored,3.1.1,color::tests::from_str::hex3_mixed,full,success,0.106854657,,,,
aarch64-unknown-linux-gnu,colored,3.1.1,color::tests::from_str::hex3_upper,full,success,0.10650770233333334,,,,
aarch64-unknown-linux-gnu,colored,3.1.1,color::tests::from_str::hex6_lower,full,success,0.10605267333333333,,,,
aarch64-unknown-linux-gnu,colored,3.1.1,color::tests::from_str::hex6_mixed,full,success,0.10692315699999999,,,,
aarch64-unknown-linux-gnu,colored,3.1.1,color::tests::from_str::hex6_upper,full,success,0.10586448433333334,,,,
aarch64-unknown-linux-gnu,colored,3.1.1,color::tests::from_str::hex_invalid,full,success,0.10694554500000002,,,,
aarch64-unknown-linux-gnu,colored,3.1.1,color::tests::from_str::hex_too_long,full,success,0.10612454633333335,,,,
aarch64-unknown-linux-gnu,colored,3.1.1,color::tests::from_str::hex_too_short,full,success,0.10624009933333334,,,,
aarch64-unknown-linux-gnu,colored,3.1.1,color::tests::from_str::invalid,full,success,0.10597406999999999,,,,
aarch64-unknown-linux-gnu,colored,3.1.1,color::tests::from_str::magenta,full,success,0.10575551700000001,,,,
aarch64-unknown-linux-gnu,colored,3.1.1,color::tests::from_str::mixed_case,full,success,0.10596793900000001,,,,
aarch64-unknown-linux-gnu,colored,3.1.1,color::tests::from_str::purple,full,success,0.10683923566666666,,,,
aarch64-unknown-linux-gnu,colored,3.1.1,color::tests::from_str::red,full,success,0.10666318766666667,,,,
aarch64-unknown-linux-gnu,colored,3.1.1,color::tests::from_str::white,full,success,0.106635488,,,,
aarch64-unknown-linux-gnu,colored,3.1.1,color::tests::from_str::yellow,full,success,0.10660273533333335,,,,
aarch64-unknown-linux-gnu,colored,3.1.1,color::tests::from_string::black,full,success,0.10709734033333333,,,,
aarch64-unknown-linux-gnu,colored,3.1.1,color::tests::from_string::blue,full,success,0.10733539000000002,,,,
aarch64-unknown-linux-gnu,colored,3.1.1,color::tests::from_string::brightblack,full,success,0.10664035133333333,,,,
aarch64-unknown-linux-gnu,colored,3.1.1,color::tests::from_string::brightblue,full,success,0.107709666,,,,
aarch64-unknown-linux-gnu,colored,3.1.1,color::tests::from_string::brightcyan,full,success,0.10710827033333332,,,,
aarch64-unknown-linux-gnu,colored,3.1.1,color::tests::from_string::brightgreen,full,success,0.10764443766666666,,,,
aarch64-unknown-linux-gnu,colored,3.1.1,color::tests::from_string::brightmagenta,full,success,0.10664256466666666,,,,
aarch64-unknown-linux-gnu,colored,3.1.1,color::tests::from_string::brightred,full,success,0.10611076733333334,,,,
aarch64-unknown-linux-gnu,colored,3.1.1,color::tests::from_string::brightwhite,full,success,0.10558582300000001,,,,
aarch64-unknown-linux-gnu,colored,3.1.1,color::tests::from_string::brightyellow,full,success,0.10616532933333334,,,,
aarch64-unknown-linux-gnu,colored,3.1.1,color::tests::from_string::capitalized,full,success,0.10484252200000001,,,,
aarch64-unknown-linux-gnu,colored,3.1.1,color::tests::from_string::cyan,full,success,0.10605618933333334,,,,
aarch64-unknown-linux-gnu,colored,3.1.1,color::tests::from_string::green,full,success,0.10591344366666666,,,,
aarch64-unknown-linux-gnu,colored,3.1.1,color::tests::from_string::hex3_lower,full,success,0.10604286466666668,,,,
aarch64-unknown-linux-gnu,colored,3.1.1,color::tests::from_string::hex3_mixed,full,success,0.106398372,,,,
aarch64-unknown-linux-gnu,colored,3.1.1,color::tests::from_string::hex3_upper,full,success,0.10662423066666667,,,,
aarch64-unknown-linux-gnu,colored,3.1.1,color::tests::from_string::hex6_lower,full,success,0.10688211633333333,,,,
aarch64-unknown-linux-gnu,colored,3.1.1,color::tests::from_string::hex6_mixed,full,success,0.10720079866666667,,,,
aarch64-unknown-linux-gnu,colored,3.1.1,color::tests::from_string::hex6_upper,full,success,0.106677651,,,,
aarch64-unknown-linux-gnu,colored,3.1.1,color::tests::from_string::hex_invalid,full,success,0.10642967433333334,,,,
aarch64-unknown-linux-gnu,colored,3.1.1,color::tests::from_string::hex_too_long,full,success,0.10594980933333335,,,,
aarch64-unknown-linux-gnu,colored,3.1.1,color::tests::from_string::hex_too_short,full,success,0.106442649,,,,
aarch64-unknown-linux-gnu,colored,3.1.1,color::tests::from_string::invalid,full,success,0.10552779666666667,,,,
aarch64-unknown-linux-gnu,colored,3.1.1,color::tests::from_string::magenta,full,success,0.10615517033333334,,,,
aarch64-unknown-linux-gnu,colored,3.1.1,color::tests::from_string::mixed_case,full,success,0.106623068,,,,
aarch64-unknown-linux-gnu,colored,3.1.1,color::tests::from_string::red,full,success,0.106275387,,,,
aarch64-unknown-linux-gnu,colored,3.1.1,color::tests::from_string::white,full,success,0.10564212099999999,,,,
aarch64-unknown-linux-gnu,colored,3.1.1,color::tests::from_string::yellow,full,success,0.10672081100000001,,,,
aarch64-unknown-linux-gnu,colored,3.1.1,color::tests::fromstr::error,full,success,0.10566751866666668,,,,
aarch64-unknown-linux-gnu,colored,3.1.1,color::tests::fromstr::parse,full,success,0.10542679166666669,,,,
aarch64-unknown-linux-gnu,colored,3.1.1,control::specs::clicolor_behavior,full,success,0.39147171766666666,,,,
aarch64-unknown-linux-gnu,colored,3.1.1,customcolors::tests::from_tuple,full,success,0.105771339,,,,
aarch64-unknown-linux-gnu,colored,3.1.1,customcolors::tests::main,full,test_failed,,error: Undefined Behavior: deallocation through <1828389>(unprotected) (root of the allocation) at alloc223316[0x0] is forbidden,src/customcolors.rs:34:9,https://github.com/BorrowSanitizer/bsan/actions/runs/37211270787/job/111463767975,"error: Undefined Behavior: deallocation through <1828389>(unprotected) (root of the allocation) at alloc223316[0x0] is forbidden
  --> /tmp/tmp8o6r9jyh/colored-3.1.1/src/customcolors.rs:34:9
   |
34 | insta::assert_snapshot!(""Greetings from Ukraine"".custom_color(my_color));
   | ^
   = note: the above line calls library code, where the error was detected:
  --> /root/.rustup/toolchains/bsan/lib/rustlib/src/rust/library/std/src/sys/alloc/unix.rs:65:14
   |
65 | unsafe { libc::free(ptr as *mut libc::c_void) }
   |          ^
   = help: the accessed tag <1828389>(unprotected) (root of the allocation) is foreign to the protected tag <1832668>(StrongProtector) (i.e., it is not a child)
   = help: this deallocation (acting as a foreign write access) would cause the protected tag <1832668>(StrongProtector) (currently Frozen) to become Disabled
   = help: protected tags must never be Disabled
help: the accessed tag <1828389>(unprotected) was created here
  --> /root/.rustup/toolchains/bsan/lib/rustlib/src/rust/library/std/src/sys/alloc/unix.rs:31:18
   |
31 | unsafe { libc::malloc(layout.size()) as *mut u8 }
   |          ^
help: the protected tag <1832668>(StrongProtector) was created here, in the initial state Frozen
  --> /root/.rustup/toolchains/bsan/lib/rustlib/src/rust/library/core/src/num/imp/dec2flt/parse.rs:30:0
   |
30 | fn try_parse_digits(mut s: &[u8], mut x: u64) -> (&[u8], u64) {
   | ^

stack backtrace:
0: std::sys::alloc::unix::dealloc
      at /root/.rustup/toolchains/bsan/lib/rustlib/src/rust/library/std/src/sys/alloc/unix.rs:65:14
1: __rustc::__rdl_dealloc
      at /root/.rustup/toolchains/bsan/lib/rustlib/src/rust/library/std/src/alloc.rs:480:6
2: alloc::alloc::dealloc_nonnull
      at /root/.rustup/toolchains/bsan/lib/rustlib/src/rust/library/alloc/src/alloc.rs:197:14

note: stack trace was truncated after 3 frames; set stacktrace_max_len (e.g. BSAN_OPTIONS=stacktrace_max_len=32) to capture more."
aarch64-unknown-linux-gnu,colored,3.1.1,style::tests::style_bitwise_logic::assign_ops,full,success,0.10596774933333335,,,,
aarch64-unknown-linux-gnu,colored,3.1.1,style::tests::style_bitwise_logic::assign_ops_with_styles,full,success,0.10422218233333334,,,,
aarch64-unknown-linux-gnu,colored,3.1.1,style::tests::style_bitwise_logic::binops,full,success,0.10440021533333334,,,,
aarch64-unknown-linux-gnu,colored,3.1.1,style::tests::style_bitwise_logic::binops_with_styles,full,success,0.10488713533333334,,,,
aarch64-unknown-linux-gnu,colored,3.1.1,style::tests::style_bitwise_logic::not,full,success,0.10569472966666667,,,,
aarch64-unknown-linux-gnu,colored,3.1.1,style::tests::style_bitwise_logic::styles_binops,full,success,0.10473305666666667,,,,
aarch64-unknown-linux-gnu,colored,3.1.1,style::tests::style_bitwise_logic::styles_not,full,success,0.10560821766666668,,,,
aarch64-unknown-linux-gnu,colored,3.1.1,style::tests::styles_combine_complex::aggreg1,full,success,0.10529878033333334,,,,
aarch64-unknown-linux-gnu,colored,3.1.1,style::tests::styles_combine_complex::aggreg2,full,success,0.10586679666666667,,,,
aarch64-unknown-linux-gnu,colored,3.1.1,style::tests::styles_combine_complex::aggreg3,full,success,0.105502749,,,,
aarch64-unknown-linux-gnu,colored,3.1.1,style::tests::styles_combine_complex::all,full,success,0.10615920333333334,,,,
aarch64-unknown-linux-gnu,colored,3.1.1,style::tests::styles_combine_complex::five,full,success,0.10554483166666667,,,,
aarch64-unknown-linux-gnu,colored,3.1.1,style::tests::styles_combine_complex::four,full,success,0.10575490233333334,,,,
aarch64-unknown-linux-gnu,colored,3.1.1,style::tests::styles_combine_complex::six,full,success,0.10556650266666667,,,,
aarch64-unknown-linux-gnu,colored,3.1.1,style::tests::styles_combine_complex::three1,full,success,0.10566524900000002,,,,
aarch64-unknown-linux-gnu,colored,3.1.1,style::tests::styles_combine_complex::three2,full,success,0.10566512333333333,,,,
aarch64-unknown-linux-gnu,colored,3.1.1,style::tests::styles_combine_complex::two1,full,success,0.10601262266666667,,,,
aarch64-unknown-linux-gnu,colored,3.1.1,style::tests::styles_combine_complex::two2,full,success,0.10584729100000001,,,,
aarch64-unknown-linux-gnu,colored,3.1.1,style::tests::styles_combine_complex::two3,full,success,0.10565348600000002,,,,
aarch64-unknown-linux-gnu,colored,3.1.1,style::tests::test_style_contains,full,success,0.10567233433333334,,,,
aarch64-unknown-linux-gnu,colored,3.1.1,style::tests::u8_to_styles_invalid_is_none::empty_is_none,full,success,0.10560857833333333,,,,
aarch64-unknown-linux-gnu,colored,3.1.1,style::tests::u8_to_styles_isomorphism::blink,full,success,0.105162843,,,,
aarch64-unknown-linux-gnu,colored,3.1.1,style::tests::u8_to_styles_isomorphism::bold,full,success,0.10604926366666667,,,,
aarch64-unknown-linux-gnu,colored,3.1.1,style::tests::u8_to_styles_isomorphism::dimmed,full,success,0.10531235100000001,,,,
aarch64-unknown-linux-gnu,colored,3.1.1,style::tests::u8_to_styles_isomorphism::hidden,full,success,0.10573002966666667,,,,
aarch64-unknown-linux-gnu,colored,3.1.1,style::tests::u8_to_styles_isomorphism::italic,full,success,0.10592817766666668,,,,
aarch64-unknown-linux-gnu,colored,3.1.1,style::tests::u8_to_styles_isomorphism::reversed,full,success,0.10597692366666667,,,,
aarch64-unknown-linux-gnu,colored,3.1.1,style::tests::u8_to_styles_isomorphism::strikethrough,full,success,0.10554988300000001,,,,
aarch64-unknown-linux-gnu,colored,3.1.1,style::tests::u8_to_styles_isomorphism::underline,full,success,0.105492548,,,,
aarch64-unknown-linux-gnu,colored,3.1.1,tests::bright_color_fn,full,success,0.10652952766666668,,,,
aarch64-unknown-linux-gnu,colored,3.1.1,tests::color_fn,full,success,0.10720868866666666,,,,
aarch64-unknown-linux-gnu,colored,3.1.1,tests::compute_style_blue_bold,full,test_failed,,assertion `left == right` failed,src/lib.rs:759:9,https://github.com/BorrowSanitizer/bsan/actions/runs/37211270787/job/111463767975,"thread 'tests::compute_style_blue_bold' (2290) panicked at src/lib.rs:759:9:
assertion `left == right` failed
  left: ""\u{1b}[1;34m""
 right: """"
note: run with `RUST_BACKTRACE=1` environment variable to display a backtrace
test tests::compute_style_blue_bold ... FAILED

failures:

failures:
    tests::compute_style_blue_bold

test result: FAILED. 0 passed; 1 failed; 0 ignored; 0 measured; 127 filtered out; finished in 0.03s
"
aarch64-unknown-linux-gnu,colored,3.1.1,tests::compute_style_empty_string,full,success,0.10574022100000001,,,,
aarch64-unknown-linux-gnu,colored,3.1.1,tests::escape_reset_sequence_spec_should_do_nothing_on_empty_strings,full,success,0.10557513766666667,,,,
aarch64-unknown-linux-gnu,colored,3.1.1,tests::escape_reset_sequence_spec_should_do_nothing_on_string_with_no_reset,full,success,0.105613434,,,,
aarch64-unknown-linux-gnu,colored,3.1.1,tests::exposing_tests,full,success,0.10575145266666668,,,,
aarch64-unknown-linux-gnu,colored,3.1.1,tests::formatting,full,success,0.10968939200000001,,,,
aarch64-unknown-linux-gnu,colored,3.1.1,tests::it_works,full,test_failed,,error: Undefined Behavior: deallocation through <1836913>(unprotected) (root of the allocation) at alloc224445[0x0] is forbidden,src/lib.rs:686:9,https://github.com/BorrowSanitizer/bsan/actions/runs/37211270787/job/111463767975,"error: Undefined Behavior: deallocation through <1836913>(unprotected) (root of the allocation) at alloc224445[0x0] is forbidden
   --> /tmp/tmp8o6r9jyh/colored-3.1.1/src/lib.rs:686:9
    |
686 | insta::assert_snapshot!(""it_works"", buf);
    | ^
    = note: the above line calls library code, where the error was detected:
   --> /root/.rustup/toolchains/bsan/lib/rustlib/src/rust/library/std/src/sys/alloc/unix.rs:65:14
    |
 65 | unsafe { libc::free(ptr as *mut libc::c_void) }
    |          ^
    = help: the accessed tag <1836913>(unprotected) (root of the allocation) is foreign to the protected tag <1841192>(StrongProtector) (i.e., it is not a child)
    = help: this deallocation (acting as a foreign write access) would cause the protected tag <1841192>(StrongProtector) (currently Frozen) to become Disabled
    = help: protected tags must never be Disabled
help: the accessed tag <1836913>(unprotected) was created here
   --> /root/.rustup/toolchains/bsan/lib/rustlib/src/rust/library/std/src/sys/alloc/unix.rs:31:18
    |
 31 | unsafe { libc::malloc(layout.size()) as *mut u8 }
    |          ^
help: the protected tag <1841192>(StrongProtector) was created here, in the initial state Frozen
   --> /root/.rustup/toolchains/bsan/lib/rustlib/src/rust/library/core/src/num/imp/dec2flt/parse.rs:30:0
    |
 30 | fn try_parse_digits(mut s: &[u8], mut x: u64) -> (&[u8], u64) {
    | ^

stack backtrace:
0: std::sys::alloc::unix::dealloc
      at /root/.rustup/toolchains/bsan/lib/rustlib/src/rust/library/std/src/sys/alloc/unix.rs:65:14
1: __rustc::__rdl_dealloc
      at /root/.rustup/toolchains/bsan/lib/rustlib/src/rust/library/std/src/alloc.rs:480:6
2: alloc::alloc::dealloc_nonnull
      at /root/.rustup/toolchains/bsan/lib/rustlib/src/rust/library/alloc/src/alloc.rs:197:14

note: stack trace was truncated after 3 frames; set stacktrace_max_len (e.g. BSAN_OPTIONS=stacktrace_max_len=32) to capture more."
aarch64-unknown-linux-gnu,colored,3.1.1,tests::on_bright_color_fn,full,success,0.10655748766666667,,,,
aarch64-unknown-linux-gnu,colored,3.1.1,tests::on_color_fn,full,success,0.106609428,,,,
aarch64-unknown-linux-gnu,combine,4.6.7,error::tests_std::parse_clone_but_not_copy,full,success,0.10895451433333335,,,,
aarch64-unknown-linux-gnu,combine,4.6.7,parser::byte::num::tests::no_rangestream,full,success,0.11936801133333334,,,,
aarch64-unknown-linux-gnu,combine,4.6.7,parser::byte::tests::bytes_read_stream,full,success,0.10896672933333333,,,,
aarch64-unknown-linux-gnu,combine,4.6.7,parser::byte::tests::memslice_basic,full,success,0.10813548766666668,,,,
aarch64-unknown-linux-gnu,combine,4.6.7,parser::char::tests::space_error,full,success,0.10792333800000002,,,,
aarch64-unknown-linux-gnu,combine,4.6.7,parser::char::tests::string_committed,full,success,0.10726018733333335,,,,
aarch64-unknown-linux-gnu,combine,4.6.7,parser::char::tests::string_error,full,success,0.10770093966666668,,,,
aarch64-unknown-linux-gnu,combine,4.6.7,parser::choice::tests::choice_single_parser,full,success,0.10638347133333335,,,,
aarch64-unknown-linux-gnu,combine,4.6.7,parser::range::tests::range_string_no_char_boundary_error,full,success,0.10703041833333334,,,,
aarch64-unknown-linux-gnu,combine,4.6.7,parser::range::tests::take_until_range_1,full,success,0.10958395233333335,,,,
aarch64-unknown-linux-gnu,combine,4.6.7,parser::range::tests::take_until_range_2,full,success,0.111333786,,,,
aarch64-unknown-linux-gnu,combine,4.6.7,parser::range::tests::take_until_range_unicode_1,full,success,0.11014639766666667,,,,
aarch64-unknown-linux-gnu,combine,4.6.7,parser::range::tests::take_until_range_unicode_2,full,success,0.10869080133333335,,,,
aarch64-unknown-linux-gnu,combine,4.6.7,parser::range::tests::take_while1_test,full,success,0.10834694266666667,,,,
aarch64-unknown-linux-gnu,combine,4.6.7,parser::range::tests::take_while_test,full,success,0.10874476366666667,,,,
aarch64-unknown-linux-gnu,combine,4.6.7,parser::sequence::tests::sequence_single_parser,full,success,0.10756720133333335,,,,
aarch64-unknown-linux-gnu,combine,4.6.7,std_tests::error_position,full,success,0.11125091400000002,,,,
aarch64-unknown-linux-gnu,combine,4.6.7,std_tests::expression_basic,full,success,0.15938740066666668,,,,
aarch64-unknown-linux-gnu,combine,4.6.7,std_tests::expression_error,full,success,0.12080499700000001,,,,
aarch64-unknown-linux-gnu,combine,4.6.7,std_tests::extract_std_error,full,success,0.11269138000000001,,,,
aarch64-unknown-linux-gnu,combine,4.6.7,std_tests::field,full,success,0.11232505300000001,,,,
aarch64-unknown-linux-gnu,combine,4.6.7,std_tests::infinite_recursion_in_box_parser,full,success,0.10890769466666668,,,,
aarch64-unknown-linux-gnu,combine,4.6.7,std_tests::inner_error_consume,full,success,0.11267601533333334,,,,
aarch64-unknown-linux-gnu,combine,4.6.7,std_tests::iterator,full,success,0.11087752900000002,,,,
aarch64-unknown-linux-gnu,combine,4.6.7,std_tests::list,full,success,0.11436740533333334,,,,
aarch64-unknown-linux-gnu,combine,4.6.7,std_tests::operators,full,success,0.15071228333333334,,,,
aarch64-unknown-linux-gnu,combine,4.6.7,std_tests::optional_error_consume,full,success,0.10829970966666667,,,,
aarch64-unknown-linux-gnu,combine,4.6.7,std_tests::sep_by_error_consume,full,success,0.110203691,,,,
aarch64-unknown-linux-gnu,combine,4.6.7,std_tests::source_position,full,success,0.11390402100000001,,,,
aarch64-unknown-linux-gnu,combine,4.6.7,std_tests::std_error,full,success,0.10936687433333335,,,,
aarch64-unknown-linux-gnu,combine,4.6.7,std_tests::test_integer,full,success,0.11154946766666668,,,,
aarch64-unknown-linux-gnu,combine,4.6.7,std_tests::unsized_parser,full,success,0.10772495333333333,,,,
aarch64-unknown-linux-gnu,combine,4.6.7,stream::buf_reader::tests_sync::buf_reader,full,success,0.11887778833333333,,,,
aarch64-unknown-linux-gnu,combine,4.6.7,stream::buf_reader::tests_sync::buf_reader_extend_buf,full,success,0.11886022933333333,,,,
aarch64-unknown-linux-gnu,combine,4.6.7,stream::position::tests::test_positioner,full,success,0.10965883200000003,,,,
aarch64-unknown-linux-gnu,combine,4.6.7,stream::position::tests::test_range_positioner,full,success,0.10978467466666668,,,,
aarch64-unknown-linux-gnu,combine,4.6.7,stream::tests::larger_than_1_byte_items_return_correct_distance,full,success,0.10903255900000001,,,,
aarch64-unknown-linux-gnu,combine,4.6.7,stream::tests::uncons_range_at_end,full,success,0.10878058333333333,,,,
aarch64-unknown-linux-gnu,combine,4.6.7,tests::chainl1_error_consume,full,success,0.10969704300000001,,,,
aarch64-unknown-linux-gnu,combine,4.6.7,tests::choice_strings,full,success,0.11873143633333333,,,,
aarch64-unknown-linux-gnu,const-oid,0.10.2,encoder::tests::base128_byte,full,success,0.109581569,,,,
aarch64-unknown-linux-gnu,const-oid,0.10.2,encoder::tests::encode,full,success,0.10867803166666667,,,,
aarch64-unknown-linux-gnu,const-oid,0.10.2,parser::tests::parse,full,success,0.10923299066666668,,,,
aarch64-unknown-linux-gnu,const-oid,0.10.2,parser::tests::reject_empty_string,full,success,0.10972344833333335,,,,
aarch64-unknown-linux-gnu,const-oid,0.10.2,parser::tests::reject_non_digits,full,success,0.10968075666666667,,,,
aarch64-unknown-linux-gnu,const-oid,0.10.2,parser::tests::reject_trailing_dot,full,success,0.10994995666666668,,,,
aarch64-unknown-linux-gnu,core-foundation-sys,0.8.7,number::test::match_for_type_id_should_be_backwards_compatible,full,success,0.10526203433333335,,,,
aarch64-unknown-linux-gnu,crc32fast,1.5.0,baseline::test::fast_16_is_the_same_as_slow,full,success,3.6202267310000003,,,,
aarch64-unknown-linux-gnu,crc32fast,1.5.0,baseline::test::slow,full,success,0.11159205066666666,,,,
aarch64-unknown-linux-gnu,crc32fast,1.5.0,combine::golden,full,success,0.12959088433333335,,,,
aarch64-unknown-linux-gnu,crc32fast,1.5.0,specialized::aarch64::test::check_against_baseline,full,success,160.59466652899997,,,,
aarch64-unknown-linux-gnu,crc32fast,1.5.0,test::combine,full,success,5.423733082999999,,,,
aarch64-unknown-linux-gnu,crc32fast,1.5.0,test::combine_from_len,full,success,5.5346310763333335,,,,
aarch64-unknown-linux-gnu,crossbeam-utils,0.8.21,atomic::seq_lock::tests::test_abort,full,success,0.10574396866666667,,,,
aarch64-unknown-linux-gnu,crypto-bigint,0.7.3,checked::tests::checked_add,full,success,0.109493793,,,,
aarch64-unknown-linux-gnu,crypto-bigint,0.7.3,checked::tests::checked_div,full,success,0.10989993133333335,,,,
aarch64-unknown-linux-gnu,crypto-bigint,0.7.3,checked::tests::checked_eq_select,full,success,0.10727596966666668,,,,
aarch64-unknown-linux-gnu,crypto-bigint,0.7.3,checked::tests::checked_from,full,success,0.10695453033333334,,,,
aarch64-unknown-linux-gnu,crypto-bigint,0.7.3,checked::tests::checked_mul,full,success,0.109031159,,,,
aarch64-unknown-linux-gnu,crypto-bigint,0.7.3,checked::tests::checked_new,full,success,0.10642925733333335,,,,
aarch64-unknown-linux-gnu,crypto-bigint,0.7.3,checked::tests::checked_sub,full,success,0.10827907266666668,,,,
aarch64-unknown-linux-gnu,crypto-bigint,0.7.3,int::add::tests::checked_add,full,success,0.10862008500000002,,,,
aarch64-unknown-linux-gnu,crypto-bigint,0.7.3,int::add::tests::overflowing_add,full,success,0.10868738233333335,,,,
aarch64-unknown-linux-gnu,crypto-bigint,0.7.3,int::bit_and::tests::checked_and_ok,full,success,0.10718485633333334,,,,
aarch64-unknown-linux-gnu,crypto-bigint,0.7.3,int::bit_and::tests::wrapping_and_ok,full,success,0.10758020600000001,,,,
aarch64-unknown-linux-gnu,crypto-bigint,0.7.3,int::bit_not::tests::bitnot_ok,full,success,0.10755733866666667,,,,
aarch64-unknown-linux-gnu,crypto-bigint,0.7.3,int::bit_or::tests::checked_or_ok,full,success,0.10729066266666669,,,,
aarch64-unknown-linux-gnu,crypto-bigint,0.7.3,int::bit_or::tests::wrapping_or_ok,full,success,0.107872387,,,,
aarch64-unknown-linux-gnu,crypto-bigint,0.7.3,int::bit_xor::tests::checked_xor_ok,full,success,0.10725645700000001,,,,
aarch64-unknown-linux-gnu,crypto-bigint,0.7.3,int::bit_xor::tests::wrapping_xor_ok,full,success,0.10689516333333333,,,,
aarch64-unknown-linux-gnu,crypto-bigint,0.7.3,int::cmp::tests::test_eq,full,success,0.10735242866666668,,,,
aarch64-unknown-linux-gnu,crypto-bigint,0.7.3,int::cmp::tests::test_gt,full,success,0.10725025833333335,,,,
aarch64-unknown-linux-gnu,crypto-bigint,0.7.3,int::cmp::tests::test_is_nonzero,full,success,0.106662873,,,,
aarch64-unknown-linux-gnu,crypto-bigint,0.7.3,int::cmp::tests::test_lt,full,success,0.107125443,,,,
aarch64-unknown-linux-gnu,crypto-bigint,0.7.3,int::ct::tests::ct_gt,full,success,0.10763966866666667,,,,
aarch64-unknown-linux-gnu,crypto-bigint,0.7.3,int::ct::tests::ct_lt,full,success,0.10761195800000001,,,,
aarch64-unknown-linux-gnu,crypto-bigint,0.7.3,int::ct::tests::ct_select,full,success,0.10741928233333335,,,,
aarch64-unknown-linux-gnu,crypto-bigint,0.7.3,int::div::tests::div_vartime_through_trait,full,success,0.11067292300000002,,,,
aarch64-unknown-linux-gnu,crypto-bigint,0.7.3,int::div::tests::test_checked_div,full,success,0.118811377,,,,
aarch64-unknown-linux-gnu,crypto-bigint,0.7.3,int::div::tests::test_checked_div_floor,full,success,0.10991855266666667,,,,
aarch64-unknown-linux-gnu,crypto-bigint,0.7.3,int::div::tests::test_checked_div_mod_floor,full,success,0.107782379,,,,
aarch64-unknown-linux-gnu,crypto-bigint,0.7.3,int::div_unsigned::tests::test_div_ct_vs_vt,full,success,0.4325514666666667,,,,
aarch64-unknown-linux-gnu,crypto-bigint,0.7.3,int::div_unsigned::tests::test_div_floor_ct_vs_vt,full,success,0.440157352,,,,
aarch64-unknown-linux-gnu,crypto-bigint,0.7.3,int::div_unsigned::tests::test_div_rem_floor_unsigned,full,success,0.11176422166666668,,,,
aarch64-unknown-linux-gnu,crypto-bigint,0.7.3,int::div_unsigned::tests::test_div_unsigned,full,success,0.11028055266666668,,,,
aarch64-unknown-linux-gnu,crypto-bigint,0.7.3,int::from::tests::from_i128,full,success,0.10764561066666667,,,,
aarch64-unknown-linux-gnu,crypto-bigint,0.7.3,int::from::tests::from_i16,full,success,0.10700456466666668,,,,
aarch64-unknown-linux-gnu,crypto-bigint,0.7.3,int::from::tests::from_i32,full,success,0.10694353699999999,,,,
aarch64-unknown-linux-gnu,crypto-bigint,0.7.3,int::from::tests::from_i64,full,success,0.10704444966666667,,,,
aarch64-unknown-linux-gnu,crypto-bigint,0.7.3,int::from::tests::from_i8,full,success,0.10715933566666667,,,,
aarch64-unknown-linux-gnu,crypto-bigint,0.7.3,int::invert_mod::tests::test_invert_even,full,success,0.2706095296666667,,,,
aarch64-unknown-linux-gnu,crypto-bigint,0.7.3,int::invert_mod::tests::test_invert_odd,full,success,0.41592632500000004,,,,
aarch64-unknown-linux-gnu,crypto-bigint,0.7.3,int::mod_symbol::tests::jacobi_int,full,success,0.44104620133333333,,,,
aarch64-unknown-linux-gnu,crypto-bigint,0.7.3,int::mod_symbol::tests::jacobi_neg_one,full,success,0.44019545200000004,,,,
aarch64-unknown-linux-gnu,crypto-bigint,0.7.3,int::mod_symbol::tests::jacobi_non_coprime,full,success,0.27478723400000005,,,,
aarch64-unknown-linux-gnu,crypto-bigint,0.7.3,int::mod_symbol::tests::jacobi_non_quad_residue,full,success,0.2748732363333333,,,,
aarch64-unknown-linux-gnu,crypto-bigint,0.7.3,int::mod_symbol::tests::jacobi_quad_residue,full,success,0.27452797600000006,,,,
aarch64-unknown-linux-gnu,crypto-bigint,0.7.3,int::mod_symbol::tests::jacobi_zero,full,success,0.2735525893333333,,,,
aarch64-unknown-linux-gnu,crypto-bigint,0.7.3,int::mul::tests::test_checked_mul,full,success,0.11154112033333334,,,,
aarch64-unknown-linux-gnu,crypto-bigint,0.7.3,int::mul::tests::test_checked_square,full,success,0.10773604066666669,,,,
aarch64-unknown-linux-gnu,crypto-bigint,0.7.3,int::mul::tests::test_concatenating_mul,full,success,0.11430143633333334,,,,
aarch64-unknown-linux-gnu,crypto-bigint,0.7.3,int::mul::tests::test_concatenating_square,full,success,0.10881834133333335,,,,
aarch64-unknown-linux-gnu,crypto-bigint,0.7.3,int::mul::tests::test_saturating_mul,full,success,0.10833899666666667,,,,
aarch64-unknown-linux-gnu,crypto-bigint,0.7.3,int::mul::tests::test_saturating_square,full,success,0.107326796,,,,
aarch64-unknown-linux-gnu,crypto-bigint,0.7.3,int::mul::tests::test_wrapping_mul,full,success,0.108211893,,,,
aarch64-unknown-linux-gnu,crypto-bigint,0.7.3,int::mul::tests::test_wrapping_mul_mixed,full,success,0.10879082600000001,,,,
aarch64-unknown-linux-gnu,crypto-bigint,0.7.3,int::mul::tests::test_wrapping_square,full,success,0.10761175900000002,,,,
aarch64-unknown-linux-gnu,crypto-bigint,0.7.3,int::mul_unsigned::tests::test_checked_mul_unsigned,full,success,0.10939601833333334,,,,
aarch64-unknown-linux-gnu,crypto-bigint,0.7.3,int::mul_unsigned::tests::test_checked_mul_unsigned_right,full,success,0.10885694166666667,,,,
aarch64-unknown-linux-gnu,crypto-bigint,0.7.3,int::mul_unsigned::tests::test_concatenating_mul_unsigned,full,success,0.111079871,,,,
aarch64-unknown-linux-gnu,crypto-bigint,0.7.3,int::neg::tests::checked_neg,full,success,0.10799834166666666,,,,
aarch64-unknown-linux-gnu,crypto-bigint,0.7.3,int::neg::tests::overflowing_neg,full,success,0.108993762,,,,
aarch64-unknown-linux-gnu,crypto-bigint,0.7.3,int::neg::tests::wrapping_neg_if,full,success,0.108149865,,,,
aarch64-unknown-linux-gnu,crypto-bigint,0.7.3,int::resize::tests::scale_down,full,success,0.107550659,,,,
aarch64-unknown-linux-gnu,crypto-bigint,0.7.3,int::resize::tests::scale_up,full,success,0.10766922966666666,,,,
aarch64-unknown-linux-gnu,crypto-bigint,0.7.3,int::shl::tests::shl1,full,success,0.10781109500000001,,,,
aarch64-unknown-linux-gnu,crypto-bigint,0.7.3,int::shl::tests::shl2,full,success,0.10762985366666668,,,,
aarch64-unknown-linux-gnu,crypto-bigint,0.7.3,int::shl::tests::shl256_const,full,success,0.10719118533333334,,,,
aarch64-unknown-linux-gnu,crypto-bigint,0.7.3,int::shl::tests::shl64,full,success,0.10723231333333334,,,,
aarch64-unknown-linux-gnu,crypto-bigint,0.7.3,int::shl::tests::shl65,full,success,0.10701536733333335,,,,
aarch64-unknown-linux-gnu,crypto-bigint,0.7.3,int::shl::tests::shl88,full,success,0.10675550200000002,,,,
aarch64-unknown-linux-gnu,crypto-bigint,0.7.3,int::shl::tests::shl_bounds_panic,full,success,0.11235311200000002,,,,
aarch64-unknown-linux-gnu,crypto-bigint,0.7.3,int::shl::tests::shl_simple,full,success,0.10746051433333333,,,,
aarch64-unknown-linux-gnu,crypto-bigint,0.7.3,int::shl::tests::unbounded_shl,full,success,0.10727132933333335,,,,
aarch64-unknown-linux-gnu,crypto-bigint,0.7.3,int::shl::tests::wrapping_shl,full,success,0.10811257566666667,,,,
aarch64-unknown-linux-gnu,crypto-bigint,0.7.3,int::shr::tests::overflowing_shr_vartime_zero_shift,full,success,0.10876776233333334,,,,
aarch64-unknown-linux-gnu,crypto-bigint,0.7.3,int::shr::tests::shr0,full,success,0.10812332666666667,,,,
aarch64-unknown-linux-gnu,crypto-bigint,0.7.3,int::shr::tests::shr1,full,success,0.10809861966666667,,,,
aarch64-unknown-linux-gnu,crypto-bigint,0.7.3,int::shr::tests::shr256_const,full,success,0.10750078933333335,,,,
aarch64-unknown-linux-gnu,crypto-bigint,0.7.3,int::shr::tests::shr5,full,success,0.10961725566666668,,,,
aarch64-unknown-linux-gnu,crypto-bigint,0.7.3,int::shr::tests::shr7_vartime,full,success,0.109993405,,,,
aarch64-unknown-linux-gnu,crypto-bigint,0.7.3,int::shr::tests::shr_bounds_panic,full,success,0.11277092766666667,,,,
aarch64-unknown-linux-gnu,crypto-bigint,0.7.3,int::shr::tests::shr_vartime_zero_shift,full,success,0.10827685800000002,,,,
aarch64-unknown-linux-gnu,crypto-bigint,0.7.3,int::shr::tests::unbounded_shr,full,success,0.10780448666666669,,,,
aarch64-unknown-linux-gnu,crypto-bigint,0.7.3,int::shr::tests::unbounded_shr_vartime_zero_shift,full,success,0.10821195899999998,,,,
aarch64-unknown-linux-gnu,crypto-bigint,0.7.3,int::shr::tests::wrapping_shr,full,success,0.10907441466666667,,,,
aarch64-unknown-linux-gnu,crypto-bigint,0.7.3,int::shr::tests::wrapping_shr_vartime_multiple_of_bits_is_identity,full,success,0.11462615133333336,,,,
aarch64-unknown-linux-gnu,crypto-bigint,0.7.3,int::sign::tests::is_negative,full,success,0.107830749,,,,
aarch64-unknown-linux-gnu,crypto-bigint,0.7.3,int::sign::tests::is_positive,full,success,0.10758605266666667,,,,
aarch64-unknown-linux-gnu,crypto-bigint,0.7.3,int::sign::tests::new_from_abs_sign,full,success,0.10814988533333335,,,,
aarch64-unknown-linux-gnu,crypto-bigint,0.7.3,int::sqrt::tests::square_root_expected,full,success,0.12571763833333335,,,,
aarch64-unknown-linux-gnu,crypto-bigint,0.7.3,int::sub::tests::checked_sub,full,success,0.108965398,,,,
aarch64-unknown-linux-gnu,crypto-bigint,0.7.3,int::sub::tests::wrapping_sub,full,success,0.10776896866666667,,,,
aarch64-unknown-linux-gnu,crypto-bigint,0.7.3,int::tests::as_uint,full,success,0.10821083066666666,,,,
aarch64-unknown-linux-gnu,crypto-bigint,0.7.3,int::tests::as_words,full,success,0.107710557,,,,
aarch64-unknown-linux-gnu,crypto-bigint,0.7.3,int::tests::as_words_mut,full,success,0.10703203566666668,,,,
aarch64-unknown-linux-gnu,crypto-bigint,0.7.3,int::tests::is_maximal,full,success,0.10682213933333334,,,,
aarch64-unknown-linux-gnu,crypto-bigint,0.7.3,int::tests::is_minimal,full,success,0.10688653266666669,,,,
aarch64-unknown-linux-gnu,crypto-bigint,0.7.3,int::tests::test_signed,full,success,0.19564520733333335,,,,
aarch64-unknown-linux-gnu,crypto-bigint,0.7.3,int::tests::to_uint,full,success,0.10748416066666666,,,,
aarch64-unknown-linux-gnu,crypto-bigint,0.7.3,jacobi::tests::jacobi_eq,full,success,0.10722866566666667,,,,
aarch64-unknown-linux-gnu,crypto-bigint,0.7.3,jacobi::tests::jacobi_from,full,success,0.10686255666666666,,,,
aarch64-unknown-linux-gnu,crypto-bigint,0.7.3,jacobi::tests::jacobi_neg,full,success,0.107106455,,,,
aarch64-unknown-linux-gnu,crypto-bigint,0.7.3,limb::add::tests::add_no_overflow,full,success,0.10718102633333333,,,,
aarch64-unknown-linux-gnu,crypto-bigint,0.7.3,limb::add::tests::add_with_overflow,full,success,0.11319220233333334,,,,
aarch64-unknown-linux-gnu,crypto-bigint,0.7.3,limb::add::tests::carrying_add_no_carry,full,success,0.10786109900000002,,,,
aarch64-unknown-linux-gnu,crypto-bigint,0.7.3,limb::add::tests::carrying_add_with_carry,full,success,0.10784368700000001,,,,
aarch64-unknown-linux-gnu,crypto-bigint,0.7.3,limb::add::tests::checked_add,full,success,0.10743767333333333,,,,
aarch64-unknown-linux-gnu,crypto-bigint,0.7.3,limb::add::tests::checked_add_ok,full,success,0.10758415466666667,,,,
aarch64-unknown-linux-gnu,crypto-bigint,0.7.3,limb::add::tests::checked_add_overflow,full,success,0.107259938,,,,
aarch64-unknown-linux-gnu,crypto-bigint,0.7.3,limb::add::tests::overflowing_add_no_carry,full,success,0.107503317,,,,
aarch64-unknown-linux-gnu,crypto-bigint,0.7.3,limb::add::tests::overflowing_add_with_carry,full,success,0.10756589700000001,,,,
aarch64-unknown-linux-gnu,crypto-bigint,0.7.3,limb::add::tests::saturating_add,full,success,0.10759946533333335,,,,
aarch64-unknown-linux-gnu,crypto-bigint,0.7.3,limb::add::tests::wrapping_add_no_carry,full,success,0.10750440533333333,,,,
aarch64-unknown-linux-gnu,crypto-bigint,0.7.3,limb::add::tests::wrapping_add_with_carry,full,success,0.10782609900000001,,,,
aarch64-unknown-linux-gnu,crypto-bigint,0.7.3,limb::bit_xor::tests::bitxor,full,success,0.1077910766666667,,,,
aarch64-unknown-linux-gnu,crypto-bigint,0.7.3,limb::bit_xor::tests::bitxor_assign,full,success,0.10777180466666668,,,,
aarch64-unknown-linux-gnu,crypto-bigint,0.7.3,limb::bits::tests::bit,full,success,0.10704111733333334,,,,
aarch64-unknown-linux-gnu,crypto-bigint,0.7.3,limb::bits::tests::bit_vartime,full,success,0.10781060866666668,,,,
aarch64-unknown-linux-gnu,crypto-bigint,0.7.3,limb::bits::tests::leading_zeros,full,success,0.10764549400000001,,,,
aarch64-unknown-linux-gnu,crypto-bigint,0.7.3,limb::bits::tests::leading_zeros_vartime,full,success,0.108111104,,,,
aarch64-unknown-linux-gnu,crypto-bigint,0.7.3,limb::bits::tests::set_bit,full,success,0.10708785033333335,,,,
aarch64-unknown-linux-gnu,crypto-bigint,0.7.3,limb::bits::tests::set_bit_vartime,full,success,0.10752762966666668,,,,
aarch64-unknown-linux-gnu,crypto-bigint,0.7.3,limb::bits::tests::trailing_ones,full,success,0.107387623,,,,
aarch64-unknown-linux-gnu,crypto-bigint,0.7.3,limb::bits::tests::trailing_ones_vartime,full,success,0.10724040633333333,,,,
aarch64-unknown-linux-gnu,crypto-bigint,0.7.3,limb::bits::tests::trailing_zeros,full,success,0.10745713333333334,,,,
aarch64-unknown-linux-gnu,crypto-bigint,0.7.3,limb::bits::tests::trailing_zeros_vartime,full,success,0.10718208666666668,,,,
aarch64-unknown-linux-gnu,crypto-bigint,0.7.3,limb::cmp::tests::cmp,full,success,0.10682335866666666,,,,
aarch64-unknown-linux-gnu,crypto-bigint,0.7.3,limb::cmp::tests::ct_conditional_swap,full,success,0.107571635,,,,
aarch64-unknown-linux-gnu,crypto-bigint,0.7.3,limb::cmp::tests::is_odd,full,success,0.10651053300000002,,,,
aarch64-unknown-linux-gnu,crypto-bigint,0.7.3,limb::cmp::tests::is_zero,full,success,0.10602604266666667,,,,
aarch64-unknown-linux-gnu,crypto-bigint,0.7.3,limb::ct::tests::ct_eq,full,success,0.10612811566666668,,,,
aarch64-unknown-linux-gnu,crypto-bigint,0.7.3,limb::ct::tests::ct_gt,full,success,0.106566522,,,,
aarch64-unknown-linux-gnu,crypto-bigint,0.7.3,limb::ct::tests::ct_lt,full,success,0.10627801233333334,,,,
aarch64-unknown-linux-gnu,crypto-bigint,0.7.3,limb::div::tests::checked_div,full,success,0.10728921366666667,,,,
aarch64-unknown-linux-gnu,crypto-bigint,0.7.3,limb::div::tests::checked_rem,full,success,0.10725891700000001,,,,
aarch64-unknown-linux-gnu,crypto-bigint,0.7.3,limb::div::tests::div_assign_trait,full,success,0.10772198266666666,,,,
aarch64-unknown-linux-gnu,crypto-bigint,0.7.3,limb::div::tests::div_ref_zero,full,success,0.11349739733333335,,,,
aarch64-unknown-linux-gnu,crypto-bigint,0.7.3,limb::div::tests::div_rem_ok,full,success,0.10933345566666668,,,,
aarch64-unknown-linux-gnu,crypto-bigint,0.7.3,limb::div::tests::div_trait,full,success,0.10785440866666668,,,,
aarch64-unknown-linux-gnu,crypto-bigint,0.7.3,limb::div::tests::div_zero,full,success,0.11365152066666667,,,,
aarch64-unknown-linux-gnu,crypto-bigint,0.7.3,limb::div::tests::rem_assign_trait,full,success,0.10812983300000001,,,,
aarch64-unknown-linux-gnu,crypto-bigint,0.7.3,limb::div::tests::rem_ref_zero,full,success,0.11343133500000002,,,,
aarch64-unknown-linux-gnu,crypto-bigint,0.7.3,limb::div::tests::rem_trait,full,success,0.10828872933333333,,,,
aarch64-unknown-linux-gnu,crypto-bigint,0.7.3,limb::div::tests::rem_zero,full,success,0.11367026066666668,,,,
aarch64-unknown-linux-gnu,crypto-bigint,0.7.3,limb::encoding::test::reverse,full,success,0.10794939366666667,,,,
aarch64-unknown-linux-gnu,crypto-bigint,0.7.3,limb::encoding::test::roundtrip,full,success,0.10702944866666668,,,,
aarch64-unknown-linux-gnu,crypto-bigint,0.7.3,limb::gcd::tests::gcd_expected,full,success,0.13070643,,,,
aarch64-unknown-linux-gnu,crypto-bigint,0.7.3,limb::mul::tests::checked_mul_ok,full,success,0.10785396033333335,,,,
aarch64-unknown-linux-gnu,crypto-bigint,0.7.3,limb::mul::tests::checked_mul_overflow,full,success,0.10773286166666668,,,,
aarch64-unknown-linux-gnu,crypto-bigint,0.7.3,limb::shl::tests::overflowing_shl,full,success,0.107808376,,,,
aarch64-unknown-linux-gnu,crypto-bigint,0.7.3,limb::shl::tests::shl1,full,success,0.10839048833333333,,,,
aarch64-unknown-linux-gnu,crypto-bigint,0.7.3,limb::shl::tests::shl2,full,success,0.10796302833333334,,,,
aarch64-unknown-linux-gnu,crypto-bigint,0.7.3,limb::shl::tests::shl_assign1,full,success,0.10943246,,,,
aarch64-unknown-linux-gnu,crypto-bigint,0.7.3,limb::shl::tests::shl_assign2,full,success,0.10795271166666666,,,,
aarch64-unknown-linux-gnu,crypto-bigint,0.7.3,limb::shl::tests::unbounded_shl,full,success,0.107613067,,,,
aarch64-unknown-linux-gnu,crypto-bigint,0.7.3,limb::shl::tests::wrapping_shl,full,success,0.10819999400000002,,,,
aarch64-unknown-linux-gnu,crypto-bigint,0.7.3,limb::shr::tests::overflowing_shr,full,success,0.10830723233333334,,,,
aarch64-unknown-linux-gnu,crypto-bigint,0.7.3,limb::shr::tests::shr1,full,success,0.10765538966666666,,,,
aarch64-unknown-linux-gnu,crypto-bigint,0.7.3,limb::shr::tests::shr2,full,success,0.10790496033333334,,,,
aarch64-unknown-linux-gnu,crypto-bigint,0.7.3,limb::shr::tests::shr_assign1,full,success,0.10772354266666669,,,,
aarch64-unknown-linux-gnu,crypto-bigint,0.7.3,limb::shr::tests::shr_assign2,full,success,0.10685924200000001,,,,
aarch64-unknown-linux-gnu,crypto-bigint,0.7.3,limb::shr::tests::unbounded_shr,full,success,0.107908,,,,
aarch64-unknown-linux-gnu,crypto-bigint,0.7.3,limb::shr::tests::wrapping_shr,full,success,0.10795138633333334,,,,
aarch64-unknown-linux-gnu,crypto-bigint,0.7.3,limb::sub::tests::borrowing_sub_no_borrow,full,success,0.108220494,,,,
aarch64-unknown-linux-gnu,crypto-bigint,0.7.3,limb::sub::tests::borrowing_sub_with_borrow,full,success,0.10702277533333333,,,,
aarch64-unknown-linux-gnu,crypto-bigint,0.7.3,limb::sub::tests::checked_sub_ok,full,success,0.10738955633333334,,,,
aarch64-unknown-linux-gnu,crypto-bigint,0.7.3,limb::sub::tests::checked_sub_overflow,full,success,0.10738693900000001,,,,
aarch64-unknown-linux-gnu,crypto-bigint,0.7.3,limb::sub::tests::wrapping_sub_no_borrow,full,success,0.10762909100000001,,,,
aarch64-unknown-linux-gnu,crypto-bigint,0.7.3,limb::sub::tests::wrapping_sub_with_borrow,full,success,0.107578265,,,,
aarch64-unknown-linux-gnu,crypto-bigint,0.7.3,limb::tests::nlimbs_for_bits_macro,full,success,0.10807928566666668,,,,
aarch64-unknown-linux-gnu,crypto-bigint,0.7.3,limb::tests::test_unsigned,full,success,0.146450258,,,,
aarch64-unknown-linux-gnu,crypto-bigint,0.7.3,modular::bingcd::compact::tests::test_compact,full,success,0.10841896966666668,,,,
aarch64-unknown-linux-gnu,crypto-bigint,0.7.3,modular::bingcd::compact::tests::test_compact_vartime,full,success,0.10901188866666667,,,,
aarch64-unknown-linux-gnu,crypto-bigint,0.7.3,modular::bingcd::div_mod_2k::tests::test_carrying_mul_add_limb,full,success,0.10800979933333334,,,,
aarch64-unknown-linux-gnu,crypto-bigint,0.7.3,modular::bingcd::div_mod_2k::tests::test_limb_bounded_div2k_mod_q,full,success,0.10916894233333335,,,,
aarch64-unknown-linux-gnu,crypto-bigint,0.7.3,modular::bingcd::div_mod_2k::tests::test_uint_bounded_div2k_mod_q,full,success,0.10990471533333335,,,,
aarch64-unknown-linux-gnu,crypto-bigint,0.7.3,modular::bingcd::extension::tests::bounded_shr,full,success,0.10808489833333335,,,,
aarch64-unknown-linux-gnu,crypto-bigint,0.7.3,modular::bingcd::extension::tests::test_from_product,full,success,0.10805991866666668,,,,
aarch64-unknown-linux-gnu,crypto-bigint,0.7.3,modular::bingcd::extension::tests::test_wrapping_sub,full,success,0.10852567166666667,,,,
aarch64-unknown-linux-gnu,crypto-bigint,0.7.3,modular::bingcd::matrix::tests::test_conditional_add_right_column_to_left,full,success,0.11020122700000001,,,,
aarch64-unknown-linux-gnu,crypto-bigint,0.7.3,modular::bingcd::matrix::tests::test_conditional_double,full,success,0.11096874200000001,,,,
aarch64-unknown-linux-gnu,crypto-bigint,0.7.3,modular::bingcd::matrix::tests::test_conditional_subtract_bottom_row_from_top,full,success,0.11023330766666667,,,,
aarch64-unknown-linux-gnu,crypto-bigint,0.7.3,modular::bingcd::matrix::tests::test_conditional_subtract_right_column_from_left,full,success,0.110675871,,,,
aarch64-unknown-linux-gnu,crypto-bigint,0.7.3,modular::bingcd::matrix::tests::test_conditional_swap,full,success,0.11186806566666667,,,,
aarch64-unknown-linux-gnu,crypto-bigint,0.7.3,modular::bingcd::matrix::tests::test_swap,full,success,0.10944448533333334,,,,
aarch64-unknown-linux-gnu,crypto-bigint,0.7.3,modular::bingcd::matrix::tests::test_wrapping_apply_to,full,success,0.10844191933333334,,,,
aarch64-unknown-linux-gnu,crypto-bigint,0.7.3,modular::const_monty_form::add::tests::add_overflow,full,success,0.10822544033333335,,,,
aarch64-unknown-linux-gnu,crypto-bigint,0.7.3,modular::const_monty_form::invert::tests::test_self_inverse,full,success,0.1506793326666667,,,,
aarch64-unknown-linux-gnu,crypto-bigint,0.7.3,modular::const_monty_form::lincomb::tests::lincomb_expected,full,success,12.380275302333333,,,,
aarch64-unknown-linux-gnu,crypto-bigint,0.7.3,modular::const_monty_form::macros::tests::impl_modulus_with_valid_modulus,full,success,0.10807691733333334,,,,
aarch64-unknown-linux-gnu,crypto-bigint,0.7.3,modular::const_monty_form::macros::tests::new_params_with_valid_modulus,full,success,0.10708927800000001,,,,
aarch64-unknown-linux-gnu,crypto-bigint,0.7.3,modular::const_monty_form::mod_symbol::tests::jacobi_quad_nonresidue,full,success,0.35086882733333336,,,,
aarch64-unknown-linux-gnu,crypto-bigint,0.7.3,modular::const_monty_form::mod_symbol::tests::jacobi_quad_residue,full,success,0.35066729700000004,,,,
aarch64-unknown-linux-gnu,crypto-bigint,0.7.3,modular::const_monty_form::mul::tests::test_mul_eq_add,full,success,0.10746655466666667,,,,
aarch64-unknown-linux-gnu,crypto-bigint,0.7.3,modular::const_monty_form::mul::tests::test_mul_one,full,success,0.10753988933333335,,,,
aarch64-unknown-linux-gnu,crypto-bigint,0.7.3,modular::const_monty_form::mul::tests::test_mul_zero,full,success,0.10787576633333334,,,,
aarch64-unknown-linux-gnu,crypto-bigint,0.7.3,modular::const_monty_form::mul::tests::test_square_eq_mul,full,success,0.10822333,,,,
aarch64-unknown-linux-gnu,crypto-bigint,0.7.3,modular::const_monty_form::mul::tests::test_square_repeat,full,success,0.10816421633333334,,,,
aarch64-unknown-linux-gnu,crypto-bigint,0.7.3,modular::const_monty_form::neg::tests::test_negate,full,success,0.10828220333333333,,,,
aarch64-unknown-linux-gnu,crypto-bigint,0.7.3,modular::const_monty_form::pow::tests::test_multi_exp_array,full,success,0.24713193833333336,,,,
aarch64-unknown-linux-gnu,crypto-bigint,0.7.3,modular::const_monty_form::pow::tests::test_powmod,full,success,0.151489707,,,,
aarch64-unknown-linux-gnu,crypto-bigint,0.7.3,modular::const_monty_form::pow::tests::test_powmod_small_base,full,success,0.1519727446666667,,,,
aarch64-unknown-linux-gnu,crypto-bigint,0.7.3,modular::const_monty_form::pow::tests::test_powmod_small_exponent,full,success,0.13736146166666666,,,,
aarch64-unknown-linux-gnu,crypto-bigint,0.7.3,modular::const_monty_form::pow::tests::test_powmod_zero,full,success,0.13568642466666667,,,,
aarch64-unknown-linux-gnu,crypto-bigint,0.7.3,modular::const_monty_form::sqrt::tests::check_sqrt,full,success,0.15606196233333333,,,,
aarch64-unknown-linux-gnu,crypto-bigint,0.7.3,modular::const_monty_form::sub::tests::sub_overflow,full,success,0.10752315233333336,,,,
aarch64-unknown-linux-gnu,crypto-bigint,0.7.3,modular::fixed_monty_form::add::tests::add_overflow,full,success,0.10966621733333333,,,,
aarch64-unknown-linux-gnu,crypto-bigint,0.7.3,modular::fixed_monty_form::invert::tests::test_self_inverse,full,success,0.15291536833333333,,,,
aarch64-unknown-linux-gnu,crypto-bigint,0.7.3,modular::fixed_monty_form::lincomb::tests::lincomb_expected,full,success,25.53521441066667,,,,
aarch64-unknown-linux-gnu,crypto-bigint,0.7.3,modular::fixed_monty_form::mod_symbol::tests::jacobi_quad_nonresidue,full,success,0.35126593300000003,,,,
aarch64-unknown-linux-gnu,crypto-bigint,0.7.3,modular::fixed_monty_form::mod_symbol::tests::jacobi_quad_residue,full,success,0.34994401833333333,,,,
aarch64-unknown-linux-gnu,crypto-bigint,0.7.3,modular::fixed_monty_form::mul::tests::test_mul_eq_add,full,success,0.10797158366666669,,,,
aarch64-unknown-linux-gnu,crypto-bigint,0.7.3,modular::fixed_monty_form::mul::tests::test_mul_one,full,success,0.10691092733333334,,,,
aarch64-unknown-linux-gnu,crypto-bigint,0.7.3,modular::fixed_monty_form::mul::tests::test_mul_zero,full,success,0.10764828733333336,,,,
aarch64-unknown-linux-gnu,crypto-bigint,0.7.3,modular::fixed_monty_form::mul::tests::test_square_eq_mul,full,success,0.10782206666666667,,,,
aarch64-unknown-linux-gnu,crypto-bigint,0.7.3,modular::fixed_monty_form::mul::tests::test_square_repeat,full,success,0.11125231866666668,,,,
aarch64-unknown-linux-gnu,crypto-bigint,0.7.3,modular::fixed_monty_form::pow::tests::test_multi_exp_array,full,success,0.30401276400000005,,,,
aarch64-unknown-linux-gnu,crypto-bigint,0.7.3,modular::fixed_monty_form::pow::tests::test_powmod,full,success,0.18115436666666665,,,,
aarch64-unknown-linux-gnu,crypto-bigint,0.7.3,modular::fixed_monty_form::pow::tests::test_powmod_small_base,full,success,0.18095514233333335,,,,
aarch64-unknown-linux-gnu,crypto-bigint,0.7.3,modular::fixed_monty_form::pow::tests::test_powmod_small_exponent,full,success,0.152889556,,,,
aarch64-unknown-linux-gnu,crypto-bigint,0.7.3,modular::fixed_monty_form::pow::tests::test_powmod_zero,full,success,0.14966296266666668,,,,
aarch64-unknown-linux-gnu,crypto-bigint,0.7.3,modular::fixed_monty_form::sub::tests::sub_overflow,full,success,0.10905039733333334,,,,
aarch64-unknown-linux-gnu,crypto-bigint,0.7.3,modular::fixed_monty_form::tests::new_params_with_valid_modulus,full,success,0.10759502233333335,,,,
aarch64-unknown-linux-gnu,crypto-bigint,0.7.3,modular::prime_params::tests::check_equality,full,success,0.11150367633333334,,,,
aarch64-unknown-linux-gnu,crypto-bigint,0.7.3,modular::prime_params::tests::check_expected,full,success,0.10756980033333334,,,,
aarch64-unknown-linux-gnu,crypto-bigint,0.7.3,modular::prime_params::tests::check_invalid_generator,full,success,0.11302339466666667,,,,
aarch64-unknown-linux-gnu,crypto-bigint,0.7.3,modular::prime_params::tests::check_non_prime,full,success,0.12359995666666668,,,,
aarch64-unknown-linux-gnu,crypto-bigint,0.7.3,modular::safegcd::tests::invert,full,success,0.12930870800000002,,,,
aarch64-unknown-linux-gnu,crypto-bigint,0.7.3,modular::safegcd::tests::shr_wide,full,success,0.10830131466666666,,,,
aarch64-unknown-linux-gnu,crypto-bigint,0.7.3,modular::sqrt::tests::mod_sqrt_s_1,full,success,0.18166329966666664,,,,
aarch64-unknown-linux-gnu,crypto-bigint,0.7.3,modular::sqrt::tests::mod_sqrt_s_2,full,success,0.23388364966666667,,,,
aarch64-unknown-linux-gnu,crypto-bigint,0.7.3,modular::sqrt::tests::mod_sqrt_s_3,full,success,0.5960511343333333,,,,
aarch64-unknown-linux-gnu,crypto-bigint,0.7.3,modular::sqrt::tests::mod_sqrt_s_4,full,success,0.23364542500000005,,,,
aarch64-unknown-linux-gnu,crypto-bigint,0.7.3,modular::sqrt::tests::mod_sqrt_s_6,full,success,0.249809847,,,,
aarch64-unknown-linux-gnu,crypto-bigint,0.7.3,modular::tests::monty_mul_one_r,full,success,0.10794782533333334,,,,
aarch64-unknown-linux-gnu,crypto-bigint,0.7.3,modular::tests::monty_mul_r2,full,success,0.10688825033333334,,,,
aarch64-unknown-linux-gnu,crypto-bigint,0.7.3,modular::tests::monty_mul_r_r,full,success,0.10796760266666668,,,,
aarch64-unknown-linux-gnu,crypto-bigint,0.7.3,modular::tests::monty_mul_xr,full,success,0.10742084433333333,,,,
aarch64-unknown-linux-gnu,crypto-bigint,0.7.3,modular::tests::monty_mul_xr2,full,success,0.10952018166666667,,,,
aarch64-unknown-linux-gnu,crypto-bigint,0.7.3,modular::tests::monty_square_r,full,success,0.10807267000000002,,,,
aarch64-unknown-linux-gnu,crypto-bigint,0.7.3,modular::tests::test_montgomery_params,full,success,0.10780999166666667,,,,
aarch64-unknown-linux-gnu,crypto-bigint,0.7.3,modular::tests::test_new_retrieve,full,success,0.10775648866666666,,,,
aarch64-unknown-linux-gnu,crypto-bigint,0.7.3,modular::tests::test_reducing_one,full,success,0.107710086,,,,
aarch64-unknown-linux-gnu,crypto-bigint,0.7.3,modular::tests::test_reducing_r2,full,success,0.107127437,,,,
aarch64-unknown-linux-gnu,crypto-bigint,0.7.3,modular::tests::test_reducing_r2_wide,full,success,0.10754905999999999,,,,
aarch64-unknown-linux-gnu,crypto-bigint,0.7.3,modular::tests::test_reducing_xr2_wide,full,success,0.10833853766666668,,,,
aarch64-unknown-linux-gnu,crypto-bigint,0.7.3,modular::tests::test_reducing_xr_wide,full,success,0.10775288066666668,,,,
aarch64-unknown-linux-gnu,crypto-bigint,0.7.3,non_zero::tests::default,full,success,0.10669158333333334,,,,
aarch64-unknown-linux-gnu,crypto-bigint,0.7.3,non_zero::tests::from_be_bytes,full,success,0.10766037666666668,,,,
aarch64-unknown-linux-gnu,crypto-bigint,0.7.3,non_zero::tests::from_be_hex_when_nonzero,full,success,0.10704592233333333,,,,
aarch64-unknown-linux-gnu,crypto-bigint,0.7.3,non_zero::tests::from_be_hex_when_zero,full,success,0.11363003833333334,,,,
aarch64-unknown-linux-gnu,crypto-bigint,0.7.3,non_zero::tests::from_le_bytes,full,success,0.10785851333333334,,,,
aarch64-unknown-linux-gnu,crypto-bigint,0.7.3,non_zero::tests::from_le_hex_when_nonzero,full,success,0.10786232133333333,,,,
aarch64-unknown-linux-gnu,crypto-bigint,0.7.3,non_zero::tests::from_le_hex_when_zero,full,success,0.11288569433333334,,,,
aarch64-unknown-linux-gnu,crypto-bigint,0.7.3,non_zero::tests::int_abs_sign,full,success,0.10678509433333334,,,,
aarch64-unknown-linux-gnu,crypto-bigint,0.7.3,non_zero::tests::one,full,success,0.10784793866666668,,,,
aarch64-unknown-linux-gnu,crypto-bigint,0.7.3,odd::tests::default,full,success,0.10742950733333334,,,,
aarch64-unknown-linux-gnu,crypto-bigint,0.7.3,odd::tests::from_be_hex_when_even,full,success,0.11251570266666668,,,,
aarch64-unknown-linux-gnu,crypto-bigint,0.7.3,odd::tests::from_be_hex_when_odd,full,success,0.10835344066666668,,,,
aarch64-unknown-linux-gnu,crypto-bigint,0.7.3,odd::tests::from_le_hex_when_even,full,success,0.11310265033333333,,,,
aarch64-unknown-linux-gnu,crypto-bigint,0.7.3,odd::tests::from_le_hex_when_odd,full,success,0.10709527933333335,,,,
aarch64-unknown-linux-gnu,crypto-bigint,0.7.3,odd::tests::not_odd_numbers,full,success,0.107348326,,,,
aarch64-unknown-linux-gnu,crypto-bigint,0.7.3,primitives::tests::carrying_mul_add_cannot_overflow,full,success,0.10718536900000002,,,,
aarch64-unknown-linux-gnu,crypto-bigint,0.7.3,primitives::tests::test_u32_const_max,full,success,0.107830561,,,,
aarch64-unknown-linux-gnu,crypto-bigint,0.7.3,primitives::tests::test_u32_const_min,full,success,0.10748715166666667,,,,
aarch64-unknown-linux-gnu,crypto-bigint,0.7.3,primitives::tests::test_u32_const_rem,full,success,0.10758365966666668,,,,
aarch64-unknown-linux-gnu,crypto-bigint,0.7.3,uint::add::tests::carrying_add_no_carry,full,success,0.10703851800000001,,,,
aarch64-unknown-linux-gnu,crypto-bigint,0.7.3,uint::add::tests::carrying_add_with_carry,full,success,0.10748706133333334,,,,
aarch64-unknown-linux-gnu,crypto-bigint,0.7.3,uint::add::tests::checked_add_ok,full,success,0.10744038166666668,,,,
aarch64-unknown-linux-gnu,crypto-bigint,0.7.3,uint::add::tests::checked_add_overflow,full,success,0.10773106633333335,,,,
aarch64-unknown-linux-gnu,crypto-bigint,0.7.3,uint::add::tests::overflowing_add_limb,full,success,0.10782942266666667,,,,
aarch64-unknown-linux-gnu,crypto-bigint,0.7.3,uint::add::tests::saturating_add_no_carry,full,success,0.10771027633333334,,,,
aarch64-unknown-linux-gnu,crypto-bigint,0.7.3,uint::add::tests::saturating_add_with_carry,full,success,0.10824796033333334,,,,
aarch64-unknown-linux-gnu,crypto-bigint,0.7.3,uint::add::tests::wrapping_add_no_carry,full,success,0.10745127133333333,,,,
aarch64-unknown-linux-gnu,crypto-bigint,0.7.3,uint::add::tests::wrapping_add_with_carry,full,success,0.10782259400000001,,,,
aarch64-unknown-linux-gnu,crypto-bigint,0.7.3,uint::add_mod::tests::add_mod_nist_p256,full,success,0.10733453800000002,,,,
aarch64-unknown-linux-gnu,crypto-bigint,0.7.3,uint::add_mod::tests::add_mod_special,full,success,1.2338247073333333,,,,
aarch64-unknown-linux-gnu,crypto-bigint,0.7.3,uint::add_mod::tests::double_mod_expected,full,success,0.10768616466666668,,,,
aarch64-unknown-linux-gnu,crypto-bigint,0.7.3,uint::bit_and::tests::checked_and_ok,full,success,0.10784832800000001,,,,
aarch64-unknown-linux-gnu,crypto-bigint,0.7.3,uint::bit_and::tests::overlapping_and_ok,full,success,0.10775692033333334,,,,
aarch64-unknown-linux-gnu,crypto-bigint,0.7.3,uint::bit_not::tests::bitnot_ok,full,success,0.10715617700000002,,,,
aarch64-unknown-linux-gnu,crypto-bigint,0.7.3,uint::bit_or::tests::checked_or_ok,full,success,0.10802043433333335,,,,
aarch64-unknown-linux-gnu,crypto-bigint,0.7.3,uint::bit_or::tests::overlapping_or_ok,full,success,0.10750830700000001,,,,
aarch64-unknown-linux-gnu,crypto-bigint,0.7.3,uint::bit_xor::tests::checked_xor_ok,full,success,0.107429746,,,,
aarch64-unknown-linux-gnu,crypto-bigint,0.7.3,uint::bit_xor::tests::overlapping_xor_ok,full,success,0.10779641066666668,,,,
aarch64-unknown-linux-gnu,crypto-bigint,0.7.3,uint::bits::tests::bit,full,success,0.10851790666666668,,,,
aarch64-unknown-linux-gnu,crypto-bigint,0.7.3,uint::bits::tests::bit_vartime,full,success,0.10774114266666668,,,,
aarch64-unknown-linux-gnu,crypto-bigint,0.7.3,uint::bits::tests::leading_zeros,full,success,0.10816720933333335,,,,
aarch64-unknown-linux-gnu,crypto-bigint,0.7.3,uint::bits::tests::leading_zeros_vartime,full,success,0.10852653566666666,,,,
aarch64-unknown-linux-gnu,crypto-bigint,0.7.3,uint::bits::tests::set_bit,full,success,0.10934966066666668,,,,
aarch64-unknown-linux-gnu,crypto-bigint,0.7.3,uint::bits::tests::trailing_ones,full,success,0.10850196466666667,,,,
aarch64-unknown-linux-gnu,crypto-bigint,0.7.3,uint::bits::tests::trailing_ones_vartime,full,success,0.10780642366666666,,,,
aarch64-unknown-linux-gnu,crypto-bigint,0.7.3,uint::bits::tests::trailing_zeros,full,success,0.10811714700000001,,,,
aarch64-unknown-linux-gnu,crypto-bigint,0.7.3,uint::bits::tests::trailing_zeros_vartime,full,success,0.10781361533333333,,,,
aarch64-unknown-linux-gnu,crypto-bigint,0.7.3,uint::cmp::tests::cmp,full,success,0.10759149633333336,,,,
aarch64-unknown-linux-gnu,crypto-bigint,0.7.3,uint::cmp::tests::cmp_vartime,full,success,0.10722935533333335,,,,
aarch64-unknown-linux-gnu,crypto-bigint,0.7.3,uint::cmp::tests::conditional_swap,full,success,0.10746269733333334,,,,
aarch64-unknown-linux-gnu,crypto-bigint,0.7.3,uint::cmp::tests::is_odd,full,success,0.10722622733333335,,,,
aarch64-unknown-linux-gnu,crypto-bigint,0.7.3,uint::cmp::tests::is_zero,full,success,0.10721434033333334,,,,
aarch64-unknown-linux-gnu,crypto-bigint,0.7.3,uint::cmp::tests::lte,full,success,0.10717876666666669,,,,
aarch64-unknown-linux-gnu,crypto-bigint,0.7.3,uint::concat::tests::concat,full,success,0.10747096333333334,,,,
aarch64-unknown-linux-gnu,crypto-bigint,0.7.3,uint::concat::tests::concat_checked,full,success,0.10790867766666667,,,,
aarch64-unknown-linux-gnu,crypto-bigint,0.7.3,uint::concat::tests::concat_mixed,full,success,0.10771453666666668,,,,
aarch64-unknown-linux-gnu,crypto-bigint,0.7.3,uint::concat::tests::concat_resize_large,full,success,0.10765257533333335,,,,
aarch64-unknown-linux-gnu,crypto-bigint,0.7.3,uint::concat::tests::concat_resize_small,full,success,0.10782746233333335,,,,
aarch64-unknown-linux-gnu,crypto-bigint,0.7.3,uint::concat::tests::convert,full,success,0.10783170466666665,,,,
aarch64-unknown-linux-gnu,crypto-bigint,0.7.3,uint::concat::tests::infer_sizes,full,success,0.10781605533333334,,,,
aarch64-unknown-linux-gnu,crypto-bigint,0.7.3,uint::ct::tests::ct_eq,full,success,0.10773928566666667,,,,
aarch64-unknown-linux-gnu,crypto-bigint,0.7.3,uint::ct::tests::ct_gt,full,success,0.10746107,,,,
aarch64-unknown-linux-gnu,crypto-bigint,0.7.3,uint::ct::tests::ct_lt,full,success,0.10710995200000001,,,,
aarch64-unknown-linux-gnu,crypto-bigint,0.7.3,uint::ct::tests::ct_select,full,success,0.10706506133333334,,,,
aarch64-unknown-linux-gnu,crypto-bigint,0.7.3,uint::div::tests::div,full,success,0.165839355,,,,
aarch64-unknown-linux-gnu,crypto-bigint,0.7.3,uint::div::tests::div_assign_trait,full,success,0.10986239800000001,,,,
aarch64-unknown-linux-gnu,crypto-bigint,0.7.3,uint::div::tests::div_edge,full,success,0.11187070833333335,,,,
aarch64-unknown-linux-gnu,crypto-bigint,0.7.3,uint::div::tests::div_max,full,success,0.10932309300000002,,,,
aarch64-unknown-linux-gnu,crypto-bigint,0.7.3,uint::div::tests::div_one,full,success,0.10887648000000001,,,,
aarch64-unknown-linux-gnu,crypto-bigint,0.7.3,uint::div::tests::div_ref_zero,full,success,0.113297296,,,,
aarch64-unknown-linux-gnu,crypto-bigint,0.7.3,uint::div::tests::div_rem_larger_denominator,full,success,0.10911971133333336,,,,
aarch64-unknown-linux-gnu,crypto-bigint,0.7.3,uint::div::tests::div_rem_larger_numerator,full,success,0.11168204300000001,,,,
aarch64-unknown-linux-gnu,crypto-bigint,0.7.3,uint::div::tests::div_trait,full,success,0.11145764233333334,,,,
aarch64-unknown-linux-gnu,crypto-bigint,0.7.3,uint::div::tests::div_vartime_through_traits,full,success,0.10939089366666667,,,,
aarch64-unknown-linux-gnu,crypto-bigint,0.7.3,uint::div::tests::div_word,full,success,0.11919378500000001,,,,
aarch64-unknown-linux-gnu,crypto-bigint,0.7.3,uint::div::tests::div_zero,full,success,0.11311923833333333,,,,
aarch64-unknown-linux-gnu,crypto-bigint,0.7.3,uint::div::tests::reduce_max,full,success,0.10845797466666668,,,,
aarch64-unknown-linux-gnu,crypto-bigint,0.7.3,uint::div::tests::reduce_one,full,success,0.10771995433333335,,,,
aarch64-unknown-linux-gnu,crypto-bigint,0.7.3,uint::div::tests::reduce_tests,full,success,0.11188905166666667,,,,
aarch64-unknown-linux-gnu,crypto-bigint,0.7.3,uint::div::tests::reduce_tests_wide_zero_padded,full,success,0.11350446433333333,,,,
aarch64-unknown-linux-gnu,crypto-bigint,0.7.3,uint::div::tests::rem2krand,full,success,0.13205676866666669,,,,
aarch64-unknown-linux-gnu,crypto-bigint,0.7.3,uint::div::tests::rem_assign_trait,full,success,0.10913746333333334,,,,
aarch64-unknown-linux-gnu,crypto-bigint,0.7.3,uint::div::tests::rem_mixed,full,success,0.11157120333333335,,,,
aarch64-unknown-linux-gnu,crypto-bigint,0.7.3,uint::div::tests::rem_mixed_even,full,success,0.11232807066666667,,,,
aarch64-unknown-linux-gnu,crypto-bigint,0.7.3,uint::div::tests::rem_mixed_through_traits,full,success,0.10870551566666668,,,,
aarch64-unknown-linux-gnu,crypto-bigint,0.7.3,uint::div::tests::rem_ref_zero,full,success,0.11353682800000002,,,,
aarch64-unknown-linux-gnu,crypto-bigint,0.7.3,uint::div::tests::rem_trait,full,success,0.11148962200000001,,,,
aarch64-unknown-linux-gnu,crypto-bigint,0.7.3,uint::div::tests::rem_wide_corner_case,full,success,0.10953655966666666,,,,
aarch64-unknown-linux-gnu,crypto-bigint,0.7.3,uint::div::tests::rem_zero,full,success,0.11359742133333334,,,,
aarch64-unknown-linux-gnu,crypto-bigint,0.7.3,uint::div_limb::tests::div2by1_overflow,full,success,0.10689354000000001,,,,
aarch64-unknown-linux-gnu,crypto-bigint,0.7.3,uint::encoding::tests::encode_be_hex,full,success,0.10784365566666669,,,,
aarch64-unknown-linux-gnu,crypto-bigint,0.7.3,uint::encoding::tests::from_be_hex,full,success,0.10742377633333333,,,,
aarch64-unknown-linux-gnu,crypto-bigint,0.7.3,uint::encoding::tests::from_be_slice,full,success,0.107637563,,,,
aarch64-unknown-linux-gnu,crypto-bigint,0.7.3,uint::encoding::tests::from_le_hex,full,success,0.10820987933333333,,,,
aarch64-unknown-linux-gnu,crypto-bigint,0.7.3,uint::encoding::tests::from_le_slice,full,success,0.10725580966666666,,,,
aarch64-unknown-linux-gnu,crypto-bigint,0.7.3,uint::encoding::tests::from_str_radix_10,full,success,0.108841664,,,,
aarch64-unknown-linux-gnu,crypto-bigint,0.7.3,uint::encoding::tests::from_str_radix_2,full,success,0.3612338,,,,
aarch64-unknown-linux-gnu,crypto-bigint,0.7.3,uint::encoding::tests::from_str_radix_5,full,success,0.14301653166666664,,,,
aarch64-unknown-linux-gnu,crypto-bigint,0.7.3,uint::encoding::tests::from_str_radix_disallowed,full,success,0.10896943633333334,,,,
aarch64-unknown-linux-gnu,crypto-bigint,0.7.3,uint::encoding::tests::infer_sizes,full,success,0.10791612300000002,,,,
aarch64-unknown-linux-gnu,crypto-bigint,0.7.3,uint::from::tests::array_round_trip,full,success,0.10814250800000001,,,,
aarch64-unknown-linux-gnu,crypto-bigint,0.7.3,uint::from::tests::concat_mixed,full,success,0.10847488833333334,,,,
aarch64-unknown-linux-gnu,crypto-bigint,0.7.3,uint::from::tests::from_u128,full,success,0.10783404533333335,,,,
aarch64-unknown-linux-gnu,crypto-bigint,0.7.3,uint::from::tests::from_u16,full,success,0.10762218233333336,,,,
aarch64-unknown-linux-gnu,crypto-bigint,0.7.3,uint::from::tests::from_u64,full,success,0.10707921033333334,,,,
aarch64-unknown-linux-gnu,crypto-bigint,0.7.3,uint::from::tests::from_u8,full,success,0.10744741000000002,,,,
aarch64-unknown-linux-gnu,crypto-bigint,0.7.3,uint::from::tests::split_mixed,full,success,0.10777860933333333,,,,
aarch64-unknown-linux-gnu,crypto-bigint,0.7.3,uint::invert_mod::tests::invert_mod2k,full,success,0.11450350833333334,,,,
aarch64-unknown-linux-gnu,crypto-bigint,0.7.3,uint::invert_mod::tests::invert_mod_precision,full,success,0.12565950366666667,,,,
aarch64-unknown-linux-gnu,crypto-bigint,0.7.3,uint::invert_mod::tests::test_invert_edge,full,success,0.21419729500000004,,,,
aarch64-unknown-linux-gnu,crypto-bigint,0.7.3,uint::invert_mod::tests::test_invert_even,full,success,0.26897952333333336,,,,
aarch64-unknown-linux-gnu,crypto-bigint,0.7.3,uint::invert_mod::tests::test_invert_odd,full,success,0.4178609393333334,,,,
aarch64-unknown-linux-gnu,crypto-bigint,0.7.3,uint::invert_mod::tests::test_invert_odd_no_inverse,full,success,0.12975027766666666,,,,
aarch64-unknown-linux-gnu,crypto-bigint,0.7.3,uint::invert_mod::tests::test_invert_small,full,success,0.11334613666666667,,,,
aarch64-unknown-linux-gnu,crypto-bigint,0.7.3,uint::invert_mod::tests::test_no_inverse_small,full,success,0.11284828466666667,,,,
aarch64-unknown-linux-gnu,crypto-bigint,0.7.3,uint::lcm::tests::lcm::lcm_sizes,full,success,0.5401884663333334,,,,
aarch64-unknown-linux-gnu,crypto-bigint,0.7.3,uint::mod_symbol::tests::jacobi_non_coprime,full,success,0.33819806,,,,
aarch64-unknown-linux-gnu,crypto-bigint,0.7.3,uint::mod_symbol::tests::jacobi_non_quad_residue,full,success,0.33872564366666663,,,,
aarch64-unknown-linux-gnu,crypto-bigint,0.7.3,uint::mod_symbol::tests::jacobi_one,full,success,0.33517349500000004,,,,
aarch64-unknown-linux-gnu,crypto-bigint,0.7.3,uint::mod_symbol::tests::jacobi_quad_residue,full,success,0.33837194733333337,,,,
aarch64-unknown-linux-gnu,crypto-bigint,0.7.3,uint::mod_symbol::tests::jacobi_zero,full,success,0.3348703686666667,,,,
aarch64-unknown-linux-gnu,crypto-bigint,0.7.3,uint::mul::karatsuba::tests::wrapping_mul_sizes,full,success,0.660781728,,,,
aarch64-unknown-linux-gnu,crypto-bigint,0.7.3,uint::mul::karatsuba::tests::wrapping_square_sizes,full,success,0.563815068,,,,
aarch64-unknown-linux-gnu,crypto-bigint,0.7.3,uint::mul::tests::checked_mul_ok,full,success,0.10786663166666667,,,,
aarch64-unknown-linux-gnu,crypto-bigint,0.7.3,uint::mul::tests::checked_mul_overflow,full,success,0.10727414566666667,,,,
aarch64-unknown-linux-gnu,crypto-bigint,0.7.3,uint::mul::tests::checked_mul_sizes,full,success,4.585275234,,,,
aarch64-unknown-linux-gnu,crypto-bigint,0.7.3,uint::mul::tests::checked_square,full,success,0.108205573,,,,
aarch64-unknown-linux-gnu,crypto-bigint,0.7.3,uint::mul::tests::checked_square_sizes,full,success,0.20749800333333335,,,,
aarch64-unknown-linux-gnu,crypto-bigint,0.7.3,uint::mul::tests::concatenating_square,full,success,0.10726816466666667,,,,
aarch64-unknown-linux-gnu,crypto-bigint,0.7.3,uint::mul::tests::concatenating_square_larger,full,success,0.10746184600000001,,,,
aarch64-unknown-linux-gnu,crypto-bigint,0.7.3,uint::mul::tests::mul_cmp,full,success,1.1364912693333333,,,,
aarch64-unknown-linux-gnu,crypto-bigint,0.7.3,uint::mul::tests::mul_concat_even,full,success,0.10857593933333336,,,,
aarch64-unknown-linux-gnu,crypto-bigint,0.7.3,uint::mul::tests::mul_concat_mixed,full,success,0.10865875800000001,,,,
aarch64-unknown-linux-gnu,crypto-bigint,0.7.3,uint::mul::tests::overflowing_mul_limb,full,success,0.108117946,,,,
aarch64-unknown-linux-gnu,crypto-bigint,0.7.3,uint::mul::tests::saturating_mul_no_overflow,full,success,0.10698346200000002,,,,
aarch64-unknown-linux-gnu,crypto-bigint,0.7.3,uint::mul::tests::saturating_mul_overflow,full,success,0.10756528133333336,,,,
aarch64-unknown-linux-gnu,crypto-bigint,0.7.3,uint::mul::tests::saturating_square,full,success,0.107770188,,,,
aarch64-unknown-linux-gnu,crypto-bigint,0.7.3,uint::mul::tests::widening_mul_lo_only,full,success,0.11462784333333335,,,,
aarch64-unknown-linux-gnu,crypto-bigint,0.7.3,uint::mul::tests::widening_mul_zero_and_one,full,success,0.108519351,,,,
aarch64-unknown-linux-gnu,crypto-bigint,0.7.3,uint::mul::tests::wrapping_mul_even,full,success,0.10787619666666666,,,,
aarch64-unknown-linux-gnu,crypto-bigint,0.7.3,uint::mul::tests::wrapping_mul_mixed,full,success,0.107990877,,,,
aarch64-unknown-linux-gnu,crypto-bigint,0.7.3,uint::mul::tests::wrapping_square,full,success,0.10762726666666668,,,,
aarch64-unknown-linux-gnu,crypto-bigint,0.7.3,uint::mul_mod::tests::mul_mod_special,full,success,0.23114389400000002,,,,
aarch64-unknown-linux-gnu,crypto-bigint,0.7.3,uint::mul_signed::tests::checked_mul_signed,full,success,0.107662203,,,,
aarch64-unknown-linux-gnu,crypto-bigint,0.7.3,uint::mul_signed::tests::concatenating_mul_signed,full,success,0.10858714166666666,,,,
aarch64-unknown-linux-gnu,crypto-bigint,0.7.3,uint::mul_signed::tests::widening_mul_signed,full,success,0.10744835033333333,,,,
aarch64-unknown-linux-gnu,crypto-bigint,0.7.3,uint::neg::tests::carrying_neg,full,success,0.10794634133333332,,,,
aarch64-unknown-linux-gnu,crypto-bigint,0.7.3,uint::neg::tests::wrapping_neg,full,success,0.10741168400000001,,,,
aarch64-unknown-linux-gnu,crypto-bigint,0.7.3,uint::neg::tests::wrapping_neg_if,full,success,0.10815469066666668,,,,
aarch64-unknown-linux-gnu,crypto-bigint,0.7.3,uint::neg_mod::tests::neg_mod_random,full,success,0.10751717266666667,,,,
aarch64-unknown-linux-gnu,crypto-bigint,0.7.3,uint::neg_mod::tests::neg_mod_zero,full,success,0.107612156,,,,
aarch64-unknown-linux-gnu,crypto-bigint,0.7.3,uint::pow::tests::checked_pow_expected,full,success,0.6980960053333334,,,,
aarch64-unknown-linux-gnu,crypto-bigint,0.7.3,uint::pow::tests::saturating_pow_expected,full,success,0.4281326863333333,,,,
aarch64-unknown-linux-gnu,crypto-bigint,0.7.3,uint::pow::tests::wrapping_pow_expected,full,success,0.6384619706666667,,,,
aarch64-unknown-linux-gnu,crypto-bigint,0.7.3,uint::rand::tests::random_bits,full,success,0.160075867,,,,
aarch64-unknown-linux-gnu,crypto-bigint,0.7.3,uint::rand::tests::random_bits_4_bytes_sequential,full,success,0.1600447846666667,,,,
aarch64-unknown-linux-gnu,crypto-bigint,0.7.3,uint::rand::tests::random_bits_platform_independence,full,success,0.11601763466666666,,,,
aarch64-unknown-linux-gnu,crypto-bigint,0.7.3,uint::rand::tests::random_mod_vartime,full,success,0.11250229766666668,,,,
aarch64-unknown-linux-gnu,crypto-bigint,0.7.3,uint::rand::tests::random_mod_vartime_platform_independence,full,success,0.11850516266666666,,,,
aarch64-unknown-linux-gnu,crypto-bigint,0.7.3,uint::rand::tests::random_platform_independence,full,success,0.11078824633333334,,,,
aarch64-unknown-linux-gnu,crypto-bigint,0.7.3,uint::ref_type::cmp::tests::cmp,full,success,0.107350363,,,,
aarch64-unknown-linux-gnu,crypto-bigint,0.7.3,uint::ref_type::cmp::tests::lt,full,success,0.10739064533333335,,,,
aarch64-unknown-linux-gnu,crypto-bigint,0.7.3,uint::ref_type::ct::tests::ct_eq,full,success,0.107782854,,,,
aarch64-unknown-linux-gnu,crypto-bigint,0.7.3,uint::ref_type::ct::tests::ct_lt,full,success,0.10713634500000001,,,,
aarch64-unknown-linux-gnu,crypto-bigint,0.7.3,uint::ref_type::invert_mod::tests::invert_mod_u64,full,success,0.10706129400000002,,,,
aarch64-unknown-linux-gnu,crypto-bigint,0.7.3,uint::ref_type::shl::tests::compare_shl_assign,full,success,0.17028157200000002,,,,
aarch64-unknown-linux-gnu,crypto-bigint,0.7.3,uint::ref_type::shl::tests::shl1_assign,full,success,0.10808543366666667,,,,
aarch64-unknown-linux-gnu,crypto-bigint,0.7.3,uint::ref_type::shl::tests::shl256,full,success,0.10724760400000001,,,,
aarch64-unknown-linux-gnu,crypto-bigint,0.7.3,uint::ref_type::shl::tests::shl_assign_limb,full,success,0.10823140533333335,,,,
aarch64-unknown-linux-gnu,crypto-bigint,0.7.3,uint::ref_type::shl::tests::unbounded_shl_by_limbs_vartime,full,success,0.10773719799999999,,,,
aarch64-unknown-linux-gnu,crypto-bigint,0.7.3,uint::ref_type::shr::tests::compare_shr_assign,full,success,0.1779069606666667,,,,
aarch64-unknown-linux-gnu,crypto-bigint,0.7.3,uint::ref_type::shr::tests::shr1_assign,full,success,0.10803679033333334,,,,
aarch64-unknown-linux-gnu,crypto-bigint,0.7.3,uint::ref_type::shr::tests::shr256,full,success,0.10751821733333333,,,,
aarch64-unknown-linux-gnu,crypto-bigint,0.7.3,uint::ref_type::shr::tests::shr_assign_limb,full,success,0.10780254233333335,,,,
aarch64-unknown-linux-gnu,crypto-bigint,0.7.3,uint::ref_type::shr::tests::unbounded_shr_by_limbs_vartime,full,success,0.10791934266666668,,,,
aarch64-unknown-linux-gnu,crypto-bigint,0.7.3,uint::resize::tests::resize_larger,full,success,0.10803628933333335,,,,
aarch64-unknown-linux-gnu,crypto-bigint,0.7.3,uint::resize::tests::resize_smaller,full,success,0.10802967066666667,,,,
aarch64-unknown-linux-gnu,crypto-bigint,0.7.3,uint::root::tests::floor_root_vartime_expected,full,success,0.11287031966666668,,,,
aarch64-unknown-linux-gnu,crypto-bigint,0.7.3,uint::root::tests::fuzz,full,success,1.9769625436666667,,,,
aarch64-unknown-linux-gnu,crypto-bigint,0.7.3,uint::shl::tests::overflowing_shl,full,success,0.10844865466666669,,,,
aarch64-unknown-linux-gnu,crypto-bigint,0.7.3,uint::shl::tests::shl1,full,success,0.10846562433333334,,,,
aarch64-unknown-linux-gnu,crypto-bigint,0.7.3,uint::shl::tests::shl2,full,success,0.10765540333333334,,,,
aarch64-unknown-linux-gnu,crypto-bigint,0.7.3,uint::shl::tests::shl64,full,success,0.10776645966666669,,,,
aarch64-unknown-linux-gnu,crypto-bigint,0.7.3,uint::shl::tests::shl65,full,success,0.106924028,,,,
aarch64-unknown-linux-gnu,crypto-bigint,0.7.3,uint::shl::tests::shl88,full,success,0.10746544800000002,,,,
aarch64-unknown-linux-gnu,crypto-bigint,0.7.3,uint::shl::tests::shl_bounds,full,success,0.10800346566666667,,,,
aarch64-unknown-linux-gnu,crypto-bigint,0.7.3,uint::shl::tests::shl_bounds_panic,full,success,0.112568756,,,,
aarch64-unknown-linux-gnu,crypto-bigint,0.7.3,uint::shl::tests::shl_by_limbs,full,success,0.10717316333333334,,,,
aarch64-unknown-linux-gnu,crypto-bigint,0.7.3,uint::shl::tests::shl_limb,full,success,0.107724174,,,,
aarch64-unknown-linux-gnu,crypto-bigint,0.7.3,uint::shl::tests::shl_simple,full,success,0.10767408500000002,,,,
aarch64-unknown-linux-gnu,crypto-bigint,0.7.3,uint::shl::tests::shl_wide_1_1_128,full,success,0.10873941433333334,,,,
aarch64-unknown-linux-gnu,crypto-bigint,0.7.3,uint::shl::tests::shl_wide_max_0_1,full,success,0.10776167700000001,,,,
aarch64-unknown-linux-gnu,crypto-bigint,0.7.3,uint::shl::tests::shl_wide_max_max_256,full,success,0.10718939500000002,,,,
aarch64-unknown-linux-gnu,crypto-bigint,0.7.3,uint::shl::tests::unbounded_shl,full,success,0.10788643666666668,,,,
aarch64-unknown-linux-gnu,crypto-bigint,0.7.3,uint::shl::tests::wrapping_shl,full,success,0.10829405466666668,,,,
aarch64-unknown-linux-gnu,crypto-bigint,0.7.3,uint::shr::tests::overflowing_shr,full,success,0.107477154,,,,
aarch64-unknown-linux-gnu,crypto-bigint,0.7.3,uint::shr::tests::shr1,full,success,0.10825355600000001,,,,
aarch64-unknown-linux-gnu,crypto-bigint,0.7.3,uint::shr::tests::shr_bounds,full,success,0.10742290466666667,,,,
aarch64-unknown-linux-gnu,crypto-bigint,0.7.3,uint::shr::tests::shr_bounds_panic,full,success,0.11191047999999999,,,,
aarch64-unknown-linux-gnu,crypto-bigint,0.7.3,uint::shr::tests::shr_by_limbs,full,success,0.10690360033333335,,,,
aarch64-unknown-linux-gnu,crypto-bigint,0.7.3,uint::shr::tests::shr_limb_with_carry,full,success,0.108024718,,,,
aarch64-unknown-linux-gnu,crypto-bigint,0.7.3,uint::shr::tests::shr_limb_with_carry_shift_too_large,full,success,0.11230698766666668,,,,
aarch64-unknown-linux-gnu,crypto-bigint,0.7.3,uint::shr::tests::shr_wide_0_max_1,full,success,0.10713358800000002,,,,
aarch64-unknown-linux-gnu,crypto-bigint,0.7.3,uint::shr::tests::shr_wide_1_1_128,full,success,0.10781439300000001,,,,
aarch64-unknown-linux-gnu,crypto-bigint,0.7.3,uint::shr::tests::shr_wide_max_max_256,full,success,0.10692086900000002,,,,
aarch64-unknown-linux-gnu,crypto-bigint,0.7.3,uint::shr::tests::unbounded_shr,full,success,0.108047343,,,,
aarch64-unknown-linux-gnu,crypto-bigint,0.7.3,uint::shr::tests::wrapping_shr,full,success,0.107635249,,,,
aarch64-unknown-linux-gnu,crypto-bigint,0.7.3,uint::split::tests::infer_sizes,full,success,0.107725811,,,,
aarch64-unknown-linux-gnu,crypto-bigint,0.7.3,uint::split::tests::split,full,success,0.10773123200000001,,,,
aarch64-unknown-linux-gnu,crypto-bigint,0.7.3,uint::split::tests::split_checked,full,success,0.10748405333333333,,,,
aarch64-unknown-linux-gnu,crypto-bigint,0.7.3,uint::split::tests::split_resize_large,full,success,0.10807635833333334,,,,
aarch64-unknown-linux-gnu,crypto-bigint,0.7.3,uint::split::tests::split_resize_small,full,success,0.10739978966666668,,,,
aarch64-unknown-linux-gnu,crypto-bigint,0.7.3,uint::sqrt::tests::edge,full,success,0.13231438,,,,
aarch64-unknown-linux-gnu,crypto-bigint,0.7.3,uint::sqrt::tests::edge_vartime,full,success,0.10896011800000001,,,,
aarch64-unknown-linux-gnu,crypto-bigint,0.7.3,uint::sqrt::tests::fuzz,full,success,1.6707084909999999,,,,
aarch64-unknown-linux-gnu,crypto-bigint,0.7.3,uint::sqrt::tests::nonsquares,full,success,0.1428952536666667,,,,
aarch64-unknown-linux-gnu,crypto-bigint,0.7.3,uint::sqrt::tests::nonsquares_vartime,full,success,0.11007910833333334,,,,
aarch64-unknown-linux-gnu,crypto-bigint,0.7.3,uint::sqrt::tests::simple,full,success,0.20598074400000002,,,,
aarch64-unknown-linux-gnu,crypto-bigint,0.7.3,uint::sub::tests::borrowing_sub_no_borrow,full,success,0.10756969466666667,,,,
aarch64-unknown-linux-gnu,crypto-bigint,0.7.3,uint::sub::tests::borrowing_sub_with_borrow,full,success,0.10688748366666667,,,,
aarch64-unknown-linux-gnu,crypto-bigint,0.7.3,uint::sub::tests::checked_sub_ok,full,success,0.10746670133333336,,,,
aarch64-unknown-linux-gnu,crypto-bigint,0.7.3,uint::sub::tests::checked_sub_overflow,full,success,0.10759415966666667,,,,
aarch64-unknown-linux-gnu,crypto-bigint,0.7.3,uint::sub::tests::conditional_borrowing_sub_borrow,full,success,0.10779570866666667,,,,
aarch64-unknown-linux-gnu,crypto-bigint,0.7.3,uint::sub::tests::conditional_borrowing_sub_no_borrow,full,success,0.10786576266666666,,,,
aarch64-unknown-linux-gnu,crypto-bigint,0.7.3,uint::sub::tests::conditional_borrowing_sub_no_sub,full,success,0.10712755200000001,,,,
aarch64-unknown-linux-gnu,crypto-bigint,0.7.3,uint::sub::tests::saturating_sub_no_borrow,full,success,0.107468038,,,,
aarch64-unknown-linux-gnu,crypto-bigint,0.7.3,uint::sub::tests::saturating_sub_with_borrow,full,success,0.10736117366666668,,,,
aarch64-unknown-linux-gnu,crypto-bigint,0.7.3,uint::sub::tests::wrapping_sub_no_borrow,full,success,0.10769265233333332,,,,
aarch64-unknown-linux-gnu,crypto-bigint,0.7.3,uint::sub::tests::wrapping_sub_with_borrow,full,success,0.10755964533333334,,,,
aarch64-unknown-linux-gnu,crypto-bigint,0.7.3,uint::sub_mod::tests::sub_mod,full,success,1.6985358253333331,,,,
aarch64-unknown-linux-gnu,crypto-bigint,0.7.3,uint::sub_mod::tests::sub_mod_nist_p256,full,success,0.10744290133333334,,,,
aarch64-unknown-linux-gnu,crypto-bigint,0.7.3,uint::sub_mod::tests::sub_mod_special,full,success,1.2331994986666668,,,,
aarch64-unknown-linux-gnu,crypto-bigint,0.7.3,uint::tests::as_int,full,success,0.10730237166666667,,,,
aarch64-unknown-linux-gnu,crypto-bigint,0.7.3,uint::tests::as_words,full,success,0.10748543700000002,,,,
aarch64-unknown-linux-gnu,crypto-bigint,0.7.3,uint::tests::as_words_mut,full,success,0.10709108166666668,,,,
aarch64-unknown-linux-gnu,crypto-bigint,0.7.3,uint::tests::from_bytes,full,success,0.10878734233333336,,,,
aarch64-unknown-linux-gnu,crypto-bigint,0.7.3,uint::tests::test_unsigned,full,success,0.197151738,,,,
aarch64-unknown-linux-gnu,crypto-bigint,0.7.3,uint::tests::test_unsigned_monty_form,full,success,0.17036684733333332,,,,
aarch64-unknown-linux-gnu,crypto-bigint,0.7.3,uint::tests::to_int,full,success,0.10777968366666668,,,,
aarch64-unknown-linux-gnu,crypto-bigint,0.7.3,word::tests::choice_from_gt,full,success,0.10720207933333335,,,,
aarch64-unknown-linux-gnu,crypto-bigint,0.7.3,word::tests::choice_from_lt,full,success,0.10719766100000001,,,,
aarch64-unknown-linux-gnu,crypto-bigint,0.7.3,word::tests::choice_from_wide_le,full,success,0.10745991833333335,,,,
aarch64-unknown-linux-gnu,crypto-bigint,0.7.3,word::tests::select,full,success,0.10724388733333334,,,,
aarch64-unknown-linux-gnu,crypto-bigint,0.7.3,word::tests::select_wide,full,success,0.10734737366666668,,,,
aarch64-unknown-linux-gnu,crypto-bigint,0.7.3,wrapping::tests::wrapping_add,full,success,0.10859036033333334,,,,
aarch64-unknown-linux-gnu,crypto-bigint,0.7.3,wrapping::tests::wrapping_bitand,full,success,0.10868132233333334,,,,
aarch64-unknown-linux-gnu,crypto-bigint,0.7.3,wrapping::tests::wrapping_bitnot,full,success,0.10743806366666668,,,,
aarch64-unknown-linux-gnu,crypto-bigint,0.7.3,wrapping::tests::wrapping_bitor,full,success,0.10881361233333335,,,,
aarch64-unknown-linux-gnu,crypto-bigint,0.7.3,wrapping::tests::wrapping_bitxor,full,success,0.10848431700000001,,,,
aarch64-unknown-linux-gnu,crypto-bigint,0.7.3,wrapping::tests::wrapping_eq_select,full,success,0.10712939366666667,,,,
aarch64-unknown-linux-gnu,crypto-bigint,0.7.3,wrapping::tests::wrapping_mul,full,success,0.10799387466666667,,,,
aarch64-unknown-linux-gnu,crypto-bigint,0.7.3,wrapping::tests::wrapping_neg,full,success,0.10731101866666666,,,,
aarch64-unknown-linux-gnu,crypto-bigint,0.7.3,wrapping::tests::wrapping_new,full,success,0.10699746533333333,,,,
aarch64-unknown-linux-gnu,crypto-bigint,0.7.3,wrapping::tests::wrapping_shift,full,success,0.10756320333333334,,,,
aarch64-unknown-linux-gnu,crypto-bigint,0.7.3,wrapping::tests::wrapping_sub,full,success,0.10870792466666668,,,,
aarch64-unknown-linux-gnu,csv,1.4.0,byte_record::tests::empty_field_1,full,success,0.104829358,,,,
aarch64-unknown-linux-gnu,csv,1.4.0,byte_record::tests::empty_field_2,full,success,0.10538037566666668,,,,
aarch64-unknown-linux-gnu,csv,1.4.0,byte_record::tests::empty_record,full,success,0.10314665633333335,,,,
aarch64-unknown-linux-gnu,csv,1.4.0,byte_record::tests::empty_surround_1,full,success,0.10569408000000001,,,,
aarch64-unknown-linux-gnu,csv,1.4.0,byte_record::tests::empty_surround_2,full,success,0.10619390966666668,,,,
aarch64-unknown-linux-gnu,csv,1.4.0,byte_record::tests::eq_field_boundaries,full,success,0.10641607366666668,,,,
aarch64-unknown-linux-gnu,csv,1.4.0,byte_record::tests::eq_record_len,full,success,0.10635841800000001,,,,
aarch64-unknown-linux-gnu,csv,1.4.0,byte_record::tests::iter,full,success,0.10809445499999999,,,,
aarch64-unknown-linux-gnu,csv,1.4.0,byte_record::tests::iter_forward_and_reverse,full,success,0.10761074033333333,,,,
aarch64-unknown-linux-gnu,csv,1.4.0,byte_record::tests::iter_reverse,full,success,0.108318898,,,,
aarch64-unknown-linux-gnu,csv,1.4.0,byte_record::tests::record_1,full,success,0.10514812400000001,,,,
aarch64-unknown-linux-gnu,csv,1.4.0,byte_record::tests::record_2,full,success,0.10592231633333334,,,,
aarch64-unknown-linux-gnu,csv,1.4.0,byte_record::tests::trim_back,full,success,0.109802362,,,,
aarch64-unknown-linux-gnu,csv,1.4.0,byte_record::tests::trim_both,full,success,0.10945070200000001,,,,
aarch64-unknown-linux-gnu,csv,1.4.0,byte_record::tests::trim_does_not_panic_on_empty_records_1,full,success,0.10606516466666667,,,,
aarch64-unknown-linux-gnu,csv,1.4.0,byte_record::tests::trim_does_not_panic_on_empty_records_2,full,success,0.10632498200000001,,,,
aarch64-unknown-linux-gnu,csv,1.4.0,byte_record::tests::trim_does_not_panic_on_empty_records_3,full,success,0.105221006,,,,
aarch64-unknown-linux-gnu,csv,1.4.0,byte_record::tests::trim_front,full,success,0.10964595933333333,,,,
aarch64-unknown-linux-gnu,csv,1.4.0,byte_record::tests::trim_whitespace_only,full,success,0.10570568266666668,,,,
aarch64-unknown-linux-gnu,csv,1.4.0,byte_record::tests::utf8_clear_ok,full,success,0.106530577,,,,
aarch64-unknown-linux-gnu,csv,1.4.0,byte_record::tests::utf8_error_1,full,success,0.106075447,,,,
aarch64-unknown-linux-gnu,csv,1.4.0,byte_record::tests::utf8_error_2,full,success,0.10591199,,,,
aarch64-unknown-linux-gnu,csv,1.4.0,byte_record::tests::utf8_error_3,full,success,0.10559504800000001,,,,
aarch64-unknown-linux-gnu,csv,1.4.0,byte_record::tests::utf8_error_4,full,success,0.10808077066666667,,,,
aarch64-unknown-linux-gnu,csv,1.4.0,byte_record::tests::utf8_error_5,full,success,0.10754361500000002,,,,
aarch64-unknown-linux-gnu,csv,1.4.0,byte_record::tests::utf8_error_6,full,success,0.10602277966666668,,,,
aarch64-unknown-linux-gnu,csv,1.4.0,deserializer::tests::adjacent_fixed_arrays,full,success,0.10908794166666667,,,,
aarch64-unknown-linux-gnu,csv,1.4.0,deserializer::tests::bad_hex_seq,full,success,0.107068565,,,,
aarch64-unknown-linux-gnu,csv,1.4.0,deserializer::tests::borrowed,full,success,0.10918592066666667,,,,
aarch64-unknown-linux-gnu,csv,1.4.0,deserializer::tests::borrowed_map,full,success,0.11445184100000001,,,,
aarch64-unknown-linux-gnu,csv,1.4.0,deserializer::tests::borrowed_map_bytes,full,success,0.11351325833333333,,,,
aarch64-unknown-linux-gnu,csv,1.4.0,deserializer::tests::bytes,full,success,0.10546445266666667,,,,
aarch64-unknown-linux-gnu,csv,1.4.0,deserializer::tests::enum_label_simple_tagged,full,test_failed,,error: Undefined Behavior: deallocation through <83610>(unprotected) (root of the allocation) at alloc11097[0x3] is forbidden,src/deserializer.rs:804:5,https://github.com/BorrowSanitizer/bsan/actions/runs/37211270787/job/111463767962,"error: Undefined Behavior: deallocation through <83610>(unprotected) (root of the allocation) at alloc11097[0x3] is forbidden
   --> /tmp/tmpzm8ehgos/csv-1.4.0/src/deserializer.rs:804:5
    |
804 | }
    | ^
    = note: the above line calls library code, where the error was detected:
   --> /root/.rustup/toolchains/bsan/lib/rustlib/src/rust/library/std/src/sys/alloc/unix.rs:65:14
    |
 65 | unsafe { libc::free(ptr as *mut libc::c_void) }
    |          ^
    = help: the accessed tag <83610>(unprotected) (root of the allocation) is foreign to the protected tag <85352>(StrongProtector) (i.e., it is not a child)
    = help: this deallocation (acting as a foreign write access) would cause the protected tag <85352>(StrongProtector) (currently Frozen) to become Disabled
    = help: protected tags must never be Disabled
help: the accessed tag <83610>(unprotected) was created here
   --> /root/.rustup/toolchains/bsan/lib/rustlib/src/rust/library/std/src/sys/alloc/unix.rs:31:18
    |
 31 | unsafe { libc::malloc(layout.size()) as *mut u8 }
    |          ^
help: the protected tag <85352>(StrongProtector) was created here, in the initial state Frozen
   --> /root/.rustup/toolchains/bsan/lib/rustlib/src/rust/library/core/src/num/imp/dec2flt/parse.rs:30:0
    |
 30 | fn try_parse_digits(mut s: &[u8], mut x: u64) -> (&[u8], u64) {
    | ^

stack backtrace:
0: std::sys::alloc::unix::dealloc
      at /root/.rustup/toolchains/bsan/lib/rustlib/src/rust/library/std/src/sys/alloc/unix.rs:65:14
1: __rustc::__rdl_dealloc
      at /root/.rustup/toolchains/bsan/lib/rustlib/src/rust/library/std/src/alloc.rs:480:6
2: alloc::alloc::dealloc_nonnull
      at /root/.rustup/toolchains/bsan/lib/rustlib/src/rust/library/alloc/src/alloc.rs:197:14

note: stack trace was truncated after 3 frames; set stacktrace_max_len (e.g. BSAN_OPTIONS=stacktrace_max_len=32) to capture more."
aarch64-unknown-linux-gnu,csv,1.4.0,deserializer::tests::enum_untagged,full,success,0.11085313633333334,,,,
aarch64-unknown-linux-gnu,csv,1.4.0,deserializer::tests::flatten,full,success,0.11344869,,,,
aarch64-unknown-linux-gnu,csv,1.4.0,deserializer::tests::map_headers,full,success,0.11141035,,,,
aarch64-unknown-linux-gnu,csv,1.4.0,deserializer::tests::map_no_headers,full,success,0.105821697,,,,
aarch64-unknown-linux-gnu,csv,1.4.0,deserializer::tests::mixed_hex_seq,full,success,0.10745639666666668,,,,
aarch64-unknown-linux-gnu,csv,1.4.0,deserializer::tests::no_chars,full,success,0.10590156033333332,,,,
aarch64-unknown-linux-gnu,csv,1.4.0,deserializer::tests::no_fields,full,success,0.105021977,,,,
aarch64-unknown-linux-gnu,csv,1.4.0,deserializer::tests::one_char,full,success,0.10595074833333334,,,,
aarch64-unknown-linux-gnu,csv,1.4.0,deserializer::tests::one_field,full,success,0.10649101100000001,,,,
aarch64-unknown-linux-gnu,csv,1.4.0,deserializer::tests::one_field_128,full,success,0.10677791466666668,,,,
aarch64-unknown-linux-gnu,csv,1.4.0,deserializer::tests::option_empty_field,full,success,0.110417873,,,,
aarch64-unknown-linux-gnu,csv,1.4.0,deserializer::tests::option_invalid_field,full,success,0.11076262666666668,,,,
aarch64-unknown-linux-gnu,csv,1.4.0,deserializer::tests::partially_invalid_utf8,full,success,0.11050087800000001,,,,
aarch64-unknown-linux-gnu,csv,1.4.0,deserializer::tests::seq_in_struct,full,success,0.10820472066666668,,,,
aarch64-unknown-linux-gnu,csv,1.4.0,deserializer::tests::seq_in_struct_tail,full,success,0.10859508366666666,,,,
aarch64-unknown-linux-gnu,csv,1.4.0,deserializer::tests::simple_hex_seq,full,success,0.10824887933333334,,,,
aarch64-unknown-linux-gnu,csv,1.4.0,deserializer::tests::simple_seq,full,success,0.10724479933333335,,,,
aarch64-unknown-linux-gnu,csv,1.4.0,deserializer::tests::too_many_chars,full,success,0.10584395266666667,,,,
aarch64-unknown-linux-gnu,csv,1.4.0,deserializer::tests::two_fields,full,success,0.10778286633333334,,,,
aarch64-unknown-linux-gnu,csv,1.4.0,deserializer::tests::two_fields_too_few,full,success,0.105863105,,,,
aarch64-unknown-linux-gnu,csv,1.4.0,deserializer::tests::two_fields_too_many,full,success,0.10690377066666668,,,,
aarch64-unknown-linux-gnu,csv,1.4.0,deserializer::tests::with_header,full,test_failed,,error: Undefined Behavior: deallocation through <83751>(unprotected) (root of the allocation) at alloc11105[0x4] is forbidden,src/deserializer.rs:804:5,https://github.com/BorrowSanitizer/bsan/actions/runs/37211270787/job/111463767962,"error: Undefined Behavior: deallocation through <83751>(unprotected) (root of the allocation) at alloc11105[0x4] is forbidden
   --> /tmp/tmpzm8ehgos/csv-1.4.0/src/deserializer.rs:804:5
    |
804 | }
    | ^
    = note: the above line calls library code, where the error was detected:
   --> /root/.rustup/toolchains/bsan/lib/rustlib/src/rust/library/std/src/sys/alloc/unix.rs:65:14
    |
 65 | unsafe { libc::free(ptr as *mut libc::c_void) }
    |          ^
    = help: the accessed tag <83751>(unprotected) (root of the allocation) is foreign to the protected tag <86279>(StrongProtector) (i.e., it is not a child)
    = help: this deallocation (acting as a foreign write access) would cause the protected tag <86279>(StrongProtector) (currently Frozen) to become Disabled
    = help: protected tags must never be Disabled
help: the accessed tag <83751>(unprotected) was created here
   --> /root/.rustup/toolchains/bsan/lib/rustlib/src/rust/library/std/src/sys/alloc/unix.rs:31:18
    |
 31 | unsafe { libc::malloc(layout.size()) as *mut u8 }
    |          ^
help: the protected tag <86279>(StrongProtector) was created here, in the initial state Frozen
   --> /root/.rustup/toolchains/bsan/lib/rustlib/src/rust/library/core/src/num/imp/dec2flt/parse.rs:30:0
    |
 30 | fn try_parse_digits(mut s: &[u8], mut x: u64) -> (&[u8], u64) {
    | ^

stack backtrace:
0: std::sys::alloc::unix::dealloc
      at /root/.rustup/toolchains/bsan/lib/rustlib/src/rust/library/std/src/sys/alloc/unix.rs:65:14
1: __rustc::__rdl_dealloc
      at /root/.rustup/toolchains/bsan/lib/rustlib/src/rust/library/std/src/alloc.rs:480:6
2: alloc::alloc::dealloc_nonnull
      at /root/.rustup/toolchains/bsan/lib/rustlib/src/rust/library/alloc/src/alloc.rs:197:14

note: stack trace was truncated after 3 frames; set stacktrace_max_len (e.g. BSAN_OPTIONS=stacktrace_max_len=32) to capture more."
aarch64-unknown-linux-gnu,csv,1.4.0,deserializer::tests::with_header_empty,full,success,0.10502154133333334,,,,
aarch64-unknown-linux-gnu,csv,1.4.0,deserializer::tests::with_header_empty_ok,full,success,0.10597526833333333,,,,
aarch64-unknown-linux-gnu,csv,1.4.0,deserializer::tests::with_header_missing,full,test_failed,,error: Undefined Behavior: deallocation through <83522>(unprotected) (root of the allocation) at alloc11092[0x2] is forbidden,src/deserializer.rs:804:5,https://github.com/BorrowSanitizer/bsan/actions/runs/37211270787/job/111463767962,"error: Undefined Behavior: deallocation through <83522>(unprotected) (root of the allocation) at alloc11092[0x2] is forbidden
   --> /tmp/tmpzm8ehgos/csv-1.4.0/src/deserializer.rs:804:5
    |
804 | }
    | ^
    = note: the above line calls library code, where the error was detected:
   --> /root/.rustup/toolchains/bsan/lib/rustlib/src/rust/library/std/src/sys/alloc/unix.rs:65:14
    |
 65 | unsafe { libc::free(ptr as *mut libc::c_void) }
    |          ^
    = help: the accessed tag <83522>(unprotected) (root of the allocation) is foreign to the protected tag <85364>(StrongProtector) (i.e., it is not a child)
    = help: this deallocation (acting as a foreign write access) would cause the protected tag <85364>(StrongProtector) (currently Frozen) to become Disabled
    = help: protected tags must never be Disabled
help: the accessed tag <83522>(unprotected) was created here
   --> /root/.rustup/toolchains/bsan/lib/rustlib/src/rust/library/std/src/sys/alloc/unix.rs:31:18
    |
 31 | unsafe { libc::malloc(layout.size()) as *mut u8 }
    |          ^
help: the protected tag <85364>(StrongProtector) was created here, in the initial state Frozen
   --> /root/.rustup/toolchains/bsan/lib/rustlib/src/rust/library/core/src/num/imp/dec2flt/parse.rs:30:0
    |
 30 | fn try_parse_digits(mut s: &[u8], mut x: u64) -> (&[u8], u64) {
    | ^

stack backtrace:
0: std::sys::alloc::unix::dealloc
      at /root/.rustup/toolchains/bsan/lib/rustlib/src/rust/library/std/src/sys/alloc/unix.rs:65:14
1: __rustc::__rdl_dealloc
      at /root/.rustup/toolchains/bsan/lib/rustlib/src/rust/library/std/src/alloc.rs:480:6
2: alloc::alloc::dealloc_nonnull
      at /root/.rustup/toolchains/bsan/lib/rustlib/src/rust/library/alloc/src/alloc.rs:197:14

note: stack trace was truncated after 3 frames; set stacktrace_max_len (e.g. BSAN_OPTIONS=stacktrace_max_len=32) to capture more."
aarch64-unknown-linux-gnu,csv,1.4.0,deserializer::tests::with_header_missing_ok,full,test_failed,,error: Undefined Behavior: deallocation through <83515>(unprotected) (root of the allocation) at alloc11093[0x2] is forbidden,src/deserializer.rs:804:5,https://github.com/BorrowSanitizer/bsan/actions/runs/37211270787/job/111463767962,"error: Undefined Behavior: deallocation through <83515>(unprotected) (root of the allocation) at alloc11093[0x2] is forbidden
   --> /tmp/tmpzm8ehgos/csv-1.4.0/src/deserializer.rs:804:5
    |
804 | }
    | ^
    = note: the above line calls library code, where the error was detected:
   --> /root/.rustup/toolchains/bsan/lib/rustlib/src/rust/library/std/src/sys/alloc/unix.rs:65:14
    |
 65 | unsafe { libc::free(ptr as *mut libc::c_void) }
    |          ^
    = help: the accessed tag <83515>(unprotected) (root of the allocation) is foreign to the protected tag <85357>(StrongProtector) (i.e., it is not a child)
    = help: this deallocation (acting as a foreign write access) would cause the protected tag <85357>(StrongProtector) (currently Frozen) to become Disabled
    = help: protected tags must never be Disabled
help: the accessed tag <83515>(unprotected) was created here
   --> /root/.rustup/toolchains/bsan/lib/rustlib/src/rust/library/std/src/sys/alloc/unix.rs:31:18
    |
 31 | unsafe { libc::malloc(layout.size()) as *mut u8 }
    |          ^
help: the protected tag <85357>(StrongProtector) was created here, in the initial state Frozen
   --> /root/.rustup/toolchains/bsan/lib/rustlib/src/rust/library/core/src/num/imp/dec2flt/parse.rs:30:0
    |
 30 | fn try_parse_digits(mut s: &[u8], mut x: u64) -> (&[u8], u64) {
    | ^

stack backtrace:
0: std::sys::alloc::unix::dealloc
      at /root/.rustup/toolchains/bsan/lib/rustlib/src/rust/library/std/src/sys/alloc/unix.rs:65:14
1: __rustc::__rdl_dealloc
      at /root/.rustup/toolchains/bsan/lib/rustlib/src/rust/library/std/src/alloc.rs:480:6
2: alloc::alloc::dealloc_nonnull
      at /root/.rustup/toolchains/bsan/lib/rustlib/src/rust/library/alloc/src/alloc.rs:197:14

note: stack trace was truncated after 3 frames; set stacktrace_max_len (e.g. BSAN_OPTIONS=stacktrace_max_len=32) to capture more."
aarch64-unknown-linux-gnu,csv,1.4.0,deserializer::tests::with_header_no_fields,full,success,0.106151585,,,,
aarch64-unknown-linux-gnu,csv,1.4.0,deserializer::tests::with_header_unknown,full,success,0.10957513266666667,,,,
aarch64-unknown-linux-gnu,csv,1.4.0,deserializer::tests::without_header,full,test_failed,,error: Undefined Behavior: deallocation through <82438>(unprotected) (root of the allocation) at alloc10983[0x0] is forbidden,src/deserializer.rs:795:5,https://github.com/BorrowSanitizer/bsan/actions/runs/37211270787/job/111463767962,"error: Undefined Behavior: deallocation through <82438>(unprotected) (root of the allocation) at alloc10983[0x0] is forbidden
   --> /tmp/tmpzm8ehgos/csv-1.4.0/src/deserializer.rs:795:5
    |
795 | }
    | ^
    = note: the above line calls library code, where the error was detected:
   --> /root/.rustup/toolchains/bsan/lib/rustlib/src/rust/library/std/src/sys/alloc/unix.rs:65:14
    |
 65 | unsafe { libc::free(ptr as *mut libc::c_void) }
    |          ^
    = help: the accessed tag <82438>(unprotected) (root of the allocation) is foreign to the protected tag <84095>(StrongProtector) (i.e., it is not a child)
    = help: this deallocation (acting as a foreign write access) would cause the protected tag <84095>(StrongProtector) (currently Frozen) to become Disabled
    = help: protected tags must never be Disabled
help: the accessed tag <82438>(unprotected) was created here
   --> /root/.rustup/toolchains/bsan/lib/rustlib/src/rust/library/std/src/sys/alloc/unix.rs:31:18
    |
 31 | unsafe { libc::malloc(layout.size()) as *mut u8 }
    |          ^
help: the protected tag <84095>(StrongProtector) was created here, in the initial state Frozen
   --> /root/.rustup/toolchains/bsan/lib/rustlib/src/rust/library/core/src/num/imp/dec2flt/parse.rs:30:0
    |
 30 | fn try_parse_digits(mut s: &[u8], mut x: u64) -> (&[u8], u64) {
    | ^

stack backtrace:
0: std::sys::alloc::unix::dealloc
      at /root/.rustup/toolchains/bsan/lib/rustlib/src/rust/library/std/src/sys/alloc/unix.rs:65:14
1: __rustc::__rdl_dealloc
      at /root/.rustup/toolchains/bsan/lib/rustlib/src/rust/library/std/src/alloc.rs:480:6
2: alloc::alloc::dealloc_nonnull
      at /root/.rustup/toolchains/bsan/lib/rustlib/src/rust/library/alloc/src/alloc.rs:197:14

note: stack trace was truncated after 3 frames; set stacktrace_max_len (e.g. BSAN_OPTIONS=stacktrace_max_len=32) to capture more."
aarch64-unknown-linux-gnu,csv,1.4.0,reader::tests::headers_on_empty_data,full,success,1.6191528569999998,,,,
aarch64-unknown-linux-gnu,csv,1.4.0,reader::tests::no_headers_on_empty_data,full,success,1.6279225980000003,,,,
aarch64-unknown-linux-gnu,csv,1.4.0,reader::tests::no_headers_on_empty_data_after_headers,full,success,1.6161970473333334,,,,
aarch64-unknown-linux-gnu,csv,1.4.0,reader::tests::positions_headers,full,success,1.6221887836666669,,,,
aarch64-unknown-linux-gnu,csv,1.4.0,reader::tests::positions_no_headers,full,success,1.6208896773333332,,,,
aarch64-unknown-linux-gnu,csv,1.4.0,reader::tests::read_byte_record,full,success,1.634569882,,,,
aarch64-unknown-linux-gnu,csv,1.4.0,reader::tests::read_record_headers,full,success,1.6349525790000001,,,,
aarch64-unknown-linux-gnu,csv,1.4.0,reader::tests::read_record_headers_invalid_utf8,full,success,1.6314147953333336,,,,
aarch64-unknown-linux-gnu,csv,1.4.0,reader::tests::read_record_no_headers_after,full,success,1.6225200723333335,,,,
aarch64-unknown-linux-gnu,csv,1.4.0,reader::tests::read_record_no_headers_before,full,success,1.6347417643333333,,,,
aarch64-unknown-linux-gnu,csv,1.4.0,reader::tests::read_record_unequal_continue,full,success,1.6329562730000002,,,,
aarch64-unknown-linux-gnu,csv,1.4.0,reader::tests::read_record_unequal_fails,full,success,1.6314493703333335,,,,
aarch64-unknown-linux-gnu,csv,1.4.0,reader::tests::read_record_unequal_ok,full,success,1.6269155033333333,,,,
aarch64-unknown-linux-gnu,csv,1.4.0,reader::tests::read_trimed_header_invalid_utf8,full,success,1.6271585696666666,,,,
aarch64-unknown-linux-gnu,csv,1.4.0,reader::tests::read_trimmed_header,full,success,1.6345386583333334,,,,
aarch64-unknown-linux-gnu,csv,1.4.0,reader::tests::read_trimmed_records,full,success,1.635902583,,,,
aarch64-unknown-linux-gnu,csv,1.4.0,reader::tests::read_trimmed_records_and_headers,full,success,1.6390143870000002,,,,
aarch64-unknown-linux-gnu,csv,1.4.0,reader::tests::read_trimmed_records_without_headers,full,success,1.6339231566666668,,,,
aarch64-unknown-linux-gnu,csv,1.4.0,reader::tests::seek,full,success,1.6342232429999999,,,,
aarch64-unknown-linux-gnu,csv,1.4.0,reader::tests::seek_headers_after,full,success,1.6292849286666666,,,,
aarch64-unknown-linux-gnu,csv,1.4.0,reader::tests::seek_headers_before_after,full,success,1.6214051320000002,,,,
aarch64-unknown-linux-gnu,csv,1.4.0,reader::tests::seek_headers_no_actual_seek,full,success,1.6199358603333334,,,,
aarch64-unknown-linux-gnu,csv,1.4.0,serializer::tests::bool,full,success,0.10561840666666668,,,,
aarch64-unknown-linux-gnu,csv,1.4.0,serializer::tests::bytes,full,success,0.10676723033333334,,,,
aarch64-unknown-linux-gnu,csv,1.4.0,serializer::tests::char,full,success,0.10514274633333333,,,,
aarch64-unknown-linux-gnu,csv,1.4.0,serializer::tests::enum_newtypes,full,success,0.11009795033333335,,,,
aarch64-unknown-linux-gnu,csv,1.4.0,serializer::tests::enum_struct_variant,full,success,0.105285433,,,,
aarch64-unknown-linux-gnu,csv,1.4.0,serializer::tests::enum_units,full,success,0.11035620266666668,,,,
aarch64-unknown-linux-gnu,csv,1.4.0,serializer::tests::float,full,success,0.10496103200000001,,,,
aarch64-unknown-linux-gnu,csv,1.4.0,serializer::tests::float_nan,full,success,0.10561229500000001,,,,
aarch64-unknown-linux-gnu,csv,1.4.0,serializer::tests::integer,full,success,0.105864582,,,,
aarch64-unknown-linux-gnu,csv,1.4.0,serializer::tests::integer_i128,full,success,0.10684413633333334,,,,
aarch64-unknown-linux-gnu,csv,1.4.0,serializer::tests::integer_u128,full,success,0.106994692,,,,
aarch64-unknown-linux-gnu,csv,1.4.0,serializer::tests::option,full,success,0.10714882166666667,,,,
aarch64-unknown-linux-gnu,csv,1.4.0,serializer::tests::seq,full,success,0.10700946333333335,,,,
aarch64-unknown-linux-gnu,csv,1.4.0,serializer::tests::str,full,success,0.10667638500000003,,,,
aarch64-unknown-linux-gnu,csv,1.4.0,serializer::tests::struct_headers,full,success,0.10757260133333334,,,,
aarch64-unknown-linux-gnu,csv,1.4.0,serializer::tests::struct_headers_inside_nested_tuple_seq,full,success,0.11427542133333335,,,,
aarch64-unknown-linux-gnu,csv,1.4.0,serializer::tests::struct_headers_inside_seq,full,success,0.11017344800000001,,,,
aarch64-unknown-linux-gnu,csv,1.4.0,serializer::tests::struct_headers_inside_tuple,full,success,0.11323490733333334,,,,
aarch64-unknown-linux-gnu,csv,1.4.0,serializer::tests::struct_headers_inside_tuple_scalar_after,full,success,0.10859293833333335,,,,
aarch64-unknown-linux-gnu,csv,1.4.0,serializer::tests::struct_headers_inside_tuple_scalar_before,full,success,0.10754588333333333,,,,
aarch64-unknown-linux-gnu,csv,1.4.0,serializer::tests::struct_headers_nested,full,success,0.10834405966666667,,,,
aarch64-unknown-linux-gnu,csv,1.4.0,serializer::tests::struct_headers_nested_seq,full,success,0.10939758700000002,,,,
aarch64-unknown-linux-gnu,csv,1.4.0,serializer::tests::struct_newtype,full,success,0.10584895166666668,,,,
aarch64-unknown-linux-gnu,csv,1.4.0,serializer::tests::struct_no_headers,full,success,0.10620799866666668,,,,
aarch64-unknown-linux-gnu,csv,1.4.0,serializer::tests::struct_no_headers_128,full,success,0.107039512,,,,
aarch64-unknown-linux-gnu,csv,1.4.0,serializer::tests::struct_unit,full,success,0.10561216800000002,,,,
aarch64-unknown-linux-gnu,csv,1.4.0,serializer::tests::tuple,full,success,0.111366678,,,,
aarch64-unknown-linux-gnu,csv,1.4.0,serializer::tests::tuple_struct,full,success,0.107814963,,,,
aarch64-unknown-linux-gnu,csv,1.4.0,serializer::tests::tuple_variant,full,success,0.10547821133333335,,,,
aarch64-unknown-linux-gnu,csv,1.4.0,serializer::tests::unit,full,success,0.10727624666666669,,,,
aarch64-unknown-linux-gnu,csv,1.4.0,string_record::tests::eq_field_boundaries,full,success,0.10669882033333333,,,,
aarch64-unknown-linux-gnu,csv,1.4.0,string_record::tests::eq_record_len,full,success,0.10795607333333335,,,,
aarch64-unknown-linux-gnu,csv,1.4.0,string_record::tests::trim_back,full,success,0.11122116533333333,,,,
aarch64-unknown-linux-gnu,csv,1.4.0,string_record::tests::trim_both,full,success,0.11198603433333333,,,,
aarch64-unknown-linux-gnu,csv,1.4.0,string_record::tests::trim_does_not_panic_on_empty_records_1,full,success,0.10550018233333334,,,,
aarch64-unknown-linux-gnu,csv,1.4.0,string_record::tests::trim_does_not_panic_on_empty_records_2,full,success,0.10601846033333334,,,,
aarch64-unknown-linux-gnu,csv,1.4.0,string_record::tests::trim_does_not_panic_on_empty_records_3,full,success,0.10415401733333333,,,,
aarch64-unknown-linux-gnu,csv,1.4.0,string_record::tests::trim_front,full,success,0.11102850933333334,,,,
aarch64-unknown-linux-gnu,csv,1.4.0,string_record::tests::trim_whitespace_only,full,success,0.11704467033333334,,,,
aarch64-unknown-linux-gnu,csv,1.4.0,writer::tests::comment_char_is_automatically_quoted,full,success,0.10537246700000001,,,,
aarch64-unknown-linux-gnu,csv,1.4.0,writer::tests::full_buffer_should_not_flush_underlying,full,success,0.114464878,,,,
aarch64-unknown-linux-gnu,csv,1.4.0,writer::tests::one_byte_record,full,success,0.10753068066666667,,,,
aarch64-unknown-linux-gnu,csv,1.4.0,writer::tests::one_empty_record,full,success,0.10489212533333335,,,,
aarch64-unknown-linux-gnu,csv,1.4.0,writer::tests::one_record,full,success,0.10593999933333333,,,,
aarch64-unknown-linux-gnu,csv,1.4.0,writer::tests::one_string_record,full,success,0.10867234633333334,,,,
aarch64-unknown-linux-gnu,csv,1.4.0,writer::tests::raw_one_byte_record,full,success,0.10823304066666668,,,,
aarch64-unknown-linux-gnu,csv,1.4.0,writer::tests::raw_one_empty_record,full,success,0.105717831,,,,
aarch64-unknown-linux-gnu,csv,1.4.0,writer::tests::raw_two_empty_records,full,success,0.10679094833333334,,,,
aarch64-unknown-linux-gnu,csv,1.4.0,writer::tests::raw_unequal_records_bad,full,success,0.10949449100000001,,,,
aarch64-unknown-linux-gnu,csv,1.4.0,writer::tests::raw_unequal_records_ok,full,success,0.10868196733333335,,,,
aarch64-unknown-linux-gnu,csv,1.4.0,writer::tests::serialize_no_headers,full,success,0.10587100866666667,,,,
aarch64-unknown-linux-gnu,csv,1.4.0,writer::tests::serialize_no_headers_128,full,success,0.10673687166666668,,,,
aarch64-unknown-linux-gnu,csv,1.4.0,writer::tests::serialize_tuple,full,success,0.10639344133333334,,,,
aarch64-unknown-linux-gnu,csv,1.4.0,writer::tests::serialize_with_headers,full,success,0.108297925,,,,
aarch64-unknown-linux-gnu,csv,1.4.0,writer::tests::two_empty_records,full,success,0.10533231066666666,,,,
aarch64-unknown-linux-gnu,csv,1.4.0,writer::tests::unequal_records_bad,full,success,0.10885899933333333,,,,
aarch64-unknown-linux-gnu,csv,1.4.0,writer::tests::unequal_records_ok,full,success,0.10909610433333333,,,,
aarch64-unknown-linux-gnu,curve25519-dalek,4.1.3,backend::serial::u64::scalar::test::add,full,success,0.107634728,,,,
aarch64-unknown-linux-gnu,curve25519-dalek,4.1.3,backend::serial::u64::scalar::test::from_bytes_wide,full,success,0.10784977233333333,,,,
aarch64-unknown-linux-gnu,curve25519-dalek,4.1.3,backend::serial::u64::scalar::test::montgomery_mul,full,success,0.10547239766666666,,,,
aarch64-unknown-linux-gnu,curve25519-dalek,4.1.3,backend::serial::u64::scalar::test::montgomery_mul_max,full,success,0.10603738866666668,,,,
aarch64-unknown-linux-gnu,curve25519-dalek,4.1.3,backend::serial::u64::scalar::test::montgomery_square_max,full,success,0.10630181600000001,,,,
aarch64-unknown-linux-gnu,curve25519-dalek,4.1.3,backend::serial::u64::scalar::test::mul,full,success,0.10669052733333334,,,,
aarch64-unknown-linux-gnu,curve25519-dalek,4.1.3,backend::serial::u64::scalar::test::mul_max,full,success,0.106723344,,,,
aarch64-unknown-linux-gnu,curve25519-dalek,4.1.3,backend::serial::u64::scalar::test::square_max,full,success,0.10783989466666667,,,,
aarch64-unknown-linux-gnu,curve25519-dalek,4.1.3,backend::serial::u64::scalar::test::sub,full,success,0.10782321366666668,,,,
aarch64-unknown-linux-gnu,curve25519-dalek,4.1.3,constants::test::test_d_vs_ratio,full,success,0.11240895333333334,,,,
aarch64-unknown-linux-gnu,curve25519-dalek,4.1.3,constants::test::test_eight_torsion,full,success,0.197751636,,,,
aarch64-unknown-linux-gnu,curve25519-dalek,4.1.3,constants::test::test_four_torsion,full,success,0.15592098166666668,,,,
aarch64-unknown-linux-gnu,curve25519-dalek,4.1.3,constants::test::test_sqrt_ad_minus_one,full,success,0.11215165166666667,,,,
aarch64-unknown-linux-gnu,curve25519-dalek,4.1.3,constants::test::test_sqrt_constants_sign,full,success,0.12034575933333334,,,,
aarch64-unknown-linux-gnu,curve25519-dalek,4.1.3,constants::test::test_sqrt_minus_one,full,success,0.11177962400000001,,,,
aarch64-unknown-linux-gnu,curve25519-dalek,4.1.3,constants::test::test_two_torsion,full,success,0.13045692900000003,,,,
aarch64-unknown-linux-gnu,curve25519-dalek,4.1.3,edwards::test::basepoint16_vs_mul_by_pow_2_4,full,success,0.10999847600000001,,,,
aarch64-unknown-linux-gnu,curve25519-dalek,4.1.3,edwards::test::basepoint_decompression_compression,full,success,0.12360345333333334,,,,
aarch64-unknown-linux-gnu,curve25519-dalek,4.1.3,edwards::test::basepoint_double_vs_basepoint2,full,success,0.10788720600000001,,,,
aarch64-unknown-linux-gnu,curve25519-dalek,4.1.3,edwards::test::basepoint_mult_by_basepoint_order,full,success,0.22441136000000003,,,,
aarch64-unknown-linux-gnu,curve25519-dalek,4.1.3,edwards::test::basepoint_mult_one_vs_basepoint,full,success,0.22001382733333333,,,,
aarch64-unknown-linux-gnu,curve25519-dalek,4.1.3,edwards::test::basepoint_mult_two_vs_basepoint2,full,success,0.22204074733333334,,,,
aarch64-unknown-linux-gnu,curve25519-dalek,4.1.3,edwards::test::basepoint_mult_vs_ed25519py,full,success,0.2200174456666667,,,,
aarch64-unknown-linux-gnu,curve25519-dalek,4.1.3,edwards::test::basepoint_plus_basepoint_affine_niels_vs_basepoint2,full,success,0.10990742866666668,,,,
aarch64-unknown-linux-gnu,curve25519-dalek,4.1.3,edwards::test::basepoint_plus_basepoint_projective_niels_vs_basepoint2,full,success,0.11137848899999998,,,,
aarch64-unknown-linux-gnu,curve25519-dalek,4.1.3,edwards::test::basepoint_plus_basepoint_vs_basepoint2,full,success,0.112010611,,,,
aarch64-unknown-linux-gnu,curve25519-dalek,4.1.3,edwards::test::basepoint_projective_extended_round_trip,full,success,0.108721279,,,,
aarch64-unknown-linux-gnu,curve25519-dalek,4.1.3,edwards::test::basepoint_table_basepoint_function_correct,full,success,0.10960533133333333,,,,
aarch64-unknown-linux-gnu,curve25519-dalek,4.1.3,edwards::test::basepoint_tables,full,success,10.163399808000001,,,,
aarch64-unknown-linux-gnu,curve25519-dalek,4.1.3,edwards::test::basepoint_tables_unreduced_scalar,full,success,10.173515253,,,,
aarch64-unknown-linux-gnu,curve25519-dalek,4.1.3,edwards::test::compressed_identity,full,success,0.10651378633333335,,,,
aarch64-unknown-linux-gnu,curve25519-dalek,4.1.3,edwards::test::conditional_assign_for_affine_niels_point,full,success,0.12293397933333333,,,,
aarch64-unknown-linux-gnu,curve25519-dalek,4.1.3,edwards::test::decompression_sign_handling,full,success,0.12494745333333335,,,,
aarch64-unknown-linux-gnu,curve25519-dalek,4.1.3,edwards::test::extended_point_equality_handles_scaling,full,success,0.11263656100000001,,,,
aarch64-unknown-linux-gnu,curve25519-dalek,4.1.3,edwards::test::impl_sum,full,success,1.982783466,,,,
aarch64-unknown-linux-gnu,curve25519-dalek,4.1.3,edwards::test::is_identity,full,success,0.11860200833333334,,,,
aarch64-unknown-linux-gnu,curve25519-dalek,4.1.3,edwards::test::is_small_order,full,success,0.16175448733333334,,,,
aarch64-unknown-linux-gnu,curve25519-dalek,4.1.3,edwards::test::scalar_mul_vs_ed25519py,full,success,0.41690233000000004,,,,
aarch64-unknown-linux-gnu,curve25519-dalek,4.1.3,edwards::test::scalarmult_extended_point_works_both_ways,full,success,0.7398147743333334,,,,
aarch64-unknown-linux-gnu,curve25519-dalek,4.1.3,edwards::test::test_precomputed_basepoint_mult,full,success,0.5241216710000001,,,,
aarch64-unknown-linux-gnu,curve25519-dalek,4.1.3,edwards::test::to_affine_niels_clears_denominators,full,success,0.21957352866666668,,,,
aarch64-unknown-linux-gnu,curve25519-dalek,4.1.3,edwards::test::vartime::double_scalar_mul_basepoint_vs_ed25519py,full,success,0.21250337033333333,,,,
aarch64-unknown-linux-gnu,curve25519-dalek,4.1.3,edwards::test::vartime::multiscalar_mul_vartime_vs_consttime,full,success,1.0948100116666668,,,,
aarch64-unknown-linux-gnu,curve25519-dalek,4.1.3,edwards::test::vartime::multiscalar_mul_vs_ed25519py,full,success,0.3364694993333333,,,,
aarch64-unknown-linux-gnu,curve25519-dalek,4.1.3,field::test::a_invert_vs_inverse_of_a_constant,full,success,0.11231457066666667,,,,
aarch64-unknown-linux-gnu,curve25519-dalek,4.1.3,field::test::a_mul_a_vs_a_squared_constant,full,success,0.109190665,,,,
aarch64-unknown-linux-gnu,curve25519-dalek,4.1.3,field::test::a_p58_vs_ap58_constant,full,success,0.11021569266666666,,,,
aarch64-unknown-linux-gnu,curve25519-dalek,4.1.3,field::test::a_square2_vs_a_squared_constant,full,success,0.10937823066666667,,,,
aarch64-unknown-linux-gnu,curve25519-dalek,4.1.3,field::test::a_square_vs_a_squared_constant,full,success,0.10821924233333334,,,,
aarch64-unknown-linux-gnu,curve25519-dalek,4.1.3,field::test::batch_invert_a_matches_nonbatched,full,success,0.16023130066666666,,,,
aarch64-unknown-linux-gnu,curve25519-dalek,4.1.3,field::test::batch_invert_empty,full,success,0.10958806800000002,,,,
aarch64-unknown-linux-gnu,curve25519-dalek,4.1.3,field::test::conditional_negate,full,success,0.11479638433333335,,,,
aarch64-unknown-linux-gnu,curve25519-dalek,4.1.3,field::test::encoding_is_canonical,full,success,0.10905996600000001,,,,
aarch64-unknown-linux-gnu,curve25519-dalek,4.1.3,field::test::equality,full,success,0.11292918566666667,,,,
aarch64-unknown-linux-gnu,curve25519-dalek,4.1.3,field::test::from_bytes_highbit_is_ignored,full,success,0.11017119333333335,,,,
aarch64-unknown-linux-gnu,curve25519-dalek,4.1.3,field::test::sqrt_ratio_behavior,full,success,0.1611074246666667,,,,
aarch64-unknown-linux-gnu,curve25519-dalek,4.1.3,montgomery::test::basepoint_edwards_to_montgomery,full,success,0.10933434766666668,,,,
aarch64-unknown-linux-gnu,curve25519-dalek,4.1.3,montgomery::test::basepoint_montgomery_to_edwards,full,success,0.13910840800000002,,,,
aarch64-unknown-linux-gnu,curve25519-dalek,4.1.3,montgomery::test::eq_defined_mod_p,full,success,0.10954256766666666,,,,
aarch64-unknown-linux-gnu,curve25519-dalek,4.1.3,montgomery::test::identity_in_different_coordinates,full,success,0.10976358000000001,,,,
aarch64-unknown-linux-gnu,curve25519-dalek,4.1.3,montgomery::test::identity_in_different_models,full,success,0.11065198700000001,,,,
aarch64-unknown-linux-gnu,curve25519-dalek,4.1.3,montgomery::test::montgomery_elligator_correct,full,success,0.11803431133333335,,,,
aarch64-unknown-linux-gnu,curve25519-dalek,4.1.3,montgomery::test::montgomery_elligator_zero_zero,full,success,0.11780980866666667,,,,
aarch64-unknown-linux-gnu,curve25519-dalek,4.1.3,montgomery::test::montgomery_to_edwards_rejects_twist,full,success,0.12225522500000001,,,,
aarch64-unknown-linux-gnu,curve25519-dalek,4.1.3,montgomery::test::mul_base_clamped,full,success,37.69379589366667,,,,
aarch64-unknown-linux-gnu,curve25519-dalek,4.1.3,ristretto::test::basepoint_roundtrip,full,success,0.12899661066666668,,,,
aarch64-unknown-linux-gnu,curve25519-dalek,4.1.3,ristretto::test::compress_id,full,success,0.11381365733333333,,,,
aarch64-unknown-linux-gnu,curve25519-dalek,4.1.3,ristretto::test::decompress_id,full,success,0.12283022766666668,,,,
aarch64-unknown-linux-gnu,curve25519-dalek,4.1.3,ristretto::test::decompress_negative_s_fails,full,success,0.11021109033333333,,,,
aarch64-unknown-linux-gnu,curve25519-dalek,4.1.3,ristretto::test::elligator_vs_ristretto_sage,full,success,0.38262576100000006,,,,
aarch64-unknown-linux-gnu,curve25519-dalek,4.1.3,ristretto::test::encodings_of_small_multiples_of_basepoint,full,success,0.254752448,,,,
aarch64-unknown-linux-gnu,curve25519-dalek,4.1.3,ristretto::test::four_torsion_basepoint,full,success,0.12955697200000002,,,,
aarch64-unknown-linux-gnu,curve25519-dalek,4.1.3,ristretto::test::four_torsion_random,full,success,0.24477455233333334,,,,
aarch64-unknown-linux-gnu,curve25519-dalek,4.1.3,ristretto::test::impl_sum,full,success,1.974927711,,,,
aarch64-unknown-linux-gnu,curve25519-dalek,4.1.3,ristretto::test::one_way_map,full,success,0.4007588106666667,,,,
aarch64-unknown-linux-gnu,curve25519-dalek,4.1.3,ristretto::test::random_roundtrip,full,success,14.486933141,,,,
aarch64-unknown-linux-gnu,curve25519-dalek,4.1.3,ristretto::test::scalarmult_ristrettopoint_works_both_ways,full,success,0.76139584,,,,
aarch64-unknown-linux-gnu,curve25519-dalek,4.1.3,scalar::test::add_reduces,full,success,0.11156712366666666,,,,
aarch64-unknown-linux-gnu,curve25519-dalek,4.1.3,scalar::test::batch_invert_consistency,full,success,0.6623116196666667,,,,
aarch64-unknown-linux-gnu,curve25519-dalek,4.1.3,scalar::test::batch_invert_empty,full,success,0.26717203833333336,,,,
aarch64-unknown-linux-gnu,curve25519-dalek,4.1.3,scalar::test::batch_invert_with_a_zero_input_panics,full,success,0.1448501746666667,,,,
aarch64-unknown-linux-gnu,curve25519-dalek,4.1.3,scalar::test::canonical_decoding,full,success,0.11860167066666667,,,,
aarch64-unknown-linux-gnu,curve25519-dalek,4.1.3,scalar::test::from_bytes_mod_order_wide,full,success,0.11187622666666668,,,,
aarch64-unknown-linux-gnu,curve25519-dalek,4.1.3,scalar::test::from_u64,full,success,0.107727164,,,,
aarch64-unknown-linux-gnu,curve25519-dalek,4.1.3,scalar::test::fuzzer_testcase_reduction,full,success,0.12349913033333333,,,,
aarch64-unknown-linux-gnu,curve25519-dalek,4.1.3,scalar::test::impl_add,full,success,0.11153470933333333,,,,
aarch64-unknown-linux-gnu,curve25519-dalek,4.1.3,scalar::test::impl_mul,full,success,0.11321825866666668,,,,
aarch64-unknown-linux-gnu,curve25519-dalek,4.1.3,scalar::test::impl_product,full,success,0.203084012,,,,
aarch64-unknown-linux-gnu,curve25519-dalek,4.1.3,scalar::test::impl_sum,full,success,0.1751092843333333,,,,
aarch64-unknown-linux-gnu,curve25519-dalek,4.1.3,scalar::test::invert,full,success,0.2705849046666667,,,,
aarch64-unknown-linux-gnu,curve25519-dalek,4.1.3,scalar::test::montgomery_reduce_matches_from_bytes_mod_order_wide,full,success,0.11188829933333334,,,,
aarch64-unknown-linux-gnu,curve25519-dalek,4.1.3,scalar::test::neg_twice_is_identity,full,success,0.11086569866666666,,,,
aarch64-unknown-linux-gnu,curve25519-dalek,4.1.3,scalar::test::non_adjacent_form_test_vector,full,success,0.123370665,,,,
aarch64-unknown-linux-gnu,curve25519-dalek,4.1.3,scalar::test::reduce,full,success,0.11009254600000001,,,,
aarch64-unknown-linux-gnu,curve25519-dalek,4.1.3,scalar::test::scalar_mul_by_one,full,success,0.11144570799999999,,,,
aarch64-unknown-linux-gnu,curve25519-dalek,4.1.3,scalar::test::square,full,success,0.11273875166666668,,,,
aarch64-unknown-linux-gnu,curve25519-dalek,4.1.3,scalar::test::sub_reduces,full,success,0.11080129266666666,,,,
aarch64-unknown-linux-gnu,curve25519-dalek,4.1.3,scalar::test::test_mul_reduction_invariance,full,success,0.5970239573333335,,,,
aarch64-unknown-linux-gnu,curve25519-dalek,4.1.3,scalar::test::test_read_le_u64_into,full,success,0.10847330100000001,,,,
aarch64-unknown-linux-gnu,curve25519-dalek,4.1.3,scalar::test::test_read_le_u64_into_should_panic_on_bad_input,full,success,0.11411548933333333,,,,
aarch64-unknown-linux-gnu,curve25519-dalek,4.1.3,scalar::test::test_scalar_clamp,full,success,0.10781406900000001,,,,
aarch64-unknown-linux-gnu,curve25519-dalek,4.1.3,scalar::test::test_scalar_from_int,full,success,0.12885630933333334,,,,
aarch64-unknown-linux-gnu,curve25519-dalek,4.1.3,scalar::test::to_bytes_from_bytes_roundtrips,full,success,0.10990178666666667,,,,
aarch64-unknown-linux-gnu,der,0.8.0,asn1::bit_string::tests::bitstring_valueord_value_cmp,full,success,0.10415858533333335,,,,
aarch64-unknown-linux-gnu,der,0.8.0,asn1::bit_string::tests::decode_bitstring_with_unused_bits,full,success,0.10716279433333335,,,,
aarch64-unknown-linux-gnu,der,0.8.0,asn1::bit_string::tests::decode_empty_bitstring,full,success,0.105616388,,,,
aarch64-unknown-linux-gnu,der,0.8.0,asn1::bit_string::tests::decode_non_empty_bitstring,full,success,0.10413785366666667,,,,
aarch64-unknown-linux-gnu,der,0.8.0,asn1::bit_string::tests::reject_unused_bits_in_empty_string,full,success,0.10359438100000001,,,,
aarch64-unknown-linux-gnu,der,0.8.0,asn1::boolean::tests::decode,full,success,0.10289696666666669,,,,
aarch64-unknown-linux-gnu,der,0.8.0,asn1::boolean::tests::encode,full,success,0.10399337333333335,,,,
aarch64-unknown-linux-gnu,der,0.8.0,asn1::boolean::tests::reject_non_canonical,full,success,0.10438090500000001,,,,
aarch64-unknown-linux-gnu,der,0.8.0,asn1::context_specific::tests::context_specific_not_skipping_unknown_field,full,success,0.10440471733333334,,,,
aarch64-unknown-linux-gnu,der,0.8.0,asn1::context_specific::tests::context_specific_returns_none_on_greater_tag_number,full,success,0.10335054,,,,
aarch64-unknown-linux-gnu,der,0.8.0,asn1::context_specific::tests::context_specific_with_explicit_field,full,success,0.10429384600000001,,,,
aarch64-unknown-linux-gnu,der,0.8.0,asn1::context_specific::tests::context_specific_with_implicit_field,full,success,0.10405375400000001,,,,
aarch64-unknown-linux-gnu,der,0.8.0,asn1::context_specific::tests::round_trip,full,success,0.10513119700000001,,,,
aarch64-unknown-linux-gnu,der,0.8.0,asn1::generalized_time::tests::invalid_day_generalized_time,full,success,0.10245422033333335,,,,
aarch64-unknown-linux-gnu,der,0.8.0,asn1::generalized_time::tests::invalid_hour_generalized_time,full,success,0.10291083066666668,,,,
aarch64-unknown-linux-gnu,der,0.8.0,asn1::generalized_time::tests::invalid_minute_generalized_time,full,success,0.10419637066666669,,,,
aarch64-unknown-linux-gnu,der,0.8.0,asn1::generalized_time::tests::invalid_month_generalized_time,full,success,0.10418592100000001,,,,
aarch64-unknown-linux-gnu,der,0.8.0,asn1::generalized_time::tests::invalid_second_generalized_time,full,success,0.10385334166666667,,,,
aarch64-unknown-linux-gnu,der,0.8.0,asn1::generalized_time::tests::invalid_year_generalized_time,full,success,0.10486912266666666,,,,
aarch64-unknown-linux-gnu,der,0.8.0,asn1::generalized_time::tests::max_valid_generalized_time,full,success,0.10700187866666667,,,,
aarch64-unknown-linux-gnu,der,0.8.0,asn1::generalized_time::tests::round_trip,full,success,0.10745852333333335,,,,
aarch64-unknown-linux-gnu,der,0.8.0,asn1::ia5_string::tests::parse_bytes,full,success,0.10581027066666666,,,,
aarch64-unknown-linux-gnu,der,0.8.0,asn1::integer::int::tests::decode_intref,full,success,0.10631025666666667,,,,
aarch64-unknown-linux-gnu,der,0.8.0,asn1::integer::int::tests::encode_intref,full,success,0.10895334700000002,,,,
aarch64-unknown-linux-gnu,der,0.8.0,asn1::integer::int::tests::validate_canonical_err,full,success,0.10425677700000001,,,,
aarch64-unknown-linux-gnu,der,0.8.0,asn1::integer::int::tests::validate_canonical_ok,full,success,0.10485908533333334,,,,
aarch64-unknown-linux-gnu,der,0.8.0,asn1::integer::tests::decode_i16,full,success,0.10711057,,,,
aarch64-unknown-linux-gnu,der,0.8.0,asn1::integer::tests::decode_i8,full,success,0.105121876,,,,
aarch64-unknown-linux-gnu,der,0.8.0,asn1::integer::tests::decode_u16,full,success,0.105561866,,,,
aarch64-unknown-linux-gnu,der,0.8.0,asn1::integer::tests::decode_u8,full,success,0.10385304366666666,,,,
aarch64-unknown-linux-gnu,der,0.8.0,asn1::integer::tests::encode_i16,full,success,0.10711030333333334,,,,
aarch64-unknown-linux-gnu,der,0.8.0,asn1::integer::tests::encode_i8,full,success,0.10567515133333334,,,,
aarch64-unknown-linux-gnu,der,0.8.0,asn1::integer::tests::encode_u16,full,success,0.10787218,,,,
aarch64-unknown-linux-gnu,der,0.8.0,asn1::integer::tests::encode_u8,full,success,0.103643245,,,,
aarch64-unknown-linux-gnu,der,0.8.0,asn1::integer::tests::reject_empty,full,success,0.10316181233333334,,,,
aarch64-unknown-linux-gnu,der,0.8.0,asn1::integer::tests::reject_non_canonical,full,success,0.10391195400000001,,,,
aarch64-unknown-linux-gnu,der,0.8.0,asn1::integer::uint::tests::decode_to_array_extra_zero,full,success,0.10390691466666667,,,,
aarch64-unknown-linux-gnu,der,0.8.0,asn1::integer::uint::tests::decode_to_array_leading_zero,full,success,0.103704083,,,,
aarch64-unknown-linux-gnu,der,0.8.0,asn1::integer::uint::tests::decode_to_array_missing_zero,full,success,0.10353139700000001,,,,
aarch64-unknown-linux-gnu,der,0.8.0,asn1::integer::uint::tests::decode_to_array_no_leading_zero,full,success,0.10343128400000001,,,,
aarch64-unknown-linux-gnu,der,0.8.0,asn1::integer::uint::tests::decode_to_array_oversized_input,full,success,0.10316190033333333,,,,
aarch64-unknown-linux-gnu,der,0.8.0,asn1::integer::uint::tests::decode_uintref,full,success,0.10602286500000001,,,,
aarch64-unknown-linux-gnu,der,0.8.0,asn1::integer::uint::tests::encode_uintref,full,success,0.106941613,,,,
aarch64-unknown-linux-gnu,der,0.8.0,asn1::integer::uint::tests::reject_oversize_without_extra_zero,full,success,0.10363508,,,,
aarch64-unknown-linux-gnu,der,0.8.0,asn1::null::tests::decode,full,success,0.10358275333333333,,,,
aarch64-unknown-linux-gnu,der,0.8.0,asn1::null::tests::encode,full,success,0.10332827766666668,,,,
aarch64-unknown-linux-gnu,der,0.8.0,asn1::null::tests::reject_non_canonical,full,success,0.10278307233333334,,,,
aarch64-unknown-linux-gnu,der,0.8.0,asn1::octet_string::tests::octet_string_decode,full,success,0.10336908100000002,,,,
aarch64-unknown-linux-gnu,der,0.8.0,asn1::octet_string::tests::octet_string_decode_into,full,success,0.10417660166666669,,,,
aarch64-unknown-linux-gnu,der,0.8.0,asn1::printable_string::tests::parse_bytes,full,success,0.10428418300000002,,,,
aarch64-unknown-linux-gnu,der,0.8.0,asn1::teletex_string::tests::parse_bytes,full,success,0.10360570666666667,,,,
aarch64-unknown-linux-gnu,der,0.8.0,asn1::utc_time::tests::round_trip_vector,full,success,0.10643110966666668,,,,
aarch64-unknown-linux-gnu,der,0.8.0,asn1::utf8_string::tests::parse_ascii_bytes,full,success,0.10309330866666666,,,,
aarch64-unknown-linux-gnu,der,0.8.0,asn1::utf8_string::tests::parse_utf8_bytes,full,success,0.10451109233333333,,,,
aarch64-unknown-linux-gnu,der,0.8.0,asn1::videotex_string::tests::parse_bytes,full,success,0.105165467,,,,
aarch64-unknown-linux-gnu,der,0.8.0,datetime::tests::feb_leap_year_handling,full,success,0.10383008766666668,,,,
aarch64-unknown-linux-gnu,der,0.8.0,datetime::tests::from_str,full,success,0.10419861300000001,,,,
aarch64-unknown-linux-gnu,der,0.8.0,datetime::tests::invalid_dates,full,success,0.10339353766666666,,,,
aarch64-unknown-linux-gnu,der,0.8.0,encoding_rules::tests::parse,full,success,0.10425902766666667,,,,
aarch64-unknown-linux-gnu,der,0.8.0,header::tests::negative_peek_overlength_header,full,success,0.10413999933333334,,,,
aarch64-unknown-linux-gnu,der,0.8.0,header::tests::peek,full,success,0.104312888,,,,
aarch64-unknown-linux-gnu,der,0.8.0,header::tests::peek_max_header,full,success,0.10439363400000001,,,,
aarch64-unknown-linux-gnu,der,0.8.0,length::tests::add_overflows_when_max_length_exceeded,full,success,0.10420940466666669,,,,
aarch64-unknown-linux-gnu,der,0.8.0,length::tests::decode,full,success,0.105030823,,,,
aarch64-unknown-linux-gnu,der,0.8.0,length::tests::der_ord,full,success,0.10451253066666667,,,,
aarch64-unknown-linux-gnu,der,0.8.0,length::tests::encode,full,success,0.10552877333333333,,,,
aarch64-unknown-linux-gnu,der,0.8.0,reader::slice::tests::empty_message,full,success,0.10362424866666668,,,,
aarch64-unknown-linux-gnu,der,0.8.0,reader::slice::tests::invalid_field_length,full,success,0.10358123266666668,,,,
aarch64-unknown-linux-gnu,der,0.8.0,reader::slice::tests::trailing_data,full,success,0.10478806666666667,,,,
aarch64-unknown-linux-gnu,der,0.8.0,tag::tests::decoding,full,success,0.105584151,,,,
aarch64-unknown-linux-gnu,der,0.8.0,tag::tests::negative_peek_long_tags,full,success,0.10287594166666668,,,,
aarch64-unknown-linux-gnu,der,0.8.0,tag::tests::peek,full,success,0.10384993333333332,,,,
aarch64-unknown-linux-gnu,der,0.8.0,tag::tests::peek_long_tags,full,success,0.10419400766666669,,,,
aarch64-unknown-linux-gnu,der,0.8.0,tag::tests::tag_class,full,success,0.10633028466666668,,,,
aarch64-unknown-linux-gnu,der,0.8.0,tag::tests::tag_order,full,success,0.10425561900000001,,,,
aarch64-unknown-linux-gnu,der,0.8.0,writer::slice::tests::overlength_message,full,success,0.10370921033333334,,,,
aarch64-unknown-linux-gnu,dirs-sys-next,0.1.2,xdg_user_dirs::tests::test_absolute_path_is_accepted,full,success,0.11085658133333333,,,,
aarch64-unknown-linux-gnu,dirs-sys-next,0.1.2,xdg_user_dirs::tests::test_disabled_directory,full,success,0.10669742366666668,,,,
aarch64-unknown-linux-gnu,dirs-sys-next,0.1.2,xdg_user_dirs::tests::test_parse_empty,full,success,0.10549407966666668,,,,
aarch64-unknown-linux-gnu,dirs-sys-next,0.1.2,xdg_user_dirs::tests::test_parse_user_dirs,full,success,0.20301528066666666,,,,
aarch64-unknown-linux-gnu,dirs-sys-next,0.1.2,xdg_user_dirs::tests::test_relative_path_is_rejected,full,success,0.10664666166666666,,,,
aarch64-unknown-linux-gnu,dirs-sys-next,0.1.2,xdg_user_dirs::tests::test_relative_to_home,full,success,0.11192631800000001,,,,
aarch64-unknown-linux-gnu,dirs-sys-next,0.1.2,xdg_user_dirs::tests::test_shell_unescape,full,success,0.106073113,,,,
aarch64-unknown-linux-gnu,dirs-sys-next,0.1.2,xdg_user_dirs::tests::test_split_once,full,success,0.105465433,,,,
aarch64-unknown-linux-gnu,dirs-sys-next,0.1.2,xdg_user_dirs::tests::test_trim_blank,full,success,0.10692581866666667,,,,
aarch64-unknown-linux-gnu,dirs-sys,0.5.0,xdg_user_dirs::tests::test_absolute_path_is_accepted,full,success,0.11136062266666667,,,,
aarch64-unknown-linux-gnu,dirs-sys,0.5.0,xdg_user_dirs::tests::test_disabled_directory,full,success,0.10830092333333334,,,,
aarch64-unknown-linux-gnu,dirs-sys,0.5.0,xdg_user_dirs::tests::test_parse_empty,full,success,0.10530293066666667,,,,
aarch64-unknown-linux-gnu,dirs-sys,0.5.0,xdg_user_dirs::tests::test_parse_user_dirs,full,success,0.20583387600000003,,,,
aarch64-unknown-linux-gnu,dirs-sys,0.5.0,xdg_user_dirs::tests::test_relative_path_is_rejected,full,success,0.10804789633333334,,,,
aarch64-unknown-linux-gnu,dirs-sys,0.5.0,xdg_user_dirs::tests::test_relative_to_home,full,success,0.112942326,,,,
aarch64-unknown-linux-gnu,dirs-sys,0.5.0,xdg_user_dirs::tests::test_shell_unescape,full,success,0.106688915,,,,
aarch64-unknown-linux-gnu,dirs-sys,0.5.0,xdg_user_dirs::tests::test_split_once,full,success,0.10626924166666668,,,,
aarch64-unknown-linux-gnu,dirs-sys,0.5.0,xdg_user_dirs::tests::test_trim_blank,full,success,0.10652240266666668,,,,
aarch64-unknown-linux-gnu,either,1.15.0,basic,full,success,0.10939489833333334,,,,
aarch64-unknown-linux-gnu,either,1.15.0,deref,full,success,0.10983421633333335,,,,
aarch64-unknown-linux-gnu,either,1.15.0,error,full,success,0.10820131133333333,,,,
aarch64-unknown-linux-gnu,either,1.15.0,iter,full,success,0.10796366800000001,,,,
aarch64-unknown-linux-gnu,either,1.15.0,macros,full,success,0.10867921633333333,,,,
aarch64-unknown-linux-gnu,either,1.15.0,read_write,full,success,0.10912271566666666,,,,
aarch64-unknown-linux-gnu,either,1.15.0,seek,full,success,0.264681927,,,,
aarch64-unknown-linux-gnu,encoding_rs,0.8.35,ascii::tests::test_ascii_to_ascii,full,success,0.22552757000000004,,,,
aarch64-unknown-linux-gnu,encoding_rs,0.8.35,ascii::tests::test_ascii_to_basic_latin,full,success,0.2248687106666667,,,,
aarch64-unknown-linux-gnu,encoding_rs,0.8.35,ascii::tests::test_basic_latin_to_ascii,full,success,0.22572840533333335,,,,
aarch64-unknown-linux-gnu,encoding_rs,0.8.35,big5::tests::test_big5_decode,full,success,0.8407849450000001,,,,
aarch64-unknown-linux-gnu,encoding_rs,0.8.35,big5::tests::test_big5_encode,full,success,0.17923298866666668,,,,
aarch64-unknown-linux-gnu,encoding_rs,0.8.35,euc_jp::tests::test_euc_jp_decode,full,success,0.851032902,,,,
aarch64-unknown-linux-gnu,encoding_rs,0.8.35,euc_jp::tests::test_euc_jp_encode,full,success,0.2349433146666667,,,,
aarch64-unknown-linux-gnu,encoding_rs,0.8.35,euc_kr::tests::test_euc_kr_decode,full,success,0.258391598,,,,
aarch64-unknown-linux-gnu,encoding_rs,0.8.35,euc_kr::tests::test_euc_kr_encode,full,success,3.1031687306666664,,,,
aarch64-unknown-linux-gnu,encoding_rs,0.8.35,euc_kr::tests::test_euc_kr_encode_from_two_low_surrogates,full,success,0.11238292400000001,,,,
aarch64-unknown-linux-gnu,encoding_rs,0.8.35,gb18030::tests::test_gb18030_decode,full,success,1.0790325203333333,,,,
aarch64-unknown-linux-gnu,encoding_rs,0.8.35,gb18030::tests::test_gb18030_encode,full,success,8.104317819333334,,,,
aarch64-unknown-linux-gnu,encoding_rs,0.8.35,gb18030::tests::test_gb18030_encode_from_utf16_max_length,full,success,0.10444100699999999,,,,
aarch64-unknown-linux-gnu,encoding_rs,0.8.35,gb18030::tests::test_gbk_encode,full,success,8.129983239666666,,,,
aarch64-unknown-linux-gnu,encoding_rs,0.8.35,iso_2022_jp::tests::test_iso_2022_jp_decode,full,success,2.703369314,,,,
aarch64-unknown-linux-gnu,encoding_rs,0.8.35,iso_2022_jp::tests::test_iso_2022_jp_encode,full,success,7.364422812666667,,,,
aarch64-unknown-linux-gnu,encoding_rs,0.8.35,iso_2022_jp::tests::test_iso_2022_jp_encode_from_two_low_surrogates,full,success,0.10441155133333334,,,,
aarch64-unknown-linux-gnu,encoding_rs,0.8.35,iso_2022_jp::tests::test_iso_2022_jp_half_width_katakana_length,full,success,0.10464119366666667,,,,
aarch64-unknown-linux-gnu,encoding_rs,0.8.35,iso_2022_jp::tests::test_iso_2022_jp_length_after_escape,full,success,0.104224855,,,,
aarch64-unknown-linux-gnu,encoding_rs,0.8.35,mem::tests::test_check_str_for_latin1_and_bidi,full,success,0.10432986366666668,,,,
aarch64-unknown-linux-gnu,encoding_rs,0.8.35,mem::tests::test_check_utf16_for_latin1_and_bidi,full,success,0.10477709600000001,,,,
aarch64-unknown-linux-gnu,encoding_rs,0.8.35,mem::tests::test_check_utf8_for_latin1_and_bidi,full,success,0.10421947133333336,,,,
aarch64-unknown-linux-gnu,encoding_rs,0.8.35,mem::tests::test_convert_latin1_to_utf16,full,success,0.16970729166666668,,,,
aarch64-unknown-linux-gnu,encoding_rs,0.8.35,mem::tests::test_convert_latin1_to_utf8,full,success,0.21520352333333337,,,,
aarch64-unknown-linux-gnu,encoding_rs,0.8.35,mem::tests::test_convert_latin1_to_utf8_partial,full,success,0.10413911633333335,,,,
aarch64-unknown-linux-gnu,encoding_rs,0.8.35,mem::tests::test_convert_str_to_utf16,full,success,0.10742617933333336,,,,
aarch64-unknown-linux-gnu,encoding_rs,0.8.35,mem::tests::test_convert_utf16_to_latin1_lossy,full,success,0.17048203233333334,,,,
aarch64-unknown-linux-gnu,encoding_rs,0.8.35,mem::tests::test_convert_utf16_to_latin1_lossy_panics,full,success,0.10430517166666668,,,,
aarch64-unknown-linux-gnu,encoding_rs,0.8.35,mem::tests::test_convert_utf16_to_utf8,full,success,0.11155646733333334,,,,
aarch64-unknown-linux-gnu,encoding_rs,0.8.35,mem::tests::test_convert_utf16_to_utf8_partial,full,success,0.110125918,,,,
aarch64-unknown-linux-gnu,encoding_rs,0.8.35,mem::tests::test_convert_utf8_to_latin1_lossy,full,success,0.23840733233333333,,,,
aarch64-unknown-linux-gnu,encoding_rs,0.8.35,mem::tests::test_convert_utf8_to_latin1_lossy_panics,full,success,0.109594796,,,,
aarch64-unknown-linux-gnu,encoding_rs,0.8.35,mem::tests::test_convert_utf8_to_utf16,full,success,0.10857464700000001,,,,
aarch64-unknown-linux-gnu,encoding_rs,0.8.35,mem::tests::test_convert_utf8_to_utf16_without_replacement,full,success,0.10495795766666667,,,,
aarch64-unknown-linux-gnu,encoding_rs,0.8.35,mem::tests::test_decode_latin1,full,success,0.10426267066666667,,,,
aarch64-unknown-linux-gnu,encoding_rs,0.8.35,mem::tests::test_encode_latin1_lossy,full,success,0.10438355,,,,
aarch64-unknown-linux-gnu,encoding_rs,0.8.35,mem::tests::test_ensure_utf16_validity,full,success,0.10498596633333335,,,,
aarch64-unknown-linux-gnu,encoding_rs,0.8.35,mem::tests::test_is_ascii_fail,full,success,0.4360768036666667,,,,
aarch64-unknown-linux-gnu,encoding_rs,0.8.35,mem::tests::test_is_ascii_success,full,success,0.1470189636666667,,,,
aarch64-unknown-linux-gnu,encoding_rs,0.8.35,mem::tests::test_is_basic_latin_fail,full,success,0.426328478,,,,
aarch64-unknown-linux-gnu,encoding_rs,0.8.35,mem::tests::test_is_basic_latin_success,full,success,0.165079415,,,,
aarch64-unknown-linux-gnu,encoding_rs,0.8.35,mem::tests::test_is_char_bidi,full,success,0.10599490866666667,,,,
aarch64-unknown-linux-gnu,encoding_rs,0.8.35,mem::tests::test_is_str_bidi,full,success,0.10628068133333335,,,,
aarch64-unknown-linux-gnu,encoding_rs,0.8.35,mem::tests::test_is_str_latin1_fail,full,success,1.1366180853333334,,,,
aarch64-unknown-linux-gnu,encoding_rs,0.8.35,mem::tests::test_is_str_latin1_success,full,success,0.27077973133333333,,,,
aarch64-unknown-linux-gnu,encoding_rs,0.8.35,mem::tests::test_is_utf16_bidi,full,success,0.10755881466666668,,,,
aarch64-unknown-linux-gnu,encoding_rs,0.8.35,mem::tests::test_is_utf16_code_unit_bidi,full,success,0.10425699733333334,,,,
aarch64-unknown-linux-gnu,encoding_rs,0.8.35,mem::tests::test_is_utf16_latin1_fail,full,success,6.2463617209999995,,,,
aarch64-unknown-linux-gnu,encoding_rs,0.8.35,mem::tests::test_is_utf16_latin1_success,full,success,0.3077814806666667,,,,
aarch64-unknown-linux-gnu,encoding_rs,0.8.35,mem::tests::test_is_utf8_bidi,full,success,0.104187484,,,,
aarch64-unknown-linux-gnu,encoding_rs,0.8.35,mem::tests::test_is_utf8_bidi_edge_cases,full,success,0.10377221966666668,,,,
aarch64-unknown-linux-gnu,encoding_rs,0.8.35,mem::tests::test_is_utf8_latin1_fail,full,success,1.313286231,,,,
aarch64-unknown-linux-gnu,encoding_rs,0.8.35,mem::tests::test_is_utf8_latin1_invalid,full,success,0.10410881733333333,,,,
aarch64-unknown-linux-gnu,encoding_rs,0.8.35,mem::tests::test_is_utf8_latin1_success,full,success,0.271616205,,,,
aarch64-unknown-linux-gnu,encoding_rs,0.8.35,mem::tests::test_utf16_valid_up_to,full,success,0.10534059366666666,,,,
aarch64-unknown-linux-gnu,encoding_rs,0.8.35,replacement::tests::test_replacement_decode,full,success,0.10802831000000002,,,,
aarch64-unknown-linux-gnu,encoding_rs,0.8.35,replacement::tests::test_replacement_encode,full,success,0.13129157100000002,,,,
aarch64-unknown-linux-gnu,encoding_rs,0.8.35,shift_jis::tests::test_shift_jis_decode,full,success,0.38833129600000005,,,,
aarch64-unknown-linux-gnu,encoding_rs,0.8.35,shift_jis::tests::test_shift_jis_encode,full,success,3.9512899156666665,,,,
aarch64-unknown-linux-gnu,encoding_rs,0.8.35,shift_jis::tests::test_shift_jis_half_width_katakana_length,full,success,0.10628938266666667,,,,
aarch64-unknown-linux-gnu,encoding_rs,0.8.35,single_byte::tests::test_ascii_punctuation,full,success,3.0483163206666664,,,,
aarch64-unknown-linux-gnu,encoding_rs,0.8.35,single_byte::tests::test_decode_malformed,full,success,0.15653133100000002,,,,
aarch64-unknown-linux-gnu,encoding_rs,0.8.35,single_byte::tests::test_encode_unmappables,full,success,0.19349151233333337,,,,
aarch64-unknown-linux-gnu,encoding_rs,0.8.35,single_byte::tests::test_encode_unpaired_surrogates,full,success,0.113025423,,,,
aarch64-unknown-linux-gnu,encoding_rs,0.8.35,single_byte::tests::test_single_byte_decode,full,success,2.129905340666667,,,,
aarch64-unknown-linux-gnu,encoding_rs,0.8.35,single_byte::tests::test_single_byte_encode,full,success,0.43093384633333337,,,,
aarch64-unknown-linux-gnu,encoding_rs,0.8.35,single_byte::tests::test_single_byte_from_two_low_surrogates,full,success,0.10771591200000001,,,,
aarch64-unknown-linux-gnu,encoding_rs,0.8.35,single_byte::tests::test_windows_1255_ca,full,success,0.12846871833333331,,,,
aarch64-unknown-linux-gnu,encoding_rs,0.8.35,test_labels_names::test_all_labels,full,success,0.6377482536666668,,,,
aarch64-unknown-linux-gnu,encoding_rs,0.8.35,tests::test_bom_sniffing,full,success,0.11623321333333335,,,,
aarch64-unknown-linux-gnu,encoding_rs,0.8.35,tests::test_buffer_end_iso_2022_jp_from_utf16,full,success,0.10631808733333332,,,,
aarch64-unknown-linux-gnu,encoding_rs,0.8.35,tests::test_buffer_end_iso_2022_jp_from_utf8,full,success,0.10562155200000001,,,,
aarch64-unknown-linux-gnu,encoding_rs,0.8.35,tests::test_buffer_end_utf16be,full,success,0.10472956433333334,,,,
aarch64-unknown-linux-gnu,encoding_rs,0.8.35,tests::test_decode_ascii_only_windows_1257_to_cow,full,success,0.105218713,,,,
aarch64-unknown-linux-gnu,encoding_rs,0.8.35,tests::test_decode_ascii_only_windows_1257_to_cow_with_bom_removal,full,success,0.10514176133333335,,,,
aarch64-unknown-linux-gnu,encoding_rs,0.8.35,tests::test_decode_ascii_only_windows_1257_to_cow_without_bom_handling,full,success,0.10490379933333334,,,,
aarch64-unknown-linux-gnu,encoding_rs,0.8.35,tests::test_decode_ascii_only_windows_1257_to_cow_without_bom_handling_and_without_replacement,full,success,0.10494814866666667,,,,
aarch64-unknown-linux-gnu,encoding_rs,0.8.35,tests::test_decode_bomful_invalid_utf8_as_utf_8_to_cow,full,success,0.10481117400000001,,,,
aarch64-unknown-linux-gnu,encoding_rs,0.8.35,tests::test_decode_bomful_invalid_utf8_as_windows_1257_to_cow,full,success,0.10472829433333335,,,,
aarch64-unknown-linux-gnu,encoding_rs,0.8.35,tests::test_decode_bomful_invalid_utf8_to_cow_without_bom_handling,full,success,0.10534320333333334,,,,
aarch64-unknown-linux-gnu,encoding_rs,0.8.35,tests::test_decode_bomful_invalid_utf8_to_cow_without_bom_handling_and_without_replacement,full,success,0.104383948,,,,
aarch64-unknown-linux-gnu,encoding_rs,0.8.35,tests::test_decode_bomful_valid_utf8_as_utf_8_to_cow,full,success,0.10510286566666667,,,,
aarch64-unknown-linux-gnu,encoding_rs,0.8.35,tests::test_decode_bomful_valid_utf8_as_utf_8_to_cow_with_bom_removal,full,success,0.104065291,,,,
aarch64-unknown-linux-gnu,encoding_rs,0.8.35,tests::test_decode_bomful_valid_utf8_as_windows_1257_to_cow,full,success,0.10537243066666667,,,,
aarch64-unknown-linux-gnu,encoding_rs,0.8.35,tests::test_decode_bomful_valid_utf8_as_windows_1257_to_cow_with_bom_removal,full,success,0.10636306499999999,,,,
aarch64-unknown-linux-gnu,encoding_rs,0.8.35,tests::test_decode_bomful_valid_utf8_to_cow_without_bom_handling,full,success,0.10540618800000001,,,,
aarch64-unknown-linux-gnu,encoding_rs,0.8.35,tests::test_decode_bomful_valid_utf8_to_cow_without_bom_handling_and_without_replacement,full,success,0.10465762233333335,,,,
aarch64-unknown-linux-gnu,encoding_rs,0.8.35,tests::test_decode_invalid_windows_1257_to_cow,full,success,0.10524822333333334,,,,
aarch64-unknown-linux-gnu,encoding_rs,0.8.35,tests::test_decode_invalid_windows_1257_to_cow_with_bom_removal,full,success,0.10563791033333335,,,,
aarch64-unknown-linux-gnu,encoding_rs,0.8.35,tests::test_decode_invalid_windows_1257_to_cow_without_bom_handling,full,success,0.10572388033333334,,,,
aarch64-unknown-linux-gnu,encoding_rs,0.8.35,tests::test_decode_invalid_windows_1257_to_cow_without_bom_handling_and_without_replacement,full,success,0.10513292466666668,,,,
aarch64-unknown-linux-gnu,encoding_rs,0.8.35,tests::test_decode_valid_windows_1257_to_cow,full,success,0.10515118833333333,,,,
aarch64-unknown-linux-gnu,encoding_rs,0.8.35,tests::test_decode_valid_windows_1257_to_cow_with_bom_removal,full,success,0.10588017200000001,,,,
aarch64-unknown-linux-gnu,encoding_rs,0.8.35,tests::test_decode_valid_windows_1257_to_cow_without_bom_handling,full,success,0.10570495266666667,,,,
aarch64-unknown-linux-gnu,encoding_rs,0.8.35,tests::test_decode_valid_windows_1257_to_cow_without_bom_handling_and_without_replacement,full,success,0.10595800166666668,,,,
aarch64-unknown-linux-gnu,encoding_rs,0.8.35,tests::test_encode_ascii_only_windows_1257_to_cow,full,success,0.10444071333333334,,,,
aarch64-unknown-linux-gnu,encoding_rs,0.8.35,tests::test_encode_valid_windows_1257_to_cow,full,success,0.106301617,,,,
aarch64-unknown-linux-gnu,encoding_rs,0.8.35,tests::test_hash,full,success,0.107844322,,,,
aarch64-unknown-linux-gnu,encoding_rs,0.8.35,tests::test_is_single_byte,full,success,0.10479477366666667,,,,
aarch64-unknown-linux-gnu,encoding_rs,0.8.35,tests::test_iso_2022_jp_ncr_extra_from_utf16,full,success,0.10484678866666668,,,,
aarch64-unknown-linux-gnu,encoding_rs,0.8.35,tests::test_iso_2022_jp_ncr_extra_from_utf8,full,success,0.10493193733333334,,,,
aarch64-unknown-linux-gnu,encoding_rs,0.8.35,tests::test_label_resolution,full,success,0.10934377099999999,,,,
aarch64-unknown-linux-gnu,encoding_rs,0.8.35,tests::test_latin1_byte_compatible_up_to,full,success,0.106280496,,,,
aarch64-unknown-linux-gnu,encoding_rs,0.8.35,tests::test_max_length_with_bom_to_utf8,full,success,0.10580369466666667,,,,
aarch64-unknown-linux-gnu,encoding_rs,0.8.35,tests::test_output_encoding,full,success,0.10523133766666669,,,,
aarch64-unknown-linux-gnu,encoding_rs,0.8.35,tests::test_too_short_buffer_with_iso_2022_jp_ascii_from_utf16,full,success,0.10475047266666666,,,,
aarch64-unknown-linux-gnu,encoding_rs,0.8.35,tests::test_too_short_buffer_with_iso_2022_jp_ascii_from_utf8,full,success,0.10549691133333335,,,,
aarch64-unknown-linux-gnu,encoding_rs,0.8.35,tests::test_too_short_buffer_with_iso_2022_jp_roman_from_utf16,full,success,0.10473024199999999,,,,
aarch64-unknown-linux-gnu,encoding_rs,0.8.35,tests::test_too_short_buffer_with_iso_2022_jp_roman_from_utf8,full,success,0.10540536533333333,,,,
aarch64-unknown-linux-gnu,encoding_rs,0.8.35,tests::test_utf16_space_with_one_bom_byte,full,success,0.10520565066666669,,,,
aarch64-unknown-linux-gnu,encoding_rs,0.8.35,tests::test_utf16_space_with_one_bom_byte_and_a_second_byte_in_same_call,full,success,0.10458188233333333,,,,
aarch64-unknown-linux-gnu,encoding_rs,0.8.35,tests::test_utf16_space_with_two_bom_bytes,full,success,0.105557648,,,,
aarch64-unknown-linux-gnu,encoding_rs,0.8.35,tests::test_utf8_space_with_one_bom_byte,full,success,0.10449969066666666,,,,
aarch64-unknown-linux-gnu,encoding_rs,0.8.35,tests::test_utf8_space_with_two_bom_bytes,full,success,0.10574554433333334,,,,
aarch64-unknown-linux-gnu,encoding_rs,0.8.35,utf_16::tests::test_utf_16_decode,full,success,3.145406850666667,,,,
aarch64-unknown-linux-gnu,encoding_rs,0.8.35,utf_16::tests::test_utf_16_encode,full,success,0.16140850266666668,,,,
aarch64-unknown-linux-gnu,encoding_rs,0.8.35,utf_16::tests::test_utf_16be_decode_bom_prefix,full,success,0.10552086166666667,,,,
aarch64-unknown-linux-gnu,encoding_rs,0.8.35,utf_16::tests::test_utf_16be_decode_bom_prefixed_split_byte_pair,full,success,0.105116263,,,,
aarch64-unknown-linux-gnu,encoding_rs,0.8.35,utf_16::tests::test_utf_16be_decode_near_end,full,success,0.105195068,,,,
aarch64-unknown-linux-gnu,encoding_rs,0.8.35,utf_16::tests::test_utf_16be_decode_one_by_one,full,success,0.10698730533333334,,,,
aarch64-unknown-linux-gnu,encoding_rs,0.8.35,utf_16::tests::test_utf_16be_decode_three_at_a_time,full,success,0.10661102533333333,,,,
aarch64-unknown-linux-gnu,encoding_rs,0.8.35,utf_16::tests::test_utf_16le_decode_bom_prefix,full,success,0.1055224586666667,,,,
aarch64-unknown-linux-gnu,encoding_rs,0.8.35,utf_16::tests::test_utf_16le_decode_bom_prefixed_split_byte_pair,full,success,0.10483753066666668,,,,
aarch64-unknown-linux-gnu,encoding_rs,0.8.35,utf_16::tests::test_utf_16le_decode_near_end,full,success,0.10551060900000002,,,,
aarch64-unknown-linux-gnu,encoding_rs,0.8.35,utf_16::tests::test_utf_16le_decode_one_by_one,full,success,0.10691907066666667,,,,
aarch64-unknown-linux-gnu,encoding_rs,0.8.35,utf_16::tests::test_utf_16le_decode_three_at_a_time,full,success,0.10661809700000001,,,,
aarch64-unknown-linux-gnu,encoding_rs,0.8.35,utf_8::tests::test_decode_bom_prefix,full,success,0.10502434433333334,,,,
aarch64-unknown-linux-gnu,encoding_rs,0.8.35,utf_8::tests::test_decode_bom_prefixed_split_byte_pair,full,success,0.10494893933333334,,,,
aarch64-unknown-linux-gnu,encoding_rs,0.8.35,utf_8::tests::test_decode_bom_prefixed_split_byte_triple,full,success,0.10450461266666668,,,,
aarch64-unknown-linux-gnu,encoding_rs,0.8.35,utf_8::tests::test_encode_utf8_from_utf16_with_output_limit,full,success,1.2913388576666665,,,,
aarch64-unknown-linux-gnu,encoding_rs,0.8.35,utf_8::tests::test_tail,full,success,0.10492495566666667,,,,
aarch64-unknown-linux-gnu,encoding_rs,0.8.35,utf_8::tests::test_utf8_decode,full,success,0.5644458213333333,,,,
aarch64-unknown-linux-gnu,encoding_rs,0.8.35,utf_8::tests::test_utf8_encode,full,success,0.11633225966666667,,,,
aarch64-unknown-linux-gnu,encoding_rs,0.8.35,utf_8::tests::test_utf8_max_length_from_utf16,full,success,0.10565792,,,,
aarch64-unknown-linux-gnu,encoding_rs,0.8.35,x_user_defined::tests::test_x_user_defined_decode,full,success,0.763280058,,,,
aarch64-unknown-linux-gnu,encoding_rs,0.8.35,x_user_defined::tests::test_x_user_defined_encode,full,success,0.17037477066666665,,,,
aarch64-unknown-linux-gnu,encoding_rs,0.8.35,x_user_defined::tests::test_x_user_defined_from_two_low_surrogates,full,success,0.10500633433333334,,,,
aarch64-unknown-linux-gnu,erased-serde,0.4.10,de::tests::assert_deserializer,full,success,0.10539441966666667,,,,
aarch64-unknown-linux-gnu,erased-serde,0.4.10,de::tests::test_borrowed,full,success,0.10607696400000001,,,,
aarch64-unknown-linux-gnu,erased-serde,0.4.10,de::tests::test_dangle,full,success,0.10571893733333333,,,,
aarch64-unknown-linux-gnu,erased-serde,0.4.10,de::tests::test_enum,full,success,0.128961213,,,,
aarch64-unknown-linux-gnu,erased-serde,0.4.10,de::tests::test_struct,full,success,0.10853538066666668,,,,
aarch64-unknown-linux-gnu,erased-serde,0.4.10,de::tests::test_value,full,success,0.12544760866666668,,,,
aarch64-unknown-linux-gnu,erased-serde,0.4.10,macros::tests::test_generic_bound,full,success,0.105320801,,,,
aarch64-unknown-linux-gnu,erased-serde,0.4.10,macros::tests::test_plain,full,success,0.10621299133333334,,,,
aarch64-unknown-linux-gnu,erased-serde,0.4.10,macros::tests::test_type_parameter,full,success,0.10603040866666667,,,,
aarch64-unknown-linux-gnu,erased-serde,0.4.10,macros::tests::test_where_clause,full,success,0.10501841733333334,,,,
aarch64-unknown-linux-gnu,erased-serde,0.4.10,ser::tests::assert_serialize,full,success,0.10543089266666668,,,,
aarch64-unknown-linux-gnu,erased-serde,0.4.10,ser::tests::test_dangle,full,success,0.10538194366666669,,,,
aarch64-unknown-linux-gnu,erased-serde,0.4.10,ser::tests::test_enum,full,success,0.11838715633333334,,,,
aarch64-unknown-linux-gnu,erased-serde,0.4.10,ser::tests::test_error_custom,full,success,0.10683652233333334,,,,
aarch64-unknown-linux-gnu,erased-serde,0.4.10,ser::tests::test_struct,full,success,0.10877440866666667,,,,
aarch64-unknown-linux-gnu,erased-serde,0.4.10,ser::tests::test_vec,full,success,0.10913653466666667,,,,
aarch64-unknown-linux-gnu,errno,0.3.14,check_description,full,success,0.10788567633333335,,,,
aarch64-unknown-linux-gnu,errno,0.3.14,check_error_into_errno,full,success,0.10470056866666666,,,,
aarch64-unknown-linux-gnu,errno,0.3.14,it_works,full,success,0.10646077,,,,
aarch64-unknown-linux-gnu,errno,0.3.14,it_works_with_to_string,full,success,0.10571602000000001,,,,
aarch64-unknown-linux-gnu,event-listener-strategy,0.5.4,send_and_sync,full,success,0.104505071,,,,
aarch64-unknown-linux-gnu,event-listener,5.4.1,sys::tests::drop_non_notified,full,success,0.11095198266666667,,,,
aarch64-unknown-linux-gnu,event-listener,5.4.1,sys::tests::insert,full,success,0.11080301633333334,,,,
aarch64-unknown-linux-gnu,flate2,1.1.9,crc::tests::combine_matches_concatenation,full,success,0.11227141400000001,,,,
aarch64-unknown-linux-gnu,flate2,1.1.9,crc::tests::known_vector_hello,full,success,0.10665443166666667,,,,
aarch64-unknown-linux-gnu,flate2,1.1.9,crc::tests::known_vector_quick_brown_fox,full,success,0.10686907233333333,,,,
aarch64-unknown-linux-gnu,flate2,1.1.9,crc::tests::new_is_empty,full,success,0.10684301233333333,,,,
aarch64-unknown-linux-gnu,flate2,1.1.9,crc::tests::reset_restores_initial_state,full,success,0.10645248566666667,,,,
aarch64-unknown-linux-gnu,flate2,1.1.9,crc::tests::update_is_streaming,full,success,0.10713518466666666,,,,
aarch64-unknown-linux-gnu,flate2,1.1.9,deflate::bufread::test::decode_extra_data,full,success,14.998549026000001,,,,
aarch64-unknown-linux-gnu,flate2,1.1.9,deflate::tests::drop_writes,full,success,15.058683451333332,,,,
aarch64-unknown-linux-gnu,flate2,1.1.9,deflate::write::tests::decode_extra_data,full,success,31.190307771333334,,,,
aarch64-unknown-linux-gnu,flate2,1.1.9,gz::bufread::test::decode_extra_data,full,success,15.536270701000001,,,,
aarch64-unknown-linux-gnu,flate2,1.1.9,gz::read::tests::blocked_partial_header_read,full,success,0.10829753933333335,,,,
aarch64-unknown-linux-gnu,flate2,1.1.9,gz::tests::fields,full,success,15.004501457000002,,,,
aarch64-unknown-linux-gnu,flate2,1.1.9,gz::tests::flush_after_write,full,success,5.501508242333333,,,,
aarch64-unknown-linux-gnu,flate2,1.1.9,gz::tests::keep_reading_after_end,full,success,15.754860195666666,,,,
aarch64-unknown-linux-gnu,flate2,1.1.9,gz::tests::read_decoder_detects_corrupted_crc,full,success,2.0965852753333336,,,,
aarch64-unknown-linux-gnu,flate2,1.1.9,gz::tests::roundtrip,full,success,15.827748922666666,,,,
aarch64-unknown-linux-gnu,flate2,1.1.9,gz::tests::roundtrip_header,full,success,0.13397268466666667,,,,
aarch64-unknown-linux-gnu,flate2,1.1.9,gz::tests::roundtrip_zero,full,success,14.617426110333334,,,,
aarch64-unknown-linux-gnu,flate2,1.1.9,gz::tests::write_decoder_detects_corrupted_crc,full,success,2.081594079,,,,
aarch64-unknown-linux-gnu,flate2,1.1.9,gz::write::tests::decode_extra_data,full,success,28.121751934666666,,,,
aarch64-unknown-linux-gnu,flate2,1.1.9,gz::write::tests::decode_multi_writer,full,success,51.99257167,,,,
aarch64-unknown-linux-gnu,flate2,1.1.9,gz::write::tests::decode_writer_exact_header,full,success,27.326306152666664,,,,
aarch64-unknown-linux-gnu,flate2,1.1.9,gz::write::tests::decode_writer_one_chunk,full,success,27.70532260666667,,,,
aarch64-unknown-linux-gnu,flate2,1.1.9,gz::write::tests::decode_writer_partial_crc,full,success,27.728175938666666,,,,
aarch64-unknown-linux-gnu,flate2,1.1.9,gz::write::tests::decode_writer_partial_header,full,success,27.665058634999998,,,,
aarch64-unknown-linux-gnu,flate2,1.1.9,gz::write::tests::decode_writer_partial_header_comment,full,success,26.874174736,,,,
aarch64-unknown-linux-gnu,flate2,1.1.9,gz::write::tests::decode_writer_partial_header_filename,full,success,27.82297261233333,,,,
aarch64-unknown-linux-gnu,flate2,1.1.9,mem::tests::issue51,full,success,14.343381295999999,,,,
aarch64-unknown-linux-gnu,flate2,1.1.9,mem::tests::reset,full,success,38.544904893,,,,
aarch64-unknown-linux-gnu,flate2,1.1.9,zlib::bufread::test::decode_extra_data,full,success,14.630219973333332,,,,
aarch64-unknown-linux-gnu,flate2,1.1.9,zlib::tests::bad_input,full,success,0.2916500356666667,,,,
aarch64-unknown-linux-gnu,flate2,1.1.9,zlib::tests::drop_writes,full,success,14.498648737666668,,,,
aarch64-unknown-linux-gnu,flate2,1.1.9,zlib::write::tests::decode_extra_data,full,success,30.193969123666665,,,,
aarch64-unknown-linux-gnu,futures-task,0.3.32,noop_waker::tests::issue_2091_cross_thread_segfault,full,success,0.10607138900000002,,,,
aarch64-unknown-linux-gnu,futures-util,0.3.32,lock::mutex::tests::test_mutex_guard_debug_not_recurse,full,success,0.10928858466666667,,,,
aarch64-unknown-linux-gnu,generic-array,1.4.3,impls::tests::test_from_inference,full,success,0.10444179433333334,,,,
aarch64-unknown-linux-gnu,generic-array,1.4.3,iter::test::test_send_iter,full,success,0.10361685733333335,,,,
aarch64-unknown-linux-gnu,generic-array,1.4.3,test::test_assembly,full,success,0.10540531500000001,,,,
aarch64-unknown-linux-gnu,gimli,0.33.0,arch::tests::test_aarch64_registers,full,success,0.237337997,,,,
aarch64-unknown-linux-gnu,gimli,0.33.0,arch::tests::test_power64_registers,full,success,0.2058657376666667,,,,
aarch64-unknown-linux-gnu,gimli,0.33.0,case_fold::tests::test_case_fold,full,success,0.10678964000000002,,,,
aarch64-unknown-linux-gnu,gimli,0.33.0,case_fold::tests::test_case_folding_djb_hash,full,success,0.10997886566666669,,,,
aarch64-unknown-linux-gnu,gimli,0.33.0,constants::tests::test_dw_eh_pe_application,full,success,0.10577019433333334,,,,
aarch64-unknown-linux-gnu,gimli,0.33.0,constants::tests::test_dw_eh_pe_format,full,success,0.10580424866666667,,,,
aarch64-unknown-linux-gnu,gimli,0.33.0,constants::tests::test_dw_eh_pe_is_absent,full,success,0.10459567366666667,,,,
aarch64-unknown-linux-gnu,gimli,0.33.0,constants::tests::test_dw_eh_pe_is_valid_encoding_bad_application,full,success,0.10482603566666666,,,,
aarch64-unknown-linux-gnu,gimli,0.33.0,constants::tests::test_dw_eh_pe_is_valid_encoding_bad_format,full,success,0.105416464,,,,
aarch64-unknown-linux-gnu,gimli,0.33.0,constants::tests::test_dw_eh_pe_is_valid_encoding_ok,full,success,0.10664368466666668,,,,
aarch64-unknown-linux-gnu,gimli,0.33.0,leb128::tests::test_low_bits_of_byte,full,success,0.10827078466666666,,,,
aarch64-unknown-linux-gnu,gimli,0.33.0,leb128::tests::test_low_bits_of_u64,full,success,0.10873005200000001,,,,
aarch64-unknown-linux-gnu,gimli,0.33.0,leb128::tests::test_read_multiple,full,success,0.10590912733333334,,,,
aarch64-unknown-linux-gnu,gimli,0.33.0,leb128::tests::test_read_signed,full,success,0.106522428,,,,
aarch64-unknown-linux-gnu,gimli,0.33.0,leb128::tests::test_read_signed_63_bits,full,success,0.10607673966666668,,,,
aarch64-unknown-linux-gnu,gimli,0.33.0,leb128::tests::test_read_signed_not_enough_data,full,success,0.10617667900000001,,,,
aarch64-unknown-linux-gnu,gimli,0.33.0,leb128::tests::test_read_signed_overflow,full,success,0.106537108,,,,
aarch64-unknown-linux-gnu,gimli,0.33.0,leb128::tests::test_read_u16,full,success,0.10748469166666667,,,,
aarch64-unknown-linux-gnu,gimli,0.33.0,leb128::tests::test_read_unsigned,full,success,0.10652976433333335,,,,
aarch64-unknown-linux-gnu,gimli,0.33.0,leb128::tests::test_read_unsigned_invalid,full,success,0.10672649000000001,,,,
aarch64-unknown-linux-gnu,gimli,0.33.0,leb128::tests::test_read_unsigned_not_enough_data,full,success,0.10651282333333334,,,,
aarch64-unknown-linux-gnu,gimli,0.33.0,leb128::tests::test_read_unsigned_overflow,full,success,0.10715786166666667,,,,
aarch64-unknown-linux-gnu,gimli,0.33.0,leb128::tests::test_write_signed_not_enough_space,full,success,0.10598223033333333,,,,
aarch64-unknown-linux-gnu,gimli,0.33.0,leb128::tests::test_write_unsigned_not_enough_space,full,success,0.10549277533333334,,,,
aarch64-unknown-linux-gnu,gimli,0.33.0,read::abbrev::tests::test_abbreviations_insert,full,success,0.11388275600000002,,,,
aarch64-unknown-linux-gnu,gimli,0.33.0,read::abbrev::tests::test_debug_abbrev_ok,full,success,0.11318820666666668,,,,
aarch64-unknown-linux-gnu,gimli,0.33.0,read::abbrev::tests::test_get_abbrev_zero,full,success,0.10701897466666667,,,,
aarch64-unknown-linux-gnu,gimli,0.33.0,read::abbrev::tests::test_parse_abbreviation_has_children,full,success,0.10644614366666667,,,,
aarch64-unknown-linux-gnu,gimli,0.33.0,read::abbrev::tests::test_parse_abbreviation_implicit_const_no_const,full,success,0.10815476466666668,,,,
aarch64-unknown-linux-gnu,gimli,0.33.0,read::abbrev::tests::test_parse_abbreviation_implicit_const_ok,full,success,0.10977352700000002,,,,
aarch64-unknown-linux-gnu,gimli,0.33.0,read::abbrev::tests::test_parse_abbreviation_ok,full,success,0.10827123766666667,,,,
aarch64-unknown-linux-gnu,gimli,0.33.0,read::abbrev::tests::test_parse_abbreviation_tag_ok,full,success,0.105903716,,,,
aarch64-unknown-linux-gnu,gimli,0.33.0,read::abbrev::tests::test_parse_abbreviation_tag_zero,full,success,0.10656181133333335,,,,
aarch64-unknown-linux-gnu,gimli,0.33.0,read::abbrev::tests::test_parse_abbreviations_duplicate,full,success,0.111142951,,,,
aarch64-unknown-linux-gnu,gimli,0.33.0,read::abbrev::tests::test_parse_abbreviations_ok,full,success,0.11316150200000001,,,,
aarch64-unknown-linux-gnu,gimli,0.33.0,read::abbrev::tests::test_parse_attribute_specifications_form_zero,full,success,0.10698428833333334,,,,
aarch64-unknown-linux-gnu,gimli,0.33.0,read::abbrev::tests::test_parse_attribute_specifications_name_zero,full,success,0.10667291866666667,,,,
aarch64-unknown-linux-gnu,gimli,0.33.0,read::abbrev::tests::test_parse_null_abbreviation_ok,full,success,0.10771058666666668,,,,
aarch64-unknown-linux-gnu,gimli,0.33.0,read::abbrev::tests::test_parse_null_attribute_specification_ok,full,success,0.10628102033333335,,,,
aarch64-unknown-linux-gnu,gimli,0.33.0,read::addr::tests::test_get_address,full,success,0.14894468833333332,,,,
aarch64-unknown-linux-gnu,gimli,0.33.0,read::addr::tests::test_iterator,full,success,0.11972396733333335,,,,
aarch64-unknown-linux-gnu,gimli,0.33.0,read::aranges::tests::test_iterate_headers,full,success,0.107980274,,,,
aarch64-unknown-linux-gnu,gimli,0.33.0,read::aranges::tests::test_parse_entry_ok,full,success,0.10664202333333335,,,,
aarch64-unknown-linux-gnu,gimli,0.33.0,read::aranges::tests::test_parse_entry_overflow_32,full,success,0.10595434666666666,,,,
aarch64-unknown-linux-gnu,gimli,0.33.0,read::aranges::tests::test_parse_entry_overflow_64,full,success,0.10633248099999999,,,,
aarch64-unknown-linux-gnu,gimli,0.33.0,read::aranges::tests::test_parse_entry_tombstone_32,full,success,0.106603918,,,,
aarch64-unknown-linux-gnu,gimli,0.33.0,read::aranges::tests::test_parse_entry_tombstone_64,full,success,0.10696415866666668,,,,
aarch64-unknown-linux-gnu,gimli,0.33.0,read::aranges::tests::test_parse_entry_zero,full,success,0.10653497233333335,,,,
aarch64-unknown-linux-gnu,gimli,0.33.0,read::aranges::tests::test_parse_header_div_by_zero_error,full,success,0.10598152633333334,,,,
aarch64-unknown-linux-gnu,gimli,0.33.0,read::aranges::tests::test_parse_header_ok,full,success,0.106944174,,,,
aarch64-unknown-linux-gnu,gimli,0.33.0,read::aranges::tests::test_parse_header_overflow_error,full,success,0.10622192033333333,,,,
aarch64-unknown-linux-gnu,gimli,0.33.0,read::cfi::tests::iter_register_rules,full,success,0.10753265866666668,,,,
aarch64-unknown-linux-gnu,gimli,0.33.0,read::cfi::tests::register_rule_map_eq,full,success,0.11117541866666668,,,,
aarch64-unknown-linux-gnu,gimli,0.33.0,read::cfi::tests::size_of_register_rule_map,full,success,0.10658141700000001,,,,
aarch64-unknown-linux-gnu,gimli,0.33.0,read::cfi::tests::size_of_unwind_ctx,full,success,0.105183301,,,,
aarch64-unknown-linux-gnu,gimli,0.33.0,read::cfi::tests::test_augmentation_parse_L,full,success,0.10838600466666666,,,,
aarch64-unknown-linux-gnu,gimli,0.33.0,read::cfi::tests::test_augmentation_parse_P,full,success,0.10843271033333335,,,,
aarch64-unknown-linux-gnu,gimli,0.33.0,read::cfi::tests::test_augmentation_parse_R,full,success,0.10834479833333333,,,,
aarch64-unknown-linux-gnu,gimli,0.33.0,read::cfi::tests::test_augmentation_parse_S,full,success,0.10762388266666667,,,,
aarch64-unknown-linux-gnu,gimli,0.33.0,read::cfi::tests::test_augmentation_parse_all,full,success,0.10919505933333333,,,,
aarch64-unknown-linux-gnu,gimli,0.33.0,read::cfi::tests::test_augmentation_parse_just_signal_trampoline,full,success,0.10663830666666667,,,,
aarch64-unknown-linux-gnu,gimli,0.33.0,read::cfi::tests::test_augmentation_parse_not_z_augmentation,full,success,0.105773256,,,,
aarch64-unknown-linux-gnu,gimli,0.33.0,read::cfi::tests::test_augmentation_parse_unknown_part_of_z_augmentation,full,success,0.108163044,,,,
aarch64-unknown-linux-gnu,gimli,0.33.0,read::cfi::tests::test_call_frame_instruction_iter_err,full,success,0.107272198,,,,
aarch64-unknown-linux-gnu,gimli,0.33.0,read::cfi::tests::test_call_frame_instruction_iter_ok,full,success,0.113221577,,,,
aarch64-unknown-linux-gnu,gimli,0.33.0,read::cfi::tests::test_cfi_entries_iter,full,success,0.14051761233333335,,,,
aarch64-unknown-linux-gnu,gimli,0.33.0,read::cfi::tests::test_debug_frame_skips_zero_length,full,success,0.115282408,,,,
aarch64-unknown-linux-gnu,gimli,0.33.0,read::cfi::tests::test_eh_frame_cie_personality_function_relative_bad_context,full,success,0.11714295566666667,,,,
aarch64-unknown-linux-gnu,gimli,0.33.0,read::cfi::tests::test_eh_frame_fde_empty_augmentation,full,success,0.11311264733333333,,,,
aarch64-unknown-linux-gnu,gimli,0.33.0,read::cfi::tests::test_eh_frame_fde_for_address_good,full,success,0.1464747396666667,,,,
aarch64-unknown-linux-gnu,gimli,0.33.0,read::cfi::tests::test_eh_frame_fde_lsda_augmentation,full,success,0.11402056766666668,,,,
aarch64-unknown-linux-gnu,gimli,0.33.0,read::cfi::tests::test_eh_frame_fde_lsda_function_relative,full,success,0.11597644133333335,,,,
aarch64-unknown-linux-gnu,gimli,0.33.0,read::cfi::tests::test_eh_frame_fde_no_augmentation,full,success,0.11366268666666668,,,,
aarch64-unknown-linux-gnu,gimli,0.33.0,read::cfi::tests::test_eh_frame_fde_ok,full,success,0.12288020000000001,,,,
aarch64-unknown-linux-gnu,gimli,0.33.0,read::cfi::tests::test_eh_frame_fde_out_of_bounds,full,success,0.11943921033333334,,,,
aarch64-unknown-linux-gnu,gimli,0.33.0,read::cfi::tests::test_eh_frame_hdr_good,full,success,0.11276543100000001,,,,
aarch64-unknown-linux-gnu,gimli,0.33.0,read::cfi::tests::test_eh_frame_hdr_indirect_length,full,success,0.10827037,,,,
aarch64-unknown-linux-gnu,gimli,0.33.0,read::cfi::tests::test_eh_frame_hdr_indirect_ptrs,full,success,0.109676868,,,,
aarch64-unknown-linux-gnu,gimli,0.33.0,read::cfi::tests::test_eh_frame_hdr_omit_count,full,success,0.10879946333333335,,,,
aarch64-unknown-linux-gnu,gimli,0.33.0,read::cfi::tests::test_eh_frame_hdr_omit_ehptr,full,success,0.10982744866666667,,,,
aarch64-unknown-linux-gnu,gimli,0.33.0,read::cfi::tests::test_eh_frame_hdr_omit_table,full,success,0.108472724,,,,
aarch64-unknown-linux-gnu,gimli,0.33.0,read::cfi::tests::test_eh_frame_hdr_unknown_version,full,success,0.10648321433333334,,,,
aarch64-unknown-linux-gnu,gimli,0.33.0,read::cfi::tests::test_eh_frame_hdr_varlen_table,full,success,0.10863389666666667,,,,
aarch64-unknown-linux-gnu,gimli,0.33.0,read::cfi::tests::test_eh_frame_resolve_cie_offset_ok,full,success,0.11278251,,,,
aarch64-unknown-linux-gnu,gimli,0.33.0,read::cfi::tests::test_eh_frame_resolve_cie_offset_out_of_bounds,full,success,0.113106053,,,,
aarch64-unknown-linux-gnu,gimli,0.33.0,read::cfi::tests::test_eh_frame_resolve_cie_offset_underflow,full,success,0.11238997233333335,,,,
aarch64-unknown-linux-gnu,gimli,0.33.0,read::cfi::tests::test_eh_frame_stops_at_zero_length,full,success,0.114390573,,,,
aarch64-unknown-linux-gnu,gimli,0.33.0,read::cfi::tests::test_eval_advance_loc,full,success,0.10942167700000001,,,,
aarch64-unknown-linux-gnu,gimli,0.33.0,read::cfi::tests::test_eval_advance_loc_overflow_32,full,success,0.10844775133333333,,,,
aarch64-unknown-linux-gnu,gimli,0.33.0,read::cfi::tests::test_eval_advance_loc_overflow_64,full,success,0.10837260266666666,,,,
aarch64-unknown-linux-gnu,gimli,0.33.0,read::cfi::tests::test_eval_def_cfa,full,success,0.10956291566666666,,,,
aarch64-unknown-linux-gnu,gimli,0.33.0,read::cfi::tests::test_eval_def_cfa_expression,full,success,0.10807246533333333,,,,
aarch64-unknown-linux-gnu,gimli,0.33.0,read::cfi::tests::test_eval_def_cfa_offset,full,success,0.10981824400000001,,,,
aarch64-unknown-linux-gnu,gimli,0.33.0,read::cfi::tests::test_eval_def_cfa_offset_invalid_context,full,success,0.108796042,,,,
aarch64-unknown-linux-gnu,gimli,0.33.0,read::cfi::tests::test_eval_def_cfa_register,full,success,0.10881265866666667,,,,
aarch64-unknown-linux-gnu,gimli,0.33.0,read::cfi::tests::test_eval_def_cfa_register_invalid_context,full,success,0.10778161366666668,,,,
aarch64-unknown-linux-gnu,gimli,0.33.0,read::cfi::tests::test_eval_def_cfa_sf,full,success,0.10789419866666668,,,,
aarch64-unknown-linux-gnu,gimli,0.33.0,read::cfi::tests::test_eval_expression,full,success,0.10943578666666669,,,,
aarch64-unknown-linux-gnu,gimli,0.33.0,read::cfi::tests::test_eval_negate_ra_state,full,success,0.11835203500000001,,,,
aarch64-unknown-linux-gnu,gimli,0.33.0,read::cfi::tests::test_eval_nop,full,success,0.10800870600000001,,,,
aarch64-unknown-linux-gnu,gimli,0.33.0,read::cfi::tests::test_eval_offset,full,success,0.11029700533333335,,,,
aarch64-unknown-linux-gnu,gimli,0.33.0,read::cfi::tests::test_eval_offset_extended_sf,full,success,0.11051848366666668,,,,
aarch64-unknown-linux-gnu,gimli,0.33.0,read::cfi::tests::test_eval_remember_state,full,success,0.11007307466666667,,,,
aarch64-unknown-linux-gnu,gimli,0.33.0,read::cfi::tests::test_eval_restore,full,success,0.111680556,,,,
aarch64-unknown-linux-gnu,gimli,0.33.0,read::cfi::tests::test_eval_restore_havent_saved_initial_context,full,success,0.10805906900000001,,,,
aarch64-unknown-linux-gnu,gimli,0.33.0,read::cfi::tests::test_eval_restore_state,full,success,0.11113434200000001,,,,
aarch64-unknown-linux-gnu,gimli,0.33.0,read::cfi::tests::test_eval_same_value,full,success,0.10934740333333333,,,,
aarch64-unknown-linux-gnu,gimli,0.33.0,read::cfi::tests::test_eval_set_loc,full,success,0.10873628866666668,,,,
aarch64-unknown-linux-gnu,gimli,0.33.0,read::cfi::tests::test_eval_set_loc_backwards,full,success,0.10789571433333334,,,,
aarch64-unknown-linux-gnu,gimli,0.33.0,read::cfi::tests::test_eval_undefined,full,success,0.10921828500000001,,,,
aarch64-unknown-linux-gnu,gimli,0.33.0,read::cfi::tests::test_eval_val_expression,full,success,0.11042800366666668,,,,
aarch64-unknown-linux-gnu,gimli,0.33.0,read::cfi::tests::test_eval_val_offset,full,success,0.10938570600000001,,,,
aarch64-unknown-linux-gnu,gimli,0.33.0,read::cfi::tests::test_eval_val_offset_sf,full,success,0.11050010466666667,,,,
aarch64-unknown-linux-gnu,gimli,0.33.0,read::cfi::tests::test_parse_cfi_entry_on_cie_32_ok,full,success,0.113756853,,,,
aarch64-unknown-linux-gnu,gimli,0.33.0,read::cfi::tests::test_parse_cfi_entry_on_fde_32_ok,full,success,0.11364707333333335,,,,
aarch64-unknown-linux-gnu,gimli,0.33.0,read::cfi::tests::test_parse_cfi_instruction_advance_loc,full,success,0.10791032033333335,,,,
aarch64-unknown-linux-gnu,gimli,0.33.0,read::cfi::tests::test_parse_cfi_instruction_advance_loc1,full,success,0.10819004033333335,,,,
aarch64-unknown-linux-gnu,gimli,0.33.0,read::cfi::tests::test_parse_cfi_instruction_advance_loc2,full,success,0.107671177,,,,
aarch64-unknown-linux-gnu,gimli,0.33.0,read::cfi::tests::test_parse_cfi_instruction_advance_loc4,full,success,0.10875174033333335,,,,
aarch64-unknown-linux-gnu,gimli,0.33.0,read::cfi::tests::test_parse_cfi_instruction_def_cfa,full,success,0.10871653066666669,,,,
aarch64-unknown-linux-gnu,gimli,0.33.0,read::cfi::tests::test_parse_cfi_instruction_def_cfa_expression,full,success,0.11375772499999999,,,,
aarch64-unknown-linux-gnu,gimli,0.33.0,read::cfi::tests::test_parse_cfi_instruction_def_cfa_offset,full,success,0.10830708166666668,,,,
aarch64-unknown-linux-gnu,gimli,0.33.0,read::cfi::tests::test_parse_cfi_instruction_def_cfa_offset_sf,full,success,0.10925257533333334,,,,
aarch64-unknown-linux-gnu,gimli,0.33.0,read::cfi::tests::test_parse_cfi_instruction_def_cfa_register,full,success,0.10775257833333335,,,,
aarch64-unknown-linux-gnu,gimli,0.33.0,read::cfi::tests::test_parse_cfi_instruction_def_cfa_sf,full,success,0.108916007,,,,
aarch64-unknown-linux-gnu,gimli,0.33.0,read::cfi::tests::test_parse_cfi_instruction_expression,full,success,0.11385388866666668,,,,
aarch64-unknown-linux-gnu,gimli,0.33.0,read::cfi::tests::test_parse_cfi_instruction_negate_ra_state,full,success,0.10807710600000002,,,,
aarch64-unknown-linux-gnu,gimli,0.33.0,read::cfi::tests::test_parse_cfi_instruction_nop,full,success,0.10883556766666667,,,,
aarch64-unknown-linux-gnu,gimli,0.33.0,read::cfi::tests::test_parse_cfi_instruction_offset,full,success,0.10844791266666669,,,,
aarch64-unknown-linux-gnu,gimli,0.33.0,read::cfi::tests::test_parse_cfi_instruction_offset_extended,full,success,0.10846774800000002,,,,
aarch64-unknown-linux-gnu,gimli,0.33.0,read::cfi::tests::test_parse_cfi_instruction_offset_extended_sf,full,success,0.10715983733333334,,,,
aarch64-unknown-linux-gnu,gimli,0.33.0,read::cfi::tests::test_parse_cfi_instruction_register,full,success,0.10760343500000001,,,,
aarch64-unknown-linux-gnu,gimli,0.33.0,read::cfi::tests::test_parse_cfi_instruction_remember_state,full,success,0.10675752033333334,,,,
aarch64-unknown-linux-gnu,gimli,0.33.0,read::cfi::tests::test_parse_cfi_instruction_restore,full,success,0.10792642633333334,,,,
aarch64-unknown-linux-gnu,gimli,0.33.0,read::cfi::tests::test_parse_cfi_instruction_restore_extended,full,success,0.10767058433333333,,,,
aarch64-unknown-linux-gnu,gimli,0.33.0,read::cfi::tests::test_parse_cfi_instruction_restore_state,full,success,0.10850975966666669,,,,
aarch64-unknown-linux-gnu,gimli,0.33.0,read::cfi::tests::test_parse_cfi_instruction_same_value,full,success,0.10778429866666667,,,,
aarch64-unknown-linux-gnu,gimli,0.33.0,read::cfi::tests::test_parse_cfi_instruction_set_loc,full,success,0.10906120066666668,,,,
aarch64-unknown-linux-gnu,gimli,0.33.0,read::cfi::tests::test_parse_cfi_instruction_set_loc_encoding,full,success,0.10834577299999999,,,,
aarch64-unknown-linux-gnu,gimli,0.33.0,read::cfi::tests::test_parse_cfi_instruction_undefined,full,success,0.10909631400000001,,,,
aarch64-unknown-linux-gnu,gimli,0.33.0,read::cfi::tests::test_parse_cfi_instruction_unknown_instruction,full,success,0.107808783,,,,
aarch64-unknown-linux-gnu,gimli,0.33.0,read::cfi::tests::test_parse_cfi_instruction_val_expression,full,success,0.114139165,,,,
aarch64-unknown-linux-gnu,gimli,0.33.0,read::cfi::tests::test_parse_cfi_instruction_val_offset,full,success,0.10858668700000002,,,,
aarch64-unknown-linux-gnu,gimli,0.33.0,read::cfi::tests::test_parse_cfi_instruction_val_offset_sf,full,success,0.10882072100000001,,,,
aarch64-unknown-linux-gnu,gimli,0.33.0,read::cfi::tests::test_parse_cie_32_bad_version,full,success,0.11265364733333334,,,,
aarch64-unknown-linux-gnu,gimli,0.33.0,read::cfi::tests::test_parse_cie_32_ok,full,success,0.13823356233333337,,,,
aarch64-unknown-linux-gnu,gimli,0.33.0,read::cfi::tests::test_parse_cie_64_ok,full,success,0.139218523,,,,
aarch64-unknown-linux-gnu,gimli,0.33.0,read::cfi::tests::test_parse_cie_bad_id_32,full,success,0.10841515433333333,,,,
aarch64-unknown-linux-gnu,gimli,0.33.0,read::cfi::tests::test_parse_cie_from_offset,full,success,0.11668134233333334,,,,
aarch64-unknown-linux-gnu,gimli,0.33.0,read::cfi::tests::test_parse_cie_incomplete_id_32,full,success,0.10803034466666668,,,,
aarch64-unknown-linux-gnu,gimli,0.33.0,read::cfi::tests::test_parse_cie_incomplete_length_32,full,success,0.11291225533333334,,,,
aarch64-unknown-linux-gnu,gimli,0.33.0,read::cfi::tests::test_parse_cie_incomplete_length_64,full,success,0.10896140500000001,,,,
aarch64-unknown-linux-gnu,gimli,0.33.0,read::cfi::tests::test_parse_cie_length_too_big,full,success,0.11390828000000001,,,,
aarch64-unknown-linux-gnu,gimli,0.33.0,read::cfi::tests::test_parse_cie_unknown_augmentation,full,success,0.11540317,,,,
aarch64-unknown-linux-gnu,gimli,0.33.0,read::cfi::tests::test_parse_encoded_pointer_absptr,full,success,0.10790160333333333,,,,
aarch64-unknown-linux-gnu,gimli,0.33.0,read::cfi::tests::test_parse_encoded_pointer_aligned,full,success,0.10813363399999999,,,,
aarch64-unknown-linux-gnu,gimli,0.33.0,read::cfi::tests::test_parse_encoded_pointer_bad_encoding,full,success,0.107918652,,,,
aarch64-unknown-linux-gnu,gimli,0.33.0,read::cfi::tests::test_parse_encoded_pointer_datarel,full,success,0.10786261033333333,,,,
aarch64-unknown-linux-gnu,gimli,0.33.0,read::cfi::tests::test_parse_encoded_pointer_datarel_undefined,full,success,0.108101073,,,,
aarch64-unknown-linux-gnu,gimli,0.33.0,read::cfi::tests::test_parse_encoded_pointer_funcrel,full,success,0.108045674,,,,
aarch64-unknown-linux-gnu,gimli,0.33.0,read::cfi::tests::test_parse_encoded_pointer_funcrel_undefined,full,success,0.10733628033333335,,,,
aarch64-unknown-linux-gnu,gimli,0.33.0,read::cfi::tests::test_parse_encoded_pointer_indirect,full,success,0.10753081666666668,,,,
aarch64-unknown-linux-gnu,gimli,0.33.0,read::cfi::tests::test_parse_encoded_pointer_omit,full,success,0.10717104133333334,,,,
aarch64-unknown-linux-gnu,gimli,0.33.0,read::cfi::tests::test_parse_encoded_pointer_pcrel,full,success,0.10938985866666667,,,,
aarch64-unknown-linux-gnu,gimli,0.33.0,read::cfi::tests::test_parse_encoded_pointer_pcrel_undefined,full,success,0.10696265666666667,,,,
aarch64-unknown-linux-gnu,gimli,0.33.0,read::cfi::tests::test_parse_encoded_pointer_sdata2,full,success,0.10782811766666667,,,,
aarch64-unknown-linux-gnu,gimli,0.33.0,read::cfi::tests::test_parse_encoded_pointer_sdata4,full,success,0.10872142,,,,
aarch64-unknown-linux-gnu,gimli,0.33.0,read::cfi::tests::test_parse_encoded_pointer_sdata8,full,success,0.10919030633333333,,,,
aarch64-unknown-linux-gnu,gimli,0.33.0,read::cfi::tests::test_parse_encoded_pointer_sleb128,full,success,0.10801998533333335,,,,
aarch64-unknown-linux-gnu,gimli,0.33.0,read::cfi::tests::test_parse_encoded_pointer_textrel,full,success,0.108135166,,,,
aarch64-unknown-linux-gnu,gimli,0.33.0,read::cfi::tests::test_parse_encoded_pointer_textrel_undefined,full,success,0.10928895333333334,,,,
aarch64-unknown-linux-gnu,gimli,0.33.0,read::cfi::tests::test_parse_encoded_pointer_udata2,full,success,0.10829438066666668,,,,
aarch64-unknown-linux-gnu,gimli,0.33.0,read::cfi::tests::test_parse_encoded_pointer_udata4,full,success,0.10826351066666667,,,,
aarch64-unknown-linux-gnu,gimli,0.33.0,read::cfi::tests::test_parse_encoded_pointer_udata8,full,success,0.10785863233333336,,,,
aarch64-unknown-linux-gnu,gimli,0.33.0,read::cfi::tests::test_parse_encoded_pointer_uleb128,full,success,0.10779562999999999,,,,
aarch64-unknown-linux-gnu,gimli,0.33.0,read::cfi::tests::test_parse_fde_32_ok,full,success,0.113391639,,,,
aarch64-unknown-linux-gnu,gimli,0.33.0,read::cfi::tests::test_parse_fde_64_ok,full,success,0.114899461,,,,
aarch64-unknown-linux-gnu,gimli,0.33.0,read::cfi::tests::test_parse_fde_incomplete_cie_pointer_32,full,success,0.10807758,,,,
aarch64-unknown-linux-gnu,gimli,0.33.0,read::cfi::tests::test_parse_fde_incomplete_length_32,full,success,0.10833131800000001,,,,
aarch64-unknown-linux-gnu,gimli,0.33.0,read::cfi::tests::test_parse_fde_incomplete_length_64,full,success,0.10797467533333334,,,,
aarch64-unknown-linux-gnu,gimli,0.33.0,read::cfi::tests::test_parse_pointer_encoding_bad_encoding,full,success,0.10615820233333334,,,,
aarch64-unknown-linux-gnu,gimli,0.33.0,read::cfi::tests::test_parse_pointer_encoding_ok,full,success,0.10622844966666667,,,,
aarch64-unknown-linux-gnu,gimli,0.33.0,read::cfi::tests::test_unwind_context_reuse,full,success,0.10696666533333334,,,,
aarch64-unknown-linux-gnu,gimli,0.33.0,read::cfi::tests::test_unwind_info_for_address_not_found,full,success,0.10788240100000002,,,,
aarch64-unknown-linux-gnu,gimli,0.33.0,read::cfi::tests::test_unwind_info_for_address_ok,full,test_failed,,"passed once, then failed while being timed",,https://github.com/BorrowSanitizer/bsan/actions/runs/37211270787/job/111463768002,"passed once, then failed while being timed"
aarch64-unknown-linux-gnu,gimli,0.33.0,read::cfi::tests::test_unwind_table_cie_invalid_rule,full,success,0.11596417133333332,,,,
aarch64-unknown-linux-gnu,gimli,0.33.0,read::cfi::tests::test_unwind_table_cie_no_rule,full,success,0.11522398300000002,,,,
aarch64-unknown-linux-gnu,gimli,0.33.0,read::cfi::tests::test_unwind_table_cie_single_rule,full,success,0.11935961466666667,,,,
aarch64-unknown-linux-gnu,gimli,0.33.0,read::cfi::tests::test_unwind_table_next_row,full,success,0.145933215,,,,
aarch64-unknown-linux-gnu,gimli,0.33.0,read::dwarf::tests::test_dwarf_unit_variance,full,success,0.1063836116666667,,,,
aarch64-unknown-linux-gnu,gimli,0.33.0,read::dwarf::tests::test_dwarf_variance,full,success,0.10675335200000001,,,,
aarch64-unknown-linux-gnu,gimli,0.33.0,read::dwarf::tests::test_format_error,full,success,0.11603082466666668,,,,
aarch64-unknown-linux-gnu,gimli,0.33.0,read::dwarf::tests::test_send,full,success,0.10571121800000001,,,,
aarch64-unknown-linux-gnu,gimli,0.33.0,read::endian_reader::tests::bytes_and_len_and_range_and_eq,full,success,0.10671003900000002,,,,
aarch64-unknown-linux-gnu,gimli,0.33.0,read::endian_reader::tests::empty,full,success,0.10637484900000001,,,,
aarch64-unknown-linux-gnu,gimli,0.33.0,read::endian_reader::tests::endian,full,success,0.10608932433333333,,,,
aarch64-unknown-linux-gnu,gimli,0.33.0,read::endian_reader::tests::find,full,success,0.10560508466666667,,,,
aarch64-unknown-linux-gnu,gimli,0.33.0,read::endian_reader::tests::indexing,full,success,0.10665323500000001,,,,
aarch64-unknown-linux-gnu,gimli,0.33.0,read::endian_reader::tests::indexing_out_of_bounds,full,success,0.112320569,,,,
aarch64-unknown-linux-gnu,gimli,0.33.0,read::endian_reader::tests::offset_from,full,success,0.106564591,,,,
aarch64-unknown-linux-gnu,gimli,0.33.0,read::endian_reader::tests::read_u8_array,full,success,0.10764454866666667,,,,
aarch64-unknown-linux-gnu,gimli,0.33.0,read::endian_reader::tests::skip,full,success,0.10675079933333335,,,,
aarch64-unknown-linux-gnu,gimli,0.33.0,read::endian_reader::tests::test_reader_split,full,success,0.10685623700000002,,,,
aarch64-unknown-linux-gnu,gimli,0.33.0,read::endian_reader::tests::test_reader_split_out_of_bounds,full,success,0.10737883266666666,,,,
aarch64-unknown-linux-gnu,gimli,0.33.0,read::endian_reader::tests::to_slice,full,success,0.10741544933333334,,,,
aarch64-unknown-linux-gnu,gimli,0.33.0,read::endian_reader::tests::to_string_err,full,success,0.107020777,,,,
aarch64-unknown-linux-gnu,gimli,0.33.0,read::endian_reader::tests::to_string_lossy,full,success,0.10676761233333333,,,,
aarch64-unknown-linux-gnu,gimli,0.33.0,read::endian_reader::tests::to_string_ok,full,success,0.10788410766666667,,,,
aarch64-unknown-linux-gnu,gimli,0.33.0,read::endian_reader::tests::truncate,full,success,0.10599794600000001,,,,
aarch64-unknown-linux-gnu,gimli,0.33.0,read::endian_slice::tests::test_endian_slice_split_at,full,success,0.10707380500000001,,,,
aarch64-unknown-linux-gnu,gimli,0.33.0,read::endian_slice::tests::test_endian_slice_split_at_out_of_bounds,full,success,0.113696693,,,,
aarch64-unknown-linux-gnu,gimli,0.33.0,read::index::tests::test_cu_index,full,success,0.11002094866666667,,,,
aarch64-unknown-linux-gnu,gimli,0.33.0,read::index::tests::test_empty,full,success,0.10710617433333335,,,,
aarch64-unknown-linux-gnu,gimli,0.33.0,read::index::tests::test_hash,full,success,0.11624494266666667,,,,
aarch64-unknown-linux-gnu,gimli,0.33.0,read::index::tests::test_tu_index,full,success,0.11145501766666667,,,,
aarch64-unknown-linux-gnu,gimli,0.33.0,read::index::tests::test_version_2,full,success,0.11025740033333335,,,,
aarch64-unknown-linux-gnu,gimli,0.33.0,read::index::tests::test_version_2_sections,full,success,0.11633484133333334,,,,
aarch64-unknown-linux-gnu,gimli,0.33.0,read::index::tests::test_version_5,full,success,0.109391155,,,,
aarch64-unknown-linux-gnu,gimli,0.33.0,read::index::tests::test_version_5_invalid,full,success,0.10878010866666667,,,,
aarch64-unknown-linux-gnu,gimli,0.33.0,read::index::tests::test_version_5_sections,full,success,0.11684151400000002,,,,
aarch64-unknown-linux-gnu,gimli,0.33.0,read::index::tests::test_zero_slots,full,success,0.10864830000000002,,,,
aarch64-unknown-linux-gnu,gimli,0.33.0,read::line::tests::test_exec_advance_line,full,success,0.10808347700000003,,,,
aarch64-unknown-linux-gnu,gimli,0.33.0,read::line::tests::test_exec_advance_line_overflow,full,success,0.10747065,,,,
aarch64-unknown-linux-gnu,gimli,0.33.0,read::line::tests::test_exec_advance_pc,full,success,0.10983609266666668,,,,
aarch64-unknown-linux-gnu,gimli,0.33.0,read::line::tests::test_exec_advance_pc_overflow_32,full,success,0.10829009866666667,,,,
aarch64-unknown-linux-gnu,gimli,0.33.0,read::line::tests::test_exec_advance_pc_overflow_64,full,success,0.10766501866666667,,,,
aarch64-unknown-linux-gnu,gimli,0.33.0,read::line::tests::test_exec_const_add_pc,full,success,0.10812621433333335,,,,
aarch64-unknown-linux-gnu,gimli,0.33.0,read::line::tests::test_exec_const_add_pc_overflow,full,success,0.11602834333333334,,,,
aarch64-unknown-linux-gnu,gimli,0.33.0,read::line::tests::test_exec_copy,full,success,0.10713319966666668,,,,
aarch64-unknown-linux-gnu,gimli,0.33.0,read::line::tests::test_exec_define_file,full,success,0.108578988,,,,
aarch64-unknown-linux-gnu,gimli,0.33.0,read::line::tests::test_exec_end_sequence,full,success,0.10677956466666667,,,,
aarch64-unknown-linux-gnu,gimli,0.33.0,read::line::tests::test_exec_fixed_add_pc,full,success,0.10805692666666668,,,,
aarch64-unknown-linux-gnu,gimli,0.33.0,read::line::tests::test_exec_fixed_add_pc_overflow,full,success,0.10755629,,,,
aarch64-unknown-linux-gnu,gimli,0.33.0,read::line::tests::test_exec_negate_statement,full,success,0.10768039533333335,,,,
aarch64-unknown-linux-gnu,gimli,0.33.0,read::line::tests::test_exec_set_address,full,success,0.10811390166666666,,,,
aarch64-unknown-linux-gnu,gimli,0.33.0,read::line::tests::test_exec_set_address_backwards,full,success,0.10835778366666667,,,,
aarch64-unknown-linux-gnu,gimli,0.33.0,read::line::tests::test_exec_set_address_tombstone,full,success,0.10728794033333335,,,,
aarch64-unknown-linux-gnu,gimli,0.33.0,read::line::tests::test_exec_set_basic_block,full,success,0.10700963633333334,,,,
aarch64-unknown-linux-gnu,gimli,0.33.0,read::line::tests::test_exec_set_column,full,success,0.107806369,,,,
aarch64-unknown-linux-gnu,gimli,0.33.0,read::line::tests::test_exec_set_discriminator,full,success,0.10714861433333334,,,,
aarch64-unknown-linux-gnu,gimli,0.33.0,read::line::tests::test_exec_set_file_in_bounds,full,success,0.10815244000000002,,,,
aarch64-unknown-linux-gnu,gimli,0.33.0,read::line::tests::test_exec_set_file_out_of_bounds,full,success,0.10801454833333335,,,,
aarch64-unknown-linux-gnu,gimli,0.33.0,read::line::tests::test_exec_set_isa,full,success,0.10835313666666667,,,,
aarch64-unknown-linux-gnu,gimli,0.33.0,read::line::tests::test_exec_set_prologue_end,full,success,0.10811470833333335,,,,
aarch64-unknown-linux-gnu,gimli,0.33.0,read::line::tests::test_exec_special_line_underflow,full,success,0.10824760066666668,,,,
aarch64-unknown-linux-gnu,gimli,0.33.0,read::line::tests::test_exec_special_negative_line_advance,full,success,0.10732610933333335,,,,
aarch64-unknown-linux-gnu,gimli,0.33.0,read::line::tests::test_exec_special_noop,full,success,0.107442729,,,,
aarch64-unknown-linux-gnu,gimli,0.33.0,read::line::tests::test_exec_special_positive_address_advance,full,success,0.10702769333333334,,,,
aarch64-unknown-linux-gnu,gimli,0.33.0,read::line::tests::test_exec_special_positive_address_and_line_advance,full,success,0.10831708466666667,,,,
aarch64-unknown-linux-gnu,gimli,0.33.0,read::line::tests::test_exec_special_positive_address_and_negative_line_advance,full,success,0.10787365666666666,,,,
aarch64-unknown-linux-gnu,gimli,0.33.0,read::line::tests::test_exec_special_positive_line_advance,full,success,0.10697232566666669,,,,
aarch64-unknown-linux-gnu,gimli,0.33.0,read::line::tests::test_exec_unknown_extended,full,success,0.10670863266666668,,,,
aarch64-unknown-linux-gnu,gimli,0.33.0,read::line::tests::test_exec_unknown_standard_0,full,success,0.10658373866666666,,,,
aarch64-unknown-linux-gnu,gimli,0.33.0,read::line::tests::test_exec_unknown_standard_1,full,success,0.10698343833333335,,,,
aarch64-unknown-linux-gnu,gimli,0.33.0,read::line::tests::test_exec_unknown_standard_n,full,success,0.10765999866666669,,,,
aarch64-unknown-linux-gnu,gimli,0.33.0,read::line::tests::test_file_entry_directory,full,success,0.10631514433333333,,,,
aarch64-unknown-linux-gnu,gimli,0.33.0,read::line::tests::test_file_entry_file_index_in_bounds,full,success,0.10726422166666667,,,,
aarch64-unknown-linux-gnu,gimli,0.33.0,read::line::tests::test_file_entry_file_index_out_of_bounds,full,success,0.10838043433333333,,,,
aarch64-unknown-linux-gnu,gimli,0.33.0,read::line::tests::test_parse_debug_line_32_ok,full,success,0.11656730700000001,,,,
aarch64-unknown-linux-gnu,gimli,0.33.0,read::line::tests::test_parse_debug_line_header_length_too_short,full,success,0.11207902600000001,,,,
aarch64-unknown-linux-gnu,gimli,0.33.0,read::line::tests::test_parse_debug_line_unit_length_too_short,full,success,0.10785360100000001,,,,
aarch64-unknown-linux-gnu,gimli,0.33.0,read::line::tests::test_parse_debug_line_v5_ok,full,success,0.17196393633333332,,,,
aarch64-unknown-linux-gnu,gimli,0.33.0,read::line::tests::test_parse_extended_opcodes,full,success,0.11280957466666668,,,,
aarch64-unknown-linux-gnu,gimli,0.33.0,read::line::tests::test_parse_special_opcodes,full,success,0.17261305333333335,,,,
aarch64-unknown-linux-gnu,gimli,0.33.0,read::line::tests::test_parse_standard_opcodes,full,success,0.11544122200000001,,,,
aarch64-unknown-linux-gnu,gimli,0.33.0,read::line::tests::test_parse_unknown_standard_opcode_many_args,full,success,0.10883591666666666,,,,
aarch64-unknown-linux-gnu,gimli,0.33.0,read::line::tests::test_parse_unknown_standard_opcode_no_args,full,success,0.10790156733333334,,,,
aarch64-unknown-linux-gnu,gimli,0.33.0,read::line::tests::test_parse_unknown_standard_opcode_one_arg,full,success,0.108144446,,,,
aarch64-unknown-linux-gnu,gimli,0.33.0,read::line::tests::test_sequences,full,success,0.140877048,,,,
aarch64-unknown-linux-gnu,gimli,0.33.0,read::loclists::tests::test_get_offset,full,success,0.12897218800000002,,,,
aarch64-unknown-linux-gnu,gimli,0.33.0,read::loclists::tests::test_location_list,full,success,0.14542219766666667,,,,
aarch64-unknown-linux-gnu,gimli,0.33.0,read::loclists::tests::test_locations_invalid,full,success,0.11000010733333333,,,,
aarch64-unknown-linux-gnu,gimli,0.33.0,read::loclists::tests::test_loclists,full,success,0.3310717926666667,,,,
aarch64-unknown-linux-gnu,gimli,0.33.0,read::loclists::tests::test_loclists_gnu_v4_split_dwarf,full,success,0.106653907,,,,
aarch64-unknown-linux-gnu,gimli,0.33.0,read::macros::tests::get_macros_1,full,success,0.16121918633333335,,,,
aarch64-unknown-linux-gnu,gimli,0.33.0,read::macros::tests::get_macros_2,full,success,0.14419531700000002,,,,
aarch64-unknown-linux-gnu,gimli,0.33.0,read::macros::tests::test_get_macinfo,full,success,0.11880918800000001,,,,
aarch64-unknown-linux-gnu,gimli,0.33.0,read::names::tests::test_debug_names,full,success,0.30906809133333335,,,,
aarch64-unknown-linux-gnu,gimli,0.33.0,read::names::tests::test_debug_names_abbrev_table_empty,full,success,0.10763434833333334,,,,
aarch64-unknown-linux-gnu,gimli,0.33.0,read::names::tests::test_debug_names_abbrev_table_invalid,full,success,0.11327596200000001,,,,
aarch64-unknown-linux-gnu,gimli,0.33.0,read::names::tests::test_debug_names_augmentation,full,success,0.16578080366666667,,,,
aarch64-unknown-linux-gnu,gimli,0.33.0,read::names::tests::test_debug_names_invalid_version,full,success,0.12187623633333333,,,,
aarch64-unknown-linux-gnu,gimli,0.33.0,read::names::tests::test_debug_names_no_hash_table,full,success,0.15019031933333335,,,,
aarch64-unknown-linux-gnu,gimli,0.33.0,read::names::tests::test_debug_names_truncated,full,success,0.12185253666666668,,,,
aarch64-unknown-linux-gnu,gimli,0.33.0,read::op::tests::test_compute_pc,full,success,0.107168275,,,,
aarch64-unknown-linux-gnu,gimli,0.33.0,read::op::tests::test_eval_arith,full,success,0.2840362143333333,,,,
aarch64-unknown-linux-gnu,gimli,0.33.0,read::op::tests::test_eval_arith64,full,success,0.18614654933333333,,,,
aarch64-unknown-linux-gnu,gimli,0.33.0,read::op::tests::test_eval_call,full,success,0.173153788,,,,
aarch64-unknown-linux-gnu,gimli,0.33.0,read::op::tests::test_eval_compare,full,success,0.1676957186666667,,,,
aarch64-unknown-linux-gnu,gimli,0.33.0,read::op::tests::test_eval_context,full,success,0.2640502126666667,,,,
aarch64-unknown-linux-gnu,gimli,0.33.0,read::op::tests::test_eval_empty_stack,full,success,0.13748670799999999,,,,
aarch64-unknown-linux-gnu,gimli,0.33.0,read::op::tests::test_eval_lit_and_reg,full,success,0.26433742833333335,,,,
aarch64-unknown-linux-gnu,gimli,0.33.0,read::op::tests::test_eval_max_iterations,full,success,0.20347590433333337,,,,
aarch64-unknown-linux-gnu,gimli,0.33.0,read::op::tests::test_eval_memory,full,success,0.220240026,,,,
aarch64-unknown-linux-gnu,gimli,0.33.0,read::op::tests::test_eval_pieces,full,success,0.356972946,,,,
aarch64-unknown-linux-gnu,gimli,0.33.0,read::op::tests::test_eval_register,full,success,2.0196450123333336,,,,
aarch64-unknown-linux-gnu,gimli,0.33.0,read::op::tests::test_eval_stack,full,success,0.14534861933333335,,,,
aarch64-unknown-linux-gnu,gimli,0.33.0,read::op::tests::test_eval_typed_stack,full,success,0.2929709126666667,,,,
aarch64-unknown-linux-gnu,gimli,0.33.0,read::op::tests::test_op_convert,full,success,0.10834057533333334,,,,
aarch64-unknown-linux-gnu,gimli,0.33.0,read::op::tests::test_op_parse_bit_piece,full,success,0.20768357866666667,,,,
aarch64-unknown-linux-gnu,gimli,0.33.0,read::op::tests::test_op_parse_bregx,full,success,0.28364479000000004,,,,
aarch64-unknown-linux-gnu,gimli,0.33.0,read::op::tests::test_op_parse_const_type,full,success,0.11282572333333334,,,,
aarch64-unknown-linux-gnu,gimli,0.33.0,read::op::tests::test_op_parse_deref_type,full,success,0.11119692200000002,,,,
aarch64-unknown-linux-gnu,gimli,0.33.0,read::op::tests::test_op_parse_entry_value,full,success,0.111009178,,,,
aarch64-unknown-linux-gnu,gimli,0.33.0,read::op::tests::test_op_parse_fivebyte,full,success,0.11679481833333334,,,,
aarch64-unknown-linux-gnu,gimli,0.33.0,read::op::tests::test_op_parse_gnu_parameter_ref,full,success,0.10821360333333334,,,,
aarch64-unknown-linux-gnu,gimli,0.33.0,read::op::tests::test_op_parse_implicit_pointer,full,success,0.12684894466666666,,,,
aarch64-unknown-linux-gnu,gimli,0.33.0,read::op::tests::test_op_parse_implicit_value,full,success,0.10952099733333336,,,,
aarch64-unknown-linux-gnu,gimli,0.33.0,read::op::tests::test_op_parse_ninebyte,full,success,0.11937757700000001,,,,
aarch64-unknown-linux-gnu,gimli,0.33.0,read::op::tests::test_op_parse_onebyte,full,success,0.22072788000000002,,,,
aarch64-unknown-linux-gnu,gimli,0.33.0,read::op::tests::test_op_parse_regval_type,full,success,0.10970438366666667,,,,
aarch64-unknown-linux-gnu,gimli,0.33.0,read::op::tests::test_op_parse_sleb,full,success,1.238916322,,,,
aarch64-unknown-linux-gnu,gimli,0.33.0,read::op::tests::test_op_parse_threebyte,full,success,0.11422292633333335,,,,
aarch64-unknown-linux-gnu,gimli,0.33.0,read::op::tests::test_op_parse_twobyte,full,success,0.11268278400000002,,,,
aarch64-unknown-linux-gnu,gimli,0.33.0,read::op::tests::test_op_parse_uleb,full,success,0.16364599999999999,,,,
aarch64-unknown-linux-gnu,gimli,0.33.0,read::op::tests::test_op_reinterpret,full,success,0.10903963633333334,,,,
aarch64-unknown-linux-gnu,gimli,0.33.0,read::op::tests::test_op_wasm,full,success,0.11607485533333334,,,,
aarch64-unknown-linux-gnu,gimli,0.33.0,read::reader::test::test_min_tombstone,full,success,0.106485223,,,,
aarch64-unknown-linux-gnu,gimli,0.33.0,read::rnglists::tests::test_get_offset,full,success,0.12815690400000002,,,,
aarch64-unknown-linux-gnu,gimli,0.33.0,read::rnglists::tests::test_ranges,full,success,0.13277816966666667,,,,
aarch64-unknown-linux-gnu,gimli,0.33.0,read::rnglists::tests::test_ranges_invalid,full,success,0.10840804033333334,,,,
aarch64-unknown-linux-gnu,gimli,0.33.0,read::rnglists::tests::test_raw_range,full,success,0.107237951,,,,
aarch64-unknown-linux-gnu,gimli,0.33.0,read::rnglists::tests::test_rnglists,full,success,0.24094908866666667,,,,
aarch64-unknown-linux-gnu,gimli,0.33.0,read::str::tests::test_get_str_offset,full,success,0.1281068946666667,,,,
aarch64-unknown-linux-gnu,gimli,0.33.0,read::tests::test_parse_initial_length_32_ok,full,success,0.107522144,,,,
aarch64-unknown-linux-gnu,gimli,0.33.0,read::tests::test_parse_initial_length_64_incomplete,full,success,0.10728541266666668,,,,
aarch64-unknown-linux-gnu,gimli,0.33.0,read::tests::test_parse_initial_length_64_ok,full,success,0.10783662733333334,,,,
aarch64-unknown-linux-gnu,gimli,0.33.0,read::tests::test_parse_initial_length_incomplete,full,success,0.106757836,,,,
aarch64-unknown-linux-gnu,gimli,0.33.0,read::tests::test_parse_initial_length_unknown_reserved_value,full,success,0.10812617633333334,,,,
aarch64-unknown-linux-gnu,gimli,0.33.0,read::tests::test_parse_offset_32,full,success,0.10766628166666668,,,,
aarch64-unknown-linux-gnu,gimli,0.33.0,read::tests::test_parse_offset_64_large,full,success,0.10806414266666668,,,,
aarch64-unknown-linux-gnu,gimli,0.33.0,read::tests::test_parse_offset_64_small,full,success,0.10819510866666666,,,,
aarch64-unknown-linux-gnu,gimli,0.33.0,read::unit::tests::test_attribute_udata_sdata_value,full,success,0.10697170866666668,,,,
aarch64-unknown-linux-gnu,gimli,0.33.0,read::unit::tests::test_attribute_value,full,success,0.11319474166666667,,,,
aarch64-unknown-linux-gnu,gimli,0.33.0,read::unit::tests::test_cursor_next_dfs,full,success,0.14268715633333331,,,,
aarch64-unknown-linux-gnu,gimli,0.33.0,read::unit::tests::test_cursor_next_entry,full,success,0.13979977866666668,,,,
aarch64-unknown-linux-gnu,gimli,0.33.0,read::unit::tests::test_cursor_next_entry_incomplete,full,success,0.12034776433333334,,,,
aarch64-unknown-linux-gnu,gimli,0.33.0,read::unit::tests::test_cursor_next_sibling_continuation,full,success,0.14242370699999998,,,,
aarch64-unknown-linux-gnu,gimli,0.33.0,read::unit::tests::test_cursor_next_sibling_no_sibling_ptr,full,success,0.14377662800000002,,,,
aarch64-unknown-linux-gnu,gimli,0.33.0,read::unit::tests::test_debug_info_next_sibling_with_ptr,full,success,0.15070306666666666,,,,
aarch64-unknown-linux-gnu,gimli,0.33.0,read::unit::tests::test_debug_info_offset,full,success,0.11183145300000001,,,,
aarch64-unknown-linux-gnu,gimli,0.33.0,read::unit::tests::test_debug_types_next_sibling_with_ptr,full,success,0.149324683,,,,
aarch64-unknown-linux-gnu,gimli,0.33.0,read::unit::tests::test_debug_types_offset,full,success,0.11223768566666666,,,,
aarch64-unknown-linux-gnu,gimli,0.33.0,read::unit::tests::test_entries_at_offset,full,success,0.12104277533333334,,,,
aarch64-unknown-linux-gnu,gimli,0.33.0,read::unit::tests::test_entries_raw,full,success,0.12642096000000003,,,,
aarch64-unknown-linux-gnu,gimli,0.33.0,read::unit::tests::test_entries_tree,full,success,0.17671216766666667,,,,
aarch64-unknown-linux-gnu,gimli,0.33.0,read::unit::tests::test_length_including_self,full,success,0.10713251466666668,,,,
aarch64-unknown-linux-gnu,gimli,0.33.0,read::unit::tests::test_parse_attribute_addr,full,success,0.10645109766666667,,,,
aarch64-unknown-linux-gnu,gimli,0.33.0,read::unit::tests::test_parse_attribute_addr8,full,success,0.107229757,,,,
aarch64-unknown-linux-gnu,gimli,0.33.0,read::unit::tests::test_parse_attribute_addrx,full,success,0.10710916200000002,,,,
aarch64-unknown-linux-gnu,gimli,0.33.0,read::unit::tests::test_parse_attribute_addrx1,full,success,0.10646979700000002,,,,
aarch64-unknown-linux-gnu,gimli,0.33.0,read::unit::tests::test_parse_attribute_addrx2,full,success,0.10624755566666667,,,,
aarch64-unknown-linux-gnu,gimli,0.33.0,read::unit::tests::test_parse_attribute_addrx3,full,success,0.10643695600000001,,,,
aarch64-unknown-linux-gnu,gimli,0.33.0,read::unit::tests::test_parse_attribute_addrx4,full,success,0.10806323200000001,,,,
aarch64-unknown-linux-gnu,gimli,0.33.0,read::unit::tests::test_parse_attribute_block,full,success,0.10558584266666667,,,,
aarch64-unknown-linux-gnu,gimli,0.33.0,read::unit::tests::test_parse_attribute_block1,full,success,0.106972876,,,,
aarch64-unknown-linux-gnu,gimli,0.33.0,read::unit::tests::test_parse_attribute_block2,full,success,0.10641109733333333,,,,
aarch64-unknown-linux-gnu,gimli,0.33.0,read::unit::tests::test_parse_attribute_block4,full,success,0.10678213433333335,,,,
aarch64-unknown-linux-gnu,gimli,0.33.0,read::unit::tests::test_parse_attribute_data1,full,success,0.10647182733333334,,,,
aarch64-unknown-linux-gnu,gimli,0.33.0,read::unit::tests::test_parse_attribute_data16,full,success,0.10624334600000002,,,,
aarch64-unknown-linux-gnu,gimli,0.33.0,read::unit::tests::test_parse_attribute_data2,full,success,0.10659046466666668,,,,
aarch64-unknown-linux-gnu,gimli,0.33.0,read::unit::tests::test_parse_attribute_data4,full,success,0.10688637233333335,,,,
aarch64-unknown-linux-gnu,gimli,0.33.0,read::unit::tests::test_parse_attribute_data8,full,success,0.10765890633333335,,,,
aarch64-unknown-linux-gnu,gimli,0.33.0,read::unit::tests::test_parse_attribute_exprloc,full,success,0.10583712633333335,,,,
aarch64-unknown-linux-gnu,gimli,0.33.0,read::unit::tests::test_parse_attribute_flag_false,full,success,0.10700814400000001,,,,
aarch64-unknown-linux-gnu,gimli,0.33.0,read::unit::tests::test_parse_attribute_flag_present,full,success,0.10587355100000001,,,,
aarch64-unknown-linux-gnu,gimli,0.33.0,read::unit::tests::test_parse_attribute_flag_true,full,success,0.10613996166666667,,,,
aarch64-unknown-linux-gnu,gimli,0.33.0,read::unit::tests::test_parse_attribute_gnu_ref_alt_32,full,success,0.10589430933333334,,,,
aarch64-unknown-linux-gnu,gimli,0.33.0,read::unit::tests::test_parse_attribute_gnu_ref_alt_64,full,success,0.10667371833333333,,,,
aarch64-unknown-linux-gnu,gimli,0.33.0,read::unit::tests::test_parse_attribute_gnu_strp_alt_32,full,success,0.10652095333333333,,,,
aarch64-unknown-linux-gnu,gimli,0.33.0,read::unit::tests::test_parse_attribute_gnu_strp_alt_64,full,success,0.10629023233333335,,,,
aarch64-unknown-linux-gnu,gimli,0.33.0,read::unit::tests::test_parse_attribute_indirect,full,success,0.10786681266666666,,,,
aarch64-unknown-linux-gnu,gimli,0.33.0,read::unit::tests::test_parse_attribute_indirect_implicit_const,full,success,0.10617666366666667,,,,
aarch64-unknown-linux-gnu,gimli,0.33.0,read::unit::tests::test_parse_attribute_loclistx,full,success,0.10635123966666667,,,,
aarch64-unknown-linux-gnu,gimli,0.33.0,read::unit::tests::test_parse_attribute_ref1,full,success,0.10534418133333334,,,,
aarch64-unknown-linux-gnu,gimli,0.33.0,read::unit::tests::test_parse_attribute_ref2,full,success,0.10722587766666668,,,,
aarch64-unknown-linux-gnu,gimli,0.33.0,read::unit::tests::test_parse_attribute_ref4,full,success,0.10577296666666668,,,,
aarch64-unknown-linux-gnu,gimli,0.33.0,read::unit::tests::test_parse_attribute_ref8,full,success,0.10634342033333334,,,,
aarch64-unknown-linux-gnu,gimli,0.33.0,read::unit::tests::test_parse_attribute_ref_sup4,full,success,0.10609232,,,,
aarch64-unknown-linux-gnu,gimli,0.33.0,read::unit::tests::test_parse_attribute_ref_sup8,full,success,0.10755783366666667,,,,
aarch64-unknown-linux-gnu,gimli,0.33.0,read::unit::tests::test_parse_attribute_refaddr8_version2,full,success,0.10641495866666667,,,,
aarch64-unknown-linux-gnu,gimli,0.33.0,read::unit::tests::test_parse_attribute_refaddr_32,full,success,0.10795722666666667,,,,
aarch64-unknown-linux-gnu,gimli,0.33.0,read::unit::tests::test_parse_attribute_refaddr_64,full,success,0.10634182833333335,,,,
aarch64-unknown-linux-gnu,gimli,0.33.0,read::unit::tests::test_parse_attribute_refaddr_version2,full,success,0.10677850500000001,,,,
aarch64-unknown-linux-gnu,gimli,0.33.0,read::unit::tests::test_parse_attribute_refsig8,full,success,0.10711212266666666,,,,
aarch64-unknown-linux-gnu,gimli,0.33.0,read::unit::tests::test_parse_attribute_refudata,full,success,0.10689758266666667,,,,
aarch64-unknown-linux-gnu,gimli,0.33.0,read::unit::tests::test_parse_attribute_rnglistx,full,success,0.10566744366666668,,,,
aarch64-unknown-linux-gnu,gimli,0.33.0,read::unit::tests::test_parse_attribute_sdata,full,success,0.106394838,,,,
aarch64-unknown-linux-gnu,gimli,0.33.0,read::unit::tests::test_parse_attribute_sec_offset_32,full,success,0.10647617733333332,,,,
aarch64-unknown-linux-gnu,gimli,0.33.0,read::unit::tests::test_parse_attribute_sec_offset_64,full,success,0.10763336333333334,,,,
aarch64-unknown-linux-gnu,gimli,0.33.0,read::unit::tests::test_parse_attribute_string,full,success,0.10760969866666668,,,,
aarch64-unknown-linux-gnu,gimli,0.33.0,read::unit::tests::test_parse_attribute_strp_32,full,success,0.10583002866666667,,,,
aarch64-unknown-linux-gnu,gimli,0.33.0,read::unit::tests::test_parse_attribute_strp_64,full,success,0.106117749,,,,
aarch64-unknown-linux-gnu,gimli,0.33.0,read::unit::tests::test_parse_attribute_strp_sup_32,full,success,0.10527310100000002,,,,
aarch64-unknown-linux-gnu,gimli,0.33.0,read::unit::tests::test_parse_attribute_strp_sup_64,full,success,0.10616948366666668,,,,
aarch64-unknown-linux-gnu,gimli,0.33.0,read::unit::tests::test_parse_attribute_strx,full,success,0.10700364866666667,,,,
aarch64-unknown-linux-gnu,gimli,0.33.0,read::unit::tests::test_parse_attribute_strx1,full,success,0.107019372,,,,
aarch64-unknown-linux-gnu,gimli,0.33.0,read::unit::tests::test_parse_attribute_strx2,full,success,0.10656645766666668,,,,
aarch64-unknown-linux-gnu,gimli,0.33.0,read::unit::tests::test_parse_attribute_strx3,full,success,0.106083932,,,,
aarch64-unknown-linux-gnu,gimli,0.33.0,read::unit::tests::test_parse_attribute_strx4,full,success,0.10651858733333334,,,,
aarch64-unknown-linux-gnu,gimli,0.33.0,read::unit::tests::test_parse_attribute_udata,full,success,0.10718712866666669,,,,
aarch64-unknown-linux-gnu,gimli,0.33.0,read::unit::tests::test_parse_type_unit_abbrevs,full,success,0.10974569566666666,,,,
aarch64-unknown-linux-gnu,gimli,0.33.0,read::unit::tests::test_parse_type_unit_header_32_ok,full,success,0.11354508166666667,,,,
aarch64-unknown-linux-gnu,gimli,0.33.0,read::unit::tests::test_parse_type_unit_header_64_ok,full,success,0.11430454566666666,,,,
aarch64-unknown-linux-gnu,gimli,0.33.0,read::unit::tests::test_parse_unit_header_32_ok,full,success,0.113288744,,,,
aarch64-unknown-linux-gnu,gimli,0.33.0,read::unit::tests::test_parse_unit_header_64_ok,full,success,0.11471453233333334,,,,
aarch64-unknown-linux-gnu,gimli,0.33.0,read::unit::tests::test_parse_v5_partial_unit_header_32_ok,full,success,0.11312647999999999,,,,
aarch64-unknown-linux-gnu,gimli,0.33.0,read::unit::tests::test_parse_v5_partial_unit_header_64_ok,full,success,0.11394519633333333,,,,
aarch64-unknown-linux-gnu,gimli,0.33.0,read::unit::tests::test_parse_v5_skeleton_unit_header_32_ok,full,success,0.11373178433333335,,,,
aarch64-unknown-linux-gnu,gimli,0.33.0,read::unit::tests::test_parse_v5_skeleton_unit_header_64_ok,full,success,0.11535318466666666,,,,
aarch64-unknown-linux-gnu,gimli,0.33.0,read::unit::tests::test_parse_v5_split_compilation_unit_header_32_ok,full,success,0.11354995566666666,,,,
aarch64-unknown-linux-gnu,gimli,0.33.0,read::unit::tests::test_parse_v5_split_compilation_unit_header_64_ok,full,success,0.114633311,,,,
aarch64-unknown-linux-gnu,gimli,0.33.0,read::unit::tests::test_parse_v5_split_type_unit_header_32_ok,full,success,0.11427502666666667,,,,
aarch64-unknown-linux-gnu,gimli,0.33.0,read::unit::tests::test_parse_v5_split_type_unit_header_64_ok,full,success,0.11415460166666669,,,,
aarch64-unknown-linux-gnu,gimli,0.33.0,read::unit::tests::test_parse_v5_type_unit_header_32_ok,full,success,0.11431154233333335,,,,
aarch64-unknown-linux-gnu,gimli,0.33.0,read::unit::tests::test_parse_v5_type_unit_header_64_ok,full,success,0.114409121,,,,
aarch64-unknown-linux-gnu,gimli,0.33.0,read::unit::tests::test_parse_v5_unit_header_32_ok,full,success,0.113683119,,,,
aarch64-unknown-linux-gnu,gimli,0.33.0,read::unit::tests::test_parse_v5_unit_header_64_ok,full,success,0.11495161066666666,,,,
aarch64-unknown-linux-gnu,gimli,0.33.0,read::unit::tests::test_unit_header_variance,full,success,0.10658836933333334,,,,
aarch64-unknown-linux-gnu,gimli,0.33.0,read::unit::tests::test_unit_version_incomplete,full,success,0.10664246966666668,,,,
aarch64-unknown-linux-gnu,gimli,0.33.0,read::unit::tests::test_unit_version_unknown_version,full,success,0.106296071,,,,
aarch64-unknown-linux-gnu,gimli,0.33.0,read::unit::tests::test_units,full,success,0.12009444266666668,,,,
aarch64-unknown-linux-gnu,gimli,0.33.0,read::value::tests::value_abs,full,success,0.10675142233333335,,,,
aarch64-unknown-linux-gnu,gimli,0.33.0,read::value::tests::value_add,full,success,0.10762899800000002,,,,
aarch64-unknown-linux-gnu,gimli,0.33.0,read::value::tests::value_and,full,success,0.10700055200000001,,,,
aarch64-unknown-linux-gnu,gimli,0.33.0,read::value::tests::value_convert,full,success,0.10702290966666668,,,,
aarch64-unknown-linux-gnu,gimli,0.33.0,read::value::tests::value_div,full,success,0.10788752800000001,,,,
aarch64-unknown-linux-gnu,gimli,0.33.0,read::value::tests::value_eq,full,success,0.10719217833333333,,,,
aarch64-unknown-linux-gnu,gimli,0.33.0,read::value::tests::value_ge,full,success,0.10700527466666669,,,,
aarch64-unknown-linux-gnu,gimli,0.33.0,read::value::tests::value_gt,full,success,0.10714340900000001,,,,
aarch64-unknown-linux-gnu,gimli,0.33.0,read::value::tests::value_le,full,success,0.10659111666666667,,,,
aarch64-unknown-linux-gnu,gimli,0.33.0,read::value::tests::value_lt,full,success,0.107440833,,,,
aarch64-unknown-linux-gnu,gimli,0.33.0,read::value::tests::value_mul,full,success,0.10561271433333334,,,,
aarch64-unknown-linux-gnu,gimli,0.33.0,read::value::tests::value_ne,full,success,0.10838581600000001,,,,
aarch64-unknown-linux-gnu,gimli,0.33.0,read::value::tests::value_neg,full,success,0.10706959100000002,,,,
aarch64-unknown-linux-gnu,gimli,0.33.0,read::value::tests::value_not,full,success,0.107137086,,,,
aarch64-unknown-linux-gnu,gimli,0.33.0,read::value::tests::value_or,full,success,0.10719853633333336,,,,
aarch64-unknown-linux-gnu,gimli,0.33.0,read::value::tests::value_reinterpret,full,success,0.10640987066666667,,,,
aarch64-unknown-linux-gnu,gimli,0.33.0,read::value::tests::value_rem,full,success,0.10719633633333335,,,,
aarch64-unknown-linux-gnu,gimli,0.33.0,read::value::tests::value_shl,full,success,0.10741721066666667,,,,
aarch64-unknown-linux-gnu,gimli,0.33.0,read::value::tests::value_shr,full,success,0.107289335,,,,
aarch64-unknown-linux-gnu,gimli,0.33.0,read::value::tests::value_shra,full,success,0.10777618633333334,,,,
aarch64-unknown-linux-gnu,gimli,0.33.0,read::value::tests::value_sub,full,success,0.10612483300000002,,,,
aarch64-unknown-linux-gnu,gimli,0.33.0,read::value::tests::value_xor,full,success,0.10657586166666667,,,,
aarch64-unknown-linux-gnu,gimli,0.33.0,read::value::tests::valuetype_from_encoding,full,success,0.12247882033333335,,,,
aarch64-unknown-linux-gnu,gimli,0.33.0,write::abbrev::tests::test_abbreviation_table,full,success,0.118374889,,,,
aarch64-unknown-linux-gnu,gimli,0.33.0,write::cfi::tests::test_frame_instruction,full,success,1.6216356383333335,,,,
aarch64-unknown-linux-gnu,gimli,0.33.0,write::cfi::tests::test_frame_table,full,success,1.4462666870000003,,,,
aarch64-unknown-linux-gnu,gimli,0.33.0,write::endian_vec::tests::test_endian_vec,full,success,0.10855188733333336,,,,
aarch64-unknown-linux-gnu,gimli,0.33.0,write::line::tests::test_file_source,full,success,0.963255708,,,,
aarch64-unknown-linux-gnu,gimli,0.33.0,write::line::tests::test_line_instruction,full,success,6.610993236,,,,
aarch64-unknown-linux-gnu,gimli,0.33.0,write::line::tests::test_line_program,full,success,2.887576471666667,,,,
aarch64-unknown-linux-gnu,gimli,0.33.0,write::line::tests::test_line_row,full,success,17.306216156333335,,,,
aarch64-unknown-linux-gnu,gimli,0.33.0,write::line::tests::test_line_sequence,full,success,2.4537396553333335,,,,
aarch64-unknown-linux-gnu,gimli,0.33.0,write::line::tests::test_line_string,full,success,0.5062948693333333,,,,
aarch64-unknown-linux-gnu,gimli,0.33.0,write::line::tests::test_missing_comp_dir,full,success,0.8187134113333334,,,,
aarch64-unknown-linux-gnu,gimli,0.33.0,write::line::tests::test_separate_working_dir,full,success,1.1498198753333335,,,,
aarch64-unknown-linux-gnu,gimli,0.33.0,write::loc::tests::test_loc_list,full,success,0.453658945,,,,
aarch64-unknown-linux-gnu,gimli,0.33.0,write::op::tests::test_expression_as_raw,full,success,0.10792986366666668,,,,
aarch64-unknown-linux-gnu,gimli,0.33.0,write::op::tests::test_expression_raw,full,success,0.4245079836666667,,,,
aarch64-unknown-linux-gnu,gimli,0.33.0,write::op::tests::test_forward_ref,full,success,0.11743446400000002,,,,
aarch64-unknown-linux-gnu,gimli,0.33.0,write::op::tests::test_missing_debuginfo_ref,full,success,0.12322443766666667,,,,
aarch64-unknown-linux-gnu,gimli,0.33.0,write::op::tests::test_missing_unit_ref,full,success,0.11714641233333334,,,,
aarch64-unknown-linux-gnu,gimli,0.33.0,write::op::tests::test_operation,full,success,5.987173673,,,,
aarch64-unknown-linux-gnu,gimli,0.33.0,write::range::tests::test_range,full,success,0.27514056933333336,,,,
aarch64-unknown-linux-gnu,gimli,0.33.0,write::relocate::tests::test_relocate_writer,full,success,0.10962879600000001,,,,
aarch64-unknown-linux-gnu,gimli,0.33.0,write::str::tests::test_string_table,full,success,0.11648719166666667,,,,
aarch64-unknown-linux-gnu,gimli,0.33.0,write::unit::tests::test_attribute_value,full,success,15.398610455333333,,,,
aarch64-unknown-linux-gnu,gimli,0.33.0,write::unit::tests::test_delete_child,full,success,0.14362440366666665,,,,
aarch64-unknown-linux-gnu,gimli,0.33.0,write::unit::tests::test_line_program_used,full,success,0.1422498326666667,,,,
aarch64-unknown-linux-gnu,gimli,0.33.0,write::unit::tests::test_line_ref,full,success,1.5893323066666667,,,,
aarch64-unknown-linux-gnu,gimli,0.33.0,write::unit::tests::test_missing_debuginfo_ref,full,success,0.12191488900000001,,,,
aarch64-unknown-linux-gnu,gimli,0.33.0,write::unit::tests::test_missing_unit_ref,full,success,0.12001183466666666,,,,
aarch64-unknown-linux-gnu,gimli,0.33.0,write::unit::tests::test_sibling,full,success,0.207495011,,,,
aarch64-unknown-linux-gnu,gimli,0.33.0,write::unit::tests::test_unit_ref,full,success,0.19762976533333335,,,,
aarch64-unknown-linux-gnu,gimli,0.33.0,write::unit::tests::test_unit_table,full,success,0.20269624400000005,,,,
aarch64-unknown-linux-gnu,gimli,0.33.0,write::writer::tests::test_writer,full,success,0.1119709,,,,
aarch64-unknown-linux-gnu,half,2.7.1,bfloat::test::formatting,full,success,0.13615267066666667,,,,
aarch64-unknown-linux-gnu,half,2.7.1,bfloat::test::qc_roundtrip_bf16_f32_is_identity,full,success,0.21946708466666667,,,,
aarch64-unknown-linux-gnu,half,2.7.1,bfloat::test::qc_roundtrip_bf16_f64_is_identity,full,success,0.22572186733333333,,,,
aarch64-unknown-linux-gnu,half,2.7.1,bfloat::test::test_bf16_consts_from_f32,full,success,0.11043992600000001,,,,
aarch64-unknown-linux-gnu,half,2.7.1,bfloat::test::test_bf16_consts_from_f64,full,success,0.11017855266666667,,,,
aarch64-unknown-linux-gnu,half,2.7.1,bfloat::test::test_bf16_to_f32,full,success,0.10906817433333334,,,,
aarch64-unknown-linux-gnu,half,2.7.1,bfloat::test::test_comparisons,full,success,0.107769736,,,,
aarch64-unknown-linux-gnu,half,2.7.1,bfloat::test::test_max,full,success,0.10819347433333333,,,,
aarch64-unknown-linux-gnu,half,2.7.1,bfloat::test::test_min,full,success,0.10795920866666668,,,,
aarch64-unknown-linux-gnu,half,2.7.1,bfloat::test::test_nan_conversion_to_larger,full,success,0.108215446,,,,
aarch64-unknown-linux-gnu,half,2.7.1,bfloat::test::test_nan_conversion_to_smaller,full,success,0.10864468333333333,,,,
aarch64-unknown-linux-gnu,half,2.7.1,binary16::test::arithmetic,full,success,0.108403292,,,,
aarch64-unknown-linux-gnu,half,2.7.1,binary16::test::formatting,full,success,0.13335602000000002,,,,
aarch64-unknown-linux-gnu,half,2.7.1,binary16::test::qc_roundtrip_f16_f32_is_identity,full,success,0.209712861,,,,
aarch64-unknown-linux-gnu,half,2.7.1,binary16::test::qc_roundtrip_f16_f64_is_identity,full,success,0.218913807,,,,
aarch64-unknown-linux-gnu,half,2.7.1,binary16::test::test_comparisons,full,success,0.10911673933333334,,,,
aarch64-unknown-linux-gnu,half,2.7.1,binary16::test::test_f16_consts_from_f32,full,success,0.10821574833333335,,,,
aarch64-unknown-linux-gnu,half,2.7.1,binary16::test::test_f16_consts_from_f64,full,success,0.10738526366666667,,,,
aarch64-unknown-linux-gnu,half,2.7.1,binary16::test::test_max,full,success,0.10797511933333333,,,,
aarch64-unknown-linux-gnu,half,2.7.1,binary16::test::test_min,full,success,0.10853572333333335,,,,
aarch64-unknown-linux-gnu,half,2.7.1,binary16::test::test_nan_conversion_to_larger,full,success,0.10844946500000001,,,,
aarch64-unknown-linux-gnu,half,2.7.1,binary16::test::test_nan_conversion_to_smaller,full,success,0.10902283233333333,,,,
aarch64-unknown-linux-gnu,half,2.7.1,leading_zeros::test::leading_zeros_u16_fallback,full,success,0.10962104300000002,,,,
aarch64-unknown-linux-gnu,half,2.7.1,slice::test::convert_from_f32_slice_len_mismatch_panics,full,success,0.11592978666666669,,,,
aarch64-unknown-linux-gnu,half,2.7.1,slice::test::convert_from_f64_slice_len_mismatch_panics,full,success,0.11662445566666668,,,,
aarch64-unknown-linux-gnu,half,2.7.1,slice::test::convert_to_f32_slice_len_mismatch_panics,full,success,0.11691242766666667,,,,
aarch64-unknown-linux-gnu,half,2.7.1,slice::test::convert_to_f64_slice_len_mismatch_panics,full,success,0.11641579366666667,,,,
aarch64-unknown-linux-gnu,half,2.7.1,slice::test::slice_convert_bf16_f32,full,success,0.11380269066666666,,,,
aarch64-unknown-linux-gnu,half,2.7.1,slice::test::slice_convert_bf16_f64,full,success,0.11280165966666668,,,,
aarch64-unknown-linux-gnu,half,2.7.1,slice::test::slice_convert_f16_f32,full,success,0.11457192766666668,,,,
aarch64-unknown-linux-gnu,half,2.7.1,slice::test::slice_convert_f16_f64,full,success,0.11420059933333333,,,,
aarch64-unknown-linux-gnu,half,2.7.1,slice::test::test_mutablility_bf16,full,success,0.10895681400000001,,,,
aarch64-unknown-linux-gnu,half,2.7.1,slice::test::test_mutablility_f16,full,success,0.10920296266666667,,,,
aarch64-unknown-linux-gnu,half,2.7.1,slice::test::test_slice_conversions_bf16,full,success,0.10987113033333334,,,,
aarch64-unknown-linux-gnu,half,2.7.1,slice::test::test_slice_conversions_f16,full,success,0.10928550333333335,,,,
aarch64-unknown-linux-gnu,half,2.7.1,vec::test::test_vec_conversions_bf16,full,success,0.11077864333333333,,,,
aarch64-unknown-linux-gnu,half,2.7.1,vec::test::test_vec_conversions_f16,full,success,0.11116994666666669,,,,
aarch64-unknown-linux-gnu,hashbrown,0.17.0,map::test_map::test_allocation_info,full,success,0.10412465166666668,,,,
aarch64-unknown-linux-gnu,hashbrown,0.17.0,map::test_map::test_behavior_resize_policy,full,success,0.11814891266666668,,,,
aarch64-unknown-linux-gnu,hashbrown,0.17.0,map::test_map::test_capacity_not_less_than_len,full,success,0.3697212373333334,,,,
aarch64-unknown-linux-gnu,hashbrown,0.17.0,map::test_map::test_catch_panic_clone_from_when_len_is_equal,full,success,0.13824714000000002,,,,
aarch64-unknown-linux-gnu,hashbrown,0.17.0,map::test_map::test_catch_panic_clone_from_when_len_is_not_equal,full,success,0.12993357900000002,,,,
aarch64-unknown-linux-gnu,hashbrown,0.17.0,map::test_map::test_clone,full,success,0.10644351066666667,,,,
aarch64-unknown-linux-gnu,hashbrown,0.17.0,map::test_map::test_clone_from,full,success,0.10642601833333333,,,,
aarch64-unknown-linux-gnu,hashbrown,0.17.0,map::test_map::test_clone_from_double_drop,full,success,0.11874807066666666,,,,
aarch64-unknown-linux-gnu,hashbrown,0.17.0,map::test_map::test_clone_from_memory_leaks,full,success,0.11555041233333334,,,,
aarch64-unknown-linux-gnu,hashbrown,0.17.0,map::test_map::test_clone_memory_leaks_and_double_drop_one,full,success,0.126255998,,,,
aarch64-unknown-linux-gnu,hashbrown,0.17.0,map::test_map::test_clone_memory_leaks_and_double_drop_two,full,success,0.129567332,,,,
aarch64-unknown-linux-gnu,hashbrown,0.17.0,map::test_map::test_conflict_remove,full,success,0.10826541266666667,,,,
aarch64-unknown-linux-gnu,hashbrown,0.17.0,map::test_map::test_const_with_hasher,full,success,0.10595202966666668,,,,
aarch64-unknown-linux-gnu,hashbrown,0.17.0,map::test_map::test_create_capacity_zero,full,success,0.105199157,,,,
aarch64-unknown-linux-gnu,hashbrown,0.17.0,map::test_map::test_drops,full,success,0.3087450006666667,,,,
aarch64-unknown-linux-gnu,hashbrown,0.17.0,map::test_map::test_empty_entry,full,success,0.10575624966666668,,,,
aarch64-unknown-linux-gnu,hashbrown,0.17.0,map::test_map::test_empty_entry_ref,full,success,0.10659225933333334,,,,
aarch64-unknown-linux-gnu,hashbrown,0.17.0,map::test_map::test_empty_iter,full,success,0.10515735933333333,,,,
aarch64-unknown-linux-gnu,hashbrown,0.17.0,map::test_map::test_empty_remove,full,success,0.10488344599999999,,,,
aarch64-unknown-linux-gnu,hashbrown,0.17.0,map::test_map::test_entry,full,success,0.108859465,,,,
aarch64-unknown-linux-gnu,hashbrown,0.17.0,map::test_map::test_entry_and_replace_entry_with,full,success,0.10775330766666667,,,,
aarch64-unknown-linux-gnu,hashbrown,0.17.0,map::test_map::test_entry_ref,full,success,0.116528331,,,,
aarch64-unknown-linux-gnu,hashbrown,0.17.0,map::test_map::test_entry_ref_take_doesnt_corrupt,full,success,1.4905345036666666,,,,
aarch64-unknown-linux-gnu,hashbrown,0.17.0,map::test_map::test_entry_take_doesnt_corrupt,full,success,0.803341874,,,,
aarch64-unknown-linux-gnu,hashbrown,0.17.0,map::test_map::test_eq,full,success,0.10852910133333334,,,,
aarch64-unknown-linux-gnu,hashbrown,0.17.0,map::test_map::test_expand,full,success,0.105894496,,,,
aarch64-unknown-linux-gnu,hashbrown,0.17.0,map::test_map::test_extend_ref_k_ref_v,full,success,0.10690329700000001,,,,
aarch64-unknown-linux-gnu,hashbrown,0.17.0,map::test_map::test_extend_ref_kv_tuple,full,success,0.8169308760000001,,,,
aarch64-unknown-linux-gnu,hashbrown,0.17.0,map::test_map::test_extract_if,full,success,0.11491575866666669,,,,
aarch64-unknown-linux-gnu,hashbrown,0.17.0,map::test_map::test_find,full,success,0.10598534366666668,,,,
aarch64-unknown-linux-gnu,hashbrown,0.17.0,map::test_map::test_find_mut,full,success,0.10691471200000001,,,,
aarch64-unknown-linux-gnu,hashbrown,0.17.0,map::test_map::test_from_iter,full,success,0.10868818866666667,,,,
aarch64-unknown-linux-gnu,hashbrown,0.17.0,map::test_map::test_get_disjoint_mut,full,success,0.12026737633333334,,,,
aarch64-unknown-linux-gnu,hashbrown,0.17.0,map::test_map::test_get_disjoint_mut_duplicate,full,success,0.11308246233333334,,,,
aarch64-unknown-linux-gnu,hashbrown,0.17.0,map::test_map::test_hashmap_into_iter_bug,full,success,0.115440516,,,,
aarch64-unknown-linux-gnu,hashbrown,0.17.0,map::test_map::test_index,full,success,0.10579100866666669,,,,
aarch64-unknown-linux-gnu,hashbrown,0.17.0,map::test_map::test_index_nonexistent,full,success,0.11219364600000002,,,,
aarch64-unknown-linux-gnu,hashbrown,0.17.0,map::test_map::test_insert,full,success,0.10629658500000001,,,,
aarch64-unknown-linux-gnu,hashbrown,0.17.0,map::test_map::test_insert_conflicts,full,success,0.10631879433333334,,,,
aarch64-unknown-linux-gnu,hashbrown,0.17.0,map::test_map::test_insert_overwrite,full,success,0.10613912266666665,,,,
aarch64-unknown-linux-gnu,hashbrown,0.17.0,map::test_map::test_insert_unique_unchecked,full,success,0.10676103866666668,,,,
aarch64-unknown-linux-gnu,hashbrown,0.17.0,map::test_map::test_into_iter_drops,full,success,0.36959766499999996,,,,
aarch64-unknown-linux-gnu,hashbrown,0.17.0,map::test_map::test_into_keys,full,success,0.10631635433333335,,,,
aarch64-unknown-linux-gnu,hashbrown,0.17.0,map::test_map::test_into_values,full,success,0.10712852833333335,,,,
aarch64-unknown-linux-gnu,hashbrown,0.17.0,map::test_map::test_is_empty,full,success,0.10568947633333335,,,,
aarch64-unknown-linux-gnu,hashbrown,0.17.0,map::test_map::test_iter_len,full,success,0.10678357233333334,,,,
aarch64-unknown-linux-gnu,hashbrown,0.17.0,map::test_map::test_iter_mut_len,full,success,0.10812019500000002,,,,
aarch64-unknown-linux-gnu,hashbrown,0.17.0,map::test_map::test_iterate,full,success,0.13944642466666668,,,,
aarch64-unknown-linux-gnu,hashbrown,0.17.0,map::test_map::test_keys,full,success,0.106754945,,,,
aarch64-unknown-linux-gnu,hashbrown,0.17.0,map::test_map::test_mut_size_hint,full,success,0.10749844433333333,,,,
aarch64-unknown-linux-gnu,hashbrown,0.17.0,map::test_map::test_occupied_entry_key,full,success,0.10595038433333336,,,,
aarch64-unknown-linux-gnu,hashbrown,0.17.0,map::test_map::test_occupied_entry_ref_key,full,success,0.10648302066666666,,,,
aarch64-unknown-linux-gnu,hashbrown,0.17.0,map::test_map::test_occupied_entry_replace_entry_with,full,success,0.10750147666666666,,,,
aarch64-unknown-linux-gnu,hashbrown,0.17.0,map::test_map::test_remove,full,success,0.10664260033333334,,,,
aarch64-unknown-linux-gnu,hashbrown,0.17.0,map::test_map::test_remove_entry,full,success,0.10611375300000002,,,,
aarch64-unknown-linux-gnu,hashbrown,0.17.0,map::test_map::test_replace_entry_with_doesnt_corrupt,full,success,0.9035419336666667,,,,
aarch64-unknown-linux-gnu,hashbrown,0.17.0,map::test_map::test_reserve_shrink_to_fit,full,success,0.6844156416666668,,,,
aarch64-unknown-linux-gnu,hashbrown,0.17.0,map::test_map::test_retain,full,success,0.16566294066666667,,,,
aarch64-unknown-linux-gnu,hashbrown,0.17.0,map::test_map::test_show,full,success,0.10750889433333333,,,,
aarch64-unknown-linux-gnu,hashbrown,0.17.0,map::test_map::test_size_hint,full,success,0.10852189766666666,,,,
aarch64-unknown-linux-gnu,hashbrown,0.17.0,map::test_map::test_vacant_entry_key,full,success,0.10609070300000001,,,,
aarch64-unknown-linux-gnu,hashbrown,0.17.0,map::test_map::test_vacant_entry_ref_key,full,success,0.10652868900000001,,,,
aarch64-unknown-linux-gnu,hashbrown,0.17.0,map::test_map::test_values,full,success,0.106828505,,,,
aarch64-unknown-linux-gnu,hashbrown,0.17.0,map::test_map::test_values_mut,full,success,0.10792336733333334,,,,
aarch64-unknown-linux-gnu,hashbrown,0.17.0,map::test_map::test_zero_capacities,full,success,0.10678646766666668,,,,
aarch64-unknown-linux-gnu,hashbrown,0.17.0,map::test_map_with_mmap_allocations::test_tiny_allocation_gets_rounded_to_page_size,full,success,0.27819596900000004,,,,
aarch64-unknown-linux-gnu,hashbrown,0.17.0,raw::test_map::rehash,full,success,0.5827875146666667,,,,
aarch64-unknown-linux-gnu,hashbrown,0.17.0,raw::test_map::test_catch_panic_clone_from,full,success,0.12824294133333333,,,,
aarch64-unknown-linux-gnu,hashbrown,0.17.0,raw::test_map::test_drop_uninitialized,full,success,0.10487503666666669,,,,
aarch64-unknown-linux-gnu,hashbrown,0.17.0,raw::test_map::test_drop_zero_items,full,success,0.10473388500000001,,,,
aarch64-unknown-linux-gnu,hashbrown,0.17.0,raw::test_map::test_minimum_capacity_for_small_types,full,success,0.10556651633333335,,,,
aarch64-unknown-linux-gnu,hashbrown,0.17.0,raw::test_map::test_prev_pow2,full,success,0.107393811,,,,
aarch64-unknown-linux-gnu,hashbrown,0.17.0,raw_entry::test_map::test_key_without_hash_impl,full,success,0.109028613,,,,
aarch64-unknown-linux-gnu,hashbrown,0.17.0,raw_entry::test_map::test_raw_entry,full,success,0.13051545100000003,,,,
aarch64-unknown-linux-gnu,hashbrown,0.17.0,raw_entry::test_map::test_raw_entry_and_replace_entry_with,full,success,0.10763022266666666,,,,
aarch64-unknown-linux-gnu,hashbrown,0.17.0,raw_entry::test_map::test_raw_occupied_entry_replace_entry_with,full,success,0.10717585366666667,,,,
aarch64-unknown-linux-gnu,hashbrown,0.17.0,set::test_set::collect,full,success,0.10581585033333334,,,,
aarch64-unknown-linux-gnu,hashbrown,0.17.0,set::test_set::duplicate_insert,full,success,0.10532524033333333,,,,
aarch64-unknown-linux-gnu,hashbrown,0.17.0,set::test_set::rehash_in_place,full,success,1.5948436986666668,,,,
aarch64-unknown-linux-gnu,hashbrown,0.17.0,set::test_set::some_invalid_equivalent,full,success,0.11300887500000001,,,,
aarch64-unknown-linux-gnu,hashbrown,0.17.0,set::test_set::test_allocation_info,full,success,0.105211972,,,,
aarch64-unknown-linux-gnu,hashbrown,0.17.0,set::test_set::test_const_with_hasher,full,success,0.10588312,,,,
aarch64-unknown-linux-gnu,hashbrown,0.17.0,set::test_set::test_difference,full,success,0.10985686633333334,,,,
aarch64-unknown-linux-gnu,hashbrown,0.17.0,set::test_set::test_disjoint,full,success,0.11509608366666668,,,,
aarch64-unknown-linux-gnu,hashbrown,0.17.0,set::test_set::test_drain,full,success,1.076835237,,,,
aarch64-unknown-linux-gnu,hashbrown,0.17.0,set::test_set::test_eq,full,success,0.10775260599999999,,,,
aarch64-unknown-linux-gnu,hashbrown,0.17.0,set::test_set::test_extend_ref,full,success,0.11214438700000001,,,,
aarch64-unknown-linux-gnu,hashbrown,0.17.0,set::test_set::test_extract_if,full,success,0.11603210100000001,,,,
aarch64-unknown-linux-gnu,hashbrown,0.17.0,set::test_set::test_from_iter,full,success,0.11156147833333334,,,,
aarch64-unknown-linux-gnu,hashbrown,0.17.0,set::test_set::test_from_map,full,success,0.107171372,,,,
aarch64-unknown-linux-gnu,hashbrown,0.17.0,set::test_set::test_intersection,full,success,0.11494657866666667,,,,
aarch64-unknown-linux-gnu,hashbrown,0.17.0,set::test_set::test_iterate,full,success,0.14382213033333333,,,,
aarch64-unknown-linux-gnu,hashbrown,0.17.0,set::test_set::test_move_iter,full,success,0.10580463900000002,,,,
aarch64-unknown-linux-gnu,hashbrown,0.17.0,set::test_set::test_replace,full,success,0.10581338233333333,,,,
aarch64-unknown-linux-gnu,hashbrown,0.17.0,set::test_set::test_retain,full,success,0.10894610100000002,,,,
aarch64-unknown-linux-gnu,hashbrown,0.17.0,set::test_set::test_show,full,success,0.106003357,,,,
aarch64-unknown-linux-gnu,hashbrown,0.17.0,set::test_set::test_sub_assign,full,success,0.10997785433333333,,,,
aarch64-unknown-linux-gnu,hashbrown,0.17.0,set::test_set::test_subset_and_superset,full,success,0.115264873,,,,
aarch64-unknown-linux-gnu,hashbrown,0.17.0,set::test_set::test_symmetric_difference,full,success,0.11639258366666667,,,,
aarch64-unknown-linux-gnu,hashbrown,0.17.0,set::test_set::test_trivial_drain,full,success,0.10571410866666668,,,,
aarch64-unknown-linux-gnu,hashbrown,0.17.0,set::test_set::test_union,full,success,0.122087862,,,,
aarch64-unknown-linux-gnu,hashbrown,0.17.0,set::test_set::test_zero_capacities,full,success,0.10623276166666668,,,,
aarch64-unknown-linux-gnu,hashbrown,0.17.0,table::tests::test_allocation_info,full,success,0.10529440133333334,,,,
aarch64-unknown-linux-gnu,hostname,0.4.2,nix::tests::test_empty_buffer,full,success,0.10427831533333333,,,,
aarch64-unknown-linux-gnu,hostname,0.4.2,nix::tests::test_filled_with_null_buffer,full,success,0.105603021,,,,
aarch64-unknown-linux-gnu,hostname,0.4.2,nix::tests::test_non_overflowed_buffer,full,success,0.104371269,,,,
aarch64-unknown-linux-gnu,hostname,0.4.2,nix::tests::test_overflowed_buffer,full,success,0.10608965399999999,,,,
aarch64-unknown-linux-gnu,httparse,1.10.1,simd::swar::test_is_header_value_block,full,success,0.11421505500000001,,,,
aarch64-unknown-linux-gnu,httparse,1.10.1,simd::swar::test_is_uri_block,full,success,0.11293553066666667,,,,
aarch64-unknown-linux-gnu,httparse,1.10.1,simd::swar::test_offsetnz,full,success,0.10693377300000001,,,,
aarch64-unknown-linux-gnu,httparse,1.10.1,tests::partial_permutations,full,success,0.10976007800000002,,,,
aarch64-unknown-linux-gnu,httparse,1.10.1,tests::test_allow_request_with_multiple_space_delimiters,full,success,0.10572312700000001,,,,
aarch64-unknown-linux-gnu,httparse,1.10.1,tests::test_allow_response_response_with_space_before_first_header,full,success,0.10721209933333335,,,,
aarch64-unknown-linux-gnu,httparse,1.10.1,tests::test_allow_response_with_multiple_space_delimiters,full,success,0.106776673,,,,
aarch64-unknown-linux-gnu,httparse,1.10.1,tests::test_allow_response_with_obsolete_line_folding_at_end,full,success,0.10775399866666668,,,,
aarch64-unknown-linux-gnu,httparse,1.10.1,tests::test_allow_response_with_obsolete_line_folding_at_start,full,success,0.10813132733333335,,,,
aarch64-unknown-linux-gnu,httparse,1.10.1,tests::test_allow_response_with_obsolete_line_folding_in_empty_header,full,success,0.110163194,,,,
aarch64-unknown-linux-gnu,httparse,1.10.1,tests::test_allow_response_with_obsolete_line_folding_in_middle,full,success,0.10925039000000002,,,,
aarch64-unknown-linux-gnu,httparse,1.10.1,tests::test_allow_response_with_whitespace_between_header_name_and_colon,full,success,0.11006254333333336,,,,
aarch64-unknown-linux-gnu,httparse,1.10.1,tests::test_bad_utf8_in_path,full,success,0.10827355566666667,,,,
aarch64-unknown-linux-gnu,httparse,1.10.1,tests::test_chunk_size,full,success,0.10820573566666668,,,,
aarch64-unknown-linux-gnu,httparse,1.10.1,tests::test_forbid_request_with_multiple_space_delimiters,full,success,0.10717453300000002,,,,
aarch64-unknown-linux-gnu,httparse,1.10.1,tests::test_forbid_request_with_weird_whitespace_delimiters,full,success,0.10793119533333334,,,,
aarch64-unknown-linux-gnu,httparse,1.10.1,tests::test_forbid_request_with_whitespace_between_header_name_and_colon,full,success,0.10775162900000002,,,,
aarch64-unknown-linux-gnu,httparse,1.10.1,tests::test_forbid_response_with_multiple_space_delimiters,full,success,0.10680247733333333,,,,
aarch64-unknown-linux-gnu,httparse,1.10.1,tests::test_forbid_response_with_obsolete_line_folding_at_end,full,success,0.1088207,,,,
aarch64-unknown-linux-gnu,httparse,1.10.1,tests::test_forbid_response_with_obsolete_line_folding_at_start,full,success,0.10787750566666666,,,,
aarch64-unknown-linux-gnu,httparse,1.10.1,tests::test_forbid_response_with_obsolete_line_folding_in_empty_header,full,success,0.10814489500000002,,,,
aarch64-unknown-linux-gnu,httparse,1.10.1,tests::test_forbid_response_with_obsolete_line_folding_in_middle,full,success,0.10985963533333336,,,,
aarch64-unknown-linux-gnu,httparse,1.10.1,tests::test_forbid_response_with_space_before_first_header,full,success,0.10675062333333334,,,,
aarch64-unknown-linux-gnu,httparse,1.10.1,tests::test_forbid_response_with_weird_whitespace_delimiters,full,success,0.10736482533333334,,,,
aarch64-unknown-linux-gnu,httparse,1.10.1,tests::test_forbid_response_with_whitespace_between_header_name_and_colon,full,success,0.10869148266666667,,,,
aarch64-unknown-linux-gnu,httparse,1.10.1,tests::test_header_with_cr_in_header_name,full,success,0.11265475733333334,,,,
aarch64-unknown-linux-gnu,httparse,1.10.1,tests::test_header_with_invalid_char_in_value,full,success,0.11713377566666666,,,,
aarch64-unknown-linux-gnu,httparse,1.10.1,tests::test_header_with_invalid_char_in_value_with_folding,full,success,0.11725604700000002,,,,
aarch64-unknown-linux-gnu,httparse,1.10.1,tests::test_header_with_nul_in_value,full,success,0.114823534,,,,
aarch64-unknown-linux-gnu,httparse,1.10.1,tests::test_header_with_nul_in_whitespace_before_colon,full,success,0.11280253366666669,,,,
aarch64-unknown-linux-gnu,httparse,1.10.1,tests::test_ignore_header_line_with_missing_colon_in_request,full,success,0.11151125333333334,,,,
aarch64-unknown-linux-gnu,httparse,1.10.1,tests::test_ignore_header_line_with_missing_colon_in_response,full,success,0.11183807466666666,,,,
aarch64-unknown-linux-gnu,httparse,1.10.1,tests::test_ignore_header_line_with_whitespaces_after_header_name_in_request,full,success,0.108631771,,,,
aarch64-unknown-linux-gnu,httparse,1.10.1,tests::test_ignore_header_line_with_whitespaces_after_header_name_in_response,full,success,0.10933102566666668,,,,
aarch64-unknown-linux-gnu,httparse,1.10.1,tests::test_method_within_buffer,full,success,0.10708467433333334,,,,
aarch64-unknown-linux-gnu,httparse,1.10.1,tests::test_no_space_after_colon,full,success,0.10853314633333333,,,,
aarch64-unknown-linux-gnu,httparse,1.10.1,tests::test_request_empty_lines_prefix,full,success,0.10730463433333333,,,,
aarch64-unknown-linux-gnu,httparse,1.10.1,tests::test_request_empty_lines_prefix_lf_only,full,success,0.10722582600000001,,,,
aarch64-unknown-linux-gnu,httparse,1.10.1,tests::test_request_header_no_space_after_colon,full,success,0.10837024666666668,,,,
aarch64-unknown-linux-gnu,httparse,1.10.1,tests::test_request_header_value_htab_long,full,success,0.10821919033333334,,,,
aarch64-unknown-linux-gnu,httparse,1.10.1,tests::test_request_header_value_htab_med,full,success,0.10954621466666668,,,,
aarch64-unknown-linux-gnu,httparse,1.10.1,tests::test_request_header_value_htab_short,full,success,0.10830494800000001,,,,
aarch64-unknown-linux-gnu,httparse,1.10.1,tests::test_request_header_with_missing_colon_with_folding,full,success,0.11166277933333334,,,,
aarch64-unknown-linux-gnu,httparse,1.10.1,tests::test_request_header_with_nul_in_header_name,full,success,0.110589172,,,,
aarch64-unknown-linux-gnu,httparse,1.10.1,tests::test_request_headers,full,success,0.10847255966666668,,,,
aarch64-unknown-linux-gnu,httparse,1.10.1,tests::test_request_headers_max,full,success,0.10858698166666668,,,,
aarch64-unknown-linux-gnu,httparse,1.10.1,tests::test_request_headers_optional_whitespace,full,success,0.10925609466666668,,,,
aarch64-unknown-linux-gnu,httparse,1.10.1,tests::test_request_method_no_delimiter,full,success,0.107298823,,,,
aarch64-unknown-linux-gnu,httparse,1.10.1,tests::test_request_method_only,full,success,0.107670239,,,,
aarch64-unknown-linux-gnu,httparse,1.10.1,tests::test_request_method_path_no_delimiter,full,success,0.10772193933333334,,,,
aarch64-unknown-linux-gnu,httparse,1.10.1,tests::test_request_method_path_only,full,success,0.10742184366666667,,,,
aarch64-unknown-linux-gnu,httparse,1.10.1,tests::test_request_multibyte,full,success,0.11063678733333333,,,,
aarch64-unknown-linux-gnu,httparse,1.10.1,tests::test_request_newlines,full,success,0.10857260733333335,,,,
aarch64-unknown-linux-gnu,httparse,1.10.1,tests::test_request_one_byte_method,full,success,0.10608869733333336,,,,
aarch64-unknown-linux-gnu,httparse,1.10.1,tests::test_request_partial,full,success,0.10757525833333333,,,,
aarch64-unknown-linux-gnu,httparse,1.10.1,tests::test_request_partial_method,full,success,0.10679078333333335,,,,
aarch64-unknown-linux-gnu,httparse,1.10.1,tests::test_request_partial_parses_headers_as_much_as_it_can,full,success,0.10787051366666667,,,,
aarch64-unknown-linux-gnu,httparse,1.10.1,tests::test_request_partial_version,full,success,0.107500149,,,,
aarch64-unknown-linux-gnu,httparse,1.10.1,tests::test_request_path_backslash,full,success,0.10750388,,,,
aarch64-unknown-linux-gnu,httparse,1.10.1,tests::test_request_simple,full,success,0.10799092333333334,,,,
aarch64-unknown-linux-gnu,httparse,1.10.1,tests::test_request_simple_with_query_params,full,success,0.10825256433333334,,,,
aarch64-unknown-linux-gnu,httparse,1.10.1,tests::test_request_simple_with_whatwg_query_params,full,success,0.10772486533333335,,,,
aarch64-unknown-linux-gnu,httparse,1.10.1,tests::test_request_with_del_in_path,full,success,0.10805202400000001,,,,
aarch64-unknown-linux-gnu,httparse,1.10.1,tests::test_request_with_empty_header_name,full,success,0.10932190200000001,,,,
aarch64-unknown-linux-gnu,httparse,1.10.1,tests::test_request_with_empty_method,full,success,0.107573266,,,,
aarch64-unknown-linux-gnu,httparse,1.10.1,tests::test_request_with_empty_method_and_path,full,success,0.10740965499999999,,,,
aarch64-unknown-linux-gnu,httparse,1.10.1,tests::test_request_with_empty_path,full,success,0.10686921766666668,,,,
aarch64-unknown-linux-gnu,httparse,1.10.1,tests::test_request_with_invalid_but_short_version,full,success,0.10781100966666668,,,,
aarch64-unknown-linux-gnu,httparse,1.10.1,tests::test_request_with_invalid_char_between_header_name_and_colon,full,success,0.11226780666666669,,,,
aarch64-unknown-linux-gnu,httparse,1.10.1,tests::test_request_with_invalid_method,full,success,0.10786277400000001,,,,
aarch64-unknown-linux-gnu,httparse,1.10.1,tests::test_request_with_invalid_token_delimiter,full,success,0.10814832299999999,,,,
aarch64-unknown-linux-gnu,httparse,1.10.1,tests::test_request_with_leading_space,full,success,0.10748980500000001,,,,
aarch64-unknown-linux-gnu,httparse,1.10.1,tests::test_request_with_multiple_spaces_and_bad_path,full,success,0.10787041266666668,,,,
aarch64-unknown-linux-gnu,httparse,1.10.1,tests::test_request_with_whitespace_between_header_name_and_colon,full,success,0.11160127000000002,,,,
aarch64-unknown-linux-gnu,httparse,1.10.1,tests::test_response_code_missing_space,full,success,0.10649809466666667,,,,
aarch64-unknown-linux-gnu,httparse,1.10.1,tests::test_response_empty_lines_prefix_lf_only,full,success,0.10749935733333334,,,,
aarch64-unknown-linux-gnu,httparse,1.10.1,tests::test_response_header_with_missing_colon_with_folding,full,success,0.11172625833333333,,,,
aarch64-unknown-linux-gnu,httparse,1.10.1,tests::test_response_header_with_nul_in_header_name,full,success,0.11067169766666668,,,,
aarch64-unknown-linux-gnu,httparse,1.10.1,tests::test_response_newlines,full,success,0.10843387866666669,,,,
aarch64-unknown-linux-gnu,httparse,1.10.1,tests::test_response_no_cr,full,success,0.10791318966666667,,,,
aarch64-unknown-linux-gnu,httparse,1.10.1,tests::test_response_partial_parses_headers_as_much_as_it_can,full,success,0.10756810333333333,,,,
aarch64-unknown-linux-gnu,httparse,1.10.1,tests::test_response_reason_missing,full,success,0.10704197100000001,,,,
aarch64-unknown-linux-gnu,httparse,1.10.1,tests::test_response_reason_missing_no_space,full,success,0.10807317366666667,,,,
aarch64-unknown-linux-gnu,httparse,1.10.1,tests::test_response_reason_missing_no_space_with_headers,full,success,0.10732756733333333,,,,
aarch64-unknown-linux-gnu,httparse,1.10.1,tests::test_response_reason_with_nul_byte,full,success,0.10715838566666668,,,,
aarch64-unknown-linux-gnu,httparse,1.10.1,tests::test_response_reason_with_obsolete_text_byte,full,success,0.10731767400000002,,,,
aarch64-unknown-linux-gnu,httparse,1.10.1,tests::test_response_reason_with_space_and_tab,full,success,0.10838620166666668,,,,
aarch64-unknown-linux-gnu,httparse,1.10.1,tests::test_response_simple,full,success,0.108091116,,,,
aarch64-unknown-linux-gnu,httparse,1.10.1,tests::test_response_version_missing_space,full,success,0.10833458266666667,,,,
aarch64-unknown-linux-gnu,httparse,1.10.1,tests::test_response_with_empty_header_name,full,success,0.10845454466666667,,,,
aarch64-unknown-linux-gnu,httparse,1.10.1,tests::test_response_with_invalid_char_between_header_name_and_colon,full,success,0.11189658333333334,,,,
aarch64-unknown-linux-gnu,httparse,1.10.1,tests::test_response_with_spaces_in_code,full,success,0.10787770833333334,,,,
aarch64-unknown-linux-gnu,httparse,1.10.1,tests::test_still_forbid_request_with_weird_whitespace_delimiters,full,success,0.10753118500000002,,,,
aarch64-unknown-linux-gnu,httparse,1.10.1,tests::test_still_forbid_response_with_weird_whitespace_delimiters,full,success,0.10669877700000001,,,,
aarch64-unknown-linux-gnu,httparse,1.10.1,tests::test_utf8_in_path_ok,full,success,0.10778449733333334,,,,
aarch64-unknown-linux-gnu,hyper,1.10.1,error::tests::error_satisfies_send_sync,full,success,0.10646620600000001,,,,
aarch64-unknown-linux-gnu,hyper,1.10.1,error::tests::error_size_of,full,success,0.10765348266666667,,,,
aarch64-unknown-linux-gnu,indexmap,2.14.0,inner::assert_send_sync,full,success,0.104883236,,,,
aarch64-unknown-linux-gnu,indexmap,2.14.0,map::entry::assert_send_sync,full,success,0.105207499,,,,
aarch64-unknown-linux-gnu,indexmap,2.14.0,map::raw_entry_v1::assert_send_sync,full,success,0.10582841000000003,,,,
aarch64-unknown-linux-gnu,indexmap,2.14.0,map::slice::tests::slice_get_index_mut,full,success,0.114033766,,,,
aarch64-unknown-linux-gnu,indexmap,2.14.0,map::slice::tests::slice_get_range,full,success,0.11323969700000001,,,,
aarch64-unknown-linux-gnu,indexmap,2.14.0,map::slice::tests::slice_index,full,success,0.8001875373333333,,,,
aarch64-unknown-linux-gnu,indexmap,2.14.0,map::slice::tests::slice_index_mut,full,success,0.636266291,,,,
aarch64-unknown-linux-gnu,indexmap,2.14.0,map::slice::tests::slice_new,full,success,0.10625478933333334,,,,
aarch64-unknown-linux-gnu,indexmap,2.14.0,map::slice::tests::slice_new_mut,full,success,0.10695365800000001,,,,
aarch64-unknown-linux-gnu,indexmap,2.14.0,map::slice::tests::slice_split_first,full,success,0.11483061166666668,,,,
aarch64-unknown-linux-gnu,indexmap,2.14.0,map::slice::tests::slice_split_first_mut,full,success,0.11336310000000001,,,,
aarch64-unknown-linux-gnu,indexmap,2.14.0,map::slice::tests::slice_split_last,full,success,0.11366652366666667,,,,
aarch64-unknown-linux-gnu,indexmap,2.14.0,map::slice::tests::slice_split_last_mut,full,success,0.11439935266666668,,,,
aarch64-unknown-linux-gnu,indexmap,2.14.0,map::tests::clear,full,success,0.11025957733333334,,,,
aarch64-unknown-linux-gnu,indexmap,2.14.0,map::tests::disjoint_indices_mut_empty,full,success,0.10672685400000002,,,,
aarch64-unknown-linux-gnu,indexmap,2.14.0,map::tests::disjoint_indices_mut_fail_duplicate,full,success,0.10784049200000001,,,,
aarch64-unknown-linux-gnu,indexmap,2.14.0,map::tests::disjoint_indices_mut_fail_oob,full,success,0.10684608700000002,,,,
aarch64-unknown-linux-gnu,indexmap,2.14.0,map::tests::disjoint_indices_mut_success,full,success,0.11134412633333333,,,,
aarch64-unknown-linux-gnu,indexmap,2.14.0,map::tests::disjoint_mut_empty_map,full,success,0.10654133533333336,,,,
aarch64-unknown-linux-gnu,indexmap,2.14.0,map::tests::disjoint_mut_empty_param,full,success,0.10680806233333334,,,,
aarch64-unknown-linux-gnu,indexmap,2.14.0,map::tests::disjoint_mut_multi_fail_duplicate_panic,full,success,0.11245969766666668,,,,
aarch64-unknown-linux-gnu,indexmap,2.14.0,map::tests::disjoint_mut_multi_fail_missing,full,success,0.115815424,,,,
aarch64-unknown-linux-gnu,indexmap,2.14.0,map::tests::disjoint_mut_multi_success,full,success,0.12079450566666668,,,,
aarch64-unknown-linux-gnu,indexmap,2.14.0,map::tests::disjoint_mut_multi_success_borrow_key,full,success,0.12516416966666669,,,,
aarch64-unknown-linux-gnu,indexmap,2.14.0,map::tests::disjoint_mut_multi_success_unsized_key,full,success,0.12145207300000001,,,,
aarch64-unknown-linux-gnu,indexmap,2.14.0,map::tests::disjoint_mut_single_fail,full,success,0.10687672266666669,,,,
aarch64-unknown-linux-gnu,indexmap,2.14.0,map::tests::disjoint_mut_single_success,full,success,0.10824810433333336,,,,
aarch64-unknown-linux-gnu,indexmap,2.14.0,map::tests::drain_range,full,success,0.9098928000000001,,,,
aarch64-unknown-linux-gnu,indexmap,2.14.0,map::tests::entry,full,success,0.10884355666666667,,,,
aarch64-unknown-linux-gnu,indexmap,2.14.0,map::tests::entry_and_modify,full,success,0.10812819000000001,,,,
aarch64-unknown-linux-gnu,indexmap,2.14.0,map::tests::entry_or_default,full,success,0.107477272,,,,
aarch64-unknown-linux-gnu,indexmap,2.14.0,map::tests::extend,full,success,0.10928392666666668,,,,
aarch64-unknown-linux-gnu,indexmap,2.14.0,map::tests::from_array,full,success,0.109840423,,,,
aarch64-unknown-linux-gnu,indexmap,2.14.0,map::tests::from_entries,full,success,0.10847509933333334,,,,
aarch64-unknown-linux-gnu,indexmap,2.14.0,map::tests::get_index_entry,full,success,0.112206411,,,,
aarch64-unknown-linux-gnu,indexmap,2.14.0,map::tests::get_index_mut2,full,success,0.10776029466666666,,,,
aarch64-unknown-linux-gnu,indexmap,2.14.0,map::tests::get_range,full,success,0.11085722466666666,,,,
aarch64-unknown-linux-gnu,indexmap,2.14.0,map::tests::get_range_mut,full,success,0.11135675666666667,,,,
aarch64-unknown-linux-gnu,indexmap,2.14.0,map::tests::grow,full,success,0.46149154700000006,,,,
aarch64-unknown-linux-gnu,indexmap,2.14.0,map::tests::insert,full,success,0.13004747733333333,,,,
aarch64-unknown-linux-gnu,indexmap,2.14.0,map::tests::insert_2,full,success,1.5764228733333334,,,,
aarch64-unknown-linux-gnu,indexmap,2.14.0,map::tests::insert_before_oob,full,success,0.115661295,,,,
aarch64-unknown-linux-gnu,indexmap,2.14.0,map::tests::insert_full,full,success,0.12156540733333333,,,,
aarch64-unknown-linux-gnu,indexmap,2.14.0,map::tests::insert_order,full,success,0.12936398766666668,,,,
aarch64-unknown-linux-gnu,indexmap,2.14.0,map::tests::insert_sorted_bad,full,success,0.13481893766666667,,,,
aarch64-unknown-linux-gnu,indexmap,2.14.0,map::tests::insert_sorted_by,full,success,0.12242498133333335,,,,
aarch64-unknown-linux-gnu,indexmap,2.14.0,map::tests::insert_sorted_by_key,full,success,0.11802713733333335,,,,
aarch64-unknown-linux-gnu,indexmap,2.14.0,map::tests::into_boxed_slice,full,success,0.11177585833333332,,,,
aarch64-unknown-linux-gnu,indexmap,2.14.0,map::tests::into_keys,full,success,0.10899488833333333,,,,
aarch64-unknown-linux-gnu,indexmap,2.14.0,map::tests::into_values,full,success,0.10918422833333334,,,,
aarch64-unknown-linux-gnu,indexmap,2.14.0,map::tests::is_sorted,full,success,0.14843488766666668,,,,
aarch64-unknown-linux-gnu,indexmap,2.14.0,map::tests::is_sorted_trivial,full,success,0.11268759933333335,,,,
aarch64-unknown-linux-gnu,indexmap,2.14.0,map::tests::it_works,full,success,0.10808315733333335,,,,
aarch64-unknown-linux-gnu,indexmap,2.14.0,map::tests::iter_default,full,success,0.10616092133333334,,,,
aarch64-unknown-linux-gnu,indexmap,2.14.0,map::tests::keys,full,success,0.10924731800000002,,,,
aarch64-unknown-linux-gnu,indexmap,2.14.0,map::tests::last_mut,full,success,0.10934798133333334,,,,
aarch64-unknown-linux-gnu,indexmap,2.14.0,map::tests::new,full,success,0.10679519666666666,,,,
aarch64-unknown-linux-gnu,indexmap,2.14.0,map::tests::occupied_entry_key,full,success,0.10798175566666668,,,,
aarch64-unknown-linux-gnu,indexmap,2.14.0,map::tests::partial_eq_and_eq,full,success,0.11291062033333334,,,,
aarch64-unknown-linux-gnu,indexmap,2.14.0,map::tests::remove,full,success,0.15696883766666667,,,,
aarch64-unknown-linux-gnu,indexmap,2.14.0,map::tests::remove_to_empty,full,success,0.10957268366666668,,,,
aarch64-unknown-linux-gnu,indexmap,2.14.0,map::tests::reserve,full,success,0.41581432766666665,,,,
aarch64-unknown-linux-gnu,indexmap,2.14.0,map::tests::shift_insert,full,success,0.14779394733333334,,,,
aarch64-unknown-linux-gnu,indexmap,2.14.0,map::tests::shift_insert_oob,full,success,0.11846182366666669,,,,
aarch64-unknown-linux-gnu,indexmap,2.14.0,map::tests::shift_remove_entry,full,success,0.11777550366666667,,,,
aarch64-unknown-linux-gnu,indexmap,2.14.0,map::tests::shift_remove_full,full,success,0.115552557,,,,
aarch64-unknown-linux-gnu,indexmap,2.14.0,map::tests::shift_shift_remove_index,full,success,0.11639732933333334,,,,
aarch64-unknown-linux-gnu,indexmap,2.14.0,map::tests::shrink_to_fit,full,success,0.490979863,,,,
aarch64-unknown-linux-gnu,indexmap,2.14.0,map::tests::sorted_unstable_by,full,success,0.11285874166666669,,,,
aarch64-unknown-linux-gnu,indexmap,2.14.0,map::tests::swap_remove_index,full,success,0.13044375733333333,,,,
aarch64-unknown-linux-gnu,indexmap,2.14.0,map::tests::test_binary_search_by,full,success,0.14337742333333334,,,,
aarch64-unknown-linux-gnu,indexmap,2.14.0,map::tests::test_binary_search_by_key,full,success,0.144617688,,,,
aarch64-unknown-linux-gnu,indexmap,2.14.0,map::tests::test_move_index_out_of_bounds_0_10,full,success,0.12163385433333333,,,,
aarch64-unknown-linux-gnu,indexmap,2.14.0,map::tests::test_move_index_out_of_bounds_0_max,full,success,0.12202953366666668,,,,
aarch64-unknown-linux-gnu,indexmap,2.14.0,map::tests::test_move_index_out_of_bounds_10_0,full,success,0.12153475400000001,,,,
aarch64-unknown-linux-gnu,indexmap,2.14.0,map::tests::test_move_index_out_of_bounds_max_0,full,success,0.12189622500000001,,,,
aarch64-unknown-linux-gnu,indexmap,2.14.0,map::tests::test_partition_point,full,success,0.1435714193333333,,,,
aarch64-unknown-linux-gnu,indexmap,2.14.0,map::tests::try_reserve,full,success,0.10647118633333334,,,,
aarch64-unknown-linux-gnu,indexmap,2.14.0,map::tests::values,full,success,0.10892433733333333,,,,
aarch64-unknown-linux-gnu,indexmap,2.14.0,map::tests::values_mut,full,success,0.10930292733333334,,,,
aarch64-unknown-linux-gnu,indexmap,2.14.0,set::slice::tests::slice_index,full,success,0.3065456966666667,,,,
aarch64-unknown-linux-gnu,indexmap,2.14.0,set::tests::binary_search,full,success,0.11058758433333334,,,,
aarch64-unknown-linux-gnu,indexmap,2.14.0,set::tests::comparisons,full,success,0.14101953833333336,,,,
aarch64-unknown-linux-gnu,indexmap,2.14.0,set::tests::drain,full,success,0.11008451500000001,,,,
aarch64-unknown-linux-gnu,indexmap,2.14.0,set::tests::extend,full,success,0.11223199533333333,,,,
aarch64-unknown-linux-gnu,indexmap,2.14.0,set::tests::first,full,success,0.10975173433333334,,,,
aarch64-unknown-linux-gnu,indexmap,2.14.0,set::tests::from_array,full,success,0.117242391,,,,
aarch64-unknown-linux-gnu,indexmap,2.14.0,set::tests::get_range,full,success,0.11256091400000001,,,,
aarch64-unknown-linux-gnu,indexmap,2.14.0,set::tests::grow,full,success,0.41392778133333336,,,,
aarch64-unknown-linux-gnu,indexmap,2.14.0,set::tests::insert,full,success,0.12387205866666667,,,,
aarch64-unknown-linux-gnu,indexmap,2.14.0,set::tests::insert_2,full,success,1.8997944363333332,,,,
aarch64-unknown-linux-gnu,indexmap,2.14.0,set::tests::insert_dup,full,success,0.11195383200000002,,,,
aarch64-unknown-linux-gnu,indexmap,2.14.0,set::tests::insert_full,full,success,0.12187610700000001,,,,
aarch64-unknown-linux-gnu,indexmap,2.14.0,set::tests::insert_order,full,success,0.13078020633333332,,,,
aarch64-unknown-linux-gnu,indexmap,2.14.0,set::tests::insert_sorted,full,success,0.11070404233333335,,,,
aarch64-unknown-linux-gnu,indexmap,2.14.0,set::tests::is_sorted,full,success,0.12595240133333332,,,,
aarch64-unknown-linux-gnu,indexmap,2.14.0,set::tests::is_sorted_trivial,full,success,0.112677863,,,,
aarch64-unknown-linux-gnu,indexmap,2.14.0,set::tests::it_works,full,success,0.10769192666666667,,,,
aarch64-unknown-linux-gnu,indexmap,2.14.0,set::tests::iter_comparisons,full,success,0.221376696,,,,
aarch64-unknown-linux-gnu,indexmap,2.14.0,set::tests::iter_default,full,success,0.10611184766666666,,,,
aarch64-unknown-linux-gnu,indexmap,2.14.0,set::tests::last,full,success,0.11485860166666667,,,,
aarch64-unknown-linux-gnu,indexmap,2.14.0,set::tests::new,full,success,0.106981949,,,,
aarch64-unknown-linux-gnu,indexmap,2.14.0,set::tests::ops,full,success,0.4660388166666667,,,,
aarch64-unknown-linux-gnu,indexmap,2.14.0,set::tests::partial_eq_and_eq,full,success,0.11181828433333334,,,,
aarch64-unknown-linux-gnu,indexmap,2.14.0,set::tests::remove,full,success,0.15004538833333333,,,,
aarch64-unknown-linux-gnu,indexmap,2.14.0,set::tests::replace,full,success,0.124230042,,,,
aarch64-unknown-linux-gnu,indexmap,2.14.0,set::tests::replace_2,full,success,1.9111508893333333,,,,
aarch64-unknown-linux-gnu,indexmap,2.14.0,set::tests::replace_change,full,success,0.10770476833333333,,,,
aarch64-unknown-linux-gnu,indexmap,2.14.0,set::tests::replace_dup,full,success,0.11166842133333334,,,,
aarch64-unknown-linux-gnu,indexmap,2.14.0,set::tests::replace_full,full,success,0.12136945866666667,,,,
aarch64-unknown-linux-gnu,indexmap,2.14.0,set::tests::replace_order,full,success,0.12916212866666665,,,,
aarch64-unknown-linux-gnu,indexmap,2.14.0,set::tests::reserve,full,success,0.4450239456666667,,,,
aarch64-unknown-linux-gnu,indexmap,2.14.0,set::tests::retain,full,success,0.12123855733333334,,,,
aarch64-unknown-linux-gnu,indexmap,2.14.0,set::tests::shift_insert,full,success,0.146698931,,,,
aarch64-unknown-linux-gnu,indexmap,2.14.0,set::tests::shift_remove_full,full,success,0.11528893433333336,,,,
aarch64-unknown-linux-gnu,indexmap,2.14.0,set::tests::shift_remove_index,full,success,0.11789778133333334,,,,
aarch64-unknown-linux-gnu,indexmap,2.14.0,set::tests::shift_take,full,success,0.11523438800000001,,,,
aarch64-unknown-linux-gnu,indexmap,2.14.0,set::tests::shrink_to_fit,full,success,0.5058838893333334,,,,
aarch64-unknown-linux-gnu,indexmap,2.14.0,set::tests::sort_by,full,success,0.11153155733333335,,,,
aarch64-unknown-linux-gnu,indexmap,2.14.0,set::tests::sort_by_cached_key,full,success,0.11397647366666668,,,,
aarch64-unknown-linux-gnu,indexmap,2.14.0,set::tests::sort_by_key,full,success,0.11381750466666668,,,,
aarch64-unknown-linux-gnu,indexmap,2.14.0,set::tests::sort_unstable,full,success,0.11139934433333333,,,,
aarch64-unknown-linux-gnu,indexmap,2.14.0,set::tests::sort_unstable_by,full,success,0.12507454533333334,,,,
aarch64-unknown-linux-gnu,indexmap,2.14.0,set::tests::sort_unstable_by_key,full,success,0.11397041866666668,,,,
aarch64-unknown-linux-gnu,indexmap,2.14.0,set::tests::sorted_unstable_by,full,success,0.12575894066666668,,,,
aarch64-unknown-linux-gnu,indexmap,2.14.0,set::tests::split_off,full,success,0.11405598933333334,,,,
aarch64-unknown-linux-gnu,indexmap,2.14.0,set::tests::swap_remove_index,full,success,0.131196266,,,,
aarch64-unknown-linux-gnu,indexmap,2.14.0,set::tests::swap_take,full,success,0.113311011,,,,
aarch64-unknown-linux-gnu,indexmap,2.14.0,set::tests::take,full,success,0.10808129500000001,,,,
aarch64-unknown-linux-gnu,indexmap,2.14.0,set::tests::test_binary_search_by,full,success,0.13892674866666668,,,,
aarch64-unknown-linux-gnu,indexmap,2.14.0,set::tests::test_binary_search_by_key,full,success,0.13923664700000002,,,,
aarch64-unknown-linux-gnu,indexmap,2.14.0,set::tests::test_partition_point,full,success,0.13960924033333333,,,,
aarch64-unknown-linux-gnu,indexmap,2.14.0,set::tests::try_reserve,full,success,0.10704905666666668,,,,
aarch64-unknown-linux-gnu,indexmap,2.14.0,set::tests::try_reserve_exact,full,success,0.11064279566666668,,,,
aarch64-unknown-linux-gnu,is-terminal,0.4.17,tests::stderr,full,success,0.10645295166666668,,,,
aarch64-unknown-linux-gnu,is-terminal,0.4.17,tests::stderr_vs_libc,full,success,0.10621227900000002,,,,
aarch64-unknown-linux-gnu,is-terminal,0.4.17,tests::stdin,full,success,0.10638022400000001,,,,
aarch64-unknown-linux-gnu,is-terminal,0.4.17,tests::stdin_vs_libc,full,success,0.10623859733333334,,,,
aarch64-unknown-linux-gnu,is-terminal,0.4.17,tests::stdout,full,success,0.10705785866666669,,,,
aarch64-unknown-linux-gnu,is-terminal,0.4.17,tests::stdout_vs_libc,full,success,0.109697065,,,,
aarch64-unknown-linux-gnu,lazycell,1.3.0,tests::atomic_replace,full,success,0.1038539,,,,
aarch64-unknown-linux-gnu,lazycell,1.3.0,tests::clone,full,success,0.10353750700000001,,,,
aarch64-unknown-linux-gnu,lazycell,1.3.0,tests::clone_atomic,full,success,0.10434602300000001,,,,
aarch64-unknown-linux-gnu,lazycell,1.3.0,tests::default,full,success,0.10400609300000001,,,,
aarch64-unknown-linux-gnu,lazycell,1.3.0,tests::normal_replace,full,success,0.104160103,,,,
aarch64-unknown-linux-gnu,lazycell,1.3.0,tests::test_already_filled_error,full,success,0.10361220233333335,,,,
aarch64-unknown-linux-gnu,lazycell,1.3.0,tests::test_atomic_already_filled_panic,full,success,0.103584228,,,,
aarch64-unknown-linux-gnu,lazycell,1.3.0,tests::test_atomic_borrow_from_empty,full,success,0.10462610266666668,,,,
aarch64-unknown-linux-gnu,lazycell,1.3.0,tests::test_atomic_fill_and_borrow,full,success,0.104227678,,,,
aarch64-unknown-linux-gnu,lazycell,1.3.0,tests::test_atomic_into_inner,full,success,0.10401288933333334,,,,
aarch64-unknown-linux-gnu,lazycell,1.3.0,tests::test_borrow_from_empty,full,success,0.10420774733333334,,,,
aarch64-unknown-linux-gnu,lazycell,1.3.0,tests::test_borrow_mut,full,success,0.10479422766666668,,,,
aarch64-unknown-linux-gnu,lazycell,1.3.0,tests::test_borrow_mut_with,full,success,0.10466967500000002,,,,
aarch64-unknown-linux-gnu,lazycell,1.3.0,tests::test_borrow_mut_with_already_filled,full,success,0.10502443666666667,,,,
aarch64-unknown-linux-gnu,lazycell,1.3.0,tests::test_borrow_mut_with_not_called_when_filled,full,success,0.104938474,,,,
aarch64-unknown-linux-gnu,lazycell,1.3.0,tests::test_borrow_with,full,success,0.10448953100000001,,,,
aarch64-unknown-linux-gnu,lazycell,1.3.0,tests::test_borrow_with_already_filled,full,success,0.105176449,,,,
aarch64-unknown-linux-gnu,lazycell,1.3.0,tests::test_borrow_with_not_called_when_filled,full,success,0.10542265833333335,,,,
aarch64-unknown-linux-gnu,lazycell,1.3.0,tests::test_borrow_with_sound_with_reentrancy,full,success,0.11223107566666668,,,,
aarch64-unknown-linux-gnu,lazycell,1.3.0,tests::test_fill_and_borrow,full,success,0.10454901266666668,,,,
aarch64-unknown-linux-gnu,lazycell,1.3.0,tests::test_into_inner,full,success,0.105486178,,,,
aarch64-unknown-linux-gnu,lazycell,1.3.0,tests::test_try_borrow_mut_with_already_filled,full,success,0.10562702133333335,,,,
aarch64-unknown-linux-gnu,lazycell,1.3.0,tests::test_try_borrow_mut_with_err,full,success,0.10522292233333334,,,,
aarch64-unknown-linux-gnu,lazycell,1.3.0,tests::test_try_borrow_mut_with_ok,full,success,0.10508766266666668,,,,
aarch64-unknown-linux-gnu,lazycell,1.3.0,tests::test_try_borrow_with_already_filled,full,success,0.10514132500000001,,,,
aarch64-unknown-linux-gnu,lazycell,1.3.0,tests::test_try_borrow_with_err,full,success,0.10517861733333334,,,,
aarch64-unknown-linux-gnu,lazycell,1.3.0,tests::test_try_borrow_with_ok,full,success,0.10552336433333336,,,,
aarch64-unknown-linux-gnu,lazycell,1.3.0,tests::test_try_borrow_with_sound_with_reentrancy,full,success,0.11263093466666667,,,,
aarch64-unknown-linux-gnu,libc,0.2.186,macros::tests::c_enum_basic,full,success,0.10439978966666667,,,,
aarch64-unknown-linux-gnu,libc,0.2.186,macros::tests::c_enum_multiple_set_value,full,success,0.10545843966666668,,,,
aarch64-unknown-linux-gnu,libc,0.2.186,macros::tests::c_enum_repr,full,success,0.10401046266666668,,,,
aarch64-unknown-linux-gnu,libc,0.2.186,macros::tests::c_enum_set_value,full,success,0.10455315633333334,,,,
aarch64-unknown-linux-gnu,libc,0.2.186,macros::tests::c_enum_vis,full,success,0.104924212,,,,
aarch64-unknown-linux-gnu,libc,0.2.186,macros::tests::test_offset_of,full,success,0.10485351000000002,,,,
aarch64-unknown-linux-gnu,log,0.4.29,tests::test_cross_cmp,full,success,0.10565421266666668,,,,
aarch64-unknown-linux-gnu,log,0.4.29,tests::test_cross_eq,full,success,0.10462371799999999,,,,
aarch64-unknown-linux-gnu,log,0.4.29,tests::test_foreign_impl,full,success,0.10582277066666668,,,,
aarch64-unknown-linux-gnu,log,0.4.29,tests::test_level_as_str,full,success,0.10544141333333334,,,,
aarch64-unknown-linux-gnu,log,0.4.29,tests::test_level_down,full,success,0.10590886866666667,,,,
aarch64-unknown-linux-gnu,log,0.4.29,tests::test_level_filter_as_str,full,success,0.10563775033333334,,,,
aarch64-unknown-linux-gnu,log,0.4.29,tests::test_level_filter_down,full,success,0.106423944,,,,
aarch64-unknown-linux-gnu,log,0.4.29,tests::test_level_filter_up,full,success,0.10630483466666667,,,,
aarch64-unknown-linux-gnu,log,0.4.29,tests::test_level_from_str,full,success,0.10732137633333334,,,,
aarch64-unknown-linux-gnu,log,0.4.29,tests::test_level_show,full,success,0.10666495166666667,,,,
aarch64-unknown-linux-gnu,log,0.4.29,tests::test_level_up,full,success,0.106638558,,,,
aarch64-unknown-linux-gnu,log,0.4.29,tests::test_levelfilter_from_str,full,success,0.10789323700000002,,,,
aarch64-unknown-linux-gnu,log,0.4.29,tests::test_levelfilter_show,full,success,0.10708213933333334,,,,
aarch64-unknown-linux-gnu,log,0.4.29,tests::test_metadata_builder,full,success,0.10625523600000002,,,,
aarch64-unknown-linux-gnu,log,0.4.29,tests::test_metadata_convenience_builder,full,success,0.10633713633333335,,,,
aarch64-unknown-linux-gnu,log,0.4.29,tests::test_record_builder,full,success,0.10641214300000001,,,,
aarch64-unknown-linux-gnu,log,0.4.29,tests::test_record_complete_builder,full,success,0.10589676033333334,,,,
aarch64-unknown-linux-gnu,log,0.4.29,tests::test_record_convenience_builder,full,success,0.10646739133333334,,,,
aarch64-unknown-linux-gnu,log,0.4.29,tests::test_static_max_level_debug,full,success,0.10544614966666667,,,,
aarch64-unknown-linux-gnu,log,0.4.29,tests::test_to_level,full,success,0.10647593166666668,,,,
aarch64-unknown-linux-gnu,log,0.4.29,tests::test_to_level_filter,full,success,0.10561358333333336,,,,
aarch64-unknown-linux-gnu,lru,0.18.0,tests::iter_mut_stacked_borrows_violation,full,success,0.10959724466666669,,,,
aarch64-unknown-linux-gnu,lru,0.18.0,tests::test_clear,full,success,0.109973048,,,,
aarch64-unknown-linux-gnu,lru,0.18.0,tests::test_clone,full,success,0.11347984133333333,,,,
aarch64-unknown-linux-gnu,lru,0.18.0,tests::test_clone_unbounded,full,success,0.113942788,,,,
aarch64-unknown-linux-gnu,lru,0.18.0,tests::test_contains,full,success,0.11038616966666666,,,,
aarch64-unknown-linux-gnu,lru,0.18.0,tests::test_get_key_value,full,success,0.10794373833333333,,,,
aarch64-unknown-linux-gnu,lru,0.18.0,tests::test_get_key_value_mut,full,success,0.10914845066666667,,,,
aarch64-unknown-linux-gnu,lru,0.18.0,tests::test_get_mut_and_update,full,success,0.109175006,,,,
aarch64-unknown-linux-gnu,lru,0.18.0,tests::test_get_mut_with_borrow,full,success,0.10938996300000002,,,,
aarch64-unknown-linux-gnu,lru,0.18.0,tests::test_get_or_insert_mut_ref,full,success,0.10978319200000002,,,,
aarch64-unknown-linux-gnu,lru,0.18.0,tests::test_get_or_insert_ref,full,success,0.11146342933333335,,,,
aarch64-unknown-linux-gnu,lru,0.18.0,tests::test_get_with_borrow,full,success,0.10937522766666667,,,,
aarch64-unknown-linux-gnu,lru,0.18.0,tests::test_into_iter,full,success,0.11153056100000001,,,,
aarch64-unknown-linux-gnu,lru,0.18.0,tests::test_iter_backwards,full,success,0.11121455833333334,,,,
aarch64-unknown-linux-gnu,lru,0.18.0,tests::test_iter_clone,full,success,0.11068992566666667,,,,
aarch64-unknown-linux-gnu,lru,0.18.0,tests::test_iter_forwards,full,success,0.11033490866666668,,,,
aarch64-unknown-linux-gnu,lru,0.18.0,tests::test_iter_forwards_and_backwards,full,success,0.111371997,,,,
aarch64-unknown-linux-gnu,lru,0.18.0,tests::test_iter_multiple_threads,full,success,0.11760443933333335,,,,
aarch64-unknown-linux-gnu,lru,0.18.0,tests::test_multiple_threads,full,success,0.11575533366666668,,,,
aarch64-unknown-linux-gnu,lru,0.18.0,tests::test_no_memory_leaks,full,success,12.486752959,,,,
aarch64-unknown-linux-gnu,lru,0.18.0,tests::test_no_memory_leaks_with_clear,full,success,12.600655517666667,,,,
aarch64-unknown-linux-gnu,lru,0.18.0,tests::test_no_memory_leaks_with_pop,full,success,11.951952100666666,,,,
aarch64-unknown-linux-gnu,lru,0.18.0,tests::test_no_memory_leaks_with_resize,full,success,12.663513657333334,,,,
aarch64-unknown-linux-gnu,lru,0.18.0,tests::test_peek,full,success,0.112840726,,,,
aarch64-unknown-linux-gnu,lru,0.18.0,tests::test_peek_lru,full,success,0.11148944400000001,,,,
aarch64-unknown-linux-gnu,lru,0.18.0,tests::test_peek_mru,full,success,0.11083300533333335,,,,
aarch64-unknown-linux-gnu,lru,0.18.0,tests::test_peek_mut,full,success,0.11350733133333335,,,,
aarch64-unknown-linux-gnu,lru,0.18.0,tests::test_pop,full,success,0.11133813133333333,,,,
aarch64-unknown-linux-gnu,lru,0.18.0,tests::test_pop_entry,full,success,0.11222802066666669,,,,
aarch64-unknown-linux-gnu,lru,0.18.0,tests::test_pop_lru,full,success,0.47771126466666675,,,,
aarch64-unknown-linux-gnu,lru,0.18.0,tests::test_pop_mru,full,success,0.48324256633333335,,,,
aarch64-unknown-linux-gnu,lru,0.18.0,tests::test_promote_and_demote,full,success,0.11652913566666667,,,,
aarch64-unknown-linux-gnu,lru,0.18.0,tests::test_put_and_get,full,success,0.111247203,,,,
aarch64-unknown-linux-gnu,lru,0.18.0,tests::test_put_and_get_mut,full,success,0.11007424166666668,,,,
aarch64-unknown-linux-gnu,lru,0.18.0,tests::test_put_and_get_or_insert,full,success,0.11458752233333334,,,,
aarch64-unknown-linux-gnu,lru,0.18.0,tests::test_put_and_get_or_insert_mut,full,success,0.113573873,,,,
aarch64-unknown-linux-gnu,lru,0.18.0,tests::test_put_and_get_or_insert_mut_with_key,full,success,0.11333746233333335,,,,
aarch64-unknown-linux-gnu,lru,0.18.0,tests::test_put_and_get_or_insert_with_key,full,success,0.11265702266666666,,,,
aarch64-unknown-linux-gnu,lru,0.18.0,tests::test_put_removes_oldest,full,success,0.11783402633333334,,,,
aarch64-unknown-linux-gnu,lru,0.18.0,tests::test_put_update,full,success,0.111207227,,,,
aarch64-unknown-linux-gnu,lru,0.18.0,tests::test_resize_larger,full,success,0.11539506300000002,,,,
aarch64-unknown-linux-gnu,lru,0.18.0,tests::test_resize_smaller,full,success,0.11536413666666667,,,,
aarch64-unknown-linux-gnu,lru,0.18.0,tests::test_send,full,success,0.112785854,,,,
aarch64-unknown-linux-gnu,lru,0.18.0,tests::test_that_pop_actually_detaches_node,full,success,0.11535894233333334,,,,
aarch64-unknown-linux-gnu,lru,0.18.0,tests::test_try_get_or_insert,full,success,0.11176599766666667,,,,
aarch64-unknown-linux-gnu,lru,0.18.0,tests::test_try_get_or_insert_mut,full,success,0.11428147066666668,,,,
aarch64-unknown-linux-gnu,lru,0.18.0,tests::test_try_get_or_insert_mut_ref,full,success,0.11470764500000001,,,,
aarch64-unknown-linux-gnu,lru,0.18.0,tests::test_try_get_or_insert_mut_with_key,full,success,0.11338286466666668,,,,
aarch64-unknown-linux-gnu,lru,0.18.0,tests::test_try_get_or_insert_ref,full,success,0.11356161733333332,,,,
aarch64-unknown-linux-gnu,lru,0.18.0,tests::test_try_get_or_insert_with_key,full,success,0.11126455233333334,,,,
aarch64-unknown-linux-gnu,lru,0.18.0,tests::test_unbounded,full,success,20.866235372333332,,,,
aarch64-unknown-linux-gnu,lru,0.18.0,tests::test_with_hasher,full,success,14.218437473333333,,,,
aarch64-unknown-linux-gnu,matchers,0.2.0,test::anchored::debug_explicitly_unanchored,full,success,10.49293902,,,,
aarch64-unknown-linux-gnu,matchers,0.2.0,test::anchored::debug_is_anchored,full,success,0.5108753363333334,,,,
aarch64-unknown-linux-gnu,matchers,0.2.0,test::anchored::debug_matches,full,success,25.177712695333337,,,,
aarch64-unknown-linux-gnu,matchers,0.2.0,test::anchored::debug_rep_patterns,full,success,0.521521051,,,,
aarch64-unknown-linux-gnu,matchers,0.2.0,test::anchored::display_explicitly_unanchored,full,success,10.649786832000002,,,,
aarch64-unknown-linux-gnu,matchers,0.2.0,test::anchored::display_is_anchored,full,success,0.5152213980000001,,,,
aarch64-unknown-linux-gnu,matchers,0.2.0,test::anchored::display_matches,full,success,25.575878799333335,,,,
aarch64-unknown-linux-gnu,matchers,0.2.0,test::anchored::reader_explicitly_unanchored,full,success,10.769407245000002,,,,
aarch64-unknown-linux-gnu,matchers,0.2.0,test::anchored::reader_is_anchored,full,success,0.5262488006666667,,,,
aarch64-unknown-linux-gnu,matchers,0.2.0,test::anchored::reader_matches,full,success,24.90883969133333,,,,
aarch64-unknown-linux-gnu,matchers,0.2.0,test::unanchored::debug_is_unanchored,full,success,0.5106717393333334,,,,
aarch64-unknown-linux-gnu,matchers,0.2.0,test::unanchored::debug_matches,full,success,25.309438716,,,,
aarch64-unknown-linux-gnu,matchers,0.2.0,test::unanchored::debug_rep_patterns,full,success,0.514016884,,,,
aarch64-unknown-linux-gnu,matchers,0.2.0,test::unanchored::display_is_unanchored,full,success,0.5161365493333333,,,,
aarch64-unknown-linux-gnu,matchers,0.2.0,test::unanchored::display_matches,full,success,24.539484966666667,,,,
aarch64-unknown-linux-gnu,matchers,0.2.0,test::unanchored::reader_is_unanchored,full,success,0.518535115,,,,
aarch64-unknown-linux-gnu,matchers,0.2.0,test::unanchored::reader_matches,full,success,24.882897725000003,,,,
aarch64-unknown-linux-gnu,memchr,2.8.1,arch::aarch64::neon::memchr::tests::count_one,full,success,0.23605919700000003,,,,
aarch64-unknown-linux-gnu,memchr,2.8.1,arch::aarch64::neon::memchr::tests::forward_one,full,success,0.256880182,,,,
aarch64-unknown-linux-gnu,memchr,2.8.1,arch::aarch64::neon::memchr::tests::forward_three,full,success,0.34130030733333333,,,,
aarch64-unknown-linux-gnu,memchr,2.8.1,arch::aarch64::neon::memchr::tests::forward_two,full,success,0.3032165296666667,,,,
aarch64-unknown-linux-gnu,memchr,2.8.1,arch::aarch64::neon::memchr::tests::reverse_one,full,success,0.2640226433333334,,,,
aarch64-unknown-linux-gnu,memchr,2.8.1,arch::aarch64::neon::memchr::tests::reverse_three,full,success,0.34528786233333336,,,,
aarch64-unknown-linux-gnu,memchr,2.8.1,arch::aarch64::neon::memchr::tests::reverse_two,full,success,0.30774719533333333,,,,
aarch64-unknown-linux-gnu,memchr,2.8.1,arch::aarch64::neon::packedpair::tests::forward_packedpair,full,success,5.26796971,,,,
aarch64-unknown-linux-gnu,memchr,2.8.1,arch::aarch64::neon::packedpair::tests::forward_packedpair_prefilter,full,success,5.264442481666667,,,,
aarch64-unknown-linux-gnu,memchr,2.8.1,arch::aarch64::neon::packedpair::tests::forward_substring,full,success,2.301004214,,,,
aarch64-unknown-linux-gnu,memchr,2.8.1,arch::all::memchr::tests::count_one,full,success,0.22882149866666668,,,,
aarch64-unknown-linux-gnu,memchr,2.8.1,arch::all::memchr::tests::forward_one,full,success,0.25666865133333333,,,,
aarch64-unknown-linux-gnu,memchr,2.8.1,arch::all::memchr::tests::forward_three,full,success,0.339452605,,,,
aarch64-unknown-linux-gnu,memchr,2.8.1,arch::all::memchr::tests::forward_two,full,success,0.30014138700000004,,,,
aarch64-unknown-linux-gnu,memchr,2.8.1,arch::all::memchr::tests::regression_big_endian1,full,success,0.10504711633333334,,,,
aarch64-unknown-linux-gnu,memchr,2.8.1,arch::all::memchr::tests::regression_big_endian2,full,success,0.104890284,,,,
aarch64-unknown-linux-gnu,memchr,2.8.1,arch::all::memchr::tests::regression_count_new_lines,full,success,0.10638768533333336,,,,
aarch64-unknown-linux-gnu,memchr,2.8.1,arch::all::memchr::tests::regression_double_ended_iterator,full,success,0.10607879466666668,,,,
aarch64-unknown-linux-gnu,memchr,2.8.1,arch::all::memchr::tests::reverse_one,full,success,0.26748184233333333,,,,
aarch64-unknown-linux-gnu,memchr,2.8.1,arch::all::memchr::tests::reverse_three,full,success,0.34272016166666663,,,,
aarch64-unknown-linux-gnu,memchr,2.8.1,arch::all::memchr::tests::reverse_two,full,success,0.30628348266666666,,,,
aarch64-unknown-linux-gnu,memchr,2.8.1,arch::all::packedpair::tests::forward_packedpair,full,success,5.055292981,,,,
aarch64-unknown-linux-gnu,memchr,2.8.1,arch::all::rabinkarp::tests::forward,full,success,2.829073892666667,,,,
aarch64-unknown-linux-gnu,memchr,2.8.1,arch::all::rabinkarp::tests::reverse,full,success,2.8382729883333333,,,,
aarch64-unknown-linux-gnu,memchr,2.8.1,arch::all::shiftor::tests::forward,full,success,3.118650688666667,,,,
aarch64-unknown-linux-gnu,memchr,2.8.1,arch::all::tests::equals_different_lengths,full,success,0.10525012800000001,,,,
aarch64-unknown-linux-gnu,memchr,2.8.1,arch::all::tests::equals_mismatch,full,success,0.10623136333333334,,,,
aarch64-unknown-linux-gnu,memchr,2.8.1,arch::all::tests::equals_yes,full,success,0.106138717,,,,
aarch64-unknown-linux-gnu,memchr,2.8.1,arch::all::tests::prefix,full,success,0.10511067533333333,,,,
aarch64-unknown-linux-gnu,memchr,2.8.1,arch::all::tests::suffix,full,success,0.10514631133333334,,,,
aarch64-unknown-linux-gnu,memchr,2.8.1,arch::all::twoway::tests::forward,full,success,2.612484622666667,,,,
aarch64-unknown-linux-gnu,memchr,2.8.1,arch::all::twoway::tests::regression_rev_small_period,full,success,0.10678081700000001,,,,
aarch64-unknown-linux-gnu,memchr,2.8.1,arch::all::twoway::tests::reverse,full,success,2.439634503666667,,,,
aarch64-unknown-linux-gnu,memchr,2.8.1,arch::all::twoway::tests::suffix_forward,full,success,0.10612946466666667,,,,
aarch64-unknown-linux-gnu,memchr,2.8.1,arch::all::twoway::tests::suffix_reverse,full,success,0.10528683566666668,,,,
aarch64-unknown-linux-gnu,memchr,2.8.1,memchr::tests::count1_iter,full,success,0.23330899666666668,,,,
aarch64-unknown-linux-gnu,memchr,2.8.1,memchr::tests::forward1_iter,full,success,0.253935522,,,,
aarch64-unknown-linux-gnu,memchr,2.8.1,memchr::tests::forward1_oneshot,full,success,0.2539079316666667,,,,
aarch64-unknown-linux-gnu,memchr,2.8.1,memchr::tests::forward2_iter,full,success,0.30112995333333337,,,,
aarch64-unknown-linux-gnu,memchr,2.8.1,memchr::tests::forward2_oneshot,full,success,0.30466073266666666,,,,
aarch64-unknown-linux-gnu,memchr,2.8.1,memchr::tests::forward3_iter,full,success,0.34344191133333335,,,,
aarch64-unknown-linux-gnu,memchr,2.8.1,memchr::tests::forward3_oneshot,full,success,0.34877001933333335,,,,
aarch64-unknown-linux-gnu,memchr,2.8.1,memchr::tests::reverse1_iter,full,success,0.26032872300000004,,,,
aarch64-unknown-linux-gnu,memchr,2.8.1,memchr::tests::reverse1_oneshot,full,success,0.263842972,,,,
aarch64-unknown-linux-gnu,memchr,2.8.1,memchr::tests::reverse2_iter,full,success,0.30494383566666666,,,,
aarch64-unknown-linux-gnu,memchr,2.8.1,memchr::tests::reverse2_oneshot,full,success,0.30820147533333336,,,,
aarch64-unknown-linux-gnu,memchr,2.8.1,memchr::tests::reverse3_iter,full,success,0.3456515343333333,,,,
aarch64-unknown-linux-gnu,memchr,2.8.1,memchr::tests::reverse3_oneshot,full,success,0.35149973066666673,,,,
aarch64-unknown-linux-gnu,memchr,2.8.1,memchr::tests::sync_regression,full,success,0.10786136966666666,,,,
aarch64-unknown-linux-gnu,memchr,2.8.1,memmem::tests::forward,full,success,2.6908932783333337,,,,
aarch64-unknown-linux-gnu,memchr,2.8.1,memmem::tests::reverse,full,success,2.715115020666667,,,,
aarch64-unknown-linux-gnu,memchr,2.8.1,tests::byte_order,full,success,0.10750681933333334,,,,
aarch64-unknown-linux-gnu,memchr,2.8.1,tests::substring::naive::tests::forward,full,success,2.7786385736666666,,,,
aarch64-unknown-linux-gnu,memchr,2.8.1,tests::substring::naive::tests::reverse,full,success,2.8140806813333334,,,,
aarch64-unknown-linux-gnu,nu-ansi-term,0.50.3,ansi::test::black,full,success,0.10469565600000001,,,,
aarch64-unknown-linux-gnu,nu-ansi-term,0.50.3,ansi::test::blink,full,success,0.105402537,,,,
aarch64-unknown-linux-gnu,nu-ansi-term,0.50.3,ansi::test::blue_on_rgb,full,success,0.106888706,,,,
aarch64-unknown-linux-gnu,nu-ansi-term,0.50.3,ansi::test::blue_underline,full,success,0.105301418,,,,
aarch64-unknown-linux-gnu,nu-ansi-term,0.50.3,ansi::test::bold,full,success,0.10541611766666668,,,,
aarch64-unknown-linux-gnu,nu-ansi-term,0.50.3,ansi::test::bold_with_reset,full,success,0.10485305666666667,,,,
aarch64-unknown-linux-gnu,nu-ansi-term,0.50.3,ansi::test::bold_with_reset_2,full,success,0.10569072433333333,,,,
aarch64-unknown-linux-gnu,nu-ansi-term,0.50.3,ansi::test::bunderline,full,success,0.10598959366666667,,,,
aarch64-unknown-linux-gnu,nu-ansi-term,0.50.3,ansi::test::cyan_bold_on_white,full,success,0.10674530033333335,,,,
aarch64-unknown-linux-gnu,nu-ansi-term,0.50.3,ansi::test::cyan_bold_ul_on_white,full,success,0.10594130333333335,,,,
aarch64-unknown-linux-gnu,nu-ansi-term,0.50.3,ansi::test::cyan_ul_bold_on_white,full,success,0.107306577,,,,
aarch64-unknown-linux-gnu,nu-ansi-term,0.50.3,ansi::test::cyan_ul_on_white,full,success,0.10574901133333332,,,,
aarch64-unknown-linux-gnu,nu-ansi-term,0.50.3,ansi::test::dimmed,full,success,0.10594465500000001,,,,
aarch64-unknown-linux-gnu,nu-ansi-term,0.50.3,ansi::test::fixed,full,success,0.10553824833333332,,,,
aarch64-unknown-linux-gnu,nu-ansi-term,0.50.3,ansi::test::fixed_on_fixed,full,success,0.10710193933333334,,,,
aarch64-unknown-linux-gnu,nu-ansi-term,0.50.3,ansi::test::fixed_on_purple,full,success,0.10573023933333335,,,,
aarch64-unknown-linux-gnu,nu-ansi-term,0.50.3,ansi::test::green_bold_ul,full,success,0.10597947933333333,,,,
aarch64-unknown-linux-gnu,nu-ansi-term,0.50.3,ansi::test::green_bold_ul_2,full,success,0.10597100500000001,,,,
aarch64-unknown-linux-gnu,nu-ansi-term,0.50.3,ansi::test::hidden,full,success,0.10572292500000001,,,,
aarch64-unknown-linux-gnu,nu-ansi-term,0.50.3,ansi::test::italic,full,success,0.10581253833333333,,,,
aarch64-unknown-linux-gnu,nu-ansi-term,0.50.3,ansi::test::lr_on_lr,full,success,0.10589548366666668,,,,
aarch64-unknown-linux-gnu,nu-ansi-term,0.50.3,ansi::test::magenta_on_white,full,success,0.10645382666666665,,,,
aarch64-unknown-linux-gnu,nu-ansi-term,0.50.3,ansi::test::magenta_on_white_2,full,success,0.10614285733333334,,,,
aarch64-unknown-linux-gnu,nu-ansi-term,0.50.3,ansi::test::plain,full,success,0.10516597766666667,,,,
aarch64-unknown-linux-gnu,nu-ansi-term,0.50.3,ansi::test::purple_on_white,full,success,0.10546681733333334,,,,
aarch64-unknown-linux-gnu,nu-ansi-term,0.50.3,ansi::test::purple_on_white_2,full,success,0.10680062633333336,,,,
aarch64-unknown-linux-gnu,nu-ansi-term,0.50.3,ansi::test::red,full,success,0.10565353366666667,,,,
aarch64-unknown-linux-gnu,nu-ansi-term,0.50.3,ansi::test::reverse,full,success,0.10627070766666667,,,,
aarch64-unknown-linux-gnu,nu-ansi-term,0.50.3,ansi::test::rgb,full,success,0.106668104,,,,
aarch64-unknown-linux-gnu,nu-ansi-term,0.50.3,ansi::test::rgb_on_blue,full,success,0.10768798600000001,,,,
aarch64-unknown-linux-gnu,nu-ansi-term,0.50.3,ansi::test::rgb_on_rgb,full,success,0.10804369466666668,,,,
aarch64-unknown-linux-gnu,nu-ansi-term,0.50.3,ansi::test::stricken,full,success,0.10635304133333334,,,,
aarch64-unknown-linux-gnu,nu-ansi-term,0.50.3,ansi::test::test_infix,full,success,0.10566631933333333,,,,
aarch64-unknown-linux-gnu,nu-ansi-term,0.50.3,ansi::test::test_write_prefix_no_gnu_compat_order,full,success,0.10574775666666665,,,,
aarch64-unknown-linux-gnu,nu-ansi-term,0.50.3,ansi::test::underline,full,success,0.10572885400000002,,,,
aarch64-unknown-linux-gnu,nu-ansi-term,0.50.3,ansi::test::yellow_bold,full,success,0.10618224666666669,,,,
aarch64-unknown-linux-gnu,nu-ansi-term,0.50.3,ansi::test::yellow_bold_2,full,success,0.10628537833333335,,,,
aarch64-unknown-linux-gnu,nu-ansi-term,0.50.3,ansi::test::yellow_on_blue,full,success,0.10576848500000001,,,,
aarch64-unknown-linux-gnu,nu-ansi-term,0.50.3,ansi::test::yellow_on_blue_2,full,success,0.10618372566666667,,,,
aarch64-unknown-linux-gnu,nu-ansi-term,0.50.3,ansi::test::yellow_on_blue_reset,full,success,0.10632772200000001,,,,
aarch64-unknown-linux-gnu,nu-ansi-term,0.50.3,ansi::test::yellow_on_blue_reset_2,full,success,0.10665126700000001,,,,
aarch64-unknown-linux-gnu,nu-ansi-term,0.50.3,debug::test::bold,full,success,0.10446653266666667,,,,
aarch64-unknown-linux-gnu,nu-ansi-term,0.50.3,debug::test::both,full,success,0.10557866266666667,,,,
aarch64-unknown-linux-gnu,nu-ansi-term,0.50.3,debug::test::empty,full,success,0.10413296200000001,,,,
aarch64-unknown-linux-gnu,nu-ansi-term,0.50.3,debug::test::everything,full,success,0.10714359300000002,,,,
aarch64-unknown-linux-gnu,nu-ansi-term,0.50.3,debug::test::italic,full,success,0.10379368966666667,,,,
aarch64-unknown-linux-gnu,nu-ansi-term,0.50.3,debug::test::long_and_detailed,full,success,0.117697913,,,,
aarch64-unknown-linux-gnu,nu-ansi-term,0.50.3,debug::test::red,full,success,0.10480900466666666,,,,
aarch64-unknown-linux-gnu,nu-ansi-term,0.50.3,debug::test::redblue,full,success,0.106415514,,,,
aarch64-unknown-linux-gnu,nu-ansi-term,0.50.3,difference::test::addition_of_blink,full,success,0.10383730033333334,,,,
aarch64-unknown-linux-gnu,nu-ansi-term,0.50.3,difference::test::addition_of_dimmed,full,success,0.10459299200000001,,,,
aarch64-unknown-linux-gnu,nu-ansi-term,0.50.3,difference::test::addition_of_hidden,full,success,0.10489156766666667,,,,
aarch64-unknown-linux-gnu,nu-ansi-term,0.50.3,difference::test::addition_of_reverse,full,success,0.10456810266666668,,,,
aarch64-unknown-linux-gnu,nu-ansi-term,0.50.3,difference::test::addition_of_strikethrough,full,success,0.10445607800000001,,,,
aarch64-unknown-linux-gnu,nu-ansi-term,0.50.3,difference::test::color_change,full,success,0.10388189066666668,,,,
aarch64-unknown-linux-gnu,nu-ansi-term,0.50.3,difference::test::lowercase,full,success,0.10492813433333333,,,,
aarch64-unknown-linux-gnu,nu-ansi-term,0.50.3,difference::test::nothing,full,success,0.10443444000000002,,,,
aarch64-unknown-linux-gnu,nu-ansi-term,0.50.3,difference::test::nothing2,full,success,0.10522880866666667,,,,
aarch64-unknown-linux-gnu,nu-ansi-term,0.50.3,difference::test::removal_of_blink,full,success,0.10384357566666669,,,,
aarch64-unknown-linux-gnu,nu-ansi-term,0.50.3,difference::test::removal_of_dimmed,full,success,0.10396556066666666,,,,
aarch64-unknown-linux-gnu,nu-ansi-term,0.50.3,difference::test::removal_of_hidden,full,success,0.10429166500000002,,,,
aarch64-unknown-linux-gnu,nu-ansi-term,0.50.3,difference::test::removal_of_reverse,full,success,0.10375546433333334,,,,
aarch64-unknown-linux-gnu,nu-ansi-term,0.50.3,difference::test::removal_of_strikethrough,full,success,0.10475394266666667,,,,
aarch64-unknown-linux-gnu,nu-ansi-term,0.50.3,difference::test::uppercase,full,success,0.105372778,,,,
aarch64-unknown-linux-gnu,nu-ansi-term,0.50.3,display::tests::hyperlink,full,success,0.10609532166666667,,,,
aarch64-unknown-linux-gnu,nu-ansi-term,0.50.3,display::tests::hyperlinks,full,success,0.11254304366666668,,,,
aarch64-unknown-linux-gnu,nu-ansi-term,0.50.3,display::tests::no_control_codes_for_plain,full,success,0.10562564466666667,,,,
aarch64-unknown-linux-gnu,nu-ansi-term,0.50.3,display::tests::title,full,success,0.11224272133333334,,,,
aarch64-unknown-linux-gnu,nu-ansi-term,0.50.3,util::test::test,full,success,0.107711063,,,,
aarch64-unknown-linux-gnu,num-bigint,0.4.6,bigint::test_assign_from_slice,full,success,0.112793321,,,,
aarch64-unknown-linux-gnu,num-bigint,0.4.6,bigint::test_from_biguint,full,success,0.11202269166666667,,,,
aarch64-unknown-linux-gnu,num-bigint,0.4.6,bigint::test_from_slice,full,success,0.11260091800000001,,,,
aarch64-unknown-linux-gnu,num-bigint,0.4.6,biguint::convert::test_half_radix_bases,full,success,0.12277201766666668,,,,
aarch64-unknown-linux-gnu,num-bigint,0.4.6,biguint::convert::test_radix_bases,full,success,0.122447983,,,,
aarch64-unknown-linux-gnu,num-bigint,0.4.6,biguint::iter::test_iter_u32_digits,full,success,0.11088380533333335,,,,
aarch64-unknown-linux-gnu,num-bigint,0.4.6,biguint::iter::test_iter_u32_digits_be,full,success,0.10940483266666667,,,,
aarch64-unknown-linux-gnu,num-bigint,0.4.6,biguint::iter::test_iter_u64_digits,full,success,0.10994780200000003,,,,
aarch64-unknown-linux-gnu,num-bigint,0.4.6,biguint::iter::test_iter_u64_digits_be,full,success,0.10912823233333334,,,,
aarch64-unknown-linux-gnu,num-bigint,0.4.6,biguint::multiplication::test_sub_sign,full,success,0.12281401333333335,,,,
aarch64-unknown-linux-gnu,num-bigint,0.4.6,biguint::power::test_plain_modpow,full,success,3.2327863773333334,,,,
aarch64-unknown-linux-gnu,num-bigint,0.4.6,biguint::power::test_pow_biguint,full,success,0.10844483533333334,,,,
aarch64-unknown-linux-gnu,num-bigint,0.4.6,biguint::test_from_slice,full,success,0.11094917066666667,,,,
aarch64-unknown-linux-gnu,num-bigint,0.4.6,biguint::test_u128_u32_roundtrip,full,success,0.10904868033333333,,,,
aarch64-unknown-linux-gnu,num-bigint,0.4.6,biguint::test_u32_u128,full,success,0.10842537600000002,,,,
aarch64-unknown-linux-gnu,num-complex,0.4.6,cast::test::test_as_primitive,full,success,0.107538861,,,,
aarch64-unknown-linux-gnu,num-complex,0.4.6,cast::test::test_from_primitive,full,success,0.10736296066666667,,,,
aarch64-unknown-linux-gnu,num-complex,0.4.6,cast::test::test_num_cast,full,success,0.10702958966666666,,,,
aarch64-unknown-linux-gnu,num-complex,0.4.6,cast::test::test_to_primitive,full,success,0.10732501866666667,,,,
aarch64-unknown-linux-gnu,num-complex,0.4.6,complex_float::test::test_arg,full,success,0.10740012866666666,,,,
aarch64-unknown-linux-gnu,num-complex,0.4.6,complex_float::test::test_conj,full,success,0.107376199,,,,
aarch64-unknown-linux-gnu,num-complex,0.4.6,complex_float::test::test_exp,full,success,0.10729652666666667,,,,
aarch64-unknown-linux-gnu,num-complex,0.4.6,complex_float::test::test_exp2,full,success,0.10756394966666667,,,,
aarch64-unknown-linux-gnu,num-complex,0.4.6,complex_float::test::test_is_finite,full,success,0.10850188333333333,,,,
aarch64-unknown-linux-gnu,num-complex,0.4.6,complex_float::test::test_is_infinite,full,success,0.10811582966666668,,,,
aarch64-unknown-linux-gnu,num-complex,0.4.6,complex_float::test::test_is_nan,full,success,0.10753899666666666,,,,
aarch64-unknown-linux-gnu,num-complex,0.4.6,complex_float::test::test_is_normal,full,success,0.10688832033333334,,,,
aarch64-unknown-linux-gnu,num-complex,0.4.6,complex_float::test::test_log10,full,success,0.108164929,,,,
aarch64-unknown-linux-gnu,num-complex,0.4.6,complex_float::test::test_log2,full,success,0.10683132899999999,,,,
aarch64-unknown-linux-gnu,num-complex,0.4.6,complex_float::test::test_powi,full,success,0.107048995,,,,
aarch64-unknown-linux-gnu,num-complex,0.4.6,complex_float::test::test_powz,full,success,0.106733911,,,,
aarch64-unknown-linux-gnu,num-complex,0.4.6,test::complex_arithmetic::test_add,full,success,0.10793305000000002,,,,
aarch64-unknown-linux-gnu,num-complex,0.4.6,test::complex_arithmetic::test_div,full,success,0.10789823566666668,,,,
aarch64-unknown-linux-gnu,num-complex,0.4.6,test::complex_arithmetic::test_mul,full,success,0.10947999600000001,,,,
aarch64-unknown-linux-gnu,num-complex,0.4.6,test::complex_arithmetic::test_mul_add,full,success,0.11551024933333336,,,,
aarch64-unknown-linux-gnu,num-complex,0.4.6,test::complex_arithmetic::test_mul_add_float,full,success,0.11595595766666666,,,,
aarch64-unknown-linux-gnu,num-complex,0.4.6,test::complex_arithmetic::test_neg,full,success,0.10875668633333334,,,,
aarch64-unknown-linux-gnu,num-complex,0.4.6,test::complex_arithmetic::test_rem,full,success,0.10970954566666667,,,,
aarch64-unknown-linux-gnu,num-complex,0.4.6,test::complex_arithmetic::test_sub,full,success,0.10962010633333334,,,,
aarch64-unknown-linux-gnu,num-complex,0.4.6,test::float::test_acos,full,success,0.109411301,,,,
aarch64-unknown-linux-gnu,num-complex,0.4.6,test::float::test_acosh,full,success,0.10834894,,,,
aarch64-unknown-linux-gnu,num-complex,0.4.6,test::float::test_arg,full,success,0.10847559833333335,,,,
aarch64-unknown-linux-gnu,num-complex,0.4.6,test::float::test_asin,full,success,0.10891840500000001,,,,
aarch64-unknown-linux-gnu,num-complex,0.4.6,test::float::test_asinh,full,success,0.10862911633333334,,,,
aarch64-unknown-linux-gnu,num-complex,0.4.6,test::float::test_atan,full,success,0.11044318666666668,,,,
aarch64-unknown-linux-gnu,num-complex,0.4.6,test::float::test_atanh,full,success,0.109382924,,,,
aarch64-unknown-linux-gnu,num-complex,0.4.6,test::float::test_cbrt,full,success,0.10966042633333334,,,,
aarch64-unknown-linux-gnu,num-complex,0.4.6,test::float::test_cbrt_imag,full,success,0.11362587033333334,,,,
aarch64-unknown-linux-gnu,num-complex,0.4.6,test::float::test_cbrt_real,full,success,0.11443256533333335,,,,
aarch64-unknown-linux-gnu,num-complex,0.4.6,test::float::test_cis,full,success,0.10868195600000001,,,,
aarch64-unknown-linux-gnu,num-complex,0.4.6,test::float::test_cos,full,success,0.10872933966666666,,,,
aarch64-unknown-linux-gnu,num-complex,0.4.6,test::float::test_cosh,full,success,0.10850173,,,,
aarch64-unknown-linux-gnu,num-complex,0.4.6,test::float::test_exp,full,success,0.10902166466666667,,,,
aarch64-unknown-linux-gnu,num-complex,0.4.6,test::float::test_exp2,full,success,0.10895679266666668,,,,
aarch64-unknown-linux-gnu,num-complex,0.4.6,test::float::test_exp2_log,full,success,0.10859099433333334,,,,
aarch64-unknown-linux-gnu,num-complex,0.4.6,test::float::test_exp_ln,full,success,0.10914318066666667,,,,
aarch64-unknown-linux-gnu,num-complex,0.4.6,test::float::test_hyperbolic_identites,full,success,0.11005837,,,,
aarch64-unknown-linux-gnu,num-complex,0.4.6,test::float::test_ln,full,success,0.10958740300000001,,,,
aarch64-unknown-linux-gnu,num-complex,0.4.6,test::float::test_log,full,success,0.109566607,,,,
aarch64-unknown-linux-gnu,num-complex,0.4.6,test::float::test_log10,full,success,0.10908374666666669,,,,
aarch64-unknown-linux-gnu,num-complex,0.4.6,test::float::test_log2,full,success,0.11005142366666669,,,,
aarch64-unknown-linux-gnu,num-complex,0.4.6,test::float::test_norm,full,success,0.10843922033333335,,,,
aarch64-unknown-linux-gnu,num-complex,0.4.6,test::float::test_polar_conv,full,success,0.10884361866666668,,,,
aarch64-unknown-linux-gnu,num-complex,0.4.6,test::float::test_powc,full,success,0.10872619933333334,,,,
aarch64-unknown-linux-gnu,num-complex,0.4.6,test::float::test_powf,full,success,0.108669736,,,,
aarch64-unknown-linux-gnu,num-complex,0.4.6,test::float::test_sin,full,success,0.10866153666666667,,,,
aarch64-unknown-linux-gnu,num-complex,0.4.6,test::float::test_sinh,full,success,0.10809186933333335,,,,
aarch64-unknown-linux-gnu,num-complex,0.4.6,test::float::test_some_expf_cases,full,success,0.10870283566666668,,,,
aarch64-unknown-linux-gnu,num-complex,0.4.6,test::float::test_sqrt,full,success,0.10908799766666666,,,,
aarch64-unknown-linux-gnu,num-complex,0.4.6,test::float::test_sqrt_imag,full,success,0.11295604366666667,,,,
aarch64-unknown-linux-gnu,num-complex,0.4.6,test::float::test_sqrt_real,full,success,0.11431869000000001,,,,
aarch64-unknown-linux-gnu,num-complex,0.4.6,test::float::test_tan,full,success,0.10796821833333335,,,,
aarch64-unknown-linux-gnu,num-complex,0.4.6,test::float::test_tanh,full,success,0.10746527966666668,,,,
aarch64-unknown-linux-gnu,num-complex,0.4.6,test::float::test_trig_identities,full,success,0.11029226833333333,,,,
aarch64-unknown-linux-gnu,num-complex,0.4.6,test::float::test_trig_to_hyperbolic,full,success,0.10857453433333335,,,,
aarch64-unknown-linux-gnu,num-complex,0.4.6,test::real_arithmetic::test_add,full,success,0.10857126266666668,,,,
aarch64-unknown-linux-gnu,num-complex,0.4.6,test::real_arithmetic::test_div,full,success,0.10878843533333334,,,,
aarch64-unknown-linux-gnu,num-complex,0.4.6,test::real_arithmetic::test_div_rem_gaussian,full,success,0.10931167466666668,,,,
aarch64-unknown-linux-gnu,num-complex,0.4.6,test::real_arithmetic::test_mul,full,success,0.109501206,,,,
aarch64-unknown-linux-gnu,num-complex,0.4.6,test::real_arithmetic::test_rem,full,success,0.10999317500000001,,,,
aarch64-unknown-linux-gnu,num-complex,0.4.6,test::real_arithmetic::test_sub,full,success,0.109044027,,,,
aarch64-unknown-linux-gnu,num-complex,0.4.6,test::test_conj,full,success,0.108603991,,,,
aarch64-unknown-linux-gnu,num-complex,0.4.6,test::test_const,full,success,0.10929284333333333,,,,
aarch64-unknown-linux-gnu,num-complex,0.4.6,test::test_consts,full,success,0.10924825933333333,,,,
aarch64-unknown-linux-gnu,num-complex,0.4.6,test::test_divide_by_zero_natural,full,success,0.11462465433333335,,,,
aarch64-unknown-linux-gnu,num-complex,0.4.6,test::test_from_str,full,success,0.127734641,,,,
aarch64-unknown-linux-gnu,num-complex,0.4.6,test::test_from_str_fail,full,success,0.11170390366666667,,,,
aarch64-unknown-linux-gnu,num-complex,0.4.6,test::test_from_str_radix,full,success,0.113464669,,,,
aarch64-unknown-linux-gnu,num-complex,0.4.6,test::test_from_str_radix_fail,full,success,0.11462823300000001,,,,
aarch64-unknown-linux-gnu,num-complex,0.4.6,test::test_hash,full,success,0.10965188800000002,,,,
aarch64-unknown-linux-gnu,num-complex,0.4.6,test::test_hashset,full,success,0.110806641,,,,
aarch64-unknown-linux-gnu,num-complex,0.4.6,test::test_inv,full,success,0.10905914433333334,,,,
aarch64-unknown-linux-gnu,num-complex,0.4.6,test::test_inv_zero,full,success,0.10828838,,,,
aarch64-unknown-linux-gnu,num-complex,0.4.6,test::test_is_finite,full,success,0.10883264100000001,,,,
aarch64-unknown-linux-gnu,num-complex,0.4.6,test::test_is_infinite,full,success,0.10885544800000001,,,,
aarch64-unknown-linux-gnu,num-complex,0.4.6,test::test_is_nan,full,success,0.10903674033333334,,,,
aarch64-unknown-linux-gnu,num-complex,0.4.6,test::test_is_nan_special_cases,full,success,0.10952281066666668,,,,
aarch64-unknown-linux-gnu,num-complex,0.4.6,test::test_is_normal,full,success,0.10942537433333334,,,,
aarch64-unknown-linux-gnu,num-complex,0.4.6,test::test_l1_norm,full,success,0.10914706133333334,,,,
aarch64-unknown-linux-gnu,num-complex,0.4.6,test::test_one,full,success,0.10792458733333334,,,,
aarch64-unknown-linux-gnu,num-complex,0.4.6,test::test_pow,full,success,0.12777319866666667,,,,
aarch64-unknown-linux-gnu,num-complex,0.4.6,test::test_prod,full,success,0.10846388633333333,,,,
aarch64-unknown-linux-gnu,num-complex,0.4.6,test::test_scale_unscale,full,success,0.10841250300000001,,,,
aarch64-unknown-linux-gnu,num-complex,0.4.6,test::test_string_formatting,full,success,0.12346716066666667,,,,
aarch64-unknown-linux-gnu,num-complex,0.4.6,test::test_sum,full,success,0.10846921566666667,,,,
aarch64-unknown-linux-gnu,num-complex,0.4.6,test::test_to_string,full,success,0.11509502700000002,,,,
aarch64-unknown-linux-gnu,num-complex,0.4.6,test::test_zero,full,success,0.10839459066666667,,,,
aarch64-unknown-linux-gnu,object,0.39.1,pod::tests::single,full,success,0.10537197400000002,,,,
aarch64-unknown-linux-gnu,object,0.39.1,pod::tests::slice,full,success,0.10508194,,,,
aarch64-unknown-linux-gnu,object,0.39.1,pod::tests::slice_zero,full,success,0.10612530466666668,,,,
aarch64-unknown-linux-gnu,object,0.39.1,read::archive::tests::aix_names,full,success,0.106507819,,,,
aarch64-unknown-linux-gnu,object,0.39.1,read::archive::tests::bsd_names,full,success,0.106426782,,,,
aarch64-unknown-linux-gnu,object,0.39.1,read::archive::tests::gnu_names,full,success,0.10638522666666668,,,,
aarch64-unknown-linux-gnu,object,0.39.1,read::archive::tests::kind,full,success,0.10851978966666666,,,,
aarch64-unknown-linux-gnu,object,0.39.1,read::archive::tests::thin_gnu_names,full,success,0.10652734500000001,,,,
aarch64-unknown-linux-gnu,object,0.39.1,read::coff::section::tests::name_offset,full,success,0.10569354633333335,,,,
aarch64-unknown-linux-gnu,object,0.39.1,read::macho::load_command::tests::cmd_size_invalid,full,success,0.10514618433333334,,,,
aarch64-unknown-linux-gnu,object,0.39.1,read::macho::load_command::tests::function_starts_invalid_uleb128,full,success,0.10505307266666668,,,,
aarch64-unknown-linux-gnu,object,0.39.1,read::util::tests::bytes,full,success,0.10663455866666667,,,,
aarch64-unknown-linux-gnu,object,0.39.1,read::util::tests::bytes_debug,full,success,0.11397986833333335,,,,
aarch64-unknown-linux-gnu,once_cell,1.21.4,imp::tests::poison_bad,full,success,0.112962084,,,,
aarch64-unknown-linux-gnu,once_cell,1.21.4,imp::tests::smoke_once,full,success,0.107056296,,,,
aarch64-unknown-linux-gnu,once_cell,1.21.4,imp::tests::stampede_once,full,success,0.11794698666666668,,,,
aarch64-unknown-linux-gnu,once_cell,1.21.4,imp::tests::test_size,full,success,0.10765977333333333,,,,
aarch64-unknown-linux-gnu,once_cell,1.21.4,imp::tests::wait_for_force_to_finish,full,success,0.12112627100000001,,,,
aarch64-unknown-linux-gnu,parking_lot_core,0.9.12,parking_lot::tests::unpark_all_hundred,full,success,19.96931094733333,,,,
aarch64-unknown-linux-gnu,parking_lot_core,0.9.12,parking_lot::tests::unpark_all_one,full,success,0.34174117766666673,,,,
aarch64-unknown-linux-gnu,parking_lot_core,0.9.12,parking_lot::tests::unpark_all_one_fast,full,success,2.4964407653333334,,,,
aarch64-unknown-linux-gnu,parking_lot_core,0.9.12,parking_lot::tests::unpark_one_fifty,full,success,1.2262784260000001,,,,
aarch64-unknown-linux-gnu,parking_lot_core,0.9.12,parking_lot::tests::unpark_one_fifty_then_fifty_all,full,success,6.685000090333333,,,,
aarch64-unknown-linux-gnu,parking_lot_core,0.9.12,parking_lot::tests::unpark_one_hundred_fast,full,success,16.268637598,,,,
aarch64-unknown-linux-gnu,parking_lot_core,0.9.12,parking_lot::tests::unpark_one_one,full,success,0.23159110333333333,,,,
aarch64-unknown-linux-gnu,parking_lot_core,0.9.12,parking_lot::tests::unpark_one_one_fast,full,success,2.4362884573333337,,,,
aarch64-unknown-linux-gnu,pem-rfc7468,1.0.0,decoder::tests::pkcs8_example,full,success,0.104905018,,,,
aarch64-unknown-linux-gnu,pem-rfc7468,1.0.0,grammar::tests::split_label_empty,full,success,0.10472276400000001,,,,
aarch64-unknown-linux-gnu,pem-rfc7468,1.0.0,grammar::tests::split_label_with_repeat_wsp_is_err,full,success,0.10442194366666668,,,,
aarch64-unknown-linux-gnu,pem-rfc7468,1.0.0,grammar::tests::split_label_with_text,full,success,0.10544156933333333,,,,
aarch64-unknown-linux-gnu,pem-rfc7468,1.0.0,grammar::tests::validate_private_key_label,full,success,0.10449301966666669,,,,
aarch64-unknown-linux-gnu,pem-rfc7468,1.0.0,grammar::tests::validate_private_key_label_reject_double_space,full,success,0.10496499566666667,,,,
aarch64-unknown-linux-gnu,percent-encoding,2.3.2,ascii_set::tests::add_op,full,success,0.10367586633333332,,,,
aarch64-unknown-linux-gnu,percent-encoding,2.3.2,ascii_set::tests::complement,full,success,0.10434474566666667,,,,
aarch64-unknown-linux-gnu,percent-encoding,2.3.2,ascii_set::tests::not_op,full,success,0.10424860966666667,,,,
aarch64-unknown-linux-gnu,percent-encoding,2.3.2,ascii_set::tests::union,full,success,0.10522088533333333,,,,
aarch64-unknown-linux-gnu,percent-encoding,2.3.2,tests::percent_decode,full,success,0.10543441966666667,,,,
aarch64-unknown-linux-gnu,percent-encoding,2.3.2,tests::percent_decode_collect,full,success,0.10463368933333335,,,,
aarch64-unknown-linux-gnu,percent-encoding,2.3.2,tests::percent_decode_cow,full,success,0.105362531,,,,
aarch64-unknown-linux-gnu,percent-encoding,2.3.2,tests::percent_decode_invalid_utf8,full,success,0.10475159966666665,,,,
aarch64-unknown-linux-gnu,percent-encoding,2.3.2,tests::percent_decode_str,full,success,0.10537206933333333,,,,
aarch64-unknown-linux-gnu,percent-encoding,2.3.2,tests::percent_decode_utf8_lossy,full,success,0.10626435666666667,,,,
aarch64-unknown-linux-gnu,percent-encoding,2.3.2,tests::percent_decode_utf8_lossy_invalid_utf8,full,success,0.10440014400000001,,,,
aarch64-unknown-linux-gnu,percent-encoding,2.3.2,tests::percent_encode_accepts_ascii_set_ref,full,success,0.10432217,,,,
aarch64-unknown-linux-gnu,percent-encoding,2.3.2,tests::percent_encode_byte,full,success,0.18538670266666668,,,,
aarch64-unknown-linux-gnu,percent-encoding,2.3.2,tests::percent_encode_collect,full,success,0.10671785566666668,,,,
aarch64-unknown-linux-gnu,percent-encoding,2.3.2,tests::percent_encode_cow,full,success,0.105964392,,,,
aarch64-unknown-linux-gnu,percent-encoding,2.3.2,tests::percent_encode_display,full,success,0.10700528999999999,,,,
aarch64-unknown-linux-gnu,percent-encoding,2.3.2,tests::utf8_percent_encode,full,success,0.10357650833333333,,,,
aarch64-unknown-linux-gnu,percent-encoding,2.3.2,tests::utf8_percent_encode_accepts_ascii_set_ref,full,success,0.10515751233333333,,,,
aarch64-unknown-linux-gnu,petgraph,0.8.3,acyclic::tests::test_acyclic_graph,full,success,0.13039772033333333,,,,
aarch64-unknown-linux-gnu,petgraph,0.8.3,acyclic::tests::test_acyclic_graph_add_remove,full,success,0.12141368433333333,,,,
aarch64-unknown-linux-gnu,petgraph,0.8.3,acyclic::tests::test_multiedge_allowed,full,success,0.11835655233333335,,,,
aarch64-unknown-linux-gnu,petgraph,0.8.3,algo::bridges::tests::test_bridges,full,success,0.13917564333333335,,,,
aarch64-unknown-linux-gnu,petgraph,0.8.3,algo::dominators::tests::test_iter_dominators,full,success,0.10965947000000002,,,,
aarch64-unknown-linux-gnu,petgraph,0.8.3,algo::simple_paths::test::test_all_simple_paths,full,success,0.24378398166666668,,,,
aarch64-unknown-linux-gnu,petgraph,0.8.3,algo::simple_paths::test::test_all_simple_paths_corner_cases,full,success,0.10968085733333334,,,,
aarch64-unknown-linux-gnu,petgraph,0.8.3,algo::simple_paths::test::test_all_simple_paths_directed,full,success,0.11583314900000001,,,,
aarch64-unknown-linux-gnu,petgraph,0.8.3,algo::simple_paths::test::test_all_simple_paths_empty,full,success,0.11219366133333335,,,,
aarch64-unknown-linux-gnu,petgraph,0.8.3,algo::simple_paths::test::test_all_simple_paths_ignores_cycle,full,success,0.11496577533333334,,,,
aarch64-unknown-linux-gnu,petgraph,0.8.3,algo::simple_paths::test::test_all_simple_paths_on_non_trivial_graph,full,success,0.16492168866666668,,,,
aarch64-unknown-linux-gnu,petgraph,0.8.3,algo::simple_paths::test::test_digraph_multi_target_paths,full,success,0.13031836633333335,,,,
aarch64-unknown-linux-gnu,petgraph,0.8.3,algo::simple_paths::test::test_digraph_multi_target_paths_cutoff,full,success,0.1303986646666667,,,,
aarch64-unknown-linux-gnu,petgraph,0.8.3,algo::simple_paths::test::test_multi_target_paths,full,success,0.131794525,,,,
aarch64-unknown-linux-gnu,petgraph,0.8.3,algo::simple_paths::test::test_multi_target_paths_cutoff,full,success,0.13356848566666668,,,,
aarch64-unknown-linux-gnu,petgraph,0.8.3,algo::simple_paths::test::test_multi_target_paths_in_cycle,full,success,0.12600090833333333,,,,
aarch64-unknown-linux-gnu,petgraph,0.8.3,algo::simple_paths::test::test_multi_target_paths_inline,full,success,0.12471490433333333,,,,
aarch64-unknown-linux-gnu,petgraph,0.8.3,algo::simple_paths::test::test_multi_target_paths_min_intermediate_nodes,full,success,0.16180230133333331,,,,
aarch64-unknown-linux-gnu,petgraph,0.8.3,algo::simple_paths::test::test_multi_target_source_is_target,full,success,0.121402776,,,,
aarch64-unknown-linux-gnu,petgraph,0.8.3,algo::simple_paths::test::test_no_simple_paths,full,success,0.11949289033333334,,,,
aarch64-unknown-linux-gnu,petgraph,0.8.3,algo::simple_paths::test::test_one_simple_path,full,success,0.11771342633333333,,,,
aarch64-unknown-linux-gnu,petgraph,0.8.3,algo::simple_paths::test::test_path_graph,full,success,0.11695034966666668,,,,
aarch64-unknown-linux-gnu,petgraph,0.8.3,algo::simple_paths::test::test_simple_path_source_target,full,success,0.11748351166666667,,,,
aarch64-unknown-linux-gnu,petgraph,0.8.3,algo::simple_paths::test::test_simple_paths_cutoff,full,success,0.13153643766666667,,,,
aarch64-unknown-linux-gnu,petgraph,0.8.3,algo::simple_paths::test::test_simple_paths_from_node_to_itself_in_complete_graph,full,success,0.11584331200000002,,,,
aarch64-unknown-linux-gnu,petgraph,0.8.3,algo::simple_paths::test::test_simple_paths_min_intermediate_nodes,full,success,0.13243487333333334,,,,
aarch64-unknown-linux-gnu,petgraph,0.8.3,algo::steiner_tree::test::test_compute_metric_closure,full,success,0.17238428000000003,,,,
aarch64-unknown-linux-gnu,petgraph,0.8.3,algo::steiner_tree::test::test_remove_non_terminal_nodes,full,success,0.14735822966666667,,,,
aarch64-unknown-linux-gnu,petgraph,0.8.3,algo::steiner_tree::test::test_subgraph_from_metric_closure,full,success,0.284193058,,,,
aarch64-unknown-linux-gnu,petgraph,0.8.3,algo::tred::test_easy_tred,full,success,0.11075229400000002,,,,
aarch64-unknown-linux-gnu,petgraph,0.8.3,csr::tests::csr1,full,success,0.12197332933333334,,,,
aarch64-unknown-linux-gnu,petgraph,0.8.3,csr::tests::csr_dfs,full,success,0.14039660366666668,,,,
aarch64-unknown-linux-gnu,petgraph,0.8.3,csr::tests::csr_from,full,success,0.12181977666666667,,,,
aarch64-unknown-linux-gnu,petgraph,0.8.3,csr::tests::csr_from_error_1,full,success,0.11441012533333335,,,,
aarch64-unknown-linux-gnu,petgraph,0.8.3,csr::tests::csr_from_error_2,full,success,0.11473798866666668,,,,
aarch64-unknown-linux-gnu,petgraph,0.8.3,csr::tests::csr_from_undirected,full,success,0.12747283766666667,,,,
aarch64-unknown-linux-gnu,petgraph,0.8.3,csr::tests::csr_tarjan,full,success,0.134746065,,,,
aarch64-unknown-linux-gnu,petgraph,0.8.3,csr::tests::csr_undirected,full,success,0.12172614733333335,,,,
aarch64-unknown-linux-gnu,petgraph,0.8.3,csr::tests::test_add_node,full,success,0.11683550733333332,,,,
aarch64-unknown-linux-gnu,petgraph,0.8.3,csr::tests::test_add_node_with_existing_edges,full,success,0.11352082233333334,,,,
aarch64-unknown-linux-gnu,petgraph,0.8.3,csr::tests::test_bellman_ford,full,success,0.15943713933333334,,,,
aarch64-unknown-linux-gnu,petgraph,0.8.3,csr::tests::test_bellman_ford_neg_cycle,full,success,0.12037759799999999,,,,
aarch64-unknown-linux-gnu,petgraph,0.8.3,csr::tests::test_edge_references,full,success,0.15922529233333335,,,,
aarch64-unknown-linux-gnu,petgraph,0.8.3,csr::tests::test_find_neg_cycle1,full,success,0.12202200433333334,,,,
aarch64-unknown-linux-gnu,petgraph,0.8.3,csr::tests::test_find_neg_cycle2,full,success,0.11777308233333335,,,,
aarch64-unknown-linux-gnu,petgraph,0.8.3,csr::tests::test_find_neg_cycle3,full,success,0.11950592266666667,,,,
aarch64-unknown-linux-gnu,petgraph,0.8.3,csr::tests::test_find_neg_cycle4,full,success,0.10823377266666667,,,,
aarch64-unknown-linux-gnu,petgraph,0.8.3,csr::tests::test_node_references,full,success,0.10644820500000002,,,,
aarch64-unknown-linux-gnu,petgraph,0.8.3,dot::test::test_edgeindexlable_option,full,success,0.11099748,,,,
aarch64-unknown-linux-gnu,petgraph,0.8.3,dot::test::test_edgenolable_option,full,success,0.10999268366666666,,,,
aarch64-unknown-linux-gnu,petgraph,0.8.3,dot::test::test_escape,full,success,0.10611845433333333,,,,
aarch64-unknown-linux-gnu,petgraph,0.8.3,dot::test::test_nodeindexlable_option,full,success,0.11130375933333335,,,,
aarch64-unknown-linux-gnu,petgraph,0.8.3,dot::test::test_nodenolable_option,full,success,0.11135760866666666,,,,
aarch64-unknown-linux-gnu,petgraph,0.8.3,dot::test::test_rankdir_bt_option,full,success,0.11269778600000002,,,,
aarch64-unknown-linux-gnu,petgraph,0.8.3,dot::test::test_rankdir_lr_option,full,success,0.11271542466666667,,,,
aarch64-unknown-linux-gnu,petgraph,0.8.3,dot::test::test_rankdir_rl_option,full,success,0.11270463633333334,,,,
aarch64-unknown-linux-gnu,petgraph,0.8.3,dot::test::test_rankdir_tb_option,full,success,0.11250305533333334,,,,
aarch64-unknown-linux-gnu,petgraph,0.8.3,dot::test::test_with_attr_getters,full,success,0.11019739866666667,,,,
aarch64-unknown-linux-gnu,petgraph,0.8.3,graph_impl::stable_graph::dfs,full,success,0.13972775166666668,,,,
aarch64-unknown-linux-gnu,petgraph,0.8.3,graph_impl::stable_graph::extend_with_edges,full,success,0.11030848666666669,,,,
aarch64-unknown-linux-gnu,petgraph,0.8.3,graph_impl::stable_graph::stable_graph,full,success,0.16886229700000002,,,,
aarch64-unknown-linux-gnu,petgraph,0.8.3,graph_impl::stable_graph::test_retain_nodes,full,success,0.11840366666666667,,,,
aarch64-unknown-linux-gnu,petgraph,0.8.3,graph_impl::stable_graph::test_reverse,full,success,0.10860088833333335,,,,
aarch64-unknown-linux-gnu,petgraph,0.8.3,graph_impl::stable_graph::test_reverse_after_remove_edges,full,success,0.10815548333333336,,,,
aarch64-unknown-linux-gnu,petgraph,0.8.3,graph_impl::stable_graph::test_reverse_after_remove_nodes,full,success,0.10826400966666667,,,,
aarch64-unknown-linux-gnu,petgraph,0.8.3,matrix_graph::tests::test_add_edge,full,success,0.10837885733333334,,,,
aarch64-unknown-linux-gnu,petgraph,0.8.3,matrix_graph::tests::test_add_edge_with_extension,full,success,0.11102513533333334,,,,
aarch64-unknown-linux-gnu,petgraph,0.8.3,matrix_graph::tests::test_add_edge_with_weights,full,success,0.10787958500000001,,,,
aarch64-unknown-linux-gnu,petgraph,0.8.3,matrix_graph::tests::test_add_edge_with_weights_undirected,full,success,0.10895765066666667,,,,
aarch64-unknown-linux-gnu,petgraph,0.8.3,matrix_graph::tests::test_add_or_update_edge,full,success,0.1849223096666667,,,,
aarch64-unknown-linux-gnu,petgraph,0.8.3,matrix_graph::tests::test_clear,full,success,0.11013151033333335,,,,
aarch64-unknown-linux-gnu,petgraph,0.8.3,matrix_graph::tests::test_clear_undirected,full,success,0.11010623766666668,,,,
aarch64-unknown-linux-gnu,petgraph,0.8.3,matrix_graph::tests::test_default,full,success,0.10587959633333334,,,,
aarch64-unknown-linux-gnu,petgraph,0.8.3,matrix_graph::tests::test_edge_references,full,success,0.11548844600000001,,,,
aarch64-unknown-linux-gnu,petgraph,0.8.3,matrix_graph::tests::test_edge_references_undirected,full,success,0.11404038099999998,,,,
aarch64-unknown-linux-gnu,petgraph,0.8.3,matrix_graph::tests::test_edges_directed,full,success,0.11864535633333334,,,,
aarch64-unknown-linux-gnu,petgraph,0.8.3,matrix_graph::tests::test_edges_of_absent_node_is_empty_iterator,full,success,0.10684646200000002,,,,
aarch64-unknown-linux-gnu,petgraph,0.8.3,matrix_graph::tests::test_edges_undirected,full,success,0.11579366833333334,,,,
aarch64-unknown-linux-gnu,petgraph,0.8.3,matrix_graph::tests::test_has_edge,full,success,0.10849550066666667,,,,
aarch64-unknown-linux-gnu,petgraph,0.8.3,matrix_graph::tests::test_id_storage,full,success,0.11140517966666667,,,,
aarch64-unknown-linux-gnu,petgraph,0.8.3,matrix_graph::tests::test_kosaraju_scc_with_removed_node,full,success,0.11356717566666667,,,,
aarch64-unknown-linux-gnu,petgraph,0.8.3,matrix_graph::tests::test_matrix_resize,full,success,0.10943754766666669,,,,
aarch64-unknown-linux-gnu,petgraph,0.8.3,matrix_graph::tests::test_neighbors,full,success,0.10958184866666669,,,,
aarch64-unknown-linux-gnu,petgraph,0.8.3,matrix_graph::tests::test_neighbors_of_absent_node_is_empty_iterator,full,success,0.10620929000000001,,,,
aarch64-unknown-linux-gnu,petgraph,0.8.3,matrix_graph::tests::test_neighbors_undirected,full,success,0.108955221,,,,
aarch64-unknown-linux-gnu,petgraph,0.8.3,matrix_graph::tests::test_new,full,success,0.105937756,,,,
aarch64-unknown-linux-gnu,petgraph,0.8.3,matrix_graph::tests::test_node_identifiers,full,success,0.10924928900000001,,,,
aarch64-unknown-linux-gnu,petgraph,0.8.3,matrix_graph::tests::test_node_indexing,full,success,0.10626533633333334,,,,
aarch64-unknown-linux-gnu,petgraph,0.8.3,matrix_graph::tests::test_not_zero,full,success,0.10752030066666668,,,,
aarch64-unknown-linux-gnu,petgraph,0.8.3,matrix_graph::tests::test_not_zero_asserted,full,success,0.11480372366666668,,,,
aarch64-unknown-linux-gnu,petgraph,0.8.3,matrix_graph::tests::test_not_zero_float,full,success,0.108711968,,,,
aarch64-unknown-linux-gnu,petgraph,0.8.3,matrix_graph::tests::test_remove_edge,full,success,0.11054836266666668,,,,
aarch64-unknown-linux-gnu,petgraph,0.8.3,matrix_graph::tests::test_remove_node,full,success,0.10892531333333333,,,,
aarch64-unknown-linux-gnu,petgraph,0.8.3,matrix_graph::tests::test_remove_node_and_edges,full,success,0.11393942666666668,,,,
aarch64-unknown-linux-gnu,petgraph,0.8.3,matrix_graph::tests::test_remove_node_and_edges_undirected,full,success,0.11395527100000001,,,,
aarch64-unknown-linux-gnu,petgraph,0.8.3,matrix_graph::tests::test_tarjan_scc_with_removed_node,full,success,0.11265514166666668,,,,
aarch64-unknown-linux-gnu,petgraph,0.8.3,matrix_graph::tests::test_try_add_node,full,success,5.354979519666667,,,,
aarch64-unknown-linux-gnu,petgraph,0.8.3,matrix_graph::tests::test_try_update_edge,full,success,0.11094986133333334,,,,
aarch64-unknown-linux-gnu,petgraph,0.8.3,matrix_graph::tests::test_with_capacity,full,success,0.11159623666666667,,,,
aarch64-unknown-linux-gnu,petgraph,0.8.3,visit::undirected_adaptor::tests::test_is_reachable,full,success,0.11610468233333333,,,,
aarch64-unknown-linux-gnu,petgraph,0.8.3,visit::undirected_adaptor::tests::test_neighbors_count,full,success,0.113839007,,,,
aarch64-unknown-linux-gnu,petgraph,0.8.3,visit::undirected_adaptor::tests::test_undirected_adaptor_can_traverse,full,success,0.12651935266666667,,,,
aarch64-unknown-linux-gnu,petgraph,0.8.3,visit::undirected_adaptor::tests::test_undirected_edge_refs_point_both_ways,full,success,0.12767968100000002,,,,
aarch64-unknown-linux-gnu,ppv-lite86,0.2.21,generic::test::test_bswap32,full,success,0.10500376833333334,,,,
aarch64-unknown-linux-gnu,ppv-lite86,0.2.21,generic::test_rotate_u128,full,success,0.10355846633333333,,,,
aarch64-unknown-linux-gnu,predicates,3.1.4,boolean::test_and::find_case_false,full,success,0.11240624166666667,,,,
aarch64-unknown-linux-gnu,predicates,3.1.4,boolean::test_and::find_case_false_fails,full,success,0.11231314033333334,,,,
aarch64-unknown-linux-gnu,predicates,3.1.4,boolean::test_and::find_case_false_left_fail,full,success,0.11201095333333333,,,,
aarch64-unknown-linux-gnu,predicates,3.1.4,boolean::test_and::find_case_false_right_fail,full,success,0.11303275266666668,,,,
aarch64-unknown-linux-gnu,predicates,3.1.4,boolean::test_and::find_case_true,full,success,0.11423508100000002,,,,
aarch64-unknown-linux-gnu,predicates,3.1.4,boolean::test_and::find_case_true_fails,full,success,0.11203960933333335,,,,
aarch64-unknown-linux-gnu,predicates,3.1.4,boolean::test_and::find_case_true_left_fail,full,success,0.11384013533333333,,,,
aarch64-unknown-linux-gnu,predicates,3.1.4,boolean::test_and::find_case_true_right_fail,full,success,0.11351859266666665,,,,
aarch64-unknown-linux-gnu,predicates,3.1.4,boolean::test_or::find_case_false,full,success,0.11300535566666668,,,,
aarch64-unknown-linux-gnu,predicates,3.1.4,boolean::test_or::find_case_false_fails,full,success,0.11127829133333333,,,,
aarch64-unknown-linux-gnu,predicates,3.1.4,boolean::test_or::find_case_false_left_fail,full,success,0.11254249666666667,,,,
aarch64-unknown-linux-gnu,predicates,3.1.4,boolean::test_or::find_case_false_right_fail,full,success,0.11284374466666668,,,,
aarch64-unknown-linux-gnu,predicates,3.1.4,boolean::test_or::find_case_true,full,success,0.11288018066666666,,,,
aarch64-unknown-linux-gnu,predicates,3.1.4,boolean::test_or::find_case_true_fails,full,success,0.11250759933333333,,,,
aarch64-unknown-linux-gnu,predicates,3.1.4,boolean::test_or::find_case_true_left_fail,full,success,0.11321144333333333,,,,
aarch64-unknown-linux-gnu,predicates,3.1.4,boolean::test_or::find_case_true_right_fail,full,success,0.112616118,,,,
aarch64-unknown-linux-gnu,predicates,3.1.4,boxed::test::boxed_find_case,full,success,0.12177474066666667,,,,
aarch64-unknown-linux-gnu,predicates,3.1.4,boxed::test::unsized_boxed,full,success,0.11315531566666669,,,,
aarch64-unknown-linux-gnu,predicates,3.1.4,function::str_function,full,success,0.11346167833333336,,,,
aarch64-unknown-linux-gnu,quinn-udp,0.6.1,imp::gso::test::parse_current_kernel_version_release_string,full,success,0.10643167000000002,,,,
aarch64-unknown-linux-gnu,quinn-udp,0.6.1,imp::gso::test::parse_kernel_version_release_string,full,success,0.107242263,,,,
aarch64-unknown-linux-gnu,quinn-udp,0.6.1,tests::effective_segment_size,full,success,0.10575944300000001,,,,
aarch64-unknown-linux-gnu,r-efi,6.0.0,base::tests::booleans,full,success,0.17598212833333335,,,,
aarch64-unknown-linux-gnu,r-efi,6.0.0,base::tests::eficall,full,success,0.104785468,,,,
aarch64-unknown-linux-gnu,r-efi,6.0.0,base::tests::guid,full,success,0.10391932100000001,,,,
aarch64-unknown-linux-gnu,r-efi,6.0.0,base::tests::type_size_and_alignment,full,success,0.10392413466666667,,,,
aarch64-unknown-linux-gnu,radium,1.1.1,tests::absent_traits,full,success,0.107643999,,,,
aarch64-unknown-linux-gnu,radium,1.1.1,tests::always_alias,full,success,0.10725680166666668,,,,
aarch64-unknown-linux-gnu,radium,1.1.1,tests::always_cell,full,success,0.107744676,,,,
aarch64-unknown-linux-gnu,radium,1.1.1,tests::maybe_atom,full,success,0.10727156933333333,,,,
aarch64-unknown-linux-gnu,radium,1.1.1,tests::present_traits,full,success,0.106860362,,,,
aarch64-unknown-linux-gnu,radium,1.1.1,types::tests::atom_impls,full,success,0.10893669466666667,,,,
aarch64-unknown-linux-gnu,radium,1.1.1,types::tests::isotope_atomic,full,success,0.10883600500000001,,,,
aarch64-unknown-linux-gnu,radium,1.1.1,types::tests::isotope_impls,full,success,0.10844618333333333,,,,
aarch64-unknown-linux-gnu,radium,1.1.1,types::tests::radon_impls,full,success,0.10868166333333333,,,,
aarch64-unknown-linux-gnu,rand,0.10.1,distr::bernoulli::test::bernoulli_distributions_can_be_compared,full,success,0.10451292133333334,,,,
aarch64-unknown-linux-gnu,rand,0.10.1,distr::bernoulli::test::test_trivial,full,success,0.10462087933333335,,,,
aarch64-unknown-linux-gnu,rand,0.10.1,distr::bernoulli::test::value_stability,full,success,0.104486174,,,,
aarch64-unknown-linux-gnu,rand,0.10.1,distr::distribution::tests::test_dist_string,full,success,0.11221762766666667,,,,
aarch64-unknown-linux-gnu,rand,0.10.1,distr::distribution::tests::test_distributions_iter,full,success,0.11013584466666666,,,,
aarch64-unknown-linux-gnu,rand,0.10.1,distr::distribution::tests::test_distributions_map,full,success,0.10433942633333333,,,,
aarch64-unknown-linux-gnu,rand,0.10.1,distr::distribution::tests::test_make_an_iter,full,success,0.10506617700000002,,,,
aarch64-unknown-linux-gnu,rand,0.10.1,distr::float::tests::f32_edge_cases,full,success,0.10392737266666667,,,,
aarch64-unknown-linux-gnu,rand,0.10.1,distr::float::tests::f64_edge_cases,full,success,0.10408918533333333,,,,
aarch64-unknown-linux-gnu,rand,0.10.1,distr::float::tests::value_stability,full,success,0.10654986433333334,,,,
aarch64-unknown-linux-gnu,rand,0.10.1,distr::integer::tests::test_integers,full,success,0.10454824933333334,,,,
aarch64-unknown-linux-gnu,rand,0.10.1,distr::integer::tests::value_stability,full,success,0.10458333233333333,,,,
aarch64-unknown-linux-gnu,rand,0.10.1,distr::other::tests::test_alphabetic,full,success,0.11347319200000001,,,,
aarch64-unknown-linux-gnu,rand,0.10.1,distr::other::tests::test_alphanumeric,full,success,0.10832920400000001,,,,
aarch64-unknown-linux-gnu,rand,0.10.1,distr::other::tests::test_chars,full,success,0.24773224333333332,,,,
aarch64-unknown-linux-gnu,rand,0.10.1,distr::other::tests::test_misc,full,success,0.10418579833333334,,,,
aarch64-unknown-linux-gnu,rand,0.10.1,distr::other::tests::value_stability,full,success,0.10735492,,,,
aarch64-unknown-linux-gnu,rand,0.10.1,distr::slice::test::value_stability,full,success,0.10475707666666667,,,,
aarch64-unknown-linux-gnu,rand,0.10.1,distr::uniform::float::tests::test_float_assertions,full,success,0.10731364,,,,
aarch64-unknown-linux-gnu,rand,0.10.1,distr::uniform::float::tests::test_float_overflow,full,success,0.10538296966666667,,,,
aarch64-unknown-linux-gnu,rand,0.10.1,distr::uniform::float::tests::test_float_overflow_single,full,success,0.11075058366666668,,,,
aarch64-unknown-linux-gnu,rand,0.10.1,distr::uniform::float::tests::test_uniform_from_std_range,full,success,0.10454474400000001,,,,
aarch64-unknown-linux-gnu,rand,0.10.1,distr::uniform::float::tests::test_uniform_from_std_range_bad_limits,full,success,0.10442001433333332,,,,
aarch64-unknown-linux-gnu,rand,0.10.1,distr::uniform::float::tests::test_uniform_from_std_range_inclusive,full,success,0.10424031133333334,,,,
aarch64-unknown-linux-gnu,rand,0.10.1,distr::uniform::float::tests::test_uniform_from_std_range_inclusive_bad_limits,full,success,0.10497864533333334,,,,
aarch64-unknown-linux-gnu,rand,0.10.1,distr::uniform::int::tests::test_uniform_bad_limits_equal_int,full,success,0.10431710100000001,,,,
aarch64-unknown-linux-gnu,rand,0.10.1,distr::uniform::int::tests::test_uniform_bad_limits_flipped_int,full,success,0.10389196233333335,,,,
aarch64-unknown-linux-gnu,rand,0.10.1,distr::uniform::int::tests::test_uniform_from_std_range,full,success,0.10482823433333334,,,,
aarch64-unknown-linux-gnu,rand,0.10.1,distr::uniform::int::tests::test_uniform_from_std_range_bad_limits,full,success,0.104732222,,,,
aarch64-unknown-linux-gnu,rand,0.10.1,distr::uniform::int::tests::test_uniform_from_std_range_inclusive,full,success,0.10459992166666669,,,,
aarch64-unknown-linux-gnu,rand,0.10.1,distr::uniform::int::tests::test_uniform_from_std_range_inclusive_bad_limits,full,success,0.10572012800000001,,,,
aarch64-unknown-linux-gnu,rand,0.10.1,distr::uniform::int::tests::test_uniform_good_limits_equal_int,full,success,0.104729772,,,,
aarch64-unknown-linux-gnu,rand,0.10.1,distr::uniform::int::tests::test_uniform_usize_constructors,full,success,0.10443448266666666,,,,
aarch64-unknown-linux-gnu,rand,0.10.1,distr::uniform::int::tests::test_uniform_usize_empty_range,full,success,0.10473513400000001,,,,
aarch64-unknown-linux-gnu,rand,0.10.1,distr::uniform::int::tests::value_stability,full,success,0.11511499533333334,,,,
aarch64-unknown-linux-gnu,rand,0.10.1,distr::uniform::tests::test_custom_uniform,full,success,0.112829832,,,,
aarch64-unknown-linux-gnu,rand,0.10.1,distr::uniform::tests::uniform_distributions_can_be_compared,full,success,0.10443027766666667,,,,
aarch64-unknown-linux-gnu,rand,0.10.1,distr::uniform::tests::value_stability,full,success,0.10642020566666667,,,,
aarch64-unknown-linux-gnu,rand,0.10.1,distr::weighted::weighted_index::test::overflow,full,success,0.10409075933333334,,,,
aarch64-unknown-linux-gnu,rand,0.10.1,distr::weighted::weighted_index::test::test_accepting_nan,full,success,0.103833558,,,,
aarch64-unknown-linux-gnu,rand,0.10.1,distr::weighted::weighted_index::test::test_update_weights,full,success,0.10993470433333334,,,,
aarch64-unknown-linux-gnu,rand,0.10.1,distr::weighted::weighted_index::test::test_update_weights_errors,full,success,0.10620351366666668,,,,
aarch64-unknown-linux-gnu,rand,0.10.1,distr::weighted::weighted_index::test::test_weight_at,full,success,0.10767150166666667,,,,
aarch64-unknown-linux-gnu,rand,0.10.1,distr::weighted::weighted_index::test::test_weights,full,success,0.10928351700000001,,,,
aarch64-unknown-linux-gnu,rand,0.10.1,distr::weighted::weighted_index::test::value_stability,full,success,0.11110888233333334,,,,
aarch64-unknown-linux-gnu,rand,0.10.1,distr::weighted::weighted_index::test::weighted_index_distributions_can_be_compared,full,success,0.10501866933333333,,,,
aarch64-unknown-linux-gnu,rand,0.10.1,rng::test::test_fill,full,success,0.10456563366666667,,,,
aarch64-unknown-linux-gnu,rand,0.10.1,rng::test::test_fill_bytes_default,full,success,0.29880133000000003,,,,
aarch64-unknown-linux-gnu,rand,0.10.1,rng::test::test_fill_empty,full,success,0.10450591800000002,,,,
aarch64-unknown-linux-gnu,rand,0.10.1,rng::test::test_random_bool,full,success,0.10475683233333334,,,,
aarch64-unknown-linux-gnu,rand,0.10.1,rng::test::test_random_range_float,full,success,0.5849429023333333,,,,
aarch64-unknown-linux-gnu,rand,0.10.1,rng::test::test_random_range_int,full,success,0.7839614250000001,,,,
aarch64-unknown-linux-gnu,rand,0.10.1,rng::test::test_random_range_panic_int,full,success,0.10966781533333335,,,,
aarch64-unknown-linux-gnu,rand,0.10.1,rng::test::test_random_range_panic_usize,full,success,0.11032634000000001,,,,
aarch64-unknown-linux-gnu,rand,0.10.1,rng::test::test_rng_boxed_trait,full,success,0.10463503033333334,,,,
aarch64-unknown-linux-gnu,rand,0.10.1,rng::test::test_rng_mut_ref,full,success,0.10426737800000001,,,,
aarch64-unknown-linux-gnu,rand,0.10.1,rng::test::test_rng_trait_object,full,success,0.10386508333333333,,,,
aarch64-unknown-linux-gnu,rand,0.10.1,rngs::std::test::test_chacha_counter,full,success,0.2810950306666667,,,,
aarch64-unknown-linux-gnu,rand,0.10.1,rngs::std::test::test_chacha_true_values_1,full,success,0.137564141,,,,
aarch64-unknown-linux-gnu,rand,0.10.1,rngs::std::test::test_chacha_true_values_2,full,success,0.13799313300000002,,,,
aarch64-unknown-linux-gnu,rand,0.10.1,rngs::std::test::test_chacha_true_values_3,full,success,0.136777088,,,,
aarch64-unknown-linux-gnu,rand,0.10.1,rngs::std::test::test_chacha_true_values_8,full,success,0.13668943033333333,,,,
aarch64-unknown-linux-gnu,rand,0.10.1,rngs::std::test::test_stdrng_construction,full,success,0.12238556933333333,,,,
aarch64-unknown-linux-gnu,rand,0.10.1,rngs::thread::test::test_debug_output,full,success,0.10545739233333334,,,,
aarch64-unknown-linux-gnu,rand,0.10.1,rngs::thread::test::test_thread_rng,full,success,0.11363148900000002,,,,
aarch64-unknown-linux-gnu,rand,0.10.1,rngs::xoshiro128plusplus::tests::reference,full,success,0.10675553266666667,,,,
aarch64-unknown-linux-gnu,rand,0.10.1,rngs::xoshiro128plusplus::tests::stable_seed_from_u64_and_from_seed,full,success,0.10637510300000001,,,,
aarch64-unknown-linux-gnu,rand,0.10.1,rngs::xoshiro256plusplus::tests::reference,full,success,0.10540946533333334,,,,
aarch64-unknown-linux-gnu,rand,0.10.1,rngs::xoshiro256plusplus::tests::stable_seed_from_u64_and_from_seed,full,success,0.10548539766666669,,,,
aarch64-unknown-linux-gnu,rand,0.10.1,seq::index_::test::test_sample_boundaries,full,success,0.11292834800000001,,,,
aarch64-unknown-linux-gnu,rand,0.10.1,seq::index_::test::test_sample_weighted,full,success,0.11721118266666668,,,,
aarch64-unknown-linux-gnu,rand,0.10.1,seq::index_::test::value_stability_sample,full,success,0.28837660700000006,,,,
aarch64-unknown-linux-gnu,rand,0.10.1,seq::iterator::test::test_sample_iter,full,success,0.16164822333333337,,,,
aarch64-unknown-linux-gnu,rand,0.10.1,seq::iterator::test::value_stability_choose,full,success,0.11967843233333335,,,,
aarch64-unknown-linux-gnu,rand,0.10.1,seq::iterator::test::value_stability_choose_stable,full,success,0.13813947666666668,,,,
aarch64-unknown-linux-gnu,rand,0.10.1,seq::iterator::test::value_stability_sample,full,success,0.12316980666666667,,,,
aarch64-unknown-linux-gnu,rand,0.10.1,seq::slice::test::test_multiple_weighted_distributions,full,success,140.30772266966667,,,,
aarch64-unknown-linux-gnu,rand,0.10.1,seq::slice::test::test_multiple_weighted_edge_cases,full,success,0.39755066466666666,,,,
aarch64-unknown-linux-gnu,rand,0.10.1,seq::slice::test::test_partial_shuffle,full,success,0.106822007,,,,
aarch64-unknown-linux-gnu,rand,0.10.1,seq::slice::test::test_slice_choose,full,success,0.5479767130000001,,,,
aarch64-unknown-linux-gnu,rand,0.10.1,seq::slice::test::value_stability_slice,full,success,0.11475967566666667,,,,
aarch64-unknown-linux-gnu,rand,0.10.1,test::rng_reader,full,success,0.10589195066666668,,,,
aarch64-unknown-linux-gnu,rand,0.10.1,test::test_random,full,success,0.11663049600000001,,,,
aarch64-unknown-linux-gnu,rand,0.10.1,test::test_range,full,success,0.11578743400000001,,,,
aarch64-unknown-linux-gnu,redox_syscall,0.8.0,sigabi::tests::singlethread_mask,full,success,0.12976458866666668,,,,
aarch64-unknown-linux-gnu,scopeguard,1.2.0,tests::test_defer,full,success,0.10645637833333334,,,,
aarch64-unknown-linux-gnu,scopeguard,1.2.0,tests::test_defer_success_1,full,success,0.105454561,,,,
aarch64-unknown-linux-gnu,scopeguard,1.2.0,tests::test_defer_success_2,full,success,0.11157918,,,,
aarch64-unknown-linux-gnu,scopeguard,1.2.0,tests::test_defer_unwind_1,full,success,0.11114983900000001,,,,
aarch64-unknown-linux-gnu,scopeguard,1.2.0,tests::test_defer_unwind_2,full,success,0.10648737866666667,,,,
aarch64-unknown-linux-gnu,scopeguard,1.2.0,tests::test_dropped_once_when_not_run,full,success,0.10632078733333333,,,,
aarch64-unknown-linux-gnu,scopeguard,1.2.0,tests::test_into_inner,full,success,0.10615838500000001,,,,
aarch64-unknown-linux-gnu,scopeguard,1.2.0,tests::test_only_dropped_by_closure_when_run,full,success,0.10768721666666665,,,,
aarch64-unknown-linux-gnu,serde_core,1.0.228,ser::impls::test_format_u8,full,success,0.14218347466666667,,,,
aarch64-unknown-linux-gnu,serde_with,3.20.0,utils::duration::test_parse_float_into_time_parts,full,success,0.10912226000000001,,,,
aarch64-unknown-linux-gnu,shlex,2.0.1,bytes::test_invalid_utf8,full,success,0.104616885,,,,
aarch64-unknown-linux-gnu,shlex,2.0.1,bytes::test_lineno,full,success,0.10553664866666668,,,,
aarch64-unknown-linux-gnu,shlex,2.0.1,bytes::test_split,full,success,0.11966203266666668,,,,
aarch64-unknown-linux-gnu,shlex,2.0.1,test_fallible,full,success,0.10461689,,,,
aarch64-unknown-linux-gnu,shlex,2.0.1,test_lineno,full,success,0.10532782833333333,,,,
aarch64-unknown-linux-gnu,shlex,2.0.1,test_quote,full,success,0.3456397746666667,,,,
aarch64-unknown-linux-gnu,shlex,2.0.1,test_split,full,success,0.12060400366666667,,,,
aarch64-unknown-linux-gnu,simd-adler32,0.3.9,imp::avx2::tests::ones,full,success,0.10889703666666668,,,,
aarch64-unknown-linux-gnu,simd-adler32,0.3.9,imp::avx2::tests::wiki,full,success,0.10802127833333335,,,,
aarch64-unknown-linux-gnu,simd-adler32,0.3.9,imp::avx2::tests::zeroes,full,success,0.10667090533333334,,,,
aarch64-unknown-linux-gnu,simd-adler32,0.3.9,imp::avx512::tests::ones,full,success,0.10747301266666666,,,,
aarch64-unknown-linux-gnu,simd-adler32,0.3.9,imp::avx512::tests::random,full,success,0.10775121700000001,,,,
aarch64-unknown-linux-gnu,simd-adler32,0.3.9,imp::avx512::tests::wiki,full,success,0.106745557,,,,
aarch64-unknown-linux-gnu,simd-adler32,0.3.9,imp::avx512::tests::zeroes,full,success,0.10851261200000001,,,,
aarch64-unknown-linux-gnu,simd-adler32,0.3.9,imp::neon::tests::wiki,full,success,0.11049835466666667,,,,
aarch64-unknown-linux-gnu,simd-adler32,0.3.9,imp::scalar::tests::mixed_short,full,success,0.10894612200000002,,,,
aarch64-unknown-linux-gnu,simd-adler32,0.3.9,imp::scalar::tests::ones_short,full,success,0.1455976436666667,,,,
aarch64-unknown-linux-gnu,simd-adler32,0.3.9,imp::scalar::tests::wiki,full,success,0.10907626800000002,,,,
aarch64-unknown-linux-gnu,simd-adler32,0.3.9,imp::scalar::tests::zeroes_short,full,success,0.1455172336666667,,,,
aarch64-unknown-linux-gnu,simd-adler32,0.3.9,imp::sse2::tests::ones,full,success,0.109431691,,,,
aarch64-unknown-linux-gnu,simd-adler32,0.3.9,imp::sse2::tests::wiki,full,success,0.10873366766666666,,,,
aarch64-unknown-linux-gnu,simd-adler32,0.3.9,imp::sse2::tests::zeroes,full,success,0.10760791233333335,,,,
aarch64-unknown-linux-gnu,simd-adler32,0.3.9,imp::ssse3::tests::ones,full,success,0.10718717300000001,,,,
aarch64-unknown-linux-gnu,simd-adler32,0.3.9,imp::ssse3::tests::wiki,full,success,0.10756040900000001,,,,
aarch64-unknown-linux-gnu,simd-adler32,0.3.9,imp::ssse3::tests::zeroes,full,success,0.107854042,,,,
aarch64-unknown-linux-gnu,simd-adler32,0.3.9,imp::wasm::tests::ones,full,success,0.10827306400000002,,,,
aarch64-unknown-linux-gnu,simd-adler32,0.3.9,imp::wasm::tests::random,full,success,0.10764635566666668,,,,
aarch64-unknown-linux-gnu,simd-adler32,0.3.9,imp::wasm::tests::wiki,full,success,0.10753254400000001,,,,
aarch64-unknown-linux-gnu,simd-adler32,0.3.9,imp::wasm::tests::zeroes,full,success,0.10830548066666668,,,,
aarch64-unknown-linux-gnu,simd-adler32,0.3.9,tests::test_from_checksum,full,success,0.10986988033333334,,,,
aarch64-unknown-linux-gnu,siphasher,1.0.3,tests128::test_siphash128_1_3,full,success,0.106676192,,,,
aarch64-unknown-linux-gnu,siphasher,1.0.3,tests128::test_siphash128_2_4,full,success,0.10533223966666667,,,,
aarch64-unknown-linux-gnu,siphasher,1.0.3,tests128::test_siphash128_idempotent,full,success,0.108478051,,,,
aarch64-unknown-linux-gnu,siphasher,1.0.3,tests128::test_siphash128_incremental,full,success,0.10562425433333333,,,,
aarch64-unknown-linux-gnu,siphasher,1.0.3,tests128::test_siphash128_simple,full,success,0.10527669966666668,,,,
aarch64-unknown-linux-gnu,siphasher,1.0.3,tests::test_hash_idempotent,full,success,0.10820266700000002,,,,
aarch64-unknown-linux-gnu,siphasher,1.0.3,tests::test_hash_incremental,full,success,0.105947709,,,,
aarch64-unknown-linux-gnu,siphasher,1.0.3,tests::test_hash_no_bytes_dropped_32,full,success,0.10879808733333333,,,,
aarch64-unknown-linux-gnu,siphasher,1.0.3,tests::test_hash_no_bytes_dropped_64,full,success,0.10743882,,,,
aarch64-unknown-linux-gnu,siphasher,1.0.3,tests::test_hash_no_concat_alias,full,success,0.107875185,,,,
aarch64-unknown-linux-gnu,siphasher,1.0.3,tests::test_hash_simple,full,success,0.10832910166666666,,,,
aarch64-unknown-linux-gnu,siphasher,1.0.3,tests::test_siphash_1_3,full,success,0.16654928866666666,,,,
aarch64-unknown-linux-gnu,siphasher,1.0.3,tests::test_siphash_2_4,full,success,0.17318220866666667,,,,
aarch64-unknown-linux-gnu,smallvec,1.15.1,tests::drain,full,success,0.10583101500000001,,,,
aarch64-unknown-linux-gnu,smallvec,1.15.1,tests::drain_forget,full,success,0.10281617266666666,,,,
aarch64-unknown-linux-gnu,smallvec,1.15.1,tests::drain_overflow,full,success,0.110787171,,,,
aarch64-unknown-linux-gnu,smallvec,1.15.1,tests::drain_rev,full,success,0.10534087666666668,,,,
aarch64-unknown-linux-gnu,smallvec,1.15.1,tests::empty_macro,full,success,0.10342053333333334,,,,
aarch64-unknown-linux-gnu,smallvec,1.15.1,tests::grow_spilled_same_size,full,success,0.10468380633333334,,,,
aarch64-unknown-linux-gnu,smallvec,1.15.1,tests::grow_to_shrink,full,success,0.10470565066666666,,,,
aarch64-unknown-linux-gnu,smallvec,1.15.1,tests::insert_many_panic::panic_early_at_end,full,success,0.11261457100000001,,,,
aarch64-unknown-linux-gnu,smallvec,1.15.1,tests::insert_many_panic::panic_early_at_start,full,success,0.11058958266666667,,,,
aarch64-unknown-linux-gnu,smallvec,1.15.1,tests::insert_many_panic::panic_early_in_middle,full,success,0.11254475666666668,,,,
aarch64-unknown-linux-gnu,smallvec,1.15.1,tests::insert_many_panic::panic_late_at_end,full,success,0.11258673533333334,,,,
aarch64-unknown-linux-gnu,smallvec,1.15.1,tests::insert_many_panic::panic_late_at_start,full,success,0.11250172400000001,,,,
aarch64-unknown-linux-gnu,smallvec,1.15.1,tests::into_iter,full,success,0.10447347266666668,,,,
aarch64-unknown-linux-gnu,smallvec,1.15.1,tests::into_iter_drop,full,success,0.10610038300000002,,,,
aarch64-unknown-linux-gnu,smallvec,1.15.1,tests::into_iter_rev,full,success,0.104605454,,,,
aarch64-unknown-linux-gnu,smallvec,1.15.1,tests::issue_4,full,success,0.10413643933333333,,,,
aarch64-unknown-linux-gnu,smallvec,1.15.1,tests::issue_5,full,success,0.104305747,,,,
aarch64-unknown-linux-gnu,smallvec,1.15.1,tests::max_dont_panic,full,success,0.10381635733333333,,,,
aarch64-unknown-linux-gnu,smallvec,1.15.1,tests::max_remove,full,success,0.11088600766666667,,,,
aarch64-unknown-linux-gnu,smallvec,1.15.1,tests::max_swap_remove,full,success,0.11154482,,,,
aarch64-unknown-linux-gnu,smallvec,1.15.1,tests::resumable_extend,full,success,0.10485050233333333,,,,
aarch64-unknown-linux-gnu,smallvec,1.15.1,tests::shrink_to_fit_unspill,full,success,0.10369473833333336,,,,
aarch64-unknown-linux-gnu,smallvec,1.15.1,tests::test_as_mut,full,success,0.10461171733333334,,,,
aarch64-unknown-linux-gnu,smallvec,1.15.1,tests::test_as_ref,full,success,0.10397322833333333,,,,
aarch64-unknown-linux-gnu,smallvec,1.15.1,tests::test_borrow,full,success,0.10507095833333334,,,,
aarch64-unknown-linux-gnu,smallvec,1.15.1,tests::test_borrow_mut,full,success,0.10441115333333334,,,,
aarch64-unknown-linux-gnu,smallvec,1.15.1,tests::test_capacity,full,success,0.10447737633333336,,,,
aarch64-unknown-linux-gnu,smallvec,1.15.1,tests::test_clone_from,full,success,0.10586570166666669,,,,
aarch64-unknown-linux-gnu,smallvec,1.15.1,tests::test_dedup,full,success,0.10575880666666666,,,,
aarch64-unknown-linux-gnu,smallvec,1.15.1,tests::test_double_spill,full,success,0.10663060433333334,,,,
aarch64-unknown-linux-gnu,smallvec,1.15.1,tests::test_drop_panic_smallvec,full,success,0.11072962466666669,,,,
aarch64-unknown-linux-gnu,smallvec,1.15.1,tests::test_eq,full,success,0.10511101166666668,,,,
aarch64-unknown-linux-gnu,smallvec,1.15.1,tests::test_exact_size_iterator,full,success,0.10575871366666667,,,,
aarch64-unknown-linux-gnu,smallvec,1.15.1,tests::test_extend_from_slice,full,success,0.10659979800000001,,,,
aarch64-unknown-linux-gnu,smallvec,1.15.1,tests::test_from,full,success,0.10476477500000002,,,,
aarch64-unknown-linux-gnu,smallvec,1.15.1,tests::test_from_slice,full,success,0.10444860700000001,,,,
aarch64-unknown-linux-gnu,smallvec,1.15.1,tests::test_from_vec,full,success,0.10437217133333333,,,,
aarch64-unknown-linux-gnu,smallvec,1.15.1,tests::test_hash,full,success,0.10477454133333335,,,,
aarch64-unknown-linux-gnu,smallvec,1.15.1,tests::test_inline,full,success,0.10389593933333334,,,,
aarch64-unknown-linux-gnu,smallvec,1.15.1,tests::test_insert_from_slice,full,success,0.10558594966666668,,,,
aarch64-unknown-linux-gnu,smallvec,1.15.1,tests::test_insert_many,full,success,0.10415084866666668,,,,
aarch64-unknown-linux-gnu,smallvec,1.15.1,tests::test_insert_many_long_hint,full,success,0.10502420833333335,,,,
aarch64-unknown-linux-gnu,smallvec,1.15.1,tests::test_insert_many_overflow,full,success,0.10386172,,,,
aarch64-unknown-linux-gnu,smallvec,1.15.1,tests::test_insert_many_short_hint,full,success,0.10411174666666667,,,,
aarch64-unknown-linux-gnu,smallvec,1.15.1,tests::test_insert_out_of_bounds,full,success,0.11025260366666667,,,,
aarch64-unknown-linux-gnu,smallvec,1.15.1,tests::test_into_inner,full,success,0.10389033666666665,,,,
aarch64-unknown-linux-gnu,smallvec,1.15.1,tests::test_into_iter_as_slice,full,success,0.10473974333333334,,,,
aarch64-unknown-linux-gnu,smallvec,1.15.1,tests::test_into_iter_clone,full,success,0.10429648800000002,,,,
aarch64-unknown-linux-gnu,smallvec,1.15.1,tests::test_into_iter_clone_empty_smallvec,full,success,0.10450875733333333,,,,
aarch64-unknown-linux-gnu,smallvec,1.15.1,tests::test_into_iter_clone_partially_consumed_iterator,full,success,0.10452286566666667,,,,
aarch64-unknown-linux-gnu,smallvec,1.15.1,tests::test_into_vec,full,success,0.10493399266666666,,,,
aarch64-unknown-linux-gnu,smallvec,1.15.1,tests::test_invalid_grow,full,success,0.11010801566666667,,,,
aarch64-unknown-linux-gnu,smallvec,1.15.1,tests::test_ord,full,success,0.10472666633333334,,,,
aarch64-unknown-linux-gnu,smallvec,1.15.1,tests::test_resize,full,success,0.10426570033333334,,,,
aarch64-unknown-linux-gnu,smallvec,1.15.1,tests::test_retain,full,success,0.10516141933333334,,,,
aarch64-unknown-linux-gnu,smallvec,1.15.1,tests::test_size,full,success,0.10537879233333335,,,,
aarch64-unknown-linux-gnu,smallvec,1.15.1,tests::test_spill,full,success,0.10571828600000001,,,,
aarch64-unknown-linux-gnu,smallvec,1.15.1,tests::test_truncate,full,success,0.10659497366666669,,,,
aarch64-unknown-linux-gnu,smallvec,1.15.1,tests::test_with_capacity,full,success,0.10359170933333334,,,,
aarch64-unknown-linux-gnu,smallvec,1.15.1,tests::test_zero,full,success,0.10434902333333333,,,,
aarch64-unknown-linux-gnu,smallvec,1.15.1,tests::uninhabited,full,success,0.1037965,,,,
aarch64-unknown-linux-gnu,smallvec,1.15.1,tests::zero_size_items,full,success,0.10440180633333335,,,,
aarch64-unknown-linux-gnu,socket2,0.6.2,sockaddr::tests::ipv4,full,success,0.10395063033333334,,,,
aarch64-unknown-linux-gnu,socket2,0.6.2,sockaddr::tests::ipv4_eq,full,success,0.10379298166666667,,,,
aarch64-unknown-linux-gnu,socket2,0.6.2,sockaddr::tests::ipv4_hash,full,success,0.10485210333333334,,,,
aarch64-unknown-linux-gnu,socket2,0.6.2,sockaddr::tests::ipv4_ipv6_eq,full,success,0.10457847233333334,,,,
aarch64-unknown-linux-gnu,socket2,0.6.2,sockaddr::tests::ipv4_ipv6_hash,full,success,0.10707162399999999,,,,
aarch64-unknown-linux-gnu,socket2,0.6.2,sockaddr::tests::ipv6,full,success,0.10422317666666668,,,,
aarch64-unknown-linux-gnu,socket2,0.6.2,sockaddr::tests::ipv6_eq,full,success,0.10432927233333333,,,,
aarch64-unknown-linux-gnu,socket2,0.6.2,sockaddr::tests::ipv6_hash,full,success,0.10533285933333332,,,,
aarch64-unknown-linux-gnu,socket2,0.6.2,sys::in6_addr_convertion,full,success,0.104105499,,,,
aarch64-unknown-linux-gnu,socket2,0.6.2,sys::in_addr_convertion,full,success,0.10281572900000001,,,,
aarch64-unknown-linux-gnu,spin,0.12.0,barrier::tests::test_barrier,full,success,9.047769094666668,,,,
aarch64-unknown-linux-gnu,spin,0.12.0,mutex::spin::tests::lots_and_lots,full,success,0.234118387,,,,
aarch64-unknown-linux-gnu,spin,0.12.0,mutex::spin::tests::smoke,full,success,0.105162401,,,,
aarch64-unknown-linux-gnu,spin,0.12.0,mutex::spin::tests::test_into_inner,full,success,0.10503053533333334,,,,
aarch64-unknown-linux-gnu,spin,0.12.0,mutex::spin::tests::test_into_inner_drop,full,success,0.10508844633333332,,,,
aarch64-unknown-linux-gnu,spin,0.12.0,mutex::spin::tests::test_mutex_arc_access_in_unwind,full,success,0.11285817366666667,,,,
aarch64-unknown-linux-gnu,spin,0.12.0,mutex::spin::tests::test_mutex_arc_nested,full,success,0.10946685700000001,,,,
aarch64-unknown-linux-gnu,spin,0.12.0,mutex::spin::tests::test_mutex_force_lock,full,success,0.10543652233333334,,,,
aarch64-unknown-linux-gnu,spin,0.12.0,mutex::spin::tests::test_mutex_unsized,full,success,0.105751433,,,,
aarch64-unknown-linux-gnu,spin,0.12.0,mutex::spin::tests::try_lock,full,success,0.106090329,,,,
aarch64-unknown-linux-gnu,spin,0.12.0,once::tests::call_once_test,full,success,0.4250515286666667,,,,
aarch64-unknown-linux-gnu,spin,0.12.0,once::tests::drop_occurs_and_skip_uninit_drop,full,success,0.10610887866666667,,,,
aarch64-unknown-linux-gnu,spin,0.12.0,once::tests::get,full,success,0.10550829,,,,
aarch64-unknown-linux-gnu,spin,0.12.0,once::tests::get_no_wait,full,success,3.109681407,,,,
aarch64-unknown-linux-gnu,spin,0.12.0,once::tests::init_constant,full,success,0.10637020633333334,,,,
aarch64-unknown-linux-gnu,spin,0.12.0,once::tests::init_from_ref_basic,full,success,0.106240155,,,,
aarch64-unknown-linux-gnu,spin,0.12.0,once::tests::panic,full,success,0.116272225,,,,
aarch64-unknown-linux-gnu,spin,0.12.0,once::tests::poll,full,success,0.10662424200000002,,,,
aarch64-unknown-linux-gnu,spin,0.12.0,once::tests::smoke_once,full,success,0.106662134,,,,
aarch64-unknown-linux-gnu,spin,0.12.0,once::tests::smoke_once_value,full,success,0.10751083366666668,,,,
aarch64-unknown-linux-gnu,spin,0.12.0,once::tests::stampede_once,full,success,0.12167599200000001,,,,
aarch64-unknown-linux-gnu,spin,0.12.0,once::tests::try_call_once_err,full,success,0.16426480566666668,,,,
aarch64-unknown-linux-gnu,spin,0.12.0,once::tests::wait,full,success,0.10783980500000001,,,,
aarch64-unknown-linux-gnu,spin,0.12.0,rwlock::tests::smoke,full,success,0.10822176033333335,,,,
aarch64-unknown-linux-gnu,spin,0.12.0,rwlock::tests::test_force_read_decrement,full,success,0.10772734966666668,,,,
aarch64-unknown-linux-gnu,spin,0.12.0,rwlock::tests::test_force_write_unlock,full,success,0.10805001866666668,,,,
aarch64-unknown-linux-gnu,spin,0.12.0,rwlock::tests::test_into_inner,full,success,0.107944255,,,,
aarch64-unknown-linux-gnu,spin,0.12.0,rwlock::tests::test_into_inner_drop,full,success,0.10947963266666667,,,,
aarch64-unknown-linux-gnu,spin,0.12.0,rwlock::tests::test_rw_access_in_unwind,full,success,0.11496368966666666,,,,
aarch64-unknown-linux-gnu,spin,0.12.0,rwlock::tests::test_rw_arc,full,success,0.116864534,,,,
aarch64-unknown-linux-gnu,spin,0.12.0,rwlock::tests::test_rw_try_read,full,success,0.108008285,,,,
aarch64-unknown-linux-gnu,spin,0.12.0,rwlock::tests::test_rwlock_try_write,full,success,0.108497487,,,,
aarch64-unknown-linux-gnu,spin,0.12.0,rwlock::tests::test_rwlock_unsized,full,success,0.10801134400000001,,,,
aarch64-unknown-linux-gnu,spin,0.12.0,rwlock::tests::test_upgrade_downgrade,full,success,0.10679988766666666,,,,
aarch64-unknown-linux-gnu,thread_local,1.1.9,tests::different_thread,full,success,0.11815105866666668,,,,
aarch64-unknown-linux-gnu,thread_local,1.1.9,tests::is_sync,full,success,0.105795813,,,,
aarch64-unknown-linux-gnu,thread_local,1.1.9,tests::iter,full,success,0.125597801,,,,
aarch64-unknown-linux-gnu,thread_local,1.1.9,tests::miri_iter_soundness_check,full,success,0.12367573533333336,,,,
aarch64-unknown-linux-gnu,thread_local,1.1.9,tests::same_thread,full,success,0.12769703400000001,,,,
aarch64-unknown-linux-gnu,thread_local,1.1.9,tests::test_drop,full,success,0.116599004,,,,
aarch64-unknown-linux-gnu,thread_local,1.1.9,tests::test_earlyreturn_buckets,full,success,0.2960346103333334,,,,
aarch64-unknown-linux-gnu,thread_local,1.1.9,thread_id::test_thread,full,success,0.10619098233333334,,,,
aarch64-unknown-linux-gnu,tinystr,0.8.3,ascii::test::from_utf16_lossy_rejects_non_ascii_replacement,full,success,0.11119164433333334,,,,
aarch64-unknown-linux-gnu,tinystr,0.8.3,ascii::test::from_utf8_lossy_rejects_non_ascii_replacement,full,success,0.111528215,,,,
aarch64-unknown-linux-gnu,tinystr,0.8.3,ascii::test::from_utf8_lossy_rejects_null_replacement,full,success,0.11235281000000001,,,,
aarch64-unknown-linux-gnu,tinystr,0.8.3,ascii::test::lossy_constructor,full,success,0.10581874266666669,,,,
aarch64-unknown-linux-gnu,tinystr,0.8.3,ascii::test::test_is_ascii_alphabetic,full,success,1.495587245,,,,
aarch64-unknown-linux-gnu,tinystr,0.8.3,ascii::test::test_is_ascii_alphabetic_lowercase,full,success,1.5036300256666666,,,,
aarch64-unknown-linux-gnu,tinystr,0.8.3,ascii::test::test_is_ascii_alphabetic_titlecase,full,success,1.5093497146666668,,,,
aarch64-unknown-linux-gnu,tinystr,0.8.3,ascii::test::test_is_ascii_alphabetic_uppercase,full,success,1.504944808,,,,
aarch64-unknown-linux-gnu,tinystr,0.8.3,ascii::test::test_is_ascii_alphanumeric,full,success,1.5046767683333335,,,,
aarch64-unknown-linux-gnu,tinystr,0.8.3,ascii::test::test_is_ascii_lowercase,full,success,1.4745046640000001,,,,
aarch64-unknown-linux-gnu,tinystr,0.8.3,ascii::test::test_is_ascii_numeric,full,success,1.4660658703333336,,,,
aarch64-unknown-linux-gnu,tinystr,0.8.3,ascii::test::test_is_ascii_titlecase,full,success,1.4787902063333334,,,,
aarch64-unknown-linux-gnu,tinystr,0.8.3,ascii::test::test_is_ascii_uppercase,full,success,1.4750094823333333,,,,
aarch64-unknown-linux-gnu,tinystr,0.8.3,ascii::test::test_to_ascii_lowercase,full,success,2.003601150333333,,,,
aarch64-unknown-linux-gnu,tinystr,0.8.3,ascii::test::test_to_ascii_titlecase,full,success,2.0297328783333333,,,,
aarch64-unknown-linux-gnu,tinystr,0.8.3,ascii::test::test_to_ascii_uppercase,full,success,2.0014343649999997,,,,
aarch64-unknown-linux-gnu,tinystr,0.8.3,macros::tests::test_macro_construction,full,success,0.104990757,,,,
aarch64-unknown-linux-gnu,tinystr,0.8.3,test_size,full,success,0.104201577,,,,
aarch64-unknown-linux-gnu,tower-http,0.6.11,classify::grpc_errors_as_failures::tests::basic_error,full,success,0.111362721,,,,
aarch64-unknown-linux-gnu,tower-http,0.6.11,classify::grpc_errors_as_failures::tests::basic_ok,full,success,0.11147138966666666,,,,
aarch64-unknown-linux-gnu,tower-http,0.6.11,classify::grpc_errors_as_failures::tests::grpc_code_from_i32_known_codes,full,success,0.107403277,,,,
aarch64-unknown-linux-gnu,tower-http,0.6.11,classify::grpc_errors_as_failures::tests::grpc_code_from_i32_unknown_codes,full,success,0.10611756400000001,,,,
aarch64-unknown-linux-gnu,tower-http,0.6.11,classify::grpc_errors_as_failures::tests::grpc_code_from_non_zero_i32,full,success,0.10755201733333335,,,,
aarch64-unknown-linux-gnu,tower-http,0.6.11,classify::grpc_errors_as_failures::tests::two_success_codes_first_matches,full,success,0.11123190766666667,,,,
aarch64-unknown-linux-gnu,tower-http,0.6.11,classify::grpc_errors_as_failures::tests::two_success_codes_none_matches,full,success,0.110966262,,,,
aarch64-unknown-linux-gnu,tower-http,0.6.11,classify::grpc_errors_as_failures::tests::two_success_codes_second_matches,full,success,0.11188550600000001,,,,
aarch64-unknown-linux-gnu,tower-http,0.6.11,classify::status_in_range_is_error::tests::basic,full,success,0.10728737733333334,,,,
aarch64-unknown-linux-gnu,tracing-core,0.1.36,dispatcher::test::default_dispatch,full,success,0.07934490733333334,,,,
aarch64-unknown-linux-gnu,tracing-core,0.1.36,dispatcher::test::default_no_subscriber,full,success,0.07933547166666667,,,,
aarch64-unknown-linux-gnu,tracing-core,0.1.36,dispatcher::test::dispatch_downcasts,full,success,0.07932068733333335,,,,
aarch64-unknown-linux-gnu,tracing-core,0.1.36,dispatcher::test::dispatch_is,full,success,0.08000696866666668,,,,
aarch64-unknown-linux-gnu,tracing-core,0.1.36,dispatcher::test::events_dont_infinite_loop,full,success,0.08018069633333334,,,,
aarch64-unknown-linux-gnu,tracing-core,0.1.36,dispatcher::test::spans_dont_infinite_loop,full,success,0.07888741433333335,,,,
aarch64-unknown-linux-gnu,tracing-core,0.1.36,field::test::empty_fields_are_skipped,full,success,0.079750052,,,,
aarch64-unknown-linux-gnu,tracing-core,0.1.36,field::test::empty_value_set_is_empty,full,success,0.07828771699999999,,,,
aarch64-unknown-linux-gnu,tracing-core,0.1.36,field::test::fields_from_other_callsets_are_skipped,full,success,0.079866981,,,,
aarch64-unknown-linux-gnu,tracing-core,0.1.36,field::test::index_of_field_in_fieldset_is_correct,full,success,0.07901593833333333,,,,
aarch64-unknown-linux-gnu,tracing-core,0.1.36,field::test::record_bytes,full,success,0.081067183,,,,
aarch64-unknown-linux-gnu,tracing-core,0.1.36,field::test::record_debug_fn,full,success,0.08050909333333334,,,,
aarch64-unknown-linux-gnu,tracing-core,0.1.36,field::test::record_error,full,success,0.08005779533333333,,,,
aarch64-unknown-linux-gnu,tracing-core,0.1.36,field::test::sparse_value_sets_are_not_empty,full,success,0.07889412966666666,,,,
aarch64-unknown-linux-gnu,tracing-core,0.1.36,field::test::value_set_with_no_values_is_empty,full,success,0.07972697833333335,,,,
aarch64-unknown-linux-gnu,tracing-core,0.1.36,field::test::value_sets_with_fields_from_other_callsites_are_empty,full,success,0.07955017966666666,,,,
aarch64-unknown-linux-gnu,tracing-core,0.1.36,metadata::tests::filter_level_conversion,full,success,0.07922540500000001,,,,
aarch64-unknown-linux-gnu,tracing-core,0.1.36,metadata::tests::level_filter_is_usize_sized,full,success,0.07922108033333335,,,,
aarch64-unknown-linux-gnu,tracing-core,0.1.36,metadata::tests::level_filter_reprs,full,test_failed,,assertion `left == right` failed: repr changed for LevelFilter::OFF,src/metadata.rs:1119:13,https://github.com/BorrowSanitizer/bsan/actions/runs/37211270787/job/111463771219,"thread 'metadata::tests::level_filter_reprs' (441) panicked at src/metadata.rs:1119:13:
assertion `left == right` failed: repr changed for LevelFilter::OFF
  left: 5
 right: 18446744073709551615
note: run with `RUST_BACKTRACE=1` environment variable to display a backtrace
test metadata::tests::level_filter_reprs ... FAILED

failures:

failures:
    metadata::tests::level_filter_reprs

test result: FAILED. 0 passed; 1 failed; 0 ignored; 0 measured; 19 filtered out; finished in 0.02s
"
aarch64-unknown-linux-gnu,tracing-core,0.1.36,metadata::tests::level_from_str,full,success,0.07935407133333335,,,,
aarch64-unknown-linux-gnu,tracing-log,0.2.0,test::debug_callsite_is_correct,full,success,0.10746824866666667,,,,
aarch64-unknown-linux-gnu,tracing-log,0.2.0,test::error_callsite_is_correct,full,success,0.108050398,,,,
aarch64-unknown-linux-gnu,tracing-log,0.2.0,test::info_callsite_is_correct,full,success,0.10836734066666669,,,,
aarch64-unknown-linux-gnu,tracing-log,0.2.0,test::trace_callsite_is_correct,full,success,0.107769976,,,,
aarch64-unknown-linux-gnu,tracing-log,0.2.0,test::warn_callsite_is_correct,full,success,0.10730588066666667,,,,
aarch64-unknown-linux-gnu,tungstenite,0.29.0,buffer::tests::reading_in_chunks,full,success,0.108787019,,,,
aarch64-unknown-linux-gnu,tungstenite,0.29.0,buffer::tests::simple_reading,full,success,0.10697483833333334,,,,
aarch64-unknown-linux-gnu,tungstenite,0.29.0,error::test::error_size,full,success,0.105872542,,,,
aarch64-unknown-linux-gnu,tungstenite,0.29.0,error::test::protocol_error_size,full,success,0.10644794133333334,,,,
aarch64-unknown-linux-gnu,tungstenite,0.29.0,error::test::tls_error_size,full,success,0.10605343766666668,,,,
aarch64-unknown-linux-gnu,tungstenite,0.29.0,handshake::client::tests::invalid_custom_request,full,success,0.109639373,,,,
aarch64-unknown-linux-gnu,tungstenite,0.29.0,handshake::client::tests::random_keys,full,success,0.130903724,,,,
aarch64-unknown-linux-gnu,tungstenite,0.29.0,handshake::client::tests::request_formatting,full,success,0.14467888433333334,,,,
aarch64-unknown-linux-gnu,tungstenite,0.29.0,handshake::client::tests::request_formatting_with_at,full,success,0.14601394333333337,,,,
aarch64-unknown-linux-gnu,tungstenite,0.29.0,handshake::client::tests::request_formatting_with_host,full,success,0.14494832933333335,,,,
aarch64-unknown-linux-gnu,tungstenite,0.29.0,handshake::client::tests::request_with_latin1_header,full,success,0.2794945633333334,,,,
aarch64-unknown-linux-gnu,tungstenite,0.29.0,handshake::client::tests::request_with_non_ascii_header,full,success,0.28970290000000004,,,,
aarch64-unknown-linux-gnu,tungstenite,0.29.0,handshake::client::tests::response_parsing,full,success,0.11180424133333335,,,,
aarch64-unknown-linux-gnu,tungstenite,0.29.0,handshake::headers::tests::headers,full,success,0.115487597,,,,
aarch64-unknown-linux-gnu,tungstenite,0.29.0,handshake::headers::tests::headers_incomplete,full,success,0.10924987100000001,,,,
aarch64-unknown-linux-gnu,tungstenite,0.29.0,handshake::headers::tests::headers_iter,full,success,0.12320210666666669,,,,
aarch64-unknown-linux-gnu,tungstenite,0.29.0,handshake::server::tests::request_parsing,full,success,0.11240496033333335,,,,
aarch64-unknown-linux-gnu,tungstenite,0.29.0,handshake::server::tests::request_replying,full,success,0.15932858966666666,,,,
aarch64-unknown-linux-gnu,tungstenite,0.29.0,handshake::tests::key_conversion,full,success,0.13018728266666665,,,,
aarch64-unknown-linux-gnu,tungstenite,0.29.0,protocol::frame::coding::tests::closecode_from_u16,full,success,0.10690016933333334,,,,
aarch64-unknown-linux-gnu,tungstenite,0.29.0,protocol::frame::coding::tests::closecode_into_u16,full,success,0.10682816033333335,,,,
aarch64-unknown-linux-gnu,tungstenite,0.29.0,protocol::frame::coding::tests::opcode_from_u8,full,success,0.10640501266666667,,,,
aarch64-unknown-linux-gnu,tungstenite,0.29.0,protocol::frame::coding::tests::opcode_into_u8,full,success,0.10617542400000002,,,,
aarch64-unknown-linux-gnu,tungstenite,0.29.0,protocol::frame::frame::tests::display,full,success,0.11094248200000001,,,,
aarch64-unknown-linux-gnu,tungstenite,0.29.0,protocol::frame::frame::tests::format,full,success,0.10770149866666667,,,,
aarch64-unknown-linux-gnu,tungstenite,0.29.0,protocol::frame::frame::tests::format_into_buf,full,success,0.10832503133333334,,,,
aarch64-unknown-linux-gnu,tungstenite,0.29.0,protocol::frame::frame::tests::parse,full,success,0.10826157933333334,,,,
aarch64-unknown-linux-gnu,tungstenite,0.29.0,protocol::frame::mask::tests::test_apply_mask,full,success,0.17958249433333331,,,,
aarch64-unknown-linux-gnu,tungstenite,0.29.0,protocol::frame::tests::from_partially_read,full,success,0.10867270066666668,,,,
aarch64-unknown-linux-gnu,tungstenite,0.29.0,protocol::frame::tests::parse_overflow,full,success,0.10743847166666669,,,,
aarch64-unknown-linux-gnu,tungstenite,0.29.0,protocol::frame::tests::read_frames,full,success,0.11063658,,,,
aarch64-unknown-linux-gnu,tungstenite,0.29.0,protocol::frame::tests::size_limit_hit,full,success,0.10770433366666667,,,,
aarch64-unknown-linux-gnu,tungstenite,0.29.0,protocol::frame::tests::write_frames,full,success,0.10959975100000001,,,,
aarch64-unknown-linux-gnu,tungstenite,0.29.0,protocol::frame::utf8::tests::hash_consistency,full,success,0.107316698,,,,
aarch64-unknown-linux-gnu,tungstenite,0.29.0,protocol::message::tests::binary_convert,full,success,0.10763430533333335,,,,
aarch64-unknown-linux-gnu,tungstenite,0.29.0,protocol::message::tests::binary_convert_bytes,full,success,0.10874753366666667,,,,
aarch64-unknown-linux-gnu,tungstenite,0.29.0,protocol::message::tests::binary_convert_into_bytes,full,success,0.10823348533333334,,,,
aarch64-unknown-linux-gnu,tungstenite,0.29.0,protocol::message::tests::binary_convert_vec,full,success,0.10771950066666668,,,,
aarch64-unknown-linux-gnu,tungstenite,0.29.0,protocol::message::tests::display,full,success,0.10852010000000001,,,,
aarch64-unknown-linux-gnu,tungstenite,0.29.0,protocol::message::tests::text_convert,full,success,0.10723637500000001,,,,
aarch64-unknown-linux-gnu,tungstenite,0.29.0,protocol::tests::receive_messages,full,success,0.119678167,,,,
aarch64-unknown-linux-gnu,tungstenite,0.29.0,protocol::tests::size_limiting_binary,full,success,0.10989930933333335,,,,
aarch64-unknown-linux-gnu,tungstenite,0.29.0,protocol::tests::size_limiting_text_fragmented,full,success,0.11023925900000002,,,,
aarch64-unknown-linux-gnu,twox-hash,2.1.2,xxhash32::random_impl::test::can_be_used_in_a_hashmap_with_a_random_seed,full,success,0.10935609800000001,,,,
aarch64-unknown-linux-gnu,twox-hash,2.1.2,xxhash32::test::can_be_used_in_a_hashmap_with_a_default_seed,full,success,0.10540479000000001,,,,
aarch64-unknown-linux-gnu,twox-hash,2.1.2,xxhash32::test::hash_of_multiple_bytes_matches_c_implementation,full,success,0.10568435866666669,,,,
aarch64-unknown-linux-gnu,twox-hash,2.1.2,xxhash32::test::hash_of_multiple_chunks_matches_c_implementation,full,success,0.11471250000000001,,,,
aarch64-unknown-linux-gnu,twox-hash,2.1.2,xxhash32::test::hash_of_nothing_matches_c_implementation,full,success,0.10541858666666666,,,,
aarch64-unknown-linux-gnu,twox-hash,2.1.2,xxhash32::test::hash_of_single_byte_matches_c_implementation,full,success,0.10431396666666669,,,,
aarch64-unknown-linux-gnu,twox-hash,2.1.2,xxhash32::test::hash_with_different_seed_and_multiple_chunks_matches_c_implementation,full,success,0.11375093800000001,,,,
aarch64-unknown-linux-gnu,twox-hash,2.1.2,xxhash32::test::hash_with_different_seed_matches_c_implementation,full,success,0.10562212833333334,,,,
aarch64-unknown-linux-gnu,twox-hash,2.1.2,xxhash32::test::ingesting_byte_by_byte_is_equivalent_to_large_chunks,full,success,0.12707188533333333,,,,
aarch64-unknown-linux-gnu,twox-hash,2.1.2,xxhash3::streaming::test::secret_buffer_allocate_default_is_valid,full,success,0.10464846566666668,,,,
aarch64-unknown-linux-gnu,twox-hash,2.1.2,xxhash3::streaming::test::secret_buffer_allocate_with_seed_is_valid,full,success,0.10632878166666666,,,,
aarch64-unknown-linux-gnu,twox-hash,2.1.2,xxhash3::streaming::test::secret_buffer_default_is_valid,full,success,0.10507682200000001,,,,
aarch64-unknown-linux-gnu,twox-hash,2.1.2,xxhash3::test::backported_as_chunks,full,success,0.10575709533333334,,,,
aarch64-unknown-linux-gnu,twox-hash,2.1.2,xxhash3::test::backported_as_rchunks,full,success,0.10569051066666668,,,,
aarch64-unknown-linux-gnu,twox-hash,2.1.2,xxhash3::test::default_secret_is_valid,full,success,0.10466467533333335,,,,
aarch64-unknown-linux-gnu,twox-hash,2.1.2,xxhash3_128::test::oneshot_129_to_240_bytes,full,success,0.22909063166666668,,,,
aarch64-unknown-linux-gnu,twox-hash,2.1.2,xxhash3_128::test::oneshot_17_to_128_bytes,full,success,0.16410039566666668,,,,
aarch64-unknown-linux-gnu,twox-hash,2.1.2,xxhash3_128::test::oneshot_1_to_3_bytes,full,success,0.10592137266666668,,,,
aarch64-unknown-linux-gnu,twox-hash,2.1.2,xxhash3_128::test::oneshot_241_plus_bytes,full,success,1.3449953983333334,,,,
aarch64-unknown-linux-gnu,twox-hash,2.1.2,xxhash3_128::test::oneshot_4_to_8_bytes,full,success,0.10751371333333336,,,,
aarch64-unknown-linux-gnu,twox-hash,2.1.2,xxhash3_128::test::oneshot_9_to_16_bytes,full,success,0.11228169166666667,,,,
aarch64-unknown-linux-gnu,twox-hash,2.1.2,xxhash3_128::test::oneshot_empty,full,success,0.105932498,,,,
aarch64-unknown-linux-gnu,twox-hash,2.1.2,xxhash3_128::test::streaming_129_to_240_bytes,full,success,6.977712461333333,,,,
aarch64-unknown-linux-gnu,twox-hash,2.1.2,xxhash3_128::test::streaming_17_to_128_bytes,full,success,1.40860154,,,,
aarch64-unknown-linux-gnu,twox-hash,2.1.2,xxhash3_128::test::streaming_1_to_3_bytes,full,success,0.10807367699999999,,,,
aarch64-unknown-linux-gnu,twox-hash,2.1.2,xxhash3_128::test::streaming_4_to_8_bytes,full,success,0.11955888033333334,,,,
aarch64-unknown-linux-gnu,twox-hash,2.1.2,xxhash3_128::test::streaming_9_to_16_bytes,full,success,0.158220287,,,,
aarch64-unknown-linux-gnu,twox-hash,2.1.2,xxhash3_128::test::streaming_empty,full,success,0.10549314533333333,,,,
aarch64-unknown-linux-gnu,twox-hash,2.1.2,xxhash3_64::test::oneshot_129_to_240_bytes,full,success,0.22134504400000002,,,,
aarch64-unknown-linux-gnu,twox-hash,2.1.2,xxhash3_64::test::oneshot_17_to_128_bytes,full,success,0.16177271833333337,,,,
aarch64-unknown-linux-gnu,twox-hash,2.1.2,xxhash3_64::test::oneshot_1_to_3_bytes,full,success,0.10616816266666666,,,,
aarch64-unknown-linux-gnu,twox-hash,2.1.2,xxhash3_64::test::oneshot_241_plus_bytes,full,success,1.3365934086666666,,,,
aarch64-unknown-linux-gnu,twox-hash,2.1.2,xxhash3_64::test::oneshot_4_to_8_bytes,full,success,0.10724134833333333,,,,
aarch64-unknown-linux-gnu,twox-hash,2.1.2,xxhash3_64::test::oneshot_9_to_16_bytes,full,success,0.11213159266666667,,,,
aarch64-unknown-linux-gnu,twox-hash,2.1.2,xxhash3_64::test::oneshot_empty,full,success,0.10577096633333334,,,,
aarch64-unknown-linux-gnu,twox-hash,2.1.2,xxhash3_64::test::oneshot_with_seed,full,success,0.25445177333333335,,,,
aarch64-unknown-linux-gnu,twox-hash,2.1.2,xxhash3_64::test::streaming_129_to_240_bytes,full,success,7.027843453,,,,
aarch64-unknown-linux-gnu,twox-hash,2.1.2,xxhash3_64::test::streaming_17_to_128_bytes,full,success,1.4076172710000001,,,,
aarch64-unknown-linux-gnu,twox-hash,2.1.2,xxhash3_64::test::streaming_1_to_3_bytes,full,success,0.10811380566666667,,,,
aarch64-unknown-linux-gnu,twox-hash,2.1.2,xxhash3_64::test::streaming_4_to_8_bytes,full,success,0.11982196366666668,,,,
aarch64-unknown-linux-gnu,twox-hash,2.1.2,xxhash3_64::test::streaming_9_to_16_bytes,full,success,0.15912737899999999,,,,
aarch64-unknown-linux-gnu,twox-hash,2.1.2,xxhash3_64::test::streaming_empty,full,success,0.10563188466666668,,,,
aarch64-unknown-linux-gnu,twox-hash,2.1.2,xxhash64::random_impl::test::can_be_used_in_a_hashmap_with_a_random_seed,full,success,0.10920060999999999,,,,
aarch64-unknown-linux-gnu,twox-hash,2.1.2,xxhash64::test::can_be_used_in_a_hashmap_with_a_default_seed,full,success,0.10536546233333333,,,,
aarch64-unknown-linux-gnu,twox-hash,2.1.2,xxhash64::test::hash_of_multiple_bytes_matches_c_implementation,full,success,0.106011751,,,,
aarch64-unknown-linux-gnu,twox-hash,2.1.2,xxhash64::test::hash_of_multiple_chunks_matches_c_implementation,full,success,0.11304816766666666,,,,
aarch64-unknown-linux-gnu,twox-hash,2.1.2,xxhash64::test::hash_of_nothing_matches_c_implementation,full,success,0.10491457100000001,,,,
aarch64-unknown-linux-gnu,twox-hash,2.1.2,xxhash64::test::hash_of_single_byte_matches_c_implementation,full,success,0.10453507033333335,,,,
aarch64-unknown-linux-gnu,twox-hash,2.1.2,xxhash64::test::hash_with_different_seed_and_multiple_chunks_matches_c_implementation,full,success,0.11389038766666666,,,,
aarch64-unknown-linux-gnu,twox-hash,2.1.2,xxhash64::test::hash_with_different_seed_matches_c_implementation,full,success,0.10531994466666666,,,,
aarch64-unknown-linux-gnu,twox-hash,2.1.2,xxhash64::test::ingesting_byte_by_byte_is_equivalent_to_large_chunks,full,success,0.12871428466666665,,,,
aarch64-unknown-linux-gnu,unicode-bidi,0.3.18,char_data::tests::test_ascii,full,success,0.107459491,,,,
aarch64-unknown-linux-gnu,unicode-bidi,0.3.18,char_data::tests::test_bmp,full,success,0.11082824233333333,,,,
aarch64-unknown-linux-gnu,unicode-bidi,0.3.18,char_data::tests::test_smp,full,success,0.10876524300000001,,,,
aarch64-unknown-linux-gnu,unicode-bidi,0.3.18,char_data::tests::test_unassigned_planes,full,success,0.10944071400000001,,,,
aarch64-unknown-linux-gnu,unicode-bidi,0.3.18,level::tests::test_has_rtl,full,success,0.10898417566666667,,,,
aarch64-unknown-linux-gnu,unicode-bidi,0.3.18,level::tests::test_into,full,success,0.10802614233333334,,,,
aarch64-unknown-linux-gnu,unicode-bidi,0.3.18,level::tests::test_is_ltr,full,success,0.10867543833333333,,,,
aarch64-unknown-linux-gnu,unicode-bidi,0.3.18,level::tests::test_is_rtl,full,success,0.10825961533333334,,,,
aarch64-unknown-linux-gnu,unicode-bidi,0.3.18,level::tests::test_lower,full,success,0.10841022100000001,,,,
aarch64-unknown-linux-gnu,unicode-bidi,0.3.18,level::tests::test_new,full,success,0.10786655533333334,,,,
aarch64-unknown-linux-gnu,unicode-bidi,0.3.18,level::tests::test_new_explicit,full,success,0.10939859666666668,,,,
aarch64-unknown-linux-gnu,unicode-bidi,0.3.18,level::tests::test_raise,full,success,0.10769135633333334,,,,
aarch64-unknown-linux-gnu,unicode-bidi,0.3.18,level::tests::test_raise_explicit,full,success,0.10843502266666667,,,,
aarch64-unknown-linux-gnu,unicode-bidi,0.3.18,level::tests::test_str_eq,full,success,0.11013255533333334,,,,
aarch64-unknown-linux-gnu,unicode-bidi,0.3.18,level::tests::test_string_eq,full,success,0.10891739133333334,,,,
aarch64-unknown-linux-gnu,unicode-bidi,0.3.18,level::tests::test_vec,full,success,0.10829425600000002,,,,
aarch64-unknown-linux-gnu,unicode-bidi,0.3.18,prepare::tests::test_isolating_run_sequences,full,success,0.13602205133333334,,,,
aarch64-unknown-linux-gnu,unicode-bidi,0.3.18,prepare::tests::test_isolating_run_sequences_sos_and_eos,full,success,0.12314474133333335,,,,
aarch64-unknown-linux-gnu,unicode-bidi,0.3.18,prepare::tests::test_level_runs,full,success,0.10968375233333334,,,,
aarch64-unknown-linux-gnu,unicode-bidi,0.3.18,prepare::tests::test_not_removed_by_x9,full,success,0.10788821066666666,,,,
aarch64-unknown-linux-gnu,unicode-bidi,0.3.18,prepare::tests::test_removed_by_x9,full,success,0.108372774,,,,
aarch64-unknown-linux-gnu,unicode-bidi,0.3.18,tests::test_bidi_info_has_rtl,full,success,0.28400710700000004,,,,
aarch64-unknown-linux-gnu,unicode-bidi,0.3.18,tests::test_direction,full,success,0.20603094500000005,,,,
aarch64-unknown-linux-gnu,unicode-bidi,0.3.18,tests::test_edge_cases_direction,full,success,0.12140696666666667,,,,
aarch64-unknown-linux-gnu,unicode-bidi,0.3.18,tests::test_get_base_direction,full,success,0.12875875566666664,,,,
aarch64-unknown-linux-gnu,unicode-bidi,0.3.18,tests::test_get_base_direction_full,full,success,0.13586121633333334,,,,
aarch64-unknown-linux-gnu,unicode-bidi,0.3.18,tests::test_initial_text_info,full,success,0.12824754900000002,,,,
aarch64-unknown-linux-gnu,unicode-bidi,0.3.18,tests::test_level_at,full,success,0.20365275733333335,,,,
aarch64-unknown-linux-gnu,unicode-bidi,0.3.18,tests::test_paragraph_bidi_info,full,success,0.18456770000000003,,,,
aarch64-unknown-linux-gnu,unicode-bidi,0.3.18,tests::test_paragraph_info_len,full,success,0.13694115666666667,,,,
aarch64-unknown-linux-gnu,unicode-bidi,0.3.18,tests::test_process_text,full,success,0.35112089166666666,,,,
aarch64-unknown-linux-gnu,unicode-bidi,0.3.18,tests::test_reorder_line,full,success,0.6419790606666668,,,,
aarch64-unknown-linux-gnu,unicode-bidi,0.3.18,tests::test_reordered_levels,full,success,0.23734772833333337,,,,
aarch64-unknown-linux-gnu,unicode-bidi,0.3.18,tests::test_reordered_levels_range,full,success,0.12188108233333335,,,,
aarch64-unknown-linux-gnu,unicode-bidi,0.3.18,tests::test_utf16_char_iter,full,success,0.10943554633333336,,,,
aarch64-unknown-linux-gnu,unicode-bidi,0.3.18,tests::test_utf16_text_source,full,success,0.10906426366666667,,,,
aarch64-unknown-linux-gnu,unicode-normalization,0.1.25,normalize::tests::test_hangul_composition,full,success,0.10335398933333334,,,,
aarch64-unknown-linux-gnu,unicode-normalization,0.1.25,quick_check::tests::test_stream_safe_nfc,full,success,0.10530301400000001,,,,
aarch64-unknown-linux-gnu,unicode-normalization,0.1.25,quick_check::tests::test_stream_safe_nfd,full,success,0.10627050133333334,,,,
aarch64-unknown-linux-gnu,unicode-normalization,0.1.25,stream_safe::tests::test_all_nonstarters,full,success,0.11025635466666668,,,,
aarch64-unknown-linux-gnu,unicode-normalization,0.1.25,stream_safe::tests::test_classify_nonstarters,full,success,47.991104081,,,,
aarch64-unknown-linux-gnu,unicode-normalization,0.1.25,stream_safe::tests::test_simple,full,success,0.12470292633333334,,,,
aarch64-unknown-linux-gnu,unicode-normalization,0.1.25,test::test_is_combining_mark_ascii,full,success,0.10565025700000001,,,,
aarch64-unknown-linux-gnu,unicode-normalization,0.1.25,test::test_is_combining_mark_misc,full,success,0.10414046566666668,,,,
aarch64-unknown-linux-gnu,unicode-normalization,0.1.25,test::test_nfc,full,success,0.13762781833333335,,,,
aarch64-unknown-linux-gnu,unicode-normalization,0.1.25,test::test_nfd,full,success,0.13870828833333335,,,,
aarch64-unknown-linux-gnu,unicode-normalization,0.1.25,test::test_nfkc,full,success,0.14184336333333336,,,,
aarch64-unknown-linux-gnu,unicode-normalization,0.1.25,test::test_nfkd,full,success,0.12401386133333335,,,,
aarch64-unknown-linux-gnu,unicode-normalization,0.1.25,test::test_normalize_char,full,success,0.10460007366666667,,,,
aarch64-unknown-linux-gnu,urlencoding,2.1.3,dec::dec_borrows,full,success,0.10584444500000001,,,,
aarch64-unknown-linux-gnu,urlencoding,2.1.3,tests::it_decodes_successfully,full,success,0.10577466633333334,,,,
aarch64-unknown-linux-gnu,urlencoding,2.1.3,tests::it_decodes_successfully_emoji,full,success,0.10715677733333334,,,,
aarch64-unknown-linux-gnu,urlencoding,2.1.3,tests::it_decodes_unsuccessfully_emoji,full,success,0.10527355900000002,,,,
aarch64-unknown-linux-gnu,urlencoding,2.1.3,tests::it_encodes_successfully,full,success,0.10633304766666668,,,,
aarch64-unknown-linux-gnu,urlencoding,2.1.3,tests::it_encodes_successfully_emoji,full,success,0.107119797,,,,
aarch64-unknown-linux-gnu,urlencoding,2.1.3,tests::lazy_writer,full,success,0.10686606333333333,,,,
aarch64-unknown-linux-gnu,urlencoding,2.1.3,tests::misc,full,success,0.11509752233333335,,,,
aarch64-unknown-linux-gnu,urlencoding,2.1.3,tests::whatwg_examples,full,success,0.10878857066666668,,,,
aarch64-unknown-linux-gnu,utf8_iter,1.0.4,report::tests::test_eq,full,success,0.10478176766666668,,,,
aarch64-unknown-linux-gnu,utf8_iter,1.0.4,report::tests::test_size,full,success,0.10517386966666668,,,,
aarch64-unknown-linux-gnu,uuid,1.23.2,fmt::tests::braced_ref_trailing,full,success,0.11104809633333335,,,,
aarch64-unknown-linux-gnu,uuid,1.23.2,fmt::tests::braced_to_inner,full,success,0.10613675266666667,,,,
aarch64-unknown-linux-gnu,uuid,1.23.2,fmt::tests::braced_too_small,full,success,0.11272439533333334,,,,
aarch64-unknown-linux-gnu,uuid,1.23.2,fmt::tests::braced_trailing,full,success,0.11104800866666668,,,,
aarch64-unknown-linux-gnu,uuid,1.23.2,fmt::tests::hyphenated_ref_trailing,full,success,0.11137932233333332,,,,
aarch64-unknown-linux-gnu,uuid,1.23.2,fmt::tests::hyphenated_to_inner,full,success,0.10684804900000001,,,,
aarch64-unknown-linux-gnu,uuid,1.23.2,fmt::tests::hyphenated_too_small,full,success,0.11163397433333333,,,,
aarch64-unknown-linux-gnu,uuid,1.23.2,fmt::tests::hyphenated_trailing,full,success,0.11114254033333336,,,,
aarch64-unknown-linux-gnu,uuid,1.23.2,fmt::tests::simple_ref_trailing,full,success,0.11210054033333335,,,,
aarch64-unknown-linux-gnu,uuid,1.23.2,fmt::tests::simple_to_inner,full,success,0.10523249933333334,,,,
aarch64-unknown-linux-gnu,uuid,1.23.2,fmt::tests::simple_too_small,full,success,0.11177726466666667,,,,
aarch64-unknown-linux-gnu,uuid,1.23.2,fmt::tests::simple_trailing,full,success,0.11190482333333333,,,,
aarch64-unknown-linux-gnu,uuid,1.23.2,fmt::tests::urn_ref_trailing,full,success,0.110049886,,,,
aarch64-unknown-linux-gnu,uuid,1.23.2,fmt::tests::urn_to_inner,full,success,0.10556310666666668,,,,
aarch64-unknown-linux-gnu,uuid,1.23.2,fmt::tests::urn_too_small,full,success,0.111654213,,,,
aarch64-unknown-linux-gnu,uuid,1.23.2,fmt::tests::urn_trailing,full,success,0.10991377533333335,,,,
aarch64-unknown-linux-gnu,uuid,1.23.2,non_nil::tests::test_non_nil,full,success,0.105449423,,,,
aarch64-unknown-linux-gnu,uuid,1.23.2,non_nil::tests::test_non_nil_formatting,full,success,0.10686881033333334,,,,
aarch64-unknown-linux-gnu,uuid,1.23.2,non_nil::tests::test_non_nil_ord,full,success,0.10647483333333334,,,,
aarch64-unknown-linux-gnu,uuid,1.23.2,non_nil::tests::test_non_nil_with_option_size,full,success,0.106180811,,,,
aarch64-unknown-linux-gnu,uuid,1.23.2,parser::tests::test_parse_invalid,full,success,0.13174164566666668,,,,
aarch64-unknown-linux-gnu,uuid,1.23.2,parser::tests::test_parse_valid,full,success,0.10660647200000001,,,,
aarch64-unknown-linux-gnu,uuid,1.23.2,parser::tests::test_roundtrip_braced,full,success,0.10941498466666667,,,,
aarch64-unknown-linux-gnu,uuid,1.23.2,parser::tests::test_roundtrip_default,full,success,0.11029751266666667,,,,
aarch64-unknown-linux-gnu,uuid,1.23.2,parser::tests::test_roundtrip_hyphenated,full,success,0.10968347233333335,,,,
aarch64-unknown-linux-gnu,uuid,1.23.2,parser::tests::test_roundtrip_parse_braced,full,success,0.10962126866666667,,,,
aarch64-unknown-linux-gnu,uuid,1.23.2,parser::tests::test_roundtrip_parse_urn,full,success,0.10938037333333334,,,,
aarch64-unknown-linux-gnu,uuid,1.23.2,parser::tests::test_roundtrip_simple,full,success,0.109921977,,,,
aarch64-unknown-linux-gnu,uuid,1.23.2,parser::tests::test_roundtrip_urn,full,success,0.1095651256666667,,,,
aarch64-unknown-linux-gnu,uuid,1.23.2,parser::tests::test_try_parse_ascii_non_utf8,full,success,0.10607443833333334,,,,
aarch64-unknown-linux-gnu,uuid,1.23.2,tests::test_as_bytes,full,success,0.107020723,,,,
aarch64-unknown-linux-gnu,uuid,1.23.2,tests::test_bytes_le_roundtrip,full,success,0.10603087466666668,,,,
aarch64-unknown-linux-gnu,uuid,1.23.2,tests::test_bytes_roundtrip,full,success,0.107054783,,,,
aarch64-unknown-linux-gnu,uuid,1.23.2,tests::test_compare,full,success,0.10662185533333335,,,,
aarch64-unknown-linux-gnu,uuid,1.23.2,tests::test_convert_vec,full,success,0.10902758966666669,,,,
aarch64-unknown-linux-gnu,uuid,1.23.2,tests::test_default,full,success,0.10651333433333333,,,,
aarch64-unknown-linux-gnu,uuid,1.23.2,tests::test_display,full,success,0.14548235033333334,,,,
aarch64-unknown-linux-gnu,uuid,1.23.2,tests::test_fields_le_are_actually_le,full,success,0.10735289866666668,,,,
aarch64-unknown-linux-gnu,uuid,1.23.2,tests::test_fields_le_roundtrip,full,success,0.10628451700000001,,,,
aarch64-unknown-linux-gnu,uuid,1.23.2,tests::test_fields_roundtrip,full,success,0.106085306,,,,
aarch64-unknown-linux-gnu,uuid,1.23.2,tests::test_from_bytes,full,success,0.10654297600000001,,,,
aarch64-unknown-linux-gnu,uuid,1.23.2,tests::test_from_fields,full,success,0.10626554333333334,,,,
aarch64-unknown-linux-gnu,uuid,1.23.2,tests::test_from_fields_le,full,success,0.106289325,,,,
aarch64-unknown-linux-gnu,uuid,1.23.2,tests::test_from_slice,full,success,0.106430225,,,,
aarch64-unknown-linux-gnu,uuid,1.23.2,tests::test_get_node_id_unsupported_version,full,success,0.10722286466666668,,,,
aarch64-unknown-linux-gnu,uuid,1.23.2,tests::test_get_timestamp_unsupported_version,full,success,0.10709782133333334,,,,
aarch64-unknown-linux-gnu,uuid,1.23.2,tests::test_get_variant,full,success,0.10711354966666668,,,,
aarch64-unknown-linux-gnu,uuid,1.23.2,tests::test_get_version,full,success,0.10654100700000001,,,,
aarch64-unknown-linux-gnu,uuid,1.23.2,tests::test_get_version_non_conforming,full,success,0.10642014733333334,,,,
aarch64-unknown-linux-gnu,uuid,1.23.2,tests::test_hyphenated_string,full,success,0.13777330899999998,,,,
aarch64-unknown-linux-gnu,uuid,1.23.2,tests::test_max,full,success,0.10620852233333333,,,,
aarch64-unknown-linux-gnu,uuid,1.23.2,tests::test_nil,full,success,0.10561038466666668,,,,
aarch64-unknown-linux-gnu,uuid,1.23.2,tests::test_predefined_namespaces,full,success,0.107356106,,,,
aarch64-unknown-linux-gnu,uuid,1.23.2,tests::test_to_simple_string,full,success,0.13172613666666666,,,,
aarch64-unknown-linux-gnu,uuid,1.23.2,tests::test_to_urn_string,full,success,0.14513375566666667,,,,
aarch64-unknown-linux-gnu,uuid,1.23.2,tests::test_u128_le_is_actually_le,full,success,0.10642086766666665,,,,
aarch64-unknown-linux-gnu,uuid,1.23.2,tests::test_u128_le_roundtrip,full,success,0.10623487800000002,,,,
aarch64-unknown-linux-gnu,uuid,1.23.2,tests::test_u128_roundtrip,full,success,0.10595494966666667,,,,
aarch64-unknown-linux-gnu,uuid,1.23.2,tests::test_u64_pair_roundtrip,full,success,0.10676783333333334,,,,
aarch64-unknown-linux-gnu,uuid,1.23.2,tests::test_upper_lower_hex,full,success,0.5733479419999999,,,,
aarch64-unknown-linux-gnu,which,8.0.2,helper::test::test_extension_in_extension_vector,full,success,0.10592593833333334,,,,
aarch64-unknown-linux-gnu,which,8.0.2,helper::test::test_extension_not_in_extension_vector,full,success,0.10525255333333335,,,,
aarch64-unknown-linux-gnu,which,8.0.2,helper::test::test_invalid_exts,full,success,0.10507317133333334,,,,
aarch64-unknown-linux-gnu,writeable,0.6.3,cmp::tests::test_mixed,full,success,0.24464150333333334,,,,
aarch64-unknown-linux-gnu,writeable,0.6.3,cmp::tests::test_write_char,full,success,0.2701671673333334,,,,
aarch64-unknown-linux-gnu,writeable,0.6.3,cmp::tests::test_write_str,full,success,0.121354923,,,,
aarch64-unknown-linux-gnu,writeable,0.6.3,impls::test_string_impls,full,success,0.121930146,,,,
aarch64-unknown-linux-gnu,writeable,0.6.3,impls::test_u128,full,success,1.2868898676666667,,,,
aarch64-unknown-linux-gnu,writeable,0.6.3,impls::test_u16,full,success,1.0718199553333332,,,,
aarch64-unknown-linux-gnu,writeable,0.6.3,impls::test_u32,full,success,1.4334864003333332,,,,
aarch64-unknown-linux-gnu,writeable,0.6.3,impls::test_u64,full,success,2.4991335656666664,,,,
aarch64-unknown-linux-gnu,writeable,0.6.3,impls::test_u8,full,success,0.9455794860000001,,,,
aarch64-unknown-linux-gnu,writeable,0.6.3,impls::test_usize,full,success,0.12938406466666666,,,,
aarch64-unknown-linux-gnu,writeable,0.6.3,ops::tests::test_add,full,success,0.11075052666666667,,,,
aarch64-unknown-linux-gnu,writeable,0.6.3,ops::tests::test_bitor,full,success,0.11000157866666667,,,,
aarch64-unknown-linux-gnu,writeable,0.6.3,ops::tests::test_mul,full,success,0.10867285466666667,,,,
aarch64-unknown-linux-gnu,writeable,0.6.3,ops::tests::test_sum,full,success,0.10927088966666666,,,,
aarch64-unknown-linux-gnu,writeable,0.6.3,try_writeable::test_result_try_writeable,full,success,0.112075357,,,,
aarch64-unknown-linux-gnu,yoke,0.8.2,cartable_ptr::tests::test_new_rc,full,success,0.10763151666666666,,,,
aarch64-unknown-linux-gnu,yoke,0.8.2,cartable_ptr::tests::test_new_sentinel,full,success,0.10772181233333335,,,,
aarch64-unknown-linux-gnu,yoke,0.8.2,cartable_ptr::tests::test_rc_clone,full,success,0.10922972933333334,,,,
aarch64-unknown-linux-gnu,yoke,0.8.2,cartable_ptr::tests::test_sizes,full,success,0.10632983233333333,,,,
aarch64-unknown-linux-gnu,yoke,0.8.2,yoke::test_clone,full,success,0.10874797466666668,,,,
aarch64-unknown-linux-gnu,yoke,0.8.2,yoke::test_debug,full,success,0.10928907933333333,,,,
aarch64-unknown-linux-gnu,yoke,0.8.2,yoke::test_display,full,success,0.10673317033333334,,,,
aarch64-unknown-linux-gnu,yoke,0.8.2,yoke::test_eq_trait,full,success,0.10803395933333333,,,,
aarch64-unknown-linux-gnu,yoke,0.8.2,yoke::test_partialeq,full,success,0.106202651,,,,
aarch64-unknown-linux-gnu,yoke,0.8.2,yoke::test_partialord_ord,full,success,0.10682603966666666,,,,
x86_64-unknown-linux-gnu,aho-corasick,1.1.4,nfa::contiguous::tests::swar,full,success,0.13123597166666667,,,,
x86_64-unknown-linux-gnu,aho-corasick,1.1.4,packed::pattern::tests::equals_different_lengths,full,success,0.13107233166666668,,,,
x86_64-unknown-linux-gnu,aho-corasick,1.1.4,packed::pattern::tests::equals_mismatch,full,success,0.13385699766666667,,,,
x86_64-unknown-linux-gnu,aho-corasick,1.1.4,packed::pattern::tests::equals_yes,full,success,0.13623492266666667,,,,
x86_64-unknown-linux-gnu,aho-corasick,1.1.4,packed::pattern::tests::prefix,full,success,0.13242511600000004,,,,
x86_64-unknown-linux-gnu,aho-corasick,1.1.4,packed::tests::search_default_leftmost_first,full,success,9.021540764666668,,,,
x86_64-unknown-linux-gnu,aho-corasick,1.1.4,packed::tests::search_default_leftmost_longest,full,success,9.135268752,,,,
x86_64-unknown-linux-gnu,aho-corasick,1.1.4,packed::tests::search_rabinkarp_leftmost_first,full,success,5.124845379,,,,
x86_64-unknown-linux-gnu,aho-corasick,1.1.4,packed::tests::search_rabinkarp_leftmost_longest,full,success,5.327828540666666,,,,
x86_64-unknown-linux-gnu,aho-corasick,1.1.4,packed::tests::search_teddy_avx2_leftmost_first,full,success,8.939202195,,,,
x86_64-unknown-linux-gnu,aho-corasick,1.1.4,packed::tests::search_teddy_avx2_leftmost_longest,full,success,9.242834697,,,,
x86_64-unknown-linux-gnu,aho-corasick,1.1.4,packed::tests::search_teddy_fat_leftmost_first,full,success,7.629686770666666,,,,
x86_64-unknown-linux-gnu,aho-corasick,1.1.4,packed::tests::search_teddy_fat_leftmost_longest,full,success,7.895042590333333,,,,
x86_64-unknown-linux-gnu,aho-corasick,1.1.4,packed::tests::search_teddy_leftmost_first,full,success,9.014054430333333,,,,
x86_64-unknown-linux-gnu,aho-corasick,1.1.4,packed::tests::search_teddy_leftmost_longest,full,success,9.058366939,,,,
x86_64-unknown-linux-gnu,aho-corasick,1.1.4,packed::tests::search_teddy_ssse3_leftmost_first,full,success,6.972730912,,,,
x86_64-unknown-linux-gnu,aho-corasick,1.1.4,packed::tests::search_teddy_ssse3_leftmost_longest,full,success,7.2011786246666665,,,,
x86_64-unknown-linux-gnu,aho-corasick,1.1.4,packed::tests::search_tests_have_unique_names,full,success,0.23995505466666667,,,,
x86_64-unknown-linux-gnu,aho-corasick,1.1.4,packed::vector::tests_x86_64_avx2::fat_vector_for_each_low_64bit_lane,full,success,0.14393994200000002,,,,
x86_64-unknown-linux-gnu,aho-corasick,1.1.4,packed::vector::tests_x86_64_avx2::fat_vector_half_shift_in_one_byte,full,success,0.13856040366666666,,,,
x86_64-unknown-linux-gnu,aho-corasick,1.1.4,packed::vector::tests_x86_64_avx2::fat_vector_half_shift_in_three_bytes,full,success,0.13721311300000003,,,,
x86_64-unknown-linux-gnu,aho-corasick,1.1.4,packed::vector::tests_x86_64_avx2::fat_vector_half_shift_in_two_bytes,full,success,0.13603566733333336,,,,
x86_64-unknown-linux-gnu,aho-corasick,1.1.4,packed::vector::tests_x86_64_avx2::fat_vector_interleave_high_8bit_lanes,full,success,0.1389263036666667,,,,
x86_64-unknown-linux-gnu,aho-corasick,1.1.4,packed::vector::tests_x86_64_avx2::fat_vector_interleave_low_8bit_lanes,full,success,0.130989575,,,,
x86_64-unknown-linux-gnu,aho-corasick,1.1.4,packed::vector::tests_x86_64_avx2::fat_vector_swap_halves,full,success,0.13128298733333335,,,,
x86_64-unknown-linux-gnu,aho-corasick,1.1.4,packed::vector::tests_x86_64_avx2::vector_and,full,success,0.1337667426666667,,,,
x86_64-unknown-linux-gnu,aho-corasick,1.1.4,packed::vector::tests_x86_64_avx2::vector_cmpeq,full,success,0.13876830366666668,,,,
x86_64-unknown-linux-gnu,aho-corasick,1.1.4,packed::vector::tests_x86_64_avx2::vector_for_each_64bit_lane,full,success,0.14134767933333334,,,,
x86_64-unknown-linux-gnu,aho-corasick,1.1.4,packed::vector::tests_x86_64_avx2::vector_is_zero,full,success,0.13470530333333333,,,,
x86_64-unknown-linux-gnu,aho-corasick,1.1.4,packed::vector::tests_x86_64_avx2::vector_or,full,success,0.13966081933333332,,,,
x86_64-unknown-linux-gnu,aho-corasick,1.1.4,packed::vector::tests_x86_64_avx2::vector_shift_8bit_lane_right,full,success,0.13368216066666666,,,,
x86_64-unknown-linux-gnu,aho-corasick,1.1.4,packed::vector::tests_x86_64_avx2::vector_shift_in_one_byte,full,success,0.13059141333333335,,,,
x86_64-unknown-linux-gnu,aho-corasick,1.1.4,packed::vector::tests_x86_64_avx2::vector_shift_in_three_bytes,full,success,0.13343015133333333,,,,
x86_64-unknown-linux-gnu,aho-corasick,1.1.4,packed::vector::tests_x86_64_avx2::vector_shift_in_two_bytes,full,success,0.13297688833333335,,,,
x86_64-unknown-linux-gnu,aho-corasick,1.1.4,packed::vector::tests_x86_64_avx2::vector_shuffle_bytes,full,success,0.13384330633333333,,,,
x86_64-unknown-linux-gnu,aho-corasick,1.1.4,packed::vector::tests_x86_64_avx2::vector_splat,full,success,0.13658910733333332,,,,
x86_64-unknown-linux-gnu,aho-corasick,1.1.4,packed::vector::tests_x86_64_ssse3::vector_and,full,success,0.1334327386666667,,,,
x86_64-unknown-linux-gnu,aho-corasick,1.1.4,packed::vector::tests_x86_64_ssse3::vector_cmpeq,full,success,0.13540218366666668,,,,
x86_64-unknown-linux-gnu,aho-corasick,1.1.4,packed::vector::tests_x86_64_ssse3::vector_for_each_64bit_lane,full,success,0.13063213166666668,,,,
x86_64-unknown-linux-gnu,aho-corasick,1.1.4,packed::vector::tests_x86_64_ssse3::vector_is_zero,full,success,0.13037581166666667,,,,
x86_64-unknown-linux-gnu,aho-corasick,1.1.4,packed::vector::tests_x86_64_ssse3::vector_or,full,success,0.135599933,,,,
x86_64-unknown-linux-gnu,aho-corasick,1.1.4,packed::vector::tests_x86_64_ssse3::vector_shift_8bit_lane_right,full,success,0.1366875763333333,,,,
x86_64-unknown-linux-gnu,aho-corasick,1.1.4,packed::vector::tests_x86_64_ssse3::vector_shift_in_one_byte,full,success,0.133702511,,,,
x86_64-unknown-linux-gnu,aho-corasick,1.1.4,packed::vector::tests_x86_64_ssse3::vector_shift_in_three_bytes,full,success,0.13242366933333333,,,,
x86_64-unknown-linux-gnu,aho-corasick,1.1.4,packed::vector::tests_x86_64_ssse3::vector_shift_in_two_bytes,full,success,0.13737275566666668,,,,
x86_64-unknown-linux-gnu,aho-corasick,1.1.4,packed::vector::tests_x86_64_ssse3::vector_shuffle_bytes,full,success,0.13509490999999998,,,,
x86_64-unknown-linux-gnu,aho-corasick,1.1.4,packed::vector::tests_x86_64_ssse3::vector_splat,full,success,0.13365085100000001,,,,
x86_64-unknown-linux-gnu,aho-corasick,1.1.4,testoibits::oibits_automaton,full,success,0.13410897966666668,,,,
x86_64-unknown-linux-gnu,aho-corasick,1.1.4,testoibits::oibits_main,full,success,0.136198118,,,,
x86_64-unknown-linux-gnu,aho-corasick,1.1.4,testoibits::oibits_packed,full,success,0.14252457133333332,,,,
x86_64-unknown-linux-gnu,aho-corasick,1.1.4,tests::acasei_leftmost_first_default,full,success,14.364029158666668,,,,
x86_64-unknown-linux-gnu,aho-corasick,1.1.4,tests::acasei_leftmost_first_dfa_default,full,success,14.419372894333334,,,,
x86_64-unknown-linux-gnu,aho-corasick,1.1.4,tests::acasei_leftmost_first_nfa_contig_default,full,success,14.405340603333334,,,,
x86_64-unknown-linux-gnu,aho-corasick,1.1.4,tests::acasei_leftmost_first_nfa_noncontig_default,full,success,12.861820425333335,,,,
x86_64-unknown-linux-gnu,aho-corasick,1.1.4,tests::acasei_leftmost_longest_default,full,success,14.374162381333335,,,,
x86_64-unknown-linux-gnu,aho-corasick,1.1.4,tests::acasei_leftmost_longest_dfa_default,full,success,14.292390783,,,,
x86_64-unknown-linux-gnu,aho-corasick,1.1.4,tests::acasei_leftmost_longest_nfa_contig_default,full,success,14.380598542333333,,,,
x86_64-unknown-linux-gnu,aho-corasick,1.1.4,tests::acasei_leftmost_longest_nfa_noncontig_default,full,success,12.939706200333333,,,,
x86_64-unknown-linux-gnu,aho-corasick,1.1.4,tests::acasei_standard_default,full,success,8.501435753,,,,
x86_64-unknown-linux-gnu,aho-corasick,1.1.4,tests::acasei_standard_dfa_default,full,success,14.212743761333334,,,,
x86_64-unknown-linux-gnu,aho-corasick,1.1.4,tests::acasei_standard_nfa_contig_default,full,success,8.436285882666667,,,,
x86_64-unknown-linux-gnu,aho-corasick,1.1.4,tests::acasei_standard_nfa_noncontig_default,full,success,7.555171759,,,,
x86_64-unknown-linux-gnu,aho-corasick,1.1.4,tests::acasei_standard_overlapping_default,full,success,14.423721945666665,,,,
x86_64-unknown-linux-gnu,aho-corasick,1.1.4,tests::acasei_standard_overlapping_dfa_default,full,success,14.529741534333334,,,,
x86_64-unknown-linux-gnu,aho-corasick,1.1.4,tests::acasei_standard_overlapping_nfa_contig_default,full,success,14.594414958000002,,,,
x86_64-unknown-linux-gnu,aho-corasick,1.1.4,tests::acasei_standard_overlapping_nfa_noncontig_default,full,success,13.124077895333334,,,,
x86_64-unknown-linux-gnu,aho-corasick,1.1.4,tests::anchored_not_allowed_even_if_technically_available,full,success,5.310602344,,,,
x86_64-unknown-linux-gnu,aho-corasick,1.1.4,tests::overlapping_not_allowed_leftmost_first,full,success,1.804199421,,,,
x86_64-unknown-linux-gnu,aho-corasick,1.1.4,tests::overlapping_not_allowed_leftmost_longest,full,success,1.8030125746666668,,,,
x86_64-unknown-linux-gnu,aho-corasick,1.1.4,tests::prefilter_stays_in_bounds,full,success,3.4885227093333335,,,,
x86_64-unknown-linux-gnu,aho-corasick,1.1.4,tests::regression_ascii_case_insensitive_no_exponential,full,success,5.011557971333333,,,,
x86_64-unknown-linux-gnu,aho-corasick,1.1.4,tests::regression_rare_byte_prefilter,full,success,2.2127218343333337,,,,
x86_64-unknown-linux-gnu,aho-corasick,1.1.4,tests::search_standard_anchored_default,full,success,57.72326064366666,,,,
x86_64-unknown-linux-gnu,aho-corasick,1.1.4,tests::search_standard_anchored_dfa_default,full,success,57.54615181633333,,,,
x86_64-unknown-linux-gnu,aho-corasick,1.1.4,tests::search_standard_anchored_dfa_start_both,full,success,57.67856721233334,,,,
x86_64-unknown-linux-gnu,aho-corasick,1.1.4,tests::search_standard_anchored_nfa_noncontig_default,full,success,54.048385135,,,,
x86_64-unknown-linux-gnu,aho-corasick,1.1.4,tests::search_tests_have_unique_names,full,success,0.28596475400000004,,,,
x86_64-unknown-linux-gnu,aho-corasick,1.1.4,tests::stream_not_allowed_leftmost_first,full,success,1.7999332540000001,,,,
x86_64-unknown-linux-gnu,aho-corasick,1.1.4,tests::stream_not_allowed_leftmost_longest,full,success,1.7903090076666668,,,,
x86_64-unknown-linux-gnu,aho-corasick,1.1.4,tests::unanchored_not_allowed_even_if_technically_available,full,success,5.294132609666667,,,,
x86_64-unknown-linux-gnu,aho-corasick,1.1.4,util::alphabet::tests::byte_classes,full,success,0.21668314266666666,,,,
x86_64-unknown-linux-gnu,aho-corasick,1.1.4,util::alphabet::tests::elements_empty,full,success,0.18215770666666667,,,,
x86_64-unknown-linux-gnu,aho-corasick,1.1.4,util::alphabet::tests::elements_singletons,full,success,0.18614383200000004,,,,
x86_64-unknown-linux-gnu,aho-corasick,1.1.4,util::alphabet::tests::elements_typical,full,success,0.270983649,,,,
x86_64-unknown-linux-gnu,aho-corasick,1.1.4,util::alphabet::tests::full_byte_classes,full,success,0.19582897133333335,,,,
x86_64-unknown-linux-gnu,ansi_term,0.12.1,ansi::test::black,full,success,0.12972857166666665,,,,
x86_64-unknown-linux-gnu,ansi_term,0.12.1,ansi::test::blink,full,success,0.13226625133333333,,,,
x86_64-unknown-linux-gnu,ansi_term,0.12.1,ansi::test::blue_on_rgb,full,success,0.13518194000000003,,,,
x86_64-unknown-linux-gnu,ansi_term,0.12.1,ansi::test::blue_underline,full,success,0.13288700466666667,,,,
x86_64-unknown-linux-gnu,ansi_term,0.12.1,ansi::test::bold,full,success,0.12799099700000002,,,,
x86_64-unknown-linux-gnu,ansi_term,0.12.1,ansi::test::bunderline,full,success,0.1327151196666667,,,,
x86_64-unknown-linux-gnu,ansi_term,0.12.1,ansi::test::cyan_bold_on_white,full,success,0.133744881,,,,
x86_64-unknown-linux-gnu,ansi_term,0.12.1,ansi::test::cyan_bold_ul_on_white,full,success,0.13484159466666668,,,,
x86_64-unknown-linux-gnu,ansi_term,0.12.1,ansi::test::cyan_ul_bold_on_white,full,success,0.13074822066666666,,,,
x86_64-unknown-linux-gnu,ansi_term,0.12.1,ansi::test::cyan_ul_on_white,full,success,0.13392469233333334,,,,
x86_64-unknown-linux-gnu,ansi_term,0.12.1,ansi::test::dimmed,full,success,0.13032569000000002,,,,
x86_64-unknown-linux-gnu,ansi_term,0.12.1,ansi::test::fixed,full,success,0.12889435466666668,,,,
x86_64-unknown-linux-gnu,ansi_term,0.12.1,ansi::test::fixed_on_fixed,full,success,0.1333433026666667,,,,
x86_64-unknown-linux-gnu,ansi_term,0.12.1,ansi::test::fixed_on_purple,full,success,0.1304729136666667,,,,
x86_64-unknown-linux-gnu,ansi_term,0.12.1,ansi::test::green_bold_ul,full,success,0.12903355333333336,,,,
x86_64-unknown-linux-gnu,ansi_term,0.12.1,ansi::test::green_bold_ul_2,full,success,0.13308855533333333,,,,
x86_64-unknown-linux-gnu,ansi_term,0.12.1,ansi::test::hidden,full,success,0.131408761,,,,
x86_64-unknown-linux-gnu,ansi_term,0.12.1,ansi::test::italic,full,success,0.131830975,,,,
x86_64-unknown-linux-gnu,ansi_term,0.12.1,ansi::test::plain,full,success,0.12764727633333336,,,,
x86_64-unknown-linux-gnu,ansi_term,0.12.1,ansi::test::purple_on_white,full,success,0.13080526433333337,,,,
x86_64-unknown-linux-gnu,ansi_term,0.12.1,ansi::test::purple_on_white_2,full,success,0.13085203033333334,,,,
x86_64-unknown-linux-gnu,ansi_term,0.12.1,ansi::test::red,full,success,0.13121960500000002,,,,
x86_64-unknown-linux-gnu,ansi_term,0.12.1,ansi::test::reverse,full,success,0.13601497366666668,,,,
x86_64-unknown-linux-gnu,ansi_term,0.12.1,ansi::test::rgb,full,success,0.13127982366666668,,,,
x86_64-unknown-linux-gnu,ansi_term,0.12.1,ansi::test::rgb_on_blue,full,success,0.13049409533333334,,,,
x86_64-unknown-linux-gnu,ansi_term,0.12.1,ansi::test::rgb_on_rgb,full,success,0.13242682666666666,,,,
x86_64-unknown-linux-gnu,ansi_term,0.12.1,ansi::test::stricken,full,success,0.1336679206666667,,,,
x86_64-unknown-linux-gnu,ansi_term,0.12.1,ansi::test::test_infix,full,success,0.13641040100000001,,,,
x86_64-unknown-linux-gnu,ansi_term,0.12.1,ansi::test::underline,full,success,0.13235484833333333,,,,
x86_64-unknown-linux-gnu,ansi_term,0.12.1,ansi::test::yellow_bold,full,success,0.12953979466666668,,,,
x86_64-unknown-linux-gnu,ansi_term,0.12.1,ansi::test::yellow_bold_2,full,success,0.12914661866666666,,,,
x86_64-unknown-linux-gnu,ansi_term,0.12.1,ansi::test::yellow_on_blue,full,success,0.133143708,,,,
x86_64-unknown-linux-gnu,ansi_term,0.12.1,ansi::test::yellow_on_blue_2,full,success,0.12978948733333331,,,,
x86_64-unknown-linux-gnu,ansi_term,0.12.1,debug::test::bold,full,success,0.128967512,,,,
x86_64-unknown-linux-gnu,ansi_term,0.12.1,debug::test::both,full,success,0.12896555833333334,,,,
x86_64-unknown-linux-gnu,ansi_term,0.12.1,debug::test::empty,full,success,0.12756933666666667,,,,
x86_64-unknown-linux-gnu,ansi_term,0.12.1,debug::test::everything,full,success,0.130923747,,,,
x86_64-unknown-linux-gnu,ansi_term,0.12.1,debug::test::italic,full,success,0.127422644,,,,
x86_64-unknown-linux-gnu,ansi_term,0.12.1,debug::test::long_and_detailed,full,success,17.455579343666667,,,,
x86_64-unknown-linux-gnu,ansi_term,0.12.1,debug::test::red,full,success,0.1356036446666667,,,,
x86_64-unknown-linux-gnu,ansi_term,0.12.1,debug::test::redblue,full,success,0.13158233666666666,,,,
x86_64-unknown-linux-gnu,ansi_term,0.12.1,difference::test::addition_of_blink,full,success,0.13105494400000003,,,,
x86_64-unknown-linux-gnu,ansi_term,0.12.1,difference::test::addition_of_dimmed,full,success,0.130704532,,,,
x86_64-unknown-linux-gnu,ansi_term,0.12.1,difference::test::addition_of_hidden,full,success,0.12991254100000002,,,,
x86_64-unknown-linux-gnu,ansi_term,0.12.1,difference::test::addition_of_reverse,full,success,0.12882791466666665,,,,
x86_64-unknown-linux-gnu,ansi_term,0.12.1,difference::test::addition_of_strikethrough,full,success,0.12703585166666667,,,,
x86_64-unknown-linux-gnu,ansi_term,0.12.1,difference::test::colour_change,full,success,0.12732786433333335,,,,
x86_64-unknown-linux-gnu,ansi_term,0.12.1,difference::test::lowercase,full,success,0.1276364846666667,,,,
x86_64-unknown-linux-gnu,ansi_term,0.12.1,difference::test::nothing,full,success,0.13490724566666668,,,,
x86_64-unknown-linux-gnu,ansi_term,0.12.1,difference::test::nothing2,full,success,0.13699304633333334,,,,
x86_64-unknown-linux-gnu,ansi_term,0.12.1,difference::test::removal_of_blink,full,success,0.12723174366666667,,,,
x86_64-unknown-linux-gnu,ansi_term,0.12.1,difference::test::removal_of_dimmed,full,success,0.13386542166666668,,,,
x86_64-unknown-linux-gnu,ansi_term,0.12.1,difference::test::removal_of_hidden,full,success,0.12787912433333334,,,,
x86_64-unknown-linux-gnu,ansi_term,0.12.1,difference::test::removal_of_reverse,full,success,0.12888614133333334,,,,
x86_64-unknown-linux-gnu,ansi_term,0.12.1,difference::test::removal_of_strikethrough,full,success,0.12861849933333333,,,,
x86_64-unknown-linux-gnu,ansi_term,0.12.1,difference::test::uppercase,full,success,0.13074752666666667,,,,
x86_64-unknown-linux-gnu,ansi_term,0.12.1,display::tests::no_control_codes_for_plain,full,success,0.13033004266666667,,,,
x86_64-unknown-linux-gnu,ansi_term,0.12.1,util::test::test,full,success,0.14131578866666666,,,,
x86_64-unknown-linux-gnu,anstream,1.0.0,adapter::strip::test::test_strip_byte_del,full,success,0.1292409906666667,,,,
x86_64-unknown-linux-gnu,anstream,1.0.0,adapter::strip::test::test_strip_byte_multibyte,full,success,0.134454828,,,,
x86_64-unknown-linux-gnu,anstream,1.0.0,adapter::strip::test::test_strip_bytes_multibyte,full,success,0.13768607733333335,,,,
x86_64-unknown-linux-gnu,anstream,1.0.0,adapter::strip::test::test_strip_str_del,full,success,0.13229553133333335,,,,
x86_64-unknown-linux-gnu,anstream,1.0.0,adapter::strip::test::test_strip_str_handles_broken_sequence,full,success,0.129595796,,,,
x86_64-unknown-linux-gnu,anstream,1.0.0,adapter::wincon::test::ansi256_colors,full,success,0.14310047766666667,,,,
x86_64-unknown-linux-gnu,anstream,1.0.0,adapter::wincon::test::end,full,success,0.14108528566666667,,,,
x86_64-unknown-linux-gnu,anstream,1.0.0,adapter::wincon::test::middle,full,success,0.140814132,,,,
x86_64-unknown-linux-gnu,anstream,1.0.0,adapter::wincon::test::start,full,success,0.14056439266666668,,,,
x86_64-unknown-linux-gnu,anstream,1.0.0,stream::tests::test,full,success,0.130216013,,,,
x86_64-unknown-linux-gnu,anstyle-query,1.1.5,test::non_empty_empty,full,success,0.10797734633333333,,,,
x86_64-unknown-linux-gnu,anstyle-query,1.1.5,test::non_empty_not_present,full,success,0.10782369866666668,,,,
x86_64-unknown-linux-gnu,anstyle-query,1.1.5,test::non_empty_texty,full,success,0.10339956833333334,,,,
x86_64-unknown-linux-gnu,anstyle,1.0.14,color::test::max_display_buffer,full,success,0.08915375833333333,,,,
x86_64-unknown-linux-gnu,anstyle,1.0.14,color::test::no_align,full,success,0.096041837,,,,
x86_64-unknown-linux-gnu,anstyle,1.0.14,color::test::print_size_of,full,success,0.09421403700000001,,,,
x86_64-unknown-linux-gnu,anstyle,1.0.14,effect::test::no_align,full,success,0.09260583633333334,,,,
x86_64-unknown-linux-gnu,anstyle,1.0.14,effect::test::print_size_of,full,success,0.09314663766666668,,,,
x86_64-unknown-linux-gnu,anstyle,1.0.14,reset::test::no_align,full,success,0.09008740033333335,,,,
x86_64-unknown-linux-gnu,anstyle,1.0.14,reset::test::print_size_of,full,success,0.08933122333333332,,,,
x86_64-unknown-linux-gnu,anstyle,1.0.14,style::print_size_of,full,success,0.09308787466666668,,,,
x86_64-unknown-linux-gnu,anyhow,1.0.102,fmt::tests::no_digits,full,success,0.13320772066666667,,,,
x86_64-unknown-linux-gnu,anyhow,1.0.102,fmt::tests::one_digit,full,success,0.13313969333333334,,,,
x86_64-unknown-linux-gnu,anyhow,1.0.102,fmt::tests::two_digits,full,success,0.12854602866666667,,,,
x86_64-unknown-linux-gnu,arc-swap,1.9.1,access::tests::constant,full,success,0.13764837233333335,,,,
x86_64-unknown-linux-gnu,arc-swap,1.9.1,access::tests::double_dyn_access_complex,full,success,0.13403509333333333,,,,
x86_64-unknown-linux-gnu,arc-swap,1.9.1,access::tests::dyn_dispatch,full,success,0.13366757533333334,,,,
x86_64-unknown-linux-gnu,arc-swap,1.9.1,access::tests::indirect,full,success,0.13547841033333333,,,,
x86_64-unknown-linux-gnu,arc-swap,1.9.1,access::tests::map,full,success,0.13692071366666667,,,,
x86_64-unknown-linux-gnu,arc-swap,1.9.1,access::tests::map_option_none,full,success,0.133132582,,,,
x86_64-unknown-linux-gnu,arc-swap,1.9.1,access::tests::map_option_some,full,success,0.13466060466666666,,,,
x86_64-unknown-linux-gnu,arc-swap,1.9.1,access::tests::map_reload,full,success,0.13948078533333333,,,,
x86_64-unknown-linux-gnu,arc-swap,1.9.1,access::tests::static_dispatch,full,success,0.13792500766666668,,,,
x86_64-unknown-linux-gnu,arc-swap,1.9.1,access::tests::transition,full,success,0.13695296199999998,,,,
x86_64-unknown-linux-gnu,arc-swap,1.9.1,cache::tests::cache_option,full,success,0.13551821333333333,,,,
x86_64-unknown-linux-gnu,arc-swap,1.9.1,cache::tests::cached_through_arc,full,success,0.13677738066666667,,,,
x86_64-unknown-linux-gnu,arc-swap,1.9.1,cache::tests::cached_value,full,success,0.14054877533333335,,,,
x86_64-unknown-linux-gnu,arc-swap,1.9.1,cache::tests::map_cache,full,success,0.13657914466666668,,,,
x86_64-unknown-linux-gnu,arc-swap,1.9.1,debt::list::tests::new_empty,full,success,0.137191233,,,,
x86_64-unknown-linux-gnu,arc-swap,1.9.1,debt::tests::arc_zst,full,success,0.13078874100000001,,,,
x86_64-unknown-linux-gnu,arc-swap,1.9.1,ref_cnt::tests::pin::ref_cnt_pin_arc,full,success,0.134186984,,,,
x86_64-unknown-linux-gnu,arc-swap,1.9.1,ref_cnt::tests::pin::ref_cnt_pin_rc,full,success,0.141501095,,,,
x86_64-unknown-linux-gnu,arc-swap,1.9.1,ref_cnt::tests::ref_cnt_arc,full,success,0.13437573300000002,,,,
x86_64-unknown-linux-gnu,arc-swap,1.9.1,tests::lease_overflow,full,success,0.2001948636666667,,,,
x86_64-unknown-linux-gnu,arc-swap,1.9.1,tests::load_cnt,full,success,0.143730939,,,,
x86_64-unknown-linux-gnu,arc-swap,1.9.1,tests_default::cas_ref_cnt,full,success,0.21768347566666668,,,,
x86_64-unknown-linux-gnu,arc-swap,1.9.1,tests_default::debug_impl,full,success,0.1385442246666667,,,,
x86_64-unknown-linux-gnu,arc-swap,1.9.1,tests_default::display_impl,full,success,0.14339513366666667,,,,
x86_64-unknown-linux-gnu,arc-swap,1.9.1,tests_default::from_into,full,success,0.13307141133333333,,,,
x86_64-unknown-linux-gnu,arc-swap,1.9.1,tests_default::guard_drop_in_another_thread,full,success,0.18977606800000002,,,,
x86_64-unknown-linux-gnu,arc-swap,1.9.1,tests_default::guard_drop_in_thread,full,success,0.27736064033333335,,,,
x86_64-unknown-linux-gnu,arc-swap,1.9.1,tests_default::load_null,full,success,0.13915062166666667,,,,
x86_64-unknown-linux-gnu,arc-swap,1.9.1,tests_default::load_option,full,success,0.13613723200000002,,,,
x86_64-unknown-linux-gnu,arc-swap,1.9.1,tests_default::multi_writers,full,success,2.9948554653333335,,,,
x86_64-unknown-linux-gnu,arc-swap,1.9.1,tests_default::nulls,full,success,0.13504829266666665,,,,
x86_64-unknown-linux-gnu,arc-swap,1.9.1,tests_default::rcu,full,success,2.917127461333333,,,,
x86_64-unknown-linux-gnu,arc-swap,1.9.1,tests_default::rcu_panic,full,success,0.139368985,,,,
x86_64-unknown-linux-gnu,arc-swap,1.9.1,tests_default::recursive,full,success,0.159209658,,,,
x86_64-unknown-linux-gnu,arc-swap,1.9.1,tests_default::swap_load,full,success,0.4714145473333334,,,,
x86_64-unknown-linux-gnu,arrayvec,0.7.6,char::test_encode_utf8_oob,full,success,0.11911581933333333,,,,
x86_64-unknown-linux-gnu,base64ct,1.8.3,decoder::tests::decode_multiline_padded,full,success,40.928132137666665,,,,
x86_64-unknown-linux-gnu,base64ct,1.8.3,decoder::tests::decode_padded,full,success,5.984068835333335,,,,
x86_64-unknown-linux-gnu,base64ct,1.8.3,decoder::tests::decode_unpadded,full,success,1.3065380856666666,,,,
x86_64-unknown-linux-gnu,base64ct,1.8.3,encoder::tests::encode_padded,full,success,10.233534987666667,,,,
x86_64-unknown-linux-gnu,base64ct,1.8.3,encoder::tests::encode_unpadded,full,success,1.5108338466666666,,,,
x86_64-unknown-linux-gnu,base64ct,1.8.3,encoder::tests::no_trailing_newline_when_aligned,full,success,0.154389969,,,,
x86_64-unknown-linux-gnu,bincode,2.0.1,features::impl_alloc::test_cow_round_trip,full,success,0.13755841066666666,,,,
x86_64-unknown-linux-gnu,bincode,2.0.1,varint::decode_unsigned::test_decode_u128,full,success,0.2955554266666667,,,,
x86_64-unknown-linux-gnu,bincode,2.0.1,varint::decode_unsigned::test_decode_u16,full,success,0.14643714966666668,,,,
x86_64-unknown-linux-gnu,bincode,2.0.1,varint::decode_unsigned::test_decode_u32,full,success,0.14661098800000003,,,,
x86_64-unknown-linux-gnu,bincode,2.0.1,varint::decode_unsigned::test_decode_u64,full,success,0.15941732766666666,,,,
x86_64-unknown-linux-gnu,bincode,2.0.1,varint::encode_signed::test_encode_i128,full,success,0.13994608533333333,,,,
x86_64-unknown-linux-gnu,bincode,2.0.1,varint::encode_signed::test_encode_i16,full,success,0.144316957,,,,
x86_64-unknown-linux-gnu,bincode,2.0.1,varint::encode_signed::test_encode_i32,full,success,0.139466053,,,,
x86_64-unknown-linux-gnu,bincode,2.0.1,varint::encode_signed::test_encode_i64,full,success,0.14074802,,,,
x86_64-unknown-linux-gnu,bincode,2.0.1,varint::encode_unsigned::test_encode_u128,full,success,0.207574416,,,,
x86_64-unknown-linux-gnu,bincode,2.0.1,varint::encode_unsigned::test_encode_u16,full,success,0.19137627266666668,,,,
x86_64-unknown-linux-gnu,bincode,2.0.1,varint::encode_unsigned::test_encode_u32,full,success,0.19530709033333335,,,,
x86_64-unknown-linux-gnu,bincode,2.0.1,varint::encode_unsigned::test_encode_u64,full,success,0.20700844766666668,,,,
x86_64-unknown-linux-gnu,bindgen,0.72.1,codegen::bitfield_unit_tests::bitfield_unit_get,full,success,0.5722369156666667,,,,
x86_64-unknown-linux-gnu,bindgen,0.72.1,codegen::bitfield_unit_tests::bitfield_unit_get_bit,full,success,0.09649614700000002,,,,
x86_64-unknown-linux-gnu,bindgen,0.72.1,codegen::bitfield_unit_tests::bitfield_unit_set,full,success,0.7619310746666668,,,,
x86_64-unknown-linux-gnu,bindgen,0.72.1,codegen::bitfield_unit_tests::bitfield_unit_set_bit,full,success,0.10398565566666668,,,,
x86_64-unknown-linux-gnu,bindgen,0.72.1,codegen::struct_layout::test_align_to,full,success,0.10247075300000001,,,,
x86_64-unknown-linux-gnu,bindgen,0.72.1,codegen::struct_layout::test_bytes_from_bits_pow2,full,success,0.103358438,,,,
x86_64-unknown-linux-gnu,bindgen,0.72.1,commandline_flag_unit_test_function,full,success,0.1920693906666667,,,,
x86_64-unknown-linux-gnu,bindgen,0.72.1,deps::tests::escaping_depfile,full,success,0.11768244700000001,,,,
x86_64-unknown-linux-gnu,bindgen,0.72.1,features::test::invalid_targets,full,success,0.098959212,,,,
x86_64-unknown-linux-gnu,bindgen,0.72.1,features::test::release_versions_for_editions,full,success,0.08880879200000001,,,,
x86_64-unknown-linux-gnu,bindgen,0.72.1,features::test::target_features,full,success,0.094530992,,,,
x86_64-unknown-linux-gnu,bindgen,0.72.1,features::test::valid_targets,full,success,0.100571747,,,,
x86_64-unknown-linux-gnu,bindgen,0.72.1,ir::analysis::tests::monotone,full,success,0.5080055736666668,,,,
x86_64-unknown-linux-gnu,bindgen,0.72.1,ir::comment::test::picks_up_single_and_multi_line_doc_comments,full,success,0.09036351433333334,,,,
x86_64-unknown-linux-gnu,bindgen,0.72.1,ir::comment::test::processes_multi_lines_correctly,full,success,0.10099441500000002,,,,
x86_64-unknown-linux-gnu,bindgen,0.72.1,ir::comment::test::processes_single_lines_correctly,full,success,0.09548465033333335,,,,
x86_64-unknown-linux-gnu,bindgen,0.72.1,ir::layout::test_layout_for_size,full,success,0.09483144,,,,
x86_64-unknown-linux-gnu,bindgen,0.72.1,ir::ty::is_invalid_type_param_empty_name,full,success,0.08882657966666667,,,,
x86_64-unknown-linux-gnu,bindgen,0.72.1,ir::ty::is_invalid_type_param_invalid_remaining,full,success,0.101426609,,,,
x86_64-unknown-linux-gnu,bindgen,0.72.1,ir::ty::is_invalid_type_param_invalid_start,full,success,0.09107146566666667,,,,
x86_64-unknown-linux-gnu,bindgen,0.72.1,ir::ty::is_invalid_type_param_unnamed,full,success,0.09519644366666667,,,,
x86_64-unknown-linux-gnu,bindgen,0.72.1,ir::ty::is_invalid_type_param_valid,full,success,0.09464339100000001,,,,
x86_64-unknown-linux-gnu,bindgen,0.72.1,ir::ty::is_invalid_type_param_valid_underscore_and_numbers,full,success,0.09231420466666666,,,,
x86_64-unknown-linux-gnu,bindgen,0.72.1,ir::ty::is_invalid_type_param_valid_unnamed_kind,full,success,0.090988213,,,,
x86_64-unknown-linux-gnu,bindgen,0.72.1,test_rust_to_clang_target,full,success,0.09196096233333334,,,,
x86_64-unknown-linux-gnu,bindgen,0.72.1,test_rust_to_clang_target_espidf,full,success,0.09543326133333334,,,,
x86_64-unknown-linux-gnu,bindgen,0.72.1,test_rust_to_clang_target_riscv,full,success,0.09819749833333336,,,,
x86_64-unknown-linux-gnu,bindgen,0.72.1,test_rust_to_clang_target_simulator,full,success,0.09263113533333334,,,,
x86_64-unknown-linux-gnu,bit-set,0.10.0,tests::test_bit_set_basic,full,success,0.131505119,,,,
x86_64-unknown-linux-gnu,bit-set,0.10.0,tests::test_bit_set_cmp,full,success,0.13921035133333334,,,,
x86_64-unknown-linux-gnu,bit-set,0.10.0,tests::test_bit_set_debug,full,success,0.143304008,,,,
x86_64-unknown-linux-gnu,bit-set,0.10.0,tests::test_bit_set_difference,full,success,0.13798222733333335,,,,
x86_64-unknown-linux-gnu,bit-set,0.10.0,tests::test_bit_set_difference_with,full,success,0.13777494533333334,,,,
x86_64-unknown-linux-gnu,bit-set,0.10.0,tests::test_bit_set_display,full,success,0.13580252366666667,,,,
x86_64-unknown-linux-gnu,bit-set,0.10.0,tests::test_bit_set_eq,full,success,0.13498834333333334,,,,
x86_64-unknown-linux-gnu,bit-set,0.10.0,tests::test_bit_set_from_usizes,full,success,0.13716873966666668,,,,
x86_64-unknown-linux-gnu,bit-set,0.10.0,tests::test_bit_set_frombit_vec_init,full,success,0.13569764366666667,,,,
x86_64-unknown-linux-gnu,bit-set,0.10.0,tests::test_bit_set_intersect_with,full,success,0.14460954666666667,,,,
x86_64-unknown-linux-gnu,bit-set,0.10.0,tests::test_bit_set_intersection,full,success,0.13486241933333334,,,,
x86_64-unknown-linux-gnu,bit-set,0.10.0,tests::test_bit_set_is_disjoint,full,success,0.13397209133333335,,,,
x86_64-unknown-linux-gnu,bit-set,0.10.0,tests::test_bit_set_iterator,full,success,4.588810147,,,,
x86_64-unknown-linux-gnu,bit-set,0.10.0,tests::test_bit_set_shrink_to_fit,full,success,0.14138619500000002,,,,
x86_64-unknown-linux-gnu,bit-set,0.10.0,tests::test_bit_set_shrink_to_fit_new,full,success,0.133745429,,,,
x86_64-unknown-linux-gnu,bit-set,0.10.0,tests::test_bit_set_subset,full,success,0.15067713866666668,,,,
x86_64-unknown-linux-gnu,bit-set,0.10.0,tests::test_bit_set_symmetric_difference,full,success,0.13417947866666666,,,,
x86_64-unknown-linux-gnu,bit-set,0.10.0,tests::test_bit_set_symmetric_difference_with,full,success,0.14009802166666668,,,,
x86_64-unknown-linux-gnu,bit-set,0.10.0,tests::test_bit_set_union,full,success,0.138681606,,,,
x86_64-unknown-linux-gnu,bit-set,0.10.0,tests::test_bit_set_union_with,full,success,0.1443632996666667,,,,
x86_64-unknown-linux-gnu,bit-set,0.10.0,tests::test_bit_vec_clone,full,success,0.14362704766666667,,,,
x86_64-unknown-linux-gnu,bit-set,0.10.0,tests::test_bit_vec_masking,full,success,0.13544146633333332,,,,
x86_64-unknown-linux-gnu,bit-set,0.10.0,tests::test_bit_vec_remove,full,success,0.13572527333333337,,,,
x86_64-unknown-linux-gnu,bit-set,0.10.0,tests::test_truncate,full,success,0.14095919600000004,,,,
x86_64-unknown-linux-gnu,bit-vec,0.9.1,tests::iter,full,success,0.128540167,,,,
x86_64-unknown-linux-gnu,bit-vec,0.9.1,tests::test_0_elements,full,success,0.13383069333333333,,,,
x86_64-unknown-linux-gnu,bit-vec,0.9.1,tests::test_10_elements,full,success,0.14332213900000002,,,,
x86_64-unknown-linux-gnu,bit-vec,0.9.1,tests::test_1_element,full,success,0.12934236166666668,,,,
x86_64-unknown-linux-gnu,bit-vec,0.9.1,tests::test_2_elements,full,success,0.13225364533333334,,,,
x86_64-unknown-linux-gnu,bit-vec,0.9.1,tests::test_31_elements,full,success,0.180614233,,,,
x86_64-unknown-linux-gnu,bit-vec,0.9.1,tests::test_32_elements,full,success,0.17537613566666668,,,,
x86_64-unknown-linux-gnu,bit-vec,0.9.1,tests::test_33_elements,full,success,0.18516940933333334,,,,
x86_64-unknown-linux-gnu,bit-vec,0.9.1,tests::test_big_bit_vec_tests,full,success,0.13331395266666668,,,,
x86_64-unknown-linux-gnu,bit-vec,0.9.1,tests::test_big_difference,full,success,0.13988261733333332,,,,
x86_64-unknown-linux-gnu,bit-vec,0.9.1,tests::test_big_fill,full,success,0.13574400866666667,,,,
x86_64-unknown-linux-gnu,bit-vec,0.9.1,tests::test_big_xnor,full,success,0.13503255300000003,,,,
x86_64-unknown-linux-gnu,bit-vec,0.9.1,tests::test_big_xor,full,success,0.13324364366666666,,,,
x86_64-unknown-linux-gnu,bit-vec,0.9.1,tests::test_bit_vec_append,full,success,0.16763432833333336,,,,
x86_64-unknown-linux-gnu,bit-vec,0.9.1,tests::test_bit_vec_append_aligned_to_unaligned,full,success,0.138825678,,,,
x86_64-unknown-linux-gnu,bit-vec,0.9.1,tests::test_bit_vec_extend,full,success,0.13906237033333332,,,,
x86_64-unknown-linux-gnu,bit-vec,0.9.1,tests::test_bit_vec_grow,full,success,0.13929112066666666,,,,
x86_64-unknown-linux-gnu,bit-vec,0.9.1,tests::test_bit_vec_lt,full,success,0.14372578233333333,,,,
x86_64-unknown-linux-gnu,bit-vec,0.9.1,tests::test_bit_vec_push_pop,full,success,0.13103197966666666,,,,
x86_64-unknown-linux-gnu,bit-vec,0.9.1,tests::test_bit_vec_reserve,full,success,0.13518072766666667,,,,
x86_64-unknown-linux-gnu,bit-vec,0.9.1,tests::test_bit_vec_split_off,full,success,0.14949655900000003,,,,
x86_64-unknown-linux-gnu,bit-vec,0.9.1,tests::test_bit_vec_truncate,full,success,0.142688521,,,,
x86_64-unknown-linux-gnu,bit-vec,0.9.1,tests::test_bit_vec_unaligned_large_append,full,success,0.155599312,,,,
x86_64-unknown-linux-gnu,bit-vec,0.9.1,tests::test_bit_vec_unaligned_small_append,full,success,0.14393604266666668,,,,
x86_64-unknown-linux-gnu,bit-vec,0.9.1,tests::test_count_ones,full,success,5.166753649666666,,,,
x86_64-unknown-linux-gnu,bit-vec,0.9.1,tests::test_count_zeros,full,success,5.208760415333334,,,,
x86_64-unknown-linux-gnu,bit-vec,0.9.1,tests::test_debug_output,full,success,0.16544367233333335,,,,
x86_64-unknown-linux-gnu,bit-vec,0.9.1,tests::test_display_output,full,success,0.130358679,,,,
x86_64-unknown-linux-gnu,bit-vec,0.9.1,tests::test_equal_differing_sizes,full,success,0.132955869,,,,
x86_64-unknown-linux-gnu,bit-vec,0.9.1,tests::test_equal_greatly_differing_sizes,full,success,0.1297775436666667,,,,
x86_64-unknown-linux-gnu,bit-vec,0.9.1,tests::test_equal_sneaky_big,full,success,0.170892328,,,,
x86_64-unknown-linux-gnu,bit-vec,0.9.1,tests::test_equal_sneaky_small,full,success,0.13237933233333335,,,,
x86_64-unknown-linux-gnu,bit-vec,0.9.1,tests::test_from_bools,full,success,0.135167889,,,,
x86_64-unknown-linux-gnu,bit-vec,0.9.1,tests::test_from_bytes,full,success,0.13395657133333336,,,,
x86_64-unknown-linux-gnu,bit-vec,0.9.1,tests::test_get_mut,full,success,0.131452595,,,,
x86_64-unknown-linux-gnu,bit-vec,0.9.1,tests::test_insert_at_block_boundaries,full,success,0.13726774233333336,,,,
x86_64-unknown-linux-gnu,bit-vec,0.9.1,tests::test_insert_at_block_boundaries_1,full,success,0.14321962600000002,,,,
x86_64-unknown-linux-gnu,bit-vec,0.9.1,tests::test_insert_at_end,full,success,0.13200973866666668,,,,
x86_64-unknown-linux-gnu,bit-vec,0.9.1,tests::test_insert_at_zero,full,success,0.1332262306666667,,,,
x86_64-unknown-linux-gnu,bit-vec,0.9.1,tests::test_insert_remove,full,success,28.378970245666665,,,,
x86_64-unknown-linux-gnu,bit-vec,0.9.1,tests::test_into_iter,full,success,0.13520980833333332,,,,
x86_64-unknown-linux-gnu,bit-vec,0.9.1,tests::test_iter_mut,full,success,0.13940764633333333,,,,
x86_64-unknown-linux-gnu,bit-vec,0.9.1,tests::test_ord,full,success,0.143583795,,,,
x86_64-unknown-linux-gnu,bit-vec,0.9.1,tests::test_push_within_capacity_at_brink,full,success,0.13297442666666667,,,,
x86_64-unknown-linux-gnu,bit-vec,0.9.1,tests::test_push_within_capacity_at_brink_with_mul_blocks,full,success,0.14365168166666667,,,,
x86_64-unknown-linux-gnu,bit-vec,0.9.1,tests::test_push_within_capacity_storage_push,full,success,0.1431359166666667,,,,
x86_64-unknown-linux-gnu,bit-vec,0.9.1,tests::test_push_within_capacity_with_suffice_cap,full,success,0.14045210266666666,,,,
x86_64-unknown-linux-gnu,bit-vec,0.9.1,tests::test_remove_all,full,success,0.43635091000000004,,,,
x86_64-unknown-linux-gnu,bit-vec,0.9.1,tests::test_remove_last,full,success,0.33017624233333337,,,,
x86_64-unknown-linux-gnu,bit-vec,0.9.1,tests::test_small_bit_vec_tests,full,success,0.13451528133333335,,,,
x86_64-unknown-linux-gnu,bit-vec,0.9.1,tests::test_small_difference,full,success,0.13281291966666667,,,,
x86_64-unknown-linux-gnu,bit-vec,0.9.1,tests::test_small_fill,full,success,0.13408465500000002,,,,
x86_64-unknown-linux-gnu,bit-vec,0.9.1,tests::test_small_nand,full,success,0.13217454433333334,,,,
x86_64-unknown-linux-gnu,bit-vec,0.9.1,tests::test_small_nor,full,success,0.131390143,,,,
x86_64-unknown-linux-gnu,bit-vec,0.9.1,tests::test_small_xnor,full,success,0.130284068,,,,
x86_64-unknown-linux-gnu,bit-vec,0.9.1,tests::test_small_xor,full,success,0.130253101,,,,
x86_64-unknown-linux-gnu,bit-vec,0.9.1,tests::test_to_bools,full,success,0.136783768,,,,
x86_64-unknown-linux-gnu,bit-vec,0.9.1,tests::test_to_bytes,full,success,0.13217267800000002,,,,
x86_64-unknown-linux-gnu,bumpalo,3.20.3,tests::allocated_bytes,full,success,0.128632442,,,,
x86_64-unknown-linux-gnu,bumpalo,3.20.3,tests::chunk_footer_is_five_words,full,success,0.14086397000000003,,,,
x86_64-unknown-linux-gnu,bumpalo,3.20.3,tests::invalid_read,full,success,0.1294845126666667,,,,
x86_64-unknown-linux-gnu,bumpalo,3.20.3,tests::realloc_old_size_zero,full,success,0.14530717266666668,,,,
x86_64-unknown-linux-gnu,bumpalo,3.20.3,tests::test_realloc,full,success,0.13290353766666668,,,,
x86_64-unknown-linux-gnu,byteorder,1.5.0,test::regression173_array_impl,full,success,0.08360114433333332,,,,
x86_64-unknown-linux-gnu,byteorder,1.5.0,test::slice_len_too_big_i128::read_big_endian,full,success,0.08497364366666667,,,,
x86_64-unknown-linux-gnu,byteorder,1.5.0,test::slice_len_too_big_i128::read_little_endian,full,success,0.08460393233333334,,,,
x86_64-unknown-linux-gnu,byteorder,1.5.0,test::slice_len_too_big_i128::read_native_endian,full,success,0.08608238133333335,,,,
x86_64-unknown-linux-gnu,byteorder,1.5.0,test::slice_len_too_big_i128::write_big_endian,full,success,0.08766704233333333,,,,
x86_64-unknown-linux-gnu,byteorder,1.5.0,test::slice_len_too_big_i128::write_little_endian,full,success,0.08501171133333334,,,,
x86_64-unknown-linux-gnu,byteorder,1.5.0,test::slice_len_too_big_i128::write_native_endian,full,success,0.08583631533333334,,,,
x86_64-unknown-linux-gnu,byteorder,1.5.0,test::slice_len_too_big_i16::read_big_endian,full,success,0.08569710200000001,,,,
x86_64-unknown-linux-gnu,byteorder,1.5.0,test::slice_len_too_big_i16::read_little_endian,full,success,0.08477302733333335,,,,
x86_64-unknown-linux-gnu,byteorder,1.5.0,test::slice_len_too_big_i16::read_native_endian,full,success,0.08887533366666667,,,,
x86_64-unknown-linux-gnu,byteorder,1.5.0,test::slice_len_too_big_i16::write_big_endian,full,success,0.08677185333333333,,,,
x86_64-unknown-linux-gnu,byteorder,1.5.0,test::slice_len_too_big_i16::write_little_endian,full,success,0.08665296733333334,,,,
x86_64-unknown-linux-gnu,byteorder,1.5.0,test::slice_len_too_big_i16::write_native_endian,full,success,0.08960794233333334,,,,
x86_64-unknown-linux-gnu,byteorder,1.5.0,test::slice_len_too_big_i32::read_big_endian,full,success,0.08676248266666668,,,,
x86_64-unknown-linux-gnu,byteorder,1.5.0,test::slice_len_too_big_i32::read_little_endian,full,success,0.089489547,,,,
x86_64-unknown-linux-gnu,byteorder,1.5.0,test::slice_len_too_big_i32::read_native_endian,full,success,0.08744519466666667,,,,
x86_64-unknown-linux-gnu,byteorder,1.5.0,test::slice_len_too_big_i32::write_big_endian,full,success,0.089115732,,,,
x86_64-unknown-linux-gnu,byteorder,1.5.0,test::slice_len_too_big_i32::write_little_endian,full,success,0.08900486166666667,,,,
x86_64-unknown-linux-gnu,byteorder,1.5.0,test::slice_len_too_big_i32::write_native_endian,full,success,0.08486238566666666,,,,
x86_64-unknown-linux-gnu,byteorder,1.5.0,test::slice_len_too_big_i64::read_big_endian,full,success,0.091741762,,,,
x86_64-unknown-linux-gnu,byteorder,1.5.0,test::slice_len_too_big_i64::read_little_endian,full,success,0.09334080600000001,,,,
x86_64-unknown-linux-gnu,byteorder,1.5.0,test::slice_len_too_big_i64::read_native_endian,full,success,0.08805800733333334,,,,
x86_64-unknown-linux-gnu,byteorder,1.5.0,test::slice_len_too_big_i64::write_big_endian,full,success,0.08910026433333333,,,,
x86_64-unknown-linux-gnu,byteorder,1.5.0,test::slice_len_too_big_i64::write_little_endian,full,success,0.08490704266666667,,,,
x86_64-unknown-linux-gnu,byteorder,1.5.0,test::slice_len_too_big_i64::write_native_endian,full,success,0.08521098766666667,,,,
x86_64-unknown-linux-gnu,byteorder,1.5.0,test::slice_len_too_big_u128::read_big_endian,full,success,0.08764733133333334,,,,
x86_64-unknown-linux-gnu,byteorder,1.5.0,test::slice_len_too_big_u128::read_little_endian,full,success,0.09742854833333332,,,,
x86_64-unknown-linux-gnu,byteorder,1.5.0,test::slice_len_too_big_u128::read_native_endian,full,success,0.08679965033333335,,,,
x86_64-unknown-linux-gnu,byteorder,1.5.0,test::slice_len_too_big_u128::write_big_endian,full,success,0.08546435133333334,,,,
x86_64-unknown-linux-gnu,byteorder,1.5.0,test::slice_len_too_big_u128::write_little_endian,full,success,0.08525934733333333,,,,
x86_64-unknown-linux-gnu,byteorder,1.5.0,test::slice_len_too_big_u128::write_native_endian,full,success,0.08484044566666667,,,,
x86_64-unknown-linux-gnu,byteorder,1.5.0,test::slice_len_too_big_u16::read_big_endian,full,success,0.08651376233333334,,,,
x86_64-unknown-linux-gnu,byteorder,1.5.0,test::slice_len_too_big_u16::read_little_endian,full,success,0.08471431233333333,,,,
x86_64-unknown-linux-gnu,byteorder,1.5.0,test::slice_len_too_big_u16::read_native_endian,full,success,0.08515826833333333,,,,
x86_64-unknown-linux-gnu,byteorder,1.5.0,test::slice_len_too_big_u16::write_big_endian,full,success,0.085188522,,,,
x86_64-unknown-linux-gnu,byteorder,1.5.0,test::slice_len_too_big_u16::write_little_endian,full,success,0.08767308866666668,,,,
x86_64-unknown-linux-gnu,byteorder,1.5.0,test::slice_len_too_big_u16::write_native_endian,full,success,0.08635452833333335,,,,
x86_64-unknown-linux-gnu,byteorder,1.5.0,test::slice_len_too_big_u32::read_big_endian,full,success,0.09169967833333333,,,,
x86_64-unknown-linux-gnu,byteorder,1.5.0,test::slice_len_too_big_u32::read_little_endian,full,success,0.08972385633333334,,,,
x86_64-unknown-linux-gnu,byteorder,1.5.0,test::slice_len_too_big_u32::read_native_endian,full,success,0.08965266100000001,,,,
x86_64-unknown-linux-gnu,byteorder,1.5.0,test::slice_len_too_big_u32::write_big_endian,full,success,0.087208837,,,,
x86_64-unknown-linux-gnu,byteorder,1.5.0,test::slice_len_too_big_u32::write_little_endian,full,success,0.08831254633333334,,,,
x86_64-unknown-linux-gnu,byteorder,1.5.0,test::slice_len_too_big_u32::write_native_endian,full,success,0.086196035,,,,
x86_64-unknown-linux-gnu,byteorder,1.5.0,test::slice_len_too_big_u64::read_big_endian,full,success,0.08491992500000001,,,,
x86_64-unknown-linux-gnu,byteorder,1.5.0,test::slice_len_too_big_u64::read_little_endian,full,success,0.09273245233333334,,,,
x86_64-unknown-linux-gnu,byteorder,1.5.0,test::slice_len_too_big_u64::read_native_endian,full,success,0.08525667966666667,,,,
x86_64-unknown-linux-gnu,byteorder,1.5.0,test::slice_len_too_big_u64::write_big_endian,full,success,0.08710127966666666,,,,
x86_64-unknown-linux-gnu,byteorder,1.5.0,test::slice_len_too_big_u64::write_little_endian,full,success,0.08661206666666667,,,,
x86_64-unknown-linux-gnu,byteorder,1.5.0,test::slice_len_too_big_u64::write_native_endian,full,success,0.10082856733333334,,,,
x86_64-unknown-linux-gnu,byteorder,1.5.0,test::slice_len_too_small_i128::read_big_endian,full,success,0.08651601900000001,,,,
x86_64-unknown-linux-gnu,byteorder,1.5.0,test::slice_len_too_small_i128::read_little_endian,full,success,0.08571987800000001,,,,
x86_64-unknown-linux-gnu,byteorder,1.5.0,test::slice_len_too_small_i128::read_native_endian,full,success,0.09007254233333334,,,,
x86_64-unknown-linux-gnu,byteorder,1.5.0,test::slice_len_too_small_i128::write_big_endian,full,success,0.08549537766666666,,,,
x86_64-unknown-linux-gnu,byteorder,1.5.0,test::slice_len_too_small_i128::write_little_endian,full,success,0.08630245000000002,,,,
x86_64-unknown-linux-gnu,byteorder,1.5.0,test::slice_len_too_small_i128::write_native_endian,full,success,0.09579464900000001,,,,
x86_64-unknown-linux-gnu,byteorder,1.5.0,test::slice_len_too_small_i16::read_big_endian,full,success,0.08500947966666668,,,,
x86_64-unknown-linux-gnu,byteorder,1.5.0,test::slice_len_too_small_i16::read_little_endian,full,success,0.086322061,,,,
x86_64-unknown-linux-gnu,byteorder,1.5.0,test::slice_len_too_small_i16::read_native_endian,full,success,0.08781422666666668,,,,
x86_64-unknown-linux-gnu,byteorder,1.5.0,test::slice_len_too_small_i16::write_big_endian,full,success,0.085889289,,,,
x86_64-unknown-linux-gnu,byteorder,1.5.0,test::slice_len_too_small_i16::write_little_endian,full,success,0.09134729933333334,,,,
x86_64-unknown-linux-gnu,byteorder,1.5.0,test::slice_len_too_small_i16::write_native_endian,full,success,0.08843672866666667,,,,
x86_64-unknown-linux-gnu,byteorder,1.5.0,test::slice_len_too_small_i32::read_big_endian,full,success,0.08928485166666668,,,,
x86_64-unknown-linux-gnu,byteorder,1.5.0,test::slice_len_too_small_i32::read_little_endian,full,success,0.08936289900000001,,,,
x86_64-unknown-linux-gnu,byteorder,1.5.0,test::slice_len_too_small_i32::read_native_endian,full,success,0.08930592166666666,,,,
x86_64-unknown-linux-gnu,byteorder,1.5.0,test::slice_len_too_small_i32::write_big_endian,full,success,0.08838340133333333,,,,
x86_64-unknown-linux-gnu,byteorder,1.5.0,test::slice_len_too_small_i32::write_little_endian,full,success,0.09896338233333335,,,,
x86_64-unknown-linux-gnu,byteorder,1.5.0,test::slice_len_too_small_i32::write_native_endian,full,success,0.09106701,,,,
x86_64-unknown-linux-gnu,byteorder,1.5.0,test::slice_len_too_small_i64::read_big_endian,full,success,0.08861725233333334,,,,
x86_64-unknown-linux-gnu,byteorder,1.5.0,test::slice_len_too_small_i64::read_little_endian,full,success,0.08698161166666668,,,,
x86_64-unknown-linux-gnu,byteorder,1.5.0,test::slice_len_too_small_i64::read_native_endian,full,success,0.08718372133333334,,,,
x86_64-unknown-linux-gnu,byteorder,1.5.0,test::slice_len_too_small_i64::write_big_endian,full,success,0.08943342366666666,,,,
x86_64-unknown-linux-gnu,byteorder,1.5.0,test::slice_len_too_small_i64::write_little_endian,full,success,0.09499468133333333,,,,
x86_64-unknown-linux-gnu,byteorder,1.5.0,test::slice_len_too_small_i64::write_native_endian,full,success,0.09385371733333335,,,,
x86_64-unknown-linux-gnu,byteorder,1.5.0,test::slice_len_too_small_u128::read_big_endian,full,success,0.088246347,,,,
x86_64-unknown-linux-gnu,byteorder,1.5.0,test::slice_len_too_small_u128::read_little_endian,full,success,0.09041408833333335,,,,
x86_64-unknown-linux-gnu,byteorder,1.5.0,test::slice_len_too_small_u128::read_native_endian,full,success,0.08684068766666668,,,,
x86_64-unknown-linux-gnu,byteorder,1.5.0,test::slice_len_too_small_u128::write_big_endian,full,success,0.085730366,,,,
x86_64-unknown-linux-gnu,byteorder,1.5.0,test::slice_len_too_small_u128::write_little_endian,full,success,0.087219392,,,,
x86_64-unknown-linux-gnu,byteorder,1.5.0,test::slice_len_too_small_u128::write_native_endian,full,success,0.086825895,,,,
x86_64-unknown-linux-gnu,byteorder,1.5.0,test::slice_len_too_small_u16::read_big_endian,full,success,0.088446497,,,,
x86_64-unknown-linux-gnu,byteorder,1.5.0,test::slice_len_too_small_u16::read_little_endian,full,success,0.09150453233333333,,,,
x86_64-unknown-linux-gnu,byteorder,1.5.0,test::slice_len_too_small_u16::read_native_endian,full,success,0.08583473700000001,,,,
x86_64-unknown-linux-gnu,byteorder,1.5.0,test::slice_len_too_small_u16::write_big_endian,full,success,0.09215742633333335,,,,
x86_64-unknown-linux-gnu,byteorder,1.5.0,test::slice_len_too_small_u16::write_little_endian,full,success,0.08986701966666667,,,,
x86_64-unknown-linux-gnu,byteorder,1.5.0,test::slice_len_too_small_u16::write_native_endian,full,success,0.08787941,,,,
x86_64-unknown-linux-gnu,byteorder,1.5.0,test::slice_len_too_small_u32::read_big_endian,full,success,0.085528302,,,,
x86_64-unknown-linux-gnu,byteorder,1.5.0,test::slice_len_too_small_u32::read_little_endian,full,success,0.08619406966666666,,,,
x86_64-unknown-linux-gnu,byteorder,1.5.0,test::slice_len_too_small_u32::read_native_endian,full,success,0.09253311133333335,,,,
x86_64-unknown-linux-gnu,byteorder,1.5.0,test::slice_len_too_small_u32::write_big_endian,full,success,0.08779856133333334,,,,
x86_64-unknown-linux-gnu,byteorder,1.5.0,test::slice_len_too_small_u32::write_little_endian,full,success,0.11434460766666667,,,,
x86_64-unknown-linux-gnu,byteorder,1.5.0,test::slice_len_too_small_u32::write_native_endian,full,success,0.09274362366666666,,,,
x86_64-unknown-linux-gnu,byteorder,1.5.0,test::slice_len_too_small_u64::read_big_endian,full,success,0.08633908766666669,,,,
x86_64-unknown-linux-gnu,byteorder,1.5.0,test::slice_len_too_small_u64::read_little_endian,full,success,0.08997765333333334,,,,
x86_64-unknown-linux-gnu,byteorder,1.5.0,test::slice_len_too_small_u64::read_native_endian,full,success,0.08435276300000001,,,,
x86_64-unknown-linux-gnu,byteorder,1.5.0,test::slice_len_too_small_u64::write_big_endian,full,success,0.09034246000000001,,,,
x86_64-unknown-linux-gnu,byteorder,1.5.0,test::slice_len_too_small_u64::write_little_endian,full,success,0.08568467099999999,,,,
x86_64-unknown-linux-gnu,byteorder,1.5.0,test::slice_len_too_small_u64::write_native_endian,full,success,0.08851750766666666,,,,
x86_64-unknown-linux-gnu,byteorder,1.5.0,test::small_f32::read_big_endian,full,success,0.09505692166666668,,,,
x86_64-unknown-linux-gnu,byteorder,1.5.0,test::small_f32::read_little_endian,full,success,0.08672741233333332,,,,
x86_64-unknown-linux-gnu,byteorder,1.5.0,test::small_f32::read_native_endian,full,success,0.08790150266666667,,,,
x86_64-unknown-linux-gnu,byteorder,1.5.0,test::small_f32::write_big_endian,full,success,0.09223065500000001,,,,
x86_64-unknown-linux-gnu,byteorder,1.5.0,test::small_f32::write_little_endian,full,success,0.087260606,,,,
x86_64-unknown-linux-gnu,byteorder,1.5.0,test::small_f32::write_native_endian,full,success,0.096110105,,,,
x86_64-unknown-linux-gnu,byteorder,1.5.0,test::small_f64::read_big_endian,full,success,0.08520472000000001,,,,
x86_64-unknown-linux-gnu,byteorder,1.5.0,test::small_f64::read_little_endian,full,success,0.08516026433333335,,,,
x86_64-unknown-linux-gnu,byteorder,1.5.0,test::small_f64::read_native_endian,full,success,0.08704131066666666,,,,
x86_64-unknown-linux-gnu,byteorder,1.5.0,test::small_f64::write_big_endian,full,success,0.08472386933333335,,,,
x86_64-unknown-linux-gnu,byteorder,1.5.0,test::small_f64::write_little_endian,full,success,0.08416733366666668,,,,
x86_64-unknown-linux-gnu,byteorder,1.5.0,test::small_f64::write_native_endian,full,success,0.084515839,,,,
x86_64-unknown-linux-gnu,byteorder,1.5.0,test::small_i128::read_big_endian,full,success,0.08199058033333334,,,,
x86_64-unknown-linux-gnu,byteorder,1.5.0,test::small_i128::read_little_endian,full,success,0.08496791799999999,,,,
x86_64-unknown-linux-gnu,byteorder,1.5.0,test::small_i128::read_native_endian,full,success,0.08643281399999998,,,,
x86_64-unknown-linux-gnu,byteorder,1.5.0,test::small_i128::write_big_endian,full,success,0.08258933333333333,,,,
x86_64-unknown-linux-gnu,byteorder,1.5.0,test::small_i128::write_little_endian,full,success,0.08407381600000001,,,,
x86_64-unknown-linux-gnu,byteorder,1.5.0,test::small_i128::write_native_endian,full,success,0.08452002200000001,,,,
x86_64-unknown-linux-gnu,byteorder,1.5.0,test::small_i16::read_big_endian,full,success,0.08466045766666667,,,,
x86_64-unknown-linux-gnu,byteorder,1.5.0,test::small_i16::read_little_endian,full,success,0.08551322700000001,,,,
x86_64-unknown-linux-gnu,byteorder,1.5.0,test::small_i16::read_native_endian,full,success,0.08517753733333334,,,,
x86_64-unknown-linux-gnu,byteorder,1.5.0,test::small_i16::write_big_endian,full,success,0.08561998433333333,,,,
x86_64-unknown-linux-gnu,byteorder,1.5.0,test::small_i16::write_little_endian,full,success,0.08583062600000002,,,,
x86_64-unknown-linux-gnu,byteorder,1.5.0,test::small_i16::write_native_endian,full,success,0.089134112,,,,
x86_64-unknown-linux-gnu,byteorder,1.5.0,test::small_i32::read_big_endian,full,success,0.08511546033333335,,,,
x86_64-unknown-linux-gnu,byteorder,1.5.0,test::small_i32::read_little_endian,full,success,0.08778885266666668,,,,
x86_64-unknown-linux-gnu,byteorder,1.5.0,test::small_i32::read_native_endian,full,success,0.087704411,,,,
x86_64-unknown-linux-gnu,byteorder,1.5.0,test::small_i32::write_big_endian,full,success,0.08484516933333335,,,,
x86_64-unknown-linux-gnu,byteorder,1.5.0,test::small_i32::write_little_endian,full,success,0.09004655300000002,,,,
x86_64-unknown-linux-gnu,byteorder,1.5.0,test::small_i32::write_native_endian,full,success,0.08997647566666667,,,,
x86_64-unknown-linux-gnu,byteorder,1.5.0,test::small_i64::read_big_endian,full,success,0.090525534,,,,
x86_64-unknown-linux-gnu,byteorder,1.5.0,test::small_i64::read_little_endian,full,success,0.08554207333333334,,,,
x86_64-unknown-linux-gnu,byteorder,1.5.0,test::small_i64::read_native_endian,full,success,0.09273510666666668,,,,
x86_64-unknown-linux-gnu,byteorder,1.5.0,test::small_i64::write_big_endian,full,success,0.092229632,,,,
x86_64-unknown-linux-gnu,byteorder,1.5.0,test::small_i64::write_little_endian,full,success,0.08823774966666666,,,,
x86_64-unknown-linux-gnu,byteorder,1.5.0,test::small_i64::write_native_endian,full,success,0.08946155900000001,,,,
x86_64-unknown-linux-gnu,byteorder,1.5.0,test::small_int128_10::read_big_endian,full,success,0.085310064,,,,
x86_64-unknown-linux-gnu,byteorder,1.5.0,test::small_int128_10::read_little_endian,full,success,0.086722377,,,,
x86_64-unknown-linux-gnu,byteorder,1.5.0,test::small_int128_10::read_native_endian,full,success,0.08379008766666667,,,,
x86_64-unknown-linux-gnu,byteorder,1.5.0,test::small_int128_11::read_big_endian,full,success,0.08438452433333334,,,,
x86_64-unknown-linux-gnu,byteorder,1.5.0,test::small_int128_11::read_little_endian,full,success,0.09080643433333334,,,,
x86_64-unknown-linux-gnu,byteorder,1.5.0,test::small_int128_11::read_native_endian,full,success,0.08382168200000001,,,,
x86_64-unknown-linux-gnu,byteorder,1.5.0,test::small_int128_12::read_big_endian,full,success,0.08583980066666667,,,,
x86_64-unknown-linux-gnu,byteorder,1.5.0,test::small_int128_12::read_little_endian,full,success,0.08423935533333334,,,,
x86_64-unknown-linux-gnu,byteorder,1.5.0,test::small_int128_12::read_native_endian,full,success,0.08498289733333335,,,,
x86_64-unknown-linux-gnu,byteorder,1.5.0,test::small_int128_13::read_big_endian,full,success,0.093953784,,,,
x86_64-unknown-linux-gnu,byteorder,1.5.0,test::small_int128_13::read_little_endian,full,success,0.09017783400000001,,,,
x86_64-unknown-linux-gnu,byteorder,1.5.0,test::small_int128_13::read_native_endian,full,success,0.08871734533333335,,,,
x86_64-unknown-linux-gnu,byteorder,1.5.0,test::small_int128_14::read_big_endian,full,success,0.08826091000000001,,,,
x86_64-unknown-linux-gnu,byteorder,1.5.0,test::small_int128_14::read_little_endian,full,success,0.084582182,,,,
x86_64-unknown-linux-gnu,byteorder,1.5.0,test::small_int128_14::read_native_endian,full,success,0.08658181266666669,,,,
x86_64-unknown-linux-gnu,byteorder,1.5.0,test::small_int128_15::read_big_endian,full,success,0.08423922833333335,,,,
x86_64-unknown-linux-gnu,byteorder,1.5.0,test::small_int128_15::read_little_endian,full,success,0.089689603,,,,
x86_64-unknown-linux-gnu,byteorder,1.5.0,test::small_int128_15::read_native_endian,full,success,0.084215095,,,,
x86_64-unknown-linux-gnu,byteorder,1.5.0,test::small_int128_1::read_big_endian,full,success,0.08639807033333334,,,,
x86_64-unknown-linux-gnu,byteorder,1.5.0,test::small_int128_1::read_little_endian,full,success,0.09120108766666667,,,,
x86_64-unknown-linux-gnu,byteorder,1.5.0,test::small_int128_1::read_native_endian,full,success,0.08572152366666667,,,,
x86_64-unknown-linux-gnu,byteorder,1.5.0,test::small_int128_2::read_big_endian,full,success,0.08389708466666668,,,,
x86_64-unknown-linux-gnu,byteorder,1.5.0,test::small_int128_2::read_little_endian,full,success,0.08662633800000001,,,,
x86_64-unknown-linux-gnu,byteorder,1.5.0,test::small_int128_2::read_native_endian,full,success,0.08469506633333335,,,,
x86_64-unknown-linux-gnu,byteorder,1.5.0,test::small_int128_3::read_big_endian,full,success,0.08653022466666667,,,,
x86_64-unknown-linux-gnu,byteorder,1.5.0,test::small_int128_3::read_little_endian,full,success,0.09307349966666667,,,,
x86_64-unknown-linux-gnu,byteorder,1.5.0,test::small_int128_3::read_native_endian,full,success,0.08758701833333334,,,,
x86_64-unknown-linux-gnu,byteorder,1.5.0,test::small_int128_4::read_big_endian,full,success,0.08735939366666667,,,,
x86_64-unknown-linux-gnu,byteorder,1.5.0,test::small_int128_4::read_little_endian,full,success,0.084026317,,,,
x86_64-unknown-linux-gnu,byteorder,1.5.0,test::small_int128_4::read_native_endian,full,success,0.08354757466666667,,,,
x86_64-unknown-linux-gnu,byteorder,1.5.0,test::small_int128_5::read_big_endian,full,success,0.08502331466666667,,,,
x86_64-unknown-linux-gnu,byteorder,1.5.0,test::small_int128_5::read_little_endian,full,success,0.08354359333333335,,,,
x86_64-unknown-linux-gnu,byteorder,1.5.0,test::small_int128_5::read_native_endian,full,success,0.08353629033333333,,,,
x86_64-unknown-linux-gnu,byteorder,1.5.0,test::small_int128_6::read_big_endian,full,success,0.08433872933333335,,,,
x86_64-unknown-linux-gnu,byteorder,1.5.0,test::small_int128_6::read_little_endian,full,success,0.08461352333333333,,,,
x86_64-unknown-linux-gnu,byteorder,1.5.0,test::small_int128_6::read_native_endian,full,success,0.09184822100000001,,,,
x86_64-unknown-linux-gnu,byteorder,1.5.0,test::small_int128_7::read_big_endian,full,success,0.08514362833333333,,,,
x86_64-unknown-linux-gnu,byteorder,1.5.0,test::small_int128_7::read_little_endian,full,success,0.08363593266666668,,,,
x86_64-unknown-linux-gnu,byteorder,1.5.0,test::small_int128_7::read_native_endian,full,success,0.084444523,,,,
x86_64-unknown-linux-gnu,byteorder,1.5.0,test::small_int128_8::read_big_endian,full,success,0.09573645000000001,,,,
x86_64-unknown-linux-gnu,byteorder,1.5.0,test::small_int128_8::read_little_endian,full,success,0.08794809633333334,,,,
x86_64-unknown-linux-gnu,byteorder,1.5.0,test::small_int128_8::read_native_endian,full,success,0.08550336233333333,,,,
x86_64-unknown-linux-gnu,byteorder,1.5.0,test::small_int128_9::read_big_endian,full,success,0.10264681999999999,,,,
x86_64-unknown-linux-gnu,byteorder,1.5.0,test::small_int128_9::read_little_endian,full,success,0.08618957233333335,,,,
x86_64-unknown-linux-gnu,byteorder,1.5.0,test::small_int128_9::read_native_endian,full,success,0.08530877233333334,,,,
x86_64-unknown-linux-gnu,byteorder,1.5.0,test::small_int_1::read_big_endian,full,success,0.08466907900000002,,,,
x86_64-unknown-linux-gnu,byteorder,1.5.0,test::small_int_1::read_little_endian,full,success,0.083739457,,,,
x86_64-unknown-linux-gnu,byteorder,1.5.0,test::small_int_1::read_native_endian,full,success,0.08551118400000002,,,,
x86_64-unknown-linux-gnu,byteorder,1.5.0,test::small_int_2::read_big_endian,full,success,0.08688822733333335,,,,
x86_64-unknown-linux-gnu,byteorder,1.5.0,test::small_int_2::read_little_endian,full,success,0.08713320066666667,,,,
x86_64-unknown-linux-gnu,byteorder,1.5.0,test::small_int_2::read_native_endian,full,success,0.08400938866666667,,,,
x86_64-unknown-linux-gnu,byteorder,1.5.0,test::small_int_3::read_big_endian,full,success,0.08755067033333334,,,,
x86_64-unknown-linux-gnu,byteorder,1.5.0,test::small_int_3::read_little_endian,full,success,0.09178105066666668,,,,
x86_64-unknown-linux-gnu,byteorder,1.5.0,test::small_int_3::read_native_endian,full,success,0.08411433866666668,,,,
x86_64-unknown-linux-gnu,byteorder,1.5.0,test::small_int_4::read_big_endian,full,success,0.09554002066666667,,,,
x86_64-unknown-linux-gnu,byteorder,1.5.0,test::small_int_4::read_little_endian,full,success,0.09050011000000001,,,,
x86_64-unknown-linux-gnu,byteorder,1.5.0,test::small_int_4::read_native_endian,full,success,0.08419749700000001,,,,
x86_64-unknown-linux-gnu,byteorder,1.5.0,test::small_int_5::read_big_endian,full,success,0.08640591600000001,,,,
x86_64-unknown-linux-gnu,byteorder,1.5.0,test::small_int_5::read_little_endian,full,success,0.08395575933333334,,,,
x86_64-unknown-linux-gnu,byteorder,1.5.0,test::small_int_5::read_native_endian,full,success,0.08994574200000001,,,,
x86_64-unknown-linux-gnu,byteorder,1.5.0,test::small_int_6::read_big_endian,full,success,0.086029871,,,,
x86_64-unknown-linux-gnu,byteorder,1.5.0,test::small_int_6::read_little_endian,full,success,0.08517298499999999,,,,
x86_64-unknown-linux-gnu,byteorder,1.5.0,test::small_int_6::read_native_endian,full,success,0.099792934,,,,
x86_64-unknown-linux-gnu,byteorder,1.5.0,test::small_int_7::read_big_endian,full,success,0.083961835,,,,
x86_64-unknown-linux-gnu,byteorder,1.5.0,test::small_int_7::read_little_endian,full,success,0.08930464666666667,,,,
x86_64-unknown-linux-gnu,byteorder,1.5.0,test::small_int_7::read_native_endian,full,success,0.090170411,,,,
x86_64-unknown-linux-gnu,byteorder,1.5.0,test::small_u128::read_big_endian,full,success,0.08447965633333333,,,,
x86_64-unknown-linux-gnu,byteorder,1.5.0,test::small_u128::read_little_endian,full,success,0.08795881000000001,,,,
x86_64-unknown-linux-gnu,byteorder,1.5.0,test::small_u128::read_native_endian,full,success,0.08479715,,,,
x86_64-unknown-linux-gnu,byteorder,1.5.0,test::small_u128::write_big_endian,full,success,0.09051483833333335,,,,
x86_64-unknown-linux-gnu,byteorder,1.5.0,test::small_u128::write_little_endian,full,success,0.08837387966666667,,,,
x86_64-unknown-linux-gnu,byteorder,1.5.0,test::small_u128::write_native_endian,full,success,0.08532014366666668,,,,
x86_64-unknown-linux-gnu,byteorder,1.5.0,test::small_u16::read_big_endian,full,success,0.08513314166666668,,,,
x86_64-unknown-linux-gnu,byteorder,1.5.0,test::small_u16::read_little_endian,full,success,0.08792670833333334,,,,
x86_64-unknown-linux-gnu,byteorder,1.5.0,test::small_u16::read_native_endian,full,success,0.08495638,,,,
x86_64-unknown-linux-gnu,byteorder,1.5.0,test::small_u16::write_big_endian,full,success,0.08534625566666669,,,,
x86_64-unknown-linux-gnu,byteorder,1.5.0,test::small_u16::write_little_endian,full,success,0.08369628433333333,,,,
x86_64-unknown-linux-gnu,byteorder,1.5.0,test::small_u16::write_native_endian,full,success,0.08750890900000001,,,,
x86_64-unknown-linux-gnu,byteorder,1.5.0,test::small_u32::read_big_endian,full,success,0.09319424133333333,,,,
x86_64-unknown-linux-gnu,byteorder,1.5.0,test::small_u32::read_little_endian,full,success,0.08937259566666667,,,,
x86_64-unknown-linux-gnu,byteorder,1.5.0,test::small_u32::read_native_endian,full,success,0.08186439400000001,,,,
x86_64-unknown-linux-gnu,byteorder,1.5.0,test::small_u32::write_big_endian,full,success,0.08543750733333334,,,,
x86_64-unknown-linux-gnu,byteorder,1.5.0,test::small_u32::write_little_endian,full,success,0.08304038166666668,,,,
x86_64-unknown-linux-gnu,byteorder,1.5.0,test::small_u32::write_native_endian,full,success,0.08361400033333333,,,,
x86_64-unknown-linux-gnu,byteorder,1.5.0,test::small_u64::read_big_endian,full,success,0.08221813166666668,,,,
x86_64-unknown-linux-gnu,byteorder,1.5.0,test::small_u64::read_little_endian,full,success,0.08423400800000001,,,,
x86_64-unknown-linux-gnu,byteorder,1.5.0,test::small_u64::read_native_endian,full,success,0.08778087833333333,,,,
x86_64-unknown-linux-gnu,byteorder,1.5.0,test::small_u64::write_big_endian,full,success,0.08442296333333334,,,,
x86_64-unknown-linux-gnu,byteorder,1.5.0,test::small_u64::write_little_endian,full,success,0.08743010133333334,,,,
x86_64-unknown-linux-gnu,byteorder,1.5.0,test::small_u64::write_native_endian,full,success,0.08657801733333333,,,,
x86_64-unknown-linux-gnu,byteorder,1.5.0,test::small_uint128_10::read_big_endian,full,success,0.08959660533333336,,,,
x86_64-unknown-linux-gnu,byteorder,1.5.0,test::small_uint128_10::read_little_endian,full,success,0.08598760533333334,,,,
x86_64-unknown-linux-gnu,byteorder,1.5.0,test::small_uint128_10::read_native_endian,full,success,0.09021385466666669,,,,
x86_64-unknown-linux-gnu,byteorder,1.5.0,test::small_uint128_11::read_big_endian,full,success,0.08454562833333334,,,,
x86_64-unknown-linux-gnu,byteorder,1.5.0,test::small_uint128_11::read_little_endian,full,success,0.08466615066666668,,,,
x86_64-unknown-linux-gnu,byteorder,1.5.0,test::small_uint128_11::read_native_endian,full,success,0.08725208933333334,,,,
x86_64-unknown-linux-gnu,byteorder,1.5.0,test::small_uint128_12::read_big_endian,full,success,0.08615269133333332,,,,
x86_64-unknown-linux-gnu,byteorder,1.5.0,test::small_uint128_12::read_little_endian,full,success,0.08440479366666669,,,,
x86_64-unknown-linux-gnu,byteorder,1.5.0,test::small_uint128_12::read_native_endian,full,success,0.08546631433333333,,,,
x86_64-unknown-linux-gnu,byteorder,1.5.0,test::small_uint128_13::read_big_endian,full,success,0.08460953866666669,,,,
x86_64-unknown-linux-gnu,byteorder,1.5.0,test::small_uint128_13::read_little_endian,full,success,0.08969479200000001,,,,
x86_64-unknown-linux-gnu,byteorder,1.5.0,test::small_uint128_13::read_native_endian,full,success,0.08790901200000001,,,,
x86_64-unknown-linux-gnu,byteorder,1.5.0,test::small_uint128_14::read_big_endian,full,success,0.08604492033333333,,,,
x86_64-unknown-linux-gnu,byteorder,1.5.0,test::small_uint128_14::read_little_endian,full,success,0.08839811600000001,,,,
x86_64-unknown-linux-gnu,byteorder,1.5.0,test::small_uint128_14::read_native_endian,full,success,0.08436944333333334,,,,
x86_64-unknown-linux-gnu,byteorder,1.5.0,test::small_uint128_15::read_big_endian,full,success,0.08786738966666667,,,,
x86_64-unknown-linux-gnu,byteorder,1.5.0,test::small_uint128_15::read_little_endian,full,success,0.08379594500000002,,,,
x86_64-unknown-linux-gnu,byteorder,1.5.0,test::small_uint128_15::read_native_endian,full,success,0.087918281,,,,
x86_64-unknown-linux-gnu,byteorder,1.5.0,test::small_uint128_1::read_big_endian,full,success,0.08407176766666667,,,,
x86_64-unknown-linux-gnu,byteorder,1.5.0,test::small_uint128_1::read_little_endian,full,success,0.08602046333333335,,,,
x86_64-unknown-linux-gnu,byteorder,1.5.0,test::small_uint128_1::read_native_endian,full,success,0.08573070666666667,,,,
x86_64-unknown-linux-gnu,byteorder,1.5.0,test::small_uint128_2::read_big_endian,full,success,0.08223817500000001,,,,
x86_64-unknown-linux-gnu,byteorder,1.5.0,test::small_uint128_2::read_little_endian,full,success,0.08147310466666667,,,,
x86_64-unknown-linux-gnu,byteorder,1.5.0,test::small_uint128_2::read_native_endian,full,success,0.08887056233333335,,,,
x86_64-unknown-linux-gnu,byteorder,1.5.0,test::small_uint128_3::read_big_endian,full,success,0.08255428533333335,,,,
x86_64-unknown-linux-gnu,byteorder,1.5.0,test::small_uint128_3::read_little_endian,full,success,0.08556821233333334,,,,
x86_64-unknown-linux-gnu,byteorder,1.5.0,test::small_uint128_3::read_native_endian,full,success,0.08910525466666668,,,,
x86_64-unknown-linux-gnu,byteorder,1.5.0,test::small_uint128_4::read_big_endian,full,success,0.08426550633333334,,,,
x86_64-unknown-linux-gnu,byteorder,1.5.0,test::small_uint128_4::read_little_endian,full,success,0.09174485766666668,,,,
x86_64-unknown-linux-gnu,byteorder,1.5.0,test::small_uint128_4::read_native_endian,full,success,0.08358091699999999,,,,
x86_64-unknown-linux-gnu,byteorder,1.5.0,test::small_uint128_5::read_big_endian,full,success,0.08424980866666666,,,,
x86_64-unknown-linux-gnu,byteorder,1.5.0,test::small_uint128_5::read_little_endian,full,success,0.08631381500000002,,,,
x86_64-unknown-linux-gnu,byteorder,1.5.0,test::small_uint128_5::read_native_endian,full,success,0.08861524933333333,,,,
x86_64-unknown-linux-gnu,byteorder,1.5.0,test::small_uint128_6::read_big_endian,full,success,0.085759339,,,,
x86_64-unknown-linux-gnu,byteorder,1.5.0,test::small_uint128_6::read_little_endian,full,success,0.09943404466666667,,,,
x86_64-unknown-linux-gnu,byteorder,1.5.0,test::small_uint128_6::read_native_endian,full,success,0.08447767233333332,,,,
x86_64-unknown-linux-gnu,byteorder,1.5.0,test::small_uint128_7::read_big_endian,full,success,0.08353109533333332,,,,
x86_64-unknown-linux-gnu,byteorder,1.5.0,test::small_uint128_7::read_little_endian,full,success,0.08415221166666668,,,,
x86_64-unknown-linux-gnu,byteorder,1.5.0,test::small_uint128_7::read_native_endian,full,success,0.08437549866666667,,,,
x86_64-unknown-linux-gnu,byteorder,1.5.0,test::small_uint128_8::read_big_endian,full,success,0.08428212099999999,,,,
x86_64-unknown-linux-gnu,byteorder,1.5.0,test::small_uint128_8::read_little_endian,full,success,0.08633612033333334,,,,
x86_64-unknown-linux-gnu,byteorder,1.5.0,test::small_uint128_8::read_native_endian,full,success,0.08375883566666668,,,,
x86_64-unknown-linux-gnu,byteorder,1.5.0,test::small_uint128_9::read_big_endian,full,success,0.085735237,,,,
x86_64-unknown-linux-gnu,byteorder,1.5.0,test::small_uint128_9::read_little_endian,full,success,0.08627109233333334,,,,
x86_64-unknown-linux-gnu,byteorder,1.5.0,test::small_uint128_9::read_native_endian,full,success,0.08295510966666668,,,,
x86_64-unknown-linux-gnu,byteorder,1.5.0,test::small_uint_1::read_big_endian,full,success,0.08975318933333336,,,,
x86_64-unknown-linux-gnu,byteorder,1.5.0,test::small_uint_1::read_little_endian,full,success,0.08841055866666668,,,,
x86_64-unknown-linux-gnu,byteorder,1.5.0,test::small_uint_1::read_native_endian,full,success,0.08726349433333334,,,,
x86_64-unknown-linux-gnu,byteorder,1.5.0,test::small_uint_2::read_big_endian,full,success,0.08520328733333334,,,,
x86_64-unknown-linux-gnu,byteorder,1.5.0,test::small_uint_2::read_little_endian,full,success,0.08470989433333333,,,,
x86_64-unknown-linux-gnu,byteorder,1.5.0,test::small_uint_2::read_native_endian,full,success,0.08440815066666667,,,,
x86_64-unknown-linux-gnu,byteorder,1.5.0,test::small_uint_3::read_big_endian,full,success,0.09022282733333335,,,,
x86_64-unknown-linux-gnu,byteorder,1.5.0,test::small_uint_3::read_little_endian,full,success,0.08355585533333333,,,,
x86_64-unknown-linux-gnu,byteorder,1.5.0,test::small_uint_3::read_native_endian,full,success,0.09516903466666667,,,,
x86_64-unknown-linux-gnu,byteorder,1.5.0,test::small_uint_4::read_big_endian,full,success,0.08430539933333332,,,,
x86_64-unknown-linux-gnu,byteorder,1.5.0,test::small_uint_4::read_little_endian,full,success,0.08603545533333334,,,,
x86_64-unknown-linux-gnu,byteorder,1.5.0,test::small_uint_4::read_native_endian,full,success,0.08690646733333333,,,,
x86_64-unknown-linux-gnu,byteorder,1.5.0,test::small_uint_5::read_big_endian,full,success,0.08524174200000001,,,,
x86_64-unknown-linux-gnu,byteorder,1.5.0,test::small_uint_5::read_little_endian,full,success,0.09257934633333335,,,,
x86_64-unknown-linux-gnu,byteorder,1.5.0,test::small_uint_5::read_native_endian,full,success,0.085067759,,,,
x86_64-unknown-linux-gnu,byteorder,1.5.0,test::small_uint_6::read_big_endian,full,success,0.08542591966666668,,,,
x86_64-unknown-linux-gnu,byteorder,1.5.0,test::small_uint_6::read_little_endian,full,success,0.08660768166666667,,,,
x86_64-unknown-linux-gnu,byteorder,1.5.0,test::small_uint_6::read_native_endian,full,success,0.08771159333333334,,,,
x86_64-unknown-linux-gnu,byteorder,1.5.0,test::small_uint_7::read_big_endian,full,success,0.084528045,,,,
x86_64-unknown-linux-gnu,byteorder,1.5.0,test::small_uint_7::read_little_endian,full,success,0.084313802,,,,
x86_64-unknown-linux-gnu,byteorder,1.5.0,test::small_uint_7::read_native_endian,full,success,0.08583128433333333,,,,
x86_64-unknown-linux-gnu,byteorder,1.5.0,test::uint_bigger_buffer,full,success,0.087476632,,,,
x86_64-unknown-linux-gnu,bytes,1.11.1,bytes_mut::tests::test_original_capacity_from_repr,full,success,0.133911098,,,,
x86_64-unknown-linux-gnu,bytes,1.11.1,bytes_mut::tests::test_original_capacity_to_repr,full,success,0.13698601600000002,,,,
x86_64-unknown-linux-gnu,camino,1.2.2,tests::test_borrowed_into,full,success,0.12827354,,,,
x86_64-unknown-linux-gnu,camino,1.2.2,tests::test_deref_mut,full,success,0.1262915166666667,,,,
x86_64-unknown-linux-gnu,camino,1.2.2,tests::test_owned_into,full,success,0.133960021,,,,
x86_64-unknown-linux-gnu,cc,1.2.63,flags::tests::all_rustc_flags,full,success,1.2511875936666665,,,,
x86_64-unknown-linux-gnu,cc,1.2.63,flags::tests::codegen_type,full,success,0.13692859233333335,,,,
x86_64-unknown-linux-gnu,cc,1.2.63,flags::tests::precedence,full,success,0.13075192333333335,,,,
x86_64-unknown-linux-gnu,cc,1.2.63,flags::tests::stack_protector,full,success,0.13172070866666666,,,,
x86_64-unknown-linux-gnu,cc,1.2.63,flags::tests::three_valid_prefixes,full,success,0.13209505266666668,,,,
x86_64-unknown-linux-gnu,cc,1.2.63,flags::tests::two_valid_prefixes,full,success,0.13319504333333335,,,,
x86_64-unknown-linux-gnu,cc,1.2.63,target::llvm::tests::basic_llvm_triple_guessing,full,success,0.13559687766666667,,,,
x86_64-unknown-linux-gnu,cc,1.2.63,target::llvm::tests::llvm_version,full,success,0.13739051266666666,,,,
x86_64-unknown-linux-gnu,cc,1.2.63,target::llvm::tests::test_old_ios_target,full,success,0.13239707600000003,,,,
x86_64-unknown-linux-gnu,cc,1.2.63,target::llvm::tests::uefi,full,success,0.13118260466666667,,,,
x86_64-unknown-linux-gnu,cc,1.2.63,target::parser::tests::parse_extra,full,success,0.15895756433333333,,,,
x86_64-unknown-linux-gnu,cc,1.2.63,target::parser::tests::parses_apple_envs_correctly,full,success,0.13696064833333335,,,,
x86_64-unknown-linux-gnu,cc,1.2.63,target::parser::tests::tier1,full,success,0.142217581,,,,
x86_64-unknown-linux-gnu,cc,1.2.63,target::parser::tests::unknown_env_determined_as_unknown,full,success,0.132420566,,,,
x86_64-unknown-linux-gnu,cc,1.2.63,tests::test_android_clang_compiler_uses_target_arg_internally,full,success,0.15139250366666668,,,,
x86_64-unknown-linux-gnu,colored,3.1.1,color::tests::closest_euclidean::almost_black,full,success,0.112987432,,,,
x86_64-unknown-linux-gnu,colored,3.1.1,color::tests::closest_euclidean::almost_blue,full,success,0.11286765266666669,,,,
x86_64-unknown-linux-gnu,colored,3.1.1,color::tests::closest_euclidean::almost_cyan,full,success,0.10874482766666667,,,,
x86_64-unknown-linux-gnu,colored,3.1.1,color::tests::closest_euclidean::almost_green,full,success,0.111111003,,,,
x86_64-unknown-linux-gnu,colored,3.1.1,color::tests::closest_euclidean::almost_magenta,full,success,0.10859791600000002,,,,
x86_64-unknown-linux-gnu,colored,3.1.1,color::tests::closest_euclidean::almost_red,full,success,0.12090311800000002,,,,
x86_64-unknown-linux-gnu,colored,3.1.1,color::tests::closest_euclidean::almost_white,full,success,0.10939556333333333,,,,
x86_64-unknown-linux-gnu,colored,3.1.1,color::tests::closest_euclidean::almost_yellow,full,success,0.112319553,,,,
x86_64-unknown-linux-gnu,colored,3.1.1,color::tests::closest_euclidean::exact_black,full,success,0.11619080966666667,,,,
x86_64-unknown-linux-gnu,colored,3.1.1,color::tests::closest_euclidean::exact_blue,full,success,0.11349665233333334,,,,
x86_64-unknown-linux-gnu,colored,3.1.1,color::tests::closest_euclidean::exact_cyan,full,success,0.11082948166666667,,,,
x86_64-unknown-linux-gnu,colored,3.1.1,color::tests::closest_euclidean::exact_green,full,success,0.11635395700000001,,,,
x86_64-unknown-linux-gnu,colored,3.1.1,color::tests::closest_euclidean::exact_magenta,full,success,0.11777200700000001,,,,
x86_64-unknown-linux-gnu,colored,3.1.1,color::tests::closest_euclidean::exact_red,full,success,0.11396748033333333,,,,
x86_64-unknown-linux-gnu,colored,3.1.1,color::tests::closest_euclidean::exact_white,full,success,0.11758241533333334,,,,
x86_64-unknown-linux-gnu,colored,3.1.1,color::tests::closest_euclidean::exact_yellow,full,success,0.11576407633333334,,,,
x86_64-unknown-linux-gnu,colored,3.1.1,color::tests::from_str::black,full,success,0.10902709333333334,,,,
x86_64-unknown-linux-gnu,colored,3.1.1,color::tests::from_str::blue,full,success,0.11650179066666666,,,,
x86_64-unknown-linux-gnu,colored,3.1.1,color::tests::from_str::brightblack,full,success,0.11049705333333333,,,,
x86_64-unknown-linux-gnu,colored,3.1.1,color::tests::from_str::brightblue,full,success,0.11048243033333334,,,,
x86_64-unknown-linux-gnu,colored,3.1.1,color::tests::from_str::brightcyan,full,success,0.11092080600000002,,,,
x86_64-unknown-linux-gnu,colored,3.1.1,color::tests::from_str::brightgreen,full,success,0.108933291,,,,
x86_64-unknown-linux-gnu,colored,3.1.1,color::tests::from_str::brightmagenta,full,success,0.10995733933333335,,,,
x86_64-unknown-linux-gnu,colored,3.1.1,color::tests::from_str::brightred,full,success,0.11007984233333334,,,,
x86_64-unknown-linux-gnu,colored,3.1.1,color::tests::from_str::brightwhite,full,success,0.11217949333333334,,,,
x86_64-unknown-linux-gnu,colored,3.1.1,color::tests::from_str::brightyellow,full,success,0.11701194733333332,,,,
x86_64-unknown-linux-gnu,colored,3.1.1,color::tests::from_str::capitalized,full,success,0.11768867300000001,,,,
x86_64-unknown-linux-gnu,colored,3.1.1,color::tests::from_str::cyan,full,success,0.11239783600000001,,,,
x86_64-unknown-linux-gnu,colored,3.1.1,color::tests::from_str::green,full,success,0.11079387133333335,,,,
x86_64-unknown-linux-gnu,colored,3.1.1,color::tests::from_str::hex3_lower,full,success,0.10894765033333335,,,,
x86_64-unknown-linux-gnu,colored,3.1.1,color::tests::from_str::hex3_mixed,full,success,0.11534017266666667,,,,
x86_64-unknown-linux-gnu,colored,3.1.1,color::tests::from_str::hex3_upper,full,success,0.11548392,,,,
x86_64-unknown-linux-gnu,colored,3.1.1,color::tests::from_str::hex6_lower,full,success,0.10967359966666668,,,,
x86_64-unknown-linux-gnu,colored,3.1.1,color::tests::from_str::hex6_mixed,full,success,0.12013708600000002,,,,
x86_64-unknown-linux-gnu,colored,3.1.1,color::tests::from_str::hex6_upper,full,success,0.111774359,,,,
x86_64-unknown-linux-gnu,colored,3.1.1,color::tests::from_str::hex_invalid,full,success,0.11779036266666666,,,,
x86_64-unknown-linux-gnu,colored,3.1.1,color::tests::from_str::hex_too_long,full,success,0.11342814900000002,,,,
x86_64-unknown-linux-gnu,colored,3.1.1,color::tests::from_str::hex_too_short,full,success,0.10914552633333334,,,,
x86_64-unknown-linux-gnu,colored,3.1.1,color::tests::from_str::invalid,full,success,0.10749400233333334,,,,
x86_64-unknown-linux-gnu,colored,3.1.1,color::tests::from_str::magenta,full,success,0.10770572533333334,,,,
x86_64-unknown-linux-gnu,colored,3.1.1,color::tests::from_str::mixed_case,full,success,0.10821311833333334,,,,
x86_64-unknown-linux-gnu,colored,3.1.1,color::tests::from_str::purple,full,success,0.10780106300000002,,,,
x86_64-unknown-linux-gnu,colored,3.1.1,color::tests::from_str::red,full,success,0.11151623233333334,,,,
x86_64-unknown-linux-gnu,colored,3.1.1,color::tests::from_str::white,full,success,0.11859033066666669,,,,
x86_64-unknown-linux-gnu,colored,3.1.1,color::tests::from_str::yellow,full,success,0.11179923900000001,,,,
x86_64-unknown-linux-gnu,colored,3.1.1,color::tests::from_string::black,full,success,0.11455631866666667,,,,
x86_64-unknown-linux-gnu,colored,3.1.1,color::tests::from_string::blue,full,success,0.11347545333333335,,,,
x86_64-unknown-linux-gnu,colored,3.1.1,color::tests::from_string::brightblack,full,success,0.107127869,,,,
x86_64-unknown-linux-gnu,colored,3.1.1,color::tests::from_string::brightblue,full,success,0.11035332600000002,,,,
x86_64-unknown-linux-gnu,colored,3.1.1,color::tests::from_string::brightcyan,full,success,0.11500254433333333,,,,
x86_64-unknown-linux-gnu,colored,3.1.1,color::tests::from_string::brightgreen,full,success,0.11196951633333334,,,,
x86_64-unknown-linux-gnu,colored,3.1.1,color::tests::from_string::brightmagenta,full,success,0.10640449966666667,,,,
x86_64-unknown-linux-gnu,colored,3.1.1,color::tests::from_string::brightred,full,success,0.10705741533333335,,,,
x86_64-unknown-linux-gnu,colored,3.1.1,color::tests::from_string::brightwhite,full,success,0.11351675733333333,,,,
x86_64-unknown-linux-gnu,colored,3.1.1,color::tests::from_string::brightyellow,full,success,0.11192474200000001,,,,
x86_64-unknown-linux-gnu,colored,3.1.1,color::tests::from_string::capitalized,full,success,0.11673607533333334,,,,
x86_64-unknown-linux-gnu,colored,3.1.1,color::tests::from_string::cyan,full,success,0.11008872933333334,,,,
x86_64-unknown-linux-gnu,colored,3.1.1,color::tests::from_string::green,full,success,0.11413325,,,,
x86_64-unknown-linux-gnu,colored,3.1.1,color::tests::from_string::hex3_lower,full,success,0.11350156600000001,,,,
x86_64-unknown-linux-gnu,colored,3.1.1,color::tests::from_string::hex3_mixed,full,success,0.10934956633333333,,,,
x86_64-unknown-linux-gnu,colored,3.1.1,color::tests::from_string::hex3_upper,full,success,0.11092115333333334,,,,
x86_64-unknown-linux-gnu,colored,3.1.1,color::tests::from_string::hex6_lower,full,success,0.10928663933333334,,,,
x86_64-unknown-linux-gnu,colored,3.1.1,color::tests::from_string::hex6_mixed,full,success,0.11031992800000001,,,,
x86_64-unknown-linux-gnu,colored,3.1.1,color::tests::from_string::hex6_upper,full,success,0.10989794233333335,,,,
x86_64-unknown-linux-gnu,colored,3.1.1,color::tests::from_string::hex_invalid,full,success,0.11061564933333334,,,,
x86_64-unknown-linux-gnu,colored,3.1.1,color::tests::from_string::hex_too_long,full,success,0.110974685,,,,
x86_64-unknown-linux-gnu,colored,3.1.1,color::tests::from_string::hex_too_short,full,success,0.11134280266666667,,,,
x86_64-unknown-linux-gnu,colored,3.1.1,color::tests::from_string::invalid,full,success,0.10894397500000001,,,,
x86_64-unknown-linux-gnu,colored,3.1.1,color::tests::from_string::magenta,full,success,0.10942892466666666,,,,
x86_64-unknown-linux-gnu,colored,3.1.1,color::tests::from_string::mixed_case,full,success,0.10821834966666667,,,,
x86_64-unknown-linux-gnu,colored,3.1.1,color::tests::from_string::red,full,success,0.12016188500000001,,,,
x86_64-unknown-linux-gnu,colored,3.1.1,color::tests::from_string::white,full,success,0.11203392766666666,,,,
x86_64-unknown-linux-gnu,colored,3.1.1,color::tests::from_string::yellow,full,success,0.108205086,,,,
x86_64-unknown-linux-gnu,colored,3.1.1,color::tests::fromstr::error,full,success,0.11475808500000001,,,,
x86_64-unknown-linux-gnu,colored,3.1.1,color::tests::fromstr::parse,full,success,0.106415547,,,,
x86_64-unknown-linux-gnu,colored,3.1.1,control::specs::clicolor_behavior,full,success,0.4053904383333333,,,,
x86_64-unknown-linux-gnu,colored,3.1.1,customcolors::tests::from_tuple,full,success,0.11373964533333335,,,,
x86_64-unknown-linux-gnu,colored,3.1.1,customcolors::tests::main,full,test_failed,,error: Undefined Behavior: deallocation through <1828199>(unprotected) (root of the allocation) at alloc223311[0x0] is forbidden,src/customcolors.rs:34:9,https://github.com/BorrowSanitizer/bsan/actions/runs/37211270787/job/111463771484,"error: Undefined Behavior: deallocation through <1828199>(unprotected) (root of the allocation) at alloc223311[0x0] is forbidden
  --> /tmp/tmpz3u8txrq/colored-3.1.1/src/customcolors.rs:34:9
   |
34 | insta::assert_snapshot!(""Greetings from Ukraine"".custom_color(my_color));
   | ^
   = note: the above line calls library code, where the error was detected:
  --> /root/.rustup/toolchains/bsan/lib/rustlib/src/rust/library/std/src/sys/alloc/unix.rs:65:14
   |
65 | unsafe { libc::free(ptr as *mut libc::c_void) }
   |          ^
   = help: the accessed tag <1828199>(unprotected) (root of the allocation) is foreign to the protected tag <1832478>(StrongProtector) (i.e., it is not a child)
   = help: this deallocation (acting as a foreign write access) would cause the protected tag <1832478>(StrongProtector) (currently Frozen) to become Disabled
   = help: protected tags must never be Disabled
help: the accessed tag <1828199>(unprotected) was created here
  --> /root/.rustup/toolchains/bsan/lib/rustlib/src/rust/library/std/src/sys/alloc/unix.rs:31:18
   |
31 | unsafe { libc::malloc(layout.size()) as *mut u8 }
   |          ^
help: the protected tag <1832478>(StrongProtector) was created here, in the initial state Frozen
  --> /root/.rustup/toolchains/bsan/lib/rustlib/src/rust/library/core/src/num/imp/dec2flt/parse.rs:0:0

stack backtrace:
0: std::sys::alloc::unix::dealloc
      at /root/.rustup/toolchains/bsan/lib/rustlib/src/rust/library/std/src/sys/alloc/unix.rs:65:14
1: __rustc::__rdl_dealloc
      at /root/.rustup/toolchains/bsan/lib/rustlib/src/rust/library/std/src/alloc.rs:480:6
2: alloc::alloc::dealloc_nonnull
      at /root/.rustup/toolchains/bsan/lib/rustlib/src/rust/library/alloc/src/alloc.rs:197:14

note: stack trace was truncated after 3 frames; set stacktrace_max_len (e.g. BSAN_OPTIONS=stacktrace_max_len=32) to capture more."
x86_64-unknown-linux-gnu,colored,3.1.1,style::tests::style_bitwise_logic::assign_ops,full,success,0.110477527,,,,
x86_64-unknown-linux-gnu,colored,3.1.1,style::tests::style_bitwise_logic::assign_ops_with_styles,full,success,0.11072553466666667,,,,
x86_64-unknown-linux-gnu,colored,3.1.1,style::tests::style_bitwise_logic::binops,full,success,0.10666430166666668,,,,
x86_64-unknown-linux-gnu,colored,3.1.1,style::tests::style_bitwise_logic::binops_with_styles,full,success,0.10699140566666666,,,,
x86_64-unknown-linux-gnu,colored,3.1.1,style::tests::style_bitwise_logic::not,full,success,0.10765727433333333,,,,
x86_64-unknown-linux-gnu,colored,3.1.1,style::tests::style_bitwise_logic::styles_binops,full,success,0.11159488166666669,,,,
x86_64-unknown-linux-gnu,colored,3.1.1,style::tests::style_bitwise_logic::styles_not,full,success,0.10724159100000001,,,,
x86_64-unknown-linux-gnu,colored,3.1.1,style::tests::styles_combine_complex::aggreg1,full,success,0.11080381033333335,,,,
x86_64-unknown-linux-gnu,colored,3.1.1,style::tests::styles_combine_complex::aggreg2,full,success,0.11076996066666668,,,,
x86_64-unknown-linux-gnu,colored,3.1.1,style::tests::styles_combine_complex::aggreg3,full,success,0.114160987,,,,
x86_64-unknown-linux-gnu,colored,3.1.1,style::tests::styles_combine_complex::all,full,success,0.12018686166666666,,,,
x86_64-unknown-linux-gnu,colored,3.1.1,style::tests::styles_combine_complex::five,full,success,0.11168024033333335,,,,
x86_64-unknown-linux-gnu,colored,3.1.1,style::tests::styles_combine_complex::four,full,success,0.10941301333333335,,,,
x86_64-unknown-linux-gnu,colored,3.1.1,style::tests::styles_combine_complex::six,full,success,0.10894958033333335,,,,
x86_64-unknown-linux-gnu,colored,3.1.1,style::tests::styles_combine_complex::three1,full,success,0.10860917933333335,,,,
x86_64-unknown-linux-gnu,colored,3.1.1,style::tests::styles_combine_complex::three2,full,success,0.110975473,,,,
x86_64-unknown-linux-gnu,colored,3.1.1,style::tests::styles_combine_complex::two1,full,success,0.10839945266666667,,,,
x86_64-unknown-linux-gnu,colored,3.1.1,style::tests::styles_combine_complex::two2,full,success,0.10803519966666668,,,,
x86_64-unknown-linux-gnu,colored,3.1.1,style::tests::styles_combine_complex::two3,full,success,0.10846703800000002,,,,
x86_64-unknown-linux-gnu,colored,3.1.1,style::tests::test_style_contains,full,success,0.10812447900000001,,,,
x86_64-unknown-linux-gnu,colored,3.1.1,style::tests::u8_to_styles_invalid_is_none::empty_is_none,full,success,0.10756777733333334,,,,
x86_64-unknown-linux-gnu,colored,3.1.1,style::tests::u8_to_styles_isomorphism::blink,full,success,0.114359209,,,,
x86_64-unknown-linux-gnu,colored,3.1.1,style::tests::u8_to_styles_isomorphism::bold,full,success,0.108113077,,,,
x86_64-unknown-linux-gnu,colored,3.1.1,style::tests::u8_to_styles_isomorphism::dimmed,full,success,0.11134262900000001,,,,
x86_64-unknown-linux-gnu,colored,3.1.1,style::tests::u8_to_styles_isomorphism::hidden,full,success,0.11061257866666668,,,,
x86_64-unknown-linux-gnu,colored,3.1.1,style::tests::u8_to_styles_isomorphism::italic,full,success,0.10838794566666667,,,,
x86_64-unknown-linux-gnu,colored,3.1.1,style::tests::u8_to_styles_isomorphism::reversed,full,success,0.109074656,,,,
x86_64-unknown-linux-gnu,colored,3.1.1,style::tests::u8_to_styles_isomorphism::strikethrough,full,success,0.10862842566666668,,,,
x86_64-unknown-linux-gnu,colored,3.1.1,style::tests::u8_to_styles_isomorphism::underline,full,success,0.11366600933333333,,,,
x86_64-unknown-linux-gnu,colored,3.1.1,tests::bright_color_fn,full,success,0.11660506600000002,,,,
x86_64-unknown-linux-gnu,colored,3.1.1,tests::color_fn,full,success,0.10838124566666668,,,,
x86_64-unknown-linux-gnu,colored,3.1.1,tests::compute_style_blue_bold,full,test_failed,,assertion `left == right` failed,src/lib.rs:759:9,https://github.com/BorrowSanitizer/bsan/actions/runs/37211270787/job/111463771484,"thread 'tests::compute_style_blue_bold' (2370) panicked at src/lib.rs:759:9:
assertion `left == right` failed
  left: ""\u{1b}[1;34m""
 right: """"
note: run with `RUST_BACKTRACE=1` environment variable to display a backtrace
test tests::compute_style_blue_bold ... FAILED

failures:

failures:
    tests::compute_style_blue_bold

test result: FAILED. 0 passed; 1 failed; 0 ignored; 0 measured; 127 filtered out; finished in 0.02s
"
x86_64-unknown-linux-gnu,colored,3.1.1,tests::compute_style_empty_string,full,success,0.10756974333333334,,,,
x86_64-unknown-linux-gnu,colored,3.1.1,tests::escape_reset_sequence_spec_should_do_nothing_on_empty_strings,full,success,0.10801580233333334,,,,
x86_64-unknown-linux-gnu,colored,3.1.1,tests::escape_reset_sequence_spec_should_do_nothing_on_string_with_no_reset,full,success,0.10743900933333335,,,,
x86_64-unknown-linux-gnu,colored,3.1.1,tests::exposing_tests,full,success,0.10911388533333333,,,,
x86_64-unknown-linux-gnu,colored,3.1.1,tests::formatting,full,success,0.11647779200000001,,,,
x86_64-unknown-linux-gnu,colored,3.1.1,tests::it_works,full,test_failed,,error: Undefined Behavior: deallocation through <1836723>(unprotected) (root of the allocation) at alloc224440[0x0] is forbidden,src/lib.rs:686:9,https://github.com/BorrowSanitizer/bsan/actions/runs/37211270787/job/111463771484,"error: Undefined Behavior: deallocation through <1836723>(unprotected) (root of the allocation) at alloc224440[0x0] is forbidden
   --> /tmp/tmpz3u8txrq/colored-3.1.1/src/lib.rs:686:9
    |
686 | insta::assert_snapshot!(""it_works"", buf);
    | ^
    = note: the above line calls library code, where the error was detected:
   --> /root/.rustup/toolchains/bsan/lib/rustlib/src/rust/library/std/src/sys/alloc/unix.rs:65:14
    |
 65 | unsafe { libc::free(ptr as *mut libc::c_void) }
    |          ^
    = help: the accessed tag <1836723>(unprotected) (root of the allocation) is foreign to the protected tag <1841002>(StrongProtector) (i.e., it is not a child)
    = help: this deallocation (acting as a foreign write access) would cause the protected tag <1841002>(StrongProtector) (currently Frozen) to become Disabled
    = help: protected tags must never be Disabled
help: the accessed tag <1836723>(unprotected) was created here
   --> /root/.rustup/toolchains/bsan/lib/rustlib/src/rust/library/std/src/sys/alloc/unix.rs:31:18
    |
 31 | unsafe { libc::malloc(layout.size()) as *mut u8 }
    |          ^
help: the protected tag <1841002>(StrongProtector) was created here, in the initial state Frozen
   --> /root/.rustup/toolchains/bsan/lib/rustlib/src/rust/library/core/src/num/imp/dec2flt/parse.rs:0:0

stack backtrace:
0: std::sys::alloc::unix::dealloc
      at /root/.rustup/toolchains/bsan/lib/rustlib/src/rust/library/std/src/sys/alloc/unix.rs:65:14
1: __rustc::__rdl_dealloc
      at /root/.rustup/toolchains/bsan/lib/rustlib/src/rust/library/std/src/alloc.rs:480:6
2: alloc::alloc::dealloc_nonnull
      at /root/.rustup/toolchains/bsan/lib/rustlib/src/rust/library/alloc/src/alloc.rs:197:14

note: stack trace was truncated after 3 frames; set stacktrace_max_len (e.g. BSAN_OPTIONS=stacktrace_max_len=32) to capture more."
x86_64-unknown-linux-gnu,colored,3.1.1,tests::on_bright_color_fn,full,success,0.10929182333333333,,,,
x86_64-unknown-linux-gnu,colored,3.1.1,tests::on_color_fn,full,success,0.11004769600000001,,,,
x86_64-unknown-linux-gnu,combine,4.6.7,error::tests_std::parse_clone_but_not_copy,full,success,0.13120407466666667,,,,
x86_64-unknown-linux-gnu,combine,4.6.7,parser::byte::num::tests::no_rangestream,full,success,0.13849128566666666,,,,
x86_64-unknown-linux-gnu,combine,4.6.7,parser::byte::tests::bytes_read_stream,full,success,0.12966615133333334,,,,
x86_64-unknown-linux-gnu,combine,4.6.7,parser::byte::tests::memslice_basic,full,success,0.130277436,,,,
x86_64-unknown-linux-gnu,combine,4.6.7,parser::char::tests::space_error,full,success,0.13370753100000002,,,,
x86_64-unknown-linux-gnu,combine,4.6.7,parser::char::tests::string_committed,full,success,0.132334587,,,,
x86_64-unknown-linux-gnu,combine,4.6.7,parser::char::tests::string_error,full,success,0.138443381,,,,
x86_64-unknown-linux-gnu,combine,4.6.7,parser::choice::tests::choice_single_parser,full,success,0.1289385756666667,,,,
x86_64-unknown-linux-gnu,combine,4.6.7,parser::range::tests::range_string_no_char_boundary_error,full,success,0.12905584866666667,,,,
x86_64-unknown-linux-gnu,combine,4.6.7,parser::range::tests::take_until_range_1,full,success,0.131456228,,,,
x86_64-unknown-linux-gnu,combine,4.6.7,parser::range::tests::take_until_range_2,full,success,0.13259706633333335,,,,
x86_64-unknown-linux-gnu,combine,4.6.7,parser::range::tests::take_until_range_unicode_1,full,success,0.135487182,,,,
x86_64-unknown-linux-gnu,combine,4.6.7,parser::range::tests::take_until_range_unicode_2,full,success,0.13050549266666667,,,,
x86_64-unknown-linux-gnu,combine,4.6.7,parser::range::tests::take_while1_test,full,success,0.13325223800000002,,,,
x86_64-unknown-linux-gnu,combine,4.6.7,parser::range::tests::take_while_test,full,success,0.131218282,,,,
x86_64-unknown-linux-gnu,combine,4.6.7,parser::sequence::tests::sequence_single_parser,full,success,0.13744256866666668,,,,
x86_64-unknown-linux-gnu,combine,4.6.7,std_tests::error_position,full,success,0.13526300966666666,,,,
x86_64-unknown-linux-gnu,combine,4.6.7,std_tests::expression_basic,full,success,0.18527849200000002,,,,
x86_64-unknown-linux-gnu,combine,4.6.7,std_tests::expression_error,full,success,0.14446830500000002,,,,
x86_64-unknown-linux-gnu,combine,4.6.7,std_tests::extract_std_error,full,success,0.13885472633333332,,,,
x86_64-unknown-linux-gnu,combine,4.6.7,std_tests::field,full,success,0.13583981833333333,,,,
x86_64-unknown-linux-gnu,combine,4.6.7,std_tests::infinite_recursion_in_box_parser,full,success,0.1328348726666667,,,,
x86_64-unknown-linux-gnu,combine,4.6.7,std_tests::inner_error_consume,full,success,0.137276243,,,,
x86_64-unknown-linux-gnu,combine,4.6.7,std_tests::iterator,full,success,0.137958634,,,,
x86_64-unknown-linux-gnu,combine,4.6.7,std_tests::list,full,success,0.14430879666666666,,,,
x86_64-unknown-linux-gnu,combine,4.6.7,std_tests::operators,full,success,0.18211624766666668,,,,
x86_64-unknown-linux-gnu,combine,4.6.7,std_tests::optional_error_consume,full,success,0.141230498,,,,
x86_64-unknown-linux-gnu,combine,4.6.7,std_tests::sep_by_error_consume,full,success,0.1311613956666667,,,,
x86_64-unknown-linux-gnu,combine,4.6.7,std_tests::source_position,full,success,0.13577513500000002,,,,
x86_64-unknown-linux-gnu,combine,4.6.7,std_tests::std_error,full,success,0.13414820433333333,,,,
x86_64-unknown-linux-gnu,combine,4.6.7,std_tests::test_integer,full,success,0.13024486433333335,,,,
x86_64-unknown-linux-gnu,combine,4.6.7,std_tests::unsized_parser,full,success,0.1322493296666667,,,,
x86_64-unknown-linux-gnu,combine,4.6.7,stream::buf_reader::tests_sync::buf_reader,full,success,0.14811705133333336,,,,
x86_64-unknown-linux-gnu,combine,4.6.7,stream::buf_reader::tests_sync::buf_reader_extend_buf,full,success,0.14078484000000002,,,,
x86_64-unknown-linux-gnu,combine,4.6.7,stream::position::tests::test_positioner,full,success,0.13345248266666668,,,,
x86_64-unknown-linux-gnu,combine,4.6.7,stream::position::tests::test_range_positioner,full,success,0.13257162066666667,,,,
x86_64-unknown-linux-gnu,combine,4.6.7,stream::tests::larger_than_1_byte_items_return_correct_distance,full,success,0.12911782133333335,,,,
x86_64-unknown-linux-gnu,combine,4.6.7,stream::tests::uncons_range_at_end,full,success,0.13151348166666668,,,,
x86_64-unknown-linux-gnu,combine,4.6.7,tests::chainl1_error_consume,full,success,0.13267024166666666,,,,
x86_64-unknown-linux-gnu,combine,4.6.7,tests::choice_strings,full,success,0.140862429,,,,
x86_64-unknown-linux-gnu,const-oid,0.10.2,encoder::tests::base128_byte,full,success,0.08810062366666667,,,,
x86_64-unknown-linux-gnu,const-oid,0.10.2,encoder::tests::encode,full,success,0.08479084566666667,,,,
x86_64-unknown-linux-gnu,const-oid,0.10.2,parser::tests::parse,full,success,0.087489009,,,,
x86_64-unknown-linux-gnu,const-oid,0.10.2,parser::tests::reject_empty_string,full,success,0.08901623166666667,,,,
x86_64-unknown-linux-gnu,const-oid,0.10.2,parser::tests::reject_non_digits,full,success,0.08593327899999999,,,,
x86_64-unknown-linux-gnu,const-oid,0.10.2,parser::tests::reject_trailing_dot,full,success,0.08707598500000001,,,,
x86_64-unknown-linux-gnu,core-foundation-sys,0.8.7,number::test::match_for_type_id_should_be_backwards_compatible,full,success,0.12821560866666667,,,,
x86_64-unknown-linux-gnu,crc32fast,1.5.0,baseline::test::fast_16_is_the_same_as_slow,full,success,3.5604565596666666,,,,
x86_64-unknown-linux-gnu,crc32fast,1.5.0,baseline::test::slow,full,success,0.13537349633333334,,,,
x86_64-unknown-linux-gnu,crc32fast,1.5.0,combine::golden,full,success,0.15515862066666666,,,,
x86_64-unknown-linux-gnu,crc32fast,1.5.0,test::combine,full,success,6.772597434333332,,,,
x86_64-unknown-linux-gnu,crc32fast,1.5.0,test::combine_from_len,full,success,6.974255621,,,,
x86_64-unknown-linux-gnu,crossbeam-utils,0.8.21,atomic::seq_lock::tests::test_abort,full,success,0.15011653733333333,,,,
x86_64-unknown-linux-gnu,crypto-bigint,0.7.3,checked::tests::checked_add,full,success,0.14259192933333334,,,,
x86_64-unknown-linux-gnu,crypto-bigint,0.7.3,checked::tests::checked_div,full,success,0.13489300766666668,,,,
x86_64-unknown-linux-gnu,crypto-bigint,0.7.3,checked::tests::checked_eq_select,full,success,0.136392119,,,,
x86_64-unknown-linux-gnu,crypto-bigint,0.7.3,checked::tests::checked_from,full,success,0.13524292000000002,,,,
x86_64-unknown-linux-gnu,crypto-bigint,0.7.3,checked::tests::checked_mul,full,success,0.13953060966666667,,,,
x86_64-unknown-linux-gnu,crypto-bigint,0.7.3,checked::tests::checked_new,full,success,0.13608810333333332,,,,
x86_64-unknown-linux-gnu,crypto-bigint,0.7.3,checked::tests::checked_sub,full,success,0.13515971266666668,,,,
x86_64-unknown-linux-gnu,crypto-bigint,0.7.3,int::add::tests::checked_add,full,success,0.134401484,,,,
x86_64-unknown-linux-gnu,crypto-bigint,0.7.3,int::add::tests::overflowing_add,full,success,0.1344975516666667,,,,
x86_64-unknown-linux-gnu,crypto-bigint,0.7.3,int::bit_and::tests::checked_and_ok,full,success,0.137737254,,,,
x86_64-unknown-linux-gnu,crypto-bigint,0.7.3,int::bit_and::tests::wrapping_and_ok,full,success,0.132750795,,,,
x86_64-unknown-linux-gnu,crypto-bigint,0.7.3,int::bit_not::tests::bitnot_ok,full,success,0.13237164566666668,,,,
x86_64-unknown-linux-gnu,crypto-bigint,0.7.3,int::bit_or::tests::checked_or_ok,full,success,0.13510170233333335,,,,
x86_64-unknown-linux-gnu,crypto-bigint,0.7.3,int::bit_or::tests::wrapping_or_ok,full,success,0.132469566,,,,
x86_64-unknown-linux-gnu,crypto-bigint,0.7.3,int::bit_xor::tests::checked_xor_ok,full,success,0.13538544133333333,,,,
x86_64-unknown-linux-gnu,crypto-bigint,0.7.3,int::bit_xor::tests::wrapping_xor_ok,full,success,0.13508795466666668,,,,
x86_64-unknown-linux-gnu,crypto-bigint,0.7.3,int::cmp::tests::test_eq,full,success,0.13604128033333335,,,,
x86_64-unknown-linux-gnu,crypto-bigint,0.7.3,int::cmp::tests::test_gt,full,success,0.13804871766666668,,,,
x86_64-unknown-linux-gnu,crypto-bigint,0.7.3,int::cmp::tests::test_is_nonzero,full,success,0.13447594166666668,,,,
x86_64-unknown-linux-gnu,crypto-bigint,0.7.3,int::cmp::tests::test_lt,full,success,0.13221586766666668,,,,
x86_64-unknown-linux-gnu,crypto-bigint,0.7.3,int::ct::tests::ct_gt,full,success,0.13507205766666666,,,,
x86_64-unknown-linux-gnu,crypto-bigint,0.7.3,int::ct::tests::ct_lt,full,success,0.13258648466666667,,,,
x86_64-unknown-linux-gnu,crypto-bigint,0.7.3,int::ct::tests::ct_select,full,success,0.13254444133333335,,,,
x86_64-unknown-linux-gnu,crypto-bigint,0.7.3,int::div::tests::div_vartime_through_trait,full,success,0.14238498333333335,,,,
x86_64-unknown-linux-gnu,crypto-bigint,0.7.3,int::div::tests::test_checked_div,full,success,0.14881683599999998,,,,
x86_64-unknown-linux-gnu,crypto-bigint,0.7.3,int::div::tests::test_checked_div_floor,full,success,0.13634310966666666,,,,
x86_64-unknown-linux-gnu,crypto-bigint,0.7.3,int::div::tests::test_checked_div_mod_floor,full,success,0.13716242033333337,,,,
x86_64-unknown-linux-gnu,crypto-bigint,0.7.3,int::div_unsigned::tests::test_div_ct_vs_vt,full,success,0.5946744376666667,,,,
x86_64-unknown-linux-gnu,crypto-bigint,0.7.3,int::div_unsigned::tests::test_div_floor_ct_vs_vt,full,success,0.6045408356666667,,,,
x86_64-unknown-linux-gnu,crypto-bigint,0.7.3,int::div_unsigned::tests::test_div_rem_floor_unsigned,full,success,0.1370137416666667,,,,
x86_64-unknown-linux-gnu,crypto-bigint,0.7.3,int::div_unsigned::tests::test_div_unsigned,full,success,0.13588791766666666,,,,
x86_64-unknown-linux-gnu,crypto-bigint,0.7.3,int::from::tests::from_i128,full,success,0.13263244633333335,,,,
x86_64-unknown-linux-gnu,crypto-bigint,0.7.3,int::from::tests::from_i16,full,success,0.13174729333333335,,,,
x86_64-unknown-linux-gnu,crypto-bigint,0.7.3,int::from::tests::from_i32,full,success,0.13287947666666666,,,,
x86_64-unknown-linux-gnu,crypto-bigint,0.7.3,int::from::tests::from_i64,full,success,0.13142361733333335,,,,
x86_64-unknown-linux-gnu,crypto-bigint,0.7.3,int::from::tests::from_i8,full,success,0.13483655233333336,,,,
x86_64-unknown-linux-gnu,crypto-bigint,0.7.3,int::invert_mod::tests::test_invert_even,full,success,0.30813894733333336,,,,
x86_64-unknown-linux-gnu,crypto-bigint,0.7.3,int::invert_mod::tests::test_invert_odd,full,success,0.4716762593333334,,,,
x86_64-unknown-linux-gnu,crypto-bigint,0.7.3,int::mod_symbol::tests::jacobi_int,full,success,0.5005553026666667,,,,
x86_64-unknown-linux-gnu,crypto-bigint,0.7.3,int::mod_symbol::tests::jacobi_neg_one,full,success,0.49317804400000004,,,,
x86_64-unknown-linux-gnu,crypto-bigint,0.7.3,int::mod_symbol::tests::jacobi_non_coprime,full,success,0.3162337333333333,,,,
x86_64-unknown-linux-gnu,crypto-bigint,0.7.3,int::mod_symbol::tests::jacobi_non_quad_residue,full,success,0.31978817800000003,,,,
x86_64-unknown-linux-gnu,crypto-bigint,0.7.3,int::mod_symbol::tests::jacobi_quad_residue,full,success,0.3222418796666667,,,,
x86_64-unknown-linux-gnu,crypto-bigint,0.7.3,int::mod_symbol::tests::jacobi_zero,full,success,0.31521470600000007,,,,
x86_64-unknown-linux-gnu,crypto-bigint,0.7.3,int::mul::tests::test_checked_mul,full,success,0.14284822500000002,,,,
x86_64-unknown-linux-gnu,crypto-bigint,0.7.3,int::mul::tests::test_checked_square,full,success,0.13293432133333336,,,,
x86_64-unknown-linux-gnu,crypto-bigint,0.7.3,int::mul::tests::test_concatenating_mul,full,success,0.14170130633333333,,,,
x86_64-unknown-linux-gnu,crypto-bigint,0.7.3,int::mul::tests::test_concatenating_square,full,success,0.13333032600000003,,,,
x86_64-unknown-linux-gnu,crypto-bigint,0.7.3,int::mul::tests::test_saturating_mul,full,success,0.13905379433333334,,,,
x86_64-unknown-linux-gnu,crypto-bigint,0.7.3,int::mul::tests::test_saturating_square,full,success,0.13311364233333334,,,,
x86_64-unknown-linux-gnu,crypto-bigint,0.7.3,int::mul::tests::test_wrapping_mul,full,success,0.13338850333333332,,,,
x86_64-unknown-linux-gnu,crypto-bigint,0.7.3,int::mul::tests::test_wrapping_mul_mixed,full,success,0.133828003,,,,
x86_64-unknown-linux-gnu,crypto-bigint,0.7.3,int::mul::tests::test_wrapping_square,full,success,0.13528158633333334,,,,
x86_64-unknown-linux-gnu,crypto-bigint,0.7.3,int::mul_unsigned::tests::test_checked_mul_unsigned,full,success,0.13544677466666666,,,,
x86_64-unknown-linux-gnu,crypto-bigint,0.7.3,int::mul_unsigned::tests::test_checked_mul_unsigned_right,full,success,0.13620745533333334,,,,
x86_64-unknown-linux-gnu,crypto-bigint,0.7.3,int::mul_unsigned::tests::test_concatenating_mul_unsigned,full,success,0.13773109333333333,,,,
x86_64-unknown-linux-gnu,crypto-bigint,0.7.3,int::neg::tests::checked_neg,full,success,0.13315767533333336,,,,
x86_64-unknown-linux-gnu,crypto-bigint,0.7.3,int::neg::tests::overflowing_neg,full,success,0.13308376733333335,,,,
x86_64-unknown-linux-gnu,crypto-bigint,0.7.3,int::neg::tests::wrapping_neg_if,full,success,0.13546705,,,,
x86_64-unknown-linux-gnu,crypto-bigint,0.7.3,int::resize::tests::scale_down,full,success,0.147944655,,,,
x86_64-unknown-linux-gnu,crypto-bigint,0.7.3,int::resize::tests::scale_up,full,success,0.13546274700000002,,,,
x86_64-unknown-linux-gnu,crypto-bigint,0.7.3,int::shl::tests::shl1,full,success,0.13428514800000002,,,,
x86_64-unknown-linux-gnu,crypto-bigint,0.7.3,int::shl::tests::shl2,full,success,0.1327950986666667,,,,
x86_64-unknown-linux-gnu,crypto-bigint,0.7.3,int::shl::tests::shl256_const,full,success,0.13344614466666668,,,,
x86_64-unknown-linux-gnu,crypto-bigint,0.7.3,int::shl::tests::shl64,full,success,0.14058588600000002,,,,
x86_64-unknown-linux-gnu,crypto-bigint,0.7.3,int::shl::tests::shl65,full,success,0.13936863933333335,,,,
x86_64-unknown-linux-gnu,crypto-bigint,0.7.3,int::shl::tests::shl88,full,success,0.13299559166666666,,,,
x86_64-unknown-linux-gnu,crypto-bigint,0.7.3,int::shl::tests::shl_bounds_panic,full,success,0.135067079,,,,
x86_64-unknown-linux-gnu,crypto-bigint,0.7.3,int::shl::tests::shl_simple,full,success,0.1323085966666667,,,,
x86_64-unknown-linux-gnu,crypto-bigint,0.7.3,int::shl::tests::unbounded_shl,full,success,0.13593064633333335,,,,
x86_64-unknown-linux-gnu,crypto-bigint,0.7.3,int::shl::tests::wrapping_shl,full,success,0.13308393133333332,,,,
x86_64-unknown-linux-gnu,crypto-bigint,0.7.3,int::shr::tests::overflowing_shr_vartime_zero_shift,full,success,0.13826317633333332,,,,
x86_64-unknown-linux-gnu,crypto-bigint,0.7.3,int::shr::tests::shr0,full,success,0.13349554266666666,,,,
x86_64-unknown-linux-gnu,crypto-bigint,0.7.3,int::shr::tests::shr1,full,success,0.13687387633333334,,,,
x86_64-unknown-linux-gnu,crypto-bigint,0.7.3,int::shr::tests::shr256_const,full,success,0.13358447966666667,,,,
x86_64-unknown-linux-gnu,crypto-bigint,0.7.3,int::shr::tests::shr5,full,success,0.13494686933333336,,,,
x86_64-unknown-linux-gnu,crypto-bigint,0.7.3,int::shr::tests::shr7_vartime,full,success,0.13445016633333334,,,,
x86_64-unknown-linux-gnu,crypto-bigint,0.7.3,int::shr::tests::shr_bounds_panic,full,success,0.13603488633333335,,,,
x86_64-unknown-linux-gnu,crypto-bigint,0.7.3,int::shr::tests::shr_vartime_zero_shift,full,success,0.13592778566666666,,,,
x86_64-unknown-linux-gnu,crypto-bigint,0.7.3,int::shr::tests::unbounded_shr,full,success,0.1348908716666667,,,,
x86_64-unknown-linux-gnu,crypto-bigint,0.7.3,int::shr::tests::unbounded_shr_vartime_zero_shift,full,success,0.13451192566666667,,,,
x86_64-unknown-linux-gnu,crypto-bigint,0.7.3,int::shr::tests::wrapping_shr,full,success,0.138153004,,,,
x86_64-unknown-linux-gnu,crypto-bigint,0.7.3,int::shr::tests::wrapping_shr_vartime_multiple_of_bits_is_identity,full,success,0.14047294466666668,,,,
x86_64-unknown-linux-gnu,crypto-bigint,0.7.3,int::sign::tests::is_negative,full,success,0.13339739166666667,,,,
x86_64-unknown-linux-gnu,crypto-bigint,0.7.3,int::sign::tests::is_positive,full,success,0.13264977233333333,,,,
x86_64-unknown-linux-gnu,crypto-bigint,0.7.3,int::sign::tests::new_from_abs_sign,full,success,0.13703598233333333,,,,
x86_64-unknown-linux-gnu,crypto-bigint,0.7.3,int::sqrt::tests::square_root_expected,full,success,0.15524609933333333,,,,
x86_64-unknown-linux-gnu,crypto-bigint,0.7.3,int::sub::tests::checked_sub,full,success,0.13521173966666666,,,,
x86_64-unknown-linux-gnu,crypto-bigint,0.7.3,int::sub::tests::wrapping_sub,full,success,0.13560201233333335,,,,
x86_64-unknown-linux-gnu,crypto-bigint,0.7.3,int::tests::as_uint,full,success,0.132847883,,,,
x86_64-unknown-linux-gnu,crypto-bigint,0.7.3,int::tests::as_words,full,success,0.13457154133333335,,,,
x86_64-unknown-linux-gnu,crypto-bigint,0.7.3,int::tests::as_words_mut,full,success,0.13570094133333335,,,,
x86_64-unknown-linux-gnu,crypto-bigint,0.7.3,int::tests::is_maximal,full,success,0.137686379,,,,
x86_64-unknown-linux-gnu,crypto-bigint,0.7.3,int::tests::is_minimal,full,success,0.13274336933333333,,,,
x86_64-unknown-linux-gnu,crypto-bigint,0.7.3,int::tests::test_signed,full,success,0.23434859933333332,,,,
x86_64-unknown-linux-gnu,crypto-bigint,0.7.3,int::tests::to_uint,full,success,0.13530949,,,,
x86_64-unknown-linux-gnu,crypto-bigint,0.7.3,jacobi::tests::jacobi_eq,full,success,0.13190231533333333,,,,
x86_64-unknown-linux-gnu,crypto-bigint,0.7.3,jacobi::tests::jacobi_from,full,success,0.13987486533333335,,,,
x86_64-unknown-linux-gnu,crypto-bigint,0.7.3,jacobi::tests::jacobi_neg,full,success,0.13241228766666666,,,,
x86_64-unknown-linux-gnu,crypto-bigint,0.7.3,limb::add::tests::add_no_overflow,full,success,0.132274524,,,,
x86_64-unknown-linux-gnu,crypto-bigint,0.7.3,limb::add::tests::add_with_overflow,full,success,0.1370219036666667,,,,
x86_64-unknown-linux-gnu,crypto-bigint,0.7.3,limb::add::tests::carrying_add_no_carry,full,success,0.1325483816666667,,,,
x86_64-unknown-linux-gnu,crypto-bigint,0.7.3,limb::add::tests::carrying_add_with_carry,full,success,0.13622375166666667,,,,
x86_64-unknown-linux-gnu,crypto-bigint,0.7.3,limb::add::tests::checked_add,full,success,0.13692499466666666,,,,
x86_64-unknown-linux-gnu,crypto-bigint,0.7.3,limb::add::tests::checked_add_ok,full,success,0.14694987333333334,,,,
x86_64-unknown-linux-gnu,crypto-bigint,0.7.3,limb::add::tests::checked_add_overflow,full,success,0.13268856633333334,,,,
x86_64-unknown-linux-gnu,crypto-bigint,0.7.3,limb::add::tests::overflowing_add_no_carry,full,success,0.13793070533333332,,,,
x86_64-unknown-linux-gnu,crypto-bigint,0.7.3,limb::add::tests::overflowing_add_with_carry,full,success,0.13464862566666666,,,,
x86_64-unknown-linux-gnu,crypto-bigint,0.7.3,limb::add::tests::saturating_add,full,success,0.1358692026666667,,,,
x86_64-unknown-linux-gnu,crypto-bigint,0.7.3,limb::add::tests::wrapping_add_no_carry,full,success,0.1320929346666667,,,,
x86_64-unknown-linux-gnu,crypto-bigint,0.7.3,limb::add::tests::wrapping_add_with_carry,full,success,0.13130520266666668,,,,
x86_64-unknown-linux-gnu,crypto-bigint,0.7.3,limb::bit_xor::tests::bitxor,full,success,0.13192653633333337,,,,
x86_64-unknown-linux-gnu,crypto-bigint,0.7.3,limb::bit_xor::tests::bitxor_assign,full,success,0.13389269233333334,,,,
x86_64-unknown-linux-gnu,crypto-bigint,0.7.3,limb::bits::tests::bit,full,success,0.1326937616666667,,,,
x86_64-unknown-linux-gnu,crypto-bigint,0.7.3,limb::bits::tests::bit_vartime,full,success,0.13269928,,,,
x86_64-unknown-linux-gnu,crypto-bigint,0.7.3,limb::bits::tests::leading_zeros,full,success,0.132449004,,,,
x86_64-unknown-linux-gnu,crypto-bigint,0.7.3,limb::bits::tests::leading_zeros_vartime,full,success,0.1357492266666667,,,,
x86_64-unknown-linux-gnu,crypto-bigint,0.7.3,limb::bits::tests::set_bit,full,success,0.13443652566666667,,,,
x86_64-unknown-linux-gnu,crypto-bigint,0.7.3,limb::bits::tests::set_bit_vartime,full,success,0.1332614506666667,,,,
x86_64-unknown-linux-gnu,crypto-bigint,0.7.3,limb::bits::tests::trailing_ones,full,success,0.13290107966666667,,,,
x86_64-unknown-linux-gnu,crypto-bigint,0.7.3,limb::bits::tests::trailing_ones_vartime,full,success,0.14875564266666666,,,,
x86_64-unknown-linux-gnu,crypto-bigint,0.7.3,limb::bits::tests::trailing_zeros,full,success,0.13919208033333336,,,,
x86_64-unknown-linux-gnu,crypto-bigint,0.7.3,limb::bits::tests::trailing_zeros_vartime,full,success,0.13339022733333336,,,,
x86_64-unknown-linux-gnu,crypto-bigint,0.7.3,limb::cmp::tests::cmp,full,success,0.13303322800000003,,,,
x86_64-unknown-linux-gnu,crypto-bigint,0.7.3,limb::cmp::tests::ct_conditional_swap,full,success,0.13350951366666666,,,,
x86_64-unknown-linux-gnu,crypto-bigint,0.7.3,limb::cmp::tests::is_odd,full,success,0.13258509166666668,,,,
x86_64-unknown-linux-gnu,crypto-bigint,0.7.3,limb::cmp::tests::is_zero,full,success,0.13260802366666666,,,,
x86_64-unknown-linux-gnu,crypto-bigint,0.7.3,limb::ct::tests::ct_eq,full,success,0.13310405866666666,,,,
x86_64-unknown-linux-gnu,crypto-bigint,0.7.3,limb::ct::tests::ct_gt,full,success,0.134325373,,,,
x86_64-unknown-linux-gnu,crypto-bigint,0.7.3,limb::ct::tests::ct_lt,full,success,0.1322073116666667,,,,
x86_64-unknown-linux-gnu,crypto-bigint,0.7.3,limb::div::tests::checked_div,full,success,0.13617612466666668,,,,
x86_64-unknown-linux-gnu,crypto-bigint,0.7.3,limb::div::tests::checked_rem,full,success,0.13447509733333332,,,,
x86_64-unknown-linux-gnu,crypto-bigint,0.7.3,limb::div::tests::div_assign_trait,full,success,0.13305565600000002,,,,
x86_64-unknown-linux-gnu,crypto-bigint,0.7.3,limb::div::tests::div_ref_zero,full,success,0.136161644,,,,
x86_64-unknown-linux-gnu,crypto-bigint,0.7.3,limb::div::tests::div_rem_ok,full,success,0.13277166266666665,,,,
x86_64-unknown-linux-gnu,crypto-bigint,0.7.3,limb::div::tests::div_trait,full,success,0.13502483,,,,
x86_64-unknown-linux-gnu,crypto-bigint,0.7.3,limb::div::tests::div_zero,full,success,0.14294184266666668,,,,
x86_64-unknown-linux-gnu,crypto-bigint,0.7.3,limb::div::tests::rem_assign_trait,full,success,0.13258034166666666,,,,
x86_64-unknown-linux-gnu,crypto-bigint,0.7.3,limb::div::tests::rem_ref_zero,full,success,0.14341045266666666,,,,
x86_64-unknown-linux-gnu,crypto-bigint,0.7.3,limb::div::tests::rem_trait,full,success,0.13285685733333333,,,,
x86_64-unknown-linux-gnu,crypto-bigint,0.7.3,limb::div::tests::rem_zero,full,success,0.13976300866666666,,,,
x86_64-unknown-linux-gnu,crypto-bigint,0.7.3,limb::encoding::test::reverse,full,success,0.133188308,,,,
x86_64-unknown-linux-gnu,crypto-bigint,0.7.3,limb::encoding::test::roundtrip,full,success,0.132077637,,,,
x86_64-unknown-linux-gnu,crypto-bigint,0.7.3,limb::gcd::tests::gcd_expected,full,success,0.16116777766666665,,,,
x86_64-unknown-linux-gnu,crypto-bigint,0.7.3,limb::mul::tests::checked_mul_ok,full,success,0.13224933433333333,,,,
x86_64-unknown-linux-gnu,crypto-bigint,0.7.3,limb::mul::tests::checked_mul_overflow,full,success,0.133235409,,,,
x86_64-unknown-linux-gnu,crypto-bigint,0.7.3,limb::shl::tests::overflowing_shl,full,success,0.137935244,,,,
x86_64-unknown-linux-gnu,crypto-bigint,0.7.3,limb::shl::tests::shl1,full,success,0.13266287400000001,,,,
x86_64-unknown-linux-gnu,crypto-bigint,0.7.3,limb::shl::tests::shl2,full,success,0.13879888133333337,,,,
x86_64-unknown-linux-gnu,crypto-bigint,0.7.3,limb::shl::tests::shl_assign1,full,success,0.1321865036666667,,,,
x86_64-unknown-linux-gnu,crypto-bigint,0.7.3,limb::shl::tests::shl_assign2,full,success,0.134213775,,,,
x86_64-unknown-linux-gnu,crypto-bigint,0.7.3,limb::shl::tests::unbounded_shl,full,success,0.13292332666666665,,,,
x86_64-unknown-linux-gnu,crypto-bigint,0.7.3,limb::shl::tests::wrapping_shl,full,success,0.13288327166666666,,,,
x86_64-unknown-linux-gnu,crypto-bigint,0.7.3,limb::shr::tests::overflowing_shr,full,success,0.139229847,,,,
x86_64-unknown-linux-gnu,crypto-bigint,0.7.3,limb::shr::tests::shr1,full,success,0.13427952733333334,,,,
x86_64-unknown-linux-gnu,crypto-bigint,0.7.3,limb::shr::tests::shr2,full,success,0.13293046500000003,,,,
x86_64-unknown-linux-gnu,crypto-bigint,0.7.3,limb::shr::tests::shr_assign1,full,success,0.13247884333333335,,,,
x86_64-unknown-linux-gnu,crypto-bigint,0.7.3,limb::shr::tests::shr_assign2,full,success,0.14268339100000002,,,,
x86_64-unknown-linux-gnu,crypto-bigint,0.7.3,limb::shr::tests::unbounded_shr,full,success,0.13222579333333337,,,,
x86_64-unknown-linux-gnu,crypto-bigint,0.7.3,limb::shr::tests::wrapping_shr,full,success,0.13415191933333334,,,,
x86_64-unknown-linux-gnu,crypto-bigint,0.7.3,limb::sub::tests::borrowing_sub_no_borrow,full,success,0.13736864933333334,,,,
x86_64-unknown-linux-gnu,crypto-bigint,0.7.3,limb::sub::tests::borrowing_sub_with_borrow,full,success,0.132421067,,,,
x86_64-unknown-linux-gnu,crypto-bigint,0.7.3,limb::sub::tests::checked_sub_ok,full,success,0.13266537333333334,,,,
x86_64-unknown-linux-gnu,crypto-bigint,0.7.3,limb::sub::tests::checked_sub_overflow,full,success,0.13300066733333335,,,,
x86_64-unknown-linux-gnu,crypto-bigint,0.7.3,limb::sub::tests::wrapping_sub_no_borrow,full,success,0.1326721836666667,,,,
x86_64-unknown-linux-gnu,crypto-bigint,0.7.3,limb::sub::tests::wrapping_sub_with_borrow,full,success,0.13328856233333333,,,,
x86_64-unknown-linux-gnu,crypto-bigint,0.7.3,limb::tests::nlimbs_for_bits_macro,full,success,0.13327142666666666,,,,
x86_64-unknown-linux-gnu,crypto-bigint,0.7.3,limb::tests::test_unsigned,full,success,0.177272118,,,,
x86_64-unknown-linux-gnu,crypto-bigint,0.7.3,modular::bingcd::compact::tests::test_compact,full,success,0.13227774533333334,,,,
x86_64-unknown-linux-gnu,crypto-bigint,0.7.3,modular::bingcd::compact::tests::test_compact_vartime,full,success,0.13322954466666667,,,,
x86_64-unknown-linux-gnu,crypto-bigint,0.7.3,modular::bingcd::div_mod_2k::tests::test_carrying_mul_add_limb,full,success,0.14262628600000002,,,,
x86_64-unknown-linux-gnu,crypto-bigint,0.7.3,modular::bingcd::div_mod_2k::tests::test_limb_bounded_div2k_mod_q,full,success,0.13509432500000004,,,,
x86_64-unknown-linux-gnu,crypto-bigint,0.7.3,modular::bingcd::div_mod_2k::tests::test_uint_bounded_div2k_mod_q,full,success,0.136402473,,,,
x86_64-unknown-linux-gnu,crypto-bigint,0.7.3,modular::bingcd::extension::tests::bounded_shr,full,success,0.13395320133333335,,,,
x86_64-unknown-linux-gnu,crypto-bigint,0.7.3,modular::bingcd::extension::tests::test_from_product,full,success,0.13230617133333336,,,,
x86_64-unknown-linux-gnu,crypto-bigint,0.7.3,modular::bingcd::extension::tests::test_wrapping_sub,full,success,0.13238494966666667,,,,
x86_64-unknown-linux-gnu,crypto-bigint,0.7.3,modular::bingcd::matrix::tests::test_conditional_add_right_column_to_left,full,success,0.134461101,,,,
x86_64-unknown-linux-gnu,crypto-bigint,0.7.3,modular::bingcd::matrix::tests::test_conditional_double,full,success,0.13638577799999999,,,,
x86_64-unknown-linux-gnu,crypto-bigint,0.7.3,modular::bingcd::matrix::tests::test_conditional_subtract_bottom_row_from_top,full,success,0.13526776533333337,,,,
x86_64-unknown-linux-gnu,crypto-bigint,0.7.3,modular::bingcd::matrix::tests::test_conditional_subtract_right_column_from_left,full,success,0.13462136466666666,,,,
x86_64-unknown-linux-gnu,crypto-bigint,0.7.3,modular::bingcd::matrix::tests::test_conditional_swap,full,success,0.13544771266666666,,,,
x86_64-unknown-linux-gnu,crypto-bigint,0.7.3,modular::bingcd::matrix::tests::test_swap,full,success,0.13376042833333332,,,,
x86_64-unknown-linux-gnu,crypto-bigint,0.7.3,modular::bingcd::matrix::tests::test_wrapping_apply_to,full,success,0.13659486366666668,,,,
x86_64-unknown-linux-gnu,crypto-bigint,0.7.3,modular::const_monty_form::add::tests::add_overflow,full,success,0.13358800166666668,,,,
x86_64-unknown-linux-gnu,crypto-bigint,0.7.3,modular::const_monty_form::invert::tests::test_self_inverse,full,success,0.18295928833333333,,,,
x86_64-unknown-linux-gnu,crypto-bigint,0.7.3,modular::const_monty_form::lincomb::tests::lincomb_expected,full,success,15.097178057999999,,,,
x86_64-unknown-linux-gnu,crypto-bigint,0.7.3,modular::const_monty_form::macros::tests::impl_modulus_with_valid_modulus,full,success,0.13391367466666668,,,,
x86_64-unknown-linux-gnu,crypto-bigint,0.7.3,modular::const_monty_form::macros::tests::new_params_with_valid_modulus,full,success,0.132010043,,,,
x86_64-unknown-linux-gnu,crypto-bigint,0.7.3,modular::const_monty_form::mod_symbol::tests::jacobi_quad_nonresidue,full,success,0.40026479666666664,,,,
x86_64-unknown-linux-gnu,crypto-bigint,0.7.3,modular::const_monty_form::mod_symbol::tests::jacobi_quad_residue,full,success,0.40081560000000005,,,,
x86_64-unknown-linux-gnu,crypto-bigint,0.7.3,modular::const_monty_form::mul::tests::test_mul_eq_add,full,success,0.1325883446666667,,,,
x86_64-unknown-linux-gnu,crypto-bigint,0.7.3,modular::const_monty_form::mul::tests::test_mul_one,full,success,0.13458711133333334,,,,
x86_64-unknown-linux-gnu,crypto-bigint,0.7.3,modular::const_monty_form::mul::tests::test_mul_zero,full,success,0.133201382,,,,
x86_64-unknown-linux-gnu,crypto-bigint,0.7.3,modular::const_monty_form::mul::tests::test_square_eq_mul,full,success,0.137420962,,,,
x86_64-unknown-linux-gnu,crypto-bigint,0.7.3,modular::const_monty_form::mul::tests::test_square_repeat,full,success,0.134122026,,,,
x86_64-unknown-linux-gnu,crypto-bigint,0.7.3,modular::const_monty_form::neg::tests::test_negate,full,success,0.13214874066666668,,,,
x86_64-unknown-linux-gnu,crypto-bigint,0.7.3,modular::const_monty_form::pow::tests::test_multi_exp_array,full,success,0.297309845,,,,
x86_64-unknown-linux-gnu,crypto-bigint,0.7.3,modular::const_monty_form::pow::tests::test_powmod,full,success,0.18821641533333336,,,,
x86_64-unknown-linux-gnu,crypto-bigint,0.7.3,modular::const_monty_form::pow::tests::test_powmod_small_base,full,success,0.18378325366666667,,,,
x86_64-unknown-linux-gnu,crypto-bigint,0.7.3,modular::const_monty_form::pow::tests::test_powmod_small_exponent,full,success,0.16665883666666667,,,,
x86_64-unknown-linux-gnu,crypto-bigint,0.7.3,modular::const_monty_form::pow::tests::test_powmod_zero,full,success,0.16873545533333334,,,,
x86_64-unknown-linux-gnu,crypto-bigint,0.7.3,modular::const_monty_form::sqrt::tests::check_sqrt,full,success,0.186399312,,,,
x86_64-unknown-linux-gnu,crypto-bigint,0.7.3,modular::const_monty_form::sub::tests::sub_overflow,full,success,0.13254606733333332,,,,
x86_64-unknown-linux-gnu,crypto-bigint,0.7.3,modular::fixed_monty_form::add::tests::add_overflow,full,success,0.13675426366666668,,,,
x86_64-unknown-linux-gnu,crypto-bigint,0.7.3,modular::fixed_monty_form::invert::tests::test_self_inverse,full,success,0.18350320333333334,,,,
x86_64-unknown-linux-gnu,crypto-bigint,0.7.3,modular::fixed_monty_form::lincomb::tests::lincomb_expected,full,success,26.181843279666666,,,,
x86_64-unknown-linux-gnu,crypto-bigint,0.7.3,modular::fixed_monty_form::mod_symbol::tests::jacobi_quad_nonresidue,full,success,0.3957046796666666,,,,
x86_64-unknown-linux-gnu,crypto-bigint,0.7.3,modular::fixed_monty_form::mod_symbol::tests::jacobi_quad_residue,full,success,0.39737674200000006,,,,
x86_64-unknown-linux-gnu,crypto-bigint,0.7.3,modular::fixed_monty_form::mul::tests::test_mul_eq_add,full,success,0.13297857966666668,,,,
x86_64-unknown-linux-gnu,crypto-bigint,0.7.3,modular::fixed_monty_form::mul::tests::test_mul_one,full,success,0.13254400033333333,,,,
x86_64-unknown-linux-gnu,crypto-bigint,0.7.3,modular::fixed_monty_form::mul::tests::test_mul_zero,full,success,0.13440121233333335,,,,
x86_64-unknown-linux-gnu,crypto-bigint,0.7.3,modular::fixed_monty_form::mul::tests::test_square_eq_mul,full,success,0.13261789766666668,,,,
x86_64-unknown-linux-gnu,crypto-bigint,0.7.3,modular::fixed_monty_form::mul::tests::test_square_repeat,full,success,0.14124686266666667,,,,
x86_64-unknown-linux-gnu,crypto-bigint,0.7.3,modular::fixed_monty_form::pow::tests::test_multi_exp_array,full,success,0.3556807706666667,,,,
x86_64-unknown-linux-gnu,crypto-bigint,0.7.3,modular::fixed_monty_form::pow::tests::test_powmod,full,success,0.21373321200000003,,,,
x86_64-unknown-linux-gnu,crypto-bigint,0.7.3,modular::fixed_monty_form::pow::tests::test_powmod_small_base,full,success,0.21626280733333336,,,,
x86_64-unknown-linux-gnu,crypto-bigint,0.7.3,modular::fixed_monty_form::pow::tests::test_powmod_small_exponent,full,success,0.18375117966666668,,,,
x86_64-unknown-linux-gnu,crypto-bigint,0.7.3,modular::fixed_monty_form::pow::tests::test_powmod_zero,full,success,0.18103397266666668,,,,
x86_64-unknown-linux-gnu,crypto-bigint,0.7.3,modular::fixed_monty_form::sub::tests::sub_overflow,full,success,0.13510092333333334,,,,
x86_64-unknown-linux-gnu,crypto-bigint,0.7.3,modular::fixed_monty_form::tests::new_params_with_valid_modulus,full,success,0.13635597133333333,,,,
x86_64-unknown-linux-gnu,crypto-bigint,0.7.3,modular::prime_params::tests::check_equality,full,success,0.137132369,,,,
x86_64-unknown-linux-gnu,crypto-bigint,0.7.3,modular::prime_params::tests::check_expected,full,success,0.137730879,,,,
x86_64-unknown-linux-gnu,crypto-bigint,0.7.3,modular::prime_params::tests::check_invalid_generator,full,success,0.14373526633333333,,,,
x86_64-unknown-linux-gnu,crypto-bigint,0.7.3,modular::prime_params::tests::check_non_prime,full,success,0.14834404433333334,,,,
x86_64-unknown-linux-gnu,crypto-bigint,0.7.3,modular::safegcd::tests::invert,full,success,0.15666468966666666,,,,
x86_64-unknown-linux-gnu,crypto-bigint,0.7.3,modular::safegcd::tests::shr_wide,full,success,0.134252763,,,,
x86_64-unknown-linux-gnu,crypto-bigint,0.7.3,modular::sqrt::tests::mod_sqrt_s_1,full,success,0.2149788026666667,,,,
x86_64-unknown-linux-gnu,crypto-bigint,0.7.3,modular::sqrt::tests::mod_sqrt_s_2,full,success,0.27220653699999997,,,,
x86_64-unknown-linux-gnu,crypto-bigint,0.7.3,modular::sqrt::tests::mod_sqrt_s_3,full,success,0.6893911053333334,,,,
x86_64-unknown-linux-gnu,crypto-bigint,0.7.3,modular::sqrt::tests::mod_sqrt_s_4,full,success,0.27165827566666667,,,,
x86_64-unknown-linux-gnu,crypto-bigint,0.7.3,modular::sqrt::tests::mod_sqrt_s_6,full,success,0.2921695583333333,,,,
x86_64-unknown-linux-gnu,crypto-bigint,0.7.3,modular::tests::monty_mul_one_r,full,success,0.13476546566666667,,,,
x86_64-unknown-linux-gnu,crypto-bigint,0.7.3,modular::tests::monty_mul_r2,full,success,0.1383459326666667,,,,
x86_64-unknown-linux-gnu,crypto-bigint,0.7.3,modular::tests::monty_mul_r_r,full,success,0.13316308066666668,,,,
x86_64-unknown-linux-gnu,crypto-bigint,0.7.3,modular::tests::monty_mul_xr,full,success,0.13722609433333333,,,,
x86_64-unknown-linux-gnu,crypto-bigint,0.7.3,modular::tests::monty_mul_xr2,full,success,0.136977127,,,,
x86_64-unknown-linux-gnu,crypto-bigint,0.7.3,modular::tests::monty_square_r,full,success,0.132866187,,,,
x86_64-unknown-linux-gnu,crypto-bigint,0.7.3,modular::tests::test_montgomery_params,full,success,0.13344809733333335,,,,
x86_64-unknown-linux-gnu,crypto-bigint,0.7.3,modular::tests::test_new_retrieve,full,success,0.13236684366666668,,,,
x86_64-unknown-linux-gnu,crypto-bigint,0.7.3,modular::tests::test_reducing_one,full,success,0.13310748933333336,,,,
x86_64-unknown-linux-gnu,crypto-bigint,0.7.3,modular::tests::test_reducing_r2,full,success,0.13259706000000002,,,,
x86_64-unknown-linux-gnu,crypto-bigint,0.7.3,modular::tests::test_reducing_r2_wide,full,success,0.13199360366666668,,,,
x86_64-unknown-linux-gnu,crypto-bigint,0.7.3,modular::tests::test_reducing_xr2_wide,full,success,0.13567738233333335,,,,
x86_64-unknown-linux-gnu,crypto-bigint,0.7.3,modular::tests::test_reducing_xr_wide,full,success,0.1323876953333333,,,,
x86_64-unknown-linux-gnu,crypto-bigint,0.7.3,non_zero::tests::default,full,success,0.13227905166666667,,,,
x86_64-unknown-linux-gnu,crypto-bigint,0.7.3,non_zero::tests::from_be_bytes,full,success,0.13276626066666666,,,,
x86_64-unknown-linux-gnu,crypto-bigint,0.7.3,non_zero::tests::from_be_hex_when_nonzero,full,success,0.13520516633333335,,,,
x86_64-unknown-linux-gnu,crypto-bigint,0.7.3,non_zero::tests::from_be_hex_when_zero,full,success,0.135985832,,,,
x86_64-unknown-linux-gnu,crypto-bigint,0.7.3,non_zero::tests::from_le_bytes,full,success,0.13384630566666667,,,,
x86_64-unknown-linux-gnu,crypto-bigint,0.7.3,non_zero::tests::from_le_hex_when_nonzero,full,success,0.13228438333333334,,,,
x86_64-unknown-linux-gnu,crypto-bigint,0.7.3,non_zero::tests::from_le_hex_when_zero,full,success,0.13529368266666666,,,,
x86_64-unknown-linux-gnu,crypto-bigint,0.7.3,non_zero::tests::int_abs_sign,full,success,0.13310686533333332,,,,
x86_64-unknown-linux-gnu,crypto-bigint,0.7.3,non_zero::tests::one,full,success,0.13294475500000003,,,,
x86_64-unknown-linux-gnu,crypto-bigint,0.7.3,odd::tests::default,full,success,0.13185817966666666,,,,
x86_64-unknown-linux-gnu,crypto-bigint,0.7.3,odd::tests::from_be_hex_when_even,full,success,0.1357025026666667,,,,
x86_64-unknown-linux-gnu,crypto-bigint,0.7.3,odd::tests::from_be_hex_when_odd,full,success,0.14294516100000002,,,,
x86_64-unknown-linux-gnu,crypto-bigint,0.7.3,odd::tests::from_le_hex_when_even,full,success,0.14740866366666666,,,,
x86_64-unknown-linux-gnu,crypto-bigint,0.7.3,odd::tests::from_le_hex_when_odd,full,success,0.13249451533333334,,,,
x86_64-unknown-linux-gnu,crypto-bigint,0.7.3,odd::tests::not_odd_numbers,full,success,0.13184378433333332,,,,
x86_64-unknown-linux-gnu,crypto-bigint,0.7.3,primitives::tests::carrying_mul_add_cannot_overflow,full,success,0.13977873433333335,,,,
x86_64-unknown-linux-gnu,crypto-bigint,0.7.3,primitives::tests::test_u32_const_max,full,success,0.132424784,,,,
x86_64-unknown-linux-gnu,crypto-bigint,0.7.3,primitives::tests::test_u32_const_min,full,success,0.13603342966666668,,,,
x86_64-unknown-linux-gnu,crypto-bigint,0.7.3,primitives::tests::test_u32_const_rem,full,success,0.13507454333333332,,,,
x86_64-unknown-linux-gnu,crypto-bigint,0.7.3,uint::add::tests::carrying_add_no_carry,full,success,0.13225430100000002,,,,
x86_64-unknown-linux-gnu,crypto-bigint,0.7.3,uint::add::tests::carrying_add_with_carry,full,success,0.132868841,,,,
x86_64-unknown-linux-gnu,crypto-bigint,0.7.3,uint::add::tests::checked_add_ok,full,success,0.13339308133333336,,,,
x86_64-unknown-linux-gnu,crypto-bigint,0.7.3,uint::add::tests::checked_add_overflow,full,success,0.1322774996666667,,,,
x86_64-unknown-linux-gnu,crypto-bigint,0.7.3,uint::add::tests::overflowing_add_limb,full,success,0.13389616733333334,,,,
x86_64-unknown-linux-gnu,crypto-bigint,0.7.3,uint::add::tests::saturating_add_no_carry,full,success,0.13270642033333335,,,,
x86_64-unknown-linux-gnu,crypto-bigint,0.7.3,uint::add::tests::saturating_add_with_carry,full,success,0.13404973133333334,,,,
x86_64-unknown-linux-gnu,crypto-bigint,0.7.3,uint::add::tests::wrapping_add_no_carry,full,success,0.13415697566666665,,,,
x86_64-unknown-linux-gnu,crypto-bigint,0.7.3,uint::add::tests::wrapping_add_with_carry,full,success,0.138517751,,,,
x86_64-unknown-linux-gnu,crypto-bigint,0.7.3,uint::add_mod::tests::add_mod_nist_p256,full,success,0.13282811633333333,,,,
x86_64-unknown-linux-gnu,crypto-bigint,0.7.3,uint::add_mod::tests::add_mod_special,full,success,1.6047503159999998,,,,
x86_64-unknown-linux-gnu,crypto-bigint,0.7.3,uint::add_mod::tests::double_mod_expected,full,success,0.1345571666666667,,,,
x86_64-unknown-linux-gnu,crypto-bigint,0.7.3,uint::bit_and::tests::checked_and_ok,full,success,0.13424263733333333,,,,
x86_64-unknown-linux-gnu,crypto-bigint,0.7.3,uint::bit_and::tests::overlapping_and_ok,full,success,0.13486090633333334,,,,
x86_64-unknown-linux-gnu,crypto-bigint,0.7.3,uint::bit_not::tests::bitnot_ok,full,success,0.13324209466666667,,,,
x86_64-unknown-linux-gnu,crypto-bigint,0.7.3,uint::bit_or::tests::checked_or_ok,full,success,0.132669906,,,,
x86_64-unknown-linux-gnu,crypto-bigint,0.7.3,uint::bit_or::tests::overlapping_or_ok,full,success,0.13341081133333332,,,,
x86_64-unknown-linux-gnu,crypto-bigint,0.7.3,uint::bit_xor::tests::checked_xor_ok,full,success,0.13619603433333335,,,,
x86_64-unknown-linux-gnu,crypto-bigint,0.7.3,uint::bit_xor::tests::overlapping_xor_ok,full,success,0.14262762599999998,,,,
x86_64-unknown-linux-gnu,crypto-bigint,0.7.3,uint::bits::tests::bit,full,success,0.13834133266666668,,,,
x86_64-unknown-linux-gnu,crypto-bigint,0.7.3,uint::bits::tests::bit_vartime,full,success,0.13356476966666667,,,,
x86_64-unknown-linux-gnu,crypto-bigint,0.7.3,uint::bits::tests::leading_zeros,full,success,0.13826831633333334,,,,
x86_64-unknown-linux-gnu,crypto-bigint,0.7.3,uint::bits::tests::leading_zeros_vartime,full,success,0.13526114066666667,,,,
x86_64-unknown-linux-gnu,crypto-bigint,0.7.3,uint::bits::tests::set_bit,full,success,0.13736997133333334,,,,
x86_64-unknown-linux-gnu,crypto-bigint,0.7.3,uint::bits::tests::trailing_ones,full,success,0.13238202733333335,,,,
x86_64-unknown-linux-gnu,crypto-bigint,0.7.3,uint::bits::tests::trailing_ones_vartime,full,success,0.13346213566666668,,,,
x86_64-unknown-linux-gnu,crypto-bigint,0.7.3,uint::bits::tests::trailing_zeros,full,success,0.133100044,,,,
x86_64-unknown-linux-gnu,crypto-bigint,0.7.3,uint::bits::tests::trailing_zeros_vartime,full,success,0.133782651,,,,
x86_64-unknown-linux-gnu,crypto-bigint,0.7.3,uint::cmp::tests::cmp,full,success,0.14283208733333333,,,,
x86_64-unknown-linux-gnu,crypto-bigint,0.7.3,uint::cmp::tests::cmp_vartime,full,success,0.1327747566666667,,,,
x86_64-unknown-linux-gnu,crypto-bigint,0.7.3,uint::cmp::tests::conditional_swap,full,success,0.13268534933333334,,,,
x86_64-unknown-linux-gnu,crypto-bigint,0.7.3,uint::cmp::tests::is_odd,full,success,0.13659030333333336,,,,
x86_64-unknown-linux-gnu,crypto-bigint,0.7.3,uint::cmp::tests::is_zero,full,success,0.135714525,,,,
x86_64-unknown-linux-gnu,crypto-bigint,0.7.3,uint::cmp::tests::lte,full,success,0.13234014466666666,,,,
x86_64-unknown-linux-gnu,crypto-bigint,0.7.3,uint::concat::tests::concat,full,success,0.13553096966666667,,,,
x86_64-unknown-linux-gnu,crypto-bigint,0.7.3,uint::concat::tests::concat_checked,full,success,0.13305470100000003,,,,
x86_64-unknown-linux-gnu,crypto-bigint,0.7.3,uint::concat::tests::concat_mixed,full,success,0.135316277,,,,
x86_64-unknown-linux-gnu,crypto-bigint,0.7.3,uint::concat::tests::concat_resize_large,full,success,0.13471840233333335,,,,
x86_64-unknown-linux-gnu,crypto-bigint,0.7.3,uint::concat::tests::concat_resize_small,full,success,0.135324633,,,,
x86_64-unknown-linux-gnu,crypto-bigint,0.7.3,uint::concat::tests::convert,full,success,0.13457862233333334,,,,
x86_64-unknown-linux-gnu,crypto-bigint,0.7.3,uint::concat::tests::infer_sizes,full,success,0.13361004833333334,,,,
x86_64-unknown-linux-gnu,crypto-bigint,0.7.3,uint::ct::tests::ct_eq,full,success,0.13491366899999999,,,,
x86_64-unknown-linux-gnu,crypto-bigint,0.7.3,uint::ct::tests::ct_gt,full,success,0.133235278,,,,
x86_64-unknown-linux-gnu,crypto-bigint,0.7.3,uint::ct::tests::ct_lt,full,success,0.133546519,,,,
x86_64-unknown-linux-gnu,crypto-bigint,0.7.3,uint::ct::tests::ct_select,full,success,0.13370955033333334,,,,
x86_64-unknown-linux-gnu,crypto-bigint,0.7.3,uint::div::tests::div,full,success,0.220519766,,,,
x86_64-unknown-linux-gnu,crypto-bigint,0.7.3,uint::div::tests::div_assign_trait,full,success,0.139803419,,,,
x86_64-unknown-linux-gnu,crypto-bigint,0.7.3,uint::div::tests::div_edge,full,success,0.13825503733333336,,,,
x86_64-unknown-linux-gnu,crypto-bigint,0.7.3,uint::div::tests::div_max,full,success,0.138084965,,,,
x86_64-unknown-linux-gnu,crypto-bigint,0.7.3,uint::div::tests::div_one,full,success,0.13848010200000002,,,,
x86_64-unknown-linux-gnu,crypto-bigint,0.7.3,uint::div::tests::div_ref_zero,full,success,0.14192795833333335,,,,
x86_64-unknown-linux-gnu,crypto-bigint,0.7.3,uint::div::tests::div_rem_larger_denominator,full,success,0.13725923633333334,,,,
x86_64-unknown-linux-gnu,crypto-bigint,0.7.3,uint::div::tests::div_rem_larger_numerator,full,success,0.13654790766666666,,,,
x86_64-unknown-linux-gnu,crypto-bigint,0.7.3,uint::div::tests::div_trait,full,success,0.13972088933333335,,,,
x86_64-unknown-linux-gnu,crypto-bigint,0.7.3,uint::div::tests::div_vartime_through_traits,full,success,0.13357225566666667,,,,
x86_64-unknown-linux-gnu,crypto-bigint,0.7.3,uint::div::tests::div_word,full,success,0.14806320733333334,,,,
x86_64-unknown-linux-gnu,crypto-bigint,0.7.3,uint::div::tests::div_zero,full,success,0.13645790266666666,,,,
x86_64-unknown-linux-gnu,crypto-bigint,0.7.3,uint::div::tests::reduce_max,full,success,0.13534458100000002,,,,
x86_64-unknown-linux-gnu,crypto-bigint,0.7.3,uint::div::tests::reduce_one,full,success,0.13245038733333334,,,,
x86_64-unknown-linux-gnu,crypto-bigint,0.7.3,uint::div::tests::reduce_tests,full,success,0.13895107,,,,
x86_64-unknown-linux-gnu,crypto-bigint,0.7.3,uint::div::tests::reduce_tests_wide_zero_padded,full,success,0.146367281,,,,
x86_64-unknown-linux-gnu,crypto-bigint,0.7.3,uint::div::tests::rem2krand,full,success,0.172115912,,,,
x86_64-unknown-linux-gnu,crypto-bigint,0.7.3,uint::div::tests::rem_assign_trait,full,success,0.13514073433333335,,,,
x86_64-unknown-linux-gnu,crypto-bigint,0.7.3,uint::div::tests::rem_mixed,full,success,0.13855834033333336,,,,
x86_64-unknown-linux-gnu,crypto-bigint,0.7.3,uint::div::tests::rem_mixed_even,full,success,0.137745322,,,,
x86_64-unknown-linux-gnu,crypto-bigint,0.7.3,uint::div::tests::rem_mixed_through_traits,full,success,0.13393426500000002,,,,
x86_64-unknown-linux-gnu,crypto-bigint,0.7.3,uint::div::tests::rem_ref_zero,full,success,0.13634156733333333,,,,
x86_64-unknown-linux-gnu,crypto-bigint,0.7.3,uint::div::tests::rem_trait,full,success,0.14182799466666668,,,,
x86_64-unknown-linux-gnu,crypto-bigint,0.7.3,uint::div::tests::rem_wide_corner_case,full,success,0.13437567766666667,,,,
x86_64-unknown-linux-gnu,crypto-bigint,0.7.3,uint::div::tests::rem_zero,full,success,0.13549430133333332,,,,
x86_64-unknown-linux-gnu,crypto-bigint,0.7.3,uint::div_limb::tests::div2by1_overflow,full,success,0.13271957433333334,,,,
x86_64-unknown-linux-gnu,crypto-bigint,0.7.3,uint::encoding::tests::encode_be_hex,full,success,0.13186510433333334,,,,
x86_64-unknown-linux-gnu,crypto-bigint,0.7.3,uint::encoding::tests::from_be_hex,full,success,0.13299067500000003,,,,
x86_64-unknown-linux-gnu,crypto-bigint,0.7.3,uint::encoding::tests::from_be_slice,full,success,0.136564198,,,,
x86_64-unknown-linux-gnu,crypto-bigint,0.7.3,uint::encoding::tests::from_le_hex,full,success,0.13478430833333335,,,,
x86_64-unknown-linux-gnu,crypto-bigint,0.7.3,uint::encoding::tests::from_le_slice,full,success,0.13239102733333333,,,,
x86_64-unknown-linux-gnu,crypto-bigint,0.7.3,uint::encoding::tests::from_str_radix_10,full,success,0.13358668666666668,,,,
x86_64-unknown-linux-gnu,crypto-bigint,0.7.3,uint::encoding::tests::from_str_radix_2,full,success,0.4192694753333333,,,,
x86_64-unknown-linux-gnu,crypto-bigint,0.7.3,uint::encoding::tests::from_str_radix_5,full,success,0.17725264366666668,,,,
x86_64-unknown-linux-gnu,crypto-bigint,0.7.3,uint::encoding::tests::from_str_radix_disallowed,full,success,0.13420258300000001,,,,
x86_64-unknown-linux-gnu,crypto-bigint,0.7.3,uint::encoding::tests::infer_sizes,full,success,0.13169238,,,,
x86_64-unknown-linux-gnu,crypto-bigint,0.7.3,uint::from::tests::array_round_trip,full,success,0.13977170333333333,,,,
x86_64-unknown-linux-gnu,crypto-bigint,0.7.3,uint::from::tests::concat_mixed,full,success,0.13365607533333335,,,,
x86_64-unknown-linux-gnu,crypto-bigint,0.7.3,uint::from::tests::from_u128,full,success,0.1329902456666667,,,,
x86_64-unknown-linux-gnu,crypto-bigint,0.7.3,uint::from::tests::from_u16,full,success,0.14037136966666666,,,,
x86_64-unknown-linux-gnu,crypto-bigint,0.7.3,uint::from::tests::from_u64,full,success,0.13317377433333333,,,,
x86_64-unknown-linux-gnu,crypto-bigint,0.7.3,uint::from::tests::from_u8,full,success,0.13371371833333334,,,,
x86_64-unknown-linux-gnu,crypto-bigint,0.7.3,uint::from::tests::split_mixed,full,success,0.13276391266666668,,,,
x86_64-unknown-linux-gnu,crypto-bigint,0.7.3,uint::invert_mod::tests::invert_mod2k,full,success,0.139485348,,,,
x86_64-unknown-linux-gnu,crypto-bigint,0.7.3,uint::invert_mod::tests::invert_mod_precision,full,success,0.15138020966666668,,,,
x86_64-unknown-linux-gnu,crypto-bigint,0.7.3,uint::invert_mod::tests::test_invert_edge,full,success,0.24936667933333334,,,,
x86_64-unknown-linux-gnu,crypto-bigint,0.7.3,uint::invert_mod::tests::test_invert_even,full,success,0.30947924,,,,
x86_64-unknown-linux-gnu,crypto-bigint,0.7.3,uint::invert_mod::tests::test_invert_odd,full,success,0.4691272333333334,,,,
x86_64-unknown-linux-gnu,crypto-bigint,0.7.3,uint::invert_mod::tests::test_invert_odd_no_inverse,full,success,0.15667023433333335,,,,
x86_64-unknown-linux-gnu,crypto-bigint,0.7.3,uint::invert_mod::tests::test_invert_small,full,success,0.13917044733333336,,,,
x86_64-unknown-linux-gnu,crypto-bigint,0.7.3,uint::invert_mod::tests::test_no_inverse_small,full,success,0.14524257933333337,,,,
x86_64-unknown-linux-gnu,crypto-bigint,0.7.3,uint::lcm::tests::lcm::lcm_sizes,full,success,0.627924222,,,,
x86_64-unknown-linux-gnu,crypto-bigint,0.7.3,uint::mod_symbol::tests::jacobi_non_coprime,full,success,0.386437526,,,,
x86_64-unknown-linux-gnu,crypto-bigint,0.7.3,uint::mod_symbol::tests::jacobi_non_quad_residue,full,success,0.3837339066666667,,,,
x86_64-unknown-linux-gnu,crypto-bigint,0.7.3,uint::mod_symbol::tests::jacobi_one,full,success,0.3818373816666667,,,,
x86_64-unknown-linux-gnu,crypto-bigint,0.7.3,uint::mod_symbol::tests::jacobi_quad_residue,full,success,0.38580217133333333,,,,
x86_64-unknown-linux-gnu,crypto-bigint,0.7.3,uint::mod_symbol::tests::jacobi_zero,full,success,0.381702164,,,,
x86_64-unknown-linux-gnu,crypto-bigint,0.7.3,uint::mul::karatsuba::tests::wrapping_mul_sizes,full,success,0.8987377756666667,,,,
x86_64-unknown-linux-gnu,crypto-bigint,0.7.3,uint::mul::karatsuba::tests::wrapping_square_sizes,full,success,0.7151549250000001,,,,
x86_64-unknown-linux-gnu,crypto-bigint,0.7.3,uint::mul::tests::checked_mul_ok,full,success,0.13574426566666667,,,,
x86_64-unknown-linux-gnu,crypto-bigint,0.7.3,uint::mul::tests::checked_mul_overflow,full,success,0.13592445100000003,,,,
x86_64-unknown-linux-gnu,crypto-bigint,0.7.3,uint::mul::tests::checked_mul_sizes,full,success,4.997678456666667,,,,
x86_64-unknown-linux-gnu,crypto-bigint,0.7.3,uint::mul::tests::checked_square,full,success,0.13925425500000002,,,,
x86_64-unknown-linux-gnu,crypto-bigint,0.7.3,uint::mul::tests::checked_square_sizes,full,success,0.23723783033333334,,,,
x86_64-unknown-linux-gnu,crypto-bigint,0.7.3,uint::mul::tests::concatenating_square,full,success,0.13278627233333334,,,,
x86_64-unknown-linux-gnu,crypto-bigint,0.7.3,uint::mul::tests::concatenating_square_larger,full,success,0.13494700366666668,,,,
x86_64-unknown-linux-gnu,crypto-bigint,0.7.3,uint::mul::tests::mul_cmp,full,success,1.2985958056666667,,,,
x86_64-unknown-linux-gnu,crypto-bigint,0.7.3,uint::mul::tests::mul_concat_even,full,success,0.13301795033333333,,,,
x86_64-unknown-linux-gnu,crypto-bigint,0.7.3,uint::mul::tests::mul_concat_mixed,full,success,0.13543898933333334,,,,
x86_64-unknown-linux-gnu,crypto-bigint,0.7.3,uint::mul::tests::overflowing_mul_limb,full,success,0.13487562966666666,,,,
x86_64-unknown-linux-gnu,crypto-bigint,0.7.3,uint::mul::tests::saturating_mul_no_overflow,full,success,0.13147858199999998,,,,
x86_64-unknown-linux-gnu,crypto-bigint,0.7.3,uint::mul::tests::saturating_mul_overflow,full,success,0.132146869,,,,
x86_64-unknown-linux-gnu,crypto-bigint,0.7.3,uint::mul::tests::saturating_square,full,success,0.13720685133333332,,,,
x86_64-unknown-linux-gnu,crypto-bigint,0.7.3,uint::mul::tests::widening_mul_lo_only,full,success,0.14064112833333334,,,,
x86_64-unknown-linux-gnu,crypto-bigint,0.7.3,uint::mul::tests::widening_mul_zero_and_one,full,success,0.13271202333333335,,,,
x86_64-unknown-linux-gnu,crypto-bigint,0.7.3,uint::mul::tests::wrapping_mul_even,full,success,0.13295253833333334,,,,
x86_64-unknown-linux-gnu,crypto-bigint,0.7.3,uint::mul::tests::wrapping_mul_mixed,full,success,0.13412204133333333,,,,
x86_64-unknown-linux-gnu,crypto-bigint,0.7.3,uint::mul::tests::wrapping_square,full,success,0.13219565133333336,,,,
x86_64-unknown-linux-gnu,crypto-bigint,0.7.3,uint::mul_mod::tests::mul_mod_special,full,success,0.29682553833333336,,,,
x86_64-unknown-linux-gnu,crypto-bigint,0.7.3,uint::mul_signed::tests::checked_mul_signed,full,success,0.13317705233333335,,,,
x86_64-unknown-linux-gnu,crypto-bigint,0.7.3,uint::mul_signed::tests::concatenating_mul_signed,full,success,0.13790118966666667,,,,
x86_64-unknown-linux-gnu,crypto-bigint,0.7.3,uint::mul_signed::tests::widening_mul_signed,full,success,0.132896023,,,,
x86_64-unknown-linux-gnu,crypto-bigint,0.7.3,uint::neg::tests::carrying_neg,full,success,0.13907425033333334,,,,
x86_64-unknown-linux-gnu,crypto-bigint,0.7.3,uint::neg::tests::wrapping_neg,full,success,0.13195616533333335,,,,
x86_64-unknown-linux-gnu,crypto-bigint,0.7.3,uint::neg::tests::wrapping_neg_if,full,success,0.13348578533333333,,,,
x86_64-unknown-linux-gnu,crypto-bigint,0.7.3,uint::neg_mod::tests::neg_mod_random,full,success,0.13530441633333334,,,,
x86_64-unknown-linux-gnu,crypto-bigint,0.7.3,uint::neg_mod::tests::neg_mod_zero,full,success,0.13859891700000002,,,,
x86_64-unknown-linux-gnu,crypto-bigint,0.7.3,uint::pow::tests::checked_pow_expected,full,success,0.7536023633333334,,,,
x86_64-unknown-linux-gnu,crypto-bigint,0.7.3,uint::pow::tests::saturating_pow_expected,full,success,0.4688227646666667,,,,
x86_64-unknown-linux-gnu,crypto-bigint,0.7.3,uint::pow::tests::wrapping_pow_expected,full,success,0.7270272896666666,,,,
x86_64-unknown-linux-gnu,crypto-bigint,0.7.3,uint::rand::tests::random_bits,full,success,0.20713434533333333,,,,
x86_64-unknown-linux-gnu,crypto-bigint,0.7.3,uint::rand::tests::random_bits_4_bytes_sequential,full,success,0.20632448366666667,,,,
x86_64-unknown-linux-gnu,crypto-bigint,0.7.3,uint::rand::tests::random_bits_platform_independence,full,success,0.14359528266666666,,,,
x86_64-unknown-linux-gnu,crypto-bigint,0.7.3,uint::rand::tests::random_mod_vartime,full,success,0.14775755633333335,,,,
x86_64-unknown-linux-gnu,crypto-bigint,0.7.3,uint::rand::tests::random_mod_vartime_platform_independence,full,success,0.14725777233333334,,,,
x86_64-unknown-linux-gnu,crypto-bigint,0.7.3,uint::rand::tests::random_platform_independence,full,success,0.14392225700000003,,,,
x86_64-unknown-linux-gnu,crypto-bigint,0.7.3,uint::ref_type::cmp::tests::cmp,full,success,0.13451111866666665,,,,
x86_64-unknown-linux-gnu,crypto-bigint,0.7.3,uint::ref_type::cmp::tests::lt,full,success,0.13282748566666666,,,,
x86_64-unknown-linux-gnu,crypto-bigint,0.7.3,uint::ref_type::ct::tests::ct_eq,full,success,0.14005504266666666,,,,
x86_64-unknown-linux-gnu,crypto-bigint,0.7.3,uint::ref_type::ct::tests::ct_lt,full,success,0.1361654813333333,,,,
x86_64-unknown-linux-gnu,crypto-bigint,0.7.3,uint::ref_type::invert_mod::tests::invert_mod_u64,full,success,0.133671006,,,,
x86_64-unknown-linux-gnu,crypto-bigint,0.7.3,uint::ref_type::shl::tests::compare_shl_assign,full,success,0.20102467866666665,,,,
x86_64-unknown-linux-gnu,crypto-bigint,0.7.3,uint::ref_type::shl::tests::shl1_assign,full,success,0.1334917263333333,,,,
x86_64-unknown-linux-gnu,crypto-bigint,0.7.3,uint::ref_type::shl::tests::shl256,full,success,0.13533626966666668,,,,
x86_64-unknown-linux-gnu,crypto-bigint,0.7.3,uint::ref_type::shl::tests::shl_assign_limb,full,success,0.13393441733333336,,,,
x86_64-unknown-linux-gnu,crypto-bigint,0.7.3,uint::ref_type::shl::tests::unbounded_shl_by_limbs_vartime,full,success,0.13298176400000003,,,,
x86_64-unknown-linux-gnu,crypto-bigint,0.7.3,uint::ref_type::shr::tests::compare_shr_assign,full,success,0.20636590533333332,,,,
x86_64-unknown-linux-gnu,crypto-bigint,0.7.3,uint::ref_type::shr::tests::shr1_assign,full,success,0.13307839866666668,,,,
x86_64-unknown-linux-gnu,crypto-bigint,0.7.3,uint::ref_type::shr::tests::shr256,full,success,0.13208938366666667,,,,
x86_64-unknown-linux-gnu,crypto-bigint,0.7.3,uint::ref_type::shr::tests::shr_assign_limb,full,success,0.136941316,,,,
x86_64-unknown-linux-gnu,crypto-bigint,0.7.3,uint::ref_type::shr::tests::unbounded_shr_by_limbs_vartime,full,success,0.13364144766666666,,,,
x86_64-unknown-linux-gnu,crypto-bigint,0.7.3,uint::resize::tests::resize_larger,full,success,0.13647092933333332,,,,
x86_64-unknown-linux-gnu,crypto-bigint,0.7.3,uint::resize::tests::resize_smaller,full,success,0.13950763333333335,,,,
x86_64-unknown-linux-gnu,crypto-bigint,0.7.3,uint::root::tests::floor_root_vartime_expected,full,success,0.13864601266666668,,,,
x86_64-unknown-linux-gnu,crypto-bigint,0.7.3,uint::root::tests::fuzz,full,success,2.1990342579999997,,,,
x86_64-unknown-linux-gnu,crypto-bigint,0.7.3,uint::shl::tests::overflowing_shl,full,success,0.1349002863333333,,,,
x86_64-unknown-linux-gnu,crypto-bigint,0.7.3,uint::shl::tests::shl1,full,success,0.13672956800000002,,,,
x86_64-unknown-linux-gnu,crypto-bigint,0.7.3,uint::shl::tests::shl2,full,success,0.13267520100000002,,,,
x86_64-unknown-linux-gnu,crypto-bigint,0.7.3,uint::shl::tests::shl64,full,success,0.13579315933333336,,,,
x86_64-unknown-linux-gnu,crypto-bigint,0.7.3,uint::shl::tests::shl65,full,success,0.1340786416666667,,,,
x86_64-unknown-linux-gnu,crypto-bigint,0.7.3,uint::shl::tests::shl88,full,success,0.13206084166666668,,,,
x86_64-unknown-linux-gnu,crypto-bigint,0.7.3,uint::shl::tests::shl_bounds,full,success,0.13914313266666667,,,,
x86_64-unknown-linux-gnu,crypto-bigint,0.7.3,uint::shl::tests::shl_bounds_panic,full,success,0.13503959766666668,,,,
x86_64-unknown-linux-gnu,crypto-bigint,0.7.3,uint::shl::tests::shl_by_limbs,full,success,0.13279287033333334,,,,
x86_64-unknown-linux-gnu,crypto-bigint,0.7.3,uint::shl::tests::shl_limb,full,success,0.13242913766666667,,,,
x86_64-unknown-linux-gnu,crypto-bigint,0.7.3,uint::shl::tests::shl_simple,full,success,0.13278964266666668,,,,
x86_64-unknown-linux-gnu,crypto-bigint,0.7.3,uint::shl::tests::shl_wide_1_1_128,full,success,0.13620320166666666,,,,
x86_64-unknown-linux-gnu,crypto-bigint,0.7.3,uint::shl::tests::shl_wide_max_0_1,full,success,0.13288438500000002,,,,
x86_64-unknown-linux-gnu,crypto-bigint,0.7.3,uint::shl::tests::shl_wide_max_max_256,full,success,0.133445941,,,,
x86_64-unknown-linux-gnu,crypto-bigint,0.7.3,uint::shl::tests::unbounded_shl,full,success,0.13462294233333333,,,,
x86_64-unknown-linux-gnu,crypto-bigint,0.7.3,uint::shl::tests::wrapping_shl,full,success,0.13364256600000002,,,,
x86_64-unknown-linux-gnu,crypto-bigint,0.7.3,uint::shr::tests::overflowing_shr,full,success,0.132967358,,,,
x86_64-unknown-linux-gnu,crypto-bigint,0.7.3,uint::shr::tests::shr1,full,success,0.13481473866666668,,,,
x86_64-unknown-linux-gnu,crypto-bigint,0.7.3,uint::shr::tests::shr_bounds,full,success,0.13433946233333335,,,,
x86_64-unknown-linux-gnu,crypto-bigint,0.7.3,uint::shr::tests::shr_bounds_panic,full,success,0.135555755,,,,
x86_64-unknown-linux-gnu,crypto-bigint,0.7.3,uint::shr::tests::shr_by_limbs,full,success,0.13300985533333334,,,,
x86_64-unknown-linux-gnu,crypto-bigint,0.7.3,uint::shr::tests::shr_limb_with_carry,full,success,0.13378059066666667,,,,
x86_64-unknown-linux-gnu,crypto-bigint,0.7.3,uint::shr::tests::shr_limb_with_carry_shift_too_large,full,success,0.13514083866666668,,,,
x86_64-unknown-linux-gnu,crypto-bigint,0.7.3,uint::shr::tests::shr_wide_0_max_1,full,success,0.13277642800000003,,,,
x86_64-unknown-linux-gnu,crypto-bigint,0.7.3,uint::shr::tests::shr_wide_1_1_128,full,success,0.14377735066666666,,,,
x86_64-unknown-linux-gnu,crypto-bigint,0.7.3,uint::shr::tests::shr_wide_max_max_256,full,success,0.132944103,,,,
x86_64-unknown-linux-gnu,crypto-bigint,0.7.3,uint::shr::tests::unbounded_shr,full,success,0.134961923,,,,
x86_64-unknown-linux-gnu,crypto-bigint,0.7.3,uint::shr::tests::wrapping_shr,full,success,0.1326679186666667,,,,
x86_64-unknown-linux-gnu,crypto-bigint,0.7.3,uint::split::tests::infer_sizes,full,success,0.13911190000000004,,,,
x86_64-unknown-linux-gnu,crypto-bigint,0.7.3,uint::split::tests::split,full,success,0.13722650700000003,,,,
x86_64-unknown-linux-gnu,crypto-bigint,0.7.3,uint::split::tests::split_checked,full,success,0.132211824,,,,
x86_64-unknown-linux-gnu,crypto-bigint,0.7.3,uint::split::tests::split_resize_large,full,success,0.13299899566666668,,,,
x86_64-unknown-linux-gnu,crypto-bigint,0.7.3,uint::split::tests::split_resize_small,full,success,0.1351670816666667,,,,
x86_64-unknown-linux-gnu,crypto-bigint,0.7.3,uint::sqrt::tests::edge,full,success,0.1596850366666667,,,,
x86_64-unknown-linux-gnu,crypto-bigint,0.7.3,uint::sqrt::tests::edge_vartime,full,success,0.13386823766666667,,,,
x86_64-unknown-linux-gnu,crypto-bigint,0.7.3,uint::sqrt::tests::fuzz,full,success,1.8628824926666667,,,,
x86_64-unknown-linux-gnu,crypto-bigint,0.7.3,uint::sqrt::tests::nonsquares,full,success,0.17284400633333333,,,,
x86_64-unknown-linux-gnu,crypto-bigint,0.7.3,uint::sqrt::tests::nonsquares_vartime,full,success,0.13360217733333335,,,,
x86_64-unknown-linux-gnu,crypto-bigint,0.7.3,uint::sqrt::tests::simple,full,success,0.239810008,,,,
x86_64-unknown-linux-gnu,crypto-bigint,0.7.3,uint::sub::tests::borrowing_sub_no_borrow,full,success,0.13296373866666666,,,,
x86_64-unknown-linux-gnu,crypto-bigint,0.7.3,uint::sub::tests::borrowing_sub_with_borrow,full,success,0.13301732533333332,,,,
x86_64-unknown-linux-gnu,crypto-bigint,0.7.3,uint::sub::tests::checked_sub_ok,full,success,0.13209473333333335,,,,
x86_64-unknown-linux-gnu,crypto-bigint,0.7.3,uint::sub::tests::checked_sub_overflow,full,success,0.13397699666666668,,,,
x86_64-unknown-linux-gnu,crypto-bigint,0.7.3,uint::sub::tests::conditional_borrowing_sub_borrow,full,success,0.1366044856666667,,,,
x86_64-unknown-linux-gnu,crypto-bigint,0.7.3,uint::sub::tests::conditional_borrowing_sub_no_borrow,full,success,0.13177152466666667,,,,
x86_64-unknown-linux-gnu,crypto-bigint,0.7.3,uint::sub::tests::conditional_borrowing_sub_no_sub,full,success,0.132992323,,,,
x86_64-unknown-linux-gnu,crypto-bigint,0.7.3,uint::sub::tests::saturating_sub_no_borrow,full,success,0.13239525500000002,,,,
x86_64-unknown-linux-gnu,crypto-bigint,0.7.3,uint::sub::tests::saturating_sub_with_borrow,full,success,0.13232717333333335,,,,
x86_64-unknown-linux-gnu,crypto-bigint,0.7.3,uint::sub::tests::wrapping_sub_no_borrow,full,success,0.13088374333333333,,,,
x86_64-unknown-linux-gnu,crypto-bigint,0.7.3,uint::sub::tests::wrapping_sub_with_borrow,full,success,0.13243640733333337,,,,
x86_64-unknown-linux-gnu,crypto-bigint,0.7.3,uint::sub_mod::tests::sub_mod,full,success,2.2575360913333333,,,,
x86_64-unknown-linux-gnu,crypto-bigint,0.7.3,uint::sub_mod::tests::sub_mod_nist_p256,full,success,0.13535834300000002,,,,
x86_64-unknown-linux-gnu,crypto-bigint,0.7.3,uint::sub_mod::tests::sub_mod_special,full,success,1.6039315260000002,,,,
x86_64-unknown-linux-gnu,crypto-bigint,0.7.3,uint::tests::as_int,full,success,0.13300712033333334,,,,
x86_64-unknown-linux-gnu,crypto-bigint,0.7.3,uint::tests::as_words,full,success,0.13079970200000002,,,,
x86_64-unknown-linux-gnu,crypto-bigint,0.7.3,uint::tests::as_words_mut,full,success,0.131622928,,,,
x86_64-unknown-linux-gnu,crypto-bigint,0.7.3,uint::tests::from_bytes,full,success,0.13391687600000002,,,,
x86_64-unknown-linux-gnu,crypto-bigint,0.7.3,uint::tests::test_unsigned,full,success,0.23573740633333337,,,,
x86_64-unknown-linux-gnu,crypto-bigint,0.7.3,uint::tests::test_unsigned_monty_form,full,success,0.21167229966666667,,,,
x86_64-unknown-linux-gnu,crypto-bigint,0.7.3,uint::tests::to_int,full,success,0.13311276166666666,,,,
x86_64-unknown-linux-gnu,crypto-bigint,0.7.3,word::tests::choice_from_gt,full,success,0.13181795733333335,,,,
x86_64-unknown-linux-gnu,crypto-bigint,0.7.3,word::tests::choice_from_lt,full,success,0.133836169,,,,
x86_64-unknown-linux-gnu,crypto-bigint,0.7.3,word::tests::choice_from_wide_le,full,success,0.13594320266666668,,,,
x86_64-unknown-linux-gnu,crypto-bigint,0.7.3,word::tests::select,full,success,0.13272093799999998,,,,
x86_64-unknown-linux-gnu,crypto-bigint,0.7.3,word::tests::select_wide,full,success,0.131722138,,,,
x86_64-unknown-linux-gnu,crypto-bigint,0.7.3,wrapping::tests::wrapping_add,full,success,0.1395418496666667,,,,
x86_64-unknown-linux-gnu,crypto-bigint,0.7.3,wrapping::tests::wrapping_bitand,full,success,0.14026188800000003,,,,
x86_64-unknown-linux-gnu,crypto-bigint,0.7.3,wrapping::tests::wrapping_bitnot,full,success,0.13573314733333336,,,,
x86_64-unknown-linux-gnu,crypto-bigint,0.7.3,wrapping::tests::wrapping_bitor,full,success,0.13493234166666665,,,,
x86_64-unknown-linux-gnu,crypto-bigint,0.7.3,wrapping::tests::wrapping_bitxor,full,success,0.13554039133333332,,,,
x86_64-unknown-linux-gnu,crypto-bigint,0.7.3,wrapping::tests::wrapping_eq_select,full,success,0.1314364286666667,,,,
x86_64-unknown-linux-gnu,crypto-bigint,0.7.3,wrapping::tests::wrapping_mul,full,success,0.13809671333333332,,,,
x86_64-unknown-linux-gnu,crypto-bigint,0.7.3,wrapping::tests::wrapping_neg,full,success,0.14466746300000002,,,,
x86_64-unknown-linux-gnu,crypto-bigint,0.7.3,wrapping::tests::wrapping_new,full,success,0.135253113,,,,
x86_64-unknown-linux-gnu,crypto-bigint,0.7.3,wrapping::tests::wrapping_shift,full,success,0.13801539466666668,,,,
x86_64-unknown-linux-gnu,crypto-bigint,0.7.3,wrapping::tests::wrapping_sub,full,success,0.13903653100000002,,,,
x86_64-unknown-linux-gnu,csv,1.4.0,byte_record::tests::empty_field_1,full,success,0.12847486633333335,,,,
x86_64-unknown-linux-gnu,csv,1.4.0,byte_record::tests::empty_field_2,full,success,0.12746214566666667,,,,
x86_64-unknown-linux-gnu,csv,1.4.0,byte_record::tests::empty_record,full,success,0.13274083733333333,,,,
x86_64-unknown-linux-gnu,csv,1.4.0,byte_record::tests::empty_surround_1,full,success,0.13447805633333335,,,,
x86_64-unknown-linux-gnu,csv,1.4.0,byte_record::tests::empty_surround_2,full,success,0.131467241,,,,
x86_64-unknown-linux-gnu,csv,1.4.0,byte_record::tests::eq_field_boundaries,full,success,0.129937324,,,,
x86_64-unknown-linux-gnu,csv,1.4.0,byte_record::tests::eq_record_len,full,success,0.13481624333333334,,,,
x86_64-unknown-linux-gnu,csv,1.4.0,byte_record::tests::iter,full,success,0.13173296833333337,,,,
x86_64-unknown-linux-gnu,csv,1.4.0,byte_record::tests::iter_forward_and_reverse,full,success,0.13186673333333332,,,,
x86_64-unknown-linux-gnu,csv,1.4.0,byte_record::tests::iter_reverse,full,success,0.13253895633333335,,,,
x86_64-unknown-linux-gnu,csv,1.4.0,byte_record::tests::record_1,full,success,0.13087563666666668,,,,
x86_64-unknown-linux-gnu,csv,1.4.0,byte_record::tests::record_2,full,success,0.13252314933333334,,,,
x86_64-unknown-linux-gnu,csv,1.4.0,byte_record::tests::trim_back,full,success,0.13205024499999998,,,,
x86_64-unknown-linux-gnu,csv,1.4.0,byte_record::tests::trim_both,full,success,0.132480178,,,,
x86_64-unknown-linux-gnu,csv,1.4.0,byte_record::tests::trim_does_not_panic_on_empty_records_1,full,success,0.13108629500000002,,,,
x86_64-unknown-linux-gnu,csv,1.4.0,byte_record::tests::trim_does_not_panic_on_empty_records_2,full,success,0.14142531733333336,,,,
x86_64-unknown-linux-gnu,csv,1.4.0,byte_record::tests::trim_does_not_panic_on_empty_records_3,full,success,0.13002013833333334,,,,
x86_64-unknown-linux-gnu,csv,1.4.0,byte_record::tests::trim_front,full,success,0.13575357733333335,,,,
x86_64-unknown-linux-gnu,csv,1.4.0,byte_record::tests::trim_whitespace_only,full,success,0.13565194,,,,
x86_64-unknown-linux-gnu,csv,1.4.0,byte_record::tests::utf8_clear_ok,full,success,0.132771354,,,,
x86_64-unknown-linux-gnu,csv,1.4.0,byte_record::tests::utf8_error_1,full,success,0.13186858933333334,,,,
x86_64-unknown-linux-gnu,csv,1.4.0,byte_record::tests::utf8_error_2,full,success,0.13022712233333333,,,,
x86_64-unknown-linux-gnu,csv,1.4.0,byte_record::tests::utf8_error_3,full,success,0.13063423933333335,,,,
x86_64-unknown-linux-gnu,csv,1.4.0,byte_record::tests::utf8_error_4,full,success,0.1336794556666667,,,,
x86_64-unknown-linux-gnu,csv,1.4.0,byte_record::tests::utf8_error_5,full,success,0.13454177633333333,,,,
x86_64-unknown-linux-gnu,csv,1.4.0,byte_record::tests::utf8_error_6,full,success,0.134534506,,,,
x86_64-unknown-linux-gnu,csv,1.4.0,deserializer::tests::adjacent_fixed_arrays,full,success,0.13646439833333335,,,,
x86_64-unknown-linux-gnu,csv,1.4.0,deserializer::tests::bad_hex_seq,full,success,0.13024933000000002,,,,
x86_64-unknown-linux-gnu,csv,1.4.0,deserializer::tests::borrowed,full,success,0.14466296733333334,,,,
x86_64-unknown-linux-gnu,csv,1.4.0,deserializer::tests::borrowed_map,full,success,0.1385272316666667,,,,
x86_64-unknown-linux-gnu,csv,1.4.0,deserializer::tests::borrowed_map_bytes,full,success,0.13956014533333336,,,,
x86_64-unknown-linux-gnu,csv,1.4.0,deserializer::tests::bytes,full,success,0.13252987966666666,,,,
x86_64-unknown-linux-gnu,csv,1.4.0,deserializer::tests::enum_label_simple_tagged,full,test_failed,,error: Undefined Behavior: deallocation through <83424>(unprotected) (root of the allocation) at alloc11096[0x3] is forbidden,src/deserializer.rs:804:5,https://github.com/BorrowSanitizer/bsan/actions/runs/37211270787/job/111463771466,"error: Undefined Behavior: deallocation through <83424>(unprotected) (root of the allocation) at alloc11096[0x3] is forbidden
   --> /tmp/tmpym88dtuf/csv-1.4.0/src/deserializer.rs:804:5
    |
804 | }
    | ^
    = note: the above line calls library code, where the error was detected:
   --> /root/.rustup/toolchains/bsan/lib/rustlib/src/rust/library/std/src/sys/alloc/unix.rs:65:14
    |
 65 | unsafe { libc::free(ptr as *mut libc::c_void) }
    |          ^
    = help: the accessed tag <83424>(unprotected) (root of the allocation) is foreign to the protected tag <85166>(StrongProtector) (i.e., it is not a child)
    = help: this deallocation (acting as a foreign write access) would cause the protected tag <85166>(StrongProtector) (currently Frozen) to become Disabled
    = help: protected tags must never be Disabled
help: the accessed tag <83424>(unprotected) was created here
   --> /root/.rustup/toolchains/bsan/lib/rustlib/src/rust/library/std/src/sys/alloc/unix.rs:31:18
    |
 31 | unsafe { libc::malloc(layout.size()) as *mut u8 }
    |          ^
help: the protected tag <85166>(StrongProtector) was created here, in the initial state Frozen
   --> /root/.rustup/toolchains/bsan/lib/rustlib/src/rust/library/core/src/num/imp/dec2flt/parse.rs:0:0

stack backtrace:
0: std::sys::alloc::unix::dealloc
      at /root/.rustup/toolchains/bsan/lib/rustlib/src/rust/library/std/src/sys/alloc/unix.rs:65:14
1: __rustc::__rdl_dealloc
      at /root/.rustup/toolchains/bsan/lib/rustlib/src/rust/library/std/src/alloc.rs:480:6
2: alloc::alloc::dealloc_nonnull
      at /root/.rustup/toolchains/bsan/lib/rustlib/src/rust/library/alloc/src/alloc.rs:197:14

note: stack trace was truncated after 3 frames; set stacktrace_max_len (e.g. BSAN_OPTIONS=stacktrace_max_len=32) to capture more."
x86_64-unknown-linux-gnu,csv,1.4.0,deserializer::tests::enum_untagged,full,success,0.13728439233333334,,,,
x86_64-unknown-linux-gnu,csv,1.4.0,deserializer::tests::flatten,full,success,0.13920038666666668,,,,
x86_64-unknown-linux-gnu,csv,1.4.0,deserializer::tests::map_headers,full,success,0.13797362066666669,,,,
x86_64-unknown-linux-gnu,csv,1.4.0,deserializer::tests::map_no_headers,full,success,0.130106203,,,,
x86_64-unknown-linux-gnu,csv,1.4.0,deserializer::tests::mixed_hex_seq,full,success,0.135706136,,,,
x86_64-unknown-linux-gnu,csv,1.4.0,deserializer::tests::no_chars,full,success,0.1352329456666667,,,,
x86_64-unknown-linux-gnu,csv,1.4.0,deserializer::tests::no_fields,full,success,0.13251661166666667,,,,
x86_64-unknown-linux-gnu,csv,1.4.0,deserializer::tests::one_char,full,success,0.13397990566666668,,,,
x86_64-unknown-linux-gnu,csv,1.4.0,deserializer::tests::one_field,full,success,0.134236889,,,,
x86_64-unknown-linux-gnu,csv,1.4.0,deserializer::tests::one_field_128,full,success,0.13615534933333334,,,,
x86_64-unknown-linux-gnu,csv,1.4.0,deserializer::tests::option_empty_field,full,success,0.14064962733333333,,,,
x86_64-unknown-linux-gnu,csv,1.4.0,deserializer::tests::option_invalid_field,full,success,0.13497563766666668,,,,
x86_64-unknown-linux-gnu,csv,1.4.0,deserializer::tests::partially_invalid_utf8,full,success,0.13581783066666667,,,,
x86_64-unknown-linux-gnu,csv,1.4.0,deserializer::tests::seq_in_struct,full,success,0.13461171633333333,,,,
x86_64-unknown-linux-gnu,csv,1.4.0,deserializer::tests::seq_in_struct_tail,full,success,0.14770250366666668,,,,
x86_64-unknown-linux-gnu,csv,1.4.0,deserializer::tests::simple_hex_seq,full,success,0.13997779200000002,,,,
x86_64-unknown-linux-gnu,csv,1.4.0,deserializer::tests::simple_seq,full,success,0.135226633,,,,
x86_64-unknown-linux-gnu,csv,1.4.0,deserializer::tests::too_many_chars,full,success,0.13302015633333333,,,,
x86_64-unknown-linux-gnu,csv,1.4.0,deserializer::tests::two_fields,full,success,0.136683774,,,,
x86_64-unknown-linux-gnu,csv,1.4.0,deserializer::tests::two_fields_too_few,full,success,0.13701639266666668,,,,
x86_64-unknown-linux-gnu,csv,1.4.0,deserializer::tests::two_fields_too_many,full,success,0.13353246100000002,,,,
x86_64-unknown-linux-gnu,csv,1.4.0,deserializer::tests::with_header,full,test_failed,,error: Undefined Behavior: deallocation through <83565>(unprotected) (root of the allocation) at alloc11104[0x4] is forbidden,src/deserializer.rs:804:5,https://github.com/BorrowSanitizer/bsan/actions/runs/37211270787/job/111463771466,"error: Undefined Behavior: deallocation through <83565>(unprotected) (root of the allocation) at alloc11104[0x4] is forbidden
   --> /tmp/tmpym88dtuf/csv-1.4.0/src/deserializer.rs:804:5
    |
804 | }
    | ^
    = note: the above line calls library code, where the error was detected:
   --> /root/.rustup/toolchains/bsan/lib/rustlib/src/rust/library/std/src/sys/alloc/unix.rs:65:14
    |
 65 | unsafe { libc::free(ptr as *mut libc::c_void) }
    |          ^
    = help: the accessed tag <83565>(unprotected) (root of the allocation) is foreign to the protected tag <86093>(StrongProtector) (i.e., it is not a child)
    = help: this deallocation (acting as a foreign write access) would cause the protected tag <86093>(StrongProtector) (currently Frozen) to become Disabled
    = help: protected tags must never be Disabled
help: the accessed tag <83565>(unprotected) was created here
   --> /root/.rustup/toolchains/bsan/lib/rustlib/src/rust/library/std/src/sys/alloc/unix.rs:31:18
    |
 31 | unsafe { libc::malloc(layout.size()) as *mut u8 }
    |          ^
help: the protected tag <86093>(StrongProtector) was created here, in the initial state Frozen
   --> /root/.rustup/toolchains/bsan/lib/rustlib/src/rust/library/core/src/num/imp/dec2flt/parse.rs:0:0

stack backtrace:
0: std::sys::alloc::unix::dealloc
      at /root/.rustup/toolchains/bsan/lib/rustlib/src/rust/library/std/src/sys/alloc/unix.rs:65:14
1: __rustc::__rdl_dealloc
      at /root/.rustup/toolchains/bsan/lib/rustlib/src/rust/library/std/src/alloc.rs:480:6
2: alloc::alloc::dealloc_nonnull
      at /root/.rustup/toolchains/bsan/lib/rustlib/src/rust/library/alloc/src/alloc.rs:197:14

note: stack trace was truncated after 3 frames; set stacktrace_max_len (e.g. BSAN_OPTIONS=stacktrace_max_len=32) to capture more."
x86_64-unknown-linux-gnu,csv,1.4.0,deserializer::tests::with_header_empty,full,success,0.13627365833333335,,,,
x86_64-unknown-linux-gnu,csv,1.4.0,deserializer::tests::with_header_empty_ok,full,success,0.13144292666666668,,,,
x86_64-unknown-linux-gnu,csv,1.4.0,deserializer::tests::with_header_missing,full,test_failed,,error: Undefined Behavior: deallocation through <83336>(unprotected) (root of the allocation) at alloc11091[0x2] is forbidden,src/deserializer.rs:804:5,https://github.com/BorrowSanitizer/bsan/actions/runs/37211270787/job/111463771466,"error: Undefined Behavior: deallocation through <83336>(unprotected) (root of the allocation) at alloc11091[0x2] is forbidden
   --> /tmp/tmpym88dtuf/csv-1.4.0/src/deserializer.rs:804:5
    |
804 | }
    | ^
    = note: the above line calls library code, where the error was detected:
   --> /root/.rustup/toolchains/bsan/lib/rustlib/src/rust/library/std/src/sys/alloc/unix.rs:65:14
    |
 65 | unsafe { libc::free(ptr as *mut libc::c_void) }
    |          ^
    = help: the accessed tag <83336>(unprotected) (root of the allocation) is foreign to the protected tag <85178>(StrongProtector) (i.e., it is not a child)
    = help: this deallocation (acting as a foreign write access) would cause the protected tag <85178>(StrongProtector) (currently Frozen) to become Disabled
    = help: protected tags must never be Disabled
help: the accessed tag <83336>(unprotected) was created here
   --> /root/.rustup/toolchains/bsan/lib/rustlib/src/rust/library/std/src/sys/alloc/unix.rs:31:18
    |
 31 | unsafe { libc::malloc(layout.size()) as *mut u8 }
    |          ^
help: the protected tag <85178>(StrongProtector) was created here, in the initial state Frozen
   --> /root/.rustup/toolchains/bsan/lib/rustlib/src/rust/library/core/src/num/imp/dec2flt/parse.rs:0:0

stack backtrace:
0: std::sys::alloc::unix::dealloc
      at /root/.rustup/toolchains/bsan/lib/rustlib/src/rust/library/std/src/sys/alloc/unix.rs:65:14
1: __rustc::__rdl_dealloc
      at /root/.rustup/toolchains/bsan/lib/rustlib/src/rust/library/std/src/alloc.rs:480:6
2: alloc::alloc::dealloc_nonnull
      at /root/.rustup/toolchains/bsan/lib/rustlib/src/rust/library/alloc/src/alloc.rs:197:14

note: stack trace was truncated after 3 frames; set stacktrace_max_len (e.g. BSAN_OPTIONS=stacktrace_max_len=32) to capture more."
x86_64-unknown-linux-gnu,csv,1.4.0,deserializer::tests::with_header_missing_ok,full,test_failed,,error: Undefined Behavior: deallocation through <83329>(unprotected) (root of the allocation) at alloc11092[0x2] is forbidden,src/deserializer.rs:804:5,https://github.com/BorrowSanitizer/bsan/actions/runs/37211270787/job/111463771466,"error: Undefined Behavior: deallocation through <83329>(unprotected) (root of the allocation) at alloc11092[0x2] is forbidden
   --> /tmp/tmpym88dtuf/csv-1.4.0/src/deserializer.rs:804:5
    |
804 | }
    | ^
    = note: the above line calls library code, where the error was detected:
   --> /root/.rustup/toolchains/bsan/lib/rustlib/src/rust/library/std/src/sys/alloc/unix.rs:65:14
    |
 65 | unsafe { libc::free(ptr as *mut libc::c_void) }
    |          ^
    = help: the accessed tag <83329>(unprotected) (root of the allocation) is foreign to the protected tag <85171>(StrongProtector) (i.e., it is not a child)
    = help: this deallocation (acting as a foreign write access) would cause the protected tag <85171>(StrongProtector) (currently Frozen) to become Disabled
    = help: protected tags must never be Disabled
help: the accessed tag <83329>(unprotected) was created here
   --> /root/.rustup/toolchains/bsan/lib/rustlib/src/rust/library/std/src/sys/alloc/unix.rs:31:18
    |
 31 | unsafe { libc::malloc(layout.size()) as *mut u8 }
    |          ^
help: the protected tag <85171>(StrongProtector) was created here, in the initial state Frozen
   --> /root/.rustup/toolchains/bsan/lib/rustlib/src/rust/library/core/src/num/imp/dec2flt/parse.rs:0:0

stack backtrace:
0: std::sys::alloc::unix::dealloc
      at /root/.rustup/toolchains/bsan/lib/rustlib/src/rust/library/std/src/sys/alloc/unix.rs:65:14
1: __rustc::__rdl_dealloc
      at /root/.rustup/toolchains/bsan/lib/rustlib/src/rust/library/std/src/alloc.rs:480:6
2: alloc::alloc::dealloc_nonnull
      at /root/.rustup/toolchains/bsan/lib/rustlib/src/rust/library/alloc/src/alloc.rs:197:14

note: stack trace was truncated after 3 frames; set stacktrace_max_len (e.g. BSAN_OPTIONS=stacktrace_max_len=32) to capture more."
x86_64-unknown-linux-gnu,csv,1.4.0,deserializer::tests::with_header_no_fields,full,success,0.1292673626666667,,,,
x86_64-unknown-linux-gnu,csv,1.4.0,deserializer::tests::with_header_unknown,full,success,0.13444375333333333,,,,
x86_64-unknown-linux-gnu,csv,1.4.0,deserializer::tests::without_header,full,test_failed,,error: Undefined Behavior: deallocation through <82501>(unprotected) (root of the allocation) at alloc10995[0x0] is forbidden,src/deserializer.rs:795:5,https://github.com/BorrowSanitizer/bsan/actions/runs/37211270787/job/111463771466,"error: Undefined Behavior: deallocation through <82501>(unprotected) (root of the allocation) at alloc10995[0x0] is forbidden
   --> /tmp/tmpym88dtuf/csv-1.4.0/src/deserializer.rs:795:5
    |
795 | }
    | ^
    = note: the above line calls library code, where the error was detected:
   --> /root/.rustup/toolchains/bsan/lib/rustlib/src/rust/library/std/src/sys/alloc/unix.rs:65:14
    |
 65 | unsafe { libc::free(ptr as *mut libc::c_void) }
    |          ^
    = help: the accessed tag <82501>(unprotected) (root of the allocation) is foreign to the protected tag <83909>(StrongProtector) (i.e., it is not a child)
    = help: this deallocation (acting as a foreign write access) would cause the protected tag <83909>(StrongProtector) (currently Frozen) to become Disabled
    = help: protected tags must never be Disabled
help: the accessed tag <82501>(unprotected) was created here
   --> /root/.rustup/toolchains/bsan/lib/rustlib/src/rust/library/std/src/sys/alloc/unix.rs:31:18
    |
 31 | unsafe { libc::malloc(layout.size()) as *mut u8 }
    |          ^
help: the protected tag <83909>(StrongProtector) was created here, in the initial state Frozen
   --> /root/.rustup/toolchains/bsan/lib/rustlib/src/rust/library/core/src/num/imp/dec2flt/parse.rs:0:0

stack backtrace:
0: std::sys::alloc::unix::dealloc
      at /root/.rustup/toolchains/bsan/lib/rustlib/src/rust/library/std/src/sys/alloc/unix.rs:65:14
1: __rustc::__rdl_dealloc
      at /root/.rustup/toolchains/bsan/lib/rustlib/src/rust/library/std/src/alloc.rs:480:6
2: alloc::alloc::dealloc_nonnull
      at /root/.rustup/toolchains/bsan/lib/rustlib/src/rust/library/alloc/src/alloc.rs:197:14

note: stack trace was truncated after 3 frames; set stacktrace_max_len (e.g. BSAN_OPTIONS=stacktrace_max_len=32) to capture more."
x86_64-unknown-linux-gnu,csv,1.4.0,reader::tests::headers_on_empty_data,full,success,1.747761521,,,,
x86_64-unknown-linux-gnu,csv,1.4.0,reader::tests::no_headers_on_empty_data,full,success,1.7502885133333332,,,,
x86_64-unknown-linux-gnu,csv,1.4.0,reader::tests::no_headers_on_empty_data_after_headers,full,success,1.7229941893333336,,,,
x86_64-unknown-linux-gnu,csv,1.4.0,reader::tests::positions_headers,full,success,1.723087486,,,,
x86_64-unknown-linux-gnu,csv,1.4.0,reader::tests::positions_no_headers,full,success,1.7177853553333335,,,,
x86_64-unknown-linux-gnu,csv,1.4.0,reader::tests::read_byte_record,full,success,1.7178117523333334,,,,
x86_64-unknown-linux-gnu,csv,1.4.0,reader::tests::read_record_headers,full,success,1.7383977026666668,,,,
x86_64-unknown-linux-gnu,csv,1.4.0,reader::tests::read_record_headers_invalid_utf8,full,success,1.7270303423333335,,,,
x86_64-unknown-linux-gnu,csv,1.4.0,reader::tests::read_record_no_headers_after,full,success,1.7446271093333336,,,,
x86_64-unknown-linux-gnu,csv,1.4.0,reader::tests::read_record_no_headers_before,full,success,1.728105542,,,,
x86_64-unknown-linux-gnu,csv,1.4.0,reader::tests::read_record_unequal_continue,full,success,1.715858456,,,,
x86_64-unknown-linux-gnu,csv,1.4.0,reader::tests::read_record_unequal_fails,full,success,1.716098432,,,,
x86_64-unknown-linux-gnu,csv,1.4.0,reader::tests::read_record_unequal_ok,full,success,1.7334865523333336,,,,
x86_64-unknown-linux-gnu,csv,1.4.0,reader::tests::read_trimed_header_invalid_utf8,full,success,1.732058684,,,,
x86_64-unknown-linux-gnu,csv,1.4.0,reader::tests::read_trimmed_header,full,success,1.7326025773333333,,,,
x86_64-unknown-linux-gnu,csv,1.4.0,reader::tests::read_trimmed_records,full,success,1.7331677053333332,,,,
x86_64-unknown-linux-gnu,csv,1.4.0,reader::tests::read_trimmed_records_and_headers,full,success,1.741374952,,,,
x86_64-unknown-linux-gnu,csv,1.4.0,reader::tests::read_trimmed_records_without_headers,full,success,1.752968884666667,,,,
x86_64-unknown-linux-gnu,csv,1.4.0,reader::tests::seek,full,success,1.7306475723333332,,,,
x86_64-unknown-linux-gnu,csv,1.4.0,reader::tests::seek_headers_after,full,success,1.7254273093333332,,,,
x86_64-unknown-linux-gnu,csv,1.4.0,reader::tests::seek_headers_before_after,full,success,1.7234238053333335,,,,
x86_64-unknown-linux-gnu,csv,1.4.0,reader::tests::seek_headers_no_actual_seek,full,success,1.7217799426666665,,,,
x86_64-unknown-linux-gnu,csv,1.4.0,serializer::tests::bool,full,success,0.12842753533333331,,,,
x86_64-unknown-linux-gnu,csv,1.4.0,serializer::tests::bytes,full,success,0.137278318,,,,
x86_64-unknown-linux-gnu,csv,1.4.0,serializer::tests::char,full,success,0.131775766,,,,
x86_64-unknown-linux-gnu,csv,1.4.0,serializer::tests::enum_newtypes,full,success,0.1362926216666667,,,,
x86_64-unknown-linux-gnu,csv,1.4.0,serializer::tests::enum_struct_variant,full,success,0.12907128666666667,,,,
x86_64-unknown-linux-gnu,csv,1.4.0,serializer::tests::enum_units,full,success,0.13319150333333332,,,,
x86_64-unknown-linux-gnu,csv,1.4.0,serializer::tests::float,full,success,0.13230903866666666,,,,
x86_64-unknown-linux-gnu,csv,1.4.0,serializer::tests::float_nan,full,success,0.13524773,,,,
x86_64-unknown-linux-gnu,csv,1.4.0,serializer::tests::integer,full,success,0.13096595266666666,,,,
x86_64-unknown-linux-gnu,csv,1.4.0,serializer::tests::integer_i128,full,success,0.13076126133333335,,,,
x86_64-unknown-linux-gnu,csv,1.4.0,serializer::tests::integer_u128,full,success,0.14369872633333336,,,,
x86_64-unknown-linux-gnu,csv,1.4.0,serializer::tests::option,full,success,0.13162738333333335,,,,
x86_64-unknown-linux-gnu,csv,1.4.0,serializer::tests::seq,full,success,0.13396819566666665,,,,
x86_64-unknown-linux-gnu,csv,1.4.0,serializer::tests::str,full,success,0.13039698333333336,,,,
x86_64-unknown-linux-gnu,csv,1.4.0,serializer::tests::struct_headers,full,success,0.13194088466666667,,,,
x86_64-unknown-linux-gnu,csv,1.4.0,serializer::tests::struct_headers_inside_nested_tuple_seq,full,success,0.14682022466666667,,,,
x86_64-unknown-linux-gnu,csv,1.4.0,serializer::tests::struct_headers_inside_seq,full,success,0.13833489333333335,,,,
x86_64-unknown-linux-gnu,csv,1.4.0,serializer::tests::struct_headers_inside_tuple,full,success,0.13844267266666668,,,,
x86_64-unknown-linux-gnu,csv,1.4.0,serializer::tests::struct_headers_inside_tuple_scalar_after,full,success,0.132559637,,,,
x86_64-unknown-linux-gnu,csv,1.4.0,serializer::tests::struct_headers_inside_tuple_scalar_before,full,success,0.13344818733333333,,,,
x86_64-unknown-linux-gnu,csv,1.4.0,serializer::tests::struct_headers_nested,full,success,0.133760111,,,,
x86_64-unknown-linux-gnu,csv,1.4.0,serializer::tests::struct_headers_nested_seq,full,success,0.13563534,,,,
x86_64-unknown-linux-gnu,csv,1.4.0,serializer::tests::struct_newtype,full,success,0.13723337366666666,,,,
x86_64-unknown-linux-gnu,csv,1.4.0,serializer::tests::struct_no_headers,full,success,0.1304798043333333,,,,
x86_64-unknown-linux-gnu,csv,1.4.0,serializer::tests::struct_no_headers_128,full,success,0.13187733133333335,,,,
x86_64-unknown-linux-gnu,csv,1.4.0,serializer::tests::struct_unit,full,success,0.13702674233333334,,,,
x86_64-unknown-linux-gnu,csv,1.4.0,serializer::tests::tuple,full,success,0.13693214566666667,,,,
x86_64-unknown-linux-gnu,csv,1.4.0,serializer::tests::tuple_struct,full,success,0.14016044000000003,,,,
x86_64-unknown-linux-gnu,csv,1.4.0,serializer::tests::tuple_variant,full,success,0.12949849833333335,,,,
x86_64-unknown-linux-gnu,csv,1.4.0,serializer::tests::unit,full,success,0.137636993,,,,
x86_64-unknown-linux-gnu,csv,1.4.0,string_record::tests::eq_field_boundaries,full,success,0.13479948500000002,,,,
x86_64-unknown-linux-gnu,csv,1.4.0,string_record::tests::eq_record_len,full,success,0.13228356866666668,,,,
x86_64-unknown-linux-gnu,csv,1.4.0,string_record::tests::trim_back,full,success,0.13693819200000001,,,,
x86_64-unknown-linux-gnu,csv,1.4.0,string_record::tests::trim_both,full,success,0.13993023233333335,,,,
x86_64-unknown-linux-gnu,csv,1.4.0,string_record::tests::trim_does_not_panic_on_empty_records_1,full,success,0.12967443266666667,,,,
x86_64-unknown-linux-gnu,csv,1.4.0,string_record::tests::trim_does_not_panic_on_empty_records_2,full,success,0.13204469666666666,,,,
x86_64-unknown-linux-gnu,csv,1.4.0,string_record::tests::trim_does_not_panic_on_empty_records_3,full,success,0.128818036,,,,
x86_64-unknown-linux-gnu,csv,1.4.0,string_record::tests::trim_front,full,success,0.13763002266666668,,,,
x86_64-unknown-linux-gnu,csv,1.4.0,string_record::tests::trim_whitespace_only,full,success,0.14658659133333335,,,,
x86_64-unknown-linux-gnu,csv,1.4.0,writer::tests::comment_char_is_automatically_quoted,full,success,0.14708235066666667,,,,
x86_64-unknown-linux-gnu,csv,1.4.0,writer::tests::full_buffer_should_not_flush_underlying,full,success,0.14035286200000002,,,,
x86_64-unknown-linux-gnu,csv,1.4.0,writer::tests::one_byte_record,full,success,0.13254513766666667,,,,
x86_64-unknown-linux-gnu,csv,1.4.0,writer::tests::one_empty_record,full,success,0.13434668933333335,,,,
x86_64-unknown-linux-gnu,csv,1.4.0,writer::tests::one_record,full,success,0.13127106033333336,,,,
x86_64-unknown-linux-gnu,csv,1.4.0,writer::tests::one_string_record,full,success,0.13594419900000002,,,,
x86_64-unknown-linux-gnu,csv,1.4.0,writer::tests::raw_one_byte_record,full,success,0.13063472866666667,,,,
x86_64-unknown-linux-gnu,csv,1.4.0,writer::tests::raw_one_empty_record,full,success,0.12943900066666666,,,,
x86_64-unknown-linux-gnu,csv,1.4.0,writer::tests::raw_two_empty_records,full,success,0.13634822966666668,,,,
x86_64-unknown-linux-gnu,csv,1.4.0,writer::tests::raw_unequal_records_bad,full,success,0.14157302100000002,,,,
x86_64-unknown-linux-gnu,csv,1.4.0,writer::tests::raw_unequal_records_ok,full,success,0.13440339033333334,,,,
x86_64-unknown-linux-gnu,csv,1.4.0,writer::tests::serialize_no_headers,full,success,0.13115556100000003,,,,
x86_64-unknown-linux-gnu,csv,1.4.0,writer::tests::serialize_no_headers_128,full,success,0.13057268966666669,,,,
x86_64-unknown-linux-gnu,csv,1.4.0,writer::tests::serialize_tuple,full,success,0.130358571,,,,
x86_64-unknown-linux-gnu,csv,1.4.0,writer::tests::serialize_with_headers,full,success,0.13448524800000003,,,,
x86_64-unknown-linux-gnu,csv,1.4.0,writer::tests::two_empty_records,full,success,0.13020845533333333,,,,
x86_64-unknown-linux-gnu,csv,1.4.0,writer::tests::unequal_records_bad,full,success,0.133317146,,,,
x86_64-unknown-linux-gnu,csv,1.4.0,writer::tests::unequal_records_ok,full,success,0.1338081866666667,,,,
x86_64-unknown-linux-gnu,curve25519-dalek,4.1.3,backend::serial::u64::scalar::test::add,full,success,0.11523362233333334,,,,
x86_64-unknown-linux-gnu,curve25519-dalek,4.1.3,backend::serial::u64::scalar::test::from_bytes_wide,full,success,0.11088191233333333,,,,
x86_64-unknown-linux-gnu,curve25519-dalek,4.1.3,backend::serial::u64::scalar::test::montgomery_mul,full,success,0.10884220866666668,,,,
x86_64-unknown-linux-gnu,curve25519-dalek,4.1.3,backend::serial::u64::scalar::test::montgomery_mul_max,full,success,0.10671168533333335,,,,
x86_64-unknown-linux-gnu,curve25519-dalek,4.1.3,backend::serial::u64::scalar::test::montgomery_square_max,full,success,0.10870246433333335,,,,
x86_64-unknown-linux-gnu,curve25519-dalek,4.1.3,backend::serial::u64::scalar::test::mul,full,success,0.10880326,,,,
x86_64-unknown-linux-gnu,curve25519-dalek,4.1.3,backend::serial::u64::scalar::test::mul_max,full,success,0.11150823233333335,,,,
x86_64-unknown-linux-gnu,curve25519-dalek,4.1.3,backend::serial::u64::scalar::test::square_max,full,success,0.10783300766666666,,,,
x86_64-unknown-linux-gnu,curve25519-dalek,4.1.3,backend::serial::u64::scalar::test::sub,full,success,0.11479540933333333,,,,
x86_64-unknown-linux-gnu,curve25519-dalek,4.1.3,constants::test::test_d_vs_ratio,full,success,0.11083155633333334,,,,
x86_64-unknown-linux-gnu,curve25519-dalek,4.1.3,constants::test::test_eight_torsion,full,success,0.18518346533333338,,,,
x86_64-unknown-linux-gnu,curve25519-dalek,4.1.3,constants::test::test_four_torsion,full,success,0.14932359233333334,,,,
x86_64-unknown-linux-gnu,curve25519-dalek,4.1.3,constants::test::test_sqrt_ad_minus_one,full,success,0.11263989433333334,,,,
x86_64-unknown-linux-gnu,curve25519-dalek,4.1.3,constants::test::test_sqrt_constants_sign,full,success,0.122265319,,,,
x86_64-unknown-linux-gnu,curve25519-dalek,4.1.3,constants::test::test_sqrt_minus_one,full,success,0.10937315866666668,,,,
x86_64-unknown-linux-gnu,curve25519-dalek,4.1.3,constants::test::test_two_torsion,full,success,0.13089503300000002,,,,
x86_64-unknown-linux-gnu,curve25519-dalek,4.1.3,edwards::test::basepoint16_vs_mul_by_pow_2_4,full,success,0.10769318033333335,,,,
x86_64-unknown-linux-gnu,curve25519-dalek,4.1.3,edwards::test::basepoint_decompression_compression,full,success,0.12174728466666668,,,,
x86_64-unknown-linux-gnu,curve25519-dalek,4.1.3,edwards::test::basepoint_double_vs_basepoint2,full,success,0.10843636699999999,,,,
x86_64-unknown-linux-gnu,curve25519-dalek,4.1.3,edwards::test::basepoint_mult_by_basepoint_order,full,success,0.20963910700000002,,,,
x86_64-unknown-linux-gnu,curve25519-dalek,4.1.3,edwards::test::basepoint_mult_one_vs_basepoint,full,success,0.20521948333333337,,,,
x86_64-unknown-linux-gnu,curve25519-dalek,4.1.3,edwards::test::basepoint_mult_two_vs_basepoint2,full,success,0.20788396833333334,,,,
x86_64-unknown-linux-gnu,curve25519-dalek,4.1.3,edwards::test::basepoint_mult_vs_ed25519py,full,success,0.207308658,,,,
x86_64-unknown-linux-gnu,curve25519-dalek,4.1.3,edwards::test::basepoint_plus_basepoint_affine_niels_vs_basepoint2,full,success,0.11429114600000001,,,,
x86_64-unknown-linux-gnu,curve25519-dalek,4.1.3,edwards::test::basepoint_plus_basepoint_projective_niels_vs_basepoint2,full,success,0.11617159900000001,,,,
x86_64-unknown-linux-gnu,curve25519-dalek,4.1.3,edwards::test::basepoint_plus_basepoint_vs_basepoint2,full,success,0.11066482233333334,,,,
x86_64-unknown-linux-gnu,curve25519-dalek,4.1.3,edwards::test::basepoint_projective_extended_round_trip,full,success,0.10737058833333334,,,,
x86_64-unknown-linux-gnu,curve25519-dalek,4.1.3,edwards::test::basepoint_table_basepoint_function_correct,full,success,0.12414758,,,,
x86_64-unknown-linux-gnu,curve25519-dalek,4.1.3,edwards::test::basepoint_tables,full,success,13.039909947,,,,
x86_64-unknown-linux-gnu,curve25519-dalek,4.1.3,edwards::test::basepoint_tables_unreduced_scalar,full,success,13.061832481000001,,,,
x86_64-unknown-linux-gnu,curve25519-dalek,4.1.3,edwards::test::compressed_identity,full,success,0.10712686233333335,,,,
x86_64-unknown-linux-gnu,curve25519-dalek,4.1.3,edwards::test::conditional_assign_for_affine_niels_point,full,success,0.12678836133333335,,,,
x86_64-unknown-linux-gnu,curve25519-dalek,4.1.3,edwards::test::decompression_sign_handling,full,success,0.13135691866666668,,,,
x86_64-unknown-linux-gnu,curve25519-dalek,4.1.3,edwards::test::extended_point_equality_handles_scaling,full,success,0.11693834933333334,,,,
x86_64-unknown-linux-gnu,curve25519-dalek,4.1.3,edwards::test::impl_sum,full,success,2.0237264733333333,,,,
x86_64-unknown-linux-gnu,curve25519-dalek,4.1.3,edwards::test::is_identity,full,success,0.12553856,,,,
x86_64-unknown-linux-gnu,curve25519-dalek,4.1.3,edwards::test::is_small_order,full,success,0.15914166600000001,,,,
x86_64-unknown-linux-gnu,curve25519-dalek,4.1.3,edwards::test::scalar_mul_vs_ed25519py,full,success,0.42928615166666667,,,,
x86_64-unknown-linux-gnu,curve25519-dalek,4.1.3,edwards::test::scalarmult_extended_point_works_both_ways,full,success,0.751688662,,,,
x86_64-unknown-linux-gnu,curve25519-dalek,4.1.3,edwards::test::test_precomputed_basepoint_mult,full,success,0.5208768970000001,,,,
x86_64-unknown-linux-gnu,curve25519-dalek,4.1.3,edwards::test::to_affine_niels_clears_denominators,full,success,0.21673974233333335,,,,
x86_64-unknown-linux-gnu,curve25519-dalek,4.1.3,edwards::test::vartime::double_scalar_mul_basepoint_vs_ed25519py,full,success,0.20801202233333335,,,,
x86_64-unknown-linux-gnu,curve25519-dalek,4.1.3,edwards::test::vartime::multiscalar_mul_vartime_vs_consttime,full,success,1.093555051,,,,
x86_64-unknown-linux-gnu,curve25519-dalek,4.1.3,edwards::test::vartime::multiscalar_mul_vs_ed25519py,full,success,0.316096908,,,,
x86_64-unknown-linux-gnu,curve25519-dalek,4.1.3,field::test::a_invert_vs_inverse_of_a_constant,full,success,0.11314252966666667,,,,
x86_64-unknown-linux-gnu,curve25519-dalek,4.1.3,field::test::a_mul_a_vs_a_squared_constant,full,success,0.11114081333333335,,,,
x86_64-unknown-linux-gnu,curve25519-dalek,4.1.3,field::test::a_p58_vs_ap58_constant,full,success,0.11191357766666667,,,,
x86_64-unknown-linux-gnu,curve25519-dalek,4.1.3,field::test::a_square2_vs_a_squared_constant,full,success,0.11394183833333334,,,,
x86_64-unknown-linux-gnu,curve25519-dalek,4.1.3,field::test::a_square_vs_a_squared_constant,full,success,0.11284938566666668,,,,
x86_64-unknown-linux-gnu,curve25519-dalek,4.1.3,field::test::batch_invert_a_matches_nonbatched,full,success,0.1574145153333333,,,,
x86_64-unknown-linux-gnu,curve25519-dalek,4.1.3,field::test::batch_invert_empty,full,success,0.10981145066666669,,,,
x86_64-unknown-linux-gnu,curve25519-dalek,4.1.3,field::test::conditional_negate,full,success,0.12222290233333333,,,,
x86_64-unknown-linux-gnu,curve25519-dalek,4.1.3,field::test::encoding_is_canonical,full,success,0.10840281533333333,,,,
x86_64-unknown-linux-gnu,curve25519-dalek,4.1.3,field::test::equality,full,success,0.11328278833333333,,,,
x86_64-unknown-linux-gnu,curve25519-dalek,4.1.3,field::test::from_bytes_highbit_is_ignored,full,success,0.11288865799999999,,,,
x86_64-unknown-linux-gnu,curve25519-dalek,4.1.3,field::test::sqrt_ratio_behavior,full,success,0.16224747033333334,,,,
x86_64-unknown-linux-gnu,curve25519-dalek,4.1.3,montgomery::test::basepoint_edwards_to_montgomery,full,success,0.11771873233333334,,,,
x86_64-unknown-linux-gnu,curve25519-dalek,4.1.3,montgomery::test::basepoint_montgomery_to_edwards,full,success,0.14900734033333332,,,,
x86_64-unknown-linux-gnu,curve25519-dalek,4.1.3,montgomery::test::eq_defined_mod_p,full,success,0.11768495433333333,,,,
x86_64-unknown-linux-gnu,curve25519-dalek,4.1.3,montgomery::test::identity_in_different_coordinates,full,success,0.11268350233333335,,,,
x86_64-unknown-linux-gnu,curve25519-dalek,4.1.3,montgomery::test::identity_in_different_models,full,success,0.11621488966666667,,,,
x86_64-unknown-linux-gnu,curve25519-dalek,4.1.3,montgomery::test::montgomery_elligator_correct,full,success,0.133416315,,,,
x86_64-unknown-linux-gnu,curve25519-dalek,4.1.3,montgomery::test::montgomery_elligator_zero_zero,full,success,0.11783635366666667,,,,
x86_64-unknown-linux-gnu,curve25519-dalek,4.1.3,montgomery::test::montgomery_to_edwards_rejects_twist,full,success,0.11985585700000001,,,,
x86_64-unknown-linux-gnu,curve25519-dalek,4.1.3,montgomery::test::mul_base_clamped,full,success,32.842356587333335,,,,
x86_64-unknown-linux-gnu,curve25519-dalek,4.1.3,ristretto::test::basepoint_roundtrip,full,success,0.12906329933333335,,,,
x86_64-unknown-linux-gnu,curve25519-dalek,4.1.3,ristretto::test::compress_id,full,success,0.11529351700000001,,,,
x86_64-unknown-linux-gnu,curve25519-dalek,4.1.3,ristretto::test::decompress_id,full,success,0.12409030566666668,,,,
x86_64-unknown-linux-gnu,curve25519-dalek,4.1.3,ristretto::test::decompress_negative_s_fails,full,success,0.10873491033333334,,,,
x86_64-unknown-linux-gnu,curve25519-dalek,4.1.3,ristretto::test::elligator_vs_ristretto_sage,full,success,0.35923239300000004,,,,
x86_64-unknown-linux-gnu,curve25519-dalek,4.1.3,ristretto::test::encodings_of_small_multiples_of_basepoint,full,success,0.24991620066666667,,,,
x86_64-unknown-linux-gnu,curve25519-dalek,4.1.3,ristretto::test::four_torsion_basepoint,full,success,0.12691394033333334,,,,
x86_64-unknown-linux-gnu,curve25519-dalek,4.1.3,ristretto::test::four_torsion_random,full,success,0.22992059866666667,,,,
x86_64-unknown-linux-gnu,curve25519-dalek,4.1.3,ristretto::test::impl_sum,full,success,2.024226621,,,,
x86_64-unknown-linux-gnu,curve25519-dalek,4.1.3,ristretto::test::one_way_map,full,success,0.3843711336666667,,,,
x86_64-unknown-linux-gnu,curve25519-dalek,4.1.3,ristretto::test::random_roundtrip,full,success,12.742045947333333,,,,
x86_64-unknown-linux-gnu,curve25519-dalek,4.1.3,ristretto::test::scalarmult_ristrettopoint_works_both_ways,full,success,0.770750647,,,,
x86_64-unknown-linux-gnu,curve25519-dalek,4.1.3,scalar::test::add_reduces,full,success,0.12150479666666668,,,,
x86_64-unknown-linux-gnu,curve25519-dalek,4.1.3,scalar::test::batch_invert_consistency,full,success,0.5909137783333335,,,,
x86_64-unknown-linux-gnu,curve25519-dalek,4.1.3,scalar::test::batch_invert_empty,full,success,0.2471386546666667,,,,
x86_64-unknown-linux-gnu,curve25519-dalek,4.1.3,scalar::test::batch_invert_with_a_zero_input_panics,full,success,0.13490797766666668,,,,
x86_64-unknown-linux-gnu,curve25519-dalek,4.1.3,scalar::test::canonical_decoding,full,success,0.12141209400000001,,,,
x86_64-unknown-linux-gnu,curve25519-dalek,4.1.3,scalar::test::from_bytes_mod_order_wide,full,success,0.11636457566666668,,,,
x86_64-unknown-linux-gnu,curve25519-dalek,4.1.3,scalar::test::from_u64,full,success,0.10635834166666668,,,,
x86_64-unknown-linux-gnu,curve25519-dalek,4.1.3,scalar::test::fuzzer_testcase_reduction,full,success,0.12281192600000002,,,,
x86_64-unknown-linux-gnu,curve25519-dalek,4.1.3,scalar::test::impl_add,full,success,0.11064882633333334,,,,
x86_64-unknown-linux-gnu,curve25519-dalek,4.1.3,scalar::test::impl_mul,full,success,0.111202297,,,,
x86_64-unknown-linux-gnu,curve25519-dalek,4.1.3,scalar::test::impl_product,full,success,0.18841341833333333,,,,
x86_64-unknown-linux-gnu,curve25519-dalek,4.1.3,scalar::test::impl_sum,full,success,0.16433954600000003,,,,
x86_64-unknown-linux-gnu,curve25519-dalek,4.1.3,scalar::test::invert,full,success,0.24550512300000002,,,,
x86_64-unknown-linux-gnu,curve25519-dalek,4.1.3,scalar::test::montgomery_reduce_matches_from_bytes_mod_order_wide,full,success,0.11107631033333336,,,,
x86_64-unknown-linux-gnu,curve25519-dalek,4.1.3,scalar::test::neg_twice_is_identity,full,success,0.11028255766666667,,,,
x86_64-unknown-linux-gnu,curve25519-dalek,4.1.3,scalar::test::non_adjacent_form_test_vector,full,success,0.12194016233333334,,,,
x86_64-unknown-linux-gnu,curve25519-dalek,4.1.3,scalar::test::reduce,full,success,0.11100094033333334,,,,
x86_64-unknown-linux-gnu,curve25519-dalek,4.1.3,scalar::test::scalar_mul_by_one,full,success,0.11425243600000001,,,,
x86_64-unknown-linux-gnu,curve25519-dalek,4.1.3,scalar::test::square,full,success,0.11370996200000001,,,,
x86_64-unknown-linux-gnu,curve25519-dalek,4.1.3,scalar::test::sub_reduces,full,success,0.10795387266666667,,,,
x86_64-unknown-linux-gnu,curve25519-dalek,4.1.3,scalar::test::test_mul_reduction_invariance,full,success,0.5419359630000001,,,,
x86_64-unknown-linux-gnu,curve25519-dalek,4.1.3,scalar::test::test_read_le_u64_into,full,success,0.11428528366666668,,,,
x86_64-unknown-linux-gnu,curve25519-dalek,4.1.3,scalar::test::test_read_le_u64_into_should_panic_on_bad_input,full,success,0.11595454933333334,,,,
x86_64-unknown-linux-gnu,curve25519-dalek,4.1.3,scalar::test::test_scalar_clamp,full,success,0.10580661866666667,,,,
x86_64-unknown-linux-gnu,curve25519-dalek,4.1.3,scalar::test::test_scalar_from_int,full,success,0.123826641,,,,
x86_64-unknown-linux-gnu,curve25519-dalek,4.1.3,scalar::test::to_bytes_from_bytes_roundtrips,full,success,0.11970223666666667,,,,
x86_64-unknown-linux-gnu,der,0.8.0,asn1::bit_string::tests::bitstring_valueord_value_cmp,full,success,0.1318103946666667,,,,
x86_64-unknown-linux-gnu,der,0.8.0,asn1::bit_string::tests::decode_bitstring_with_unused_bits,full,success,0.13193635400000003,,,,
x86_64-unknown-linux-gnu,der,0.8.0,asn1::bit_string::tests::decode_empty_bitstring,full,success,0.12760195933333332,,,,
x86_64-unknown-linux-gnu,der,0.8.0,asn1::bit_string::tests::decode_non_empty_bitstring,full,success,0.1286138126666667,,,,
x86_64-unknown-linux-gnu,der,0.8.0,asn1::bit_string::tests::reject_unused_bits_in_empty_string,full,success,0.133308155,,,,
x86_64-unknown-linux-gnu,der,0.8.0,asn1::boolean::tests::decode,full,success,0.13168742666666666,,,,
x86_64-unknown-linux-gnu,der,0.8.0,asn1::boolean::tests::encode,full,success,0.1301416266666667,,,,
x86_64-unknown-linux-gnu,der,0.8.0,asn1::boolean::tests::reject_non_canonical,full,success,0.1301065376666667,,,,
x86_64-unknown-linux-gnu,der,0.8.0,asn1::context_specific::tests::context_specific_not_skipping_unknown_field,full,success,0.13267815033333333,,,,
x86_64-unknown-linux-gnu,der,0.8.0,asn1::context_specific::tests::context_specific_returns_none_on_greater_tag_number,full,success,0.13024372966666667,,,,
x86_64-unknown-linux-gnu,der,0.8.0,asn1::context_specific::tests::context_specific_with_explicit_field,full,success,0.13169414066666668,,,,
x86_64-unknown-linux-gnu,der,0.8.0,asn1::context_specific::tests::context_specific_with_implicit_field,full,success,0.13655359933333333,,,,
x86_64-unknown-linux-gnu,der,0.8.0,asn1::context_specific::tests::round_trip,full,success,0.13114671766666666,,,,
x86_64-unknown-linux-gnu,der,0.8.0,asn1::generalized_time::tests::invalid_day_generalized_time,full,success,0.13063656133333335,,,,
x86_64-unknown-linux-gnu,der,0.8.0,asn1::generalized_time::tests::invalid_hour_generalized_time,full,success,0.128626756,,,,
x86_64-unknown-linux-gnu,der,0.8.0,asn1::generalized_time::tests::invalid_minute_generalized_time,full,success,0.13442486666666667,,,,
x86_64-unknown-linux-gnu,der,0.8.0,asn1::generalized_time::tests::invalid_month_generalized_time,full,success,0.13210879866666667,,,,
x86_64-unknown-linux-gnu,der,0.8.0,asn1::generalized_time::tests::invalid_second_generalized_time,full,success,0.133626484,,,,
x86_64-unknown-linux-gnu,der,0.8.0,asn1::generalized_time::tests::invalid_year_generalized_time,full,success,0.12997087200000002,,,,
x86_64-unknown-linux-gnu,der,0.8.0,asn1::generalized_time::tests::max_valid_generalized_time,full,success,0.13489253700000003,,,,
x86_64-unknown-linux-gnu,der,0.8.0,asn1::generalized_time::tests::round_trip,full,success,0.1330179976666667,,,,
x86_64-unknown-linux-gnu,der,0.8.0,asn1::ia5_string::tests::parse_bytes,full,success,0.135523618,,,,
x86_64-unknown-linux-gnu,der,0.8.0,asn1::integer::int::tests::decode_intref,full,success,0.13391081666666668,,,,
x86_64-unknown-linux-gnu,der,0.8.0,asn1::integer::int::tests::encode_intref,full,success,0.13610338966666666,,,,
x86_64-unknown-linux-gnu,der,0.8.0,asn1::integer::int::tests::validate_canonical_err,full,success,0.13229876233333335,,,,
x86_64-unknown-linux-gnu,der,0.8.0,asn1::integer::int::tests::validate_canonical_ok,full,success,0.13727788933333332,,,,
x86_64-unknown-linux-gnu,der,0.8.0,asn1::integer::tests::decode_i16,full,success,0.13530485066666667,,,,
x86_64-unknown-linux-gnu,der,0.8.0,asn1::integer::tests::decode_i8,full,success,0.13788050666666665,,,,
x86_64-unknown-linux-gnu,der,0.8.0,asn1::integer::tests::decode_u16,full,success,0.14035718133333333,,,,
x86_64-unknown-linux-gnu,der,0.8.0,asn1::integer::tests::decode_u8,full,success,0.13128434333333333,,,,
x86_64-unknown-linux-gnu,der,0.8.0,asn1::integer::tests::encode_i16,full,success,0.13452193366666668,,,,
x86_64-unknown-linux-gnu,der,0.8.0,asn1::integer::tests::encode_i8,full,success,0.13390395666666666,,,,
x86_64-unknown-linux-gnu,der,0.8.0,asn1::integer::tests::encode_u16,full,success,0.13424418966666665,,,,
x86_64-unknown-linux-gnu,der,0.8.0,asn1::integer::tests::encode_u8,full,success,0.13625700766666668,,,,
x86_64-unknown-linux-gnu,der,0.8.0,asn1::integer::tests::reject_empty,full,success,0.13432716066666667,,,,
x86_64-unknown-linux-gnu,der,0.8.0,asn1::integer::tests::reject_non_canonical,full,success,0.147011496,,,,
x86_64-unknown-linux-gnu,der,0.8.0,asn1::integer::uint::tests::decode_to_array_extra_zero,full,success,0.13255451266666668,,,,
x86_64-unknown-linux-gnu,der,0.8.0,asn1::integer::uint::tests::decode_to_array_leading_zero,full,success,0.12989340866666668,,,,
x86_64-unknown-linux-gnu,der,0.8.0,asn1::integer::uint::tests::decode_to_array_missing_zero,full,success,0.13137160699999997,,,,
x86_64-unknown-linux-gnu,der,0.8.0,asn1::integer::uint::tests::decode_to_array_no_leading_zero,full,success,0.12897101566666666,,,,
x86_64-unknown-linux-gnu,der,0.8.0,asn1::integer::uint::tests::decode_to_array_oversized_input,full,success,0.13289955366666667,,,,
x86_64-unknown-linux-gnu,der,0.8.0,asn1::integer::uint::tests::decode_uintref,full,success,0.13658657333333335,,,,
x86_64-unknown-linux-gnu,der,0.8.0,asn1::integer::uint::tests::encode_uintref,full,success,0.13931118066666667,,,,
x86_64-unknown-linux-gnu,der,0.8.0,asn1::integer::uint::tests::reject_oversize_without_extra_zero,full,success,0.13047439066666666,,,,
x86_64-unknown-linux-gnu,der,0.8.0,asn1::null::tests::decode,full,success,0.1323946656666667,,,,
x86_64-unknown-linux-gnu,der,0.8.0,asn1::null::tests::encode,full,success,0.135573434,,,,
x86_64-unknown-linux-gnu,der,0.8.0,asn1::null::tests::reject_non_canonical,full,success,0.14645195433333336,,,,
x86_64-unknown-linux-gnu,der,0.8.0,asn1::octet_string::tests::octet_string_decode,full,success,0.13622079900000003,,,,
x86_64-unknown-linux-gnu,der,0.8.0,asn1::octet_string::tests::octet_string_decode_into,full,success,0.13071138300000004,,,,
x86_64-unknown-linux-gnu,der,0.8.0,asn1::printable_string::tests::parse_bytes,full,success,0.13249452366666667,,,,
x86_64-unknown-linux-gnu,der,0.8.0,asn1::teletex_string::tests::parse_bytes,full,success,0.14883965899999999,,,,
x86_64-unknown-linux-gnu,der,0.8.0,asn1::utc_time::tests::round_trip_vector,full,success,0.13509215433333335,,,,
x86_64-unknown-linux-gnu,der,0.8.0,asn1::utf8_string::tests::parse_ascii_bytes,full,success,0.12914082600000001,,,,
x86_64-unknown-linux-gnu,der,0.8.0,asn1::utf8_string::tests::parse_utf8_bytes,full,success,0.13384131266666668,,,,
x86_64-unknown-linux-gnu,der,0.8.0,asn1::videotex_string::tests::parse_bytes,full,success,0.131039093,,,,
x86_64-unknown-linux-gnu,der,0.8.0,datetime::tests::feb_leap_year_handling,full,success,0.138629169,,,,
x86_64-unknown-linux-gnu,der,0.8.0,datetime::tests::from_str,full,success,0.13190184233333335,,,,
x86_64-unknown-linux-gnu,der,0.8.0,datetime::tests::invalid_dates,full,success,0.12976279033333335,,,,
x86_64-unknown-linux-gnu,der,0.8.0,encoding_rules::tests::parse,full,success,0.131094125,,,,
x86_64-unknown-linux-gnu,der,0.8.0,header::tests::negative_peek_overlength_header,full,success,0.13114924433333333,,,,
x86_64-unknown-linux-gnu,der,0.8.0,header::tests::peek,full,success,0.130048265,,,,
x86_64-unknown-linux-gnu,der,0.8.0,header::tests::peek_max_header,full,success,0.1342993246666667,,,,
x86_64-unknown-linux-gnu,der,0.8.0,length::tests::add_overflows_when_max_length_exceeded,full,success,0.13295603033333334,,,,
x86_64-unknown-linux-gnu,der,0.8.0,length::tests::decode,full,success,0.13107906733333335,,,,
x86_64-unknown-linux-gnu,der,0.8.0,length::tests::der_ord,full,success,0.13162584800000002,,,,
x86_64-unknown-linux-gnu,der,0.8.0,length::tests::encode,full,success,0.13093925399999998,,,,
x86_64-unknown-linux-gnu,der,0.8.0,reader::slice::tests::empty_message,full,success,0.13136108833333335,,,,
x86_64-unknown-linux-gnu,der,0.8.0,reader::slice::tests::invalid_field_length,full,success,0.13331738333333334,,,,
x86_64-unknown-linux-gnu,der,0.8.0,reader::slice::tests::trailing_data,full,success,0.14042841400000003,,,,
x86_64-unknown-linux-gnu,der,0.8.0,tag::tests::decoding,full,success,0.13139485766666667,,,,
x86_64-unknown-linux-gnu,der,0.8.0,tag::tests::negative_peek_long_tags,full,success,0.13007945533333334,,,,
x86_64-unknown-linux-gnu,der,0.8.0,tag::tests::peek,full,success,0.12966678433333334,,,,
x86_64-unknown-linux-gnu,der,0.8.0,tag::tests::peek_long_tags,full,success,0.130929281,,,,
x86_64-unknown-linux-gnu,der,0.8.0,tag::tests::tag_class,full,success,0.133389948,,,,
x86_64-unknown-linux-gnu,der,0.8.0,tag::tests::tag_order,full,success,0.12926362700000002,,,,
x86_64-unknown-linux-gnu,der,0.8.0,writer::slice::tests::overlength_message,full,success,0.1306514506666667,,,,
x86_64-unknown-linux-gnu,dirs-sys-next,0.1.2,xdg_user_dirs::tests::test_absolute_path_is_accepted,full,success,0.13982454266666666,,,,
x86_64-unknown-linux-gnu,dirs-sys-next,0.1.2,xdg_user_dirs::tests::test_disabled_directory,full,success,0.13281133333333336,,,,
x86_64-unknown-linux-gnu,dirs-sys-next,0.1.2,xdg_user_dirs::tests::test_parse_empty,full,success,0.1385006036666667,,,,
x86_64-unknown-linux-gnu,dirs-sys-next,0.1.2,xdg_user_dirs::tests::test_parse_user_dirs,full,success,0.2585077433333334,,,,
x86_64-unknown-linux-gnu,dirs-sys-next,0.1.2,xdg_user_dirs::tests::test_relative_path_is_rejected,full,success,0.13759710666666666,,,,
x86_64-unknown-linux-gnu,dirs-sys-next,0.1.2,xdg_user_dirs::tests::test_relative_to_home,full,success,0.1425083136666667,,,,
x86_64-unknown-linux-gnu,dirs-sys-next,0.1.2,xdg_user_dirs::tests::test_shell_unescape,full,success,0.136071531,,,,
x86_64-unknown-linux-gnu,dirs-sys-next,0.1.2,xdg_user_dirs::tests::test_split_once,full,success,0.13763855433333336,,,,
x86_64-unknown-linux-gnu,dirs-sys-next,0.1.2,xdg_user_dirs::tests::test_trim_blank,full,success,0.13352510333333337,,,,
x86_64-unknown-linux-gnu,dirs-sys,0.5.0,xdg_user_dirs::tests::test_absolute_path_is_accepted,full,success,0.13569299066666668,,,,
x86_64-unknown-linux-gnu,dirs-sys,0.5.0,xdg_user_dirs::tests::test_disabled_directory,full,success,0.13191632633333336,,,,
x86_64-unknown-linux-gnu,dirs-sys,0.5.0,xdg_user_dirs::tests::test_parse_empty,full,success,0.13124641066666667,,,,
x86_64-unknown-linux-gnu,dirs-sys,0.5.0,xdg_user_dirs::tests::test_parse_user_dirs,full,success,0.24618544633333336,,,,
x86_64-unknown-linux-gnu,dirs-sys,0.5.0,xdg_user_dirs::tests::test_relative_path_is_rejected,full,success,0.13277734666666666,,,,
x86_64-unknown-linux-gnu,dirs-sys,0.5.0,xdg_user_dirs::tests::test_relative_to_home,full,success,0.13660981466666666,,,,
x86_64-unknown-linux-gnu,dirs-sys,0.5.0,xdg_user_dirs::tests::test_shell_unescape,full,success,0.133136382,,,,
x86_64-unknown-linux-gnu,dirs-sys,0.5.0,xdg_user_dirs::tests::test_split_once,full,success,0.1301981336666667,,,,
x86_64-unknown-linux-gnu,dirs-sys,0.5.0,xdg_user_dirs::tests::test_trim_blank,full,success,0.130090884,,,,
x86_64-unknown-linux-gnu,either,1.15.0,basic,full,success,0.12945587933333336,,,,
x86_64-unknown-linux-gnu,either,1.15.0,deref,full,success,0.13482507300000002,,,,
x86_64-unknown-linux-gnu,either,1.15.0,error,full,success,0.13483183666666668,,,,
x86_64-unknown-linux-gnu,either,1.15.0,iter,full,success,0.12964502133333333,,,,
x86_64-unknown-linux-gnu,either,1.15.0,macros,full,success,0.12921075366666668,,,,
x86_64-unknown-linux-gnu,either,1.15.0,read_write,full,success,0.13382797233333335,,,,
x86_64-unknown-linux-gnu,either,1.15.0,seek,full,success,0.2828890196666667,,,,
x86_64-unknown-linux-gnu,encoding_rs,0.8.35,ascii::tests::test_ascii_to_ascii,full,success,0.15020998900000002,,,,
x86_64-unknown-linux-gnu,encoding_rs,0.8.35,ascii::tests::test_ascii_to_basic_latin,full,success,0.14988891033333332,,,,
x86_64-unknown-linux-gnu,encoding_rs,0.8.35,ascii::tests::test_basic_latin_to_ascii,full,success,0.14964858300000003,,,,
x86_64-unknown-linux-gnu,encoding_rs,0.8.35,big5::tests::test_big5_decode,full,success,0.5424214723333334,,,,
x86_64-unknown-linux-gnu,encoding_rs,0.8.35,big5::tests::test_big5_encode,full,success,0.1286992346666667,,,,
x86_64-unknown-linux-gnu,encoding_rs,0.8.35,euc_jp::tests::test_euc_jp_decode,full,success,0.5459911920000001,,,,
x86_64-unknown-linux-gnu,encoding_rs,0.8.35,euc_jp::tests::test_euc_jp_encode,full,success,0.17395763166666667,,,,
x86_64-unknown-linux-gnu,encoding_rs,0.8.35,euc_kr::tests::test_euc_kr_decode,full,success,0.18106655966666665,,,,
x86_64-unknown-linux-gnu,encoding_rs,0.8.35,euc_kr::tests::test_euc_kr_encode,full,success,1.8414110433333335,,,,
x86_64-unknown-linux-gnu,encoding_rs,0.8.35,euc_kr::tests::test_euc_kr_encode_from_two_low_surrogates,full,success,0.08568362233333333,,,,
x86_64-unknown-linux-gnu,encoding_rs,0.8.35,gb18030::tests::test_gb18030_decode,full,success,0.6960586413333334,,,,
x86_64-unknown-linux-gnu,encoding_rs,0.8.35,gb18030::tests::test_gb18030_encode,full,success,4.975126341,,,,
x86_64-unknown-linux-gnu,encoding_rs,0.8.35,gb18030::tests::test_gb18030_encode_from_utf16_max_length,full,success,0.08395082899999999,,,,
x86_64-unknown-linux-gnu,encoding_rs,0.8.35,gb18030::tests::test_gbk_encode,full,success,4.857801917000001,,,,
x86_64-unknown-linux-gnu,encoding_rs,0.8.35,iso_2022_jp::tests::test_iso_2022_jp_decode,full,success,1.7588537119999998,,,,
x86_64-unknown-linux-gnu,encoding_rs,0.8.35,iso_2022_jp::tests::test_iso_2022_jp_encode,full,success,4.644493481,,,,
x86_64-unknown-linux-gnu,encoding_rs,0.8.35,iso_2022_jp::tests::test_iso_2022_jp_encode_from_two_low_surrogates,full,success,0.08469382600000001,,,,
x86_64-unknown-linux-gnu,encoding_rs,0.8.35,iso_2022_jp::tests::test_iso_2022_jp_half_width_katakana_length,full,success,0.08567101766666667,,,,
x86_64-unknown-linux-gnu,encoding_rs,0.8.35,iso_2022_jp::tests::test_iso_2022_jp_length_after_escape,full,success,0.08507755300000001,,,,
x86_64-unknown-linux-gnu,encoding_rs,0.8.35,mem::tests::test_check_str_for_latin1_and_bidi,full,success,0.08730439466666667,,,,
x86_64-unknown-linux-gnu,encoding_rs,0.8.35,mem::tests::test_check_utf16_for_latin1_and_bidi,full,success,0.09143466133333333,,,,
x86_64-unknown-linux-gnu,encoding_rs,0.8.35,mem::tests::test_check_utf8_for_latin1_and_bidi,full,success,0.08772561200000001,,,,
x86_64-unknown-linux-gnu,encoding_rs,0.8.35,mem::tests::test_convert_latin1_to_utf16,full,success,0.13513774766666667,,,,
x86_64-unknown-linux-gnu,encoding_rs,0.8.35,mem::tests::test_convert_latin1_to_utf8,full,success,0.155285382,,,,
x86_64-unknown-linux-gnu,encoding_rs,0.8.35,mem::tests::test_convert_latin1_to_utf8_partial,full,success,0.09165340966666669,,,,
x86_64-unknown-linux-gnu,encoding_rs,0.8.35,mem::tests::test_convert_str_to_utf16,full,success,0.09134022866666668,,,,
x86_64-unknown-linux-gnu,encoding_rs,0.8.35,mem::tests::test_convert_utf16_to_latin1_lossy,full,success,0.13668986533333335,,,,
x86_64-unknown-linux-gnu,encoding_rs,0.8.35,mem::tests::test_convert_utf16_to_latin1_lossy_panics,full,success,0.08842413533333333,,,,
x86_64-unknown-linux-gnu,encoding_rs,0.8.35,mem::tests::test_convert_utf16_to_utf8,full,success,0.10004371033333333,,,,
x86_64-unknown-linux-gnu,encoding_rs,0.8.35,mem::tests::test_convert_utf16_to_utf8_partial,full,success,0.094320945,,,,
x86_64-unknown-linux-gnu,encoding_rs,0.8.35,mem::tests::test_convert_utf8_to_latin1_lossy,full,success,0.17698664466666666,,,,
x86_64-unknown-linux-gnu,encoding_rs,0.8.35,mem::tests::test_convert_utf8_to_latin1_lossy_panics,full,success,0.088832178,,,,
x86_64-unknown-linux-gnu,encoding_rs,0.8.35,mem::tests::test_convert_utf8_to_utf16,full,success,0.088884901,,,,
x86_64-unknown-linux-gnu,encoding_rs,0.8.35,mem::tests::test_convert_utf8_to_utf16_without_replacement,full,success,0.08687502433333334,,,,
x86_64-unknown-linux-gnu,encoding_rs,0.8.35,mem::tests::test_decode_latin1,full,success,0.08498714466666667,,,,
x86_64-unknown-linux-gnu,encoding_rs,0.8.35,mem::tests::test_encode_latin1_lossy,full,success,0.084855205,,,,
x86_64-unknown-linux-gnu,encoding_rs,0.8.35,mem::tests::test_ensure_utf16_validity,full,success,0.085660984,,,,
x86_64-unknown-linux-gnu,encoding_rs,0.8.35,mem::tests::test_is_ascii_fail,full,success,0.306797823,,,,
x86_64-unknown-linux-gnu,encoding_rs,0.8.35,mem::tests::test_is_ascii_success,full,success,0.13332538366666669,,,,
x86_64-unknown-linux-gnu,encoding_rs,0.8.35,mem::tests::test_is_basic_latin_fail,full,success,0.30389634233333335,,,,
x86_64-unknown-linux-gnu,encoding_rs,0.8.35,mem::tests::test_is_basic_latin_success,full,success,0.13900783833333333,,,,
x86_64-unknown-linux-gnu,encoding_rs,0.8.35,mem::tests::test_is_char_bidi,full,success,0.09103267666666666,,,,
x86_64-unknown-linux-gnu,encoding_rs,0.8.35,mem::tests::test_is_str_bidi,full,success,0.08683117766666666,,,,
x86_64-unknown-linux-gnu,encoding_rs,0.8.35,mem::tests::test_is_str_latin1_fail,full,success,0.7622545803333334,,,,
x86_64-unknown-linux-gnu,encoding_rs,0.8.35,mem::tests::test_is_str_latin1_success,full,success,0.20385787433333336,,,,
x86_64-unknown-linux-gnu,encoding_rs,0.8.35,mem::tests::test_is_utf16_bidi,full,success,0.09551638633333333,,,,
x86_64-unknown-linux-gnu,encoding_rs,0.8.35,mem::tests::test_is_utf16_code_unit_bidi,full,success,0.08464450933333334,,,,
x86_64-unknown-linux-gnu,encoding_rs,0.8.35,mem::tests::test_is_utf16_latin1_fail,full,success,5.378890954,,,,
x86_64-unknown-linux-gnu,encoding_rs,0.8.35,mem::tests::test_is_utf16_latin1_success,full,success,0.22619048966666666,,,,
x86_64-unknown-linux-gnu,encoding_rs,0.8.35,mem::tests::test_is_utf8_bidi,full,success,0.08512022200000001,,,,
x86_64-unknown-linux-gnu,encoding_rs,0.8.35,mem::tests::test_is_utf8_bidi_edge_cases,full,success,0.08552217066666667,,,,
x86_64-unknown-linux-gnu,encoding_rs,0.8.35,mem::tests::test_is_utf8_latin1_fail,full,success,0.8160027696666666,,,,
x86_64-unknown-linux-gnu,encoding_rs,0.8.35,mem::tests::test_is_utf8_latin1_invalid,full,success,0.08525028600000001,,,,
x86_64-unknown-linux-gnu,encoding_rs,0.8.35,mem::tests::test_is_utf8_latin1_success,full,success,0.19555101933333333,,,,
x86_64-unknown-linux-gnu,encoding_rs,0.8.35,mem::tests::test_utf16_valid_up_to,full,success,0.08697522266666667,,,,
x86_64-unknown-linux-gnu,encoding_rs,0.8.35,replacement::tests::test_replacement_decode,full,success,0.084503226,,,,
x86_64-unknown-linux-gnu,encoding_rs,0.8.35,replacement::tests::test_replacement_encode,full,success,0.098099589,,,,
x86_64-unknown-linux-gnu,encoding_rs,0.8.35,shift_jis::tests::test_shift_jis_decode,full,success,0.2653319606666667,,,,
x86_64-unknown-linux-gnu,encoding_rs,0.8.35,shift_jis::tests::test_shift_jis_encode,full,success,2.4204654933333334,,,,
x86_64-unknown-linux-gnu,encoding_rs,0.8.35,shift_jis::tests::test_shift_jis_half_width_katakana_length,full,success,0.08596159466666668,,,,
x86_64-unknown-linux-gnu,encoding_rs,0.8.35,single_byte::tests::test_ascii_punctuation,full,success,1.9420188146666668,,,,
x86_64-unknown-linux-gnu,encoding_rs,0.8.35,single_byte::tests::test_decode_malformed,full,success,0.11772486733333336,,,,
x86_64-unknown-linux-gnu,encoding_rs,0.8.35,single_byte::tests::test_encode_unmappables,full,success,0.13976030733333333,,,,
x86_64-unknown-linux-gnu,encoding_rs,0.8.35,single_byte::tests::test_encode_unpaired_surrogates,full,success,0.085905295,,,,
x86_64-unknown-linux-gnu,encoding_rs,0.8.35,single_byte::tests::test_single_byte_decode,full,success,1.299801881,,,,
x86_64-unknown-linux-gnu,encoding_rs,0.8.35,single_byte::tests::test_single_byte_encode,full,success,0.28762084300000007,,,,
x86_64-unknown-linux-gnu,encoding_rs,0.8.35,single_byte::tests::test_single_byte_from_two_low_surrogates,full,success,0.08372048133333333,,,,
x86_64-unknown-linux-gnu,encoding_rs,0.8.35,single_byte::tests::test_windows_1255_ca,full,success,0.09899738133333334,,,,
x86_64-unknown-linux-gnu,encoding_rs,0.8.35,test_labels_names::test_all_labels,full,success,0.4157246243333334,,,,
x86_64-unknown-linux-gnu,encoding_rs,0.8.35,tests::test_bom_sniffing,full,success,0.08952779100000001,,,,
x86_64-unknown-linux-gnu,encoding_rs,0.8.35,tests::test_buffer_end_iso_2022_jp_from_utf16,full,success,0.08153759233333334,,,,
x86_64-unknown-linux-gnu,encoding_rs,0.8.35,tests::test_buffer_end_iso_2022_jp_from_utf8,full,success,0.086155918,,,,
x86_64-unknown-linux-gnu,encoding_rs,0.8.35,tests::test_buffer_end_utf16be,full,success,0.080973876,,,,
x86_64-unknown-linux-gnu,encoding_rs,0.8.35,tests::test_decode_ascii_only_windows_1257_to_cow,full,success,0.07996970366666667,,,,
x86_64-unknown-linux-gnu,encoding_rs,0.8.35,tests::test_decode_ascii_only_windows_1257_to_cow_with_bom_removal,full,success,0.08186941733333335,,,,
x86_64-unknown-linux-gnu,encoding_rs,0.8.35,tests::test_decode_ascii_only_windows_1257_to_cow_without_bom_handling,full,success,0.08518688333333334,,,,
x86_64-unknown-linux-gnu,encoding_rs,0.8.35,tests::test_decode_ascii_only_windows_1257_to_cow_without_bom_handling_and_without_replacement,full,success,0.08827175966666667,,,,
x86_64-unknown-linux-gnu,encoding_rs,0.8.35,tests::test_decode_bomful_invalid_utf8_as_utf_8_to_cow,full,success,0.08409966833333334,,,,
x86_64-unknown-linux-gnu,encoding_rs,0.8.35,tests::test_decode_bomful_invalid_utf8_as_windows_1257_to_cow,full,success,0.08227753166666667,,,,
x86_64-unknown-linux-gnu,encoding_rs,0.8.35,tests::test_decode_bomful_invalid_utf8_to_cow_without_bom_handling,full,success,0.08249848900000001,,,,
x86_64-unknown-linux-gnu,encoding_rs,0.8.35,tests::test_decode_bomful_invalid_utf8_to_cow_without_bom_handling_and_without_replacement,full,success,0.08426634366666667,,,,
x86_64-unknown-linux-gnu,encoding_rs,0.8.35,tests::test_decode_bomful_valid_utf8_as_utf_8_to_cow,full,success,0.08139601833333333,,,,
x86_64-unknown-linux-gnu,encoding_rs,0.8.35,tests::test_decode_bomful_valid_utf8_as_utf_8_to_cow_with_bom_removal,full,success,0.08036951866666668,,,,
x86_64-unknown-linux-gnu,encoding_rs,0.8.35,tests::test_decode_bomful_valid_utf8_as_windows_1257_to_cow,full,success,0.07933854866666668,,,,
x86_64-unknown-linux-gnu,encoding_rs,0.8.35,tests::test_decode_bomful_valid_utf8_as_windows_1257_to_cow_with_bom_removal,full,success,0.08095207300000001,,,,
x86_64-unknown-linux-gnu,encoding_rs,0.8.35,tests::test_decode_bomful_valid_utf8_to_cow_without_bom_handling,full,success,0.08407471666666666,,,,
x86_64-unknown-linux-gnu,encoding_rs,0.8.35,tests::test_decode_bomful_valid_utf8_to_cow_without_bom_handling_and_without_replacement,full,success,0.08312100766666668,,,,
x86_64-unknown-linux-gnu,encoding_rs,0.8.35,tests::test_decode_invalid_windows_1257_to_cow,full,success,0.08277690333333333,,,,
x86_64-unknown-linux-gnu,encoding_rs,0.8.35,tests::test_decode_invalid_windows_1257_to_cow_with_bom_removal,full,success,0.08232332433333334,,,,
x86_64-unknown-linux-gnu,encoding_rs,0.8.35,tests::test_decode_invalid_windows_1257_to_cow_without_bom_handling,full,success,0.08458529933333332,,,,
x86_64-unknown-linux-gnu,encoding_rs,0.8.35,tests::test_decode_invalid_windows_1257_to_cow_without_bom_handling_and_without_replacement,full,success,0.08151483433333334,,,,
x86_64-unknown-linux-gnu,encoding_rs,0.8.35,tests::test_decode_valid_windows_1257_to_cow,full,success,0.08441783600000001,,,,
x86_64-unknown-linux-gnu,encoding_rs,0.8.35,tests::test_decode_valid_windows_1257_to_cow_with_bom_removal,full,success,0.08420033033333334,,,,
x86_64-unknown-linux-gnu,encoding_rs,0.8.35,tests::test_decode_valid_windows_1257_to_cow_without_bom_handling,full,success,0.08209440400000001,,,,
x86_64-unknown-linux-gnu,encoding_rs,0.8.35,tests::test_decode_valid_windows_1257_to_cow_without_bom_handling_and_without_replacement,full,success,0.08197572533333335,,,,
x86_64-unknown-linux-gnu,encoding_rs,0.8.35,tests::test_encode_ascii_only_windows_1257_to_cow,full,success,0.08333557233333333,,,,
x86_64-unknown-linux-gnu,encoding_rs,0.8.35,tests::test_encode_valid_windows_1257_to_cow,full,success,0.088524895,,,,
x86_64-unknown-linux-gnu,encoding_rs,0.8.35,tests::test_hash,full,success,0.08764033333333333,,,,
x86_64-unknown-linux-gnu,encoding_rs,0.8.35,tests::test_is_single_byte,full,success,0.08384802000000001,,,,
x86_64-unknown-linux-gnu,encoding_rs,0.8.35,tests::test_iso_2022_jp_ncr_extra_from_utf16,full,success,0.084026053,,,,
x86_64-unknown-linux-gnu,encoding_rs,0.8.35,tests::test_iso_2022_jp_ncr_extra_from_utf8,full,success,0.08297568666666667,,,,
x86_64-unknown-linux-gnu,encoding_rs,0.8.35,tests::test_label_resolution,full,success,0.09312666000000001,,,,
x86_64-unknown-linux-gnu,encoding_rs,0.8.35,tests::test_latin1_byte_compatible_up_to,full,success,0.08549777533333335,,,,
x86_64-unknown-linux-gnu,encoding_rs,0.8.35,tests::test_max_length_with_bom_to_utf8,full,success,0.085421939,,,,
x86_64-unknown-linux-gnu,encoding_rs,0.8.35,tests::test_output_encoding,full,success,0.082124813,,,,
x86_64-unknown-linux-gnu,encoding_rs,0.8.35,tests::test_too_short_buffer_with_iso_2022_jp_ascii_from_utf16,full,success,0.09133563433333332,,,,
x86_64-unknown-linux-gnu,encoding_rs,0.8.35,tests::test_too_short_buffer_with_iso_2022_jp_ascii_from_utf8,full,success,0.08828605200000002,,,,
x86_64-unknown-linux-gnu,encoding_rs,0.8.35,tests::test_too_short_buffer_with_iso_2022_jp_roman_from_utf16,full,success,0.08574241866666667,,,,
x86_64-unknown-linux-gnu,encoding_rs,0.8.35,tests::test_too_short_buffer_with_iso_2022_jp_roman_from_utf8,full,success,0.08823475933333334,,,,
x86_64-unknown-linux-gnu,encoding_rs,0.8.35,tests::test_utf16_space_with_one_bom_byte,full,success,0.09228466333333335,,,,
x86_64-unknown-linux-gnu,encoding_rs,0.8.35,tests::test_utf16_space_with_one_bom_byte_and_a_second_byte_in_same_call,full,success,0.08538818966666668,,,,
x86_64-unknown-linux-gnu,encoding_rs,0.8.35,tests::test_utf16_space_with_two_bom_bytes,full,success,0.082863203,,,,
x86_64-unknown-linux-gnu,encoding_rs,0.8.35,tests::test_utf8_space_with_one_bom_byte,full,success,0.083724189,,,,
x86_64-unknown-linux-gnu,encoding_rs,0.8.35,tests::test_utf8_space_with_two_bom_bytes,full,success,0.09059525066666667,,,,
x86_64-unknown-linux-gnu,encoding_rs,0.8.35,utf_16::tests::test_utf_16_decode,full,success,2.1798748546666666,,,,
x86_64-unknown-linux-gnu,encoding_rs,0.8.35,utf_16::tests::test_utf_16_encode,full,success,0.12097271766666667,,,,
x86_64-unknown-linux-gnu,encoding_rs,0.8.35,utf_16::tests::test_utf_16be_decode_bom_prefix,full,success,0.08264484,,,,
x86_64-unknown-linux-gnu,encoding_rs,0.8.35,utf_16::tests::test_utf_16be_decode_bom_prefixed_split_byte_pair,full,success,0.08093249666666667,,,,
x86_64-unknown-linux-gnu,encoding_rs,0.8.35,utf_16::tests::test_utf_16be_decode_near_end,full,success,0.08287841366666666,,,,
x86_64-unknown-linux-gnu,encoding_rs,0.8.35,utf_16::tests::test_utf_16be_decode_one_by_one,full,success,0.08432254566666668,,,,
x86_64-unknown-linux-gnu,encoding_rs,0.8.35,utf_16::tests::test_utf_16be_decode_three_at_a_time,full,success,0.089449895,,,,
x86_64-unknown-linux-gnu,encoding_rs,0.8.35,utf_16::tests::test_utf_16le_decode_bom_prefix,full,success,0.08973265633333334,,,,
x86_64-unknown-linux-gnu,encoding_rs,0.8.35,utf_16::tests::test_utf_16le_decode_bom_prefixed_split_byte_pair,full,success,0.08880659866666668,,,,
x86_64-unknown-linux-gnu,encoding_rs,0.8.35,utf_16::tests::test_utf_16le_decode_near_end,full,success,0.10614208399999998,,,,
x86_64-unknown-linux-gnu,encoding_rs,0.8.35,utf_16::tests::test_utf_16le_decode_one_by_one,full,success,0.08349842166666667,,,,
x86_64-unknown-linux-gnu,encoding_rs,0.8.35,utf_16::tests::test_utf_16le_decode_three_at_a_time,full,success,0.08653968233333333,,,,
x86_64-unknown-linux-gnu,encoding_rs,0.8.35,utf_8::tests::test_decode_bom_prefix,full,success,0.09017120633333332,,,,
x86_64-unknown-linux-gnu,encoding_rs,0.8.35,utf_8::tests::test_decode_bom_prefixed_split_byte_pair,full,success,0.08533692966666666,,,,
x86_64-unknown-linux-gnu,encoding_rs,0.8.35,utf_8::tests::test_decode_bom_prefixed_split_byte_triple,full,success,0.09153696933333333,,,,
x86_64-unknown-linux-gnu,encoding_rs,0.8.35,utf_8::tests::test_encode_utf8_from_utf16_with_output_limit,full,success,0.8550181186666667,,,,
x86_64-unknown-linux-gnu,encoding_rs,0.8.35,utf_8::tests::test_tail,full,success,0.082906347,,,,
x86_64-unknown-linux-gnu,encoding_rs,0.8.35,utf_8::tests::test_utf8_decode,full,success,0.35270252500000004,,,,
x86_64-unknown-linux-gnu,encoding_rs,0.8.35,utf_8::tests::test_utf8_encode,full,success,0.08848276966666668,,,,
x86_64-unknown-linux-gnu,encoding_rs,0.8.35,utf_8::tests::test_utf8_max_length_from_utf16,full,success,0.07980134766666667,,,,
x86_64-unknown-linux-gnu,encoding_rs,0.8.35,x_user_defined::tests::test_x_user_defined_decode,full,success,0.47682087000000006,,,,
x86_64-unknown-linux-gnu,encoding_rs,0.8.35,x_user_defined::tests::test_x_user_defined_encode,full,success,0.12465921633333334,,,,
x86_64-unknown-linux-gnu,encoding_rs,0.8.35,x_user_defined::tests::test_x_user_defined_from_two_low_surrogates,full,success,0.08382649033333334,,,,
x86_64-unknown-linux-gnu,erased-serde,0.4.10,de::tests::assert_deserializer,full,success,0.12929582933333336,,,,
x86_64-unknown-linux-gnu,erased-serde,0.4.10,de::tests::test_borrowed,full,success,0.13173327499999998,,,,
x86_64-unknown-linux-gnu,erased-serde,0.4.10,de::tests::test_dangle,full,success,0.13021375000000002,,,,
x86_64-unknown-linux-gnu,erased-serde,0.4.10,de::tests::test_enum,full,success,0.17030942633333335,,,,
x86_64-unknown-linux-gnu,erased-serde,0.4.10,de::tests::test_struct,full,success,0.13871371533333335,,,,
x86_64-unknown-linux-gnu,erased-serde,0.4.10,de::tests::test_value,full,success,0.15267970133333333,,,,
x86_64-unknown-linux-gnu,erased-serde,0.4.10,macros::tests::test_generic_bound,full,success,0.13457480133333333,,,,
x86_64-unknown-linux-gnu,erased-serde,0.4.10,macros::tests::test_plain,full,success,0.14034089233333333,,,,
x86_64-unknown-linux-gnu,erased-serde,0.4.10,macros::tests::test_type_parameter,full,success,0.140975068,,,,
x86_64-unknown-linux-gnu,erased-serde,0.4.10,macros::tests::test_where_clause,full,success,0.13284831933333333,,,,
x86_64-unknown-linux-gnu,erased-serde,0.4.10,ser::tests::assert_serialize,full,success,0.14002906633333334,,,,
x86_64-unknown-linux-gnu,erased-serde,0.4.10,ser::tests::test_dangle,full,success,0.130416265,,,,
x86_64-unknown-linux-gnu,erased-serde,0.4.10,ser::tests::test_enum,full,success,0.15033332033333333,,,,
x86_64-unknown-linux-gnu,erased-serde,0.4.10,ser::tests::test_error_custom,full,success,0.13161498133333335,,,,
x86_64-unknown-linux-gnu,erased-serde,0.4.10,ser::tests::test_struct,full,success,0.13738022633333336,,,,
x86_64-unknown-linux-gnu,erased-serde,0.4.10,ser::tests::test_vec,full,success,0.1349844176666667,,,,
x86_64-unknown-linux-gnu,errno,0.3.14,check_description,full,success,0.13231641033333333,,,,
x86_64-unknown-linux-gnu,errno,0.3.14,check_error_into_errno,full,success,0.13676718266666668,,,,
x86_64-unknown-linux-gnu,errno,0.3.14,it_works,full,success,0.133369266,,,,
x86_64-unknown-linux-gnu,errno,0.3.14,it_works_with_to_string,full,success,0.13129648633333332,,,,
x86_64-unknown-linux-gnu,event-listener-strategy,0.5.4,send_and_sync,full,success,0.13340531166666666,,,,
x86_64-unknown-linux-gnu,event-listener,5.4.1,sys::tests::drop_non_notified,full,success,0.09776720666666668,,,,
x86_64-unknown-linux-gnu,event-listener,5.4.1,sys::tests::insert,full,success,0.10341383300000001,,,,
x86_64-unknown-linux-gnu,flate2,1.1.9,crc::tests::combine_matches_concatenation,full,success,0.14010991466666667,,,,
x86_64-unknown-linux-gnu,flate2,1.1.9,crc::tests::known_vector_hello,full,success,0.13776228266666668,,,,
x86_64-unknown-linux-gnu,flate2,1.1.9,crc::tests::known_vector_quick_brown_fox,full,success,0.137174696,,,,
x86_64-unknown-linux-gnu,flate2,1.1.9,crc::tests::new_is_empty,full,success,0.13895042666666668,,,,
x86_64-unknown-linux-gnu,flate2,1.1.9,crc::tests::reset_restores_initial_state,full,success,0.13701780666666666,,,,
x86_64-unknown-linux-gnu,flate2,1.1.9,crc::tests::update_is_streaming,full,success,0.144153014,,,,
x86_64-unknown-linux-gnu,flate2,1.1.9,deflate::bufread::test::decode_extra_data,full,success,14.235289402,,,,
x86_64-unknown-linux-gnu,flate2,1.1.9,deflate::tests::drop_writes,full,success,13.214265214333333,,,,
x86_64-unknown-linux-gnu,flate2,1.1.9,deflate::write::tests::decode_extra_data,full,success,28.996880364000003,,,,
x86_64-unknown-linux-gnu,flate2,1.1.9,gz::bufread::test::decode_extra_data,full,success,15.064756266333333,,,,
x86_64-unknown-linux-gnu,flate2,1.1.9,gz::read::tests::blocked_partial_header_read,full,success,0.13842989566666666,,,,
x86_64-unknown-linux-gnu,flate2,1.1.9,gz::tests::fields,full,success,14.808838031,,,,
x86_64-unknown-linux-gnu,flate2,1.1.9,gz::tests::flush_after_write,full,success,5.013514478333334,,,,
x86_64-unknown-linux-gnu,flate2,1.1.9,gz::tests::keep_reading_after_end,full,success,15.720665499666666,,,,
x86_64-unknown-linux-gnu,flate2,1.1.9,gz::tests::read_decoder_detects_corrupted_crc,full,success,2.0862009990000003,,,,
x86_64-unknown-linux-gnu,flate2,1.1.9,gz::tests::roundtrip,full,success,15.821314437333333,,,,
x86_64-unknown-linux-gnu,flate2,1.1.9,gz::tests::roundtrip_header,full,success,0.16546342533333336,,,,
x86_64-unknown-linux-gnu,flate2,1.1.9,gz::tests::roundtrip_zero,full,success,15.223390562,,,,
x86_64-unknown-linux-gnu,flate2,1.1.9,gz::tests::write_decoder_detects_corrupted_crc,full,success,2.089236607,,,,
x86_64-unknown-linux-gnu,flate2,1.1.9,gz::write::tests::decode_extra_data,full,success,27.58579548366667,,,,
x86_64-unknown-linux-gnu,flate2,1.1.9,gz::write::tests::decode_multi_writer,full,success,50.550064170000006,,,,
x86_64-unknown-linux-gnu,flate2,1.1.9,gz::write::tests::decode_writer_exact_header,full,success,26.26422072566667,,,,
x86_64-unknown-linux-gnu,flate2,1.1.9,gz::write::tests::decode_writer_one_chunk,full,success,26.721024001999996,,,,
x86_64-unknown-linux-gnu,flate2,1.1.9,gz::write::tests::decode_writer_partial_crc,full,success,27.031783218666664,,,,
x86_64-unknown-linux-gnu,flate2,1.1.9,gz::write::tests::decode_writer_partial_header,full,success,26.913970224333337,,,,
x86_64-unknown-linux-gnu,flate2,1.1.9,gz::write::tests::decode_writer_partial_header_comment,full,success,26.717153380333333,,,,
x86_64-unknown-linux-gnu,flate2,1.1.9,gz::write::tests::decode_writer_partial_header_filename,full,success,26.636997573000002,,,,
x86_64-unknown-linux-gnu,flate2,1.1.9,mem::tests::issue51,full,success,13.121062995333332,,,,
x86_64-unknown-linux-gnu,flate2,1.1.9,mem::tests::reset,full,success,35.05798863166667,,,,
x86_64-unknown-linux-gnu,flate2,1.1.9,zlib::bufread::test::decode_extra_data,full,success,13.813249815,,,,
x86_64-unknown-linux-gnu,flate2,1.1.9,zlib::tests::bad_input,full,success,0.33582866466666667,,,,
x86_64-unknown-linux-gnu,flate2,1.1.9,zlib::tests::drop_writes,full,success,13.431437765333333,,,,
x86_64-unknown-linux-gnu,flate2,1.1.9,zlib::write::tests::decode_extra_data,full,success,29.086406995333334,,,,
x86_64-unknown-linux-gnu,futures-task,0.3.32,noop_waker::tests::issue_2091_cross_thread_segfault,full,success,0.13185105500000002,,,,
x86_64-unknown-linux-gnu,futures-util,0.3.32,lock::mutex::tests::test_mutex_guard_debug_not_recurse,full,success,0.135229195,,,,
x86_64-unknown-linux-gnu,generic-array,1.4.3,impls::tests::test_from_inference,full,success,0.08917833333333335,,,,
x86_64-unknown-linux-gnu,generic-array,1.4.3,iter::test::test_send_iter,full,success,0.08889732833333334,,,,
x86_64-unknown-linux-gnu,generic-array,1.4.3,test::test_assembly,full,success,0.08768701666666667,,,,
x86_64-unknown-linux-gnu,gimli,0.33.0,arch::tests::test_aarch64_registers,full,success,0.2790542046666667,,,,
x86_64-unknown-linux-gnu,gimli,0.33.0,arch::tests::test_power64_registers,full,success,0.24356704633333334,,,,
x86_64-unknown-linux-gnu,gimli,0.33.0,case_fold::tests::test_case_fold,full,success,0.13837484300000003,,,,
x86_64-unknown-linux-gnu,gimli,0.33.0,case_fold::tests::test_case_folding_djb_hash,full,success,0.13863249933333333,,,,
x86_64-unknown-linux-gnu,gimli,0.33.0,constants::tests::test_dw_eh_pe_application,full,success,0.13274380433333335,,,,
x86_64-unknown-linux-gnu,gimli,0.33.0,constants::tests::test_dw_eh_pe_format,full,success,0.13179526800000002,,,,
x86_64-unknown-linux-gnu,gimli,0.33.0,constants::tests::test_dw_eh_pe_is_absent,full,success,0.1325798996666667,,,,
x86_64-unknown-linux-gnu,gimli,0.33.0,constants::tests::test_dw_eh_pe_is_valid_encoding_bad_application,full,success,0.13529473333333333,,,,
x86_64-unknown-linux-gnu,gimli,0.33.0,constants::tests::test_dw_eh_pe_is_valid_encoding_bad_format,full,success,0.137966218,,,,
x86_64-unknown-linux-gnu,gimli,0.33.0,constants::tests::test_dw_eh_pe_is_valid_encoding_ok,full,success,0.13077852966666667,,,,
x86_64-unknown-linux-gnu,gimli,0.33.0,leb128::tests::test_low_bits_of_byte,full,success,0.13423843700000002,,,,
x86_64-unknown-linux-gnu,gimli,0.33.0,leb128::tests::test_low_bits_of_u64,full,success,0.134466469,,,,
x86_64-unknown-linux-gnu,gimli,0.33.0,leb128::tests::test_read_multiple,full,success,0.13200367633333335,,,,
x86_64-unknown-linux-gnu,gimli,0.33.0,leb128::tests::test_read_signed,full,success,0.140303153,,,,
x86_64-unknown-linux-gnu,gimli,0.33.0,leb128::tests::test_read_signed_63_bits,full,success,0.13225028933333333,,,,
x86_64-unknown-linux-gnu,gimli,0.33.0,leb128::tests::test_read_signed_not_enough_data,full,success,0.132954487,,,,
x86_64-unknown-linux-gnu,gimli,0.33.0,leb128::tests::test_read_signed_overflow,full,success,0.140707832,,,,
x86_64-unknown-linux-gnu,gimli,0.33.0,leb128::tests::test_read_u16,full,success,0.13606499433333333,,,,
x86_64-unknown-linux-gnu,gimli,0.33.0,leb128::tests::test_read_unsigned,full,success,0.13848644066666668,,,,
x86_64-unknown-linux-gnu,gimli,0.33.0,leb128::tests::test_read_unsigned_invalid,full,success,0.14114986366666668,,,,
x86_64-unknown-linux-gnu,gimli,0.33.0,leb128::tests::test_read_unsigned_not_enough_data,full,success,0.13452150133333335,,,,
x86_64-unknown-linux-gnu,gimli,0.33.0,leb128::tests::test_read_unsigned_overflow,full,success,0.13562349733333334,,,,
x86_64-unknown-linux-gnu,gimli,0.33.0,leb128::tests::test_write_signed_not_enough_space,full,success,0.13352859900000003,,,,
x86_64-unknown-linux-gnu,gimli,0.33.0,leb128::tests::test_write_unsigned_not_enough_space,full,success,0.13711093233333335,,,,
x86_64-unknown-linux-gnu,gimli,0.33.0,read::abbrev::tests::test_abbreviations_insert,full,success,0.14815204766666668,,,,
x86_64-unknown-linux-gnu,gimli,0.33.0,read::abbrev::tests::test_debug_abbrev_ok,full,success,0.14803560666666668,,,,
x86_64-unknown-linux-gnu,gimli,0.33.0,read::abbrev::tests::test_get_abbrev_zero,full,success,0.13746884766666667,,,,
x86_64-unknown-linux-gnu,gimli,0.33.0,read::abbrev::tests::test_parse_abbreviation_has_children,full,success,0.13709081566666667,,,,
x86_64-unknown-linux-gnu,gimli,0.33.0,read::abbrev::tests::test_parse_abbreviation_implicit_const_no_const,full,success,0.13996594466666668,,,,
x86_64-unknown-linux-gnu,gimli,0.33.0,read::abbrev::tests::test_parse_abbreviation_implicit_const_ok,full,success,0.14006106433333335,,,,
x86_64-unknown-linux-gnu,gimli,0.33.0,read::abbrev::tests::test_parse_abbreviation_ok,full,success,0.14121698133333335,,,,
x86_64-unknown-linux-gnu,gimli,0.33.0,read::abbrev::tests::test_parse_abbreviation_tag_ok,full,success,0.13559570233333335,,,,
x86_64-unknown-linux-gnu,gimli,0.33.0,read::abbrev::tests::test_parse_abbreviation_tag_zero,full,success,0.13208683000000002,,,,
x86_64-unknown-linux-gnu,gimli,0.33.0,read::abbrev::tests::test_parse_abbreviations_duplicate,full,success,0.139608463,,,,
x86_64-unknown-linux-gnu,gimli,0.33.0,read::abbrev::tests::test_parse_abbreviations_ok,full,success,0.14378999366666667,,,,
x86_64-unknown-linux-gnu,gimli,0.33.0,read::abbrev::tests::test_parse_attribute_specifications_form_zero,full,success,0.134625139,,,,
x86_64-unknown-linux-gnu,gimli,0.33.0,read::abbrev::tests::test_parse_attribute_specifications_name_zero,full,success,0.13269739633333336,,,,
x86_64-unknown-linux-gnu,gimli,0.33.0,read::abbrev::tests::test_parse_null_abbreviation_ok,full,success,0.14187611433333336,,,,
x86_64-unknown-linux-gnu,gimli,0.33.0,read::abbrev::tests::test_parse_null_attribute_specification_ok,full,success,0.1334891903333333,,,,
x86_64-unknown-linux-gnu,gimli,0.33.0,read::addr::tests::test_get_address,full,success,0.18657739500000003,,,,
x86_64-unknown-linux-gnu,gimli,0.33.0,read::addr::tests::test_iterator,full,success,0.14753017166666668,,,,
x86_64-unknown-linux-gnu,gimli,0.33.0,read::aranges::tests::test_iterate_headers,full,success,0.13583465933333336,,,,
x86_64-unknown-linux-gnu,gimli,0.33.0,read::aranges::tests::test_parse_entry_ok,full,success,0.1329595756666667,,,,
x86_64-unknown-linux-gnu,gimli,0.33.0,read::aranges::tests::test_parse_entry_overflow_32,full,success,0.13578130933333335,,,,
x86_64-unknown-linux-gnu,gimli,0.33.0,read::aranges::tests::test_parse_entry_overflow_64,full,success,0.14233669766666668,,,,
x86_64-unknown-linux-gnu,gimli,0.33.0,read::aranges::tests::test_parse_entry_tombstone_32,full,success,0.13372829933333333,,,,
x86_64-unknown-linux-gnu,gimli,0.33.0,read::aranges::tests::test_parse_entry_tombstone_64,full,success,0.137221957,,,,
x86_64-unknown-linux-gnu,gimli,0.33.0,read::aranges::tests::test_parse_entry_zero,full,success,0.13832794766666667,,,,
x86_64-unknown-linux-gnu,gimli,0.33.0,read::aranges::tests::test_parse_header_div_by_zero_error,full,success,0.13363850433333332,,,,
x86_64-unknown-linux-gnu,gimli,0.33.0,read::aranges::tests::test_parse_header_ok,full,success,0.13300457266666668,,,,
x86_64-unknown-linux-gnu,gimli,0.33.0,read::aranges::tests::test_parse_header_overflow_error,full,success,0.136512343,,,,
x86_64-unknown-linux-gnu,gimli,0.33.0,read::cfi::tests::iter_register_rules,full,success,0.13603073033333332,,,,
x86_64-unknown-linux-gnu,gimli,0.33.0,read::cfi::tests::register_rule_map_eq,full,success,0.1377871496666667,,,,
x86_64-unknown-linux-gnu,gimli,0.33.0,read::cfi::tests::size_of_register_rule_map,full,success,0.13230587066666666,,,,
x86_64-unknown-linux-gnu,gimli,0.33.0,read::cfi::tests::size_of_unwind_ctx,full,success,0.13046919,,,,
x86_64-unknown-linux-gnu,gimli,0.33.0,read::cfi::tests::test_augmentation_parse_L,full,success,0.133988561,,,,
x86_64-unknown-linux-gnu,gimli,0.33.0,read::cfi::tests::test_augmentation_parse_P,full,success,0.14018777100000002,,,,
x86_64-unknown-linux-gnu,gimli,0.33.0,read::cfi::tests::test_augmentation_parse_R,full,success,0.135770298,,,,
x86_64-unknown-linux-gnu,gimli,0.33.0,read::cfi::tests::test_augmentation_parse_S,full,success,0.13621842333333334,,,,
x86_64-unknown-linux-gnu,gimli,0.33.0,read::cfi::tests::test_augmentation_parse_all,full,success,0.136224588,,,,
x86_64-unknown-linux-gnu,gimli,0.33.0,read::cfi::tests::test_augmentation_parse_just_signal_trampoline,full,success,0.1343671266666667,,,,
x86_64-unknown-linux-gnu,gimli,0.33.0,read::cfi::tests::test_augmentation_parse_not_z_augmentation,full,success,0.13804086299999999,,,,
x86_64-unknown-linux-gnu,gimli,0.33.0,read::cfi::tests::test_augmentation_parse_unknown_part_of_z_augmentation,full,success,0.14233878366666666,,,,
x86_64-unknown-linux-gnu,gimli,0.33.0,read::cfi::tests::test_call_frame_instruction_iter_err,full,success,0.13723083300000002,,,,
x86_64-unknown-linux-gnu,gimli,0.33.0,read::cfi::tests::test_call_frame_instruction_iter_ok,full,success,0.14431247700000002,,,,
x86_64-unknown-linux-gnu,gimli,0.33.0,read::cfi::tests::test_cfi_entries_iter,full,success,0.17089471600000003,,,,
x86_64-unknown-linux-gnu,gimli,0.33.0,read::cfi::tests::test_debug_frame_skips_zero_length,full,success,0.1468855276666667,,,,
x86_64-unknown-linux-gnu,gimli,0.33.0,read::cfi::tests::test_eh_frame_cie_personality_function_relative_bad_context,full,success,0.14746014733333335,,,,
x86_64-unknown-linux-gnu,gimli,0.33.0,read::cfi::tests::test_eh_frame_fde_empty_augmentation,full,success,0.14034202799999998,,,,
x86_64-unknown-linux-gnu,gimli,0.33.0,read::cfi::tests::test_eh_frame_fde_for_address_good,full,success,0.17670541366666667,,,,
x86_64-unknown-linux-gnu,gimli,0.33.0,read::cfi::tests::test_eh_frame_fde_lsda_augmentation,full,success,0.14493487033333333,,,,
x86_64-unknown-linux-gnu,gimli,0.33.0,read::cfi::tests::test_eh_frame_fde_lsda_function_relative,full,success,0.14356823466666668,,,,
x86_64-unknown-linux-gnu,gimli,0.33.0,read::cfi::tests::test_eh_frame_fde_no_augmentation,full,success,0.14136452133333333,,,,
x86_64-unknown-linux-gnu,gimli,0.33.0,read::cfi::tests::test_eh_frame_fde_ok,full,success,0.15225836866666667,,,,
x86_64-unknown-linux-gnu,gimli,0.33.0,read::cfi::tests::test_eh_frame_fde_out_of_bounds,full,success,0.14894833600000001,,,,
x86_64-unknown-linux-gnu,gimli,0.33.0,read::cfi::tests::test_eh_frame_hdr_good,full,success,0.14434749966666668,,,,
x86_64-unknown-linux-gnu,gimli,0.33.0,read::cfi::tests::test_eh_frame_hdr_indirect_length,full,success,0.14295044599999998,,,,
x86_64-unknown-linux-gnu,gimli,0.33.0,read::cfi::tests::test_eh_frame_hdr_indirect_ptrs,full,success,0.13612609666666667,,,,
x86_64-unknown-linux-gnu,gimli,0.33.0,read::cfi::tests::test_eh_frame_hdr_omit_count,full,success,0.13479083100000003,,,,
x86_64-unknown-linux-gnu,gimli,0.33.0,read::cfi::tests::test_eh_frame_hdr_omit_ehptr,full,success,0.13915579,,,,
x86_64-unknown-linux-gnu,gimli,0.33.0,read::cfi::tests::test_eh_frame_hdr_omit_table,full,success,0.13681229,,,,
x86_64-unknown-linux-gnu,gimli,0.33.0,read::cfi::tests::test_eh_frame_hdr_unknown_version,full,success,0.13638653033333334,,,,
x86_64-unknown-linux-gnu,gimli,0.33.0,read::cfi::tests::test_eh_frame_hdr_varlen_table,full,success,0.13839814066666667,,,,
x86_64-unknown-linux-gnu,gimli,0.33.0,read::cfi::tests::test_eh_frame_resolve_cie_offset_ok,full,success,0.1388966796666667,,,,
x86_64-unknown-linux-gnu,gimli,0.33.0,read::cfi::tests::test_eh_frame_resolve_cie_offset_out_of_bounds,full,success,0.13807009166666667,,,,
x86_64-unknown-linux-gnu,gimli,0.33.0,read::cfi::tests::test_eh_frame_resolve_cie_offset_underflow,full,success,0.14530106566666667,,,,
x86_64-unknown-linux-gnu,gimli,0.33.0,read::cfi::tests::test_eh_frame_stops_at_zero_length,full,success,0.14334918633333335,,,,
x86_64-unknown-linux-gnu,gimli,0.33.0,read::cfi::tests::test_eval_advance_loc,full,success,0.13379554066666668,,,,
x86_64-unknown-linux-gnu,gimli,0.33.0,read::cfi::tests::test_eval_advance_loc_overflow_32,full,success,0.13364570533333334,,,,
x86_64-unknown-linux-gnu,gimli,0.33.0,read::cfi::tests::test_eval_advance_loc_overflow_64,full,success,0.13855345733333335,,,,
x86_64-unknown-linux-gnu,gimli,0.33.0,read::cfi::tests::test_eval_def_cfa,full,success,0.13642174433333334,,,,
x86_64-unknown-linux-gnu,gimli,0.33.0,read::cfi::tests::test_eval_def_cfa_expression,full,success,0.13631400566666668,,,,
x86_64-unknown-linux-gnu,gimli,0.33.0,read::cfi::tests::test_eval_def_cfa_offset,full,success,0.13711884933333335,,,,
x86_64-unknown-linux-gnu,gimli,0.33.0,read::cfi::tests::test_eval_def_cfa_offset_invalid_context,full,success,0.14175003400000002,,,,
x86_64-unknown-linux-gnu,gimli,0.33.0,read::cfi::tests::test_eval_def_cfa_register,full,success,0.14351394433333334,,,,
x86_64-unknown-linux-gnu,gimli,0.33.0,read::cfi::tests::test_eval_def_cfa_register_invalid_context,full,success,0.14211989033333333,,,,
x86_64-unknown-linux-gnu,gimli,0.33.0,read::cfi::tests::test_eval_def_cfa_sf,full,success,0.13631421466666668,,,,
x86_64-unknown-linux-gnu,gimli,0.33.0,read::cfi::tests::test_eval_expression,full,success,0.13728652266666666,,,,
x86_64-unknown-linux-gnu,gimli,0.33.0,read::cfi::tests::test_eval_negate_ra_state,full,success,0.14948625533333335,,,,
x86_64-unknown-linux-gnu,gimli,0.33.0,read::cfi::tests::test_eval_nop,full,success,0.14199565366666667,,,,
x86_64-unknown-linux-gnu,gimli,0.33.0,read::cfi::tests::test_eval_offset,full,success,0.14129348533333336,,,,
x86_64-unknown-linux-gnu,gimli,0.33.0,read::cfi::tests::test_eval_offset_extended_sf,full,success,0.13737228733333334,,,,
x86_64-unknown-linux-gnu,gimli,0.33.0,read::cfi::tests::test_eval_remember_state,full,success,0.13630495366666667,,,,
x86_64-unknown-linux-gnu,gimli,0.33.0,read::cfi::tests::test_eval_restore,full,success,0.138768035,,,,
x86_64-unknown-linux-gnu,gimli,0.33.0,read::cfi::tests::test_eval_restore_havent_saved_initial_context,full,success,0.13674306933333336,,,,
x86_64-unknown-linux-gnu,gimli,0.33.0,read::cfi::tests::test_eval_restore_state,full,success,0.14480461566666666,,,,
x86_64-unknown-linux-gnu,gimli,0.33.0,read::cfi::tests::test_eval_same_value,full,success,0.139374106,,,,
x86_64-unknown-linux-gnu,gimli,0.33.0,read::cfi::tests::test_eval_set_loc,full,success,0.13868025000000003,,,,
x86_64-unknown-linux-gnu,gimli,0.33.0,read::cfi::tests::test_eval_set_loc_backwards,full,success,0.14162670366666666,,,,
x86_64-unknown-linux-gnu,gimli,0.33.0,read::cfi::tests::test_eval_undefined,full,success,0.138379941,,,,
x86_64-unknown-linux-gnu,gimli,0.33.0,read::cfi::tests::test_eval_val_expression,full,success,0.13644602233333336,,,,
x86_64-unknown-linux-gnu,gimli,0.33.0,read::cfi::tests::test_eval_val_offset,full,success,0.135652239,,,,
x86_64-unknown-linux-gnu,gimli,0.33.0,read::cfi::tests::test_eval_val_offset_sf,full,success,0.13674252666666667,,,,
x86_64-unknown-linux-gnu,gimli,0.33.0,read::cfi::tests::test_parse_cfi_entry_on_cie_32_ok,full,success,0.142474229,,,,
x86_64-unknown-linux-gnu,gimli,0.33.0,read::cfi::tests::test_parse_cfi_entry_on_fde_32_ok,full,success,0.14924875,,,,
x86_64-unknown-linux-gnu,gimli,0.33.0,read::cfi::tests::test_parse_cfi_instruction_advance_loc,full,success,0.13308744166666667,,,,
x86_64-unknown-linux-gnu,gimli,0.33.0,read::cfi::tests::test_parse_cfi_instruction_advance_loc1,full,success,0.1360769966666667,,,,
x86_64-unknown-linux-gnu,gimli,0.33.0,read::cfi::tests::test_parse_cfi_instruction_advance_loc2,full,success,0.13523751566666667,,,,
x86_64-unknown-linux-gnu,gimli,0.33.0,read::cfi::tests::test_parse_cfi_instruction_advance_loc4,full,success,0.13363846433333335,,,,
x86_64-unknown-linux-gnu,gimli,0.33.0,read::cfi::tests::test_parse_cfi_instruction_def_cfa,full,success,0.14913244466666667,,,,
x86_64-unknown-linux-gnu,gimli,0.33.0,read::cfi::tests::test_parse_cfi_instruction_def_cfa_expression,full,success,0.1411915616666667,,,,
x86_64-unknown-linux-gnu,gimli,0.33.0,read::cfi::tests::test_parse_cfi_instruction_def_cfa_offset,full,success,0.13038377033333334,,,,
x86_64-unknown-linux-gnu,gimli,0.33.0,read::cfi::tests::test_parse_cfi_instruction_def_cfa_offset_sf,full,success,0.14253195966666668,,,,
x86_64-unknown-linux-gnu,gimli,0.33.0,read::cfi::tests::test_parse_cfi_instruction_def_cfa_register,full,success,0.13485259400000002,,,,
x86_64-unknown-linux-gnu,gimli,0.33.0,read::cfi::tests::test_parse_cfi_instruction_def_cfa_sf,full,success,0.13453728433333334,,,,
x86_64-unknown-linux-gnu,gimli,0.33.0,read::cfi::tests::test_parse_cfi_instruction_expression,full,success,0.14037550366666668,,,,
x86_64-unknown-linux-gnu,gimli,0.33.0,read::cfi::tests::test_parse_cfi_instruction_negate_ra_state,full,success,0.1348794316666667,,,,
x86_64-unknown-linux-gnu,gimli,0.33.0,read::cfi::tests::test_parse_cfi_instruction_nop,full,success,0.13681198433333333,,,,
x86_64-unknown-linux-gnu,gimli,0.33.0,read::cfi::tests::test_parse_cfi_instruction_offset,full,success,0.134642075,,,,
x86_64-unknown-linux-gnu,gimli,0.33.0,read::cfi::tests::test_parse_cfi_instruction_offset_extended,full,success,0.13519323133333336,,,,
x86_64-unknown-linux-gnu,gimli,0.33.0,read::cfi::tests::test_parse_cfi_instruction_offset_extended_sf,full,success,0.13459581766666667,,,,
x86_64-unknown-linux-gnu,gimli,0.33.0,read::cfi::tests::test_parse_cfi_instruction_register,full,success,0.134169686,,,,
x86_64-unknown-linux-gnu,gimli,0.33.0,read::cfi::tests::test_parse_cfi_instruction_remember_state,full,success,0.131634299,,,,
x86_64-unknown-linux-gnu,gimli,0.33.0,read::cfi::tests::test_parse_cfi_instruction_restore,full,success,0.144062985,,,,
x86_64-unknown-linux-gnu,gimli,0.33.0,read::cfi::tests::test_parse_cfi_instruction_restore_extended,full,success,0.13425357566666668,,,,
x86_64-unknown-linux-gnu,gimli,0.33.0,read::cfi::tests::test_parse_cfi_instruction_restore_state,full,success,0.13196527466666666,,,,
x86_64-unknown-linux-gnu,gimli,0.33.0,read::cfi::tests::test_parse_cfi_instruction_same_value,full,success,0.13653531333333332,,,,
x86_64-unknown-linux-gnu,gimli,0.33.0,read::cfi::tests::test_parse_cfi_instruction_set_loc,full,success,0.14360742166666668,,,,
x86_64-unknown-linux-gnu,gimli,0.33.0,read::cfi::tests::test_parse_cfi_instruction_set_loc_encoding,full,success,0.14086073433333332,,,,
x86_64-unknown-linux-gnu,gimli,0.33.0,read::cfi::tests::test_parse_cfi_instruction_undefined,full,success,0.13302660700000002,,,,
x86_64-unknown-linux-gnu,gimli,0.33.0,read::cfi::tests::test_parse_cfi_instruction_unknown_instruction,full,success,0.13704697766666665,,,,
x86_64-unknown-linux-gnu,gimli,0.33.0,read::cfi::tests::test_parse_cfi_instruction_val_expression,full,success,0.14992097833333334,,,,
x86_64-unknown-linux-gnu,gimli,0.33.0,read::cfi::tests::test_parse_cfi_instruction_val_offset,full,success,0.13432417033333333,,,,
x86_64-unknown-linux-gnu,gimli,0.33.0,read::cfi::tests::test_parse_cfi_instruction_val_offset_sf,full,success,0.134831898,,,,
x86_64-unknown-linux-gnu,gimli,0.33.0,read::cfi::tests::test_parse_cie_32_bad_version,full,success,0.14244066566666666,,,,
x86_64-unknown-linux-gnu,gimli,0.33.0,read::cfi::tests::test_parse_cie_32_ok,full,success,0.16753078566666668,,,,
x86_64-unknown-linux-gnu,gimli,0.33.0,read::cfi::tests::test_parse_cie_64_ok,full,success,0.1680657036666667,,,,
x86_64-unknown-linux-gnu,gimli,0.33.0,read::cfi::tests::test_parse_cie_bad_id_32,full,success,0.133791921,,,,
x86_64-unknown-linux-gnu,gimli,0.33.0,read::cfi::tests::test_parse_cie_from_offset,full,success,0.14912099833333334,,,,
x86_64-unknown-linux-gnu,gimli,0.33.0,read::cfi::tests::test_parse_cie_incomplete_id_32,full,success,0.134203976,,,,
x86_64-unknown-linux-gnu,gimli,0.33.0,read::cfi::tests::test_parse_cie_incomplete_length_32,full,success,0.133726861,,,,
x86_64-unknown-linux-gnu,gimli,0.33.0,read::cfi::tests::test_parse_cie_incomplete_length_64,full,success,0.14101607000000002,,,,
x86_64-unknown-linux-gnu,gimli,0.33.0,read::cfi::tests::test_parse_cie_length_too_big,full,success,0.141700134,,,,
x86_64-unknown-linux-gnu,gimli,0.33.0,read::cfi::tests::test_parse_cie_unknown_augmentation,full,success,0.14347635466666667,,,,
x86_64-unknown-linux-gnu,gimli,0.33.0,read::cfi::tests::test_parse_encoded_pointer_absptr,full,success,0.13558903733333336,,,,
x86_64-unknown-linux-gnu,gimli,0.33.0,read::cfi::tests::test_parse_encoded_pointer_aligned,full,success,0.14697349333333332,,,,
x86_64-unknown-linux-gnu,gimli,0.33.0,read::cfi::tests::test_parse_encoded_pointer_bad_encoding,full,success,0.133626824,,,,
x86_64-unknown-linux-gnu,gimli,0.33.0,read::cfi::tests::test_parse_encoded_pointer_datarel,full,success,0.13367800666666665,,,,
x86_64-unknown-linux-gnu,gimli,0.33.0,read::cfi::tests::test_parse_encoded_pointer_datarel_undefined,full,success,0.13537133433333334,,,,
x86_64-unknown-linux-gnu,gimli,0.33.0,read::cfi::tests::test_parse_encoded_pointer_funcrel,full,success,0.135214957,,,,
x86_64-unknown-linux-gnu,gimli,0.33.0,read::cfi::tests::test_parse_encoded_pointer_funcrel_undefined,full,success,0.13246508733333337,,,,
x86_64-unknown-linux-gnu,gimli,0.33.0,read::cfi::tests::test_parse_encoded_pointer_indirect,full,success,0.137772899,,,,
x86_64-unknown-linux-gnu,gimli,0.33.0,read::cfi::tests::test_parse_encoded_pointer_omit,full,success,0.13278659866666667,,,,
x86_64-unknown-linux-gnu,gimli,0.33.0,read::cfi::tests::test_parse_encoded_pointer_pcrel,full,success,0.1431416236666667,,,,
x86_64-unknown-linux-gnu,gimli,0.33.0,read::cfi::tests::test_parse_encoded_pointer_pcrel_undefined,full,success,0.148074538,,,,
x86_64-unknown-linux-gnu,gimli,0.33.0,read::cfi::tests::test_parse_encoded_pointer_sdata2,full,success,0.13495123,,,,
x86_64-unknown-linux-gnu,gimli,0.33.0,read::cfi::tests::test_parse_encoded_pointer_sdata4,full,success,0.13628480066666668,,,,
x86_64-unknown-linux-gnu,gimli,0.33.0,read::cfi::tests::test_parse_encoded_pointer_sdata8,full,success,0.140418187,,,,
x86_64-unknown-linux-gnu,gimli,0.33.0,read::cfi::tests::test_parse_encoded_pointer_sleb128,full,success,0.13637217866666665,,,,
x86_64-unknown-linux-gnu,gimli,0.33.0,read::cfi::tests::test_parse_encoded_pointer_textrel,full,success,0.13409349766666667,,,,
x86_64-unknown-linux-gnu,gimli,0.33.0,read::cfi::tests::test_parse_encoded_pointer_textrel_undefined,full,success,0.13647917666666667,,,,
x86_64-unknown-linux-gnu,gimli,0.33.0,read::cfi::tests::test_parse_encoded_pointer_udata2,full,success,0.13704881466666666,,,,
x86_64-unknown-linux-gnu,gimli,0.33.0,read::cfi::tests::test_parse_encoded_pointer_udata4,full,success,0.13778235000000003,,,,
x86_64-unknown-linux-gnu,gimli,0.33.0,read::cfi::tests::test_parse_encoded_pointer_udata8,full,success,0.13558214000000002,,,,
x86_64-unknown-linux-gnu,gimli,0.33.0,read::cfi::tests::test_parse_encoded_pointer_uleb128,full,success,0.13569004333333334,,,,
x86_64-unknown-linux-gnu,gimli,0.33.0,read::cfi::tests::test_parse_fde_32_ok,full,success,0.14316749033333334,,,,
x86_64-unknown-linux-gnu,gimli,0.33.0,read::cfi::tests::test_parse_fde_64_ok,full,success,0.14430522133333334,,,,
x86_64-unknown-linux-gnu,gimli,0.33.0,read::cfi::tests::test_parse_fde_incomplete_cie_pointer_32,full,success,0.13723813933333334,,,,
x86_64-unknown-linux-gnu,gimli,0.33.0,read::cfi::tests::test_parse_fde_incomplete_length_32,full,success,0.13248119300000002,,,,
x86_64-unknown-linux-gnu,gimli,0.33.0,read::cfi::tests::test_parse_fde_incomplete_length_64,full,success,0.13357356099999998,,,,
x86_64-unknown-linux-gnu,gimli,0.33.0,read::cfi::tests::test_parse_pointer_encoding_bad_encoding,full,success,0.1395661576666667,,,,
x86_64-unknown-linux-gnu,gimli,0.33.0,read::cfi::tests::test_parse_pointer_encoding_ok,full,success,0.13343046833333333,,,,
x86_64-unknown-linux-gnu,gimli,0.33.0,read::cfi::tests::test_unwind_context_reuse,full,success,0.13282876433333335,,,,
x86_64-unknown-linux-gnu,gimli,0.33.0,read::cfi::tests::test_unwind_info_for_address_not_found,full,success,0.14436773366666666,,,,
x86_64-unknown-linux-gnu,gimli,0.33.0,read::cfi::tests::test_unwind_info_for_address_ok,full,success,0.18195099800000003,,,,
x86_64-unknown-linux-gnu,gimli,0.33.0,read::cfi::tests::test_unwind_table_cie_invalid_rule,full,success,0.1455684203333333,,,,
x86_64-unknown-linux-gnu,gimli,0.33.0,read::cfi::tests::test_unwind_table_cie_no_rule,full,success,0.147353496,,,,
x86_64-unknown-linux-gnu,gimli,0.33.0,read::cfi::tests::test_unwind_table_cie_single_rule,full,success,0.14437284266666664,,,,
x86_64-unknown-linux-gnu,gimli,0.33.0,read::cfi::tests::test_unwind_table_next_row,full,success,0.17967341400000003,,,,
x86_64-unknown-linux-gnu,gimli,0.33.0,read::dwarf::tests::test_dwarf_unit_variance,full,success,0.13053342433333334,,,,
x86_64-unknown-linux-gnu,gimli,0.33.0,read::dwarf::tests::test_dwarf_variance,full,success,0.13334947033333333,,,,
x86_64-unknown-linux-gnu,gimli,0.33.0,read::dwarf::tests::test_format_error,full,success,0.14243554866666666,,,,
x86_64-unknown-linux-gnu,gimli,0.33.0,read::dwarf::tests::test_send,full,success,0.13248497466666667,,,,
x86_64-unknown-linux-gnu,gimli,0.33.0,read::endian_reader::tests::bytes_and_len_and_range_and_eq,full,success,0.13443440399999998,,,,
x86_64-unknown-linux-gnu,gimli,0.33.0,read::endian_reader::tests::empty,full,success,0.13677576900000002,,,,
x86_64-unknown-linux-gnu,gimli,0.33.0,read::endian_reader::tests::endian,full,success,0.14596716866666667,,,,
x86_64-unknown-linux-gnu,gimli,0.33.0,read::endian_reader::tests::find,full,success,0.13343544233333335,,,,
x86_64-unknown-linux-gnu,gimli,0.33.0,read::endian_reader::tests::indexing,full,success,0.13097108066666666,,,,
x86_64-unknown-linux-gnu,gimli,0.33.0,read::endian_reader::tests::indexing_out_of_bounds,full,success,0.13598203666666667,,,,
x86_64-unknown-linux-gnu,gimli,0.33.0,read::endian_reader::tests::offset_from,full,success,0.13656435666666666,,,,
x86_64-unknown-linux-gnu,gimli,0.33.0,read::endian_reader::tests::read_u8_array,full,success,0.133858745,,,,
x86_64-unknown-linux-gnu,gimli,0.33.0,read::endian_reader::tests::skip,full,success,0.13661619433333336,,,,
x86_64-unknown-linux-gnu,gimli,0.33.0,read::endian_reader::tests::test_reader_split,full,success,0.13683986833333336,,,,
x86_64-unknown-linux-gnu,gimli,0.33.0,read::endian_reader::tests::test_reader_split_out_of_bounds,full,success,0.14636814933333334,,,,
x86_64-unknown-linux-gnu,gimli,0.33.0,read::endian_reader::tests::to_slice,full,success,0.1364646296666667,,,,
x86_64-unknown-linux-gnu,gimli,0.33.0,read::endian_reader::tests::to_string_err,full,success,0.13563748499999997,,,,
x86_64-unknown-linux-gnu,gimli,0.33.0,read::endian_reader::tests::to_string_lossy,full,success,0.13449618733333335,,,,
x86_64-unknown-linux-gnu,gimli,0.33.0,read::endian_reader::tests::to_string_ok,full,success,0.138613705,,,,
x86_64-unknown-linux-gnu,gimli,0.33.0,read::endian_reader::tests::truncate,full,success,0.13648381533333334,,,,
x86_64-unknown-linux-gnu,gimli,0.33.0,read::endian_slice::tests::test_endian_slice_split_at,full,success,0.141023052,,,,
x86_64-unknown-linux-gnu,gimli,0.33.0,read::endian_slice::tests::test_endian_slice_split_at_out_of_bounds,full,success,0.13764952266666666,,,,
x86_64-unknown-linux-gnu,gimli,0.33.0,read::index::tests::test_cu_index,full,success,0.14376892800000002,,,,
x86_64-unknown-linux-gnu,gimli,0.33.0,read::index::tests::test_empty,full,success,0.131673552,,,,
x86_64-unknown-linux-gnu,gimli,0.33.0,read::index::tests::test_hash,full,success,0.14701149600000002,,,,
x86_64-unknown-linux-gnu,gimli,0.33.0,read::index::tests::test_tu_index,full,success,0.13863486333333333,,,,
x86_64-unknown-linux-gnu,gimli,0.33.0,read::index::tests::test_version_2,full,success,0.14104366833333334,,,,
x86_64-unknown-linux-gnu,gimli,0.33.0,read::index::tests::test_version_2_sections,full,success,0.15264666000000002,,,,
x86_64-unknown-linux-gnu,gimli,0.33.0,read::index::tests::test_version_5,full,success,0.14462690533333336,,,,
x86_64-unknown-linux-gnu,gimli,0.33.0,read::index::tests::test_version_5_invalid,full,success,0.15266831400000003,,,,
x86_64-unknown-linux-gnu,gimli,0.33.0,read::index::tests::test_version_5_sections,full,success,0.15126418066666666,,,,
x86_64-unknown-linux-gnu,gimli,0.33.0,read::index::tests::test_zero_slots,full,success,0.13746788466666668,,,,
x86_64-unknown-linux-gnu,gimli,0.33.0,read::line::tests::test_exec_advance_line,full,success,0.131957158,,,,
x86_64-unknown-linux-gnu,gimli,0.33.0,read::line::tests::test_exec_advance_line_overflow,full,success,0.13335949933333333,,,,
x86_64-unknown-linux-gnu,gimli,0.33.0,read::line::tests::test_exec_advance_pc,full,success,0.14310098833333335,,,,
x86_64-unknown-linux-gnu,gimli,0.33.0,read::line::tests::test_exec_advance_pc_overflow_32,full,success,0.13653163466666668,,,,
x86_64-unknown-linux-gnu,gimli,0.33.0,read::line::tests::test_exec_advance_pc_overflow_64,full,success,0.13593871000000002,,,,
x86_64-unknown-linux-gnu,gimli,0.33.0,read::line::tests::test_exec_const_add_pc,full,success,0.13893706366666667,,,,
x86_64-unknown-linux-gnu,gimli,0.33.0,read::line::tests::test_exec_const_add_pc_overflow,full,success,0.13461729766666666,,,,
x86_64-unknown-linux-gnu,gimli,0.33.0,read::line::tests::test_exec_copy,full,success,0.13627680233333336,,,,
x86_64-unknown-linux-gnu,gimli,0.33.0,read::line::tests::test_exec_define_file,full,success,0.1423350396666667,,,,
x86_64-unknown-linux-gnu,gimli,0.33.0,read::line::tests::test_exec_end_sequence,full,success,0.14162149066666666,,,,
x86_64-unknown-linux-gnu,gimli,0.33.0,read::line::tests::test_exec_fixed_add_pc,full,success,0.132954809,,,,
x86_64-unknown-linux-gnu,gimli,0.33.0,read::line::tests::test_exec_fixed_add_pc_overflow,full,success,0.134608725,,,,
x86_64-unknown-linux-gnu,gimli,0.33.0,read::line::tests::test_exec_negate_statement,full,success,0.1383882876666667,,,,
x86_64-unknown-linux-gnu,gimli,0.33.0,read::line::tests::test_exec_set_address,full,success,0.14582963266666668,,,,
x86_64-unknown-linux-gnu,gimli,0.33.0,read::line::tests::test_exec_set_address_backwards,full,success,0.13736745833333333,,,,
x86_64-unknown-linux-gnu,gimli,0.33.0,read::line::tests::test_exec_set_address_tombstone,full,success,0.13590280700000001,,,,
x86_64-unknown-linux-gnu,gimli,0.33.0,read::line::tests::test_exec_set_basic_block,full,success,0.13463968766666667,,,,
x86_64-unknown-linux-gnu,gimli,0.33.0,read::line::tests::test_exec_set_column,full,success,0.13620826766666666,,,,
x86_64-unknown-linux-gnu,gimli,0.33.0,read::line::tests::test_exec_set_discriminator,full,success,0.138830418,,,,
x86_64-unknown-linux-gnu,gimli,0.33.0,read::line::tests::test_exec_set_file_in_bounds,full,success,0.1360899406666667,,,,
x86_64-unknown-linux-gnu,gimli,0.33.0,read::line::tests::test_exec_set_file_out_of_bounds,full,success,0.13513418433333332,,,,
x86_64-unknown-linux-gnu,gimli,0.33.0,read::line::tests::test_exec_set_isa,full,success,0.13476998266666665,,,,
x86_64-unknown-linux-gnu,gimli,0.33.0,read::line::tests::test_exec_set_prologue_end,full,success,0.13338497533333335,,,,
x86_64-unknown-linux-gnu,gimli,0.33.0,read::line::tests::test_exec_special_line_underflow,full,success,0.13767870366666668,,,,
x86_64-unknown-linux-gnu,gimli,0.33.0,read::line::tests::test_exec_special_negative_line_advance,full,success,0.13507920166666668,,,,
x86_64-unknown-linux-gnu,gimli,0.33.0,read::line::tests::test_exec_special_noop,full,success,0.15091156333333336,,,,
x86_64-unknown-linux-gnu,gimli,0.33.0,read::line::tests::test_exec_special_positive_address_advance,full,success,0.132622432,,,,
x86_64-unknown-linux-gnu,gimli,0.33.0,read::line::tests::test_exec_special_positive_address_and_line_advance,full,success,0.13431204600000002,,,,
x86_64-unknown-linux-gnu,gimli,0.33.0,read::line::tests::test_exec_special_positive_address_and_negative_line_advance,full,success,0.13962216566666666,,,,
x86_64-unknown-linux-gnu,gimli,0.33.0,read::line::tests::test_exec_special_positive_line_advance,full,success,0.14350985333333333,,,,
x86_64-unknown-linux-gnu,gimli,0.33.0,read::line::tests::test_exec_unknown_extended,full,success,0.1336330716666667,,,,
x86_64-unknown-linux-gnu,gimli,0.33.0,read::line::tests::test_exec_unknown_standard_0,full,success,0.13708239233333333,,,,
x86_64-unknown-linux-gnu,gimli,0.33.0,read::line::tests::test_exec_unknown_standard_1,full,success,0.134015509,,,,
x86_64-unknown-linux-gnu,gimli,0.33.0,read::line::tests::test_exec_unknown_standard_n,full,success,0.13574022266666666,,,,
x86_64-unknown-linux-gnu,gimli,0.33.0,read::line::tests::test_file_entry_directory,full,success,0.14038481533333336,,,,
x86_64-unknown-linux-gnu,gimli,0.33.0,read::line::tests::test_file_entry_file_index_in_bounds,full,success,0.132729847,,,,
x86_64-unknown-linux-gnu,gimli,0.33.0,read::line::tests::test_file_entry_file_index_out_of_bounds,full,success,0.13710058833333336,,,,
x86_64-unknown-linux-gnu,gimli,0.33.0,read::line::tests::test_parse_debug_line_32_ok,full,success,0.146952661,,,,
x86_64-unknown-linux-gnu,gimli,0.33.0,read::line::tests::test_parse_debug_line_header_length_too_short,full,success,0.14378161533333333,,,,
x86_64-unknown-linux-gnu,gimli,0.33.0,read::line::tests::test_parse_debug_line_unit_length_too_short,full,success,0.14094283633333335,,,,
x86_64-unknown-linux-gnu,gimli,0.33.0,read::line::tests::test_parse_debug_line_v5_ok,full,success,0.215696358,,,,
x86_64-unknown-linux-gnu,gimli,0.33.0,read::line::tests::test_parse_extended_opcodes,full,success,0.146431138,,,,
x86_64-unknown-linux-gnu,gimli,0.33.0,read::line::tests::test_parse_special_opcodes,full,success,0.22098315466666665,,,,
x86_64-unknown-linux-gnu,gimli,0.33.0,read::line::tests::test_parse_standard_opcodes,full,success,0.145630284,,,,
x86_64-unknown-linux-gnu,gimli,0.33.0,read::line::tests::test_parse_unknown_standard_opcode_many_args,full,success,0.1357677646666667,,,,
x86_64-unknown-linux-gnu,gimli,0.33.0,read::line::tests::test_parse_unknown_standard_opcode_no_args,full,success,0.13625487366666666,,,,
x86_64-unknown-linux-gnu,gimli,0.33.0,read::line::tests::test_parse_unknown_standard_opcode_one_arg,full,success,0.13485397966666668,,,,
x86_64-unknown-linux-gnu,gimli,0.33.0,read::line::tests::test_sequences,full,success,0.17699926233333332,,,,
x86_64-unknown-linux-gnu,gimli,0.33.0,read::loclists::tests::test_get_offset,full,success,0.16531348166666668,,,,
x86_64-unknown-linux-gnu,gimli,0.33.0,read::loclists::tests::test_location_list,full,success,0.18307117066666667,,,,
x86_64-unknown-linux-gnu,gimli,0.33.0,read::loclists::tests::test_locations_invalid,full,success,0.14107460033333333,,,,
x86_64-unknown-linux-gnu,gimli,0.33.0,read::loclists::tests::test_loclists,full,success,0.4217168506666667,,,,
x86_64-unknown-linux-gnu,gimli,0.33.0,read::loclists::tests::test_loclists_gnu_v4_split_dwarf,full,success,0.13509845933333334,,,,
x86_64-unknown-linux-gnu,gimli,0.33.0,read::macros::tests::get_macros_1,full,success,0.20240032733333335,,,,
x86_64-unknown-linux-gnu,gimli,0.33.0,read::macros::tests::get_macros_2,full,success,0.17721194866666667,,,,
x86_64-unknown-linux-gnu,gimli,0.33.0,read::macros::tests::test_get_macinfo,full,success,0.15360764133333332,,,,
x86_64-unknown-linux-gnu,gimli,0.33.0,read::names::tests::test_debug_names,full,success,0.36850309333333336,,,,
x86_64-unknown-linux-gnu,gimli,0.33.0,read::names::tests::test_debug_names_abbrev_table_empty,full,success,0.14806774966666666,,,,
x86_64-unknown-linux-gnu,gimli,0.33.0,read::names::tests::test_debug_names_abbrev_table_invalid,full,success,0.138472644,,,,
x86_64-unknown-linux-gnu,gimli,0.33.0,read::names::tests::test_debug_names_augmentation,full,success,0.20744832766666668,,,,
x86_64-unknown-linux-gnu,gimli,0.33.0,read::names::tests::test_debug_names_invalid_version,full,success,0.15440475733333334,,,,
x86_64-unknown-linux-gnu,gimli,0.33.0,read::names::tests::test_debug_names_no_hash_table,full,success,0.18242023133333332,,,,
x86_64-unknown-linux-gnu,gimli,0.33.0,read::names::tests::test_debug_names_truncated,full,success,0.15347545466666668,,,,
x86_64-unknown-linux-gnu,gimli,0.33.0,read::op::tests::test_compute_pc,full,success,0.134773479,,,,
x86_64-unknown-linux-gnu,gimli,0.33.0,read::op::tests::test_eval_arith,full,success,0.343167531,,,,
x86_64-unknown-linux-gnu,gimli,0.33.0,read::op::tests::test_eval_arith64,full,success,0.22798674700000002,,,,
x86_64-unknown-linux-gnu,gimli,0.33.0,read::op::tests::test_eval_call,full,success,0.213523841,,,,
x86_64-unknown-linux-gnu,gimli,0.33.0,read::op::tests::test_eval_compare,full,success,0.203177348,,,,
x86_64-unknown-linux-gnu,gimli,0.33.0,read::op::tests::test_eval_context,full,success,0.31856489800000004,,,,
x86_64-unknown-linux-gnu,gimli,0.33.0,read::op::tests::test_eval_empty_stack,full,success,0.17212883233333334,,,,
x86_64-unknown-linux-gnu,gimli,0.33.0,read::op::tests::test_eval_lit_and_reg,full,success,0.3232884283333333,,,,
x86_64-unknown-linux-gnu,gimli,0.33.0,read::op::tests::test_eval_max_iterations,full,success,0.24417907900000002,,,,
x86_64-unknown-linux-gnu,gimli,0.33.0,read::op::tests::test_eval_memory,full,success,0.269146521,,,,
x86_64-unknown-linux-gnu,gimli,0.33.0,read::op::tests::test_eval_pieces,full,success,0.42249080466666666,,,,
x86_64-unknown-linux-gnu,gimli,0.33.0,read::op::tests::test_eval_register,full,success,2.331598570666667,,,,
x86_64-unknown-linux-gnu,gimli,0.33.0,read::op::tests::test_eval_stack,full,success,0.17913465966666667,,,,
x86_64-unknown-linux-gnu,gimli,0.33.0,read::op::tests::test_eval_typed_stack,full,success,0.3453907106666667,,,,
x86_64-unknown-linux-gnu,gimli,0.33.0,read::op::tests::test_op_convert,full,success,0.1370062406666667,,,,
x86_64-unknown-linux-gnu,gimli,0.33.0,read::op::tests::test_op_parse_bit_piece,full,success,0.25810682600000007,,,,
x86_64-unknown-linux-gnu,gimli,0.33.0,read::op::tests::test_op_parse_bregx,full,success,0.35129916833333336,,,,
x86_64-unknown-linux-gnu,gimli,0.33.0,read::op::tests::test_op_parse_const_type,full,success,0.14174858766666668,,,,
x86_64-unknown-linux-gnu,gimli,0.33.0,read::op::tests::test_op_parse_deref_type,full,success,0.14349360533333333,,,,
x86_64-unknown-linux-gnu,gimli,0.33.0,read::op::tests::test_op_parse_entry_value,full,success,0.14831886166666666,,,,
x86_64-unknown-linux-gnu,gimli,0.33.0,read::op::tests::test_op_parse_fivebyte,full,success,0.15182003233333333,,,,
x86_64-unknown-linux-gnu,gimli,0.33.0,read::op::tests::test_op_parse_gnu_parameter_ref,full,success,0.1389906486666667,,,,
x86_64-unknown-linux-gnu,gimli,0.33.0,read::op::tests::test_op_parse_implicit_pointer,full,success,0.163725047,,,,
x86_64-unknown-linux-gnu,gimli,0.33.0,read::op::tests::test_op_parse_implicit_value,full,success,0.13685283866666667,,,,
x86_64-unknown-linux-gnu,gimli,0.33.0,read::op::tests::test_op_parse_ninebyte,full,success,0.150016316,,,,
x86_64-unknown-linux-gnu,gimli,0.33.0,read::op::tests::test_op_parse_onebyte,full,success,0.272660902,,,,
x86_64-unknown-linux-gnu,gimli,0.33.0,read::op::tests::test_op_parse_regval_type,full,success,0.14184327600000002,,,,
x86_64-unknown-linux-gnu,gimli,0.33.0,read::op::tests::test_op_parse_sleb,full,success,1.5389638293333334,,,,
x86_64-unknown-linux-gnu,gimli,0.33.0,read::op::tests::test_op_parse_threebyte,full,success,0.14615180900000002,,,,
x86_64-unknown-linux-gnu,gimli,0.33.0,read::op::tests::test_op_parse_twobyte,full,success,0.148195726,,,,
x86_64-unknown-linux-gnu,gimli,0.33.0,read::op::tests::test_op_parse_uleb,full,success,0.21062780800000003,,,,
x86_64-unknown-linux-gnu,gimli,0.33.0,read::op::tests::test_op_reinterpret,full,success,0.144687732,,,,
x86_64-unknown-linux-gnu,gimli,0.33.0,read::op::tests::test_op_wasm,full,success,0.14817721400000003,,,,
x86_64-unknown-linux-gnu,gimli,0.33.0,read::reader::test::test_min_tombstone,full,success,0.13341885133333334,,,,
x86_64-unknown-linux-gnu,gimli,0.33.0,read::rnglists::tests::test_get_offset,full,success,0.15895752066666666,,,,
x86_64-unknown-linux-gnu,gimli,0.33.0,read::rnglists::tests::test_ranges,full,success,0.16998641533333333,,,,
x86_64-unknown-linux-gnu,gimli,0.33.0,read::rnglists::tests::test_ranges_invalid,full,success,0.14263696233333334,,,,
x86_64-unknown-linux-gnu,gimli,0.33.0,read::rnglists::tests::test_raw_range,full,success,0.13338456666666668,,,,
x86_64-unknown-linux-gnu,gimli,0.33.0,read::rnglists::tests::test_rnglists,full,success,0.30473464533333333,,,,
x86_64-unknown-linux-gnu,gimli,0.33.0,read::str::tests::test_get_str_offset,full,success,0.161977782,,,,
x86_64-unknown-linux-gnu,gimli,0.33.0,read::tests::test_parse_initial_length_32_ok,full,success,0.13802823166666667,,,,
x86_64-unknown-linux-gnu,gimli,0.33.0,read::tests::test_parse_initial_length_64_incomplete,full,success,0.13700274766666667,,,,
x86_64-unknown-linux-gnu,gimli,0.33.0,read::tests::test_parse_initial_length_64_ok,full,success,0.13889568300000002,,,,
x86_64-unknown-linux-gnu,gimli,0.33.0,read::tests::test_parse_initial_length_incomplete,full,success,0.13328540033333336,,,,
x86_64-unknown-linux-gnu,gimli,0.33.0,read::tests::test_parse_initial_length_unknown_reserved_value,full,success,0.142487193,,,,
x86_64-unknown-linux-gnu,gimli,0.33.0,read::tests::test_parse_offset_32,full,success,0.14322490033333332,,,,
x86_64-unknown-linux-gnu,gimli,0.33.0,read::tests::test_parse_offset_64_large,full,success,0.13342300933333334,,,,
x86_64-unknown-linux-gnu,gimli,0.33.0,read::tests::test_parse_offset_64_small,full,success,0.13627920400000001,,,,
x86_64-unknown-linux-gnu,gimli,0.33.0,read::unit::tests::test_attribute_udata_sdata_value,full,success,0.13615600566666666,,,,
x86_64-unknown-linux-gnu,gimli,0.33.0,read::unit::tests::test_attribute_value,full,success,0.15066082666666666,,,,
x86_64-unknown-linux-gnu,gimli,0.33.0,read::unit::tests::test_cursor_next_dfs,full,success,0.1755000396666667,,,,
x86_64-unknown-linux-gnu,gimli,0.33.0,read::unit::tests::test_cursor_next_entry,full,success,0.17785785633333331,,,,
x86_64-unknown-linux-gnu,gimli,0.33.0,read::unit::tests::test_cursor_next_entry_incomplete,full,success,0.15323043233333336,,,,
x86_64-unknown-linux-gnu,gimli,0.33.0,read::unit::tests::test_cursor_next_sibling_continuation,full,success,0.17782994066666669,,,,
x86_64-unknown-linux-gnu,gimli,0.33.0,read::unit::tests::test_cursor_next_sibling_no_sibling_ptr,full,success,0.17843142133333334,,,,
x86_64-unknown-linux-gnu,gimli,0.33.0,read::unit::tests::test_debug_info_next_sibling_with_ptr,full,success,0.18390608066666667,,,,
x86_64-unknown-linux-gnu,gimli,0.33.0,read::unit::tests::test_debug_info_offset,full,success,0.151378,,,,
x86_64-unknown-linux-gnu,gimli,0.33.0,read::unit::tests::test_debug_types_next_sibling_with_ptr,full,success,0.18443028633333336,,,,
x86_64-unknown-linux-gnu,gimli,0.33.0,read::unit::tests::test_debug_types_offset,full,success,0.14393949433333333,,,,
x86_64-unknown-linux-gnu,gimli,0.33.0,read::unit::tests::test_entries_at_offset,full,success,0.15234367966666668,,,,
x86_64-unknown-linux-gnu,gimli,0.33.0,read::unit::tests::test_entries_raw,full,success,0.16258241033333334,,,,
x86_64-unknown-linux-gnu,gimli,0.33.0,read::unit::tests::test_entries_tree,full,success,0.21318403433333333,,,,
x86_64-unknown-linux-gnu,gimli,0.33.0,read::unit::tests::test_length_including_self,full,success,0.137513338,,,,
x86_64-unknown-linux-gnu,gimli,0.33.0,read::unit::tests::test_parse_attribute_addr,full,success,0.13790698966666667,,,,
x86_64-unknown-linux-gnu,gimli,0.33.0,read::unit::tests::test_parse_attribute_addr8,full,success,0.13395032266666668,,,,
x86_64-unknown-linux-gnu,gimli,0.33.0,read::unit::tests::test_parse_attribute_addrx,full,success,0.13467077066666666,,,,
x86_64-unknown-linux-gnu,gimli,0.33.0,read::unit::tests::test_parse_attribute_addrx1,full,success,0.13372768366666665,,,,
x86_64-unknown-linux-gnu,gimli,0.33.0,read::unit::tests::test_parse_attribute_addrx2,full,success,0.13952359333333333,,,,
x86_64-unknown-linux-gnu,gimli,0.33.0,read::unit::tests::test_parse_attribute_addrx3,full,success,0.133111248,,,,
x86_64-unknown-linux-gnu,gimli,0.33.0,read::unit::tests::test_parse_attribute_addrx4,full,success,0.136700795,,,,
x86_64-unknown-linux-gnu,gimli,0.33.0,read::unit::tests::test_parse_attribute_block,full,success,0.14347365533333334,,,,
x86_64-unknown-linux-gnu,gimli,0.33.0,read::unit::tests::test_parse_attribute_block1,full,success,0.13648380400000001,,,,
x86_64-unknown-linux-gnu,gimli,0.33.0,read::unit::tests::test_parse_attribute_block2,full,success,0.138349128,,,,
x86_64-unknown-linux-gnu,gimli,0.33.0,read::unit::tests::test_parse_attribute_block4,full,success,0.13649831433333334,,,,
x86_64-unknown-linux-gnu,gimli,0.33.0,read::unit::tests::test_parse_attribute_data1,full,success,0.13786618333333334,,,,
x86_64-unknown-linux-gnu,gimli,0.33.0,read::unit::tests::test_parse_attribute_data16,full,success,0.139706682,,,,
x86_64-unknown-linux-gnu,gimli,0.33.0,read::unit::tests::test_parse_attribute_data2,full,success,0.13951561600000004,,,,
x86_64-unknown-linux-gnu,gimli,0.33.0,read::unit::tests::test_parse_attribute_data4,full,success,0.13942668833333335,,,,
x86_64-unknown-linux-gnu,gimli,0.33.0,read::unit::tests::test_parse_attribute_data8,full,success,0.14133188466666666,,,,
x86_64-unknown-linux-gnu,gimli,0.33.0,read::unit::tests::test_parse_attribute_exprloc,full,success,0.14033727433333334,,,,
x86_64-unknown-linux-gnu,gimli,0.33.0,read::unit::tests::test_parse_attribute_flag_false,full,success,0.1384067316666667,,,,
x86_64-unknown-linux-gnu,gimli,0.33.0,read::unit::tests::test_parse_attribute_flag_present,full,success,0.132480618,,,,
x86_64-unknown-linux-gnu,gimli,0.33.0,read::unit::tests::test_parse_attribute_flag_true,full,success,0.14064697333333334,,,,
x86_64-unknown-linux-gnu,gimli,0.33.0,read::unit::tests::test_parse_attribute_gnu_ref_alt_32,full,success,0.13540922,,,,
x86_64-unknown-linux-gnu,gimli,0.33.0,read::unit::tests::test_parse_attribute_gnu_ref_alt_64,full,success,0.13393509066666667,,,,
x86_64-unknown-linux-gnu,gimli,0.33.0,read::unit::tests::test_parse_attribute_gnu_strp_alt_32,full,success,0.14196463266666667,,,,
x86_64-unknown-linux-gnu,gimli,0.33.0,read::unit::tests::test_parse_attribute_gnu_strp_alt_64,full,success,0.13071457300000003,,,,
x86_64-unknown-linux-gnu,gimli,0.33.0,read::unit::tests::test_parse_attribute_indirect,full,success,0.149153264,,,,
x86_64-unknown-linux-gnu,gimli,0.33.0,read::unit::tests::test_parse_attribute_indirect_implicit_const,full,success,0.13561040700000002,,,,
x86_64-unknown-linux-gnu,gimli,0.33.0,read::unit::tests::test_parse_attribute_loclistx,full,success,0.13564335966666666,,,,
x86_64-unknown-linux-gnu,gimli,0.33.0,read::unit::tests::test_parse_attribute_ref1,full,success,0.139317621,,,,
x86_64-unknown-linux-gnu,gimli,0.33.0,read::unit::tests::test_parse_attribute_ref2,full,success,0.1358094946666667,,,,
x86_64-unknown-linux-gnu,gimli,0.33.0,read::unit::tests::test_parse_attribute_ref4,full,success,0.13844207,,,,
x86_64-unknown-linux-gnu,gimli,0.33.0,read::unit::tests::test_parse_attribute_ref8,full,success,0.13467842200000002,,,,
x86_64-unknown-linux-gnu,gimli,0.33.0,read::unit::tests::test_parse_attribute_ref_sup4,full,success,0.13805759433333334,,,,
x86_64-unknown-linux-gnu,gimli,0.33.0,read::unit::tests::test_parse_attribute_ref_sup8,full,success,0.14231949533333335,,,,
x86_64-unknown-linux-gnu,gimli,0.33.0,read::unit::tests::test_parse_attribute_refaddr8_version2,full,success,0.13725062466666668,,,,
x86_64-unknown-linux-gnu,gimli,0.33.0,read::unit::tests::test_parse_attribute_refaddr_32,full,success,0.139674352,,,,
x86_64-unknown-linux-gnu,gimli,0.33.0,read::unit::tests::test_parse_attribute_refaddr_64,full,success,0.13440725066666667,,,,
x86_64-unknown-linux-gnu,gimli,0.33.0,read::unit::tests::test_parse_attribute_refaddr_version2,full,success,0.13124970700000002,,,,
x86_64-unknown-linux-gnu,gimli,0.33.0,read::unit::tests::test_parse_attribute_refsig8,full,success,0.14160088699999998,,,,
x86_64-unknown-linux-gnu,gimli,0.33.0,read::unit::tests::test_parse_attribute_refudata,full,success,0.13568152733333336,,,,
x86_64-unknown-linux-gnu,gimli,0.33.0,read::unit::tests::test_parse_attribute_rnglistx,full,success,0.134782191,,,,
x86_64-unknown-linux-gnu,gimli,0.33.0,read::unit::tests::test_parse_attribute_sdata,full,success,0.14244087333333333,,,,
x86_64-unknown-linux-gnu,gimli,0.33.0,read::unit::tests::test_parse_attribute_sec_offset_32,full,success,0.131926393,,,,
x86_64-unknown-linux-gnu,gimli,0.33.0,read::unit::tests::test_parse_attribute_sec_offset_64,full,success,0.13686371,,,,
x86_64-unknown-linux-gnu,gimli,0.33.0,read::unit::tests::test_parse_attribute_string,full,success,0.14039294166666666,,,,
x86_64-unknown-linux-gnu,gimli,0.33.0,read::unit::tests::test_parse_attribute_strp_32,full,success,0.13446118066666668,,,,
x86_64-unknown-linux-gnu,gimli,0.33.0,read::unit::tests::test_parse_attribute_strp_64,full,success,0.13662675066666666,,,,
x86_64-unknown-linux-gnu,gimli,0.33.0,read::unit::tests::test_parse_attribute_strp_sup_32,full,success,0.13734236233333333,,,,
x86_64-unknown-linux-gnu,gimli,0.33.0,read::unit::tests::test_parse_attribute_strp_sup_64,full,success,0.13759655066666665,,,,
x86_64-unknown-linux-gnu,gimli,0.33.0,read::unit::tests::test_parse_attribute_strx,full,success,0.13626566166666668,,,,
x86_64-unknown-linux-gnu,gimli,0.33.0,read::unit::tests::test_parse_attribute_strx1,full,success,0.137724107,,,,
x86_64-unknown-linux-gnu,gimli,0.33.0,read::unit::tests::test_parse_attribute_strx2,full,success,0.133216734,,,,
x86_64-unknown-linux-gnu,gimli,0.33.0,read::unit::tests::test_parse_attribute_strx3,full,success,0.1388424996666667,,,,
x86_64-unknown-linux-gnu,gimli,0.33.0,read::unit::tests::test_parse_attribute_strx4,full,success,0.1439965923333333,,,,
x86_64-unknown-linux-gnu,gimli,0.33.0,read::unit::tests::test_parse_attribute_udata,full,success,0.13486251966666668,,,,
x86_64-unknown-linux-gnu,gimli,0.33.0,read::unit::tests::test_parse_type_unit_abbrevs,full,success,0.13484159666666665,,,,
x86_64-unknown-linux-gnu,gimli,0.33.0,read::unit::tests::test_parse_type_unit_header_32_ok,full,success,0.143169892,,,,
x86_64-unknown-linux-gnu,gimli,0.33.0,read::unit::tests::test_parse_type_unit_header_64_ok,full,success,0.15128146666666667,,,,
x86_64-unknown-linux-gnu,gimli,0.33.0,read::unit::tests::test_parse_unit_header_32_ok,full,success,0.14234171433333334,,,,
x86_64-unknown-linux-gnu,gimli,0.33.0,read::unit::tests::test_parse_unit_header_64_ok,full,success,0.14704177666666665,,,,
x86_64-unknown-linux-gnu,gimli,0.33.0,read::unit::tests::test_parse_v5_partial_unit_header_32_ok,full,success,0.140957017,,,,
x86_64-unknown-linux-gnu,gimli,0.33.0,read::unit::tests::test_parse_v5_partial_unit_header_64_ok,full,success,0.14228734866666667,,,,
x86_64-unknown-linux-gnu,gimli,0.33.0,read::unit::tests::test_parse_v5_skeleton_unit_header_32_ok,full,success,0.14174052066666668,,,,
x86_64-unknown-linux-gnu,gimli,0.33.0,read::unit::tests::test_parse_v5_skeleton_unit_header_64_ok,full,success,0.14796765666666667,,,,
x86_64-unknown-linux-gnu,gimli,0.33.0,read::unit::tests::test_parse_v5_split_compilation_unit_header_32_ok,full,success,0.15244636400000003,,,,
x86_64-unknown-linux-gnu,gimli,0.33.0,read::unit::tests::test_parse_v5_split_compilation_unit_header_64_ok,full,success,0.149186645,,,,
x86_64-unknown-linux-gnu,gimli,0.33.0,read::unit::tests::test_parse_v5_split_type_unit_header_32_ok,full,success,0.14418048933333336,,,,
x86_64-unknown-linux-gnu,gimli,0.33.0,read::unit::tests::test_parse_v5_split_type_unit_header_64_ok,full,success,0.1454702036666667,,,,
x86_64-unknown-linux-gnu,gimli,0.33.0,read::unit::tests::test_parse_v5_type_unit_header_32_ok,full,success,0.14816157266666666,,,,
x86_64-unknown-linux-gnu,gimli,0.33.0,read::unit::tests::test_parse_v5_type_unit_header_64_ok,full,success,0.14501654700000002,,,,
x86_64-unknown-linux-gnu,gimli,0.33.0,read::unit::tests::test_parse_v5_unit_header_32_ok,full,success,0.14054997866666666,,,,
x86_64-unknown-linux-gnu,gimli,0.33.0,read::unit::tests::test_parse_v5_unit_header_64_ok,full,success,0.146125309,,,,
x86_64-unknown-linux-gnu,gimli,0.33.0,read::unit::tests::test_unit_header_variance,full,success,0.14220690300000002,,,,
x86_64-unknown-linux-gnu,gimli,0.33.0,read::unit::tests::test_unit_version_incomplete,full,success,0.13430453466666667,,,,
x86_64-unknown-linux-gnu,gimli,0.33.0,read::unit::tests::test_unit_version_unknown_version,full,success,0.14144960066666667,,,,
x86_64-unknown-linux-gnu,gimli,0.33.0,read::unit::tests::test_units,full,success,0.14859235933333334,,,,
x86_64-unknown-linux-gnu,gimli,0.33.0,read::value::tests::value_abs,full,success,0.13536941366666666,,,,
x86_64-unknown-linux-gnu,gimli,0.33.0,read::value::tests::value_add,full,success,0.14665522533333333,,,,
x86_64-unknown-linux-gnu,gimli,0.33.0,read::value::tests::value_and,full,success,0.13514237333333334,,,,
x86_64-unknown-linux-gnu,gimli,0.33.0,read::value::tests::value_convert,full,success,0.13798484800000002,,,,
x86_64-unknown-linux-gnu,gimli,0.33.0,read::value::tests::value_div,full,success,0.13678269566666668,,,,
x86_64-unknown-linux-gnu,gimli,0.33.0,read::value::tests::value_eq,full,success,0.13774869599999998,,,,
x86_64-unknown-linux-gnu,gimli,0.33.0,read::value::tests::value_ge,full,success,0.13559709300000003,,,,
x86_64-unknown-linux-gnu,gimli,0.33.0,read::value::tests::value_gt,full,success,0.14187140333333334,,,,
x86_64-unknown-linux-gnu,gimli,0.33.0,read::value::tests::value_le,full,success,0.14100104700000002,,,,
x86_64-unknown-linux-gnu,gimli,0.33.0,read::value::tests::value_lt,full,success,0.13978895000000002,,,,
x86_64-unknown-linux-gnu,gimli,0.33.0,read::value::tests::value_mul,full,success,0.13913255000000002,,,,
x86_64-unknown-linux-gnu,gimli,0.33.0,read::value::tests::value_ne,full,success,0.13773366166666667,,,,
x86_64-unknown-linux-gnu,gimli,0.33.0,read::value::tests::value_neg,full,success,0.13752374766666667,,,,
x86_64-unknown-linux-gnu,gimli,0.33.0,read::value::tests::value_not,full,success,0.13836241366666666,,,,
x86_64-unknown-linux-gnu,gimli,0.33.0,read::value::tests::value_or,full,success,0.13606152333333335,,,,
x86_64-unknown-linux-gnu,gimli,0.33.0,read::value::tests::value_reinterpret,full,success,0.13723943933333335,,,,
x86_64-unknown-linux-gnu,gimli,0.33.0,read::value::tests::value_rem,full,success,0.14554842433333334,,,,
x86_64-unknown-linux-gnu,gimli,0.33.0,read::value::tests::value_shl,full,success,0.13449266299999998,,,,
x86_64-unknown-linux-gnu,gimli,0.33.0,read::value::tests::value_shr,full,success,0.135965517,,,,
x86_64-unknown-linux-gnu,gimli,0.33.0,read::value::tests::value_shra,full,success,0.13789319533333336,,,,
x86_64-unknown-linux-gnu,gimli,0.33.0,read::value::tests::value_sub,full,success,0.13401307233333334,,,,
x86_64-unknown-linux-gnu,gimli,0.33.0,read::value::tests::value_xor,full,success,0.13665971533333335,,,,
x86_64-unknown-linux-gnu,gimli,0.33.0,read::value::tests::valuetype_from_encoding,full,success,0.154328408,,,,
x86_64-unknown-linux-gnu,gimli,0.33.0,write::abbrev::tests::test_abbreviation_table,full,success,0.14931998,,,,
x86_64-unknown-linux-gnu,gimli,0.33.0,write::cfi::tests::test_frame_instruction,full,success,1.9693727760000002,,,,
x86_64-unknown-linux-gnu,gimli,0.33.0,write::cfi::tests::test_frame_table,full,success,1.822357958666667,,,,
x86_64-unknown-linux-gnu,gimli,0.33.0,write::endian_vec::tests::test_endian_vec,full,success,0.13261775833333334,,,,
x86_64-unknown-linux-gnu,gimli,0.33.0,write::line::tests::test_file_source,full,success,1.1678545753333334,,,,
x86_64-unknown-linux-gnu,gimli,0.33.0,write::line::tests::test_line_instruction,full,success,7.888821373,,,,
x86_64-unknown-linux-gnu,gimli,0.33.0,write::line::tests::test_line_program,full,success,3.335903557,,,,
x86_64-unknown-linux-gnu,gimli,0.33.0,write::line::tests::test_line_row,full,success,20.175441340666666,,,,
x86_64-unknown-linux-gnu,gimli,0.33.0,write::line::tests::test_line_sequence,full,success,2.877524686333333,,,,
x86_64-unknown-linux-gnu,gimli,0.33.0,write::line::tests::test_line_string,full,success,0.5933142650000001,,,,
x86_64-unknown-linux-gnu,gimli,0.33.0,write::line::tests::test_missing_comp_dir,full,success,0.9311013976666668,,,,
x86_64-unknown-linux-gnu,gimli,0.33.0,write::line::tests::test_separate_working_dir,full,success,1.378809201,,,,
x86_64-unknown-linux-gnu,gimli,0.33.0,write::loc::tests::test_loc_list,full,success,0.5603206083333334,,,,
x86_64-unknown-linux-gnu,gimli,0.33.0,write::op::tests::test_expression_as_raw,full,success,0.13680008533333335,,,,
x86_64-unknown-linux-gnu,gimli,0.33.0,write::op::tests::test_expression_raw,full,success,0.5102937280000001,,,,
x86_64-unknown-linux-gnu,gimli,0.33.0,write::op::tests::test_forward_ref,full,success,0.15500819933333335,,,,
x86_64-unknown-linux-gnu,gimli,0.33.0,write::op::tests::test_missing_debuginfo_ref,full,success,0.15820807933333333,,,,
x86_64-unknown-linux-gnu,gimli,0.33.0,write::op::tests::test_missing_unit_ref,full,success,0.15197897566666668,,,,
x86_64-unknown-linux-gnu,gimli,0.33.0,write::op::tests::test_operation,full,success,7.124346052333333,,,,
x86_64-unknown-linux-gnu,gimli,0.33.0,write::range::tests::test_range,full,success,0.33900291600000004,,,,
x86_64-unknown-linux-gnu,gimli,0.33.0,write::relocate::tests::test_relocate_writer,full,success,0.1405305006666667,,,,
x86_64-unknown-linux-gnu,gimli,0.33.0,write::str::tests::test_string_table,full,success,0.16042967333333333,,,,
x86_64-unknown-linux-gnu,gimli,0.33.0,write::unit::tests::test_attribute_value,full,success,19.159239659999997,,,,
x86_64-unknown-linux-gnu,gimli,0.33.0,write::unit::tests::test_delete_child,full,success,0.175375733,,,,
x86_64-unknown-linux-gnu,gimli,0.33.0,write::unit::tests::test_line_program_used,full,success,0.17189257733333332,,,,
x86_64-unknown-linux-gnu,gimli,0.33.0,write::unit::tests::test_line_ref,full,success,1.9145013283333334,,,,
x86_64-unknown-linux-gnu,gimli,0.33.0,write::unit::tests::test_missing_debuginfo_ref,full,success,0.15934085566666667,,,,
x86_64-unknown-linux-gnu,gimli,0.33.0,write::unit::tests::test_missing_unit_ref,full,success,0.157436923,,,,
x86_64-unknown-linux-gnu,gimli,0.33.0,write::unit::tests::test_sibling,full,success,0.25353528833333333,,,,
x86_64-unknown-linux-gnu,gimli,0.33.0,write::unit::tests::test_unit_ref,full,success,0.255719945,,,,
x86_64-unknown-linux-gnu,gimli,0.33.0,write::unit::tests::test_unit_table,full,success,0.248791106,,,,
x86_64-unknown-linux-gnu,gimli,0.33.0,write::writer::tests::test_writer,full,success,0.145798066,,,,
x86_64-unknown-linux-gnu,half,2.7.1,bfloat::test::formatting,full,success,0.16211218333333335,,,,
x86_64-unknown-linux-gnu,half,2.7.1,bfloat::test::qc_roundtrip_bf16_f32_is_identity,full,success,0.24574897333333334,,,,
x86_64-unknown-linux-gnu,half,2.7.1,bfloat::test::qc_roundtrip_bf16_f64_is_identity,full,success,0.2515480083333333,,,,
x86_64-unknown-linux-gnu,half,2.7.1,bfloat::test::test_bf16_consts_from_f32,full,success,0.13189492400000002,,,,
x86_64-unknown-linux-gnu,half,2.7.1,bfloat::test::test_bf16_consts_from_f64,full,success,0.13046277933333336,,,,
x86_64-unknown-linux-gnu,half,2.7.1,bfloat::test::test_bf16_to_f32,full,success,0.13062200233333332,,,,
x86_64-unknown-linux-gnu,half,2.7.1,bfloat::test::test_comparisons,full,success,0.13990829800000001,,,,
x86_64-unknown-linux-gnu,half,2.7.1,bfloat::test::test_max,full,success,0.13366303400000001,,,,
x86_64-unknown-linux-gnu,half,2.7.1,bfloat::test::test_min,full,success,0.13374511133333333,,,,
x86_64-unknown-linux-gnu,half,2.7.1,bfloat::test::test_nan_conversion_to_larger,full,success,0.13172463599999998,,,,
x86_64-unknown-linux-gnu,half,2.7.1,bfloat::test::test_nan_conversion_to_smaller,full,success,0.13388796466666666,,,,
x86_64-unknown-linux-gnu,half,2.7.1,binary16::test::arithmetic,full,success,0.13399082,,,,
x86_64-unknown-linux-gnu,half,2.7.1,binary16::test::formatting,full,success,0.16183579333333334,,,,
x86_64-unknown-linux-gnu,half,2.7.1,binary16::test::qc_roundtrip_f16_f32_is_identity,full,success,0.2593758286666667,,,,
x86_64-unknown-linux-gnu,half,2.7.1,binary16::test::qc_roundtrip_f16_f64_is_identity,full,success,0.2648920633333333,,,,
x86_64-unknown-linux-gnu,half,2.7.1,binary16::test::test_comparisons,full,success,0.12998432533333334,,,,
x86_64-unknown-linux-gnu,half,2.7.1,binary16::test::test_f16_consts_from_f32,full,success,0.13195909866666666,,,,
x86_64-unknown-linux-gnu,half,2.7.1,binary16::test::test_f16_consts_from_f64,full,success,0.13665919833333334,,,,
x86_64-unknown-linux-gnu,half,2.7.1,binary16::test::test_max,full,success,0.13050714866666666,,,,
x86_64-unknown-linux-gnu,half,2.7.1,binary16::test::test_min,full,success,0.13177075133333332,,,,
x86_64-unknown-linux-gnu,half,2.7.1,binary16::test::test_nan_conversion_to_larger,full,success,0.13687533366666668,,,,
x86_64-unknown-linux-gnu,half,2.7.1,binary16::test::test_nan_conversion_to_smaller,full,success,0.131087278,,,,
x86_64-unknown-linux-gnu,half,2.7.1,leading_zeros::test::leading_zeros_u16_fallback,full,success,0.13381304166666666,,,,
x86_64-unknown-linux-gnu,half,2.7.1,slice::test::convert_from_f32_slice_len_mismatch_panics,full,success,0.13416997633333336,,,,
x86_64-unknown-linux-gnu,half,2.7.1,slice::test::convert_from_f64_slice_len_mismatch_panics,full,success,0.13497795600000004,,,,
x86_64-unknown-linux-gnu,half,2.7.1,slice::test::convert_to_f32_slice_len_mismatch_panics,full,success,0.13439362033333332,,,,
x86_64-unknown-linux-gnu,half,2.7.1,slice::test::convert_to_f64_slice_len_mismatch_panics,full,success,0.136777126,,,,
x86_64-unknown-linux-gnu,half,2.7.1,slice::test::slice_convert_bf16_f32,full,success,0.137604855,,,,
x86_64-unknown-linux-gnu,half,2.7.1,slice::test::slice_convert_bf16_f64,full,success,0.13344823766666666,,,,
x86_64-unknown-linux-gnu,half,2.7.1,slice::test::slice_convert_f16_f32,full,success,0.13752116933333333,,,,
x86_64-unknown-linux-gnu,half,2.7.1,slice::test::slice_convert_f16_f64,full,success,0.1351458156666667,,,,
x86_64-unknown-linux-gnu,half,2.7.1,slice::test::test_mutablility_bf16,full,success,0.13294076800000001,,,,
x86_64-unknown-linux-gnu,half,2.7.1,slice::test::test_mutablility_f16,full,success,0.13335361566666667,,,,
x86_64-unknown-linux-gnu,half,2.7.1,slice::test::test_slice_conversions_bf16,full,success,0.14361971066666665,,,,
x86_64-unknown-linux-gnu,half,2.7.1,slice::test::test_slice_conversions_f16,full,success,0.1305839126666667,,,,
x86_64-unknown-linux-gnu,half,2.7.1,vec::test::test_vec_conversions_bf16,full,success,0.130727754,,,,
x86_64-unknown-linux-gnu,half,2.7.1,vec::test::test_vec_conversions_f16,full,success,0.14428290666666668,,,,
x86_64-unknown-linux-gnu,hashbrown,0.17.0,map::test_map::test_allocation_info,full,success,0.130989139,,,,
x86_64-unknown-linux-gnu,hashbrown,0.17.0,map::test_map::test_behavior_resize_policy,full,success,0.146547276,,,,
x86_64-unknown-linux-gnu,hashbrown,0.17.0,map::test_map::test_capacity_not_less_than_len,full,success,0.42920946600000004,,,,
x86_64-unknown-linux-gnu,hashbrown,0.17.0,map::test_map::test_catch_panic_clone_from_when_len_is_equal,full,success,0.16359710500000002,,,,
x86_64-unknown-linux-gnu,hashbrown,0.17.0,map::test_map::test_catch_panic_clone_from_when_len_is_not_equal,full,success,0.15711128000000002,,,,
x86_64-unknown-linux-gnu,hashbrown,0.17.0,map::test_map::test_clone,full,success,0.13352872500000001,,,,
x86_64-unknown-linux-gnu,hashbrown,0.17.0,map::test_map::test_clone_from,full,success,0.13713604600000004,,,,
x86_64-unknown-linux-gnu,hashbrown,0.17.0,map::test_map::test_clone_from_double_drop,full,success,0.14183081233333336,,,,
x86_64-unknown-linux-gnu,hashbrown,0.17.0,map::test_map::test_clone_from_memory_leaks,full,success,0.15148947266666668,,,,
x86_64-unknown-linux-gnu,hashbrown,0.17.0,map::test_map::test_clone_memory_leaks_and_double_drop_one,full,success,0.14977497066666667,,,,
x86_64-unknown-linux-gnu,hashbrown,0.17.0,map::test_map::test_clone_memory_leaks_and_double_drop_two,full,success,0.15876085733333334,,,,
x86_64-unknown-linux-gnu,hashbrown,0.17.0,map::test_map::test_conflict_remove,full,success,0.13842061900000002,,,,
x86_64-unknown-linux-gnu,hashbrown,0.17.0,map::test_map::test_const_with_hasher,full,success,0.138204466,,,,
x86_64-unknown-linux-gnu,hashbrown,0.17.0,map::test_map::test_create_capacity_zero,full,success,0.13473098033333333,,,,
x86_64-unknown-linux-gnu,hashbrown,0.17.0,map::test_map::test_drops,full,success,0.4013037746666667,,,,
x86_64-unknown-linux-gnu,hashbrown,0.17.0,map::test_map::test_empty_entry,full,success,0.13345979900000002,,,,
x86_64-unknown-linux-gnu,hashbrown,0.17.0,map::test_map::test_empty_entry_ref,full,success,0.13896083333333334,,,,
x86_64-unknown-linux-gnu,hashbrown,0.17.0,map::test_map::test_empty_iter,full,success,0.13570900133333333,,,,
x86_64-unknown-linux-gnu,hashbrown,0.17.0,map::test_map::test_empty_remove,full,success,0.13337914766666667,,,,
x86_64-unknown-linux-gnu,hashbrown,0.17.0,map::test_map::test_entry,full,success,0.1427330646666667,,,,
x86_64-unknown-linux-gnu,hashbrown,0.17.0,map::test_map::test_entry_and_replace_entry_with,full,success,0.13158796133333334,,,,
x86_64-unknown-linux-gnu,hashbrown,0.17.0,map::test_map::test_entry_ref,full,success,0.14300579133333335,,,,
x86_64-unknown-linux-gnu,hashbrown,0.17.0,map::test_map::test_entry_ref_take_doesnt_corrupt,full,success,1.5998043409999998,,,,
x86_64-unknown-linux-gnu,hashbrown,0.17.0,map::test_map::test_entry_take_doesnt_corrupt,full,success,0.918799855,,,,
x86_64-unknown-linux-gnu,hashbrown,0.17.0,map::test_map::test_eq,full,success,0.13577274366666667,,,,
x86_64-unknown-linux-gnu,hashbrown,0.17.0,map::test_map::test_expand,full,success,0.134191388,,,,
x86_64-unknown-linux-gnu,hashbrown,0.17.0,map::test_map::test_extend_ref_k_ref_v,full,success,0.13834884733333333,,,,
x86_64-unknown-linux-gnu,hashbrown,0.17.0,map::test_map::test_extend_ref_kv_tuple,full,success,0.9165835706666666,,,,
x86_64-unknown-linux-gnu,hashbrown,0.17.0,map::test_map::test_extract_if,full,success,0.14068656166666668,,,,
x86_64-unknown-linux-gnu,hashbrown,0.17.0,map::test_map::test_find,full,success,0.13775433466666667,,,,
x86_64-unknown-linux-gnu,hashbrown,0.17.0,map::test_map::test_find_mut,full,success,0.13677388433333335,,,,
x86_64-unknown-linux-gnu,hashbrown,0.17.0,map::test_map::test_from_iter,full,success,0.1393993226666667,,,,
x86_64-unknown-linux-gnu,hashbrown,0.17.0,map::test_map::test_get_disjoint_mut,full,success,0.15440276633333336,,,,
x86_64-unknown-linux-gnu,hashbrown,0.17.0,map::test_map::test_get_disjoint_mut_duplicate,full,success,0.13835774833333334,,,,
x86_64-unknown-linux-gnu,hashbrown,0.17.0,map::test_map::test_hashmap_into_iter_bug,full,success,0.1462835206666667,,,,
x86_64-unknown-linux-gnu,hashbrown,0.17.0,map::test_map::test_index,full,success,0.1350875606666667,,,,
x86_64-unknown-linux-gnu,hashbrown,0.17.0,map::test_map::test_index_nonexistent,full,success,0.13709667100000003,,,,
x86_64-unknown-linux-gnu,hashbrown,0.17.0,map::test_map::test_insert,full,success,0.13343416066666666,,,,
x86_64-unknown-linux-gnu,hashbrown,0.17.0,map::test_map::test_insert_conflicts,full,success,0.13412751933333333,,,,
x86_64-unknown-linux-gnu,hashbrown,0.17.0,map::test_map::test_insert_overwrite,full,success,0.12954301533333332,,,,
x86_64-unknown-linux-gnu,hashbrown,0.17.0,map::test_map::test_insert_unique_unchecked,full,success,0.135464567,,,,
x86_64-unknown-linux-gnu,hashbrown,0.17.0,map::test_map::test_into_iter_drops,full,success,0.4471943493333333,,,,
x86_64-unknown-linux-gnu,hashbrown,0.17.0,map::test_map::test_into_keys,full,success,0.13598005033333335,,,,
x86_64-unknown-linux-gnu,hashbrown,0.17.0,map::test_map::test_into_values,full,success,0.14133273066666666,,,,
x86_64-unknown-linux-gnu,hashbrown,0.17.0,map::test_map::test_is_empty,full,success,0.14166683000000002,,,,
x86_64-unknown-linux-gnu,hashbrown,0.17.0,map::test_map::test_iter_len,full,success,0.13690891800000002,,,,
x86_64-unknown-linux-gnu,hashbrown,0.17.0,map::test_map::test_iter_mut_len,full,success,0.135928095,,,,
x86_64-unknown-linux-gnu,hashbrown,0.17.0,map::test_map::test_iterate,full,success,0.17373294466666667,,,,
x86_64-unknown-linux-gnu,hashbrown,0.17.0,map::test_map::test_keys,full,success,0.13745628533333334,,,,
x86_64-unknown-linux-gnu,hashbrown,0.17.0,map::test_map::test_mut_size_hint,full,success,0.14627275966666667,,,,
x86_64-unknown-linux-gnu,hashbrown,0.17.0,map::test_map::test_occupied_entry_key,full,success,0.131350227,,,,
x86_64-unknown-linux-gnu,hashbrown,0.17.0,map::test_map::test_occupied_entry_ref_key,full,success,0.13389451833333332,,,,
x86_64-unknown-linux-gnu,hashbrown,0.17.0,map::test_map::test_occupied_entry_replace_entry_with,full,success,0.137901814,,,,
x86_64-unknown-linux-gnu,hashbrown,0.17.0,map::test_map::test_remove,full,success,0.13341165233333332,,,,
x86_64-unknown-linux-gnu,hashbrown,0.17.0,map::test_map::test_remove_entry,full,success,0.13489962266666666,,,,
x86_64-unknown-linux-gnu,hashbrown,0.17.0,map::test_map::test_replace_entry_with_doesnt_corrupt,full,success,0.763057263,,,,
x86_64-unknown-linux-gnu,hashbrown,0.17.0,map::test_map::test_reserve_shrink_to_fit,full,success,0.7683031730000001,,,,
x86_64-unknown-linux-gnu,hashbrown,0.17.0,map::test_map::test_retain,full,success,0.19529631133333333,,,,
x86_64-unknown-linux-gnu,hashbrown,0.17.0,map::test_map::test_show,full,success,0.13263545033333335,,,,
x86_64-unknown-linux-gnu,hashbrown,0.17.0,map::test_map::test_size_hint,full,success,0.13562970433333332,,,,
x86_64-unknown-linux-gnu,hashbrown,0.17.0,map::test_map::test_vacant_entry_key,full,success,0.132466162,,,,
x86_64-unknown-linux-gnu,hashbrown,0.17.0,map::test_map::test_vacant_entry_ref_key,full,success,0.13231252666666668,,,,
x86_64-unknown-linux-gnu,hashbrown,0.17.0,map::test_map::test_values,full,success,0.13495480866666668,,,,
x86_64-unknown-linux-gnu,hashbrown,0.17.0,map::test_map::test_values_mut,full,success,0.13712268400000002,,,,
x86_64-unknown-linux-gnu,hashbrown,0.17.0,map::test_map::test_zero_capacities,full,success,0.14088989166666668,,,,
x86_64-unknown-linux-gnu,hashbrown,0.17.0,map::test_map_with_mmap_allocations::test_tiny_allocation_gets_rounded_to_page_size,full,success,0.3193038723333333,,,,
x86_64-unknown-linux-gnu,hashbrown,0.17.0,raw::test_map::rehash,full,success,0.786453449,,,,
x86_64-unknown-linux-gnu,hashbrown,0.17.0,raw::test_map::test_catch_panic_clone_from,full,success,0.15974371733333334,,,,
x86_64-unknown-linux-gnu,hashbrown,0.17.0,raw::test_map::test_drop_uninitialized,full,success,0.13333673333333332,,,,
x86_64-unknown-linux-gnu,hashbrown,0.17.0,raw::test_map::test_drop_zero_items,full,success,0.13369948166666668,,,,
x86_64-unknown-linux-gnu,hashbrown,0.17.0,raw::test_map::test_minimum_capacity_for_small_types,full,success,0.13773090633333332,,,,
x86_64-unknown-linux-gnu,hashbrown,0.17.0,raw::test_map::test_prev_pow2,full,success,0.13464832633333335,,,,
x86_64-unknown-linux-gnu,hashbrown,0.17.0,raw_entry::test_map::test_key_without_hash_impl,full,success,0.133940475,,,,
x86_64-unknown-linux-gnu,hashbrown,0.17.0,raw_entry::test_map::test_raw_entry,full,success,0.16448503266666667,,,,
x86_64-unknown-linux-gnu,hashbrown,0.17.0,raw_entry::test_map::test_raw_entry_and_replace_entry_with,full,success,0.13711198666666666,,,,
x86_64-unknown-linux-gnu,hashbrown,0.17.0,raw_entry::test_map::test_raw_occupied_entry_replace_entry_with,full,success,0.137948487,,,,
x86_64-unknown-linux-gnu,hashbrown,0.17.0,set::test_set::collect,full,success,0.13327898800000001,,,,
x86_64-unknown-linux-gnu,hashbrown,0.17.0,set::test_set::duplicate_insert,full,success,0.135802613,,,,
x86_64-unknown-linux-gnu,hashbrown,0.17.0,set::test_set::rehash_in_place,full,success,1.8032935653333333,,,,
x86_64-unknown-linux-gnu,hashbrown,0.17.0,set::test_set::some_invalid_equivalent,full,success,0.13573810266666667,,,,
x86_64-unknown-linux-gnu,hashbrown,0.17.0,set::test_set::test_allocation_info,full,success,0.13703639566666667,,,,
x86_64-unknown-linux-gnu,hashbrown,0.17.0,set::test_set::test_const_with_hasher,full,success,0.1324280116666667,,,,
x86_64-unknown-linux-gnu,hashbrown,0.17.0,set::test_set::test_difference,full,success,0.138073938,,,,
x86_64-unknown-linux-gnu,hashbrown,0.17.0,set::test_set::test_disjoint,full,success,0.14513424233333336,,,,
x86_64-unknown-linux-gnu,hashbrown,0.17.0,set::test_set::test_drain,full,success,1.2130799346666665,,,,
x86_64-unknown-linux-gnu,hashbrown,0.17.0,set::test_set::test_eq,full,success,0.13407823833333335,,,,
x86_64-unknown-linux-gnu,hashbrown,0.17.0,set::test_set::test_extend_ref,full,success,0.14085299233333334,,,,
x86_64-unknown-linux-gnu,hashbrown,0.17.0,set::test_set::test_extract_if,full,success,0.13990793,,,,
x86_64-unknown-linux-gnu,hashbrown,0.17.0,set::test_set::test_from_iter,full,success,0.14388797666666667,,,,
x86_64-unknown-linux-gnu,hashbrown,0.17.0,set::test_set::test_from_map,full,success,0.13574740266666666,,,,
x86_64-unknown-linux-gnu,hashbrown,0.17.0,set::test_set::test_intersection,full,success,0.14484666666666668,,,,
x86_64-unknown-linux-gnu,hashbrown,0.17.0,set::test_set::test_iterate,full,success,0.17959176866666668,,,,
x86_64-unknown-linux-gnu,hashbrown,0.17.0,set::test_set::test_move_iter,full,success,0.13348942100000002,,,,
x86_64-unknown-linux-gnu,hashbrown,0.17.0,set::test_set::test_replace,full,success,0.137528133,,,,
x86_64-unknown-linux-gnu,hashbrown,0.17.0,set::test_set::test_retain,full,success,0.141875754,,,,
x86_64-unknown-linux-gnu,hashbrown,0.17.0,set::test_set::test_show,full,success,0.13243159033333335,,,,
x86_64-unknown-linux-gnu,hashbrown,0.17.0,set::test_set::test_sub_assign,full,success,0.13906265399999998,,,,
x86_64-unknown-linux-gnu,hashbrown,0.17.0,set::test_set::test_subset_and_superset,full,success,0.14471451966666668,,,,
x86_64-unknown-linux-gnu,hashbrown,0.17.0,set::test_set::test_symmetric_difference,full,success,0.147343633,,,,
x86_64-unknown-linux-gnu,hashbrown,0.17.0,set::test_set::test_trivial_drain,full,success,0.13449512100000002,,,,
x86_64-unknown-linux-gnu,hashbrown,0.17.0,set::test_set::test_union,full,success,0.1561889956666667,,,,
x86_64-unknown-linux-gnu,hashbrown,0.17.0,set::test_set::test_zero_capacities,full,success,0.135678895,,,,
x86_64-unknown-linux-gnu,hashbrown,0.17.0,table::tests::test_allocation_info,full,success,0.13061742533333334,,,,
x86_64-unknown-linux-gnu,hostname,0.4.2,nix::tests::test_empty_buffer,full,success,0.12949837633333336,,,,
x86_64-unknown-linux-gnu,hostname,0.4.2,nix::tests::test_filled_with_null_buffer,full,success,0.13040612933333331,,,,
x86_64-unknown-linux-gnu,hostname,0.4.2,nix::tests::test_non_overflowed_buffer,full,success,0.136221873,,,,
x86_64-unknown-linux-gnu,hostname,0.4.2,nix::tests::test_overflowed_buffer,full,success,0.13335843300000003,,,,
x86_64-unknown-linux-gnu,httparse,1.10.1,simd::swar::test_is_header_value_block,full,success,0.15193948233333335,,,,
x86_64-unknown-linux-gnu,httparse,1.10.1,simd::swar::test_is_uri_block,full,success,0.14059476699999998,,,,
x86_64-unknown-linux-gnu,httparse,1.10.1,simd::swar::test_offsetnz,full,success,0.13415900433333333,,,,
x86_64-unknown-linux-gnu,httparse,1.10.1,tests::partial_permutations,full,success,0.13922848333333335,,,,
x86_64-unknown-linux-gnu,httparse,1.10.1,tests::test_allow_request_with_multiple_space_delimiters,full,success,0.134683982,,,,
x86_64-unknown-linux-gnu,httparse,1.10.1,tests::test_allow_response_response_with_space_before_first_header,full,success,0.14089888800000003,,,,
x86_64-unknown-linux-gnu,httparse,1.10.1,tests::test_allow_response_with_multiple_space_delimiters,full,success,0.15072501433333335,,,,
x86_64-unknown-linux-gnu,httparse,1.10.1,tests::test_allow_response_with_obsolete_line_folding_at_end,full,success,0.13377506933333336,,,,
x86_64-unknown-linux-gnu,httparse,1.10.1,tests::test_allow_response_with_obsolete_line_folding_at_start,full,success,0.148762942,,,,
x86_64-unknown-linux-gnu,httparse,1.10.1,tests::test_allow_response_with_obsolete_line_folding_in_empty_header,full,success,0.13730346233333335,,,,
x86_64-unknown-linux-gnu,httparse,1.10.1,tests::test_allow_response_with_obsolete_line_folding_in_middle,full,success,0.13662801533333335,,,,
x86_64-unknown-linux-gnu,httparse,1.10.1,tests::test_allow_response_with_whitespace_between_header_name_and_colon,full,success,0.152586255,,,,
x86_64-unknown-linux-gnu,httparse,1.10.1,tests::test_bad_utf8_in_path,full,success,0.13298364933333337,,,,
x86_64-unknown-linux-gnu,httparse,1.10.1,tests::test_chunk_size,full,success,0.13141635466666668,,,,
x86_64-unknown-linux-gnu,httparse,1.10.1,tests::test_forbid_request_with_multiple_space_delimiters,full,success,0.13476128766666667,,,,
x86_64-unknown-linux-gnu,httparse,1.10.1,tests::test_forbid_request_with_weird_whitespace_delimiters,full,success,0.13306753100000002,,,,
x86_64-unknown-linux-gnu,httparse,1.10.1,tests::test_forbid_request_with_whitespace_between_header_name_and_colon,full,success,0.134224762,,,,
x86_64-unknown-linux-gnu,httparse,1.10.1,tests::test_forbid_response_with_multiple_space_delimiters,full,success,0.133217151,,,,
x86_64-unknown-linux-gnu,httparse,1.10.1,tests::test_forbid_response_with_obsolete_line_folding_at_end,full,success,0.136709424,,,,
x86_64-unknown-linux-gnu,httparse,1.10.1,tests::test_forbid_response_with_obsolete_line_folding_at_start,full,success,0.13651308733333334,,,,
x86_64-unknown-linux-gnu,httparse,1.10.1,tests::test_forbid_response_with_obsolete_line_folding_in_empty_header,full,success,0.13713822266666667,,,,
x86_64-unknown-linux-gnu,httparse,1.10.1,tests::test_forbid_response_with_obsolete_line_folding_in_middle,full,success,0.13404163800000002,,,,
x86_64-unknown-linux-gnu,httparse,1.10.1,tests::test_forbid_response_with_space_before_first_header,full,success,0.13549884833333334,,,,
x86_64-unknown-linux-gnu,httparse,1.10.1,tests::test_forbid_response_with_weird_whitespace_delimiters,full,success,0.13252348433333333,,,,
x86_64-unknown-linux-gnu,httparse,1.10.1,tests::test_forbid_response_with_whitespace_between_header_name_and_colon,full,success,0.13886512066666667,,,,
x86_64-unknown-linux-gnu,httparse,1.10.1,tests::test_header_with_cr_in_header_name,full,success,0.13847643666666667,,,,
x86_64-unknown-linux-gnu,httparse,1.10.1,tests::test_header_with_invalid_char_in_value,full,success,0.15719378333333334,,,,
x86_64-unknown-linux-gnu,httparse,1.10.1,tests::test_header_with_invalid_char_in_value_with_folding,full,success,0.15596595633333335,,,,
x86_64-unknown-linux-gnu,httparse,1.10.1,tests::test_header_with_nul_in_value,full,success,0.14747293366666667,,,,
x86_64-unknown-linux-gnu,httparse,1.10.1,tests::test_header_with_nul_in_whitespace_before_colon,full,success,0.140292037,,,,
x86_64-unknown-linux-gnu,httparse,1.10.1,tests::test_ignore_header_line_with_missing_colon_in_request,full,success,0.13764768000000002,,,,
x86_64-unknown-linux-gnu,httparse,1.10.1,tests::test_ignore_header_line_with_missing_colon_in_response,full,success,0.144346732,,,,
x86_64-unknown-linux-gnu,httparse,1.10.1,tests::test_ignore_header_line_with_whitespaces_after_header_name_in_request,full,success,0.135608162,,,,
x86_64-unknown-linux-gnu,httparse,1.10.1,tests::test_ignore_header_line_with_whitespaces_after_header_name_in_response,full,success,0.140233295,,,,
x86_64-unknown-linux-gnu,httparse,1.10.1,tests::test_method_within_buffer,full,success,0.13685116700000002,,,,
x86_64-unknown-linux-gnu,httparse,1.10.1,tests::test_no_space_after_colon,full,success,0.134260684,,,,
x86_64-unknown-linux-gnu,httparse,1.10.1,tests::test_request_empty_lines_prefix,full,success,0.13245608933333333,,,,
x86_64-unknown-linux-gnu,httparse,1.10.1,tests::test_request_empty_lines_prefix_lf_only,full,success,0.13396733000000002,,,,
x86_64-unknown-linux-gnu,httparse,1.10.1,tests::test_request_header_no_space_after_colon,full,success,0.13717563733333335,,,,
x86_64-unknown-linux-gnu,httparse,1.10.1,tests::test_request_header_value_htab_long,full,success,0.13892097166666664,,,,
x86_64-unknown-linux-gnu,httparse,1.10.1,tests::test_request_header_value_htab_med,full,success,0.13473521333333335,,,,
x86_64-unknown-linux-gnu,httparse,1.10.1,tests::test_request_header_value_htab_short,full,success,0.13331452466666668,,,,
x86_64-unknown-linux-gnu,httparse,1.10.1,tests::test_request_header_with_missing_colon_with_folding,full,success,0.15345546266666668,,,,
x86_64-unknown-linux-gnu,httparse,1.10.1,tests::test_request_header_with_nul_in_header_name,full,success,0.13669334333333336,,,,
x86_64-unknown-linux-gnu,httparse,1.10.1,tests::test_request_headers,full,success,0.13513170400000002,,,,
x86_64-unknown-linux-gnu,httparse,1.10.1,tests::test_request_headers_max,full,success,0.13440520133333334,,,,
x86_64-unknown-linux-gnu,httparse,1.10.1,tests::test_request_headers_optional_whitespace,full,success,0.14038496733333336,,,,
x86_64-unknown-linux-gnu,httparse,1.10.1,tests::test_request_method_no_delimiter,full,success,0.1309727066666667,,,,
x86_64-unknown-linux-gnu,httparse,1.10.1,tests::test_request_method_only,full,success,0.131667023,,,,
x86_64-unknown-linux-gnu,httparse,1.10.1,tests::test_request_method_path_no_delimiter,full,success,0.13489468633333335,,,,
x86_64-unknown-linux-gnu,httparse,1.10.1,tests::test_request_method_path_only,full,success,0.13384361333333336,,,,
x86_64-unknown-linux-gnu,httparse,1.10.1,tests::test_request_multibyte,full,success,0.13803311566666668,,,,
x86_64-unknown-linux-gnu,httparse,1.10.1,tests::test_request_newlines,full,success,0.13323030833333335,,,,
x86_64-unknown-linux-gnu,httparse,1.10.1,tests::test_request_one_byte_method,full,success,0.146525808,,,,
x86_64-unknown-linux-gnu,httparse,1.10.1,tests::test_request_partial,full,success,0.14472615633333333,,,,
x86_64-unknown-linux-gnu,httparse,1.10.1,tests::test_request_partial_method,full,success,0.13462366633333336,,,,
x86_64-unknown-linux-gnu,httparse,1.10.1,tests::test_request_partial_parses_headers_as_much_as_it_can,full,success,0.13812398533333334,,,,
x86_64-unknown-linux-gnu,httparse,1.10.1,tests::test_request_partial_version,full,success,0.13465744133333335,,,,
x86_64-unknown-linux-gnu,httparse,1.10.1,tests::test_request_path_backslash,full,success,0.13756784400000002,,,,
x86_64-unknown-linux-gnu,httparse,1.10.1,tests::test_request_simple,full,success,0.141858868,,,,
x86_64-unknown-linux-gnu,httparse,1.10.1,tests::test_request_simple_with_query_params,full,success,0.13792972533333334,,,,
x86_64-unknown-linux-gnu,httparse,1.10.1,tests::test_request_simple_with_whatwg_query_params,full,success,0.13502292266666668,,,,
x86_64-unknown-linux-gnu,httparse,1.10.1,tests::test_request_with_del_in_path,full,success,0.13769253266666667,,,,
x86_64-unknown-linux-gnu,httparse,1.10.1,tests::test_request_with_empty_header_name,full,success,0.13312555133333334,,,,
x86_64-unknown-linux-gnu,httparse,1.10.1,tests::test_request_with_empty_method,full,success,0.13506753466666666,,,,
x86_64-unknown-linux-gnu,httparse,1.10.1,tests::test_request_with_empty_method_and_path,full,success,0.135465606,,,,
x86_64-unknown-linux-gnu,httparse,1.10.1,tests::test_request_with_empty_path,full,success,0.1354459766666667,,,,
x86_64-unknown-linux-gnu,httparse,1.10.1,tests::test_request_with_invalid_but_short_version,full,success,0.13764762933333333,,,,
x86_64-unknown-linux-gnu,httparse,1.10.1,tests::test_request_with_invalid_char_between_header_name_and_colon,full,success,0.15158158333333335,,,,
x86_64-unknown-linux-gnu,httparse,1.10.1,tests::test_request_with_invalid_method,full,success,0.13247891766666667,,,,
x86_64-unknown-linux-gnu,httparse,1.10.1,tests::test_request_with_invalid_token_delimiter,full,success,0.13413863299999998,,,,
x86_64-unknown-linux-gnu,httparse,1.10.1,tests::test_request_with_leading_space,full,success,0.143649898,,,,
x86_64-unknown-linux-gnu,httparse,1.10.1,tests::test_request_with_multiple_spaces_and_bad_path,full,success,0.13797626866666668,,,,
x86_64-unknown-linux-gnu,httparse,1.10.1,tests::test_request_with_whitespace_between_header_name_and_colon,full,success,0.146516668,,,,
x86_64-unknown-linux-gnu,httparse,1.10.1,tests::test_response_code_missing_space,full,success,0.131658657,,,,
x86_64-unknown-linux-gnu,httparse,1.10.1,tests::test_response_empty_lines_prefix_lf_only,full,success,0.13691931933333334,,,,
x86_64-unknown-linux-gnu,httparse,1.10.1,tests::test_response_header_with_missing_colon_with_folding,full,success,0.14219077666666669,,,,
x86_64-unknown-linux-gnu,httparse,1.10.1,tests::test_response_header_with_nul_in_header_name,full,success,0.15520036333333334,,,,
x86_64-unknown-linux-gnu,httparse,1.10.1,tests::test_response_newlines,full,success,0.14370452366666667,,,,
x86_64-unknown-linux-gnu,httparse,1.10.1,tests::test_response_no_cr,full,success,0.13315314966666666,,,,
x86_64-unknown-linux-gnu,httparse,1.10.1,tests::test_response_partial_parses_headers_as_much_as_it_can,full,success,0.13564309900000002,,,,
x86_64-unknown-linux-gnu,httparse,1.10.1,tests::test_response_reason_missing,full,success,0.136659378,,,,
x86_64-unknown-linux-gnu,httparse,1.10.1,tests::test_response_reason_missing_no_space,full,success,0.139421507,,,,
x86_64-unknown-linux-gnu,httparse,1.10.1,tests::test_response_reason_missing_no_space_with_headers,full,success,0.13452903100000002,,,,
x86_64-unknown-linux-gnu,httparse,1.10.1,tests::test_response_reason_with_nul_byte,full,success,0.13238070333333332,,,,
x86_64-unknown-linux-gnu,httparse,1.10.1,tests::test_response_reason_with_obsolete_text_byte,full,success,0.13411283566666665,,,,
x86_64-unknown-linux-gnu,httparse,1.10.1,tests::test_response_reason_with_space_and_tab,full,success,0.14010680733333333,,,,
x86_64-unknown-linux-gnu,httparse,1.10.1,tests::test_response_simple,full,success,0.13866577733333335,,,,
x86_64-unknown-linux-gnu,httparse,1.10.1,tests::test_response_version_missing_space,full,success,0.13229359799999998,,,,
x86_64-unknown-linux-gnu,httparse,1.10.1,tests::test_response_with_empty_header_name,full,success,0.133981408,,,,
x86_64-unknown-linux-gnu,httparse,1.10.1,tests::test_response_with_invalid_char_between_header_name_and_colon,full,success,0.137529692,,,,
x86_64-unknown-linux-gnu,httparse,1.10.1,tests::test_response_with_spaces_in_code,full,success,0.1311271966666667,,,,
x86_64-unknown-linux-gnu,httparse,1.10.1,tests::test_still_forbid_request_with_weird_whitespace_delimiters,full,success,0.13095892566666667,,,,
x86_64-unknown-linux-gnu,httparse,1.10.1,tests::test_still_forbid_response_with_weird_whitespace_delimiters,full,success,0.13187126166666666,,,,
x86_64-unknown-linux-gnu,httparse,1.10.1,tests::test_utf8_in_path_ok,full,success,0.1364891406666667,,,,
x86_64-unknown-linux-gnu,hyper,1.10.1,error::tests::error_satisfies_send_sync,full,success,0.13451475300000001,,,,
x86_64-unknown-linux-gnu,hyper,1.10.1,error::tests::error_size_of,full,success,0.13540033799999998,,,,
x86_64-unknown-linux-gnu,indexmap,2.14.0,inner::assert_send_sync,full,success,0.11008066066666666,,,,
x86_64-unknown-linux-gnu,indexmap,2.14.0,map::entry::assert_send_sync,full,success,0.11155322066666667,,,,
x86_64-unknown-linux-gnu,indexmap,2.14.0,map::raw_entry_v1::assert_send_sync,full,success,0.11662019000000001,,,,
x86_64-unknown-linux-gnu,indexmap,2.14.0,map::slice::tests::slice_get_index_mut,full,success,0.11689255300000001,,,,
x86_64-unknown-linux-gnu,indexmap,2.14.0,map::slice::tests::slice_get_range,full,success,0.12422014433333334,,,,
x86_64-unknown-linux-gnu,indexmap,2.14.0,map::slice::tests::slice_index,full,success,0.7168165793333334,,,,
x86_64-unknown-linux-gnu,indexmap,2.14.0,map::slice::tests::slice_index_mut,full,success,0.5860764610000001,,,,
x86_64-unknown-linux-gnu,indexmap,2.14.0,map::slice::tests::slice_new,full,success,0.10692144066666669,,,,
x86_64-unknown-linux-gnu,indexmap,2.14.0,map::slice::tests::slice_new_mut,full,success,0.10813685266666669,,,,
x86_64-unknown-linux-gnu,indexmap,2.14.0,map::slice::tests::slice_split_first,full,success,0.12026279433333335,,,,
x86_64-unknown-linux-gnu,indexmap,2.14.0,map::slice::tests::slice_split_first_mut,full,success,0.11933884033333335,,,,
x86_64-unknown-linux-gnu,indexmap,2.14.0,map::slice::tests::slice_split_last,full,success,0.11552153233333334,,,,
x86_64-unknown-linux-gnu,indexmap,2.14.0,map::slice::tests::slice_split_last_mut,full,success,0.11571540433333334,,,,
x86_64-unknown-linux-gnu,indexmap,2.14.0,map::tests::clear,full,success,0.11189163,,,,
x86_64-unknown-linux-gnu,indexmap,2.14.0,map::tests::disjoint_indices_mut_empty,full,success,0.10981799600000001,,,,
x86_64-unknown-linux-gnu,indexmap,2.14.0,map::tests::disjoint_indices_mut_fail_duplicate,full,success,0.112851692,,,,
x86_64-unknown-linux-gnu,indexmap,2.14.0,map::tests::disjoint_indices_mut_fail_oob,full,success,0.11025201899999999,,,,
x86_64-unknown-linux-gnu,indexmap,2.14.0,map::tests::disjoint_indices_mut_success,full,success,0.11783139633333334,,,,
x86_64-unknown-linux-gnu,indexmap,2.14.0,map::tests::disjoint_mut_empty_map,full,success,0.10962516266666666,,,,
x86_64-unknown-linux-gnu,indexmap,2.14.0,map::tests::disjoint_mut_empty_param,full,success,0.11067599733333335,,,,
x86_64-unknown-linux-gnu,indexmap,2.14.0,map::tests::disjoint_mut_multi_fail_duplicate_panic,full,success,0.112493199,,,,
x86_64-unknown-linux-gnu,indexmap,2.14.0,map::tests::disjoint_mut_multi_fail_missing,full,success,0.11760625033333334,,,,
x86_64-unknown-linux-gnu,indexmap,2.14.0,map::tests::disjoint_mut_multi_success,full,success,0.12350431700000002,,,,
x86_64-unknown-linux-gnu,indexmap,2.14.0,map::tests::disjoint_mut_multi_success_borrow_key,full,success,0.12503556133333335,,,,
x86_64-unknown-linux-gnu,indexmap,2.14.0,map::tests::disjoint_mut_multi_success_unsized_key,full,success,0.126599288,,,,
x86_64-unknown-linux-gnu,indexmap,2.14.0,map::tests::disjoint_mut_single_fail,full,success,0.11146492133333334,,,,
x86_64-unknown-linux-gnu,indexmap,2.14.0,map::tests::disjoint_mut_single_success,full,success,0.114159891,,,,
x86_64-unknown-linux-gnu,indexmap,2.14.0,map::tests::drain_range,full,success,0.8748267750000002,,,,
x86_64-unknown-linux-gnu,indexmap,2.14.0,map::tests::entry,full,success,0.11080828666666666,,,,
x86_64-unknown-linux-gnu,indexmap,2.14.0,map::tests::entry_and_modify,full,success,0.10965964133333335,,,,
x86_64-unknown-linux-gnu,indexmap,2.14.0,map::tests::entry_or_default,full,success,0.11241344533333335,,,,
x86_64-unknown-linux-gnu,indexmap,2.14.0,map::tests::extend,full,success,0.11655265599999999,,,,
x86_64-unknown-linux-gnu,indexmap,2.14.0,map::tests::from_array,full,success,0.11257157333333334,,,,
x86_64-unknown-linux-gnu,indexmap,2.14.0,map::tests::from_entries,full,success,0.11192869933333334,,,,
x86_64-unknown-linux-gnu,indexmap,2.14.0,map::tests::get_index_entry,full,success,0.11417690266666668,,,,
x86_64-unknown-linux-gnu,indexmap,2.14.0,map::tests::get_index_mut2,full,success,0.11072444733333335,,,,
x86_64-unknown-linux-gnu,indexmap,2.14.0,map::tests::get_range,full,success,0.11337958266666666,,,,
x86_64-unknown-linux-gnu,indexmap,2.14.0,map::tests::get_range_mut,full,success,0.11317400666666666,,,,
x86_64-unknown-linux-gnu,indexmap,2.14.0,map::tests::grow,full,success,0.41918136233333336,,,,
x86_64-unknown-linux-gnu,indexmap,2.14.0,map::tests::insert,full,success,0.1321109726666667,,,,
x86_64-unknown-linux-gnu,indexmap,2.14.0,map::tests::insert_2,full,success,1.4317973503333334,,,,
x86_64-unknown-linux-gnu,indexmap,2.14.0,map::tests::insert_before_oob,full,success,0.12053445033333333,,,,
x86_64-unknown-linux-gnu,indexmap,2.14.0,map::tests::insert_full,full,success,0.11920670533333334,,,,
x86_64-unknown-linux-gnu,indexmap,2.14.0,map::tests::insert_order,full,success,0.130314797,,,,
x86_64-unknown-linux-gnu,indexmap,2.14.0,map::tests::insert_sorted_bad,full,success,0.13545743366666665,,,,
x86_64-unknown-linux-gnu,indexmap,2.14.0,map::tests::insert_sorted_by,full,success,0.129033052,,,,
x86_64-unknown-linux-gnu,indexmap,2.14.0,map::tests::insert_sorted_by_key,full,success,0.12124656333333335,,,,
x86_64-unknown-linux-gnu,indexmap,2.14.0,map::tests::into_boxed_slice,full,success,0.11287970466666668,,,,
x86_64-unknown-linux-gnu,indexmap,2.14.0,map::tests::into_keys,full,success,0.114958717,,,,
x86_64-unknown-linux-gnu,indexmap,2.14.0,map::tests::into_values,full,success,0.11057415466666669,,,,
x86_64-unknown-linux-gnu,indexmap,2.14.0,map::tests::is_sorted,full,success,0.146052883,,,,
x86_64-unknown-linux-gnu,indexmap,2.14.0,map::tests::is_sorted_trivial,full,success,0.11604376366666667,,,,
x86_64-unknown-linux-gnu,indexmap,2.14.0,map::tests::it_works,full,success,0.108611658,,,,
x86_64-unknown-linux-gnu,indexmap,2.14.0,map::tests::iter_default,full,success,0.10882594699999999,,,,
x86_64-unknown-linux-gnu,indexmap,2.14.0,map::tests::keys,full,success,0.11069596833333334,,,,
x86_64-unknown-linux-gnu,indexmap,2.14.0,map::tests::last_mut,full,success,0.11007941700000001,,,,
x86_64-unknown-linux-gnu,indexmap,2.14.0,map::tests::new,full,success,0.11040547766666668,,,,
x86_64-unknown-linux-gnu,indexmap,2.14.0,map::tests::occupied_entry_key,full,success,0.11011666966666667,,,,
x86_64-unknown-linux-gnu,indexmap,2.14.0,map::tests::partial_eq_and_eq,full,success,0.11530762500000001,,,,
x86_64-unknown-linux-gnu,indexmap,2.14.0,map::tests::remove,full,success,0.15995467500000002,,,,
x86_64-unknown-linux-gnu,indexmap,2.14.0,map::tests::remove_to_empty,full,success,0.111303569,,,,
x86_64-unknown-linux-gnu,indexmap,2.14.0,map::tests::reserve,full,success,0.3951174253333334,,,,
x86_64-unknown-linux-gnu,indexmap,2.14.0,map::tests::shift_insert,full,success,0.14703055066666668,,,,
x86_64-unknown-linux-gnu,indexmap,2.14.0,map::tests::shift_insert_oob,full,success,0.11396197000000001,,,,
x86_64-unknown-linux-gnu,indexmap,2.14.0,map::tests::shift_remove_entry,full,success,0.12065849133333333,,,,
x86_64-unknown-linux-gnu,indexmap,2.14.0,map::tests::shift_remove_full,full,success,0.11673443600000001,,,,
x86_64-unknown-linux-gnu,indexmap,2.14.0,map::tests::shift_shift_remove_index,full,success,0.12370769399999999,,,,
x86_64-unknown-linux-gnu,indexmap,2.14.0,map::tests::shrink_to_fit,full,success,0.455073885,,,,
x86_64-unknown-linux-gnu,indexmap,2.14.0,map::tests::sorted_unstable_by,full,success,0.113974305,,,,
x86_64-unknown-linux-gnu,indexmap,2.14.0,map::tests::swap_remove_index,full,success,0.130942836,,,,
x86_64-unknown-linux-gnu,indexmap,2.14.0,map::tests::test_binary_search_by,full,success,0.15277687233333334,,,,
x86_64-unknown-linux-gnu,indexmap,2.14.0,map::tests::test_binary_search_by_key,full,success,0.14275778733333333,,,,
x86_64-unknown-linux-gnu,indexmap,2.14.0,map::tests::test_move_index_out_of_bounds_0_10,full,success,0.12234231266666666,,,,
x86_64-unknown-linux-gnu,indexmap,2.14.0,map::tests::test_move_index_out_of_bounds_0_max,full,success,0.12689100133333334,,,,
x86_64-unknown-linux-gnu,indexmap,2.14.0,map::tests::test_move_index_out_of_bounds_10_0,full,success,0.12239461733333334,,,,
x86_64-unknown-linux-gnu,indexmap,2.14.0,map::tests::test_move_index_out_of_bounds_max_0,full,success,0.121219309,,,,
x86_64-unknown-linux-gnu,indexmap,2.14.0,map::tests::test_partition_point,full,success,0.14374951300000002,,,,
x86_64-unknown-linux-gnu,indexmap,2.14.0,map::tests::try_reserve,full,success,0.10844922000000001,,,,
x86_64-unknown-linux-gnu,indexmap,2.14.0,map::tests::values,full,success,0.10935480633333333,,,,
x86_64-unknown-linux-gnu,indexmap,2.14.0,map::tests::values_mut,full,success,0.11059023233333336,,,,
x86_64-unknown-linux-gnu,indexmap,2.14.0,set::slice::tests::slice_index,full,success,0.28882161800000006,,,,
x86_64-unknown-linux-gnu,indexmap,2.14.0,set::tests::binary_search,full,success,0.11157084833333335,,,,
x86_64-unknown-linux-gnu,indexmap,2.14.0,set::tests::comparisons,full,success,0.14336457366666666,,,,
x86_64-unknown-linux-gnu,indexmap,2.14.0,set::tests::drain,full,success,0.11409324933333335,,,,
x86_64-unknown-linux-gnu,indexmap,2.14.0,set::tests::extend,full,success,0.112869182,,,,
x86_64-unknown-linux-gnu,indexmap,2.14.0,set::tests::first,full,success,0.11329359733333334,,,,
x86_64-unknown-linux-gnu,indexmap,2.14.0,set::tests::from_array,full,success,0.11701411633333332,,,,
x86_64-unknown-linux-gnu,indexmap,2.14.0,set::tests::get_range,full,success,0.11240919633333334,,,,
x86_64-unknown-linux-gnu,indexmap,2.14.0,set::tests::grow,full,success,0.38068361100000003,,,,
x86_64-unknown-linux-gnu,indexmap,2.14.0,set::tests::insert,full,success,0.12556601033333334,,,,
x86_64-unknown-linux-gnu,indexmap,2.14.0,set::tests::insert_2,full,success,1.7308313443333334,,,,
x86_64-unknown-linux-gnu,indexmap,2.14.0,set::tests::insert_dup,full,success,0.11165270766666668,,,,
x86_64-unknown-linux-gnu,indexmap,2.14.0,set::tests::insert_full,full,success,0.12404099800000001,,,,
x86_64-unknown-linux-gnu,indexmap,2.14.0,set::tests::insert_order,full,success,0.12992169133333334,,,,
x86_64-unknown-linux-gnu,indexmap,2.14.0,set::tests::insert_sorted,full,success,0.11317417766666667,,,,
x86_64-unknown-linux-gnu,indexmap,2.14.0,set::tests::is_sorted,full,success,0.13565992666666668,,,,
x86_64-unknown-linux-gnu,indexmap,2.14.0,set::tests::is_sorted_trivial,full,success,0.11313947533333335,,,,
x86_64-unknown-linux-gnu,indexmap,2.14.0,set::tests::it_works,full,success,0.11467526333333333,,,,
x86_64-unknown-linux-gnu,indexmap,2.14.0,set::tests::iter_comparisons,full,success,0.212972205,,,,
x86_64-unknown-linux-gnu,indexmap,2.14.0,set::tests::iter_default,full,success,0.10838209933333333,,,,
x86_64-unknown-linux-gnu,indexmap,2.14.0,set::tests::last,full,success,0.113681604,,,,
x86_64-unknown-linux-gnu,indexmap,2.14.0,set::tests::new,full,success,0.10999580766666667,,,,
x86_64-unknown-linux-gnu,indexmap,2.14.0,set::tests::ops,full,success,0.42670955233333335,,,,
x86_64-unknown-linux-gnu,indexmap,2.14.0,set::tests::partial_eq_and_eq,full,success,0.11572434466666666,,,,
x86_64-unknown-linux-gnu,indexmap,2.14.0,set::tests::remove,full,success,0.14897297766666667,,,,
x86_64-unknown-linux-gnu,indexmap,2.14.0,set::tests::replace,full,success,0.12779515266666666,,,,
x86_64-unknown-linux-gnu,indexmap,2.14.0,set::tests::replace_2,full,success,1.6961050183333333,,,,
x86_64-unknown-linux-gnu,indexmap,2.14.0,set::tests::replace_change,full,success,0.10802290533333335,,,,
x86_64-unknown-linux-gnu,indexmap,2.14.0,set::tests::replace_dup,full,success,0.11227646299999999,,,,
x86_64-unknown-linux-gnu,indexmap,2.14.0,set::tests::replace_full,full,success,0.122989068,,,,
x86_64-unknown-linux-gnu,indexmap,2.14.0,set::tests::replace_order,full,success,0.129153021,,,,
x86_64-unknown-linux-gnu,indexmap,2.14.0,set::tests::reserve,full,success,0.400280456,,,,
x86_64-unknown-linux-gnu,indexmap,2.14.0,set::tests::retain,full,success,0.12228178733333334,,,,
x86_64-unknown-linux-gnu,indexmap,2.14.0,set::tests::shift_insert,full,success,0.141117487,,,,
x86_64-unknown-linux-gnu,indexmap,2.14.0,set::tests::shift_remove_full,full,success,0.11488671733333333,,,,
x86_64-unknown-linux-gnu,indexmap,2.14.0,set::tests::shift_remove_index,full,success,0.11499701033333336,,,,
x86_64-unknown-linux-gnu,indexmap,2.14.0,set::tests::shift_take,full,success,0.11594357433333334,,,,
x86_64-unknown-linux-gnu,indexmap,2.14.0,set::tests::shrink_to_fit,full,success,0.46086366300000003,,,,
x86_64-unknown-linux-gnu,indexmap,2.14.0,set::tests::sort_by,full,success,0.120980091,,,,
x86_64-unknown-linux-gnu,indexmap,2.14.0,set::tests::sort_by_cached_key,full,success,0.11389285533333333,,,,
x86_64-unknown-linux-gnu,indexmap,2.14.0,set::tests::sort_by_key,full,success,0.11440285266666668,,,,
x86_64-unknown-linux-gnu,indexmap,2.14.0,set::tests::sort_unstable,full,success,0.11232724266666666,,,,
x86_64-unknown-linux-gnu,indexmap,2.14.0,set::tests::sort_unstable_by,full,success,0.12307005266666667,,,,
x86_64-unknown-linux-gnu,indexmap,2.14.0,set::tests::sort_unstable_by_key,full,success,0.114087118,,,,
x86_64-unknown-linux-gnu,indexmap,2.14.0,set::tests::sorted_unstable_by,full,success,0.12863469366666666,,,,
x86_64-unknown-linux-gnu,indexmap,2.14.0,set::tests::split_off,full,success,0.11667757333333334,,,,
x86_64-unknown-linux-gnu,indexmap,2.14.0,set::tests::swap_remove_index,full,success,0.1302325116666667,,,,
x86_64-unknown-linux-gnu,indexmap,2.14.0,set::tests::swap_take,full,success,0.11448966333333334,,,,
x86_64-unknown-linux-gnu,indexmap,2.14.0,set::tests::take,full,success,0.10920520066666668,,,,
x86_64-unknown-linux-gnu,indexmap,2.14.0,set::tests::test_binary_search_by,full,success,0.14442412966666665,,,,
x86_64-unknown-linux-gnu,indexmap,2.14.0,set::tests::test_binary_search_by_key,full,success,0.13732596666666666,,,,
x86_64-unknown-linux-gnu,indexmap,2.14.0,set::tests::test_partition_point,full,success,0.13579570566666668,,,,
x86_64-unknown-linux-gnu,indexmap,2.14.0,set::tests::try_reserve,full,success,0.11066919700000001,,,,
x86_64-unknown-linux-gnu,indexmap,2.14.0,set::tests::try_reserve_exact,full,success,0.11319087233333334,,,,
x86_64-unknown-linux-gnu,is-terminal,0.4.17,tests::stderr,full,success,0.09749877033333333,,,,
x86_64-unknown-linux-gnu,is-terminal,0.4.17,tests::stderr_vs_libc,full,success,0.09391051566666668,,,,
x86_64-unknown-linux-gnu,is-terminal,0.4.17,tests::stdin,full,success,0.10007540366666667,,,,
x86_64-unknown-linux-gnu,is-terminal,0.4.17,tests::stdin_vs_libc,full,success,0.09572656433333333,,,,
x86_64-unknown-linux-gnu,is-terminal,0.4.17,tests::stdout,full,success,0.09432851600000002,,,,
x86_64-unknown-linux-gnu,is-terminal,0.4.17,tests::stdout_vs_libc,full,success,0.10318692600000001,,,,
x86_64-unknown-linux-gnu,lazycell,1.3.0,tests::atomic_replace,full,success,0.103357244,,,,
x86_64-unknown-linux-gnu,lazycell,1.3.0,tests::clone,full,success,0.10295005233333333,,,,
x86_64-unknown-linux-gnu,lazycell,1.3.0,tests::clone_atomic,full,success,0.103727896,,,,
x86_64-unknown-linux-gnu,lazycell,1.3.0,tests::default,full,success,0.102419195,,,,
x86_64-unknown-linux-gnu,lazycell,1.3.0,tests::normal_replace,full,success,0.11208142933333333,,,,
x86_64-unknown-linux-gnu,lazycell,1.3.0,tests::test_already_filled_error,full,success,0.10849498766666667,,,,
x86_64-unknown-linux-gnu,lazycell,1.3.0,tests::test_atomic_already_filled_panic,full,success,0.10603421366666667,,,,
x86_64-unknown-linux-gnu,lazycell,1.3.0,tests::test_atomic_borrow_from_empty,full,success,0.10909470266666667,,,,
x86_64-unknown-linux-gnu,lazycell,1.3.0,tests::test_atomic_fill_and_borrow,full,success,0.10317743,,,,
x86_64-unknown-linux-gnu,lazycell,1.3.0,tests::test_atomic_into_inner,full,success,0.109476314,,,,
x86_64-unknown-linux-gnu,lazycell,1.3.0,tests::test_borrow_from_empty,full,success,0.10418722600000001,,,,
x86_64-unknown-linux-gnu,lazycell,1.3.0,tests::test_borrow_mut,full,success,0.11187854466666668,,,,
x86_64-unknown-linux-gnu,lazycell,1.3.0,tests::test_borrow_mut_with,full,success,0.10586002633333334,,,,
x86_64-unknown-linux-gnu,lazycell,1.3.0,tests::test_borrow_mut_with_already_filled,full,success,0.106558046,,,,
x86_64-unknown-linux-gnu,lazycell,1.3.0,tests::test_borrow_mut_with_not_called_when_filled,full,success,0.10915295533333334,,,,
x86_64-unknown-linux-gnu,lazycell,1.3.0,tests::test_borrow_with,full,success,0.10496778433333333,,,,
x86_64-unknown-linux-gnu,lazycell,1.3.0,tests::test_borrow_with_already_filled,full,success,0.11522624966666668,,,,
x86_64-unknown-linux-gnu,lazycell,1.3.0,tests::test_borrow_with_not_called_when_filled,full,success,0.10976836333333334,,,,
x86_64-unknown-linux-gnu,lazycell,1.3.0,tests::test_borrow_with_sound_with_reentrancy,full,success,0.11675651433333334,,,,
x86_64-unknown-linux-gnu,lazycell,1.3.0,tests::test_fill_and_borrow,full,success,0.11206535433333335,,,,
x86_64-unknown-linux-gnu,lazycell,1.3.0,tests::test_into_inner,full,success,0.10321736266666669,,,,
x86_64-unknown-linux-gnu,lazycell,1.3.0,tests::test_try_borrow_mut_with_already_filled,full,success,0.10618303800000001,,,,
x86_64-unknown-linux-gnu,lazycell,1.3.0,tests::test_try_borrow_mut_with_err,full,success,0.10837607266666667,,,,
x86_64-unknown-linux-gnu,lazycell,1.3.0,tests::test_try_borrow_mut_with_ok,full,success,0.105229719,,,,
x86_64-unknown-linux-gnu,lazycell,1.3.0,tests::test_try_borrow_with_already_filled,full,success,0.11116553366666666,,,,
x86_64-unknown-linux-gnu,lazycell,1.3.0,tests::test_try_borrow_with_err,full,success,0.10513051666666667,,,,
x86_64-unknown-linux-gnu,lazycell,1.3.0,tests::test_try_borrow_with_ok,full,success,0.10568766266666667,,,,
x86_64-unknown-linux-gnu,lazycell,1.3.0,tests::test_try_borrow_with_sound_with_reentrancy,full,success,0.11090586533333334,,,,
x86_64-unknown-linux-gnu,libc,0.2.186,macros::tests::c_enum_basic,full,success,0.087728877,,,,
x86_64-unknown-linux-gnu,libc,0.2.186,macros::tests::c_enum_multiple_set_value,full,success,0.08489385133333333,,,,
x86_64-unknown-linux-gnu,libc,0.2.186,macros::tests::c_enum_repr,full,success,0.08643479266666666,,,,
x86_64-unknown-linux-gnu,libc,0.2.186,macros::tests::c_enum_set_value,full,success,0.087162749,,,,
x86_64-unknown-linux-gnu,libc,0.2.186,macros::tests::c_enum_vis,full,success,0.08575515566666665,,,,
x86_64-unknown-linux-gnu,libc,0.2.186,macros::tests::test_offset_of,full,success,0.09023726666666666,,,,
x86_64-unknown-linux-gnu,log,0.4.29,tests::test_cross_cmp,full,success,0.12508609533333334,,,,
x86_64-unknown-linux-gnu,log,0.4.29,tests::test_cross_eq,full,success,0.12403025633333335,,,,
x86_64-unknown-linux-gnu,log,0.4.29,tests::test_foreign_impl,full,success,0.12571779000000002,,,,
x86_64-unknown-linux-gnu,log,0.4.29,tests::test_level_as_str,full,success,0.12642483666666668,,,,
x86_64-unknown-linux-gnu,log,0.4.29,tests::test_level_down,full,success,0.123733586,,,,
x86_64-unknown-linux-gnu,log,0.4.29,tests::test_level_filter_as_str,full,success,0.12189146033333335,,,,
x86_64-unknown-linux-gnu,log,0.4.29,tests::test_level_filter_down,full,success,0.12393413933333335,,,,
x86_64-unknown-linux-gnu,log,0.4.29,tests::test_level_filter_up,full,success,0.128471109,,,,
x86_64-unknown-linux-gnu,log,0.4.29,tests::test_level_from_str,full,success,0.12451701,,,,
x86_64-unknown-linux-gnu,log,0.4.29,tests::test_level_show,full,success,0.123955901,,,,
x86_64-unknown-linux-gnu,log,0.4.29,tests::test_level_up,full,success,0.12492171933333333,,,,
x86_64-unknown-linux-gnu,log,0.4.29,tests::test_levelfilter_from_str,full,success,0.12915571433333334,,,,
x86_64-unknown-linux-gnu,log,0.4.29,tests::test_levelfilter_show,full,success,0.12520615733333332,,,,
x86_64-unknown-linux-gnu,log,0.4.29,tests::test_metadata_builder,full,success,0.12782284866666668,,,,
x86_64-unknown-linux-gnu,log,0.4.29,tests::test_metadata_convenience_builder,full,success,0.12272305333333333,,,,
x86_64-unknown-linux-gnu,log,0.4.29,tests::test_record_builder,full,success,0.12256454633333334,,,,
x86_64-unknown-linux-gnu,log,0.4.29,tests::test_record_complete_builder,full,success,0.12411414766666667,,,,
x86_64-unknown-linux-gnu,log,0.4.29,tests::test_record_convenience_builder,full,success,0.12669757333333334,,,,
x86_64-unknown-linux-gnu,log,0.4.29,tests::test_static_max_level_debug,full,success,0.12358576033333335,,,,
x86_64-unknown-linux-gnu,log,0.4.29,tests::test_to_level,full,success,0.12569994266666668,,,,
x86_64-unknown-linux-gnu,log,0.4.29,tests::test_to_level_filter,full,success,0.12131355666666667,,,,
x86_64-unknown-linux-gnu,lru,0.18.0,tests::iter_mut_stacked_borrows_violation,full,success,0.14527195733333334,,,,
x86_64-unknown-linux-gnu,lru,0.18.0,tests::test_clear,full,success,0.140513627,,,,
x86_64-unknown-linux-gnu,lru,0.18.0,tests::test_clone,full,success,0.142891709,,,,
x86_64-unknown-linux-gnu,lru,0.18.0,tests::test_clone_unbounded,full,success,0.14736109066666667,,,,
x86_64-unknown-linux-gnu,lru,0.18.0,tests::test_contains,full,success,0.13969145600000002,,,,
x86_64-unknown-linux-gnu,lru,0.18.0,tests::test_get_key_value,full,success,0.13776857,,,,
x86_64-unknown-linux-gnu,lru,0.18.0,tests::test_get_key_value_mut,full,success,0.137419179,,,,
x86_64-unknown-linux-gnu,lru,0.18.0,tests::test_get_mut_and_update,full,success,0.13684864166666666,,,,
x86_64-unknown-linux-gnu,lru,0.18.0,tests::test_get_mut_with_borrow,full,success,0.13897964866666668,,,,
x86_64-unknown-linux-gnu,lru,0.18.0,tests::test_get_or_insert_mut_ref,full,success,0.13711538766666667,,,,
x86_64-unknown-linux-gnu,lru,0.18.0,tests::test_get_or_insert_ref,full,success,0.1381529366666667,,,,
x86_64-unknown-linux-gnu,lru,0.18.0,tests::test_get_with_borrow,full,success,0.13636173633333334,,,,
x86_64-unknown-linux-gnu,lru,0.18.0,tests::test_into_iter,full,success,0.14172424166666667,,,,
x86_64-unknown-linux-gnu,lru,0.18.0,tests::test_iter_backwards,full,success,0.14284407200000002,,,,
x86_64-unknown-linux-gnu,lru,0.18.0,tests::test_iter_clone,full,success,0.13950391966666667,,,,
x86_64-unknown-linux-gnu,lru,0.18.0,tests::test_iter_forwards,full,success,0.13749204300000004,,,,
x86_64-unknown-linux-gnu,lru,0.18.0,tests::test_iter_forwards_and_backwards,full,success,0.14061953033333333,,,,
x86_64-unknown-linux-gnu,lru,0.18.0,tests::test_iter_multiple_threads,full,success,0.15458995933333333,,,,
x86_64-unknown-linux-gnu,lru,0.18.0,tests::test_multiple_threads,full,success,0.14389259033333335,,,,
x86_64-unknown-linux-gnu,lru,0.18.0,tests::test_no_memory_leaks,full,success,13.918248851000001,,,,
x86_64-unknown-linux-gnu,lru,0.18.0,tests::test_no_memory_leaks_with_clear,full,success,13.832491012,,,,
x86_64-unknown-linux-gnu,lru,0.18.0,tests::test_no_memory_leaks_with_pop,full,success,13.261733479,,,,
x86_64-unknown-linux-gnu,lru,0.18.0,tests::test_no_memory_leaks_with_resize,full,success,13.914866787666668,,,,
x86_64-unknown-linux-gnu,lru,0.18.0,tests::test_peek,full,success,0.13912717266666666,,,,
x86_64-unknown-linux-gnu,lru,0.18.0,tests::test_peek_lru,full,success,0.14730874733333335,,,,
x86_64-unknown-linux-gnu,lru,0.18.0,tests::test_peek_mru,full,success,0.14412579866666667,,,,
x86_64-unknown-linux-gnu,lru,0.18.0,tests::test_peek_mut,full,success,0.141296768,,,,
x86_64-unknown-linux-gnu,lru,0.18.0,tests::test_pop,full,success,0.139346981,,,,
x86_64-unknown-linux-gnu,lru,0.18.0,tests::test_pop_entry,full,success,0.14345798333333334,,,,
x86_64-unknown-linux-gnu,lru,0.18.0,tests::test_pop_lru,full,success,0.5954002666666667,,,,
x86_64-unknown-linux-gnu,lru,0.18.0,tests::test_pop_mru,full,success,0.5474937773333334,,,,
x86_64-unknown-linux-gnu,lru,0.18.0,tests::test_promote_and_demote,full,success,0.14707662133333332,,,,
x86_64-unknown-linux-gnu,lru,0.18.0,tests::test_put_and_get,full,success,0.14972861266666668,,,,
x86_64-unknown-linux-gnu,lru,0.18.0,tests::test_put_and_get_mut,full,success,0.15125386566666668,,,,
x86_64-unknown-linux-gnu,lru,0.18.0,tests::test_put_and_get_or_insert,full,success,0.14484270100000002,,,,
x86_64-unknown-linux-gnu,lru,0.18.0,tests::test_put_and_get_or_insert_mut,full,success,0.14608202233333334,,,,
x86_64-unknown-linux-gnu,lru,0.18.0,tests::test_put_and_get_or_insert_mut_with_key,full,success,0.146431954,,,,
x86_64-unknown-linux-gnu,lru,0.18.0,tests::test_put_and_get_or_insert_with_key,full,success,0.14397896300000002,,,,
x86_64-unknown-linux-gnu,lru,0.18.0,tests::test_put_removes_oldest,full,success,0.1513037336666667,,,,
x86_64-unknown-linux-gnu,lru,0.18.0,tests::test_put_update,full,success,0.13754500733333333,,,,
x86_64-unknown-linux-gnu,lru,0.18.0,tests::test_resize_larger,full,success,0.14238938,,,,
x86_64-unknown-linux-gnu,lru,0.18.0,tests::test_resize_smaller,full,success,0.14304569433333333,,,,
x86_64-unknown-linux-gnu,lru,0.18.0,tests::test_send,full,success,0.13922043333333334,,,,
x86_64-unknown-linux-gnu,lru,0.18.0,tests::test_that_pop_actually_detaches_node,full,success,0.14245667866666667,,,,
x86_64-unknown-linux-gnu,lru,0.18.0,tests::test_try_get_or_insert,full,success,0.14206251633333333,,,,
x86_64-unknown-linux-gnu,lru,0.18.0,tests::test_try_get_or_insert_mut,full,success,0.14583880400000002,,,,
x86_64-unknown-linux-gnu,lru,0.18.0,tests::test_try_get_or_insert_mut_ref,full,success,0.1409507886666667,,,,
x86_64-unknown-linux-gnu,lru,0.18.0,tests::test_try_get_or_insert_mut_with_key,full,success,0.142857924,,,,
x86_64-unknown-linux-gnu,lru,0.18.0,tests::test_try_get_or_insert_ref,full,success,0.13952495233333337,,,,
x86_64-unknown-linux-gnu,lru,0.18.0,tests::test_try_get_or_insert_with_key,full,success,0.14231839833333335,,,,
x86_64-unknown-linux-gnu,lru,0.18.0,tests::test_unbounded,full,success,21.181688622333333,,,,
x86_64-unknown-linux-gnu,lru,0.18.0,tests::test_with_hasher,full,success,14.976914743,,,,
x86_64-unknown-linux-gnu,matchers,0.2.0,test::anchored::debug_explicitly_unanchored,full,success,9.733475112666666,,,,
x86_64-unknown-linux-gnu,matchers,0.2.0,test::anchored::debug_is_anchored,full,success,0.4617397466666667,,,,
x86_64-unknown-linux-gnu,matchers,0.2.0,test::anchored::debug_matches,full,success,21.160427862333332,,,,
x86_64-unknown-linux-gnu,matchers,0.2.0,test::anchored::debug_rep_patterns,full,success,0.4729670946666667,,,,
x86_64-unknown-linux-gnu,matchers,0.2.0,test::anchored::display_explicitly_unanchored,full,success,9.895217534666665,,,,
x86_64-unknown-linux-gnu,matchers,0.2.0,test::anchored::display_is_anchored,full,success,0.46163933633333337,,,,
x86_64-unknown-linux-gnu,matchers,0.2.0,test::anchored::display_matches,full,success,20.641257202666665,,,,
x86_64-unknown-linux-gnu,matchers,0.2.0,test::anchored::reader_explicitly_unanchored,full,success,10.054155881666667,,,,
x86_64-unknown-linux-gnu,matchers,0.2.0,test::anchored::reader_is_anchored,full,success,0.484816129,,,,
x86_64-unknown-linux-gnu,matchers,0.2.0,test::anchored::reader_matches,full,success,22.221946262666666,,,,
x86_64-unknown-linux-gnu,matchers,0.2.0,test::unanchored::debug_is_unanchored,full,success,0.49880709233333337,,,,
x86_64-unknown-linux-gnu,matchers,0.2.0,test::unanchored::debug_matches,full,success,22.704456075,,,,
x86_64-unknown-linux-gnu,matchers,0.2.0,test::unanchored::debug_rep_patterns,full,success,0.4954095516666667,,,,
x86_64-unknown-linux-gnu,matchers,0.2.0,test::unanchored::display_is_unanchored,full,success,0.5019308936666667,,,,
x86_64-unknown-linux-gnu,matchers,0.2.0,test::unanchored::display_matches,full,success,21.03493775833333,,,,
x86_64-unknown-linux-gnu,matchers,0.2.0,test::unanchored::reader_is_unanchored,full,success,0.46315360466666666,,,,
x86_64-unknown-linux-gnu,matchers,0.2.0,test::unanchored::reader_matches,full,success,19.88127311,,,,
x86_64-unknown-linux-gnu,memchr,2.8.1,arch::all::memchr::tests::count_one,full,success,0.27072950600000006,,,,
x86_64-unknown-linux-gnu,memchr,2.8.1,arch::all::memchr::tests::forward_one,full,success,0.305517738,,,,
x86_64-unknown-linux-gnu,memchr,2.8.1,arch::all::memchr::tests::forward_three,full,success,0.394445067,,,,
x86_64-unknown-linux-gnu,memchr,2.8.1,arch::all::memchr::tests::forward_two,full,success,0.348499701,,,,
x86_64-unknown-linux-gnu,memchr,2.8.1,arch::all::memchr::tests::regression_big_endian1,full,success,0.13278267066666669,,,,
x86_64-unknown-linux-gnu,memchr,2.8.1,arch::all::memchr::tests::regression_big_endian2,full,success,0.13029010433333335,,,,
x86_64-unknown-linux-gnu,memchr,2.8.1,arch::all::memchr::tests::regression_count_new_lines,full,success,0.1414033336666667,,,,
x86_64-unknown-linux-gnu,memchr,2.8.1,arch::all::memchr::tests::regression_double_ended_iterator,full,success,0.12808705066666667,,,,
x86_64-unknown-linux-gnu,memchr,2.8.1,arch::all::memchr::tests::reverse_one,full,success,0.3095519566666667,,,,
x86_64-unknown-linux-gnu,memchr,2.8.1,arch::all::memchr::tests::reverse_three,full,success,0.4085978943333333,,,,
x86_64-unknown-linux-gnu,memchr,2.8.1,arch::all::memchr::tests::reverse_two,full,success,0.3580478573333334,,,,
x86_64-unknown-linux-gnu,memchr,2.8.1,arch::all::packedpair::tests::forward_packedpair,full,success,5.870962716666667,,,,
x86_64-unknown-linux-gnu,memchr,2.8.1,arch::all::rabinkarp::tests::forward,full,success,3.1552280983333336,,,,
x86_64-unknown-linux-gnu,memchr,2.8.1,arch::all::rabinkarp::tests::reverse,full,success,3.151447769666667,,,,
x86_64-unknown-linux-gnu,memchr,2.8.1,arch::all::shiftor::tests::forward,full,success,3.4446980136666667,,,,
x86_64-unknown-linux-gnu,memchr,2.8.1,arch::all::tests::equals_different_lengths,full,success,0.12851507466666667,,,,
x86_64-unknown-linux-gnu,memchr,2.8.1,arch::all::tests::equals_mismatch,full,success,0.1301822496666667,,,,
x86_64-unknown-linux-gnu,memchr,2.8.1,arch::all::tests::equals_yes,full,success,0.128179502,,,,
x86_64-unknown-linux-gnu,memchr,2.8.1,arch::all::tests::prefix,full,success,0.14112511133333336,,,,
x86_64-unknown-linux-gnu,memchr,2.8.1,arch::all::tests::suffix,full,success,0.13061853766666667,,,,
x86_64-unknown-linux-gnu,memchr,2.8.1,arch::all::twoway::tests::forward,full,success,2.896649704666667,,,,
x86_64-unknown-linux-gnu,memchr,2.8.1,arch::all::twoway::tests::regression_rev_small_period,full,success,0.13028064633333333,,,,
x86_64-unknown-linux-gnu,memchr,2.8.1,arch::all::twoway::tests::reverse,full,success,2.7201076043333337,,,,
x86_64-unknown-linux-gnu,memchr,2.8.1,arch::all::twoway::tests::suffix_forward,full,success,0.131713314,,,,
x86_64-unknown-linux-gnu,memchr,2.8.1,arch::all::twoway::tests::suffix_reverse,full,success,0.132742052,,,,
x86_64-unknown-linux-gnu,memchr,2.8.1,arch::x86_64::avx2::memchr::tests::count_one,full,success,0.27927519333333334,,,,
x86_64-unknown-linux-gnu,memchr,2.8.1,arch::x86_64::avx2::memchr::tests::forward_one,full,success,0.321132851,,,,
x86_64-unknown-linux-gnu,memchr,2.8.1,arch::x86_64::avx2::memchr::tests::forward_three,full,success,0.3949833013333333,,,,
x86_64-unknown-linux-gnu,memchr,2.8.1,arch::x86_64::avx2::memchr::tests::forward_two,full,success,0.3516003956666667,,,,
x86_64-unknown-linux-gnu,memchr,2.8.1,arch::x86_64::avx2::memchr::tests::reverse_one,full,success,0.31145698966666674,,,,
x86_64-unknown-linux-gnu,memchr,2.8.1,arch::x86_64::avx2::memchr::tests::reverse_three,full,success,0.39811156566666667,,,,
x86_64-unknown-linux-gnu,memchr,2.8.1,arch::x86_64::avx2::memchr::tests::reverse_two,full,success,0.357915657,,,,
x86_64-unknown-linux-gnu,memchr,2.8.1,arch::x86_64::avx2::packedpair::tests::forward_packedpair,full,success,6.047831059333333,,,,
x86_64-unknown-linux-gnu,memchr,2.8.1,arch::x86_64::avx2::packedpair::tests::forward_packedpair_prefilter,full,success,6.069203452666667,,,,
x86_64-unknown-linux-gnu,memchr,2.8.1,arch::x86_64::avx2::packedpair::tests::forward_substring,full,success,2.6481084950000002,,,,
x86_64-unknown-linux-gnu,memchr,2.8.1,arch::x86_64::sse2::memchr::tests::count_one,full,success,0.272589126,,,,
x86_64-unknown-linux-gnu,memchr,2.8.1,arch::x86_64::sse2::memchr::tests::forward_one,full,success,0.29789814166666667,,,,
x86_64-unknown-linux-gnu,memchr,2.8.1,arch::x86_64::sse2::memchr::tests::forward_three,full,success,0.4085388826666667,,,,
x86_64-unknown-linux-gnu,memchr,2.8.1,arch::x86_64::sse2::memchr::tests::forward_two,full,success,0.3468899783333334,,,,
x86_64-unknown-linux-gnu,memchr,2.8.1,arch::x86_64::sse2::memchr::tests::reverse_one,full,success,0.3080287883333333,,,,
x86_64-unknown-linux-gnu,memchr,2.8.1,arch::x86_64::sse2::memchr::tests::reverse_three,full,success,0.3968864623333334,,,,
x86_64-unknown-linux-gnu,memchr,2.8.1,arch::x86_64::sse2::memchr::tests::reverse_two,full,success,0.35493825666666673,,,,
x86_64-unknown-linux-gnu,memchr,2.8.1,arch::x86_64::sse2::packedpair::tests::forward_packedpair,full,success,6.1243371553333334,,,,
x86_64-unknown-linux-gnu,memchr,2.8.1,arch::x86_64::sse2::packedpair::tests::forward_packedpair_prefilter,full,success,6.094737239333334,,,,
x86_64-unknown-linux-gnu,memchr,2.8.1,arch::x86_64::sse2::packedpair::tests::forward_substring,full,success,2.591585122666667,,,,
x86_64-unknown-linux-gnu,memchr,2.8.1,memchr::tests::count1_iter,full,success,0.2730762746666667,,,,
x86_64-unknown-linux-gnu,memchr,2.8.1,memchr::tests::forward1_iter,full,success,0.301170457,,,,
x86_64-unknown-linux-gnu,memchr,2.8.1,memchr::tests::forward1_oneshot,full,success,0.292811712,,,,
x86_64-unknown-linux-gnu,memchr,2.8.1,memchr::tests::forward2_iter,full,success,0.36009589700000005,,,,
x86_64-unknown-linux-gnu,memchr,2.8.1,memchr::tests::forward2_oneshot,full,success,0.354864806,,,,
x86_64-unknown-linux-gnu,memchr,2.8.1,memchr::tests::forward3_iter,full,success,0.393955248,,,,
x86_64-unknown-linux-gnu,memchr,2.8.1,memchr::tests::forward3_oneshot,full,success,0.40111709366666665,,,,
x86_64-unknown-linux-gnu,memchr,2.8.1,memchr::tests::reverse1_iter,full,success,0.30742801633333333,,,,
x86_64-unknown-linux-gnu,memchr,2.8.1,memchr::tests::reverse1_oneshot,full,success,0.29978751566666667,,,,
x86_64-unknown-linux-gnu,memchr,2.8.1,memchr::tests::reverse2_iter,full,success,0.3528276373333334,,,,
x86_64-unknown-linux-gnu,memchr,2.8.1,memchr::tests::reverse2_oneshot,full,success,0.35526804133333334,,,,
x86_64-unknown-linux-gnu,memchr,2.8.1,memchr::tests::reverse3_iter,full,success,0.396202192,,,,
x86_64-unknown-linux-gnu,memchr,2.8.1,memchr::tests::reverse3_oneshot,full,success,0.40616018133333337,,,,
x86_64-unknown-linux-gnu,memchr,2.8.1,memchr::tests::sync_regression,full,success,0.12934768800000004,,,,
x86_64-unknown-linux-gnu,memchr,2.8.1,memmem::tests::forward,full,success,3.0694240020000003,,,,
x86_64-unknown-linux-gnu,memchr,2.8.1,memmem::tests::reverse,full,success,2.995139121,,,,
x86_64-unknown-linux-gnu,memchr,2.8.1,tests::byte_order,full,success,0.131410359,,,,
x86_64-unknown-linux-gnu,memchr,2.8.1,tests::substring::naive::tests::forward,full,success,3.0841028356666667,,,,
x86_64-unknown-linux-gnu,memchr,2.8.1,tests::substring::naive::tests::reverse,full,success,3.122238018333333,,,,
x86_64-unknown-linux-gnu,nu-ansi-term,0.50.3,ansi::test::black,full,success,0.137463722,,,,
x86_64-unknown-linux-gnu,nu-ansi-term,0.50.3,ansi::test::blink,full,success,0.13815150933333334,,,,
x86_64-unknown-linux-gnu,nu-ansi-term,0.50.3,ansi::test::blue_on_rgb,full,success,0.1356957706666667,,,,
x86_64-unknown-linux-gnu,nu-ansi-term,0.50.3,ansi::test::blue_underline,full,success,0.14001045633333334,,,,
x86_64-unknown-linux-gnu,nu-ansi-term,0.50.3,ansi::test::bold,full,success,0.13335219966666667,,,,
x86_64-unknown-linux-gnu,nu-ansi-term,0.50.3,ansi::test::bold_with_reset,full,success,0.13246460366666668,,,,
x86_64-unknown-linux-gnu,nu-ansi-term,0.50.3,ansi::test::bold_with_reset_2,full,success,0.13536603066666666,,,,
x86_64-unknown-linux-gnu,nu-ansi-term,0.50.3,ansi::test::bunderline,full,success,0.138423742,,,,
x86_64-unknown-linux-gnu,nu-ansi-term,0.50.3,ansi::test::cyan_bold_on_white,full,success,0.13924412633333336,,,,
x86_64-unknown-linux-gnu,nu-ansi-term,0.50.3,ansi::test::cyan_bold_ul_on_white,full,success,0.13745032433333335,,,,
x86_64-unknown-linux-gnu,nu-ansi-term,0.50.3,ansi::test::cyan_ul_bold_on_white,full,success,0.1358425096666667,,,,
x86_64-unknown-linux-gnu,nu-ansi-term,0.50.3,ansi::test::cyan_ul_on_white,full,success,0.14210760133333333,,,,
x86_64-unknown-linux-gnu,nu-ansi-term,0.50.3,ansi::test::dimmed,full,success,0.13743685000000003,,,,
x86_64-unknown-linux-gnu,nu-ansi-term,0.50.3,ansi::test::fixed,full,success,0.13864580699999998,,,,
x86_64-unknown-linux-gnu,nu-ansi-term,0.50.3,ansi::test::fixed_on_fixed,full,success,0.13712714566666667,,,,
x86_64-unknown-linux-gnu,nu-ansi-term,0.50.3,ansi::test::fixed_on_purple,full,success,0.138857438,,,,
x86_64-unknown-linux-gnu,nu-ansi-term,0.50.3,ansi::test::green_bold_ul,full,success,0.13526197933333334,,,,
x86_64-unknown-linux-gnu,nu-ansi-term,0.50.3,ansi::test::green_bold_ul_2,full,success,0.13777819500000002,,,,
x86_64-unknown-linux-gnu,nu-ansi-term,0.50.3,ansi::test::hidden,full,success,0.14287501700000002,,,,
x86_64-unknown-linux-gnu,nu-ansi-term,0.50.3,ansi::test::italic,full,success,0.146735891,,,,
x86_64-unknown-linux-gnu,nu-ansi-term,0.50.3,ansi::test::lr_on_lr,full,success,0.13630509333333335,,,,
x86_64-unknown-linux-gnu,nu-ansi-term,0.50.3,ansi::test::magenta_on_white,full,success,0.13979692433333335,,,,
x86_64-unknown-linux-gnu,nu-ansi-term,0.50.3,ansi::test::magenta_on_white_2,full,success,0.13631587933333333,,,,
x86_64-unknown-linux-gnu,nu-ansi-term,0.50.3,ansi::test::plain,full,success,0.142354096,,,,
x86_64-unknown-linux-gnu,nu-ansi-term,0.50.3,ansi::test::purple_on_white,full,success,0.13868269333333333,,,,
x86_64-unknown-linux-gnu,nu-ansi-term,0.50.3,ansi::test::purple_on_white_2,full,success,0.1406006936666667,,,,
x86_64-unknown-linux-gnu,nu-ansi-term,0.50.3,ansi::test::red,full,success,0.14231941533333334,,,,
x86_64-unknown-linux-gnu,nu-ansi-term,0.50.3,ansi::test::reverse,full,success,0.14794968033333333,,,,
x86_64-unknown-linux-gnu,nu-ansi-term,0.50.3,ansi::test::rgb,full,success,0.14476834933333335,,,,
x86_64-unknown-linux-gnu,nu-ansi-term,0.50.3,ansi::test::rgb_on_blue,full,success,0.13892418366666667,,,,
x86_64-unknown-linux-gnu,nu-ansi-term,0.50.3,ansi::test::rgb_on_rgb,full,success,0.14091226766666667,,,,
x86_64-unknown-linux-gnu,nu-ansi-term,0.50.3,ansi::test::stricken,full,success,0.14118070800000002,,,,
x86_64-unknown-linux-gnu,nu-ansi-term,0.50.3,ansi::test::test_infix,full,success,0.137579359,,,,
x86_64-unknown-linux-gnu,nu-ansi-term,0.50.3,ansi::test::test_write_prefix_no_gnu_compat_order,full,success,0.139571394,,,,
x86_64-unknown-linux-gnu,nu-ansi-term,0.50.3,ansi::test::underline,full,success,0.14310580133333337,,,,
x86_64-unknown-linux-gnu,nu-ansi-term,0.50.3,ansi::test::yellow_bold,full,success,0.14223140333333337,,,,
x86_64-unknown-linux-gnu,nu-ansi-term,0.50.3,ansi::test::yellow_bold_2,full,success,0.13724151399999998,,,,
x86_64-unknown-linux-gnu,nu-ansi-term,0.50.3,ansi::test::yellow_on_blue,full,success,0.140706959,,,,
x86_64-unknown-linux-gnu,nu-ansi-term,0.50.3,ansi::test::yellow_on_blue_2,full,success,0.13621901066666667,,,,
x86_64-unknown-linux-gnu,nu-ansi-term,0.50.3,ansi::test::yellow_on_blue_reset,full,success,0.13608140600000002,,,,
x86_64-unknown-linux-gnu,nu-ansi-term,0.50.3,ansi::test::yellow_on_blue_reset_2,full,success,0.13526324266666667,,,,
x86_64-unknown-linux-gnu,nu-ansi-term,0.50.3,debug::test::bold,full,success,0.13257953233333333,,,,
x86_64-unknown-linux-gnu,nu-ansi-term,0.50.3,debug::test::both,full,success,0.14467463500000002,,,,
x86_64-unknown-linux-gnu,nu-ansi-term,0.50.3,debug::test::empty,full,success,0.13357820933333334,,,,
x86_64-unknown-linux-gnu,nu-ansi-term,0.50.3,debug::test::everything,full,success,0.14734586866666669,,,,
x86_64-unknown-linux-gnu,nu-ansi-term,0.50.3,debug::test::italic,full,success,0.13445882,,,,
x86_64-unknown-linux-gnu,nu-ansi-term,0.50.3,debug::test::long_and_detailed,full,success,0.15538374233333332,,,,
x86_64-unknown-linux-gnu,nu-ansi-term,0.50.3,debug::test::red,full,success,0.13322635133333333,,,,
x86_64-unknown-linux-gnu,nu-ansi-term,0.50.3,debug::test::redblue,full,success,0.135766252,,,,
x86_64-unknown-linux-gnu,nu-ansi-term,0.50.3,difference::test::addition_of_blink,full,success,0.14007974766666667,,,,
x86_64-unknown-linux-gnu,nu-ansi-term,0.50.3,difference::test::addition_of_dimmed,full,success,0.13563698833333335,,,,
x86_64-unknown-linux-gnu,nu-ansi-term,0.50.3,difference::test::addition_of_hidden,full,success,0.13312965633333332,,,,
x86_64-unknown-linux-gnu,nu-ansi-term,0.50.3,difference::test::addition_of_reverse,full,success,0.13589711733333334,,,,
x86_64-unknown-linux-gnu,nu-ansi-term,0.50.3,difference::test::addition_of_strikethrough,full,success,0.13347179233333334,,,,
x86_64-unknown-linux-gnu,nu-ansi-term,0.50.3,difference::test::color_change,full,success,0.13325697466666667,,,,
x86_64-unknown-linux-gnu,nu-ansi-term,0.50.3,difference::test::lowercase,full,success,0.13063669,,,,
x86_64-unknown-linux-gnu,nu-ansi-term,0.50.3,difference::test::nothing,full,success,0.13460908266666669,,,,
x86_64-unknown-linux-gnu,nu-ansi-term,0.50.3,difference::test::nothing2,full,success,0.13351648433333332,,,,
x86_64-unknown-linux-gnu,nu-ansi-term,0.50.3,difference::test::removal_of_blink,full,success,0.14172668766666666,,,,
x86_64-unknown-linux-gnu,nu-ansi-term,0.50.3,difference::test::removal_of_dimmed,full,success,0.14629991833333333,,,,
x86_64-unknown-linux-gnu,nu-ansi-term,0.50.3,difference::test::removal_of_hidden,full,success,0.13331291066666667,,,,
x86_64-unknown-linux-gnu,nu-ansi-term,0.50.3,difference::test::removal_of_reverse,full,success,0.13317300499999998,,,,
x86_64-unknown-linux-gnu,nu-ansi-term,0.50.3,difference::test::removal_of_strikethrough,full,success,0.13485997733333335,,,,
x86_64-unknown-linux-gnu,nu-ansi-term,0.50.3,difference::test::uppercase,full,success,0.13449107766666668,,,,
x86_64-unknown-linux-gnu,nu-ansi-term,0.50.3,display::tests::hyperlink,full,success,0.13619832733333334,,,,
x86_64-unknown-linux-gnu,nu-ansi-term,0.50.3,display::tests::hyperlinks,full,success,0.14994527266666666,,,,
x86_64-unknown-linux-gnu,nu-ansi-term,0.50.3,display::tests::no_control_codes_for_plain,full,success,0.13057909,,,,
x86_64-unknown-linux-gnu,nu-ansi-term,0.50.3,display::tests::title,full,success,0.14114890066666666,,,,
x86_64-unknown-linux-gnu,nu-ansi-term,0.50.3,util::test::test,full,success,0.136623386,,,,
x86_64-unknown-linux-gnu,num-bigint,0.4.6,bigint::test_assign_from_slice,full,success,0.13025956933333335,,,,
x86_64-unknown-linux-gnu,num-bigint,0.4.6,bigint::test_from_biguint,full,success,0.13285278266666667,,,,
x86_64-unknown-linux-gnu,num-bigint,0.4.6,bigint::test_from_slice,full,success,0.12999484900000002,,,,
x86_64-unknown-linux-gnu,num-bigint,0.4.6,biguint::convert::test_half_radix_bases,full,success,0.14816901400000002,,,,
x86_64-unknown-linux-gnu,num-bigint,0.4.6,biguint::convert::test_radix_bases,full,success,0.15140248833333336,,,,
x86_64-unknown-linux-gnu,num-bigint,0.4.6,biguint::iter::test_iter_u32_digits,full,success,0.129288112,,,,
x86_64-unknown-linux-gnu,num-bigint,0.4.6,biguint::iter::test_iter_u32_digits_be,full,success,0.12963714866666667,,,,
x86_64-unknown-linux-gnu,num-bigint,0.4.6,biguint::iter::test_iter_u64_digits,full,success,0.12902142833333333,,,,
x86_64-unknown-linux-gnu,num-bigint,0.4.6,biguint::iter::test_iter_u64_digits_be,full,success,0.12946386166666668,,,,
x86_64-unknown-linux-gnu,num-bigint,0.4.6,biguint::multiplication::test_sub_sign,full,success,0.14336769333333335,,,,
x86_64-unknown-linux-gnu,num-bigint,0.4.6,biguint::power::test_plain_modpow,full,success,3.2454619929999997,,,,
x86_64-unknown-linux-gnu,num-bigint,0.4.6,biguint::power::test_pow_biguint,full,success,0.12960408033333334,,,,
x86_64-unknown-linux-gnu,num-bigint,0.4.6,biguint::test_from_slice,full,success,0.13003135333333335,,,,
x86_64-unknown-linux-gnu,num-bigint,0.4.6,biguint::test_u128_u32_roundtrip,full,success,0.13102683133333334,,,,
x86_64-unknown-linux-gnu,num-bigint,0.4.6,biguint::test_u32_u128,full,success,0.12779168466666666,,,,
x86_64-unknown-linux-gnu,num-complex,0.4.6,cast::test::test_as_primitive,full,success,0.12850411133333337,,,,
x86_64-unknown-linux-gnu,num-complex,0.4.6,cast::test::test_from_primitive,full,success,0.13137246633333335,,,,
x86_64-unknown-linux-gnu,num-complex,0.4.6,cast::test::test_num_cast,full,success,0.12713990033333333,,,,
x86_64-unknown-linux-gnu,num-complex,0.4.6,cast::test::test_to_primitive,full,success,0.12785619433333337,,,,
x86_64-unknown-linux-gnu,num-complex,0.4.6,complex_float::test::test_arg,full,success,0.1271337906666667,,,,
x86_64-unknown-linux-gnu,num-complex,0.4.6,complex_float::test::test_conj,full,success,0.12964250833333335,,,,
x86_64-unknown-linux-gnu,num-complex,0.4.6,complex_float::test::test_exp,full,success,0.12841145499999998,,,,
x86_64-unknown-linux-gnu,num-complex,0.4.6,complex_float::test::test_exp2,full,success,0.13526022433333332,,,,
x86_64-unknown-linux-gnu,num-complex,0.4.6,complex_float::test::test_is_finite,full,success,0.12963417233333333,,,,
x86_64-unknown-linux-gnu,num-complex,0.4.6,complex_float::test::test_is_infinite,full,success,0.13549003733333334,,,,
x86_64-unknown-linux-gnu,num-complex,0.4.6,complex_float::test::test_is_nan,full,success,0.128791902,,,,
x86_64-unknown-linux-gnu,num-complex,0.4.6,complex_float::test::test_is_normal,full,success,0.13202537533333333,,,,
x86_64-unknown-linux-gnu,num-complex,0.4.6,complex_float::test::test_log10,full,success,0.13102940166666668,,,,
x86_64-unknown-linux-gnu,num-complex,0.4.6,complex_float::test::test_log2,full,success,0.130555529,,,,
x86_64-unknown-linux-gnu,num-complex,0.4.6,complex_float::test::test_powi,full,success,0.134746119,,,,
x86_64-unknown-linux-gnu,num-complex,0.4.6,complex_float::test::test_powz,full,success,0.13005193266666668,,,,
x86_64-unknown-linux-gnu,num-complex,0.4.6,test::complex_arithmetic::test_add,full,success,0.129688655,,,,
x86_64-unknown-linux-gnu,num-complex,0.4.6,test::complex_arithmetic::test_div,full,success,0.13841201733333333,,,,
x86_64-unknown-linux-gnu,num-complex,0.4.6,test::complex_arithmetic::test_mul,full,success,0.13521562833333334,,,,
x86_64-unknown-linux-gnu,num-complex,0.4.6,test::complex_arithmetic::test_mul_add,full,success,0.13949110866666667,,,,
x86_64-unknown-linux-gnu,num-complex,0.4.6,test::complex_arithmetic::test_mul_add_float,full,success,0.14447470733333334,,,,
x86_64-unknown-linux-gnu,num-complex,0.4.6,test::complex_arithmetic::test_neg,full,success,0.127674317,,,,
x86_64-unknown-linux-gnu,num-complex,0.4.6,test::complex_arithmetic::test_rem,full,success,0.13199355966666668,,,,
x86_64-unknown-linux-gnu,num-complex,0.4.6,test::complex_arithmetic::test_sub,full,success,0.12932013533333334,,,,
x86_64-unknown-linux-gnu,num-complex,0.4.6,test::float::test_acos,full,success,0.1342557626666667,,,,
x86_64-unknown-linux-gnu,num-complex,0.4.6,test::float::test_acosh,full,success,0.1328586966666667,,,,
x86_64-unknown-linux-gnu,num-complex,0.4.6,test::float::test_arg,full,success,0.12898421499999999,,,,
x86_64-unknown-linux-gnu,num-complex,0.4.6,test::float::test_asin,full,success,0.13703010266666668,,,,
x86_64-unknown-linux-gnu,num-complex,0.4.6,test::float::test_asinh,full,success,0.12924694066666667,,,,
x86_64-unknown-linux-gnu,num-complex,0.4.6,test::float::test_atan,full,success,0.13144606133333334,,,,
x86_64-unknown-linux-gnu,num-complex,0.4.6,test::float::test_atanh,full,success,0.12870286833333333,,,,
x86_64-unknown-linux-gnu,num-complex,0.4.6,test::float::test_cbrt,full,success,0.142586836,,,,
x86_64-unknown-linux-gnu,num-complex,0.4.6,test::float::test_cbrt_imag,full,success,0.137960162,,,,
x86_64-unknown-linux-gnu,num-complex,0.4.6,test::float::test_cbrt_real,full,success,0.147220536,,,,
x86_64-unknown-linux-gnu,num-complex,0.4.6,test::float::test_cis,full,success,0.13169480233333333,,,,
x86_64-unknown-linux-gnu,num-complex,0.4.6,test::float::test_cos,full,success,0.12780444933333335,,,,
x86_64-unknown-linux-gnu,num-complex,0.4.6,test::float::test_cosh,full,success,0.14202781600000003,,,,
x86_64-unknown-linux-gnu,num-complex,0.4.6,test::float::test_exp,full,success,0.12900908633333333,,,,
x86_64-unknown-linux-gnu,num-complex,0.4.6,test::float::test_exp2,full,success,0.13033567266666668,,,,
x86_64-unknown-linux-gnu,num-complex,0.4.6,test::float::test_exp2_log,full,success,0.13668811366666667,,,,
x86_64-unknown-linux-gnu,num-complex,0.4.6,test::float::test_exp_ln,full,success,0.13492682133333334,,,,
x86_64-unknown-linux-gnu,num-complex,0.4.6,test::float::test_hyperbolic_identites,full,success,0.13516543266666667,,,,
x86_64-unknown-linux-gnu,num-complex,0.4.6,test::float::test_ln,full,success,0.13125233,,,,
x86_64-unknown-linux-gnu,num-complex,0.4.6,test::float::test_log,full,success,0.131160253,,,,
x86_64-unknown-linux-gnu,num-complex,0.4.6,test::float::test_log10,full,success,0.13572186333333333,,,,
x86_64-unknown-linux-gnu,num-complex,0.4.6,test::float::test_log2,full,success,0.1311264466666667,,,,
x86_64-unknown-linux-gnu,num-complex,0.4.6,test::float::test_norm,full,success,0.13695926033333336,,,,
x86_64-unknown-linux-gnu,num-complex,0.4.6,test::float::test_polar_conv,full,success,0.13021003500000003,,,,
x86_64-unknown-linux-gnu,num-complex,0.4.6,test::float::test_powc,full,success,0.128893611,,,,
x86_64-unknown-linux-gnu,num-complex,0.4.6,test::float::test_powf,full,success,0.1390902616666667,,,,
x86_64-unknown-linux-gnu,num-complex,0.4.6,test::float::test_sin,full,success,0.12920577600000002,,,,
x86_64-unknown-linux-gnu,num-complex,0.4.6,test::float::test_sinh,full,success,0.130806108,,,,
x86_64-unknown-linux-gnu,num-complex,0.4.6,test::float::test_some_expf_cases,full,success,0.12796104,,,,
x86_64-unknown-linux-gnu,num-complex,0.4.6,test::float::test_sqrt,full,success,0.12937338833333334,,,,
x86_64-unknown-linux-gnu,num-complex,0.4.6,test::float::test_sqrt_imag,full,success,0.13482408266666668,,,,
x86_64-unknown-linux-gnu,num-complex,0.4.6,test::float::test_sqrt_real,full,success,0.14350222866666668,,,,
x86_64-unknown-linux-gnu,num-complex,0.4.6,test::float::test_tan,full,success,0.13338588933333334,,,,
x86_64-unknown-linux-gnu,num-complex,0.4.6,test::float::test_tanh,full,success,0.13240880966666668,,,,
x86_64-unknown-linux-gnu,num-complex,0.4.6,test::float::test_trig_identities,full,success,0.1320346596666667,,,,
x86_64-unknown-linux-gnu,num-complex,0.4.6,test::float::test_trig_to_hyperbolic,full,success,0.128991059,,,,
x86_64-unknown-linux-gnu,num-complex,0.4.6,test::real_arithmetic::test_add,full,success,0.129528811,,,,
x86_64-unknown-linux-gnu,num-complex,0.4.6,test::real_arithmetic::test_div,full,success,0.13100268,,,,
x86_64-unknown-linux-gnu,num-complex,0.4.6,test::real_arithmetic::test_div_rem_gaussian,full,success,0.1363588396666667,,,,
x86_64-unknown-linux-gnu,num-complex,0.4.6,test::real_arithmetic::test_mul,full,success,0.13313572666666668,,,,
x86_64-unknown-linux-gnu,num-complex,0.4.6,test::real_arithmetic::test_rem,full,success,0.129841071,,,,
x86_64-unknown-linux-gnu,num-complex,0.4.6,test::real_arithmetic::test_sub,full,success,0.130861955,,,,
x86_64-unknown-linux-gnu,num-complex,0.4.6,test::test_conj,full,success,0.12909298633333335,,,,
x86_64-unknown-linux-gnu,num-complex,0.4.6,test::test_const,full,success,0.13223384700000002,,,,
x86_64-unknown-linux-gnu,num-complex,0.4.6,test::test_consts,full,success,0.130439976,,,,
x86_64-unknown-linux-gnu,num-complex,0.4.6,test::test_divide_by_zero_natural,full,success,0.13546275133333333,,,,
x86_64-unknown-linux-gnu,num-complex,0.4.6,test::test_from_str,full,success,0.15680207133333335,,,,
x86_64-unknown-linux-gnu,num-complex,0.4.6,test::test_from_str_fail,full,success,0.13577257866666667,,,,
x86_64-unknown-linux-gnu,num-complex,0.4.6,test::test_from_str_radix,full,success,0.13980916166666668,,,,
x86_64-unknown-linux-gnu,num-complex,0.4.6,test::test_from_str_radix_fail,full,success,0.1320137286666667,,,,
x86_64-unknown-linux-gnu,num-complex,0.4.6,test::test_hash,full,success,0.13020321033333335,,,,
x86_64-unknown-linux-gnu,num-complex,0.4.6,test::test_hashset,full,success,0.13066387533333335,,,,
x86_64-unknown-linux-gnu,num-complex,0.4.6,test::test_inv,full,success,0.12897918233333336,,,,
x86_64-unknown-linux-gnu,num-complex,0.4.6,test::test_inv_zero,full,success,0.12841736066666667,,,,
x86_64-unknown-linux-gnu,num-complex,0.4.6,test::test_is_finite,full,success,0.13103844600000003,,,,
x86_64-unknown-linux-gnu,num-complex,0.4.6,test::test_is_infinite,full,success,0.13020580866666667,,,,
x86_64-unknown-linux-gnu,num-complex,0.4.6,test::test_is_nan,full,success,0.131695327,,,,
x86_64-unknown-linux-gnu,num-complex,0.4.6,test::test_is_nan_special_cases,full,success,0.12795372066666666,,,,
x86_64-unknown-linux-gnu,num-complex,0.4.6,test::test_is_normal,full,success,0.12880366166666668,,,,
x86_64-unknown-linux-gnu,num-complex,0.4.6,test::test_l1_norm,full,success,0.12878912500000003,,,,
x86_64-unknown-linux-gnu,num-complex,0.4.6,test::test_one,full,success,0.13300157133333332,,,,
x86_64-unknown-linux-gnu,num-complex,0.4.6,test::test_pow,full,success,0.15490799866666669,,,,
x86_64-unknown-linux-gnu,num-complex,0.4.6,test::test_prod,full,success,0.13093228633333334,,,,
x86_64-unknown-linux-gnu,num-complex,0.4.6,test::test_scale_unscale,full,success,0.128850634,,,,
x86_64-unknown-linux-gnu,num-complex,0.4.6,test::test_string_formatting,full,success,0.15333163166666666,,,,
x86_64-unknown-linux-gnu,num-complex,0.4.6,test::test_sum,full,success,0.129569497,,,,
x86_64-unknown-linux-gnu,num-complex,0.4.6,test::test_to_string,full,success,0.13668635066666668,,,,
x86_64-unknown-linux-gnu,num-complex,0.4.6,test::test_zero,full,success,0.12970057600000004,,,,
x86_64-unknown-linux-gnu,object,0.39.1,pod::tests::single,full,success,0.13492296233333334,,,,
x86_64-unknown-linux-gnu,object,0.39.1,pod::tests::slice,full,success,0.13835470800000002,,,,
x86_64-unknown-linux-gnu,object,0.39.1,pod::tests::slice_zero,full,success,0.13204546733333333,,,,
x86_64-unknown-linux-gnu,object,0.39.1,read::archive::tests::aix_names,full,success,0.13850422666666667,,,,
x86_64-unknown-linux-gnu,object,0.39.1,read::archive::tests::bsd_names,full,success,0.137279535,,,,
x86_64-unknown-linux-gnu,object,0.39.1,read::archive::tests::gnu_names,full,success,0.14085887,,,,
x86_64-unknown-linux-gnu,object,0.39.1,read::archive::tests::kind,full,success,0.13899319400000001,,,,
x86_64-unknown-linux-gnu,object,0.39.1,read::archive::tests::thin_gnu_names,full,success,0.14173793633333334,,,,
x86_64-unknown-linux-gnu,object,0.39.1,read::coff::section::tests::name_offset,full,success,0.13614742033333335,,,,
x86_64-unknown-linux-gnu,object,0.39.1,read::macho::load_command::tests::cmd_size_invalid,full,success,0.13924599299999998,,,,
x86_64-unknown-linux-gnu,object,0.39.1,read::macho::load_command::tests::function_starts_invalid_uleb128,full,success,0.13639253733333334,,,,
x86_64-unknown-linux-gnu,object,0.39.1,read::util::tests::bytes,full,success,0.13901620033333337,,,,
x86_64-unknown-linux-gnu,object,0.39.1,read::util::tests::bytes_debug,full,success,0.148364459,,,,
x86_64-unknown-linux-gnu,once_cell,1.21.4,imp::tests::poison_bad,full,success,0.10779600966666668,,,,
x86_64-unknown-linux-gnu,once_cell,1.21.4,imp::tests::smoke_once,full,success,0.10857845733333334,,,,
x86_64-unknown-linux-gnu,once_cell,1.21.4,imp::tests::stampede_once,full,success,0.11892867633333333,,,,
x86_64-unknown-linux-gnu,once_cell,1.21.4,imp::tests::test_size,full,success,0.11122050666666668,,,,
x86_64-unknown-linux-gnu,once_cell,1.21.4,imp::tests::wait_for_force_to_finish,full,success,0.118662243,,,,
x86_64-unknown-linux-gnu,parking_lot_core,0.9.12,parking_lot::tests::unpark_all_hundred,full,success,18.24227365433333,,,,
x86_64-unknown-linux-gnu,parking_lot_core,0.9.12,parking_lot::tests::unpark_all_one,full,success,0.32478603899999997,,,,
x86_64-unknown-linux-gnu,parking_lot_core,0.9.12,parking_lot::tests::unpark_all_one_fast,full,success,2.3490186023333335,,,,
x86_64-unknown-linux-gnu,parking_lot_core,0.9.12,parking_lot::tests::unpark_one_fifty,full,success,1.3847516803333333,,,,
x86_64-unknown-linux-gnu,parking_lot_core,0.9.12,parking_lot::tests::unpark_one_fifty_then_fifty_all,full,success,6.697310134666666,,,,
x86_64-unknown-linux-gnu,parking_lot_core,0.9.12,parking_lot::tests::unpark_one_hundred_fast,full,success,13.998652202999999,,,,
x86_64-unknown-linux-gnu,parking_lot_core,0.9.12,parking_lot::tests::unpark_one_one,full,success,0.21610945766666667,,,,
x86_64-unknown-linux-gnu,parking_lot_core,0.9.12,parking_lot::tests::unpark_one_one_fast,full,success,2.2097869136666666,,,,
x86_64-unknown-linux-gnu,pem-rfc7468,1.0.0,decoder::tests::pkcs8_example,full,success,0.12827945533333332,,,,
x86_64-unknown-linux-gnu,pem-rfc7468,1.0.0,grammar::tests::split_label_empty,full,success,0.128894731,,,,
x86_64-unknown-linux-gnu,pem-rfc7468,1.0.0,grammar::tests::split_label_with_repeat_wsp_is_err,full,success,0.129326623,,,,
x86_64-unknown-linux-gnu,pem-rfc7468,1.0.0,grammar::tests::split_label_with_text,full,success,0.13165856033333334,,,,
x86_64-unknown-linux-gnu,pem-rfc7468,1.0.0,grammar::tests::validate_private_key_label,full,success,0.130319494,,,,
x86_64-unknown-linux-gnu,pem-rfc7468,1.0.0,grammar::tests::validate_private_key_label_reject_double_space,full,success,0.13376316600000002,,,,
x86_64-unknown-linux-gnu,percent-encoding,2.3.2,ascii_set::tests::add_op,full,success,0.12489349266666668,,,,
x86_64-unknown-linux-gnu,percent-encoding,2.3.2,ascii_set::tests::complement,full,success,0.130399332,,,,
x86_64-unknown-linux-gnu,percent-encoding,2.3.2,ascii_set::tests::not_op,full,success,0.131535114,,,,
x86_64-unknown-linux-gnu,percent-encoding,2.3.2,ascii_set::tests::union,full,success,0.12545043800000003,,,,
x86_64-unknown-linux-gnu,percent-encoding,2.3.2,tests::percent_decode,full,success,0.13492570033333331,,,,
x86_64-unknown-linux-gnu,percent-encoding,2.3.2,tests::percent_decode_collect,full,success,0.13270840233333334,,,,
x86_64-unknown-linux-gnu,percent-encoding,2.3.2,tests::percent_decode_cow,full,success,0.13709982733333334,,,,
x86_64-unknown-linux-gnu,percent-encoding,2.3.2,tests::percent_decode_invalid_utf8,full,success,0.13753806933333335,,,,
x86_64-unknown-linux-gnu,percent-encoding,2.3.2,tests::percent_decode_str,full,success,0.12757311133333335,,,,
x86_64-unknown-linux-gnu,percent-encoding,2.3.2,tests::percent_decode_utf8_lossy,full,success,0.13097755733333333,,,,
x86_64-unknown-linux-gnu,percent-encoding,2.3.2,tests::percent_decode_utf8_lossy_invalid_utf8,full,success,0.12977924633333335,,,,
x86_64-unknown-linux-gnu,percent-encoding,2.3.2,tests::percent_encode_accepts_ascii_set_ref,full,success,0.135461321,,,,
x86_64-unknown-linux-gnu,percent-encoding,2.3.2,tests::percent_encode_byte,full,success,0.22045542066666668,,,,
x86_64-unknown-linux-gnu,percent-encoding,2.3.2,tests::percent_encode_collect,full,success,0.13565460033333335,,,,
x86_64-unknown-linux-gnu,percent-encoding,2.3.2,tests::percent_encode_cow,full,success,0.13616200600000003,,,,
x86_64-unknown-linux-gnu,percent-encoding,2.3.2,tests::percent_encode_display,full,success,0.12982142533333335,,,,
x86_64-unknown-linux-gnu,percent-encoding,2.3.2,tests::utf8_percent_encode,full,success,0.13144575133333336,,,,
x86_64-unknown-linux-gnu,percent-encoding,2.3.2,tests::utf8_percent_encode_accepts_ascii_set_ref,full,success,0.12987206733333334,,,,
x86_64-unknown-linux-gnu,petgraph,0.8.3,acyclic::tests::test_acyclic_graph,full,success,0.15550391633333335,,,,
x86_64-unknown-linux-gnu,petgraph,0.8.3,acyclic::tests::test_acyclic_graph_add_remove,full,success,0.15041452366666666,,,,
x86_64-unknown-linux-gnu,petgraph,0.8.3,acyclic::tests::test_multiedge_allowed,full,success,0.145556398,,,,
x86_64-unknown-linux-gnu,petgraph,0.8.3,algo::bridges::tests::test_bridges,full,success,0.16683968633333335,,,,
x86_64-unknown-linux-gnu,petgraph,0.8.3,algo::dominators::tests::test_iter_dominators,full,success,0.13294625633333332,,,,
x86_64-unknown-linux-gnu,petgraph,0.8.3,algo::simple_paths::test::test_all_simple_paths,full,success,0.28087738866666667,,,,
x86_64-unknown-linux-gnu,petgraph,0.8.3,algo::simple_paths::test::test_all_simple_paths_corner_cases,full,success,0.138631461,,,,
x86_64-unknown-linux-gnu,petgraph,0.8.3,algo::simple_paths::test::test_all_simple_paths_directed,full,success,0.14360096133333333,,,,
x86_64-unknown-linux-gnu,petgraph,0.8.3,algo::simple_paths::test::test_all_simple_paths_empty,full,success,0.13420887666666667,,,,
x86_64-unknown-linux-gnu,petgraph,0.8.3,algo::simple_paths::test::test_all_simple_paths_ignores_cycle,full,success,0.14457496533333333,,,,
x86_64-unknown-linux-gnu,petgraph,0.8.3,algo::simple_paths::test::test_all_simple_paths_on_non_trivial_graph,full,success,0.19814084533333334,,,,
x86_64-unknown-linux-gnu,petgraph,0.8.3,algo::simple_paths::test::test_digraph_multi_target_paths,full,success,0.15864126233333334,,,,
x86_64-unknown-linux-gnu,petgraph,0.8.3,algo::simple_paths::test::test_digraph_multi_target_paths_cutoff,full,success,0.1607137066666667,,,,
x86_64-unknown-linux-gnu,petgraph,0.8.3,algo::simple_paths::test::test_multi_target_paths,full,success,0.15878992133333336,,,,
x86_64-unknown-linux-gnu,petgraph,0.8.3,algo::simple_paths::test::test_multi_target_paths_cutoff,full,success,0.17139047200000002,,,,
x86_64-unknown-linux-gnu,petgraph,0.8.3,algo::simple_paths::test::test_multi_target_paths_in_cycle,full,success,0.157146865,,,,
x86_64-unknown-linux-gnu,petgraph,0.8.3,algo::simple_paths::test::test_multi_target_paths_inline,full,success,0.15790883366666666,,,,
x86_64-unknown-linux-gnu,petgraph,0.8.3,algo::simple_paths::test::test_multi_target_paths_min_intermediate_nodes,full,success,0.19050010800000003,,,,
x86_64-unknown-linux-gnu,petgraph,0.8.3,algo::simple_paths::test::test_multi_target_source_is_target,full,success,0.14610646033333333,,,,
x86_64-unknown-linux-gnu,petgraph,0.8.3,algo::simple_paths::test::test_no_simple_paths,full,success,0.15095737500000003,,,,
x86_64-unknown-linux-gnu,petgraph,0.8.3,algo::simple_paths::test::test_one_simple_path,full,success,0.148966216,,,,
x86_64-unknown-linux-gnu,petgraph,0.8.3,algo::simple_paths::test::test_path_graph,full,success,0.14517765433333332,,,,
x86_64-unknown-linux-gnu,petgraph,0.8.3,algo::simple_paths::test::test_simple_path_source_target,full,success,0.142019531,,,,
x86_64-unknown-linux-gnu,petgraph,0.8.3,algo::simple_paths::test::test_simple_paths_cutoff,full,success,0.15702857933333333,,,,
x86_64-unknown-linux-gnu,petgraph,0.8.3,algo::simple_paths::test::test_simple_paths_from_node_to_itself_in_complete_graph,full,success,0.14148159766666668,,,,
x86_64-unknown-linux-gnu,petgraph,0.8.3,algo::simple_paths::test::test_simple_paths_min_intermediate_nodes,full,success,0.16442065166666667,,,,
x86_64-unknown-linux-gnu,petgraph,0.8.3,algo::steiner_tree::test::test_compute_metric_closure,full,success,0.20246240466666668,,,,
x86_64-unknown-linux-gnu,petgraph,0.8.3,algo::steiner_tree::test::test_remove_non_terminal_nodes,full,success,0.17768152066666668,,,,
x86_64-unknown-linux-gnu,petgraph,0.8.3,algo::steiner_tree::test::test_subgraph_from_metric_closure,full,success,0.3200423833333333,,,,
x86_64-unknown-linux-gnu,petgraph,0.8.3,algo::tred::test_easy_tred,full,success,0.13570288233333336,,,,
x86_64-unknown-linux-gnu,petgraph,0.8.3,csr::tests::csr1,full,success,0.153142848,,,,
x86_64-unknown-linux-gnu,petgraph,0.8.3,csr::tests::csr_dfs,full,success,0.17142792466666668,,,,
x86_64-unknown-linux-gnu,petgraph,0.8.3,csr::tests::csr_from,full,success,0.1556269193333333,,,,
x86_64-unknown-linux-gnu,petgraph,0.8.3,csr::tests::csr_from_error_1,full,success,0.13970001866666668,,,,
x86_64-unknown-linux-gnu,petgraph,0.8.3,csr::tests::csr_from_error_2,full,success,0.136551155,,,,
x86_64-unknown-linux-gnu,petgraph,0.8.3,csr::tests::csr_from_undirected,full,success,0.15528075333333333,,,,
x86_64-unknown-linux-gnu,petgraph,0.8.3,csr::tests::csr_tarjan,full,success,0.16348727933333337,,,,
x86_64-unknown-linux-gnu,petgraph,0.8.3,csr::tests::csr_undirected,full,success,0.14513396033333334,,,,
x86_64-unknown-linux-gnu,petgraph,0.8.3,csr::tests::test_add_node,full,success,0.14389427033333335,,,,
x86_64-unknown-linux-gnu,petgraph,0.8.3,csr::tests::test_add_node_with_existing_edges,full,success,0.13979191400000002,,,,
x86_64-unknown-linux-gnu,petgraph,0.8.3,csr::tests::test_bellman_ford,full,success,0.18776904833333333,,,,
x86_64-unknown-linux-gnu,petgraph,0.8.3,csr::tests::test_bellman_ford_neg_cycle,full,success,0.14470163933333333,,,,
x86_64-unknown-linux-gnu,petgraph,0.8.3,csr::tests::test_edge_references,full,success,0.18444400333333336,,,,
x86_64-unknown-linux-gnu,petgraph,0.8.3,csr::tests::test_find_neg_cycle1,full,success,0.14645230533333334,,,,
x86_64-unknown-linux-gnu,petgraph,0.8.3,csr::tests::test_find_neg_cycle2,full,success,0.14027332566666667,,,,
x86_64-unknown-linux-gnu,petgraph,0.8.3,csr::tests::test_find_neg_cycle3,full,success,0.14921449433333334,,,,
x86_64-unknown-linux-gnu,petgraph,0.8.3,csr::tests::test_find_neg_cycle4,full,success,0.14029130333333334,,,,
x86_64-unknown-linux-gnu,petgraph,0.8.3,csr::tests::test_node_references,full,success,0.13182763233333336,,,,
x86_64-unknown-linux-gnu,petgraph,0.8.3,dot::test::test_edgeindexlable_option,full,success,0.14881016300000002,,,,
x86_64-unknown-linux-gnu,petgraph,0.8.3,dot::test::test_edgenolable_option,full,success,0.136703258,,,,
x86_64-unknown-linux-gnu,petgraph,0.8.3,dot::test::test_escape,full,success,0.13506069933333334,,,,
x86_64-unknown-linux-gnu,petgraph,0.8.3,dot::test::test_nodeindexlable_option,full,success,0.140858744,,,,
x86_64-unknown-linux-gnu,petgraph,0.8.3,dot::test::test_nodenolable_option,full,success,0.134970269,,,,
x86_64-unknown-linux-gnu,petgraph,0.8.3,dot::test::test_rankdir_bt_option,full,success,0.13744904400000002,,,,
x86_64-unknown-linux-gnu,petgraph,0.8.3,dot::test::test_rankdir_lr_option,full,success,0.13704278933333336,,,,
x86_64-unknown-linux-gnu,petgraph,0.8.3,dot::test::test_rankdir_rl_option,full,success,0.14408781733333334,,,,
x86_64-unknown-linux-gnu,petgraph,0.8.3,dot::test::test_rankdir_tb_option,full,success,0.14858778633333333,,,,
x86_64-unknown-linux-gnu,petgraph,0.8.3,dot::test::test_with_attr_getters,full,success,0.13730018633333332,,,,
x86_64-unknown-linux-gnu,petgraph,0.8.3,graph_impl::stable_graph::dfs,full,success,0.16805311966666667,,,,
x86_64-unknown-linux-gnu,petgraph,0.8.3,graph_impl::stable_graph::extend_with_edges,full,success,0.1383783576666667,,,,
x86_64-unknown-linux-gnu,petgraph,0.8.3,graph_impl::stable_graph::stable_graph,full,success,0.19967263533333335,,,,
x86_64-unknown-linux-gnu,petgraph,0.8.3,graph_impl::stable_graph::test_retain_nodes,full,success,0.1467907456666667,,,,
x86_64-unknown-linux-gnu,petgraph,0.8.3,graph_impl::stable_graph::test_reverse,full,success,0.13510217733333332,,,,
x86_64-unknown-linux-gnu,petgraph,0.8.3,graph_impl::stable_graph::test_reverse_after_remove_edges,full,success,0.142786022,,,,
x86_64-unknown-linux-gnu,petgraph,0.8.3,graph_impl::stable_graph::test_reverse_after_remove_nodes,full,success,0.13430023900000002,,,,
x86_64-unknown-linux-gnu,petgraph,0.8.3,matrix_graph::tests::test_add_edge,full,success,0.13873444833333334,,,,
x86_64-unknown-linux-gnu,petgraph,0.8.3,matrix_graph::tests::test_add_edge_with_extension,full,success,0.140057417,,,,
x86_64-unknown-linux-gnu,petgraph,0.8.3,matrix_graph::tests::test_add_edge_with_weights,full,success,0.13255397466666666,,,,
x86_64-unknown-linux-gnu,petgraph,0.8.3,matrix_graph::tests::test_add_edge_with_weights_undirected,full,success,0.13743586433333335,,,,
x86_64-unknown-linux-gnu,petgraph,0.8.3,matrix_graph::tests::test_add_or_update_edge,full,success,0.232131894,,,,
x86_64-unknown-linux-gnu,petgraph,0.8.3,matrix_graph::tests::test_clear,full,success,0.13479298066666667,,,,
x86_64-unknown-linux-gnu,petgraph,0.8.3,matrix_graph::tests::test_clear_undirected,full,success,0.148890451,,,,
x86_64-unknown-linux-gnu,petgraph,0.8.3,matrix_graph::tests::test_default,full,success,0.139519453,,,,
x86_64-unknown-linux-gnu,petgraph,0.8.3,matrix_graph::tests::test_edge_references,full,success,0.14185534833333335,,,,
x86_64-unknown-linux-gnu,petgraph,0.8.3,matrix_graph::tests::test_edge_references_undirected,full,success,0.14029520400000003,,,,
x86_64-unknown-linux-gnu,petgraph,0.8.3,matrix_graph::tests::test_edges_directed,full,success,0.14801501366666667,,,,
x86_64-unknown-linux-gnu,petgraph,0.8.3,matrix_graph::tests::test_edges_of_absent_node_is_empty_iterator,full,success,0.13715630733333337,,,,
x86_64-unknown-linux-gnu,petgraph,0.8.3,matrix_graph::tests::test_edges_undirected,full,success,0.14680435700000002,,,,
x86_64-unknown-linux-gnu,petgraph,0.8.3,matrix_graph::tests::test_has_edge,full,success,0.14178531033333333,,,,
x86_64-unknown-linux-gnu,petgraph,0.8.3,matrix_graph::tests::test_id_storage,full,success,0.13777503533333335,,,,
x86_64-unknown-linux-gnu,petgraph,0.8.3,matrix_graph::tests::test_kosaraju_scc_with_removed_node,full,success,0.140232887,,,,
x86_64-unknown-linux-gnu,petgraph,0.8.3,matrix_graph::tests::test_matrix_resize,full,success,0.13619747066666668,,,,
x86_64-unknown-linux-gnu,petgraph,0.8.3,matrix_graph::tests::test_neighbors,full,success,0.13233334200000002,,,,
x86_64-unknown-linux-gnu,petgraph,0.8.3,matrix_graph::tests::test_neighbors_of_absent_node_is_empty_iterator,full,success,0.13070908500000003,,,,
x86_64-unknown-linux-gnu,petgraph,0.8.3,matrix_graph::tests::test_neighbors_undirected,full,success,0.13325974200000001,,,,
x86_64-unknown-linux-gnu,petgraph,0.8.3,matrix_graph::tests::test_new,full,success,0.1383273406666667,,,,
x86_64-unknown-linux-gnu,petgraph,0.8.3,matrix_graph::tests::test_node_identifiers,full,success,0.136302136,,,,
x86_64-unknown-linux-gnu,petgraph,0.8.3,matrix_graph::tests::test_node_indexing,full,success,0.13679065033333335,,,,
x86_64-unknown-linux-gnu,petgraph,0.8.3,matrix_graph::tests::test_not_zero,full,success,0.13525040333333335,,,,
x86_64-unknown-linux-gnu,petgraph,0.8.3,matrix_graph::tests::test_not_zero_asserted,full,success,0.13941682733333335,,,,
x86_64-unknown-linux-gnu,petgraph,0.8.3,matrix_graph::tests::test_not_zero_float,full,success,0.14129545466666668,,,,
x86_64-unknown-linux-gnu,petgraph,0.8.3,matrix_graph::tests::test_remove_edge,full,success,0.134408004,,,,
x86_64-unknown-linux-gnu,petgraph,0.8.3,matrix_graph::tests::test_remove_node,full,success,0.135569176,,,,
x86_64-unknown-linux-gnu,petgraph,0.8.3,matrix_graph::tests::test_remove_node_and_edges,full,success,0.13771820466666665,,,,
x86_64-unknown-linux-gnu,petgraph,0.8.3,matrix_graph::tests::test_remove_node_and_edges_undirected,full,success,0.13574964366666667,,,,
x86_64-unknown-linux-gnu,petgraph,0.8.3,matrix_graph::tests::test_tarjan_scc_with_removed_node,full,success,0.1358270706666667,,,,
x86_64-unknown-linux-gnu,petgraph,0.8.3,matrix_graph::tests::test_try_add_node,full,success,5.7140664863333335,,,,
x86_64-unknown-linux-gnu,petgraph,0.8.3,matrix_graph::tests::test_try_update_edge,full,success,0.13176137866666668,,,,
x86_64-unknown-linux-gnu,petgraph,0.8.3,matrix_graph::tests::test_with_capacity,full,success,0.13904351866666667,,,,
x86_64-unknown-linux-gnu,petgraph,0.8.3,visit::undirected_adaptor::tests::test_is_reachable,full,success,0.14131466733333334,,,,
x86_64-unknown-linux-gnu,petgraph,0.8.3,visit::undirected_adaptor::tests::test_neighbors_count,full,success,0.136070503,,,,
x86_64-unknown-linux-gnu,petgraph,0.8.3,visit::undirected_adaptor::tests::test_undirected_adaptor_can_traverse,full,success,0.15376059600000003,,,,
x86_64-unknown-linux-gnu,petgraph,0.8.3,visit::undirected_adaptor::tests::test_undirected_edge_refs_point_both_ways,full,success,0.15390052766666668,,,,
x86_64-unknown-linux-gnu,ppv-lite86,0.2.21,generic::test::test_bswap32,full,success,0.080925068,,,,
x86_64-unknown-linux-gnu,ppv-lite86,0.2.21,generic::test_rotate_u128,full,success,0.08331502433333333,,,,
x86_64-unknown-linux-gnu,predicates,3.1.4,boolean::test_and::find_case_false,full,success,0.13216829633333332,,,,
x86_64-unknown-linux-gnu,predicates,3.1.4,boolean::test_and::find_case_false_fails,full,success,0.1376786706666667,,,,
x86_64-unknown-linux-gnu,predicates,3.1.4,boolean::test_and::find_case_false_left_fail,full,success,0.13296702366666668,,,,
x86_64-unknown-linux-gnu,predicates,3.1.4,boolean::test_and::find_case_false_right_fail,full,success,0.137254906,,,,
x86_64-unknown-linux-gnu,predicates,3.1.4,boolean::test_and::find_case_true,full,success,0.13638666000000002,,,,
x86_64-unknown-linux-gnu,predicates,3.1.4,boolean::test_and::find_case_true_fails,full,success,0.14214346433333336,,,,
x86_64-unknown-linux-gnu,predicates,3.1.4,boolean::test_and::find_case_true_left_fail,full,success,0.131006145,,,,
x86_64-unknown-linux-gnu,predicates,3.1.4,boolean::test_and::find_case_true_right_fail,full,success,0.132914886,,,,
x86_64-unknown-linux-gnu,predicates,3.1.4,boolean::test_or::find_case_false,full,success,0.139214125,,,,
x86_64-unknown-linux-gnu,predicates,3.1.4,boolean::test_or::find_case_false_fails,full,success,0.13318185433333332,,,,
x86_64-unknown-linux-gnu,predicates,3.1.4,boolean::test_or::find_case_false_left_fail,full,success,0.13569503900000002,,,,
x86_64-unknown-linux-gnu,predicates,3.1.4,boolean::test_or::find_case_false_right_fail,full,success,0.13373870133333335,,,,
x86_64-unknown-linux-gnu,predicates,3.1.4,boolean::test_or::find_case_true,full,success,0.13210691866666668,,,,
x86_64-unknown-linux-gnu,predicates,3.1.4,boolean::test_or::find_case_true_fails,full,success,0.13711879800000001,,,,
x86_64-unknown-linux-gnu,predicates,3.1.4,boolean::test_or::find_case_true_left_fail,full,success,0.14492642533333336,,,,
x86_64-unknown-linux-gnu,predicates,3.1.4,boolean::test_or::find_case_true_right_fail,full,success,0.13545558333333335,,,,
x86_64-unknown-linux-gnu,predicates,3.1.4,boxed::test::boxed_find_case,full,success,0.15001071633333332,,,,
x86_64-unknown-linux-gnu,predicates,3.1.4,boxed::test::unsized_boxed,full,success,0.13775670733333334,,,,
x86_64-unknown-linux-gnu,predicates,3.1.4,function::str_function,full,success,0.13461799300000002,,,,
x86_64-unknown-linux-gnu,quinn-udp,0.6.1,imp::gso::test::parse_current_kernel_version_release_string,full,success,0.10464466333333333,,,,
x86_64-unknown-linux-gnu,quinn-udp,0.6.1,imp::gso::test::parse_kernel_version_release_string,full,success,0.10492808466666668,,,,
x86_64-unknown-linux-gnu,quinn-udp,0.6.1,tests::effective_segment_size,full,success,0.10531870533333336,,,,
x86_64-unknown-linux-gnu,r-efi,6.0.0,base::tests::booleans,full,success,0.22576961566666667,,,,
x86_64-unknown-linux-gnu,r-efi,6.0.0,base::tests::eficall,full,success,0.13233941833333338,,,,
x86_64-unknown-linux-gnu,r-efi,6.0.0,base::tests::guid,full,success,0.13611335933333335,,,,
x86_64-unknown-linux-gnu,r-efi,6.0.0,base::tests::type_size_and_alignment,full,success,0.138130124,,,,
x86_64-unknown-linux-gnu,radium,1.1.1,tests::absent_traits,full,success,0.08042430566666665,,,,
x86_64-unknown-linux-gnu,radium,1.1.1,tests::always_alias,full,success,0.08666630600000001,,,,
x86_64-unknown-linux-gnu,radium,1.1.1,tests::always_cell,full,success,0.080876735,,,,
x86_64-unknown-linux-gnu,radium,1.1.1,tests::maybe_atom,full,success,0.08213829133333334,,,,
x86_64-unknown-linux-gnu,radium,1.1.1,tests::present_traits,full,success,0.08149744800000001,,,,
x86_64-unknown-linux-gnu,radium,1.1.1,types::tests::atom_impls,full,success,0.08235699133333334,,,,
x86_64-unknown-linux-gnu,radium,1.1.1,types::tests::isotope_atomic,full,success,0.08135678933333335,,,,
x86_64-unknown-linux-gnu,radium,1.1.1,types::tests::isotope_impls,full,success,0.08165745966666667,,,,
x86_64-unknown-linux-gnu,radium,1.1.1,types::tests::radon_impls,full,success,0.08215759066666668,,,,
x86_64-unknown-linux-gnu,rand,0.10.1,distr::bernoulli::test::bernoulli_distributions_can_be_compared,full,success,0.14267476266666668,,,,
x86_64-unknown-linux-gnu,rand,0.10.1,distr::bernoulli::test::test_trivial,full,success,0.135041443,,,,
x86_64-unknown-linux-gnu,rand,0.10.1,distr::bernoulli::test::value_stability,full,success,0.13406570466666667,,,,
x86_64-unknown-linux-gnu,rand,0.10.1,distr::distribution::tests::test_dist_string,full,success,0.14433449733333334,,,,
x86_64-unknown-linux-gnu,rand,0.10.1,distr::distribution::tests::test_distributions_iter,full,success,0.139688675,,,,
x86_64-unknown-linux-gnu,rand,0.10.1,distr::distribution::tests::test_distributions_map,full,success,0.13451251766666666,,,,
x86_64-unknown-linux-gnu,rand,0.10.1,distr::distribution::tests::test_make_an_iter,full,success,0.13771312533333335,,,,
x86_64-unknown-linux-gnu,rand,0.10.1,distr::float::tests::f32_edge_cases,full,success,0.138917772,,,,
x86_64-unknown-linux-gnu,rand,0.10.1,distr::float::tests::f64_edge_cases,full,success,0.134499283,,,,
x86_64-unknown-linux-gnu,rand,0.10.1,distr::float::tests::value_stability,full,success,0.13757093366666667,,,,
x86_64-unknown-linux-gnu,rand,0.10.1,distr::integer::tests::test_integers,full,success,0.13908549666666667,,,,
x86_64-unknown-linux-gnu,rand,0.10.1,distr::integer::tests::value_stability,full,success,0.13950907133333335,,,,
x86_64-unknown-linux-gnu,rand,0.10.1,distr::integer::tests::x86_integers,full,success,0.13971065133333335,,,,
x86_64-unknown-linux-gnu,rand,0.10.1,distr::other::tests::test_alphabetic,full,success,0.14969100933333332,,,,
x86_64-unknown-linux-gnu,rand,0.10.1,distr::other::tests::test_alphanumeric,full,success,0.13889861266666667,,,,
x86_64-unknown-linux-gnu,rand,0.10.1,distr::other::tests::test_chars,full,success,0.29743246400000006,,,,
x86_64-unknown-linux-gnu,rand,0.10.1,distr::other::tests::test_misc,full,success,0.14130706733333334,,,,
x86_64-unknown-linux-gnu,rand,0.10.1,distr::other::tests::value_stability,full,success,0.14299185833333336,,,,
x86_64-unknown-linux-gnu,rand,0.10.1,distr::slice::test::value_stability,full,success,0.13510344466666666,,,,
x86_64-unknown-linux-gnu,rand,0.10.1,distr::uniform::float::tests::test_float_assertions,full,success,0.13998437100000002,,,,
x86_64-unknown-linux-gnu,rand,0.10.1,distr::uniform::float::tests::test_float_overflow,full,success,0.13529144499999998,,,,
x86_64-unknown-linux-gnu,rand,0.10.1,distr::uniform::float::tests::test_float_overflow_single,full,success,0.14165242166666667,,,,
x86_64-unknown-linux-gnu,rand,0.10.1,distr::uniform::float::tests::test_uniform_from_std_range,full,success,0.13811147533333334,,,,
x86_64-unknown-linux-gnu,rand,0.10.1,distr::uniform::float::tests::test_uniform_from_std_range_bad_limits,full,success,0.13654948066666667,,,,
x86_64-unknown-linux-gnu,rand,0.10.1,distr::uniform::float::tests::test_uniform_from_std_range_inclusive,full,success,0.14699829300000003,,,,
x86_64-unknown-linux-gnu,rand,0.10.1,distr::uniform::float::tests::test_uniform_from_std_range_inclusive_bad_limits,full,success,0.14287764633333333,,,,
x86_64-unknown-linux-gnu,rand,0.10.1,distr::uniform::int::tests::test_uniform_bad_limits_equal_int,full,success,0.13615011066666668,,,,
x86_64-unknown-linux-gnu,rand,0.10.1,distr::uniform::int::tests::test_uniform_bad_limits_flipped_int,full,success,0.1437791016666667,,,,
x86_64-unknown-linux-gnu,rand,0.10.1,distr::uniform::int::tests::test_uniform_from_std_range,full,success,0.142606521,,,,
x86_64-unknown-linux-gnu,rand,0.10.1,distr::uniform::int::tests::test_uniform_from_std_range_bad_limits,full,success,0.13435341933333333,,,,
x86_64-unknown-linux-gnu,rand,0.10.1,distr::uniform::int::tests::test_uniform_from_std_range_inclusive,full,success,0.13677503433333335,,,,
x86_64-unknown-linux-gnu,rand,0.10.1,distr::uniform::int::tests::test_uniform_from_std_range_inclusive_bad_limits,full,success,0.13611924466666667,,,,
x86_64-unknown-linux-gnu,rand,0.10.1,distr::uniform::int::tests::test_uniform_good_limits_equal_int,full,success,0.14059669500000002,,,,
x86_64-unknown-linux-gnu,rand,0.10.1,distr::uniform::int::tests::test_uniform_usize_constructors,full,success,0.1393014496666667,,,,
x86_64-unknown-linux-gnu,rand,0.10.1,distr::uniform::int::tests::test_uniform_usize_empty_range,full,success,0.135631688,,,,
x86_64-unknown-linux-gnu,rand,0.10.1,distr::uniform::int::tests::value_stability,full,success,0.14817902200000002,,,,
x86_64-unknown-linux-gnu,rand,0.10.1,distr::uniform::tests::test_custom_uniform,full,success,0.14810259233333334,,,,
x86_64-unknown-linux-gnu,rand,0.10.1,distr::uniform::tests::uniform_distributions_can_be_compared,full,success,0.13907977066666669,,,,
x86_64-unknown-linux-gnu,rand,0.10.1,distr::uniform::tests::value_stability,full,success,0.149887597,,,,
x86_64-unknown-linux-gnu,rand,0.10.1,distr::weighted::weighted_index::test::overflow,full,success,0.13279057133333336,,,,
x86_64-unknown-linux-gnu,rand,0.10.1,distr::weighted::weighted_index::test::test_accepting_nan,full,success,0.13521741333333334,,,,
x86_64-unknown-linux-gnu,rand,0.10.1,distr::weighted::weighted_index::test::test_update_weights,full,success,0.14084933866666668,,,,
x86_64-unknown-linux-gnu,rand,0.10.1,distr::weighted::weighted_index::test::test_update_weights_errors,full,success,0.146595748,,,,
x86_64-unknown-linux-gnu,rand,0.10.1,distr::weighted::weighted_index::test::test_weight_at,full,success,0.14755894100000003,,,,
x86_64-unknown-linux-gnu,rand,0.10.1,distr::weighted::weighted_index::test::test_weights,full,success,0.13967138266666668,,,,
x86_64-unknown-linux-gnu,rand,0.10.1,distr::weighted::weighted_index::test::value_stability,full,success,0.1432168226666667,,,,
x86_64-unknown-linux-gnu,rand,0.10.1,distr::weighted::weighted_index::test::weighted_index_distributions_can_be_compared,full,success,0.13911400333333335,,,,
x86_64-unknown-linux-gnu,rand,0.10.1,rng::test::test_fill,full,success,0.1404181316666667,,,,
x86_64-unknown-linux-gnu,rand,0.10.1,rng::test::test_fill_bytes_default,full,success,0.38380856533333335,,,,
x86_64-unknown-linux-gnu,rand,0.10.1,rng::test::test_fill_empty,full,success,0.144617656,,,,
x86_64-unknown-linux-gnu,rand,0.10.1,rng::test::test_random_bool,full,success,0.136041245,,,,
x86_64-unknown-linux-gnu,rand,0.10.1,rng::test::test_random_range_float,full,success,0.6647978840000001,,,,
x86_64-unknown-linux-gnu,rand,0.10.1,rng::test::test_random_range_int,full,success,0.9188183506666667,,,,
x86_64-unknown-linux-gnu,rand,0.10.1,rng::test::test_random_range_panic_int,full,success,0.14008884533333332,,,,
x86_64-unknown-linux-gnu,rand,0.10.1,rng::test::test_random_range_panic_usize,full,success,0.13635766666666668,,,,
x86_64-unknown-linux-gnu,rand,0.10.1,rng::test::test_rng_boxed_trait,full,success,0.13334995066666666,,,,
x86_64-unknown-linux-gnu,rand,0.10.1,rng::test::test_rng_mut_ref,full,success,0.14491865333333334,,,,
x86_64-unknown-linux-gnu,rand,0.10.1,rng::test::test_rng_trait_object,full,success,0.1380269786666667,,,,
x86_64-unknown-linux-gnu,rand,0.10.1,rngs::std::test::test_chacha_counter,full,success,0.34324010266666666,,,,
x86_64-unknown-linux-gnu,rand,0.10.1,rngs::std::test::test_chacha_true_values_1,full,success,0.18064932600000003,,,,
x86_64-unknown-linux-gnu,rand,0.10.1,rngs::std::test::test_chacha_true_values_2,full,success,0.17528733266666666,,,,
x86_64-unknown-linux-gnu,rand,0.10.1,rngs::std::test::test_chacha_true_values_3,full,success,0.17332940133333338,,,,
x86_64-unknown-linux-gnu,rand,0.10.1,rngs::std::test::test_chacha_true_values_8,full,success,0.18233914066666668,,,,
x86_64-unknown-linux-gnu,rand,0.10.1,rngs::std::test::test_stdrng_construction,full,success,0.1684800866666667,,,,
x86_64-unknown-linux-gnu,rand,0.10.1,rngs::thread::test::test_debug_output,full,success,0.14436903733333334,,,,
x86_64-unknown-linux-gnu,rand,0.10.1,rngs::thread::test::test_thread_rng,full,success,0.159027389,,,,
x86_64-unknown-linux-gnu,rand,0.10.1,rngs::xoshiro128plusplus::tests::reference,full,success,0.13988254166666667,,,,
x86_64-unknown-linux-gnu,rand,0.10.1,rngs::xoshiro128plusplus::tests::stable_seed_from_u64_and_from_seed,full,success,0.13633328166666667,,,,
x86_64-unknown-linux-gnu,rand,0.10.1,rngs::xoshiro256plusplus::tests::reference,full,success,0.13651946633333334,,,,
x86_64-unknown-linux-gnu,rand,0.10.1,rngs::xoshiro256plusplus::tests::stable_seed_from_u64_and_from_seed,full,success,0.139274107,,,,
x86_64-unknown-linux-gnu,rand,0.10.1,seq::index_::test::test_sample_boundaries,full,success,0.15229032166666667,,,,
x86_64-unknown-linux-gnu,rand,0.10.1,seq::index_::test::test_sample_weighted,full,success,0.15718918466666668,,,,
x86_64-unknown-linux-gnu,rand,0.10.1,seq::index_::test::value_stability_sample,full,success,0.35373108933333336,,,,
x86_64-unknown-linux-gnu,rand,0.10.1,seq::iterator::test::test_sample_iter,full,success,0.2165059526666667,,,,
x86_64-unknown-linux-gnu,rand,0.10.1,seq::iterator::test::value_stability_choose,full,success,0.15647204133333334,,,,
x86_64-unknown-linux-gnu,rand,0.10.1,seq::iterator::test::value_stability_choose_stable,full,success,0.17676894833333334,,,,
x86_64-unknown-linux-gnu,rand,0.10.1,seq::iterator::test::value_stability_sample,full,success,0.164879688,,,,
x86_64-unknown-linux-gnu,rand,0.10.1,seq::slice::test::test_multiple_weighted_distributions,full,success,86.84086659299999,,,,
x86_64-unknown-linux-gnu,rand,0.10.1,seq::slice::test::test_multiple_weighted_edge_cases,full,success,0.45952588833333335,,,,
x86_64-unknown-linux-gnu,rand,0.10.1,seq::slice::test::test_partial_shuffle,full,success,0.13025437966666667,,,,
x86_64-unknown-linux-gnu,rand,0.10.1,seq::slice::test::test_slice_choose,full,success,0.5997046463333333,,,,
x86_64-unknown-linux-gnu,rand,0.10.1,seq::slice::test::value_stability_slice,full,success,0.14739037933333332,,,,
x86_64-unknown-linux-gnu,rand,0.10.1,test::rng_reader,full,success,0.1311137276666667,,,,
x86_64-unknown-linux-gnu,rand,0.10.1,test::test_random,full,success,0.16189415333333335,,,,
x86_64-unknown-linux-gnu,rand,0.10.1,test::test_range,full,success,0.14719979633333335,,,,
x86_64-unknown-linux-gnu,redox_syscall,0.8.0,sigabi::tests::singlethread_mask,full,success,0.17502398600000002,,,,
x86_64-unknown-linux-gnu,scopeguard,1.2.0,tests::test_defer,full,success,0.136369143,,,,
x86_64-unknown-linux-gnu,scopeguard,1.2.0,tests::test_defer_success_1,full,success,0.13546678966666667,,,,
x86_64-unknown-linux-gnu,scopeguard,1.2.0,tests::test_defer_success_2,full,success,0.14209885600000002,,,,
x86_64-unknown-linux-gnu,scopeguard,1.2.0,tests::test_defer_unwind_1,full,success,0.14441930866666666,,,,
x86_64-unknown-linux-gnu,scopeguard,1.2.0,tests::test_defer_unwind_2,full,success,0.13499700833333336,,,,
x86_64-unknown-linux-gnu,scopeguard,1.2.0,tests::test_dropped_once_when_not_run,full,success,0.13893112100000002,,,,
x86_64-unknown-linux-gnu,scopeguard,1.2.0,tests::test_into_inner,full,success,0.13469941833333335,,,,
x86_64-unknown-linux-gnu,scopeguard,1.2.0,tests::test_only_dropped_by_closure_when_run,full,success,0.13538181666666668,,,,
x86_64-unknown-linux-gnu,serde_core,1.0.228,ser::impls::test_format_u8,full,success,0.16914680333333335,,,,
x86_64-unknown-linux-gnu,serde_with,3.20.0,utils::duration::test_parse_float_into_time_parts,full,success,0.13435790033333336,,,,
x86_64-unknown-linux-gnu,shlex,2.0.1,bytes::test_invalid_utf8,full,success,0.13162573733333335,,,,
x86_64-unknown-linux-gnu,shlex,2.0.1,bytes::test_lineno,full,success,0.1324602656666667,,,,
x86_64-unknown-linux-gnu,shlex,2.0.1,bytes::test_split,full,success,0.150218281,,,,
x86_64-unknown-linux-gnu,shlex,2.0.1,test_fallible,full,success,0.13339706399999998,,,,
x86_64-unknown-linux-gnu,shlex,2.0.1,test_lineno,full,success,0.13934437933333335,,,,
x86_64-unknown-linux-gnu,shlex,2.0.1,test_quote,full,success,0.42750325833333336,,,,
x86_64-unknown-linux-gnu,shlex,2.0.1,test_split,full,success,0.15235045133333333,,,,
x86_64-unknown-linux-gnu,simd-adler32,0.3.9,imp::avx2::tests::ones,full,success,0.4342413133333334,,,,
x86_64-unknown-linux-gnu,simd-adler32,0.3.9,imp::avx2::tests::wiki,full,success,0.128448961,,,,
x86_64-unknown-linux-gnu,simd-adler32,0.3.9,imp::avx2::tests::zeroes,full,success,0.44332316033333335,,,,
x86_64-unknown-linux-gnu,simd-adler32,0.3.9,imp::avx512::tests::ones,full,success,0.13325620900000001,,,,
x86_64-unknown-linux-gnu,simd-adler32,0.3.9,imp::avx512::tests::random,full,success,0.12894366300000001,,,,
x86_64-unknown-linux-gnu,simd-adler32,0.3.9,imp::avx512::tests::wiki,full,success,0.13324508233333335,,,,
x86_64-unknown-linux-gnu,simd-adler32,0.3.9,imp::avx512::tests::zeroes,full,success,0.12808986033333333,,,,
x86_64-unknown-linux-gnu,simd-adler32,0.3.9,imp::neon::tests::wiki,full,success,0.13245162200000002,,,,
x86_64-unknown-linux-gnu,simd-adler32,0.3.9,imp::scalar::tests::mixed_short,full,success,0.14000126066666665,,,,
x86_64-unknown-linux-gnu,simd-adler32,0.3.9,imp::scalar::tests::ones_short,full,success,0.17438456466666666,,,,
x86_64-unknown-linux-gnu,simd-adler32,0.3.9,imp::scalar::tests::wiki,full,success,0.1319699046666667,,,,
x86_64-unknown-linux-gnu,simd-adler32,0.3.9,imp::scalar::tests::zeroes_short,full,success,0.16902826433333337,,,,
x86_64-unknown-linux-gnu,simd-adler32,0.3.9,imp::sse2::tests::ones,full,success,0.439111737,,,,
x86_64-unknown-linux-gnu,simd-adler32,0.3.9,imp::sse2::tests::wiki,full,success,0.13110587566666668,,,,
x86_64-unknown-linux-gnu,simd-adler32,0.3.9,imp::sse2::tests::zeroes,full,success,0.45990693900000007,,,,
x86_64-unknown-linux-gnu,simd-adler32,0.3.9,imp::ssse3::tests::ones,full,success,0.448842738,,,,
x86_64-unknown-linux-gnu,simd-adler32,0.3.9,imp::ssse3::tests::wiki,full,success,0.13087592366666667,,,,
x86_64-unknown-linux-gnu,simd-adler32,0.3.9,imp::ssse3::tests::zeroes,full,success,0.4381049883333334,,,,
x86_64-unknown-linux-gnu,simd-adler32,0.3.9,imp::wasm::tests::ones,full,success,0.129527732,,,,
x86_64-unknown-linux-gnu,simd-adler32,0.3.9,imp::wasm::tests::random,full,success,0.130912296,,,,
x86_64-unknown-linux-gnu,simd-adler32,0.3.9,imp::wasm::tests::wiki,full,success,0.12960844800000001,,,,
x86_64-unknown-linux-gnu,simd-adler32,0.3.9,imp::wasm::tests::zeroes,full,success,0.13210881366666669,,,,
x86_64-unknown-linux-gnu,simd-adler32,0.3.9,tests::test_from_checksum,full,success,0.13319884133333335,,,,
x86_64-unknown-linux-gnu,siphasher,1.0.3,tests128::test_siphash128_1_3,full,success,0.1351742956666667,,,,
x86_64-unknown-linux-gnu,siphasher,1.0.3,tests128::test_siphash128_2_4,full,success,0.12833618866666666,,,,
x86_64-unknown-linux-gnu,siphasher,1.0.3,tests128::test_siphash128_idempotent,full,success,0.12895859433333334,,,,
x86_64-unknown-linux-gnu,siphasher,1.0.3,tests128::test_siphash128_incremental,full,success,0.12864976333333333,,,,
x86_64-unknown-linux-gnu,siphasher,1.0.3,tests128::test_siphash128_simple,full,success,0.12947022700000002,,,,
x86_64-unknown-linux-gnu,siphasher,1.0.3,tests::test_hash_idempotent,full,success,0.13429712766666668,,,,
x86_64-unknown-linux-gnu,siphasher,1.0.3,tests::test_hash_incremental,full,success,0.12967727033333334,,,,
x86_64-unknown-linux-gnu,siphasher,1.0.3,tests::test_hash_no_bytes_dropped_32,full,success,0.12483792,,,,
x86_64-unknown-linux-gnu,siphasher,1.0.3,tests::test_hash_no_bytes_dropped_64,full,success,0.12796809966666667,,,,
x86_64-unknown-linux-gnu,siphasher,1.0.3,tests::test_hash_no_concat_alias,full,success,0.1306039826666667,,,,
x86_64-unknown-linux-gnu,siphasher,1.0.3,tests::test_hash_simple,full,success,0.12852217533333335,,,,
x86_64-unknown-linux-gnu,siphasher,1.0.3,tests::test_siphash_1_3,full,success,0.190643527,,,,
x86_64-unknown-linux-gnu,siphasher,1.0.3,tests::test_siphash_2_4,full,success,0.1952956876666667,,,,
x86_64-unknown-linux-gnu,smallvec,1.15.1,tests::drain,full,success,0.11195337000000001,,,,
x86_64-unknown-linux-gnu,smallvec,1.15.1,tests::drain_forget,full,success,0.11139471366666669,,,,
x86_64-unknown-linux-gnu,smallvec,1.15.1,tests::drain_overflow,full,success,0.11062479833333334,,,,
x86_64-unknown-linux-gnu,smallvec,1.15.1,tests::drain_rev,full,success,0.10956841,,,,
x86_64-unknown-linux-gnu,smallvec,1.15.1,tests::empty_macro,full,success,0.10930246633333333,,,,
x86_64-unknown-linux-gnu,smallvec,1.15.1,tests::grow_spilled_same_size,full,success,0.11601780666666668,,,,
x86_64-unknown-linux-gnu,smallvec,1.15.1,tests::grow_to_shrink,full,success,0.11264140366666668,,,,
x86_64-unknown-linux-gnu,smallvec,1.15.1,tests::insert_many_panic::panic_early_at_end,full,success,0.12379655066666667,,,,
x86_64-unknown-linux-gnu,smallvec,1.15.1,tests::insert_many_panic::panic_early_at_start,full,success,0.11610318800000001,,,,
x86_64-unknown-linux-gnu,smallvec,1.15.1,tests::insert_many_panic::panic_early_in_middle,full,success,0.11376084366666668,,,,
x86_64-unknown-linux-gnu,smallvec,1.15.1,tests::insert_many_panic::panic_late_at_end,full,success,0.11378900666666668,,,,
x86_64-unknown-linux-gnu,smallvec,1.15.1,tests::insert_many_panic::panic_late_at_start,full,success,0.11207254633333334,,,,
x86_64-unknown-linux-gnu,smallvec,1.15.1,tests::into_iter,full,success,0.10817372200000001,,,,
x86_64-unknown-linux-gnu,smallvec,1.15.1,tests::into_iter_drop,full,success,0.11086388133333334,,,,
x86_64-unknown-linux-gnu,smallvec,1.15.1,tests::into_iter_rev,full,success,0.11092915933333335,,,,
x86_64-unknown-linux-gnu,smallvec,1.15.1,tests::issue_4,full,success,0.11089470400000001,,,,
x86_64-unknown-linux-gnu,smallvec,1.15.1,tests::issue_5,full,success,0.11380065233333335,,,,
x86_64-unknown-linux-gnu,smallvec,1.15.1,tests::max_dont_panic,full,success,0.11332527033333334,,,,
x86_64-unknown-linux-gnu,smallvec,1.15.1,tests::max_remove,full,success,0.11211744866666667,,,,
x86_64-unknown-linux-gnu,smallvec,1.15.1,tests::max_swap_remove,full,success,0.11112735166666667,,,,
x86_64-unknown-linux-gnu,smallvec,1.15.1,tests::resumable_extend,full,success,0.11643710700000003,,,,
x86_64-unknown-linux-gnu,smallvec,1.15.1,tests::shrink_to_fit_unspill,full,success,0.10723888566666667,,,,
x86_64-unknown-linux-gnu,smallvec,1.15.1,tests::test_as_mut,full,success,0.10687837800000001,,,,
x86_64-unknown-linux-gnu,smallvec,1.15.1,tests::test_as_ref,full,success,0.10747898600000001,,,,
x86_64-unknown-linux-gnu,smallvec,1.15.1,tests::test_borrow,full,success,0.113114444,,,,
x86_64-unknown-linux-gnu,smallvec,1.15.1,tests::test_borrow_mut,full,success,0.112037689,,,,
x86_64-unknown-linux-gnu,smallvec,1.15.1,tests::test_capacity,full,success,0.10834562266666665,,,,
x86_64-unknown-linux-gnu,smallvec,1.15.1,tests::test_clone_from,full,success,0.11123462333333334,,,,
x86_64-unknown-linux-gnu,smallvec,1.15.1,tests::test_dedup,full,success,0.11089460966666669,,,,
x86_64-unknown-linux-gnu,smallvec,1.15.1,tests::test_double_spill,full,success,0.11119837566666668,,,,
x86_64-unknown-linux-gnu,smallvec,1.15.1,tests::test_drop_panic_smallvec,full,success,0.11048260500000001,,,,
x86_64-unknown-linux-gnu,smallvec,1.15.1,tests::test_eq,full,success,0.11021800799999999,,,,
x86_64-unknown-linux-gnu,smallvec,1.15.1,tests::test_exact_size_iterator,full,success,0.10861319733333334,,,,
x86_64-unknown-linux-gnu,smallvec,1.15.1,tests::test_extend_from_slice,full,success,0.10831655866666667,,,,
x86_64-unknown-linux-gnu,smallvec,1.15.1,tests::test_from,full,success,0.11016152633333336,,,,
x86_64-unknown-linux-gnu,smallvec,1.15.1,tests::test_from_slice,full,success,0.10952159033333335,,,,
x86_64-unknown-linux-gnu,smallvec,1.15.1,tests::test_from_vec,full,success,0.11044683133333334,,,,
x86_64-unknown-linux-gnu,smallvec,1.15.1,tests::test_hash,full,success,0.11476444633333334,,,,
x86_64-unknown-linux-gnu,smallvec,1.15.1,tests::test_inline,full,success,0.108299463,,,,
x86_64-unknown-linux-gnu,smallvec,1.15.1,tests::test_insert_from_slice,full,success,0.11465368333333333,,,,
x86_64-unknown-linux-gnu,smallvec,1.15.1,tests::test_insert_many,full,success,0.110000235,,,,
x86_64-unknown-linux-gnu,smallvec,1.15.1,tests::test_insert_many_long_hint,full,success,0.112379399,,,,
x86_64-unknown-linux-gnu,smallvec,1.15.1,tests::test_insert_many_overflow,full,success,0.10811317166666667,,,,
x86_64-unknown-linux-gnu,smallvec,1.15.1,tests::test_insert_many_short_hint,full,success,0.10787633466666668,,,,
x86_64-unknown-linux-gnu,smallvec,1.15.1,tests::test_insert_out_of_bounds,full,success,0.11084733100000001,,,,
x86_64-unknown-linux-gnu,smallvec,1.15.1,tests::test_into_inner,full,success,0.10931526266666668,,,,
x86_64-unknown-linux-gnu,smallvec,1.15.1,tests::test_into_iter_as_slice,full,success,0.11081844433333334,,,,
x86_64-unknown-linux-gnu,smallvec,1.15.1,tests::test_into_iter_clone,full,success,0.106839064,,,,
x86_64-unknown-linux-gnu,smallvec,1.15.1,tests::test_into_iter_clone_empty_smallvec,full,success,0.11824109733333334,,,,
x86_64-unknown-linux-gnu,smallvec,1.15.1,tests::test_into_iter_clone_partially_consumed_iterator,full,success,0.11063410766666666,,,,
x86_64-unknown-linux-gnu,smallvec,1.15.1,tests::test_into_vec,full,success,0.10719274433333335,,,,
x86_64-unknown-linux-gnu,smallvec,1.15.1,tests::test_invalid_grow,full,success,0.11747192733333334,,,,
x86_64-unknown-linux-gnu,smallvec,1.15.1,tests::test_ord,full,success,0.10883126933333336,,,,
x86_64-unknown-linux-gnu,smallvec,1.15.1,tests::test_resize,full,success,0.111142951,,,,
x86_64-unknown-linux-gnu,smallvec,1.15.1,tests::test_retain,full,success,0.11136059466666669,,,,
x86_64-unknown-linux-gnu,smallvec,1.15.1,tests::test_size,full,success,0.10881333233333335,,,,
x86_64-unknown-linux-gnu,smallvec,1.15.1,tests::test_spill,full,success,0.10959477466666667,,,,
x86_64-unknown-linux-gnu,smallvec,1.15.1,tests::test_truncate,full,success,0.11070284233333334,,,,
x86_64-unknown-linux-gnu,smallvec,1.15.1,tests::test_with_capacity,full,success,0.10993437466666667,,,,
x86_64-unknown-linux-gnu,smallvec,1.15.1,tests::test_zero,full,success,0.11147829066666669,,,,
x86_64-unknown-linux-gnu,smallvec,1.15.1,tests::uninhabited,full,success,0.108017445,,,,
x86_64-unknown-linux-gnu,smallvec,1.15.1,tests::zero_size_items,full,success,0.11116600866666666,,,,
x86_64-unknown-linux-gnu,socket2,0.6.2,sockaddr::tests::ipv4,full,success,0.13423163166666668,,,,
x86_64-unknown-linux-gnu,socket2,0.6.2,sockaddr::tests::ipv4_eq,full,success,0.132741463,,,,
x86_64-unknown-linux-gnu,socket2,0.6.2,sockaddr::tests::ipv4_hash,full,success,0.13297648133333334,,,,
x86_64-unknown-linux-gnu,socket2,0.6.2,sockaddr::tests::ipv4_ipv6_eq,full,success,0.13263890033333334,,,,
x86_64-unknown-linux-gnu,socket2,0.6.2,sockaddr::tests::ipv4_ipv6_hash,full,success,0.13600661933333336,,,,
x86_64-unknown-linux-gnu,socket2,0.6.2,sockaddr::tests::ipv6,full,success,0.13328511666666668,,,,
x86_64-unknown-linux-gnu,socket2,0.6.2,sockaddr::tests::ipv6_eq,full,success,0.13853038566666667,,,,
x86_64-unknown-linux-gnu,socket2,0.6.2,sockaddr::tests::ipv6_hash,full,success,0.13440555966666667,,,,
x86_64-unknown-linux-gnu,socket2,0.6.2,sys::in6_addr_convertion,full,success,0.133889118,,,,
x86_64-unknown-linux-gnu,socket2,0.6.2,sys::in_addr_convertion,full,success,0.13175250833333332,,,,
x86_64-unknown-linux-gnu,spin,0.12.0,barrier::tests::test_barrier,full,success,0.8387213443333333,,,,
x86_64-unknown-linux-gnu,spin,0.12.0,mutex::spin::tests::lots_and_lots,full,success,0.3268164746666667,,,,
x86_64-unknown-linux-gnu,spin,0.12.0,mutex::spin::tests::smoke,full,success,0.13869099800000004,,,,
x86_64-unknown-linux-gnu,spin,0.12.0,mutex::spin::tests::test_into_inner,full,success,0.13329059533333334,,,,
x86_64-unknown-linux-gnu,spin,0.12.0,mutex::spin::tests::test_into_inner_drop,full,success,0.13467020966666668,,,,
x86_64-unknown-linux-gnu,spin,0.12.0,mutex::spin::tests::test_mutex_arc_access_in_unwind,full,success,0.13486951733333333,,,,
x86_64-unknown-linux-gnu,spin,0.12.0,mutex::spin::tests::test_mutex_arc_nested,full,success,0.13297572466666666,,,,
x86_64-unknown-linux-gnu,spin,0.12.0,mutex::spin::tests::test_mutex_force_lock,full,success,0.13183945000000002,,,,
x86_64-unknown-linux-gnu,spin,0.12.0,mutex::spin::tests::test_mutex_unsized,full,success,0.13528949733333331,,,,
x86_64-unknown-linux-gnu,spin,0.12.0,mutex::spin::tests::try_lock,full,success,0.13563604033333335,,,,
x86_64-unknown-linux-gnu,spin,0.12.0,once::tests::call_once_test,full,success,0.4912123386666667,,,,
x86_64-unknown-linux-gnu,spin,0.12.0,once::tests::drop_occurs_and_skip_uninit_drop,full,success,0.12840961733333334,,,,
x86_64-unknown-linux-gnu,spin,0.12.0,once::tests::get,full,success,0.1299593986666667,,,,
x86_64-unknown-linux-gnu,spin,0.12.0,once::tests::get_no_wait,full,success,3.1329468933333335,,,,
x86_64-unknown-linux-gnu,spin,0.12.0,once::tests::init_constant,full,success,0.13080865,,,,
x86_64-unknown-linux-gnu,spin,0.12.0,once::tests::init_from_ref_basic,full,success,0.127275006,,,,
x86_64-unknown-linux-gnu,spin,0.12.0,once::tests::panic,full,success,0.13629312366666668,,,,
x86_64-unknown-linux-gnu,spin,0.12.0,once::tests::poll,full,success,0.132214932,,,,
x86_64-unknown-linux-gnu,spin,0.12.0,once::tests::smoke_once,full,success,0.127428511,,,,
x86_64-unknown-linux-gnu,spin,0.12.0,once::tests::smoke_once_value,full,success,0.13686257166666668,,,,
x86_64-unknown-linux-gnu,spin,0.12.0,once::tests::stampede_once,full,success,0.14670869066666667,,,,
x86_64-unknown-linux-gnu,spin,0.12.0,once::tests::try_call_once_err,full,success,0.18804850166666665,,,,
x86_64-unknown-linux-gnu,spin,0.12.0,once::tests::wait,full,success,0.13394874066666665,,,,
x86_64-unknown-linux-gnu,spin,0.12.0,rwlock::tests::smoke,full,success,0.12669297833333334,,,,
x86_64-unknown-linux-gnu,spin,0.12.0,rwlock::tests::test_force_read_decrement,full,success,0.13515385166666669,,,,
x86_64-unknown-linux-gnu,spin,0.12.0,rwlock::tests::test_force_write_unlock,full,success,0.1276372796666667,,,,
x86_64-unknown-linux-gnu,spin,0.12.0,rwlock::tests::test_into_inner,full,success,0.129496654,,,,
x86_64-unknown-linux-gnu,spin,0.12.0,rwlock::tests::test_into_inner_drop,full,success,0.12848497733333333,,,,
x86_64-unknown-linux-gnu,spin,0.12.0,rwlock::tests::test_rw_access_in_unwind,full,success,0.14109356066666667,,,,
x86_64-unknown-linux-gnu,spin,0.12.0,rwlock::tests::test_rw_arc,full,success,0.1386140796666667,,,,
x86_64-unknown-linux-gnu,spin,0.12.0,rwlock::tests::test_rw_try_read,full,success,0.131899397,,,,
x86_64-unknown-linux-gnu,spin,0.12.0,rwlock::tests::test_rwlock_try_write,full,success,0.12849667633333337,,,,
x86_64-unknown-linux-gnu,spin,0.12.0,rwlock::tests::test_rwlock_unsized,full,success,0.12938937033333334,,,,
x86_64-unknown-linux-gnu,spin,0.12.0,rwlock::tests::test_upgrade_downgrade,full,success,0.13157386333333335,,,,
x86_64-unknown-linux-gnu,thread_local,1.1.9,tests::different_thread,full,success,0.14646469666666667,,,,
x86_64-unknown-linux-gnu,thread_local,1.1.9,tests::is_sync,full,success,0.12846762766666667,,,,
x86_64-unknown-linux-gnu,thread_local,1.1.9,tests::iter,full,success,0.15069005100000002,,,,
x86_64-unknown-linux-gnu,thread_local,1.1.9,tests::miri_iter_soundness_check,full,success,0.14815537766666667,,,,
x86_64-unknown-linux-gnu,thread_local,1.1.9,tests::same_thread,full,success,0.16465716466666666,,,,
x86_64-unknown-linux-gnu,thread_local,1.1.9,tests::test_drop,full,success,0.13928437933333335,,,,
x86_64-unknown-linux-gnu,thread_local,1.1.9,tests::test_earlyreturn_buckets,full,success,0.35585851300000004,,,,
x86_64-unknown-linux-gnu,thread_local,1.1.9,thread_id::test_thread,full,success,0.130955501,,,,
x86_64-unknown-linux-gnu,tinystr,0.8.3,ascii::test::from_utf16_lossy_rejects_non_ascii_replacement,full,success,0.13112460533333334,,,,
x86_64-unknown-linux-gnu,tinystr,0.8.3,ascii::test::from_utf8_lossy_rejects_non_ascii_replacement,full,success,0.13091028466666668,,,,
x86_64-unknown-linux-gnu,tinystr,0.8.3,ascii::test::from_utf8_lossy_rejects_null_replacement,full,success,0.15129671700000002,,,,
x86_64-unknown-linux-gnu,tinystr,0.8.3,ascii::test::lossy_constructor,full,success,0.128336635,,,,
x86_64-unknown-linux-gnu,tinystr,0.8.3,ascii::test::test_is_ascii_alphabetic,full,success,1.6962516810000003,,,,
x86_64-unknown-linux-gnu,tinystr,0.8.3,ascii::test::test_is_ascii_alphabetic_lowercase,full,success,1.7083734250000002,,,,
x86_64-unknown-linux-gnu,tinystr,0.8.3,ascii::test::test_is_ascii_alphabetic_titlecase,full,success,1.7154594393333333,,,,
x86_64-unknown-linux-gnu,tinystr,0.8.3,ascii::test::test_is_ascii_alphabetic_uppercase,full,success,1.7071540293333334,,,,
x86_64-unknown-linux-gnu,tinystr,0.8.3,ascii::test::test_is_ascii_alphanumeric,full,success,1.7092794033333334,,,,
x86_64-unknown-linux-gnu,tinystr,0.8.3,ascii::test::test_is_ascii_lowercase,full,success,1.6861857750000002,,,,
x86_64-unknown-linux-gnu,tinystr,0.8.3,ascii::test::test_is_ascii_numeric,full,success,1.6742344823333333,,,,
x86_64-unknown-linux-gnu,tinystr,0.8.3,ascii::test::test_is_ascii_titlecase,full,success,1.6663576093333334,,,,
x86_64-unknown-linux-gnu,tinystr,0.8.3,ascii::test::test_is_ascii_uppercase,full,success,1.662432646,,,,
x86_64-unknown-linux-gnu,tinystr,0.8.3,ascii::test::test_to_ascii_lowercase,full,success,2.2769054966666666,,,,
x86_64-unknown-linux-gnu,tinystr,0.8.3,ascii::test::test_to_ascii_titlecase,full,success,2.313082903,,,,
x86_64-unknown-linux-gnu,tinystr,0.8.3,ascii::test::test_to_ascii_uppercase,full,success,2.2790320403333335,,,,
x86_64-unknown-linux-gnu,tinystr,0.8.3,macros::tests::test_macro_construction,full,success,0.13147560500000002,,,,
x86_64-unknown-linux-gnu,tinystr,0.8.3,test_size,full,success,0.125592505,,,,
x86_64-unknown-linux-gnu,tower-http,0.6.11,classify::grpc_errors_as_failures::tests::basic_error,full,success,0.11477509000000001,,,,
x86_64-unknown-linux-gnu,tower-http,0.6.11,classify::grpc_errors_as_failures::tests::basic_ok,full,success,0.107915208,,,,
x86_64-unknown-linux-gnu,tower-http,0.6.11,classify::grpc_errors_as_failures::tests::grpc_code_from_i32_known_codes,full,success,0.10748350266666667,,,,
x86_64-unknown-linux-gnu,tower-http,0.6.11,classify::grpc_errors_as_failures::tests::grpc_code_from_i32_unknown_codes,full,success,0.11153979200000001,,,,
x86_64-unknown-linux-gnu,tower-http,0.6.11,classify::grpc_errors_as_failures::tests::grpc_code_from_non_zero_i32,full,success,0.10997338766666669,,,,
x86_64-unknown-linux-gnu,tower-http,0.6.11,classify::grpc_errors_as_failures::tests::two_success_codes_first_matches,full,success,0.11786663800000001,,,,
x86_64-unknown-linux-gnu,tower-http,0.6.11,classify::grpc_errors_as_failures::tests::two_success_codes_none_matches,full,success,0.11571652333333333,,,,
x86_64-unknown-linux-gnu,tower-http,0.6.11,classify::grpc_errors_as_failures::tests::two_success_codes_second_matches,full,success,0.11245498966666667,,,,
x86_64-unknown-linux-gnu,tower-http,0.6.11,classify::status_in_range_is_error::tests::basic,full,success,0.11059299766666668,,,,
x86_64-unknown-linux-gnu,tracing-core,0.1.36,dispatcher::test::default_dispatch,full,success,0.120752963,,,,
x86_64-unknown-linux-gnu,tracing-core,0.1.36,dispatcher::test::default_no_subscriber,full,success,0.12161606733333334,,,,
x86_64-unknown-linux-gnu,tracing-core,0.1.36,dispatcher::test::dispatch_downcasts,full,success,0.12044023366666667,,,,
x86_64-unknown-linux-gnu,tracing-core,0.1.36,dispatcher::test::dispatch_is,full,success,0.11901305233333333,,,,
x86_64-unknown-linux-gnu,tracing-core,0.1.36,dispatcher::test::events_dont_infinite_loop,full,success,0.12018451633333334,,,,
x86_64-unknown-linux-gnu,tracing-core,0.1.36,dispatcher::test::spans_dont_infinite_loop,full,success,0.12105335099999999,,,,
x86_64-unknown-linux-gnu,tracing-core,0.1.36,field::test::empty_fields_are_skipped,full,success,0.12562391566666667,,,,
x86_64-unknown-linux-gnu,tracing-core,0.1.36,field::test::empty_value_set_is_empty,full,success,0.12186087900000002,,,,
x86_64-unknown-linux-gnu,tracing-core,0.1.36,field::test::fields_from_other_callsets_are_skipped,full,success,0.12357718133333334,,,,
x86_64-unknown-linux-gnu,tracing-core,0.1.36,field::test::index_of_field_in_fieldset_is_correct,full,success,0.12161599900000002,,,,
x86_64-unknown-linux-gnu,tracing-core,0.1.36,field::test::record_bytes,full,success,0.123024282,,,,
x86_64-unknown-linux-gnu,tracing-core,0.1.36,field::test::record_debug_fn,full,success,0.12814479266666667,,,,
x86_64-unknown-linux-gnu,tracing-core,0.1.36,field::test::record_error,full,success,0.13179684700000002,,,,
x86_64-unknown-linux-gnu,tracing-core,0.1.36,field::test::sparse_value_sets_are_not_empty,full,success,0.11966248333333335,,,,
x86_64-unknown-linux-gnu,tracing-core,0.1.36,field::test::value_set_with_no_values_is_empty,full,success,0.12061975433333334,,,,
x86_64-unknown-linux-gnu,tracing-core,0.1.36,field::test::value_sets_with_fields_from_other_callsites_are_empty,full,success,0.12096692766666667,,,,
x86_64-unknown-linux-gnu,tracing-core,0.1.36,metadata::tests::filter_level_conversion,full,success,0.12263739166666669,,,,
x86_64-unknown-linux-gnu,tracing-core,0.1.36,metadata::tests::level_filter_is_usize_sized,full,success,0.12939163533333334,,,,
x86_64-unknown-linux-gnu,tracing-core,0.1.36,metadata::tests::level_filter_reprs,full,test_failed,,assertion `left == right` failed: repr changed for LevelFilter::OFF,src/metadata.rs:1119:13,https://github.com/BorrowSanitizer/bsan/actions/runs/37211270787/job/111463774964,"thread 'metadata::tests::level_filter_reprs' (441) panicked at src/metadata.rs:1119:13:
assertion `left == right` failed: repr changed for LevelFilter::OFF
  left: 5
 right: 18446744073709551615
note: run with `RUST_BACKTRACE=1` environment variable to display a backtrace
test metadata::tests::level_filter_reprs ... FAILED

failures:

failures:
    metadata::tests::level_filter_reprs

test result: FAILED. 0 passed; 1 failed; 0 ignored; 0 measured; 19 filtered out; finished in 0.02s
"
x86_64-unknown-linux-gnu,tracing-core,0.1.36,metadata::tests::level_from_str,full,success,0.12879932100000002,,,,
x86_64-unknown-linux-gnu,tracing-log,0.2.0,test::debug_callsite_is_correct,full,success,0.10560475200000001,,,,
x86_64-unknown-linux-gnu,tracing-log,0.2.0,test::error_callsite_is_correct,full,success,0.10928543366666667,,,,
x86_64-unknown-linux-gnu,tracing-log,0.2.0,test::info_callsite_is_correct,full,success,0.10510046266666667,,,,
x86_64-unknown-linux-gnu,tracing-log,0.2.0,test::trace_callsite_is_correct,full,success,0.105411086,,,,
x86_64-unknown-linux-gnu,tracing-log,0.2.0,test::warn_callsite_is_correct,full,success,0.110003501,,,,
x86_64-unknown-linux-gnu,tungstenite,0.29.0,buffer::tests::reading_in_chunks,full,success,0.1409827456666667,,,,
x86_64-unknown-linux-gnu,tungstenite,0.29.0,buffer::tests::simple_reading,full,success,0.13168233033333332,,,,
x86_64-unknown-linux-gnu,tungstenite,0.29.0,error::test::error_size,full,success,0.13283161233333332,,,,
x86_64-unknown-linux-gnu,tungstenite,0.29.0,error::test::protocol_error_size,full,success,0.13138756133333332,,,,
x86_64-unknown-linux-gnu,tungstenite,0.29.0,error::test::tls_error_size,full,success,0.132715138,,,,
x86_64-unknown-linux-gnu,tungstenite,0.29.0,handshake::client::tests::invalid_custom_request,full,success,0.135344559,,,,
x86_64-unknown-linux-gnu,tungstenite,0.29.0,handshake::client::tests::random_keys,full,success,0.16018876700000004,,,,
x86_64-unknown-linux-gnu,tungstenite,0.29.0,handshake::client::tests::request_formatting,full,success,0.18251019766666668,,,,
x86_64-unknown-linux-gnu,tungstenite,0.29.0,handshake::client::tests::request_formatting_with_at,full,success,0.17536775833333337,,,,
x86_64-unknown-linux-gnu,tungstenite,0.29.0,handshake::client::tests::request_formatting_with_host,full,success,0.18017877466666668,,,,
x86_64-unknown-linux-gnu,tungstenite,0.29.0,handshake::client::tests::request_with_latin1_header,full,success,0.31271927000000005,,,,
x86_64-unknown-linux-gnu,tungstenite,0.29.0,handshake::client::tests::request_with_non_ascii_header,full,success,0.324223776,,,,
x86_64-unknown-linux-gnu,tungstenite,0.29.0,handshake::client::tests::response_parsing,full,success,0.14834821500000003,,,,
x86_64-unknown-linux-gnu,tungstenite,0.29.0,handshake::headers::tests::headers,full,success,0.145415686,,,,
x86_64-unknown-linux-gnu,tungstenite,0.29.0,handshake::headers::tests::headers_incomplete,full,success,0.13583247833333334,,,,
x86_64-unknown-linux-gnu,tungstenite,0.29.0,handshake::headers::tests::headers_iter,full,success,0.15388810866666666,,,,
x86_64-unknown-linux-gnu,tungstenite,0.29.0,handshake::server::tests::request_parsing,full,success,0.1388086066666667,,,,
x86_64-unknown-linux-gnu,tungstenite,0.29.0,handshake::server::tests::request_replying,full,success,0.19623015300000002,,,,
x86_64-unknown-linux-gnu,tungstenite,0.29.0,handshake::tests::key_conversion,full,success,0.15831261666666666,,,,
x86_64-unknown-linux-gnu,tungstenite,0.29.0,protocol::frame::coding::tests::closecode_from_u16,full,success,0.13703060033333334,,,,
x86_64-unknown-linux-gnu,tungstenite,0.29.0,protocol::frame::coding::tests::closecode_into_u16,full,success,0.13501999666666667,,,,
x86_64-unknown-linux-gnu,tungstenite,0.29.0,protocol::frame::coding::tests::opcode_from_u8,full,success,0.13152011700000002,,,,
x86_64-unknown-linux-gnu,tungstenite,0.29.0,protocol::frame::coding::tests::opcode_into_u8,full,success,0.1384203363333333,,,,
x86_64-unknown-linux-gnu,tungstenite,0.29.0,protocol::frame::frame::tests::display,full,success,0.13896791066666667,,,,
x86_64-unknown-linux-gnu,tungstenite,0.29.0,protocol::frame::frame::tests::format,full,success,0.13921677166666668,,,,
x86_64-unknown-linux-gnu,tungstenite,0.29.0,protocol::frame::frame::tests::format_into_buf,full,success,0.14240884166666667,,,,
x86_64-unknown-linux-gnu,tungstenite,0.29.0,protocol::frame::frame::tests::parse,full,success,0.13616849833333333,,,,
x86_64-unknown-linux-gnu,tungstenite,0.29.0,protocol::frame::mask::tests::test_apply_mask,full,success,0.214629184,,,,
x86_64-unknown-linux-gnu,tungstenite,0.29.0,protocol::frame::tests::from_partially_read,full,success,0.137315543,,,,
x86_64-unknown-linux-gnu,tungstenite,0.29.0,protocol::frame::tests::parse_overflow,full,success,0.13393960966666665,,,,
x86_64-unknown-linux-gnu,tungstenite,0.29.0,protocol::frame::tests::read_frames,full,success,0.1380388886666667,,,,
x86_64-unknown-linux-gnu,tungstenite,0.29.0,protocol::frame::tests::size_limit_hit,full,success,0.14085255266666666,,,,
x86_64-unknown-linux-gnu,tungstenite,0.29.0,protocol::frame::tests::write_frames,full,success,0.13872483933333335,,,,
x86_64-unknown-linux-gnu,tungstenite,0.29.0,protocol::frame::utf8::tests::hash_consistency,full,success,0.13384595166666668,,,,
x86_64-unknown-linux-gnu,tungstenite,0.29.0,protocol::message::tests::binary_convert,full,success,0.14033493,,,,
x86_64-unknown-linux-gnu,tungstenite,0.29.0,protocol::message::tests::binary_convert_bytes,full,success,0.13302343066666666,,,,
x86_64-unknown-linux-gnu,tungstenite,0.29.0,protocol::message::tests::binary_convert_into_bytes,full,success,0.13420826100000002,,,,
x86_64-unknown-linux-gnu,tungstenite,0.29.0,protocol::message::tests::binary_convert_vec,full,success,0.133919325,,,,
x86_64-unknown-linux-gnu,tungstenite,0.29.0,protocol::message::tests::display,full,success,0.13907753933333333,,,,
x86_64-unknown-linux-gnu,tungstenite,0.29.0,protocol::message::tests::text_convert,full,success,0.138102261,,,,
x86_64-unknown-linux-gnu,tungstenite,0.29.0,protocol::tests::receive_messages,full,success,0.1496719606666667,,,,
x86_64-unknown-linux-gnu,tungstenite,0.29.0,protocol::tests::size_limiting_binary,full,success,0.14244499700000002,,,,
x86_64-unknown-linux-gnu,tungstenite,0.29.0,protocol::tests::size_limiting_text_fragmented,full,success,0.139288105,,,,
x86_64-unknown-linux-gnu,twox-hash,2.1.2,xxhash32::random_impl::test::can_be_used_in_a_hashmap_with_a_random_seed,full,success,0.13791852000000002,,,,
x86_64-unknown-linux-gnu,twox-hash,2.1.2,xxhash32::test::can_be_used_in_a_hashmap_with_a_default_seed,full,success,0.13368893566666668,,,,
x86_64-unknown-linux-gnu,twox-hash,2.1.2,xxhash32::test::hash_of_multiple_bytes_matches_c_implementation,full,success,0.12961421633333334,,,,
x86_64-unknown-linux-gnu,twox-hash,2.1.2,xxhash32::test::hash_of_multiple_chunks_matches_c_implementation,full,success,0.14444931133333333,,,,
x86_64-unknown-linux-gnu,twox-hash,2.1.2,xxhash32::test::hash_of_nothing_matches_c_implementation,full,success,0.13126380933333334,,,,
x86_64-unknown-linux-gnu,twox-hash,2.1.2,xxhash32::test::hash_of_single_byte_matches_c_implementation,full,success,0.12909411766666667,,,,
x86_64-unknown-linux-gnu,twox-hash,2.1.2,xxhash32::test::hash_with_different_seed_and_multiple_chunks_matches_c_implementation,full,success,0.13732043600000002,,,,
x86_64-unknown-linux-gnu,twox-hash,2.1.2,xxhash32::test::hash_with_different_seed_matches_c_implementation,full,success,0.12865455666666667,,,,
x86_64-unknown-linux-gnu,twox-hash,2.1.2,xxhash32::test::ingesting_byte_by_byte_is_equivalent_to_large_chunks,full,success,0.15717621033333332,,,,
x86_64-unknown-linux-gnu,twox-hash,2.1.2,xxhash3::streaming::test::secret_buffer_allocate_default_is_valid,full,success,0.131980899,,,,
x86_64-unknown-linux-gnu,twox-hash,2.1.2,xxhash3::streaming::test::secret_buffer_allocate_with_seed_is_valid,full,success,0.12937431566666668,,,,
x86_64-unknown-linux-gnu,twox-hash,2.1.2,xxhash3::streaming::test::secret_buffer_default_is_valid,full,success,0.12823077600000002,,,,
x86_64-unknown-linux-gnu,twox-hash,2.1.2,xxhash3::test::backported_as_chunks,full,success,0.131493357,,,,
x86_64-unknown-linux-gnu,twox-hash,2.1.2,xxhash3::test::backported_as_rchunks,full,success,0.1337717216666667,,,,
x86_64-unknown-linux-gnu,twox-hash,2.1.2,xxhash3::test::default_secret_is_valid,full,success,0.12852049499999998,,,,
x86_64-unknown-linux-gnu,twox-hash,2.1.2,xxhash3_128::test::oneshot_129_to_240_bytes,full,success,0.2641922013333334,,,,
x86_64-unknown-linux-gnu,twox-hash,2.1.2,xxhash3_128::test::oneshot_17_to_128_bytes,full,success,0.19279279966666665,,,,
x86_64-unknown-linux-gnu,twox-hash,2.1.2,xxhash3_128::test::oneshot_1_to_3_bytes,full,success,0.13185520166666667,,,,
x86_64-unknown-linux-gnu,twox-hash,2.1.2,xxhash3_128::test::oneshot_241_plus_bytes,full,success,1.483566229,,,,
x86_64-unknown-linux-gnu,twox-hash,2.1.2,xxhash3_128::test::oneshot_4_to_8_bytes,full,success,0.137918862,,,,
x86_64-unknown-linux-gnu,twox-hash,2.1.2,xxhash3_128::test::oneshot_9_to_16_bytes,full,success,0.13441386,,,,
x86_64-unknown-linux-gnu,twox-hash,2.1.2,xxhash3_128::test::oneshot_empty,full,success,0.13850310500000004,,,,
x86_64-unknown-linux-gnu,twox-hash,2.1.2,xxhash3_128::test::streaming_129_to_240_bytes,full,success,8.119235287,,,,
x86_64-unknown-linux-gnu,twox-hash,2.1.2,xxhash3_128::test::streaming_17_to_128_bytes,full,success,1.5686217903333333,,,,
x86_64-unknown-linux-gnu,twox-hash,2.1.2,xxhash3_128::test::streaming_1_to_3_bytes,full,success,0.13307300966666666,,,,
x86_64-unknown-linux-gnu,twox-hash,2.1.2,xxhash3_128::test::streaming_4_to_8_bytes,full,success,0.145167556,,,,
x86_64-unknown-linux-gnu,twox-hash,2.1.2,xxhash3_128::test::streaming_9_to_16_bytes,full,success,0.19577426266666667,,,,
x86_64-unknown-linux-gnu,twox-hash,2.1.2,xxhash3_128::test::streaming_empty,full,success,0.13298776833333334,,,,
x86_64-unknown-linux-gnu,twox-hash,2.1.2,xxhash3_64::test::oneshot_129_to_240_bytes,full,success,0.25281359166666667,,,,
x86_64-unknown-linux-gnu,twox-hash,2.1.2,xxhash3_64::test::oneshot_17_to_128_bytes,full,success,0.20177078266666668,,,,
x86_64-unknown-linux-gnu,twox-hash,2.1.2,xxhash3_64::test::oneshot_1_to_3_bytes,full,success,0.13041290533333333,,,,
x86_64-unknown-linux-gnu,twox-hash,2.1.2,xxhash3_64::test::oneshot_241_plus_bytes,full,success,1.4660281640000001,,,,
x86_64-unknown-linux-gnu,twox-hash,2.1.2,xxhash3_64::test::oneshot_4_to_8_bytes,full,success,0.13086743199999998,,,,
x86_64-unknown-linux-gnu,twox-hash,2.1.2,xxhash3_64::test::oneshot_9_to_16_bytes,full,success,0.137077646,,,,
x86_64-unknown-linux-gnu,twox-hash,2.1.2,xxhash3_64::test::oneshot_empty,full,success,0.130041048,,,,
x86_64-unknown-linux-gnu,twox-hash,2.1.2,xxhash3_64::test::oneshot_with_seed,full,success,0.29037978933333336,,,,
x86_64-unknown-linux-gnu,twox-hash,2.1.2,xxhash3_64::test::streaming_129_to_240_bytes,full,success,7.985282258000001,,,,
x86_64-unknown-linux-gnu,twox-hash,2.1.2,xxhash3_64::test::streaming_17_to_128_bytes,full,success,1.5597975836666667,,,,
x86_64-unknown-linux-gnu,twox-hash,2.1.2,xxhash3_64::test::streaming_1_to_3_bytes,full,success,0.13593782566666668,,,,
x86_64-unknown-linux-gnu,twox-hash,2.1.2,xxhash3_64::test::streaming_4_to_8_bytes,full,success,0.14561506400000002,,,,
x86_64-unknown-linux-gnu,twox-hash,2.1.2,xxhash3_64::test::streaming_9_to_16_bytes,full,success,0.19292398233333338,,,,
x86_64-unknown-linux-gnu,twox-hash,2.1.2,xxhash3_64::test::streaming_empty,full,success,0.13199578033333334,,,,
x86_64-unknown-linux-gnu,twox-hash,2.1.2,xxhash64::random_impl::test::can_be_used_in_a_hashmap_with_a_random_seed,full,success,0.13460340666666668,,,,
x86_64-unknown-linux-gnu,twox-hash,2.1.2,xxhash64::test::can_be_used_in_a_hashmap_with_a_default_seed,full,success,0.13506272633333335,,,,
x86_64-unknown-linux-gnu,twox-hash,2.1.2,xxhash64::test::hash_of_multiple_bytes_matches_c_implementation,full,success,0.13323414433333333,,,,
x86_64-unknown-linux-gnu,twox-hash,2.1.2,xxhash64::test::hash_of_multiple_chunks_matches_c_implementation,full,success,0.14246244700000002,,,,
x86_64-unknown-linux-gnu,twox-hash,2.1.2,xxhash64::test::hash_of_nothing_matches_c_implementation,full,success,0.13091911766666667,,,,
x86_64-unknown-linux-gnu,twox-hash,2.1.2,xxhash64::test::hash_of_single_byte_matches_c_implementation,full,success,0.13667571733333336,,,,
x86_64-unknown-linux-gnu,twox-hash,2.1.2,xxhash64::test::hash_with_different_seed_and_multiple_chunks_matches_c_implementation,full,success,0.14450585933333335,,,,
x86_64-unknown-linux-gnu,twox-hash,2.1.2,xxhash64::test::hash_with_different_seed_matches_c_implementation,full,success,0.1361642736666667,,,,
x86_64-unknown-linux-gnu,twox-hash,2.1.2,xxhash64::test::ingesting_byte_by_byte_is_equivalent_to_large_chunks,full,success,0.1612183316666667,,,,
x86_64-unknown-linux-gnu,unicode-bidi,0.3.18,char_data::tests::test_ascii,full,success,0.14231383733333333,,,,
x86_64-unknown-linux-gnu,unicode-bidi,0.3.18,char_data::tests::test_bmp,full,success,0.14357824233333336,,,,
x86_64-unknown-linux-gnu,unicode-bidi,0.3.18,char_data::tests::test_smp,full,success,0.12798602466666667,,,,
x86_64-unknown-linux-gnu,unicode-bidi,0.3.18,char_data::tests::test_unassigned_planes,full,success,0.1303154086666667,,,,
x86_64-unknown-linux-gnu,unicode-bidi,0.3.18,level::tests::test_has_rtl,full,success,0.13275604866666665,,,,
x86_64-unknown-linux-gnu,unicode-bidi,0.3.18,level::tests::test_into,full,success,0.12927362633333334,,,,
x86_64-unknown-linux-gnu,unicode-bidi,0.3.18,level::tests::test_is_ltr,full,success,0.13230304333333331,,,,
x86_64-unknown-linux-gnu,unicode-bidi,0.3.18,level::tests::test_is_rtl,full,success,0.13187305900000001,,,,
x86_64-unknown-linux-gnu,unicode-bidi,0.3.18,level::tests::test_lower,full,success,0.12857394166666666,,,,
x86_64-unknown-linux-gnu,unicode-bidi,0.3.18,level::tests::test_new,full,success,0.13110094100000003,,,,
x86_64-unknown-linux-gnu,unicode-bidi,0.3.18,level::tests::test_new_explicit,full,success,0.13067738633333337,,,,
x86_64-unknown-linux-gnu,unicode-bidi,0.3.18,level::tests::test_raise,full,success,0.12857535733333336,,,,
x86_64-unknown-linux-gnu,unicode-bidi,0.3.18,level::tests::test_raise_explicit,full,success,0.13149196666666668,,,,
x86_64-unknown-linux-gnu,unicode-bidi,0.3.18,level::tests::test_str_eq,full,success,0.129795925,,,,
x86_64-unknown-linux-gnu,unicode-bidi,0.3.18,level::tests::test_string_eq,full,success,0.13045886,,,,
x86_64-unknown-linux-gnu,unicode-bidi,0.3.18,level::tests::test_vec,full,success,0.12874225466666667,,,,
x86_64-unknown-linux-gnu,unicode-bidi,0.3.18,prepare::tests::test_isolating_run_sequences,full,success,0.159753092,,,,
x86_64-unknown-linux-gnu,unicode-bidi,0.3.18,prepare::tests::test_isolating_run_sequences_sos_and_eos,full,success,0.14500323466666667,,,,
x86_64-unknown-linux-gnu,unicode-bidi,0.3.18,prepare::tests::test_level_runs,full,success,0.132444327,,,,
x86_64-unknown-linux-gnu,unicode-bidi,0.3.18,prepare::tests::test_not_removed_by_x9,full,success,0.12912720933333335,,,,
x86_64-unknown-linux-gnu,unicode-bidi,0.3.18,prepare::tests::test_removed_by_x9,full,success,0.128724002,,,,
x86_64-unknown-linux-gnu,unicode-bidi,0.3.18,tests::test_bidi_info_has_rtl,full,success,0.33298450900000004,,,,
x86_64-unknown-linux-gnu,unicode-bidi,0.3.18,tests::test_direction,full,success,0.23536018300000003,,,,
x86_64-unknown-linux-gnu,unicode-bidi,0.3.18,tests::test_edge_cases_direction,full,success,0.147477638,,,,
x86_64-unknown-linux-gnu,unicode-bidi,0.3.18,tests::test_get_base_direction,full,success,0.15166131133333335,,,,
x86_64-unknown-linux-gnu,unicode-bidi,0.3.18,tests::test_get_base_direction_full,full,success,0.16764016400000004,,,,
x86_64-unknown-linux-gnu,unicode-bidi,0.3.18,tests::test_initial_text_info,full,success,0.15280485466666668,,,,
x86_64-unknown-linux-gnu,unicode-bidi,0.3.18,tests::test_level_at,full,success,0.23115061133333337,,,,
x86_64-unknown-linux-gnu,unicode-bidi,0.3.18,tests::test_paragraph_bidi_info,full,success,0.217819125,,,,
x86_64-unknown-linux-gnu,unicode-bidi,0.3.18,tests::test_paragraph_info_len,full,success,0.1609230656666667,,,,
x86_64-unknown-linux-gnu,unicode-bidi,0.3.18,tests::test_process_text,full,success,0.39857106066666675,,,,
x86_64-unknown-linux-gnu,unicode-bidi,0.3.18,tests::test_reorder_line,full,success,0.7187853206666667,,,,
x86_64-unknown-linux-gnu,unicode-bidi,0.3.18,tests::test_reordered_levels,full,success,0.274252459,,,,
x86_64-unknown-linux-gnu,unicode-bidi,0.3.18,tests::test_reordered_levels_range,full,success,0.1457634416666667,,,,
x86_64-unknown-linux-gnu,unicode-bidi,0.3.18,tests::test_utf16_char_iter,full,success,0.12909513933333336,,,,
x86_64-unknown-linux-gnu,unicode-bidi,0.3.18,tests::test_utf16_text_source,full,success,0.13622075266666667,,,,
x86_64-unknown-linux-gnu,unicode-normalization,0.1.25,normalize::tests::test_hangul_composition,full,success,0.14078554933333334,,,,
x86_64-unknown-linux-gnu,unicode-normalization,0.1.25,quick_check::tests::test_stream_safe_nfc,full,success,0.13639791433333334,,,,
x86_64-unknown-linux-gnu,unicode-normalization,0.1.25,quick_check::tests::test_stream_safe_nfd,full,success,0.13227833366666666,,,,
x86_64-unknown-linux-gnu,unicode-normalization,0.1.25,stream_safe::tests::test_all_nonstarters,full,success,0.138326162,,,,
x86_64-unknown-linux-gnu,unicode-normalization,0.1.25,stream_safe::tests::test_classify_nonstarters,full,success,58.590600741,,,,
x86_64-unknown-linux-gnu,unicode-normalization,0.1.25,stream_safe::tests::test_simple,full,success,0.156956064,,,,
x86_64-unknown-linux-gnu,unicode-normalization,0.1.25,test::test_is_combining_mark_ascii,full,success,0.13398364466666668,,,,
x86_64-unknown-linux-gnu,unicode-normalization,0.1.25,test::test_is_combining_mark_misc,full,success,0.14017063766666668,,,,
x86_64-unknown-linux-gnu,unicode-normalization,0.1.25,test::test_nfc,full,success,0.17051550766666668,,,,
x86_64-unknown-linux-gnu,unicode-normalization,0.1.25,test::test_nfd,full,success,0.167351036,,,,
x86_64-unknown-linux-gnu,unicode-normalization,0.1.25,test::test_nfkc,full,success,0.171676575,,,,
x86_64-unknown-linux-gnu,unicode-normalization,0.1.25,test::test_nfkd,full,success,0.15429175900000003,,,,
x86_64-unknown-linux-gnu,unicode-normalization,0.1.25,test::test_normalize_char,full,success,0.13188315533333334,,,,
x86_64-unknown-linux-gnu,urlencoding,2.1.3,dec::dec_borrows,full,success,0.10639415833333334,,,,
x86_64-unknown-linux-gnu,urlencoding,2.1.3,tests::it_decodes_successfully,full,success,0.10626814166666666,,,,
x86_64-unknown-linux-gnu,urlencoding,2.1.3,tests::it_decodes_successfully_emoji,full,success,0.10487104333333334,,,,
x86_64-unknown-linux-gnu,urlencoding,2.1.3,tests::it_decodes_unsuccessfully_emoji,full,success,0.10319309833333334,,,,
x86_64-unknown-linux-gnu,urlencoding,2.1.3,tests::it_encodes_successfully,full,success,0.10417217133333334,,,,
x86_64-unknown-linux-gnu,urlencoding,2.1.3,tests::it_encodes_successfully_emoji,full,success,0.10885533833333334,,,,
x86_64-unknown-linux-gnu,urlencoding,2.1.3,tests::lazy_writer,full,success,0.110395106,,,,
x86_64-unknown-linux-gnu,urlencoding,2.1.3,tests::misc,full,success,0.11476596633333334,,,,
x86_64-unknown-linux-gnu,urlencoding,2.1.3,tests::whatwg_examples,full,success,0.11261787766666669,,,,
x86_64-unknown-linux-gnu,utf8_iter,1.0.4,report::tests::test_eq,full,success,0.10885658766666668,,,,
x86_64-unknown-linux-gnu,utf8_iter,1.0.4,report::tests::test_size,full,success,0.108683444,,,,
x86_64-unknown-linux-gnu,uuid,1.23.2,fmt::tests::braced_ref_trailing,full,success,0.13752108600000001,,,,
x86_64-unknown-linux-gnu,uuid,1.23.2,fmt::tests::braced_to_inner,full,success,0.13123705500000002,,,,
x86_64-unknown-linux-gnu,uuid,1.23.2,fmt::tests::braced_too_small,full,success,0.13530157566666667,,,,
x86_64-unknown-linux-gnu,uuid,1.23.2,fmt::tests::braced_trailing,full,success,0.139954834,,,,
x86_64-unknown-linux-gnu,uuid,1.23.2,fmt::tests::hyphenated_ref_trailing,full,success,0.1374115916666667,,,,
x86_64-unknown-linux-gnu,uuid,1.23.2,fmt::tests::hyphenated_to_inner,full,success,0.13183996733333334,,,,
x86_64-unknown-linux-gnu,uuid,1.23.2,fmt::tests::hyphenated_too_small,full,success,0.13844367533333335,,,,
x86_64-unknown-linux-gnu,uuid,1.23.2,fmt::tests::hyphenated_trailing,full,success,0.13488075233333335,,,,
x86_64-unknown-linux-gnu,uuid,1.23.2,fmt::tests::simple_ref_trailing,full,success,0.1403555966666667,,,,
x86_64-unknown-linux-gnu,uuid,1.23.2,fmt::tests::simple_to_inner,full,success,0.13293118133333334,,,,
x86_64-unknown-linux-gnu,uuid,1.23.2,fmt::tests::simple_too_small,full,success,0.135549068,,,,
x86_64-unknown-linux-gnu,uuid,1.23.2,fmt::tests::simple_trailing,full,success,0.13851031500000002,,,,
x86_64-unknown-linux-gnu,uuid,1.23.2,fmt::tests::urn_ref_trailing,full,success,0.14123938533333333,,,,
x86_64-unknown-linux-gnu,uuid,1.23.2,fmt::tests::urn_to_inner,full,success,0.13129574800000002,,,,
x86_64-unknown-linux-gnu,uuid,1.23.2,fmt::tests::urn_too_small,full,success,0.134033387,,,,
x86_64-unknown-linux-gnu,uuid,1.23.2,fmt::tests::urn_trailing,full,success,0.145908348,,,,
x86_64-unknown-linux-gnu,uuid,1.23.2,non_nil::tests::test_non_nil,full,success,0.1408917616666667,,,,
x86_64-unknown-linux-gnu,uuid,1.23.2,non_nil::tests::test_non_nil_formatting,full,success,0.143129811,,,,
x86_64-unknown-linux-gnu,uuid,1.23.2,non_nil::tests::test_non_nil_ord,full,success,0.13427873533333334,,,,
x86_64-unknown-linux-gnu,uuid,1.23.2,non_nil::tests::test_non_nil_with_option_size,full,success,0.13218883433333334,,,,
x86_64-unknown-linux-gnu,uuid,1.23.2,parser::tests::test_parse_invalid,full,success,0.16785397166666668,,,,
x86_64-unknown-linux-gnu,uuid,1.23.2,parser::tests::test_parse_valid,full,success,0.13048876433333334,,,,
x86_64-unknown-linux-gnu,uuid,1.23.2,parser::tests::test_roundtrip_braced,full,success,0.13891393566666665,,,,
x86_64-unknown-linux-gnu,uuid,1.23.2,parser::tests::test_roundtrip_default,full,success,0.13569611966666667,,,,
x86_64-unknown-linux-gnu,uuid,1.23.2,parser::tests::test_roundtrip_hyphenated,full,success,0.13812681566666665,,,,
x86_64-unknown-linux-gnu,uuid,1.23.2,parser::tests::test_roundtrip_parse_braced,full,success,0.13626182166666667,,,,
x86_64-unknown-linux-gnu,uuid,1.23.2,parser::tests::test_roundtrip_parse_urn,full,success,0.13536362300000002,,,,
x86_64-unknown-linux-gnu,uuid,1.23.2,parser::tests::test_roundtrip_simple,full,success,0.13389731133333335,,,,
x86_64-unknown-linux-gnu,uuid,1.23.2,parser::tests::test_roundtrip_urn,full,success,0.13590168866666666,,,,
x86_64-unknown-linux-gnu,uuid,1.23.2,parser::tests::test_try_parse_ascii_non_utf8,full,success,0.12980215866666667,,,,
x86_64-unknown-linux-gnu,uuid,1.23.2,tests::test_as_bytes,full,success,0.1324434356666667,,,,
x86_64-unknown-linux-gnu,uuid,1.23.2,tests::test_bytes_le_roundtrip,full,success,0.13436819766666666,,,,
x86_64-unknown-linux-gnu,uuid,1.23.2,tests::test_bytes_roundtrip,full,success,0.128196936,,,,
x86_64-unknown-linux-gnu,uuid,1.23.2,tests::test_compare,full,success,0.132044179,,,,
x86_64-unknown-linux-gnu,uuid,1.23.2,tests::test_convert_vec,full,success,0.13363076333333335,,,,
x86_64-unknown-linux-gnu,uuid,1.23.2,tests::test_default,full,success,0.14016484166666668,,,,
x86_64-unknown-linux-gnu,uuid,1.23.2,tests::test_display,full,success,0.17843141033333332,,,,
x86_64-unknown-linux-gnu,uuid,1.23.2,tests::test_fields_le_are_actually_le,full,success,0.1379762436666667,,,,
x86_64-unknown-linux-gnu,uuid,1.23.2,tests::test_fields_le_roundtrip,full,success,0.13635086366666668,,,,
x86_64-unknown-linux-gnu,uuid,1.23.2,tests::test_fields_roundtrip,full,success,0.13455807033333334,,,,
x86_64-unknown-linux-gnu,uuid,1.23.2,tests::test_from_bytes,full,success,0.12918267000000003,,,,
x86_64-unknown-linux-gnu,uuid,1.23.2,tests::test_from_fields,full,success,0.13544038233333336,,,,
x86_64-unknown-linux-gnu,uuid,1.23.2,tests::test_from_fields_le,full,success,0.12899880266666666,,,,
x86_64-unknown-linux-gnu,uuid,1.23.2,tests::test_from_slice,full,success,0.134048006,,,,
x86_64-unknown-linux-gnu,uuid,1.23.2,tests::test_get_node_id_unsupported_version,full,success,0.12988960333333335,,,,
x86_64-unknown-linux-gnu,uuid,1.23.2,tests::test_get_timestamp_unsupported_version,full,success,0.13529970366666666,,,,
x86_64-unknown-linux-gnu,uuid,1.23.2,tests::test_get_variant,full,success,0.13110632233333333,,,,
x86_64-unknown-linux-gnu,uuid,1.23.2,tests::test_get_version,full,success,0.1325897526666667,,,,
x86_64-unknown-linux-gnu,uuid,1.23.2,tests::test_get_version_non_conforming,full,success,0.13139554500000003,,,,
x86_64-unknown-linux-gnu,uuid,1.23.2,tests::test_hyphenated_string,full,success,0.172426593,,,,
x86_64-unknown-linux-gnu,uuid,1.23.2,tests::test_max,full,success,0.13195550333333333,,,,
x86_64-unknown-linux-gnu,uuid,1.23.2,tests::test_nil,full,success,0.13815389133333333,,,,
x86_64-unknown-linux-gnu,uuid,1.23.2,tests::test_predefined_namespaces,full,success,0.130651095,,,,
x86_64-unknown-linux-gnu,uuid,1.23.2,tests::test_to_simple_string,full,success,0.17344921900000002,,,,
x86_64-unknown-linux-gnu,uuid,1.23.2,tests::test_to_urn_string,full,success,0.17963252500000002,,,,
x86_64-unknown-linux-gnu,uuid,1.23.2,tests::test_u128_le_is_actually_le,full,success,0.13484683733333333,,,,
x86_64-unknown-linux-gnu,uuid,1.23.2,tests::test_u128_le_roundtrip,full,success,0.13127317066666666,,,,
x86_64-unknown-linux-gnu,uuid,1.23.2,tests::test_u128_roundtrip,full,success,0.13728024533333333,,,,
x86_64-unknown-linux-gnu,uuid,1.23.2,tests::test_u64_pair_roundtrip,full,success,0.13358323433333333,,,,
x86_64-unknown-linux-gnu,uuid,1.23.2,tests::test_upper_lower_hex,full,success,0.6808850303333335,,,,
x86_64-unknown-linux-gnu,which,8.0.2,helper::test::test_extension_in_extension_vector,full,success,0.13531117266666667,,,,
x86_64-unknown-linux-gnu,which,8.0.2,helper::test::test_extension_not_in_extension_vector,full,success,0.13187934933333337,,,,
x86_64-unknown-linux-gnu,which,8.0.2,helper::test::test_invalid_exts,full,success,0.13029906400000002,,,,
x86_64-unknown-linux-gnu,writeable,0.6.3,cmp::tests::test_mixed,full,success,0.28372599866666665,,,,
x86_64-unknown-linux-gnu,writeable,0.6.3,cmp::tests::test_write_char,full,success,0.3120364306666667,,,,
x86_64-unknown-linux-gnu,writeable,0.6.3,cmp::tests::test_write_str,full,success,0.15096258,,,,
x86_64-unknown-linux-gnu,writeable,0.6.3,impls::test_string_impls,full,success,0.1425975356666667,,,,
x86_64-unknown-linux-gnu,writeable,0.6.3,impls::test_u128,full,success,1.5097374696666668,,,,
x86_64-unknown-linux-gnu,writeable,0.6.3,impls::test_u16,full,success,1.2325103283333334,,,,
x86_64-unknown-linux-gnu,writeable,0.6.3,impls::test_u32,full,success,1.587491216,,,,
x86_64-unknown-linux-gnu,writeable,0.6.3,impls::test_u64,full,success,2.631582653,,,,
x86_64-unknown-linux-gnu,writeable,0.6.3,impls::test_u8,full,success,1.1159808793333335,,,,
x86_64-unknown-linux-gnu,writeable,0.6.3,impls::test_usize,full,success,0.15401144366666666,,,,
x86_64-unknown-linux-gnu,writeable,0.6.3,ops::tests::test_add,full,success,0.13523124,,,,
x86_64-unknown-linux-gnu,writeable,0.6.3,ops::tests::test_bitor,full,success,0.12997086633333332,,,,
x86_64-unknown-linux-gnu,writeable,0.6.3,ops::tests::test_mul,full,success,0.12977808999999998,,,,
x86_64-unknown-linux-gnu,writeable,0.6.3,ops::tests::test_sum,full,success,0.12840067333333335,,,,
x86_64-unknown-linux-gnu,writeable,0.6.3,try_writeable::test_result_try_writeable,full,success,0.13486543966666667,,,,
x86_64-unknown-linux-gnu,yoke,0.8.2,cartable_ptr::tests::test_new_rc,full,success,0.12787046166666668,,,,
x86_64-unknown-linux-gnu,yoke,0.8.2,cartable_ptr::tests::test_new_sentinel,full,success,0.12828856633333335,,,,
x86_64-unknown-linux-gnu,yoke,0.8.2,cartable_ptr::tests::test_rc_clone,full,success,0.12868766533333334,,,,
x86_64-unknown-linux-gnu,yoke,0.8.2,cartable_ptr::tests::test_sizes,full,success,0.12750692100000002,,,,
x86_64-unknown-linux-gnu,yoke,0.8.2,yoke::test_clone,full,success,0.13038925833333334,,,,
x86_64-unknown-linux-gnu,yoke,0.8.2,yoke::test_debug,full,success,0.12999916200000003,,,,
x86_64-unknown-linux-gnu,yoke,0.8.2,yoke::test_display,full,success,0.12927268733333333,,,,
x86_64-unknown-linux-gnu,yoke,0.8.2,yoke::test_eq_trait,full,success,0.12921691300000002,,,,
x86_64-unknown-linux-gnu,yoke,0.8.2,yoke::test_partialeq,full,success,0.131637594,,,,
x86_64-unknown-linux-gnu,yoke,0.8.2,yoke::test_partialord_ord,full,success,0.1292937226666667,,,,
