target,crate_name,version,test_name,mode,status,mean_exec_time_seconds,error_message,error_location,log_url,error_detail
aarch64-unknown-linux-gnu,aho-corasick,1.1.4,nfa::contiguous::tests::swar,full,success,0.10365812466666668,,,,
aarch64-unknown-linux-gnu,aho-corasick,1.1.4,packed::pattern::tests::equals_different_lengths,full,success,0.10341990333333334,,,,
aarch64-unknown-linux-gnu,aho-corasick,1.1.4,packed::pattern::tests::equals_mismatch,full,success,0.10555732633333335,,,,
aarch64-unknown-linux-gnu,aho-corasick,1.1.4,packed::pattern::tests::equals_yes,full,success,0.10359570366666666,,,,
aarch64-unknown-linux-gnu,aho-corasick,1.1.4,packed::pattern::tests::prefix,full,success,0.10376723766666668,,,,
aarch64-unknown-linux-gnu,aho-corasick,1.1.4,packed::tests::search_default_leftmost_first,full,success,5.865465827333334,,,,
aarch64-unknown-linux-gnu,aho-corasick,1.1.4,packed::tests::search_default_leftmost_longest,full,success,6.002918724333333,,,,
aarch64-unknown-linux-gnu,aho-corasick,1.1.4,packed::tests::search_rabinkarp_leftmost_first,full,success,4.2856501153333335,,,,
aarch64-unknown-linux-gnu,aho-corasick,1.1.4,packed::tests::search_rabinkarp_leftmost_longest,full,success,4.425061563666667,,,,
aarch64-unknown-linux-gnu,aho-corasick,1.1.4,packed::tests::search_teddy_avx2_leftmost_first,full,success,5.873090515666667,,,,
aarch64-unknown-linux-gnu,aho-corasick,1.1.4,packed::tests::search_teddy_avx2_leftmost_longest,full,success,5.986152786333334,,,,
aarch64-unknown-linux-gnu,aho-corasick,1.1.4,packed::tests::search_teddy_fat_leftmost_first,full,success,5.873197243333333,,,,
aarch64-unknown-linux-gnu,aho-corasick,1.1.4,packed::tests::search_teddy_fat_leftmost_longest,full,success,6.032313747333333,,,,
aarch64-unknown-linux-gnu,aho-corasick,1.1.4,packed::tests::search_teddy_leftmost_first,full,success,5.887629617333334,,,,
aarch64-unknown-linux-gnu,aho-corasick,1.1.4,packed::tests::search_teddy_leftmost_longest,full,success,6.019040461666666,,,,
aarch64-unknown-linux-gnu,aho-corasick,1.1.4,packed::tests::search_teddy_ssse3_leftmost_first,full,success,5.8749867873333335,,,,
aarch64-unknown-linux-gnu,aho-corasick,1.1.4,packed::tests::search_teddy_ssse3_leftmost_longest,full,success,6.025251115666666,,,,
aarch64-unknown-linux-gnu,aho-corasick,1.1.4,packed::tests::search_tests_have_unique_names,full,success,0.19031851766666666,,,,
aarch64-unknown-linux-gnu,aho-corasick,1.1.4,packed::vector::tests_aarch64_neon::example_vmaxvq_u8_non_zero,full,success,0.10424081333333335,,,,
aarch64-unknown-linux-gnu,aho-corasick,1.1.4,packed::vector::tests_aarch64_neon::example_vmaxvq_u8_zero,full,success,0.104496622,,,,
aarch64-unknown-linux-gnu,aho-corasick,1.1.4,packed::vector::tests_aarch64_neon::example_vpmaxq_u8_non_zero,full,success,0.10535023366666667,,,,
aarch64-unknown-linux-gnu,aho-corasick,1.1.4,packed::vector::tests_aarch64_neon::example_vpmaxq_u8_other,full,success,0.10436003033333334,,,,
aarch64-unknown-linux-gnu,aho-corasick,1.1.4,packed::vector::tests_aarch64_neon::example_vpmaxq_u8_self,full,success,0.104277052,,,,
aarch64-unknown-linux-gnu,aho-corasick,1.1.4,packed::vector::tests_aarch64_neon::vector_and,full,success,0.10474739533333334,,,,
aarch64-unknown-linux-gnu,aho-corasick,1.1.4,packed::vector::tests_aarch64_neon::vector_cmpeq,full,success,0.10460519833333333,,,,
aarch64-unknown-linux-gnu,aho-corasick,1.1.4,packed::vector::tests_aarch64_neon::vector_for_each_64bit_lane,full,success,0.104978371,,,,
aarch64-unknown-linux-gnu,aho-corasick,1.1.4,packed::vector::tests_aarch64_neon::vector_is_zero,full,success,0.10489962933333334,,,,
aarch64-unknown-linux-gnu,aho-corasick,1.1.4,packed::vector::tests_aarch64_neon::vector_or,full,success,0.10447901866666669,,,,
aarch64-unknown-linux-gnu,aho-corasick,1.1.4,packed::vector::tests_aarch64_neon::vector_shift_8bit_lane_right,full,success,0.10451924366666666,,,,
aarch64-unknown-linux-gnu,aho-corasick,1.1.4,packed::vector::tests_aarch64_neon::vector_shift_in_one_byte,full,success,0.10441510166666668,,,,
aarch64-unknown-linux-gnu,aho-corasick,1.1.4,packed::vector::tests_aarch64_neon::vector_shift_in_three_bytes,full,success,0.10437816466666666,,,,
aarch64-unknown-linux-gnu,aho-corasick,1.1.4,packed::vector::tests_aarch64_neon::vector_shift_in_two_bytes,full,success,0.104852799,,,,
aarch64-unknown-linux-gnu,aho-corasick,1.1.4,packed::vector::tests_aarch64_neon::vector_shuffle_bytes,full,success,0.10466530266666667,,,,
aarch64-unknown-linux-gnu,aho-corasick,1.1.4,packed::vector::tests_aarch64_neon::vector_splat,full,success,0.10442290533333333,,,,
aarch64-unknown-linux-gnu,aho-corasick,1.1.4,testoibits::oibits_automaton,full,success,0.104456272,,,,
aarch64-unknown-linux-gnu,aho-corasick,1.1.4,testoibits::oibits_main,full,success,0.104465582,,,,
aarch64-unknown-linux-gnu,aho-corasick,1.1.4,testoibits::oibits_packed,full,success,0.10475418333333335,,,,
aarch64-unknown-linux-gnu,aho-corasick,1.1.4,tests::acasei_leftmost_first_default,full,success,12.120571907333334,,,,
aarch64-unknown-linux-gnu,aho-corasick,1.1.4,tests::acasei_leftmost_first_dfa_default,full,success,12.052339723333333,,,,
aarch64-unknown-linux-gnu,aho-corasick,1.1.4,tests::acasei_leftmost_first_nfa_contig_default,full,success,12.111466912333334,,,,
aarch64-unknown-linux-gnu,aho-corasick,1.1.4,tests::acasei_leftmost_first_nfa_noncontig_default,full,success,10.721671235333334,,,,
aarch64-unknown-linux-gnu,aho-corasick,1.1.4,tests::acasei_leftmost_longest_default,full,success,12.121009909,,,,
aarch64-unknown-linux-gnu,aho-corasick,1.1.4,tests::acasei_leftmost_longest_dfa_default,full,success,12.069307841333334,,,,
aarch64-unknown-linux-gnu,aho-corasick,1.1.4,tests::acasei_leftmost_longest_nfa_contig_default,full,success,12.159119015333333,,,,
aarch64-unknown-linux-gnu,aho-corasick,1.1.4,tests::acasei_leftmost_longest_nfa_noncontig_default,full,success,10.703027520333334,,,,
aarch64-unknown-linux-gnu,aho-corasick,1.1.4,tests::acasei_standard_default,full,success,7.033032997666666,,,,
aarch64-unknown-linux-gnu,aho-corasick,1.1.4,tests::acasei_standard_dfa_default,full,success,12.078501291,,,,
aarch64-unknown-linux-gnu,aho-corasick,1.1.4,tests::acasei_standard_nfa_contig_default,full,success,6.872047494,,,,
aarch64-unknown-linux-gnu,aho-corasick,1.1.4,tests::acasei_standard_nfa_noncontig_default,full,success,6.0890677706666665,,,,
aarch64-unknown-linux-gnu,aho-corasick,1.1.4,tests::acasei_standard_overlapping_default,full,success,12.265160370333334,,,,
aarch64-unknown-linux-gnu,aho-corasick,1.1.4,tests::acasei_standard_overlapping_dfa_default,full,success,12.3218777,,,,
aarch64-unknown-linux-gnu,aho-corasick,1.1.4,tests::acasei_standard_overlapping_nfa_contig_default,full,success,12.158716467,,,,
aarch64-unknown-linux-gnu,aho-corasick,1.1.4,tests::acasei_standard_overlapping_nfa_noncontig_default,full,success,10.802796102333332,,,,
aarch64-unknown-linux-gnu,aho-corasick,1.1.4,tests::anchored_not_allowed_even_if_technically_available,full,success,4.508508068,,,,
aarch64-unknown-linux-gnu,aho-corasick,1.1.4,tests::overlapping_not_allowed_leftmost_first,full,success,1.5410670726666666,,,,
aarch64-unknown-linux-gnu,aho-corasick,1.1.4,tests::overlapping_not_allowed_leftmost_longest,full,success,1.540545879333333,,,,
aarch64-unknown-linux-gnu,aho-corasick,1.1.4,tests::prefilter_stays_in_bounds,full,success,2.8548623183333333,,,,
aarch64-unknown-linux-gnu,aho-corasick,1.1.4,tests::regression_ascii_case_insensitive_no_exponential,full,success,4.450120065,,,,
aarch64-unknown-linux-gnu,aho-corasick,1.1.4,tests::regression_rare_byte_prefilter,full,success,1.8130950686666667,,,,
aarch64-unknown-linux-gnu,aho-corasick,1.1.4,tests::search_standard_anchored_default,full,success,49.15665697933334,,,,
aarch64-unknown-linux-gnu,aho-corasick,1.1.4,tests::search_standard_anchored_dfa_default,full,success,49.009953442333334,,,,
aarch64-unknown-linux-gnu,aho-corasick,1.1.4,tests::search_standard_anchored_dfa_start_both,full,success,48.41892717766667,,,,
aarch64-unknown-linux-gnu,aho-corasick,1.1.4,tests::search_standard_anchored_nfa_noncontig_default,full,success,44.58684081566667,,,,
aarch64-unknown-linux-gnu,aho-corasick,1.1.4,tests::search_tests_have_unique_names,full,success,0.236701851,,,,
aarch64-unknown-linux-gnu,aho-corasick,1.1.4,tests::stream_not_allowed_leftmost_first,full,success,1.537956568,,,,
aarch64-unknown-linux-gnu,aho-corasick,1.1.4,tests::stream_not_allowed_leftmost_longest,full,success,1.5392789636666666,,,,
aarch64-unknown-linux-gnu,aho-corasick,1.1.4,tests::unanchored_not_allowed_even_if_technically_available,full,success,4.508939453333333,,,,
aarch64-unknown-linux-gnu,aho-corasick,1.1.4,util::alphabet::tests::byte_classes,full,success,0.170744487,,,,
aarch64-unknown-linux-gnu,aho-corasick,1.1.4,util::alphabet::tests::elements_empty,full,success,0.1471897036666667,,,,
aarch64-unknown-linux-gnu,aho-corasick,1.1.4,util::alphabet::tests::elements_singletons,full,success,0.15251077133333335,,,,
aarch64-unknown-linux-gnu,aho-corasick,1.1.4,util::alphabet::tests::elements_typical,full,success,0.229652977,,,,
aarch64-unknown-linux-gnu,aho-corasick,1.1.4,util::alphabet::tests::full_byte_classes,full,success,0.16229646600000003,,,,
aarch64-unknown-linux-gnu,ansi_term,0.12.1,ansi::test::black,full,success,0.10881351533333335,,,,
aarch64-unknown-linux-gnu,ansi_term,0.12.1,ansi::test::blink,full,success,0.10921663333333335,,,,
aarch64-unknown-linux-gnu,ansi_term,0.12.1,ansi::test::blue_on_rgb,full,success,0.11072851333333333,,,,
aarch64-unknown-linux-gnu,ansi_term,0.12.1,ansi::test::blue_underline,full,success,0.10984416400000001,,,,
aarch64-unknown-linux-gnu,ansi_term,0.12.1,ansi::test::bold,full,success,0.109262071,,,,
aarch64-unknown-linux-gnu,ansi_term,0.12.1,ansi::test::bunderline,full,success,0.11042879366666668,,,,
aarch64-unknown-linux-gnu,ansi_term,0.12.1,ansi::test::cyan_bold_on_white,full,success,0.11091645900000001,,,,
aarch64-unknown-linux-gnu,ansi_term,0.12.1,ansi::test::cyan_bold_ul_on_white,full,success,0.11064671333333335,,,,
aarch64-unknown-linux-gnu,ansi_term,0.12.1,ansi::test::cyan_ul_bold_on_white,full,success,0.11086656,,,,
aarch64-unknown-linux-gnu,ansi_term,0.12.1,ansi::test::cyan_ul_on_white,full,success,0.11173040933333334,,,,
aarch64-unknown-linux-gnu,ansi_term,0.12.1,ansi::test::dimmed,full,success,0.109291353,,,,
aarch64-unknown-linux-gnu,ansi_term,0.12.1,ansi::test::fixed,full,success,0.10996807566666666,,,,
aarch64-unknown-linux-gnu,ansi_term,0.12.1,ansi::test::fixed_on_fixed,full,success,0.11160890000000001,,,,
aarch64-unknown-linux-gnu,ansi_term,0.12.1,ansi::test::fixed_on_purple,full,success,0.11010426166666669,,,,
aarch64-unknown-linux-gnu,ansi_term,0.12.1,ansi::test::green_bold_ul,full,success,0.11117325533333333,,,,
aarch64-unknown-linux-gnu,ansi_term,0.12.1,ansi::test::green_bold_ul_2,full,success,0.11094010233333333,,,,
aarch64-unknown-linux-gnu,ansi_term,0.12.1,ansi::test::hidden,full,success,0.111101244,,,,
aarch64-unknown-linux-gnu,ansi_term,0.12.1,ansi::test::italic,full,success,0.11088281766666667,,,,
aarch64-unknown-linux-gnu,ansi_term,0.12.1,ansi::test::plain,full,success,0.11045043733333333,,,,
aarch64-unknown-linux-gnu,ansi_term,0.12.1,ansi::test::purple_on_white,full,success,0.11049307966666667,,,,
aarch64-unknown-linux-gnu,ansi_term,0.12.1,ansi::test::purple_on_white_2,full,success,0.11121997800000001,,,,
aarch64-unknown-linux-gnu,ansi_term,0.12.1,ansi::test::red,full,success,0.11100449533333334,,,,
aarch64-unknown-linux-gnu,ansi_term,0.12.1,ansi::test::reverse,full,success,0.11123816600000001,,,,
aarch64-unknown-linux-gnu,ansi_term,0.12.1,ansi::test::rgb,full,success,0.11143248933333334,,,,
aarch64-unknown-linux-gnu,ansi_term,0.12.1,ansi::test::rgb_on_blue,full,success,0.11160614233333334,,,,
aarch64-unknown-linux-gnu,ansi_term,0.12.1,ansi::test::rgb_on_rgb,full,success,0.11381616100000001,,,,
aarch64-unknown-linux-gnu,ansi_term,0.12.1,ansi::test::stricken,full,success,0.11291171466666668,,,,
aarch64-unknown-linux-gnu,ansi_term,0.12.1,ansi::test::test_infix,full,success,0.11122005133333335,,,,
aarch64-unknown-linux-gnu,ansi_term,0.12.1,ansi::test::underline,full,success,0.11082935033333334,,,,
aarch64-unknown-linux-gnu,ansi_term,0.12.1,ansi::test::yellow_bold,full,success,0.110828631,,,,
aarch64-unknown-linux-gnu,ansi_term,0.12.1,ansi::test::yellow_bold_2,full,success,0.11122399200000001,,,,
aarch64-unknown-linux-gnu,ansi_term,0.12.1,ansi::test::yellow_on_blue,full,success,0.11084593133333333,,,,
aarch64-unknown-linux-gnu,ansi_term,0.12.1,ansi::test::yellow_on_blue_2,full,success,0.11065870033333332,,,,
aarch64-unknown-linux-gnu,ansi_term,0.12.1,debug::test::bold,full,success,0.10988416299999999,,,,
aarch64-unknown-linux-gnu,ansi_term,0.12.1,debug::test::both,full,success,0.10962351266666666,,,,
aarch64-unknown-linux-gnu,ansi_term,0.12.1,debug::test::empty,full,success,0.11004610466666669,,,,
aarch64-unknown-linux-gnu,ansi_term,0.12.1,debug::test::everything,full,success,0.11030783233333334,,,,
aarch64-unknown-linux-gnu,ansi_term,0.12.1,debug::test::italic,full,success,0.10904713033333334,,,,
aarch64-unknown-linux-gnu,ansi_term,0.12.1,debug::test::long_and_detailed,full,success,19.01576786833333,,,,
aarch64-unknown-linux-gnu,ansi_term,0.12.1,debug::test::red,full,success,0.11105605966666666,,,,
aarch64-unknown-linux-gnu,ansi_term,0.12.1,debug::test::redblue,full,success,0.112895859,,,,
aarch64-unknown-linux-gnu,ansi_term,0.12.1,difference::test::addition_of_blink,full,success,0.10873487133333333,,,,
aarch64-unknown-linux-gnu,ansi_term,0.12.1,difference::test::addition_of_dimmed,full,success,0.10912897966666668,,,,
aarch64-unknown-linux-gnu,ansi_term,0.12.1,difference::test::addition_of_hidden,full,success,0.109968958,,,,
aarch64-unknown-linux-gnu,ansi_term,0.12.1,difference::test::addition_of_reverse,full,success,0.10989717866666666,,,,
aarch64-unknown-linux-gnu,ansi_term,0.12.1,difference::test::addition_of_strikethrough,full,success,0.10921916866666666,,,,
aarch64-unknown-linux-gnu,ansi_term,0.12.1,difference::test::colour_change,full,success,0.11062176166666667,,,,
aarch64-unknown-linux-gnu,ansi_term,0.12.1,difference::test::lowercase,full,success,0.110472358,,,,
aarch64-unknown-linux-gnu,ansi_term,0.12.1,difference::test::nothing,full,success,0.10969779666666668,,,,
aarch64-unknown-linux-gnu,ansi_term,0.12.1,difference::test::nothing2,full,success,0.11066335666666667,,,,
aarch64-unknown-linux-gnu,ansi_term,0.12.1,difference::test::removal_of_blink,full,success,0.10972299733333335,,,,
aarch64-unknown-linux-gnu,ansi_term,0.12.1,difference::test::removal_of_dimmed,full,success,0.11029722433333333,,,,
aarch64-unknown-linux-gnu,ansi_term,0.12.1,difference::test::removal_of_hidden,full,success,0.11040252766666668,,,,
aarch64-unknown-linux-gnu,ansi_term,0.12.1,difference::test::removal_of_reverse,full,success,0.11037229200000002,,,,
aarch64-unknown-linux-gnu,ansi_term,0.12.1,difference::test::removal_of_strikethrough,full,success,0.11046771200000001,,,,
aarch64-unknown-linux-gnu,ansi_term,0.12.1,difference::test::uppercase,full,success,0.110444047,,,,
aarch64-unknown-linux-gnu,ansi_term,0.12.1,display::tests::no_control_codes_for_plain,full,success,0.11006592200000002,,,,
aarch64-unknown-linux-gnu,ansi_term,0.12.1,util::test::test,full,success,0.11287369333333334,,,,
aarch64-unknown-linux-gnu,anstream,1.0.0,adapter::strip::test::test_strip_byte_del,full,success,0.10909871566666668,,,,
aarch64-unknown-linux-gnu,anstream,1.0.0,adapter::strip::test::test_strip_byte_multibyte,full,success,0.11265132266666666,,,,
aarch64-unknown-linux-gnu,anstream,1.0.0,adapter::strip::test::test_strip_bytes_multibyte,full,success,0.11019965133333336,,,,
aarch64-unknown-linux-gnu,anstream,1.0.0,adapter::strip::test::test_strip_str_del,full,success,0.10906868400000001,,,,
aarch64-unknown-linux-gnu,anstream,1.0.0,adapter::strip::test::test_strip_str_handles_broken_sequence,full,success,0.11094184933333334,,,,
aarch64-unknown-linux-gnu,anstream,1.0.0,adapter::wincon::test::ansi256_colors,full,success,0.12126975433333335,,,,
aarch64-unknown-linux-gnu,anstream,1.0.0,adapter::wincon::test::end,full,success,0.11950897666666667,,,,
aarch64-unknown-linux-gnu,anstream,1.0.0,adapter::wincon::test::middle,full,success,0.12078792866666667,,,,
aarch64-unknown-linux-gnu,anstream,1.0.0,adapter::wincon::test::start,full,success,0.11939149866666666,,,,
aarch64-unknown-linux-gnu,anstream,1.0.0,stream::tests::test,full,success,0.10864971533333334,,,,
aarch64-unknown-linux-gnu,anstyle-query,1.1.5,test::non_empty_empty,full,success,0.104355343,,,,
aarch64-unknown-linux-gnu,anstyle-query,1.1.5,test::non_empty_not_present,full,success,0.103719265,,,,
aarch64-unknown-linux-gnu,anstyle-query,1.1.5,test::non_empty_texty,full,success,0.10411988466666668,,,,
aarch64-unknown-linux-gnu,anstyle,1.0.14,color::test::max_display_buffer,full,success,0.10691718833333334,,,,
aarch64-unknown-linux-gnu,anstyle,1.0.14,color::test::no_align,full,success,0.11070373666666666,,,,
aarch64-unknown-linux-gnu,anstyle,1.0.14,color::test::print_size_of,full,success,0.107194495,,,,
aarch64-unknown-linux-gnu,anstyle,1.0.14,effect::test::no_align,full,success,0.10621601266666668,,,,
aarch64-unknown-linux-gnu,anstyle,1.0.14,effect::test::print_size_of,full,success,0.10672968566666667,,,,
aarch64-unknown-linux-gnu,anstyle,1.0.14,reset::test::no_align,full,success,0.10691176966666667,,,,
aarch64-unknown-linux-gnu,anstyle,1.0.14,reset::test::print_size_of,full,success,0.1058441,,,,
aarch64-unknown-linux-gnu,anstyle,1.0.14,style::print_size_of,full,success,0.10620609333333335,,,,
aarch64-unknown-linux-gnu,anyhow,1.0.102,fmt::tests::no_digits,full,success,0.10663765766666668,,,,
aarch64-unknown-linux-gnu,anyhow,1.0.102,fmt::tests::one_digit,full,success,0.10759996633333334,,,,
aarch64-unknown-linux-gnu,anyhow,1.0.102,fmt::tests::two_digits,full,success,0.10728155733333333,,,,
aarch64-unknown-linux-gnu,arc-swap,1.9.1,access::tests::constant,full,success,0.107102866,,,,
aarch64-unknown-linux-gnu,arc-swap,1.9.1,access::tests::double_dyn_access_complex,full,success,0.10878385133333335,,,,
aarch64-unknown-linux-gnu,arc-swap,1.9.1,access::tests::dyn_dispatch,full,success,0.10921679566666669,,,,
aarch64-unknown-linux-gnu,arc-swap,1.9.1,access::tests::indirect,full,success,0.10869922,,,,
aarch64-unknown-linux-gnu,arc-swap,1.9.1,access::tests::map,full,success,0.10870286266666668,,,,
aarch64-unknown-linux-gnu,arc-swap,1.9.1,access::tests::map_option_none,full,success,0.10786007199999999,,,,
aarch64-unknown-linux-gnu,arc-swap,1.9.1,access::tests::map_option_some,full,success,0.10957948633333335,,,,
aarch64-unknown-linux-gnu,arc-swap,1.9.1,access::tests::map_reload,full,success,0.11064267000000001,,,,
aarch64-unknown-linux-gnu,arc-swap,1.9.1,access::tests::static_dispatch,full,success,0.10957191733333334,,,,
aarch64-unknown-linux-gnu,arc-swap,1.9.1,access::tests::transition,full,success,0.10903402300000002,,,,
aarch64-unknown-linux-gnu,arc-swap,1.9.1,cache::tests::cache_option,full,success,0.11059189700000001,,,,
aarch64-unknown-linux-gnu,arc-swap,1.9.1,cache::tests::cached_through_arc,full,success,0.11098075600000001,,,,
aarch64-unknown-linux-gnu,arc-swap,1.9.1,cache::tests::cached_value,full,success,0.11082069333333334,,,,
aarch64-unknown-linux-gnu,arc-swap,1.9.1,cache::tests::map_cache,full,success,0.11159521300000001,,,,
aarch64-unknown-linux-gnu,arc-swap,1.9.1,debt::list::tests::new_empty,full,success,0.10825508466666667,,,,
aarch64-unknown-linux-gnu,arc-swap,1.9.1,debt::tests::arc_zst,full,success,0.10849434933333335,,,,
aarch64-unknown-linux-gnu,arc-swap,1.9.1,ref_cnt::tests::pin::ref_cnt_pin_arc,full,success,0.10862026200000001,,,,
aarch64-unknown-linux-gnu,arc-swap,1.9.1,ref_cnt::tests::pin::ref_cnt_pin_rc,full,success,0.10825744466666669,,,,
aarch64-unknown-linux-gnu,arc-swap,1.9.1,ref_cnt::tests::ref_cnt_arc,full,success,0.10841586633333333,,,,
aarch64-unknown-linux-gnu,arc-swap,1.9.1,tests::lease_overflow,full,success,0.16966330500000001,,,,
aarch64-unknown-linux-gnu,arc-swap,1.9.1,tests::load_cnt,full,success,0.11246203133333334,,,,
aarch64-unknown-linux-gnu,arc-swap,1.9.1,tests_default::cas_ref_cnt,full,success,0.1821840086666667,,,,
aarch64-unknown-linux-gnu,arc-swap,1.9.1,tests_default::debug_impl,full,success,0.11197273766666667,,,,
aarch64-unknown-linux-gnu,arc-swap,1.9.1,tests_default::display_impl,full,success,0.11141569233333333,,,,
aarch64-unknown-linux-gnu,arc-swap,1.9.1,tests_default::from_into,full,success,0.11007188500000002,,,,
aarch64-unknown-linux-gnu,arc-swap,1.9.1,tests_default::guard_drop_in_another_thread,full,success,0.1530591973333333,,,,
aarch64-unknown-linux-gnu,arc-swap,1.9.1,tests_default::guard_drop_in_thread,full,success,0.23976503266666668,,,,
aarch64-unknown-linux-gnu,arc-swap,1.9.1,tests_default::load_null,full,success,0.11093704466666669,,,,
aarch64-unknown-linux-gnu,arc-swap,1.9.1,tests_default::load_option,full,success,0.11128459433333333,,,,
aarch64-unknown-linux-gnu,arc-swap,1.9.1,tests_default::multi_writers,full,success,2.1143678209999996,,,,
aarch64-unknown-linux-gnu,arc-swap,1.9.1,tests_default::nulls,full,success,0.11292948633333333,,,,
aarch64-unknown-linux-gnu,arc-swap,1.9.1,tests_default::rcu,full,success,2.274071917666667,,,,
aarch64-unknown-linux-gnu,arc-swap,1.9.1,tests_default::rcu_panic,full,success,0.11618039266666667,,,,
aarch64-unknown-linux-gnu,arc-swap,1.9.1,tests_default::recursive,full,success,0.13255072166666668,,,,
aarch64-unknown-linux-gnu,arc-swap,1.9.1,tests_default::swap_load,full,success,0.424706933,,,,
aarch64-unknown-linux-gnu,arrayvec,0.7.6,char::test_encode_utf8_oob,full,success,0.07836773433333334,,,,
aarch64-unknown-linux-gnu,base64ct,1.8.3,decoder::tests::decode_multiline_padded,full,success,33.75748595533333,,,,
aarch64-unknown-linux-gnu,base64ct,1.8.3,decoder::tests::decode_padded,full,success,4.79070527,,,,
aarch64-unknown-linux-gnu,base64ct,1.8.3,decoder::tests::decode_unpadded,full,success,1.1345115726666666,,,,
aarch64-unknown-linux-gnu,base64ct,1.8.3,encoder::tests::encode_padded,full,success,8.863066123666668,,,,
aarch64-unknown-linux-gnu,base64ct,1.8.3,encoder::tests::encode_unpadded,full,success,1.3093611726666667,,,,
aarch64-unknown-linux-gnu,base64ct,1.8.3,encoder::tests::no_trailing_newline_when_aligned,full,success,0.12311647766666667,,,,
aarch64-unknown-linux-gnu,bincode,2.0.1,features::impl_alloc::test_cow_round_trip,full,success,0.105057256,,,,
aarch64-unknown-linux-gnu,bincode,2.0.1,varint::decode_unsigned::test_decode_u128,full,success,0.24848842333333335,,,,
aarch64-unknown-linux-gnu,bincode,2.0.1,varint::decode_unsigned::test_decode_u16,full,success,0.11375068700000002,,,,
aarch64-unknown-linux-gnu,bincode,2.0.1,varint::decode_unsigned::test_decode_u32,full,success,0.11748860200000001,,,,
aarch64-unknown-linux-gnu,bincode,2.0.1,varint::decode_unsigned::test_decode_u64,full,success,0.12654663433333335,,,,
aarch64-unknown-linux-gnu,bincode,2.0.1,varint::encode_signed::test_encode_i128,full,success,0.11145562666666668,,,,
aarch64-unknown-linux-gnu,bincode,2.0.1,varint::encode_signed::test_encode_i16,full,success,0.10873312333333333,,,,
aarch64-unknown-linux-gnu,bincode,2.0.1,varint::encode_signed::test_encode_i32,full,success,0.10987062233333333,,,,
aarch64-unknown-linux-gnu,bincode,2.0.1,varint::encode_signed::test_encode_i64,full,success,0.11192260333333333,,,,
aarch64-unknown-linux-gnu,bincode,2.0.1,varint::encode_unsigned::test_encode_u128,full,success,0.17153661233333337,,,,
aarch64-unknown-linux-gnu,bincode,2.0.1,varint::encode_unsigned::test_encode_u16,full,success,0.15346919033333334,,,,
aarch64-unknown-linux-gnu,bincode,2.0.1,varint::encode_unsigned::test_encode_u32,full,success,0.16138298033333334,,,,
aarch64-unknown-linux-gnu,bincode,2.0.1,varint::encode_unsigned::test_encode_u64,full,success,0.16735056233333334,,,,
aarch64-unknown-linux-gnu,bindgen,0.72.1,codegen::bitfield_unit_tests::bitfield_unit_get,full,success,0.7669453376666667,,,,
aarch64-unknown-linux-gnu,bindgen,0.72.1,codegen::bitfield_unit_tests::bitfield_unit_get_bit,full,success,0.112506271,,,,
aarch64-unknown-linux-gnu,bindgen,0.72.1,codegen::bitfield_unit_tests::bitfield_unit_set,full,success,0.986325336,,,,
aarch64-unknown-linux-gnu,bindgen,0.72.1,codegen::bitfield_unit_tests::bitfield_unit_set_bit,full,success,0.10872381300000002,,,,
aarch64-unknown-linux-gnu,bindgen,0.72.1,codegen::struct_layout::test_align_to,full,success,0.10602889266666667,,,,
aarch64-unknown-linux-gnu,bindgen,0.72.1,codegen::struct_layout::test_bytes_from_bits_pow2,full,success,0.10676337966666667,,,,
aarch64-unknown-linux-gnu,bindgen,0.72.1,commandline_flag_unit_test_function,full,success,0.18802139566666667,,,,
aarch64-unknown-linux-gnu,bindgen,0.72.1,deps::tests::escaping_depfile,full,success,0.1266815636666667,,,,
aarch64-unknown-linux-gnu,bindgen,0.72.1,features::test::invalid_targets,full,success,0.11348428433333335,,,,
aarch64-unknown-linux-gnu,bindgen,0.72.1,features::test::release_versions_for_editions,full,success,0.10753350333333334,,,,
aarch64-unknown-linux-gnu,bindgen,0.72.1,features::test::target_features,full,success,0.10709286266666668,,,,
aarch64-unknown-linux-gnu,bindgen,0.72.1,features::test::valid_targets,full,success,0.11007128033333334,,,,
aarch64-unknown-linux-gnu,bindgen,0.72.1,ir::analysis::tests::monotone,full,success,0.64710656,,,,
aarch64-unknown-linux-gnu,bindgen,0.72.1,ir::comment::test::picks_up_single_and_multi_line_doc_comments,full,success,0.10687461900000002,,,,
aarch64-unknown-linux-gnu,bindgen,0.72.1,ir::comment::test::processes_multi_lines_correctly,full,success,0.11496294333333335,,,,
aarch64-unknown-linux-gnu,bindgen,0.72.1,ir::comment::test::processes_single_lines_correctly,full,success,0.10997805566666667,,,,
aarch64-unknown-linux-gnu,bindgen,0.72.1,ir::layout::test_layout_for_size,full,success,0.10655323533333334,,,,
aarch64-unknown-linux-gnu,bindgen,0.72.1,ir::ty::is_invalid_type_param_empty_name,full,success,0.10655620433333335,,,,
aarch64-unknown-linux-gnu,bindgen,0.72.1,ir::ty::is_invalid_type_param_invalid_remaining,full,success,0.10670927466666669,,,,
aarch64-unknown-linux-gnu,bindgen,0.72.1,ir::ty::is_invalid_type_param_invalid_start,full,success,0.10659195900000001,,,,
aarch64-unknown-linux-gnu,bindgen,0.72.1,ir::ty::is_invalid_type_param_unnamed,full,success,0.11311070833333332,,,,
aarch64-unknown-linux-gnu,bindgen,0.72.1,ir::ty::is_invalid_type_param_valid,full,success,0.10688681366666668,,,,
aarch64-unknown-linux-gnu,bindgen,0.72.1,ir::ty::is_invalid_type_param_valid_underscore_and_numbers,full,success,0.10711587900000001,,,,
aarch64-unknown-linux-gnu,bindgen,0.72.1,ir::ty::is_invalid_type_param_valid_unnamed_kind,full,success,0.10615589266666668,,,,
aarch64-unknown-linux-gnu,bindgen,0.72.1,test_rust_to_clang_target,full,success,0.10741694733333335,,,,
aarch64-unknown-linux-gnu,bindgen,0.72.1,test_rust_to_clang_target_espidf,full,success,0.10902693733333335,,,,
aarch64-unknown-linux-gnu,bindgen,0.72.1,test_rust_to_clang_target_riscv,full,success,0.11583367133333333,,,,
aarch64-unknown-linux-gnu,bindgen,0.72.1,test_rust_to_clang_target_simulator,full,success,0.11190027400000001,,,,
aarch64-unknown-linux-gnu,bit-set,0.10.0,tests::test_bit_set_basic,full,success,0.10930717133333334,,,,
aarch64-unknown-linux-gnu,bit-set,0.10.0,tests::test_bit_set_cmp,full,success,0.10970134233333334,,,,
aarch64-unknown-linux-gnu,bit-set,0.10.0,tests::test_bit_set_debug,full,success,0.11967604033333334,,,,
aarch64-unknown-linux-gnu,bit-set,0.10.0,tests::test_bit_set_difference,full,success,0.11378837633333334,,,,
aarch64-unknown-linux-gnu,bit-set,0.10.0,tests::test_bit_set_difference_with,full,success,0.111477486,,,,
aarch64-unknown-linux-gnu,bit-set,0.10.0,tests::test_bit_set_display,full,success,0.11100031666666667,,,,
aarch64-unknown-linux-gnu,bit-set,0.10.0,tests::test_bit_set_eq,full,success,0.10973305500000001,,,,
aarch64-unknown-linux-gnu,bit-set,0.10.0,tests::test_bit_set_from_usizes,full,success,0.11110022266666668,,,,
aarch64-unknown-linux-gnu,bit-set,0.10.0,tests::test_bit_set_frombit_vec_init,full,success,0.11017333066666668,,,,
aarch64-unknown-linux-gnu,bit-set,0.10.0,tests::test_bit_set_intersect_with,full,success,0.11338373133333335,,,,
aarch64-unknown-linux-gnu,bit-set,0.10.0,tests::test_bit_set_intersection,full,success,0.11148816966666668,,,,
aarch64-unknown-linux-gnu,bit-set,0.10.0,tests::test_bit_set_is_disjoint,full,success,0.110639962,,,,
aarch64-unknown-linux-gnu,bit-set,0.10.0,tests::test_bit_set_iterator,full,success,4.3882843330000005,,,,
aarch64-unknown-linux-gnu,bit-set,0.10.0,tests::test_bit_set_shrink_to_fit,full,success,0.11976063466666668,,,,
aarch64-unknown-linux-gnu,bit-set,0.10.0,tests::test_bit_set_shrink_to_fit_new,full,success,0.10962366600000001,,,,
aarch64-unknown-linux-gnu,bit-set,0.10.0,tests::test_bit_set_subset,full,success,0.12166261500000002,,,,
aarch64-unknown-linux-gnu,bit-set,0.10.0,tests::test_bit_set_symmetric_difference,full,success,0.11167230900000001,,,,
aarch64-unknown-linux-gnu,bit-set,0.10.0,tests::test_bit_set_symmetric_difference_with,full,success,0.11276775900000001,,,,
aarch64-unknown-linux-gnu,bit-set,0.10.0,tests::test_bit_set_union,full,success,0.11279936766666669,,,,
aarch64-unknown-linux-gnu,bit-set,0.10.0,tests::test_bit_set_union_with,full,success,0.11049233933333334,,,,
aarch64-unknown-linux-gnu,bit-set,0.10.0,tests::test_bit_vec_clone,full,success,0.11450435433333334,,,,
aarch64-unknown-linux-gnu,bit-set,0.10.0,tests::test_bit_vec_masking,full,success,0.10822070533333335,,,,
aarch64-unknown-linux-gnu,bit-set,0.10.0,tests::test_bit_vec_remove,full,success,0.11248714266666666,,,,
aarch64-unknown-linux-gnu,bit-set,0.10.0,tests::test_truncate,full,success,0.11845719833333335,,,,
aarch64-unknown-linux-gnu,bit-vec,0.9.1,tests::iter,full,success,0.10369420266666667,,,,
aarch64-unknown-linux-gnu,bit-vec,0.9.1,tests::test_0_elements,full,success,0.10395083199999999,,,,
aarch64-unknown-linux-gnu,bit-vec,0.9.1,tests::test_10_elements,full,success,0.11772265933333333,,,,
aarch64-unknown-linux-gnu,bit-vec,0.9.1,tests::test_1_element,full,success,0.10496924933333335,,,,
aarch64-unknown-linux-gnu,bit-vec,0.9.1,tests::test_2_elements,full,success,0.104602252,,,,
aarch64-unknown-linux-gnu,bit-vec,0.9.1,tests::test_31_elements,full,success,0.14817080400000002,,,,
aarch64-unknown-linux-gnu,bit-vec,0.9.1,tests::test_32_elements,full,success,0.13835458166666667,,,,
aarch64-unknown-linux-gnu,bit-vec,0.9.1,tests::test_33_elements,full,success,0.15259173733333334,,,,
aarch64-unknown-linux-gnu,bit-vec,0.9.1,tests::test_big_bit_vec_tests,full,success,0.10831977066666669,,,,
aarch64-unknown-linux-gnu,bit-vec,0.9.1,tests::test_big_difference,full,success,0.10531390733333335,,,,
aarch64-unknown-linux-gnu,bit-vec,0.9.1,tests::test_big_fill,full,success,0.107152384,,,,
aarch64-unknown-linux-gnu,bit-vec,0.9.1,tests::test_big_xnor,full,success,0.10836804166666668,,,,
aarch64-unknown-linux-gnu,bit-vec,0.9.1,tests::test_big_xor,full,success,0.10793653833333335,,,,
aarch64-unknown-linux-gnu,bit-vec,0.9.1,tests::test_bit_vec_append,full,success,0.14062404366666667,,,,
aarch64-unknown-linux-gnu,bit-vec,0.9.1,tests::test_bit_vec_append_aligned_to_unaligned,full,success,0.11166075133333335,,,,
aarch64-unknown-linux-gnu,bit-vec,0.9.1,tests::test_bit_vec_extend,full,success,0.11333004366666667,,,,
aarch64-unknown-linux-gnu,bit-vec,0.9.1,tests::test_bit_vec_grow,full,success,0.11228996466666667,,,,
aarch64-unknown-linux-gnu,bit-vec,0.9.1,tests::test_bit_vec_lt,full,success,0.11373192266666667,,,,
aarch64-unknown-linux-gnu,bit-vec,0.9.1,tests::test_bit_vec_push_pop,full,success,0.106585785,,,,
aarch64-unknown-linux-gnu,bit-vec,0.9.1,tests::test_bit_vec_reserve,full,success,0.106002589,,,,
aarch64-unknown-linux-gnu,bit-vec,0.9.1,tests::test_bit_vec_split_off,full,success,0.12297187700000001,,,,
aarch64-unknown-linux-gnu,bit-vec,0.9.1,tests::test_bit_vec_truncate,full,success,0.10725422666666667,,,,
aarch64-unknown-linux-gnu,bit-vec,0.9.1,tests::test_bit_vec_unaligned_large_append,full,success,0.13045477866666666,,,,
aarch64-unknown-linux-gnu,bit-vec,0.9.1,tests::test_bit_vec_unaligned_small_append,full,success,0.10930126400000001,,,,
aarch64-unknown-linux-gnu,bit-vec,0.9.1,tests::test_count_ones,full,success,4.618584438333333,,,,
aarch64-unknown-linux-gnu,bit-vec,0.9.1,tests::test_count_zeros,full,success,4.6753518603333335,,,,
aarch64-unknown-linux-gnu,bit-vec,0.9.1,tests::test_debug_output,full,success,0.13330888066666666,,,,
aarch64-unknown-linux-gnu,bit-vec,0.9.1,tests::test_display_output,full,success,0.10723079833333334,,,,
aarch64-unknown-linux-gnu,bit-vec,0.9.1,tests::test_equal_differing_sizes,full,success,0.10421902733333334,,,,
aarch64-unknown-linux-gnu,bit-vec,0.9.1,tests::test_equal_greatly_differing_sizes,full,success,0.10461007566666668,,,,
aarch64-unknown-linux-gnu,bit-vec,0.9.1,tests::test_equal_sneaky_big,full,success,0.13855620366666666,,,,
aarch64-unknown-linux-gnu,bit-vec,0.9.1,tests::test_equal_sneaky_small,full,success,0.10450767033333334,,,,
aarch64-unknown-linux-gnu,bit-vec,0.9.1,tests::test_from_bools,full,success,0.106511273,,,,
aarch64-unknown-linux-gnu,bit-vec,0.9.1,tests::test_from_bytes,full,success,0.10936164833333334,,,,
aarch64-unknown-linux-gnu,bit-vec,0.9.1,tests::test_get_mut,full,success,0.105633588,,,,
aarch64-unknown-linux-gnu,bit-vec,0.9.1,tests::test_insert_at_block_boundaries,full,success,0.11066369266666669,,,,
aarch64-unknown-linux-gnu,bit-vec,0.9.1,tests::test_insert_at_block_boundaries_1,full,success,0.11706562866666666,,,,
aarch64-unknown-linux-gnu,bit-vec,0.9.1,tests::test_insert_at_end,full,success,0.10756878766666667,,,,
aarch64-unknown-linux-gnu,bit-vec,0.9.1,tests::test_insert_at_zero,full,success,0.10731044866666667,,,,
aarch64-unknown-linux-gnu,bit-vec,0.9.1,tests::test_insert_remove,full,success,40.385646232999996,,,,
aarch64-unknown-linux-gnu,bit-vec,0.9.1,tests::test_into_iter,full,success,0.11354263400000002,,,,
aarch64-unknown-linux-gnu,bit-vec,0.9.1,tests::test_iter_mut,full,success,0.11447321433333334,,,,
aarch64-unknown-linux-gnu,bit-vec,0.9.1,tests::test_ord,full,success,0.11575157133333334,,,,
aarch64-unknown-linux-gnu,bit-vec,0.9.1,tests::test_push_within_capacity_at_brink,full,success,0.11029335366666666,,,,
aarch64-unknown-linux-gnu,bit-vec,0.9.1,tests::test_push_within_capacity_at_brink_with_mul_blocks,full,success,0.11821765633333332,,,,
aarch64-unknown-linux-gnu,bit-vec,0.9.1,tests::test_push_within_capacity_storage_push,full,success,0.117565327,,,,
aarch64-unknown-linux-gnu,bit-vec,0.9.1,tests::test_push_within_capacity_with_suffice_cap,full,success,0.10866159333333335,,,,
aarch64-unknown-linux-gnu,bit-vec,0.9.1,tests::test_remove_all,full,success,0.3716865116666667,,,,
aarch64-unknown-linux-gnu,bit-vec,0.9.1,tests::test_remove_last,full,success,0.29500022966666667,,,,
aarch64-unknown-linux-gnu,bit-vec,0.9.1,tests::test_small_bit_vec_tests,full,success,0.10970978766666668,,,,
aarch64-unknown-linux-gnu,bit-vec,0.9.1,tests::test_small_difference,full,success,0.10989126700000001,,,,
aarch64-unknown-linux-gnu,bit-vec,0.9.1,tests::test_small_fill,full,success,0.10878901333333335,,,,
aarch64-unknown-linux-gnu,bit-vec,0.9.1,tests::test_small_nand,full,success,0.10898951133333334,,,,
aarch64-unknown-linux-gnu,bit-vec,0.9.1,tests::test_small_nor,full,success,0.10769263633333333,,,,
aarch64-unknown-linux-gnu,bit-vec,0.9.1,tests::test_small_xnor,full,success,0.10988581033333333,,,,
aarch64-unknown-linux-gnu,bit-vec,0.9.1,tests::test_small_xor,full,success,0.11013722233333334,,,,
aarch64-unknown-linux-gnu,bit-vec,0.9.1,tests::test_to_bools,full,success,0.10914112833333334,,,,
aarch64-unknown-linux-gnu,bit-vec,0.9.1,tests::test_to_bytes,full,success,0.10967694866666666,,,,
aarch64-unknown-linux-gnu,bumpalo,3.20.3,tests::allocated_bytes,full,success,0.105242344,,,,
aarch64-unknown-linux-gnu,bumpalo,3.20.3,tests::chunk_footer_is_five_words,full,success,0.10457160933333333,,,,
aarch64-unknown-linux-gnu,bumpalo,3.20.3,tests::invalid_read,full,success,0.10504409200000002,,,,
aarch64-unknown-linux-gnu,bumpalo,3.20.3,tests::realloc_old_size_zero,full,success,0.10647527233333333,,,,
aarch64-unknown-linux-gnu,bumpalo,3.20.3,tests::test_realloc,full,success,0.10562500533333334,,,,
aarch64-unknown-linux-gnu,byteorder,1.5.0,test::regression173_array_impl,full,success,0.10504942,,,,
aarch64-unknown-linux-gnu,byteorder,1.5.0,test::slice_len_too_big_i128::read_big_endian,full,success,0.10937519866666667,,,,
aarch64-unknown-linux-gnu,byteorder,1.5.0,test::slice_len_too_big_i128::read_little_endian,full,success,0.11020203433333335,,,,
aarch64-unknown-linux-gnu,byteorder,1.5.0,test::slice_len_too_big_i128::read_native_endian,full,success,0.11073321533333334,,,,
aarch64-unknown-linux-gnu,byteorder,1.5.0,test::slice_len_too_big_i128::write_big_endian,full,success,0.11100905300000001,,,,
aarch64-unknown-linux-gnu,byteorder,1.5.0,test::slice_len_too_big_i128::write_little_endian,full,success,0.11070062800000002,,,,
aarch64-unknown-linux-gnu,byteorder,1.5.0,test::slice_len_too_big_i128::write_native_endian,full,success,0.11056663666666666,,,,
aarch64-unknown-linux-gnu,byteorder,1.5.0,test::slice_len_too_big_i16::read_big_endian,full,success,0.11029342533333335,,,,
aarch64-unknown-linux-gnu,byteorder,1.5.0,test::slice_len_too_big_i16::read_little_endian,full,success,0.11016906833333334,,,,
aarch64-unknown-linux-gnu,byteorder,1.5.0,test::slice_len_too_big_i16::read_native_endian,full,success,0.10963791133333334,,,,
aarch64-unknown-linux-gnu,byteorder,1.5.0,test::slice_len_too_big_i16::write_big_endian,full,success,0.10989446266666668,,,,
aarch64-unknown-linux-gnu,byteorder,1.5.0,test::slice_len_too_big_i16::write_little_endian,full,success,0.10987767166666668,,,,
aarch64-unknown-linux-gnu,byteorder,1.5.0,test::slice_len_too_big_i16::write_native_endian,full,success,0.109336294,,,,
aarch64-unknown-linux-gnu,byteorder,1.5.0,test::slice_len_too_big_i32::read_big_endian,full,success,0.10970640866666666,,,,
aarch64-unknown-linux-gnu,byteorder,1.5.0,test::slice_len_too_big_i32::read_little_endian,full,success,0.11068402566666669,,,,
aarch64-unknown-linux-gnu,byteorder,1.5.0,test::slice_len_too_big_i32::read_native_endian,full,success,0.10998377799999999,,,,
aarch64-unknown-linux-gnu,byteorder,1.5.0,test::slice_len_too_big_i32::write_big_endian,full,success,0.11048664133333334,,,,
aarch64-unknown-linux-gnu,byteorder,1.5.0,test::slice_len_too_big_i32::write_little_endian,full,success,0.11019256466666667,,,,
aarch64-unknown-linux-gnu,byteorder,1.5.0,test::slice_len_too_big_i32::write_native_endian,full,success,0.109899221,,,,
aarch64-unknown-linux-gnu,byteorder,1.5.0,test::slice_len_too_big_i64::read_big_endian,full,success,0.10954885233333334,,,,
aarch64-unknown-linux-gnu,byteorder,1.5.0,test::slice_len_too_big_i64::read_little_endian,full,success,0.11001382966666666,,,,
aarch64-unknown-linux-gnu,byteorder,1.5.0,test::slice_len_too_big_i64::read_native_endian,full,success,0.11042266166666666,,,,
aarch64-unknown-linux-gnu,byteorder,1.5.0,test::slice_len_too_big_i64::write_big_endian,full,success,0.11016489466666668,,,,
aarch64-unknown-linux-gnu,byteorder,1.5.0,test::slice_len_too_big_i64::write_little_endian,full,success,0.11134532333333334,,,,
aarch64-unknown-linux-gnu,byteorder,1.5.0,test::slice_len_too_big_i64::write_native_endian,full,success,0.11068977433333334,,,,
aarch64-unknown-linux-gnu,byteorder,1.5.0,test::slice_len_too_big_u128::read_big_endian,full,success,0.11034136300000001,,,,
aarch64-unknown-linux-gnu,byteorder,1.5.0,test::slice_len_too_big_u128::read_little_endian,full,success,0.110126286,,,,
aarch64-unknown-linux-gnu,byteorder,1.5.0,test::slice_len_too_big_u128::read_native_endian,full,success,0.10945082933333335,,,,
aarch64-unknown-linux-gnu,byteorder,1.5.0,test::slice_len_too_big_u128::write_big_endian,full,success,0.11035241033333336,,,,
aarch64-unknown-linux-gnu,byteorder,1.5.0,test::slice_len_too_big_u128::write_little_endian,full,success,0.11016081200000001,,,,
aarch64-unknown-linux-gnu,byteorder,1.5.0,test::slice_len_too_big_u128::write_native_endian,full,success,0.11010616766666668,,,,
aarch64-unknown-linux-gnu,byteorder,1.5.0,test::slice_len_too_big_u16::read_big_endian,full,success,0.11011616933333335,,,,
aarch64-unknown-linux-gnu,byteorder,1.5.0,test::slice_len_too_big_u16::read_little_endian,full,success,0.11049095833333335,,,,
aarch64-unknown-linux-gnu,byteorder,1.5.0,test::slice_len_too_big_u16::read_native_endian,full,success,0.11042083733333334,,,,
aarch64-unknown-linux-gnu,byteorder,1.5.0,test::slice_len_too_big_u16::write_big_endian,full,success,0.11004329200000001,,,,
aarch64-unknown-linux-gnu,byteorder,1.5.0,test::slice_len_too_big_u16::write_little_endian,full,success,0.10930316433333336,,,,
aarch64-unknown-linux-gnu,byteorder,1.5.0,test::slice_len_too_big_u16::write_native_endian,full,success,0.109464895,,,,
aarch64-unknown-linux-gnu,byteorder,1.5.0,test::slice_len_too_big_u32::read_big_endian,full,success,0.109309633,,,,
aarch64-unknown-linux-gnu,byteorder,1.5.0,test::slice_len_too_big_u32::read_little_endian,full,success,0.11049094466666669,,,,
aarch64-unknown-linux-gnu,byteorder,1.5.0,test::slice_len_too_big_u32::read_native_endian,full,success,0.109801356,,,,
aarch64-unknown-linux-gnu,byteorder,1.5.0,test::slice_len_too_big_u32::write_big_endian,full,success,0.10974777000000001,,,,
aarch64-unknown-linux-gnu,byteorder,1.5.0,test::slice_len_too_big_u32::write_little_endian,full,success,0.10994700766666667,,,,
aarch64-unknown-linux-gnu,byteorder,1.5.0,test::slice_len_too_big_u32::write_native_endian,full,success,0.109591652,,,,
aarch64-unknown-linux-gnu,byteorder,1.5.0,test::slice_len_too_big_u64::read_big_endian,full,success,0.11026839700000002,,,,
aarch64-unknown-linux-gnu,byteorder,1.5.0,test::slice_len_too_big_u64::read_little_endian,full,success,0.11041019800000001,,,,
aarch64-unknown-linux-gnu,byteorder,1.5.0,test::slice_len_too_big_u64::read_native_endian,full,success,0.11051656733333333,,,,
aarch64-unknown-linux-gnu,byteorder,1.5.0,test::slice_len_too_big_u64::write_big_endian,full,success,0.10989637066666667,,,,
aarch64-unknown-linux-gnu,byteorder,1.5.0,test::slice_len_too_big_u64::write_little_endian,full,success,0.11141712366666667,,,,
aarch64-unknown-linux-gnu,byteorder,1.5.0,test::slice_len_too_big_u64::write_native_endian,full,success,0.10991344733333334,,,,
aarch64-unknown-linux-gnu,byteorder,1.5.0,test::slice_len_too_small_i128::read_big_endian,full,success,0.110345171,,,,
aarch64-unknown-linux-gnu,byteorder,1.5.0,test::slice_len_too_small_i128::read_little_endian,full,success,0.11027547666666666,,,,
aarch64-unknown-linux-gnu,byteorder,1.5.0,test::slice_len_too_small_i128::read_native_endian,full,success,0.11030194666666666,,,,
aarch64-unknown-linux-gnu,byteorder,1.5.0,test::slice_len_too_small_i128::write_big_endian,full,success,0.110688733,,,,
aarch64-unknown-linux-gnu,byteorder,1.5.0,test::slice_len_too_small_i128::write_little_endian,full,success,0.110238762,,,,
aarch64-unknown-linux-gnu,byteorder,1.5.0,test::slice_len_too_small_i128::write_native_endian,full,success,0.10998294100000001,,,,
aarch64-unknown-linux-gnu,byteorder,1.5.0,test::slice_len_too_small_i16::read_big_endian,full,success,0.10999683633333335,,,,
aarch64-unknown-linux-gnu,byteorder,1.5.0,test::slice_len_too_small_i16::read_little_endian,full,success,0.11007134600000001,,,,
aarch64-unknown-linux-gnu,byteorder,1.5.0,test::slice_len_too_small_i16::read_native_endian,full,success,0.11017293666666667,,,,
aarch64-unknown-linux-gnu,byteorder,1.5.0,test::slice_len_too_small_i16::write_big_endian,full,success,0.11015147133333335,,,,
aarch64-unknown-linux-gnu,byteorder,1.5.0,test::slice_len_too_small_i16::write_little_endian,full,success,0.11034426166666667,,,,
aarch64-unknown-linux-gnu,byteorder,1.5.0,test::slice_len_too_small_i16::write_native_endian,full,success,0.10977415500000003,,,,
aarch64-unknown-linux-gnu,byteorder,1.5.0,test::slice_len_too_small_i32::read_big_endian,full,success,0.11001504566666669,,,,
aarch64-unknown-linux-gnu,byteorder,1.5.0,test::slice_len_too_small_i32::read_little_endian,full,success,0.110231013,,,,
aarch64-unknown-linux-gnu,byteorder,1.5.0,test::slice_len_too_small_i32::read_native_endian,full,success,0.11069723866666668,,,,
aarch64-unknown-linux-gnu,byteorder,1.5.0,test::slice_len_too_small_i32::write_big_endian,full,success,0.10991496866666667,,,,
aarch64-unknown-linux-gnu,byteorder,1.5.0,test::slice_len_too_small_i32::write_little_endian,full,success,0.11082608166666667,,,,
aarch64-unknown-linux-gnu,byteorder,1.5.0,test::slice_len_too_small_i32::write_native_endian,full,success,0.10961601266666667,,,,
aarch64-unknown-linux-gnu,byteorder,1.5.0,test::slice_len_too_small_i64::read_big_endian,full,success,0.10983780633333334,,,,
aarch64-unknown-linux-gnu,byteorder,1.5.0,test::slice_len_too_small_i64::read_little_endian,full,success,0.11019296100000002,,,,
aarch64-unknown-linux-gnu,byteorder,1.5.0,test::slice_len_too_small_i64::read_native_endian,full,success,0.10959336866666668,,,,
aarch64-unknown-linux-gnu,byteorder,1.5.0,test::slice_len_too_small_i64::write_big_endian,full,success,0.110492955,,,,
aarch64-unknown-linux-gnu,byteorder,1.5.0,test::slice_len_too_small_i64::write_little_endian,full,success,0.11001076266666666,,,,
aarch64-unknown-linux-gnu,byteorder,1.5.0,test::slice_len_too_small_i64::write_native_endian,full,success,0.11020386166666668,,,,
aarch64-unknown-linux-gnu,byteorder,1.5.0,test::slice_len_too_small_u128::read_big_endian,full,success,0.11001598066666667,,,,
aarch64-unknown-linux-gnu,byteorder,1.5.0,test::slice_len_too_small_u128::read_little_endian,full,success,0.11080064633333335,,,,
aarch64-unknown-linux-gnu,byteorder,1.5.0,test::slice_len_too_small_u128::read_native_endian,full,success,0.10969632200000001,,,,
aarch64-unknown-linux-gnu,byteorder,1.5.0,test::slice_len_too_small_u128::write_big_endian,full,success,0.11010124733333333,,,,
aarch64-unknown-linux-gnu,byteorder,1.5.0,test::slice_len_too_small_u128::write_little_endian,full,success,0.10938092133333334,,,,
aarch64-unknown-linux-gnu,byteorder,1.5.0,test::slice_len_too_small_u128::write_native_endian,full,success,0.10952465866666668,,,,
aarch64-unknown-linux-gnu,byteorder,1.5.0,test::slice_len_too_small_u16::read_big_endian,full,success,0.11008952000000001,,,,
aarch64-unknown-linux-gnu,byteorder,1.5.0,test::slice_len_too_small_u16::read_little_endian,full,success,0.110231217,,,,
aarch64-unknown-linux-gnu,byteorder,1.5.0,test::slice_len_too_small_u16::read_native_endian,full,success,0.10978073933333334,,,,
aarch64-unknown-linux-gnu,byteorder,1.5.0,test::slice_len_too_small_u16::write_big_endian,full,success,0.10954427766666668,,,,
aarch64-unknown-linux-gnu,byteorder,1.5.0,test::slice_len_too_small_u16::write_little_endian,full,success,0.11048591933333335,,,,
aarch64-unknown-linux-gnu,byteorder,1.5.0,test::slice_len_too_small_u16::write_native_endian,full,success,0.11038475833333333,,,,
aarch64-unknown-linux-gnu,byteorder,1.5.0,test::slice_len_too_small_u32::read_big_endian,full,success,0.10964424466666667,,,,
aarch64-unknown-linux-gnu,byteorder,1.5.0,test::slice_len_too_small_u32::read_little_endian,full,success,0.11034053700000002,,,,
aarch64-unknown-linux-gnu,byteorder,1.5.0,test::slice_len_too_small_u32::read_native_endian,full,success,0.10998393666666668,,,,
aarch64-unknown-linux-gnu,byteorder,1.5.0,test::slice_len_too_small_u32::write_big_endian,full,success,0.10985928900000001,,,,
aarch64-unknown-linux-gnu,byteorder,1.5.0,test::slice_len_too_small_u32::write_little_endian,full,success,0.109778785,,,,
aarch64-unknown-linux-gnu,byteorder,1.5.0,test::slice_len_too_small_u32::write_native_endian,full,success,0.10982561400000002,,,,
aarch64-unknown-linux-gnu,byteorder,1.5.0,test::slice_len_too_small_u64::read_big_endian,full,success,0.11006921633333334,,,,
aarch64-unknown-linux-gnu,byteorder,1.5.0,test::slice_len_too_small_u64::read_little_endian,full,success,0.11026631566666667,,,,
aarch64-unknown-linux-gnu,byteorder,1.5.0,test::slice_len_too_small_u64::read_native_endian,full,success,0.11015498400000001,,,,
aarch64-unknown-linux-gnu,byteorder,1.5.0,test::slice_len_too_small_u64::write_big_endian,full,success,0.11042263333333335,,,,
aarch64-unknown-linux-gnu,byteorder,1.5.0,test::slice_len_too_small_u64::write_little_endian,full,success,0.110096884,,,,
aarch64-unknown-linux-gnu,byteorder,1.5.0,test::slice_len_too_small_u64::write_native_endian,full,success,0.10971686133333332,,,,
aarch64-unknown-linux-gnu,byteorder,1.5.0,test::small_f32::read_big_endian,full,success,0.10957228033333333,,,,
aarch64-unknown-linux-gnu,byteorder,1.5.0,test::small_f32::read_little_endian,full,success,0.10995068666666667,,,,
aarch64-unknown-linux-gnu,byteorder,1.5.0,test::small_f32::read_native_endian,full,success,0.10998535333333333,,,,
aarch64-unknown-linux-gnu,byteorder,1.5.0,test::small_f32::write_big_endian,full,success,0.10926473166666667,,,,
aarch64-unknown-linux-gnu,byteorder,1.5.0,test::small_f32::write_little_endian,full,success,0.10979301166666666,,,,
aarch64-unknown-linux-gnu,byteorder,1.5.0,test::small_f32::write_native_endian,full,success,0.10935338966666668,,,,
aarch64-unknown-linux-gnu,byteorder,1.5.0,test::small_f64::read_big_endian,full,success,0.10975591500000002,,,,
aarch64-unknown-linux-gnu,byteorder,1.5.0,test::small_f64::read_little_endian,full,success,0.11008030166666667,,,,
aarch64-unknown-linux-gnu,byteorder,1.5.0,test::small_f64::read_native_endian,full,success,0.11086835666666667,,,,
aarch64-unknown-linux-gnu,byteorder,1.5.0,test::small_f64::write_big_endian,full,success,0.110473396,,,,
aarch64-unknown-linux-gnu,byteorder,1.5.0,test::small_f64::write_little_endian,full,success,0.11047925666666668,,,,
aarch64-unknown-linux-gnu,byteorder,1.5.0,test::small_f64::write_native_endian,full,success,0.11041619466666668,,,,
aarch64-unknown-linux-gnu,byteorder,1.5.0,test::small_i128::read_big_endian,full,success,0.11022625500000001,,,,
aarch64-unknown-linux-gnu,byteorder,1.5.0,test::small_i128::read_little_endian,full,success,0.110276657,,,,
aarch64-unknown-linux-gnu,byteorder,1.5.0,test::small_i128::read_native_endian,full,success,0.11003491300000001,,,,
aarch64-unknown-linux-gnu,byteorder,1.5.0,test::small_i128::write_big_endian,full,success,0.11086842633333334,,,,
aarch64-unknown-linux-gnu,byteorder,1.5.0,test::small_i128::write_little_endian,full,success,0.11000866933333335,,,,
aarch64-unknown-linux-gnu,byteorder,1.5.0,test::small_i128::write_native_endian,full,success,0.11079004600000002,,,,
aarch64-unknown-linux-gnu,byteorder,1.5.0,test::small_i16::read_big_endian,full,success,0.10959416866666667,,,,
aarch64-unknown-linux-gnu,byteorder,1.5.0,test::small_i16::read_little_endian,full,success,0.11017201300000001,,,,
aarch64-unknown-linux-gnu,byteorder,1.5.0,test::small_i16::read_native_endian,full,success,0.10941628733333335,,,,
aarch64-unknown-linux-gnu,byteorder,1.5.0,test::small_i16::write_big_endian,full,success,0.109407656,,,,
aarch64-unknown-linux-gnu,byteorder,1.5.0,test::small_i16::write_little_endian,full,success,0.11048059,,,,
aarch64-unknown-linux-gnu,byteorder,1.5.0,test::small_i16::write_native_endian,full,success,0.10999648866666667,,,,
aarch64-unknown-linux-gnu,byteorder,1.5.0,test::small_i32::read_big_endian,full,success,0.11020372299999999,,,,
aarch64-unknown-linux-gnu,byteorder,1.5.0,test::small_i32::read_little_endian,full,success,0.11020625333333334,,,,
aarch64-unknown-linux-gnu,byteorder,1.5.0,test::small_i32::read_native_endian,full,success,0.11024052899999999,,,,
aarch64-unknown-linux-gnu,byteorder,1.5.0,test::small_i32::write_big_endian,full,success,0.11004844300000001,,,,
aarch64-unknown-linux-gnu,byteorder,1.5.0,test::small_i32::write_little_endian,full,success,0.109890341,,,,
aarch64-unknown-linux-gnu,byteorder,1.5.0,test::small_i32::write_native_endian,full,success,0.11048519266666668,,,,
aarch64-unknown-linux-gnu,byteorder,1.5.0,test::small_i64::read_big_endian,full,success,0.110527846,,,,
aarch64-unknown-linux-gnu,byteorder,1.5.0,test::small_i64::read_little_endian,full,success,0.11027628366666668,,,,
aarch64-unknown-linux-gnu,byteorder,1.5.0,test::small_i64::read_native_endian,full,success,0.11065620533333335,,,,
aarch64-unknown-linux-gnu,byteorder,1.5.0,test::small_i64::write_big_endian,full,success,0.10955595733333334,,,,
aarch64-unknown-linux-gnu,byteorder,1.5.0,test::small_i64::write_little_endian,full,success,0.10993407266666667,,,,
aarch64-unknown-linux-gnu,byteorder,1.5.0,test::small_i64::write_native_endian,full,success,0.10980159866666668,,,,
aarch64-unknown-linux-gnu,byteorder,1.5.0,test::small_int128_10::read_big_endian,full,success,0.110033493,,,,
aarch64-unknown-linux-gnu,byteorder,1.5.0,test::small_int128_10::read_little_endian,full,success,0.10918597433333334,,,,
aarch64-unknown-linux-gnu,byteorder,1.5.0,test::small_int128_10::read_native_endian,full,success,0.10936711766666667,,,,
aarch64-unknown-linux-gnu,byteorder,1.5.0,test::small_int128_11::read_big_endian,full,success,0.10920532566666667,,,,
aarch64-unknown-linux-gnu,byteorder,1.5.0,test::small_int128_11::read_little_endian,full,success,0.11053971300000003,,,,
aarch64-unknown-linux-gnu,byteorder,1.5.0,test::small_int128_11::read_native_endian,full,success,0.10965072333333332,,,,
aarch64-unknown-linux-gnu,byteorder,1.5.0,test::small_int128_12::read_big_endian,full,success,0.10992695833333334,,,,
aarch64-unknown-linux-gnu,byteorder,1.5.0,test::small_int128_12::read_little_endian,full,success,0.108990713,,,,
aarch64-unknown-linux-gnu,byteorder,1.5.0,test::small_int128_12::read_native_endian,full,success,0.10973401366666669,,,,
aarch64-unknown-linux-gnu,byteorder,1.5.0,test::small_int128_13::read_big_endian,full,success,0.11039084,,,,
aarch64-unknown-linux-gnu,byteorder,1.5.0,test::small_int128_13::read_little_endian,full,success,0.10998528533333334,,,,
aarch64-unknown-linux-gnu,byteorder,1.5.0,test::small_int128_13::read_native_endian,full,success,0.110002679,,,,
aarch64-unknown-linux-gnu,byteorder,1.5.0,test::small_int128_14::read_big_endian,full,success,0.10965484033333335,,,,
aarch64-unknown-linux-gnu,byteorder,1.5.0,test::small_int128_14::read_little_endian,full,success,0.11002729866666668,,,,
aarch64-unknown-linux-gnu,byteorder,1.5.0,test::small_int128_14::read_native_endian,full,success,0.10984532333333334,,,,
aarch64-unknown-linux-gnu,byteorder,1.5.0,test::small_int128_15::read_big_endian,full,success,0.10996331933333332,,,,
aarch64-unknown-linux-gnu,byteorder,1.5.0,test::small_int128_15::read_little_endian,full,success,0.11053632933333335,,,,
aarch64-unknown-linux-gnu,byteorder,1.5.0,test::small_int128_15::read_native_endian,full,success,0.10938119766666667,,,,
aarch64-unknown-linux-gnu,byteorder,1.5.0,test::small_int128_1::read_big_endian,full,success,0.11039109633333333,,,,
aarch64-unknown-linux-gnu,byteorder,1.5.0,test::small_int128_1::read_little_endian,full,success,0.11025346566666668,,,,
aarch64-unknown-linux-gnu,byteorder,1.5.0,test::small_int128_1::read_native_endian,full,success,0.10953889933333334,,,,
aarch64-unknown-linux-gnu,byteorder,1.5.0,test::small_int128_2::read_big_endian,full,success,0.10973276133333333,,,,
aarch64-unknown-linux-gnu,byteorder,1.5.0,test::small_int128_2::read_little_endian,full,success,0.11017228933333334,,,,
aarch64-unknown-linux-gnu,byteorder,1.5.0,test::small_int128_2::read_native_endian,full,success,0.10923305800000001,,,,
aarch64-unknown-linux-gnu,byteorder,1.5.0,test::small_int128_3::read_big_endian,full,success,0.110134073,,,,
aarch64-unknown-linux-gnu,byteorder,1.5.0,test::small_int128_3::read_little_endian,full,success,0.10990006966666667,,,,
aarch64-unknown-linux-gnu,byteorder,1.5.0,test::small_int128_3::read_native_endian,full,success,0.10886286366666668,,,,
aarch64-unknown-linux-gnu,byteorder,1.5.0,test::small_int128_4::read_big_endian,full,success,0.110003026,,,,
aarch64-unknown-linux-gnu,byteorder,1.5.0,test::small_int128_4::read_little_endian,full,success,0.10992932966666667,,,,
aarch64-unknown-linux-gnu,byteorder,1.5.0,test::small_int128_4::read_native_endian,full,success,0.10946689866666666,,,,
aarch64-unknown-linux-gnu,byteorder,1.5.0,test::small_int128_5::read_big_endian,full,success,0.10962572033333334,,,,
aarch64-unknown-linux-gnu,byteorder,1.5.0,test::small_int128_5::read_little_endian,full,success,0.11000151966666667,,,,
aarch64-unknown-linux-gnu,byteorder,1.5.0,test::small_int128_5::read_native_endian,full,success,0.109386679,,,,
aarch64-unknown-linux-gnu,byteorder,1.5.0,test::small_int128_6::read_big_endian,full,success,0.10944477966666667,,,,
aarch64-unknown-linux-gnu,byteorder,1.5.0,test::small_int128_6::read_little_endian,full,success,0.10920883266666666,,,,
aarch64-unknown-linux-gnu,byteorder,1.5.0,test::small_int128_6::read_native_endian,full,success,0.10957151833333334,,,,
aarch64-unknown-linux-gnu,byteorder,1.5.0,test::small_int128_7::read_big_endian,full,success,0.11059326066666668,,,,
aarch64-unknown-linux-gnu,byteorder,1.5.0,test::small_int128_7::read_little_endian,full,success,0.109716319,,,,
aarch64-unknown-linux-gnu,byteorder,1.5.0,test::small_int128_7::read_native_endian,full,success,0.109980768,,,,
aarch64-unknown-linux-gnu,byteorder,1.5.0,test::small_int128_8::read_big_endian,full,success,0.11009088366666668,,,,
aarch64-unknown-linux-gnu,byteorder,1.5.0,test::small_int128_8::read_little_endian,full,success,0.109346437,,,,
aarch64-unknown-linux-gnu,byteorder,1.5.0,test::small_int128_8::read_native_endian,full,success,0.118076136,,,,
aarch64-unknown-linux-gnu,byteorder,1.5.0,test::small_int128_9::read_big_endian,full,success,0.10948700933333334,,,,
aarch64-unknown-linux-gnu,byteorder,1.5.0,test::small_int128_9::read_little_endian,full,success,0.10919596933333335,,,,
aarch64-unknown-linux-gnu,byteorder,1.5.0,test::small_int128_9::read_native_endian,full,success,0.109023999,,,,
aarch64-unknown-linux-gnu,byteorder,1.5.0,test::small_int_1::read_big_endian,full,success,0.10972284166666667,,,,
aarch64-unknown-linux-gnu,byteorder,1.5.0,test::small_int_1::read_little_endian,full,success,0.11087536266666669,,,,
aarch64-unknown-linux-gnu,byteorder,1.5.0,test::small_int_1::read_native_endian,full,success,0.109797527,,,,
aarch64-unknown-linux-gnu,byteorder,1.5.0,test::small_int_2::read_big_endian,full,success,0.11039397566666669,,,,
aarch64-unknown-linux-gnu,byteorder,1.5.0,test::small_int_2::read_little_endian,full,success,0.10936123766666668,,,,
aarch64-unknown-linux-gnu,byteorder,1.5.0,test::small_int_2::read_native_endian,full,success,0.10978608766666668,,,,
aarch64-unknown-linux-gnu,byteorder,1.5.0,test::small_int_3::read_big_endian,full,success,0.10870059066666667,,,,
aarch64-unknown-linux-gnu,byteorder,1.5.0,test::small_int_3::read_little_endian,full,success,0.10935225466666669,,,,
aarch64-unknown-linux-gnu,byteorder,1.5.0,test::small_int_3::read_native_endian,full,success,0.10878499066666668,,,,
aarch64-unknown-linux-gnu,byteorder,1.5.0,test::small_int_4::read_big_endian,full,success,0.109133064,,,,
aarch64-unknown-linux-gnu,byteorder,1.5.0,test::small_int_4::read_little_endian,full,success,0.10977210166666668,,,,
aarch64-unknown-linux-gnu,byteorder,1.5.0,test::small_int_4::read_native_endian,full,success,0.109654917,,,,
aarch64-unknown-linux-gnu,byteorder,1.5.0,test::small_int_5::read_big_endian,full,success,0.10924859433333334,,,,
aarch64-unknown-linux-gnu,byteorder,1.5.0,test::small_int_5::read_little_endian,full,success,0.10935604633333335,,,,
aarch64-unknown-linux-gnu,byteorder,1.5.0,test::small_int_5::read_native_endian,full,success,0.10983449500000002,,,,
aarch64-unknown-linux-gnu,byteorder,1.5.0,test::small_int_6::read_big_endian,full,success,0.10968416600000001,,,,
aarch64-unknown-linux-gnu,byteorder,1.5.0,test::small_int_6::read_little_endian,full,success,0.11008215033333335,,,,
aarch64-unknown-linux-gnu,byteorder,1.5.0,test::small_int_6::read_native_endian,full,success,0.10962450366666666,,,,
aarch64-unknown-linux-gnu,byteorder,1.5.0,test::small_int_7::read_big_endian,full,success,0.10860553333333334,,,,
aarch64-unknown-linux-gnu,byteorder,1.5.0,test::small_int_7::read_little_endian,full,success,0.10990535433333333,,,,
aarch64-unknown-linux-gnu,byteorder,1.5.0,test::small_int_7::read_native_endian,full,success,0.11005622166666668,,,,
aarch64-unknown-linux-gnu,byteorder,1.5.0,test::small_u128::read_big_endian,full,success,0.109818099,,,,
aarch64-unknown-linux-gnu,byteorder,1.5.0,test::small_u128::read_little_endian,full,success,0.110669752,,,,
aarch64-unknown-linux-gnu,byteorder,1.5.0,test::small_u128::read_native_endian,full,success,0.110114903,,,,
aarch64-unknown-linux-gnu,byteorder,1.5.0,test::small_u128::write_big_endian,full,success,0.110592589,,,,
aarch64-unknown-linux-gnu,byteorder,1.5.0,test::small_u128::write_little_endian,full,success,0.11039501833333336,,,,
aarch64-unknown-linux-gnu,byteorder,1.5.0,test::small_u128::write_native_endian,full,success,0.10916512333333334,,,,
aarch64-unknown-linux-gnu,byteorder,1.5.0,test::small_u16::read_big_endian,full,success,0.10999976700000001,,,,
aarch64-unknown-linux-gnu,byteorder,1.5.0,test::small_u16::read_little_endian,full,success,0.10942393066666667,,,,
aarch64-unknown-linux-gnu,byteorder,1.5.0,test::small_u16::read_native_endian,full,success,0.110312901,,,,
aarch64-unknown-linux-gnu,byteorder,1.5.0,test::small_u16::write_big_endian,full,success,0.111639797,,,,
aarch64-unknown-linux-gnu,byteorder,1.5.0,test::small_u16::write_little_endian,full,success,0.11106666733333333,,,,
aarch64-unknown-linux-gnu,byteorder,1.5.0,test::small_u16::write_native_endian,full,success,0.110793733,,,,
aarch64-unknown-linux-gnu,byteorder,1.5.0,test::small_u32::read_big_endian,full,success,0.11037633133333334,,,,
aarch64-unknown-linux-gnu,byteorder,1.5.0,test::small_u32::read_little_endian,full,success,0.11024622266666667,,,,
aarch64-unknown-linux-gnu,byteorder,1.5.0,test::small_u32::read_native_endian,full,success,0.11087855666666668,,,,
aarch64-unknown-linux-gnu,byteorder,1.5.0,test::small_u32::write_big_endian,full,success,0.109809265,,,,
aarch64-unknown-linux-gnu,byteorder,1.5.0,test::small_u32::write_little_endian,full,success,0.10953092066666668,,,,
aarch64-unknown-linux-gnu,byteorder,1.5.0,test::small_u32::write_native_endian,full,success,0.109724335,,,,
aarch64-unknown-linux-gnu,byteorder,1.5.0,test::small_u64::read_big_endian,full,success,0.10964755366666668,,,,
aarch64-unknown-linux-gnu,byteorder,1.5.0,test::small_u64::read_little_endian,full,success,0.11004091133333334,,,,
aarch64-unknown-linux-gnu,byteorder,1.5.0,test::small_u64::read_native_endian,full,success,0.10976952700000002,,,,
aarch64-unknown-linux-gnu,byteorder,1.5.0,test::small_u64::write_big_endian,full,success,0.11056250633333335,,,,
aarch64-unknown-linux-gnu,byteorder,1.5.0,test::small_u64::write_little_endian,full,success,0.11039890400000002,,,,
aarch64-unknown-linux-gnu,byteorder,1.5.0,test::small_u64::write_native_endian,full,success,0.10989346233333334,,,,
aarch64-unknown-linux-gnu,byteorder,1.5.0,test::small_uint128_10::read_big_endian,full,success,0.10876078566666668,,,,
aarch64-unknown-linux-gnu,byteorder,1.5.0,test::small_uint128_10::read_little_endian,full,success,0.10879186033333334,,,,
aarch64-unknown-linux-gnu,byteorder,1.5.0,test::small_uint128_10::read_native_endian,full,success,0.10947940733333333,,,,
aarch64-unknown-linux-gnu,byteorder,1.5.0,test::small_uint128_11::read_big_endian,full,success,0.10931808966666667,,,,
aarch64-unknown-linux-gnu,byteorder,1.5.0,test::small_uint128_11::read_little_endian,full,success,0.10977460633333334,,,,
aarch64-unknown-linux-gnu,byteorder,1.5.0,test::small_uint128_11::read_native_endian,full,success,0.10898672766666667,,,,
aarch64-unknown-linux-gnu,byteorder,1.5.0,test::small_uint128_12::read_big_endian,full,success,0.10942469633333335,,,,
aarch64-unknown-linux-gnu,byteorder,1.5.0,test::small_uint128_12::read_little_endian,full,success,0.10945652900000001,,,,
aarch64-unknown-linux-gnu,byteorder,1.5.0,test::small_uint128_12::read_native_endian,full,success,0.10958918900000002,,,,
aarch64-unknown-linux-gnu,byteorder,1.5.0,test::small_uint128_13::read_big_endian,full,success,0.10909792800000001,,,,
aarch64-unknown-linux-gnu,byteorder,1.5.0,test::small_uint128_13::read_little_endian,full,success,0.10916654700000002,,,,
aarch64-unknown-linux-gnu,byteorder,1.5.0,test::small_uint128_13::read_native_endian,full,success,0.10933283966666667,,,,
aarch64-unknown-linux-gnu,byteorder,1.5.0,test::small_uint128_14::read_big_endian,full,success,0.10966339900000001,,,,
aarch64-unknown-linux-gnu,byteorder,1.5.0,test::small_uint128_14::read_little_endian,full,success,0.10902438266666668,,,,
aarch64-unknown-linux-gnu,byteorder,1.5.0,test::small_uint128_14::read_native_endian,full,success,0.10883569966666667,,,,
aarch64-unknown-linux-gnu,byteorder,1.5.0,test::small_uint128_15::read_big_endian,full,success,0.10915209466666669,,,,
aarch64-unknown-linux-gnu,byteorder,1.5.0,test::small_uint128_15::read_little_endian,full,success,0.10916389633333334,,,,
aarch64-unknown-linux-gnu,byteorder,1.5.0,test::small_uint128_15::read_native_endian,full,success,0.10875705433333334,,,,
aarch64-unknown-linux-gnu,byteorder,1.5.0,test::small_uint128_1::read_big_endian,full,success,0.110784569,,,,
aarch64-unknown-linux-gnu,byteorder,1.5.0,test::small_uint128_1::read_little_endian,full,success,0.110206504,,,,
aarch64-unknown-linux-gnu,byteorder,1.5.0,test::small_uint128_1::read_native_endian,full,success,0.10993459400000001,,,,
aarch64-unknown-linux-gnu,byteorder,1.5.0,test::small_uint128_2::read_big_endian,full,success,0.11032102933333333,,,,
aarch64-unknown-linux-gnu,byteorder,1.5.0,test::small_uint128_2::read_little_endian,full,success,0.10987557433333334,,,,
aarch64-unknown-linux-gnu,byteorder,1.5.0,test::small_uint128_2::read_native_endian,full,success,0.109606883,,,,
aarch64-unknown-linux-gnu,byteorder,1.5.0,test::small_uint128_3::read_big_endian,full,success,0.10975459266666669,,,,
aarch64-unknown-linux-gnu,byteorder,1.5.0,test::small_uint128_3::read_little_endian,full,success,0.10922133266666667,,,,
aarch64-unknown-linux-gnu,byteorder,1.5.0,test::small_uint128_3::read_native_endian,full,success,0.109908605,,,,
aarch64-unknown-linux-gnu,byteorder,1.5.0,test::small_uint128_4::read_big_endian,full,success,0.10971405100000002,,,,
aarch64-unknown-linux-gnu,byteorder,1.5.0,test::small_uint128_4::read_little_endian,full,success,0.10914781633333333,,,,
aarch64-unknown-linux-gnu,byteorder,1.5.0,test::small_uint128_4::read_native_endian,full,success,0.10958973400000001,,,,
aarch64-unknown-linux-gnu,byteorder,1.5.0,test::small_uint128_5::read_big_endian,full,success,0.109788995,,,,
aarch64-unknown-linux-gnu,byteorder,1.5.0,test::small_uint128_5::read_little_endian,full,success,0.10938726433333334,,,,
aarch64-unknown-linux-gnu,byteorder,1.5.0,test::small_uint128_5::read_native_endian,full,success,0.10960310366666666,,,,
aarch64-unknown-linux-gnu,byteorder,1.5.0,test::small_uint128_6::read_big_endian,full,success,0.110264126,,,,
aarch64-unknown-linux-gnu,byteorder,1.5.0,test::small_uint128_6::read_little_endian,full,success,0.10967872766666668,,,,
aarch64-unknown-linux-gnu,byteorder,1.5.0,test::small_uint128_6::read_native_endian,full,success,0.10916619133333334,,,,
aarch64-unknown-linux-gnu,byteorder,1.5.0,test::small_uint128_7::read_big_endian,full,success,0.10953536666666668,,,,
aarch64-unknown-linux-gnu,byteorder,1.5.0,test::small_uint128_7::read_little_endian,full,success,0.10918074766666667,,,,
aarch64-unknown-linux-gnu,byteorder,1.5.0,test::small_uint128_7::read_native_endian,full,success,0.10912808133333333,,,,
aarch64-unknown-linux-gnu,byteorder,1.5.0,test::small_uint128_8::read_big_endian,full,success,0.11024918833333335,,,,
aarch64-unknown-linux-gnu,byteorder,1.5.0,test::small_uint128_8::read_little_endian,full,success,0.11017494800000001,,,,
aarch64-unknown-linux-gnu,byteorder,1.5.0,test::small_uint128_8::read_native_endian,full,success,0.10889438233333333,,,,
aarch64-unknown-linux-gnu,byteorder,1.5.0,test::small_uint128_9::read_big_endian,full,success,0.10957472133333335,,,,
aarch64-unknown-linux-gnu,byteorder,1.5.0,test::small_uint128_9::read_little_endian,full,success,0.10938144300000001,,,,
aarch64-unknown-linux-gnu,byteorder,1.5.0,test::small_uint128_9::read_native_endian,full,success,0.10946944433333335,,,,
aarch64-unknown-linux-gnu,byteorder,1.5.0,test::small_uint_1::read_big_endian,full,success,0.11043563033333333,,,,
aarch64-unknown-linux-gnu,byteorder,1.5.0,test::small_uint_1::read_little_endian,full,success,0.10986073,,,,
aarch64-unknown-linux-gnu,byteorder,1.5.0,test::small_uint_1::read_native_endian,full,success,0.109545562,,,,
aarch64-unknown-linux-gnu,byteorder,1.5.0,test::small_uint_2::read_big_endian,full,success,0.10956558200000001,,,,
aarch64-unknown-linux-gnu,byteorder,1.5.0,test::small_uint_2::read_little_endian,full,success,0.110003531,,,,
aarch64-unknown-linux-gnu,byteorder,1.5.0,test::small_uint_2::read_native_endian,full,success,0.10905790900000001,,,,
aarch64-unknown-linux-gnu,byteorder,1.5.0,test::small_uint_3::read_big_endian,full,success,0.1095718,,,,
aarch64-unknown-linux-gnu,byteorder,1.5.0,test::small_uint_3::read_little_endian,full,success,0.10951017233333334,,,,
aarch64-unknown-linux-gnu,byteorder,1.5.0,test::small_uint_3::read_native_endian,full,success,0.10934506066666667,,,,
aarch64-unknown-linux-gnu,byteorder,1.5.0,test::small_uint_4::read_big_endian,full,success,0.10971665433333333,,,,
aarch64-unknown-linux-gnu,byteorder,1.5.0,test::small_uint_4::read_little_endian,full,success,0.10917991933333333,,,,
aarch64-unknown-linux-gnu,byteorder,1.5.0,test::small_uint_4::read_native_endian,full,success,0.10937252566666666,,,,
aarch64-unknown-linux-gnu,byteorder,1.5.0,test::small_uint_5::read_big_endian,full,success,0.109475249,,,,
aarch64-unknown-linux-gnu,byteorder,1.5.0,test::small_uint_5::read_little_endian,full,success,0.109288291,,,,
aarch64-unknown-linux-gnu,byteorder,1.5.0,test::small_uint_5::read_native_endian,full,success,0.109130451,,,,
aarch64-unknown-linux-gnu,byteorder,1.5.0,test::small_uint_6::read_big_endian,full,success,0.10860390933333335,,,,
aarch64-unknown-linux-gnu,byteorder,1.5.0,test::small_uint_6::read_little_endian,full,success,0.11011062733333334,,,,
aarch64-unknown-linux-gnu,byteorder,1.5.0,test::small_uint_6::read_native_endian,full,success,0.10939595833333333,,,,
aarch64-unknown-linux-gnu,byteorder,1.5.0,test::small_uint_7::read_big_endian,full,success,0.11059973333333334,,,,
aarch64-unknown-linux-gnu,byteorder,1.5.0,test::small_uint_7::read_little_endian,full,success,0.10908256866666667,,,,
aarch64-unknown-linux-gnu,byteorder,1.5.0,test::small_uint_7::read_native_endian,full,success,0.10928968500000001,,,,
aarch64-unknown-linux-gnu,byteorder,1.5.0,test::uint_bigger_buffer,full,success,0.104817479,,,,
aarch64-unknown-linux-gnu,bytes,1.11.1,bytes_mut::tests::test_original_capacity_from_repr,full,success,0.10599598033333335,,,,
aarch64-unknown-linux-gnu,bytes,1.11.1,bytes_mut::tests::test_original_capacity_to_repr,full,success,0.10552669333333332,,,,
aarch64-unknown-linux-gnu,camino,1.2.2,tests::test_borrowed_into,full,success,0.11081865066666667,,,,
aarch64-unknown-linux-gnu,camino,1.2.2,tests::test_deref_mut,full,success,0.10822882700000001,,,,
aarch64-unknown-linux-gnu,camino,1.2.2,tests::test_owned_into,full,success,0.10948067766666668,,,,
aarch64-unknown-linux-gnu,cc,1.2.63,flags::tests::all_rustc_flags,full,success,1.0895821973333335,,,,
aarch64-unknown-linux-gnu,cc,1.2.63,flags::tests::codegen_type,full,success,0.11266086033333333,,,,
aarch64-unknown-linux-gnu,cc,1.2.63,flags::tests::precedence,full,success,0.10954472333333333,,,,
aarch64-unknown-linux-gnu,cc,1.2.63,flags::tests::stack_protector,full,success,0.11033255833333333,,,,
aarch64-unknown-linux-gnu,cc,1.2.63,flags::tests::three_valid_prefixes,full,success,0.111112897,,,,
aarch64-unknown-linux-gnu,cc,1.2.63,flags::tests::two_valid_prefixes,full,success,0.10924104200000001,,,,
aarch64-unknown-linux-gnu,cc,1.2.63,target::llvm::tests::basic_llvm_triple_guessing,full,success,0.11393808400000001,,,,
aarch64-unknown-linux-gnu,cc,1.2.63,target::llvm::tests::llvm_version,full,success,0.11189988166666666,,,,
aarch64-unknown-linux-gnu,cc,1.2.63,target::llvm::tests::test_old_ios_target,full,success,0.10830513000000001,,,,
aarch64-unknown-linux-gnu,cc,1.2.63,target::llvm::tests::uefi,full,success,0.10919294666666667,,,,
aarch64-unknown-linux-gnu,cc,1.2.63,target::parser::tests::parse_extra,full,success,0.130195195,,,,
aarch64-unknown-linux-gnu,cc,1.2.63,target::parser::tests::parses_apple_envs_correctly,full,success,0.11128531066666668,,,,
aarch64-unknown-linux-gnu,cc,1.2.63,target::parser::tests::tier1,full,success,0.11899064666666666,,,,
aarch64-unknown-linux-gnu,cc,1.2.63,target::parser::tests::unknown_env_determined_as_unknown,full,success,0.11012152500000001,,,,
aarch64-unknown-linux-gnu,cc,1.2.63,tests::test_android_clang_compiler_uses_target_arg_internally,full,success,0.12967314966666668,,,,
aarch64-unknown-linux-gnu,colored,3.1.1,color::tests::closest_euclidean::almost_black,full,success,0.10543221000000001,,,,
aarch64-unknown-linux-gnu,colored,3.1.1,color::tests::closest_euclidean::almost_blue,full,success,0.10532701966666667,,,,
aarch64-unknown-linux-gnu,colored,3.1.1,color::tests::closest_euclidean::almost_cyan,full,success,0.10603615533333334,,,,
aarch64-unknown-linux-gnu,colored,3.1.1,color::tests::closest_euclidean::almost_green,full,success,0.10678053933333333,,,,
aarch64-unknown-linux-gnu,colored,3.1.1,color::tests::closest_euclidean::almost_magenta,full,success,0.10633897266666668,,,,
aarch64-unknown-linux-gnu,colored,3.1.1,color::tests::closest_euclidean::almost_red,full,success,0.10612408533333334,,,,
aarch64-unknown-linux-gnu,colored,3.1.1,color::tests::closest_euclidean::almost_white,full,success,0.10599454966666667,,,,
aarch64-unknown-linux-gnu,colored,3.1.1,color::tests::closest_euclidean::almost_yellow,full,success,0.106517372,,,,
aarch64-unknown-linux-gnu,colored,3.1.1,color::tests::closest_euclidean::exact_black,full,success,0.10604467500000002,,,,
aarch64-unknown-linux-gnu,colored,3.1.1,color::tests::closest_euclidean::exact_blue,full,success,0.106502573,,,,
aarch64-unknown-linux-gnu,colored,3.1.1,color::tests::closest_euclidean::exact_cyan,full,success,0.106048298,,,,
aarch64-unknown-linux-gnu,colored,3.1.1,color::tests::closest_euclidean::exact_green,full,success,0.10667415666666667,,,,
aarch64-unknown-linux-gnu,colored,3.1.1,color::tests::closest_euclidean::exact_magenta,full,success,0.10621864400000001,,,,
aarch64-unknown-linux-gnu,colored,3.1.1,color::tests::closest_euclidean::exact_red,full,success,0.10759110733333334,,,,
aarch64-unknown-linux-gnu,colored,3.1.1,color::tests::closest_euclidean::exact_white,full,success,0.10572387866666666,,,,
aarch64-unknown-linux-gnu,colored,3.1.1,color::tests::closest_euclidean::exact_yellow,full,success,0.10635310199999999,,,,
aarch64-unknown-linux-gnu,colored,3.1.1,color::tests::from_str::black,full,success,0.10625655900000001,,,,
aarch64-unknown-linux-gnu,colored,3.1.1,color::tests::from_str::blue,full,success,0.10569044633333335,,,,
aarch64-unknown-linux-gnu,colored,3.1.1,color::tests::from_str::brightblack,full,success,0.10619093933333335,,,,
aarch64-unknown-linux-gnu,colored,3.1.1,color::tests::from_str::brightblue,full,success,0.10683511866666667,,,,
aarch64-unknown-linux-gnu,colored,3.1.1,color::tests::from_str::brightcyan,full,success,0.10689154166666666,,,,
aarch64-unknown-linux-gnu,colored,3.1.1,color::tests::from_str::brightgreen,full,success,0.10625716133333335,,,,
aarch64-unknown-linux-gnu,colored,3.1.1,color::tests::from_str::brightmagenta,full,success,0.10680603266666666,,,,
aarch64-unknown-linux-gnu,colored,3.1.1,color::tests::from_str::brightred,full,success,0.10611864,,,,
aarch64-unknown-linux-gnu,colored,3.1.1,color::tests::from_str::brightwhite,full,success,0.10707601833333334,,,,
aarch64-unknown-linux-gnu,colored,3.1.1,color::tests::from_str::brightyellow,full,success,0.10615176300000001,,,,
aarch64-unknown-linux-gnu,colored,3.1.1,color::tests::from_str::capitalized,full,success,0.10710497333333335,,,,
aarch64-unknown-linux-gnu,colored,3.1.1,color::tests::from_str::cyan,full,success,0.10614283066666667,,,,
aarch64-unknown-linux-gnu,colored,3.1.1,color::tests::from_str::green,full,success,0.10630951300000001,,,,
aarch64-unknown-linux-gnu,colored,3.1.1,color::tests::from_str::hex3_lower,full,success,0.10756827733333334,,,,
aarch64-unknown-linux-gnu,colored,3.1.1,color::tests::from_str::hex3_mixed,full,success,0.10712912666666667,,,,
aarch64-unknown-linux-gnu,colored,3.1.1,color::tests::from_str::hex3_upper,full,success,0.10643027566666667,,,,
aarch64-unknown-linux-gnu,colored,3.1.1,color::tests::from_str::hex6_lower,full,success,0.10753042333333333,,,,
aarch64-unknown-linux-gnu,colored,3.1.1,color::tests::from_str::hex6_mixed,full,success,0.10706340833333333,,,,
aarch64-unknown-linux-gnu,colored,3.1.1,color::tests::from_str::hex6_upper,full,success,0.10755276366666668,,,,
aarch64-unknown-linux-gnu,colored,3.1.1,color::tests::from_str::hex_invalid,full,success,0.10723682366666666,,,,
aarch64-unknown-linux-gnu,colored,3.1.1,color::tests::from_str::hex_too_long,full,success,0.10653182666666666,,,,
aarch64-unknown-linux-gnu,colored,3.1.1,color::tests::from_str::hex_too_short,full,success,0.10718887966666668,,,,
aarch64-unknown-linux-gnu,colored,3.1.1,color::tests::from_str::invalid,full,success,0.10683478833333333,,,,
aarch64-unknown-linux-gnu,colored,3.1.1,color::tests::from_str::magenta,full,success,0.10777807133333334,,,,
aarch64-unknown-linux-gnu,colored,3.1.1,color::tests::from_str::mixed_case,full,success,0.10715930600000001,,,,
aarch64-unknown-linux-gnu,colored,3.1.1,color::tests::from_str::purple,full,success,0.107329986,,,,
aarch64-unknown-linux-gnu,colored,3.1.1,color::tests::from_str::red,full,success,0.106398603,,,,
aarch64-unknown-linux-gnu,colored,3.1.1,color::tests::from_str::white,full,success,0.10691343133333335,,,,
aarch64-unknown-linux-gnu,colored,3.1.1,color::tests::from_str::yellow,full,success,0.10696415866666668,,,,
aarch64-unknown-linux-gnu,colored,3.1.1,color::tests::from_string::black,full,success,0.10721434,,,,
aarch64-unknown-linux-gnu,colored,3.1.1,color::tests::from_string::blue,full,success,0.10649001533333334,,,,
aarch64-unknown-linux-gnu,colored,3.1.1,color::tests::from_string::brightblack,full,success,0.10741297233333334,,,,
aarch64-unknown-linux-gnu,colored,3.1.1,color::tests::from_string::brightblue,full,success,0.10715377033333333,,,,
aarch64-unknown-linux-gnu,colored,3.1.1,color::tests::from_string::brightcyan,full,success,0.10671803600000002,,,,
aarch64-unknown-linux-gnu,colored,3.1.1,color::tests::from_string::brightgreen,full,success,0.10653192,,,,
aarch64-unknown-linux-gnu,colored,3.1.1,color::tests::from_string::brightmagenta,full,success,0.10680230266666668,,,,
aarch64-unknown-linux-gnu,colored,3.1.1,color::tests::from_string::brightred,full,success,0.10811943866666668,,,,
aarch64-unknown-linux-gnu,colored,3.1.1,color::tests::from_string::brightwhite,full,success,0.107360512,,,,
aarch64-unknown-linux-gnu,colored,3.1.1,color::tests::from_string::brightyellow,full,success,0.10714104333333334,,,,
aarch64-unknown-linux-gnu,colored,3.1.1,color::tests::from_string::capitalized,full,success,0.10651067066666668,,,,
aarch64-unknown-linux-gnu,colored,3.1.1,color::tests::from_string::cyan,full,success,0.107008078,,,,
aarch64-unknown-linux-gnu,colored,3.1.1,color::tests::from_string::green,full,success,0.10721749733333334,,,,
aarch64-unknown-linux-gnu,colored,3.1.1,color::tests::from_string::hex3_lower,full,success,0.10747721366666668,,,,
aarch64-unknown-linux-gnu,colored,3.1.1,color::tests::from_string::hex3_mixed,full,success,0.10705201666666668,,,,
aarch64-unknown-linux-gnu,colored,3.1.1,color::tests::from_string::hex3_upper,full,success,0.10782421000000002,,,,
aarch64-unknown-linux-gnu,colored,3.1.1,color::tests::from_string::hex6_lower,full,success,0.10738672100000002,,,,
aarch64-unknown-linux-gnu,colored,3.1.1,color::tests::from_string::hex6_mixed,full,success,0.10745156200000001,,,,
aarch64-unknown-linux-gnu,colored,3.1.1,color::tests::from_string::hex6_upper,full,success,0.10703437433333333,,,,
aarch64-unknown-linux-gnu,colored,3.1.1,color::tests::from_string::hex_invalid,full,success,0.107580347,,,,
aarch64-unknown-linux-gnu,colored,3.1.1,color::tests::from_string::hex_too_long,full,success,0.10632224133333334,,,,
aarch64-unknown-linux-gnu,colored,3.1.1,color::tests::from_string::hex_too_short,full,success,0.10691550200000001,,,,
aarch64-unknown-linux-gnu,colored,3.1.1,color::tests::from_string::invalid,full,success,0.10702501766666668,,,,
aarch64-unknown-linux-gnu,colored,3.1.1,color::tests::from_string::magenta,full,success,0.10702568166666666,,,,
aarch64-unknown-linux-gnu,colored,3.1.1,color::tests::from_string::mixed_case,full,success,0.10725937833333334,,,,
aarch64-unknown-linux-gnu,colored,3.1.1,color::tests::from_string::red,full,success,0.10685000500000001,,,,
aarch64-unknown-linux-gnu,colored,3.1.1,color::tests::from_string::white,full,success,0.10714589000000001,,,,
aarch64-unknown-linux-gnu,colored,3.1.1,color::tests::from_string::yellow,full,success,0.10671116566666668,,,,
aarch64-unknown-linux-gnu,colored,3.1.1,color::tests::fromstr::error,full,success,0.10712405666666668,,,,
aarch64-unknown-linux-gnu,colored,3.1.1,color::tests::fromstr::parse,full,success,0.10586189000000001,,,,
aarch64-unknown-linux-gnu,colored,3.1.1,control::specs::clicolor_behavior,full,success,0.37856451133333335,,,,
aarch64-unknown-linux-gnu,colored,3.1.1,customcolors::tests::from_tuple,full,success,0.10717096033333334,,,,
aarch64-unknown-linux-gnu,colored,3.1.1,customcolors::tests::main,full,test_failed,,error: Undefined Behavior: deallocation through <1830638>(unprotected) (root of the allocation) at alloc223568[0x0] is forbidden,src/customcolors.rs:34:9,https://github.com/BorrowSanitizer/bsan/actions/runs/37150704742/job/111284724608,"error: Undefined Behavior: deallocation through <1830638>(unprotected) (root of the allocation) at alloc223568[0x0] is forbidden
  --> /tmp/tmpzhv2xnfs/colored-3.1.1/src/customcolors.rs:34:9
   |
34 | insta::assert_snapshot!(""Greetings from Ukraine"".custom_color(my_color));
   | ^
   = note: the above line calls library code, where the error was detected:
  --> /root/.rustup/toolchains/bsan/lib/rustlib/src/rust/library/std/src/sys/alloc/unix.rs:65:14
   |
65 | unsafe { libc::free(ptr as *mut libc::c_void) }
   |          ^
   = help: the accessed tag <1830638>(unprotected) (root of the allocation) is foreign to the protected tag <1834917>(StrongProtector) (i.e., it is not a child)
   = help: this deallocation (acting as a foreign write access) would cause the protected tag <1834917>(StrongProtector) (currently Frozen) to become Disabled
   = help: protected tags must never be Disabled
help: the accessed tag <1830638>(unprotected) was created here
  --> /root/.rustup/toolchains/bsan/lib/rustlib/src/rust/library/std/src/sys/alloc/unix.rs:31:18
   |
31 | unsafe { libc::malloc(layout.size()) as *mut u8 }
   |          ^
help: the protected tag <1834917>(StrongProtector) was created here, in the initial state Frozen
  --> /root/.rustup/toolchains/bsan/lib/rustlib/src/rust/library/core/src/num/imp/dec2flt/parse.rs:30:0
   |
30 | fn try_parse_digits(mut s: &[u8], mut x: u64) -> (&[u8], u64) {
   | ^

stack backtrace:
0: std::sys::alloc::unix::dealloc
      at /root/.rustup/toolchains/bsan/lib/rustlib/src/rust/library/std/src/sys/alloc/unix.rs:65:14
1: __rustc::__rdl_dealloc
      at /root/.rustup/toolchains/bsan/lib/rustlib/src/rust/library/std/src/alloc.rs:480:6
2: alloc::alloc::dealloc_nonnull
      at /root/.rustup/toolchains/bsan/lib/rustlib/src/rust/library/alloc/src/alloc.rs:197:14

note: stack trace was truncated after 3 frames; set stacktrace_max_len (e.g. BSAN_OPTIONS=stacktrace_max_len=32) to capture more."
aarch64-unknown-linux-gnu,colored,3.1.1,style::tests::style_bitwise_logic::assign_ops,full,success,0.10722830966666667,,,,
aarch64-unknown-linux-gnu,colored,3.1.1,style::tests::style_bitwise_logic::assign_ops_with_styles,full,success,0.107504449,,,,
aarch64-unknown-linux-gnu,colored,3.1.1,style::tests::style_bitwise_logic::binops,full,success,0.105095215,,,,
aarch64-unknown-linux-gnu,colored,3.1.1,style::tests::style_bitwise_logic::binops_with_styles,full,success,0.105811424,,,,
aarch64-unknown-linux-gnu,colored,3.1.1,style::tests::style_bitwise_logic::not,full,success,0.10604651300000001,,,,
aarch64-unknown-linux-gnu,colored,3.1.1,style::tests::style_bitwise_logic::styles_binops,full,success,0.10628878800000001,,,,
aarch64-unknown-linux-gnu,colored,3.1.1,style::tests::style_bitwise_logic::styles_not,full,success,0.10583125766666668,,,,
aarch64-unknown-linux-gnu,colored,3.1.1,style::tests::styles_combine_complex::aggreg1,full,success,0.10750883133333333,,,,
aarch64-unknown-linux-gnu,colored,3.1.1,style::tests::styles_combine_complex::aggreg2,full,success,0.10712688033333333,,,,
aarch64-unknown-linux-gnu,colored,3.1.1,style::tests::styles_combine_complex::aggreg3,full,success,0.10654824033333334,,,,
aarch64-unknown-linux-gnu,colored,3.1.1,style::tests::styles_combine_complex::all,full,success,0.10796774333333335,,,,
aarch64-unknown-linux-gnu,colored,3.1.1,style::tests::styles_combine_complex::five,full,success,0.10710403400000001,,,,
aarch64-unknown-linux-gnu,colored,3.1.1,style::tests::styles_combine_complex::four,full,success,0.10753527266666668,,,,
aarch64-unknown-linux-gnu,colored,3.1.1,style::tests::styles_combine_complex::six,full,success,0.10669992166666668,,,,
aarch64-unknown-linux-gnu,colored,3.1.1,style::tests::styles_combine_complex::three1,full,success,0.10704720266666667,,,,
aarch64-unknown-linux-gnu,colored,3.1.1,style::tests::styles_combine_complex::three2,full,success,0.10732028366666668,,,,
aarch64-unknown-linux-gnu,colored,3.1.1,style::tests::styles_combine_complex::two1,full,success,0.107600655,,,,
aarch64-unknown-linux-gnu,colored,3.1.1,style::tests::styles_combine_complex::two2,full,success,0.10732796333333335,,,,
aarch64-unknown-linux-gnu,colored,3.1.1,style::tests::styles_combine_complex::two3,full,success,0.10745126966666667,,,,
aarch64-unknown-linux-gnu,colored,3.1.1,style::tests::test_style_contains,full,success,0.10635201633333335,,,,
aarch64-unknown-linux-gnu,colored,3.1.1,style::tests::u8_to_styles_invalid_is_none::empty_is_none,full,success,0.10733933133333333,,,,
aarch64-unknown-linux-gnu,colored,3.1.1,style::tests::u8_to_styles_isomorphism::blink,full,success,0.106527965,,,,
aarch64-unknown-linux-gnu,colored,3.1.1,style::tests::u8_to_styles_isomorphism::bold,full,success,0.10695111133333333,,,,
aarch64-unknown-linux-gnu,colored,3.1.1,style::tests::u8_to_styles_isomorphism::dimmed,full,success,0.10689117100000001,,,,
aarch64-unknown-linux-gnu,colored,3.1.1,style::tests::u8_to_styles_isomorphism::hidden,full,success,0.107826201,,,,
aarch64-unknown-linux-gnu,colored,3.1.1,style::tests::u8_to_styles_isomorphism::italic,full,success,0.10736202033333335,,,,
aarch64-unknown-linux-gnu,colored,3.1.1,style::tests::u8_to_styles_isomorphism::reversed,full,success,0.106458815,,,,
aarch64-unknown-linux-gnu,colored,3.1.1,style::tests::u8_to_styles_isomorphism::strikethrough,full,success,0.10728377766666668,,,,
aarch64-unknown-linux-gnu,colored,3.1.1,style::tests::u8_to_styles_isomorphism::underline,full,success,0.10672748833333334,,,,
aarch64-unknown-linux-gnu,colored,3.1.1,tests::bright_color_fn,full,success,0.10800604233333333,,,,
aarch64-unknown-linux-gnu,colored,3.1.1,tests::color_fn,full,success,0.10671556900000001,,,,
aarch64-unknown-linux-gnu,colored,3.1.1,tests::compute_style_blue_bold,full,test_failed,,assertion `left == right` failed,src/lib.rs:759:9,https://github.com/BorrowSanitizer/bsan/actions/runs/37150704742/job/111284724608,"thread 'tests::compute_style_blue_bold' (2290) panicked at src/lib.rs:759:9:
assertion `left == right` failed
  left: ""\u{1b}[1;34m""
 right: """"
note: run with `RUST_BACKTRACE=1` environment variable to display a backtrace
test tests::compute_style_blue_bold ... FAILED

failures:

failures:
    tests::compute_style_blue_bold

test result: FAILED. 0 passed; 1 failed; 0 ignored; 0 measured; 127 filtered out; finished in 0.03s
"
aarch64-unknown-linux-gnu,colored,3.1.1,tests::compute_style_empty_string,full,success,0.10737943000000001,,,,
aarch64-unknown-linux-gnu,colored,3.1.1,tests::escape_reset_sequence_spec_should_do_nothing_on_empty_strings,full,success,0.10742204600000001,,,,
aarch64-unknown-linux-gnu,colored,3.1.1,tests::escape_reset_sequence_spec_should_do_nothing_on_string_with_no_reset,full,success,0.10881246533333334,,,,
aarch64-unknown-linux-gnu,colored,3.1.1,tests::exposing_tests,full,success,0.10741059333333335,,,,
aarch64-unknown-linux-gnu,colored,3.1.1,tests::formatting,full,success,0.11131584566666668,,,,
aarch64-unknown-linux-gnu,colored,3.1.1,tests::it_works,full,test_failed,,error: Undefined Behavior: deallocation through <1839162>(unprotected) (root of the allocation) at alloc224697[0x0] is forbidden,src/lib.rs:686:9,https://github.com/BorrowSanitizer/bsan/actions/runs/37150704742/job/111284724608,"error: Undefined Behavior: deallocation through <1839162>(unprotected) (root of the allocation) at alloc224697[0x0] is forbidden
   --> /tmp/tmpzhv2xnfs/colored-3.1.1/src/lib.rs:686:9
    |
686 | insta::assert_snapshot!(""it_works"", buf);
    | ^
    = note: the above line calls library code, where the error was detected:
   --> /root/.rustup/toolchains/bsan/lib/rustlib/src/rust/library/std/src/sys/alloc/unix.rs:65:14
    |
 65 | unsafe { libc::free(ptr as *mut libc::c_void) }
    |          ^
    = help: the accessed tag <1839162>(unprotected) (root of the allocation) is foreign to the protected tag <1843441>(StrongProtector) (i.e., it is not a child)
    = help: this deallocation (acting as a foreign write access) would cause the protected tag <1843441>(StrongProtector) (currently Frozen) to become Disabled
    = help: protected tags must never be Disabled
help: the accessed tag <1839162>(unprotected) was created here
   --> /root/.rustup/toolchains/bsan/lib/rustlib/src/rust/library/std/src/sys/alloc/unix.rs:31:18
    |
 31 | unsafe { libc::malloc(layout.size()) as *mut u8 }
    |          ^
help: the protected tag <1843441>(StrongProtector) was created here, in the initial state Frozen
   --> /root/.rustup/toolchains/bsan/lib/rustlib/src/rust/library/core/src/num/imp/dec2flt/parse.rs:30:0
    |
 30 | fn try_parse_digits(mut s: &[u8], mut x: u64) -> (&[u8], u64) {
    | ^

stack backtrace:
0: std::sys::alloc::unix::dealloc
      at /root/.rustup/toolchains/bsan/lib/rustlib/src/rust/library/std/src/sys/alloc/unix.rs:65:14
1: __rustc::__rdl_dealloc
      at /root/.rustup/toolchains/bsan/lib/rustlib/src/rust/library/std/src/alloc.rs:480:6
2: alloc::alloc::dealloc_nonnull
      at /root/.rustup/toolchains/bsan/lib/rustlib/src/rust/library/alloc/src/alloc.rs:197:14

note: stack trace was truncated after 3 frames; set stacktrace_max_len (e.g. BSAN_OPTIONS=stacktrace_max_len=32) to capture more."
aarch64-unknown-linux-gnu,colored,3.1.1,tests::on_bright_color_fn,full,success,0.10687607466666667,,,,
aarch64-unknown-linux-gnu,colored,3.1.1,tests::on_color_fn,full,success,0.10812278800000001,,,,
aarch64-unknown-linux-gnu,combine,4.6.7,error::tests_std::parse_clone_but_not_copy,full,success,0.106543177,,,,
aarch64-unknown-linux-gnu,combine,4.6.7,parser::byte::num::tests::no_rangestream,full,success,0.11453158833333332,,,,
aarch64-unknown-linux-gnu,combine,4.6.7,parser::byte::tests::bytes_read_stream,full,success,0.10658001900000001,,,,
aarch64-unknown-linux-gnu,combine,4.6.7,parser::byte::tests::memslice_basic,full,success,0.10578985533333335,,,,
aarch64-unknown-linux-gnu,combine,4.6.7,parser::char::tests::space_error,full,success,0.106068595,,,,
aarch64-unknown-linux-gnu,combine,4.6.7,parser::char::tests::string_committed,full,success,0.106433238,,,,
aarch64-unknown-linux-gnu,combine,4.6.7,parser::char::tests::string_error,full,success,0.10641697066666667,,,,
aarch64-unknown-linux-gnu,combine,4.6.7,parser::choice::tests::choice_single_parser,full,success,0.10495388033333335,,,,
aarch64-unknown-linux-gnu,combine,4.6.7,parser::range::tests::range_string_no_char_boundary_error,full,success,0.10526660966666668,,,,
aarch64-unknown-linux-gnu,combine,4.6.7,parser::range::tests::take_until_range_1,full,success,0.107352363,,,,
aarch64-unknown-linux-gnu,combine,4.6.7,parser::range::tests::take_until_range_2,full,success,0.108323769,,,,
aarch64-unknown-linux-gnu,combine,4.6.7,parser::range::tests::take_until_range_unicode_1,full,success,0.10868520666666669,,,,
aarch64-unknown-linux-gnu,combine,4.6.7,parser::range::tests::take_until_range_unicode_2,full,success,0.106835517,,,,
aarch64-unknown-linux-gnu,combine,4.6.7,parser::range::tests::take_while1_test,full,success,0.105257794,,,,
aarch64-unknown-linux-gnu,combine,4.6.7,parser::range::tests::take_while_test,full,success,0.10606969633333334,,,,
aarch64-unknown-linux-gnu,combine,4.6.7,parser::sequence::tests::sequence_single_parser,full,success,0.10489591866666668,,,,
aarch64-unknown-linux-gnu,combine,4.6.7,std_tests::error_position,full,success,0.107840738,,,,
aarch64-unknown-linux-gnu,combine,4.6.7,std_tests::expression_basic,full,success,0.15618783100000003,,,,
aarch64-unknown-linux-gnu,combine,4.6.7,std_tests::expression_error,full,success,0.118669922,,,,
aarch64-unknown-linux-gnu,combine,4.6.7,std_tests::extract_std_error,full,success,0.10975097733333333,,,,
aarch64-unknown-linux-gnu,combine,4.6.7,std_tests::field,full,success,0.11029230066666668,,,,
aarch64-unknown-linux-gnu,combine,4.6.7,std_tests::infinite_recursion_in_box_parser,full,success,0.106518242,,,,
aarch64-unknown-linux-gnu,combine,4.6.7,std_tests::inner_error_consume,full,success,0.11045665233333335,,,,
aarch64-unknown-linux-gnu,combine,4.6.7,std_tests::iterator,full,success,0.108111662,,,,
aarch64-unknown-linux-gnu,combine,4.6.7,std_tests::list,full,success,0.11233281233333335,,,,
aarch64-unknown-linux-gnu,combine,4.6.7,std_tests::operators,full,success,0.14638581766666667,,,,
aarch64-unknown-linux-gnu,combine,4.6.7,std_tests::optional_error_consume,full,success,0.10627580766666667,,,,
aarch64-unknown-linux-gnu,combine,4.6.7,std_tests::sep_by_error_consume,full,success,0.10667955866666667,,,,
aarch64-unknown-linux-gnu,combine,4.6.7,std_tests::source_position,full,success,0.11118019000000001,,,,
aarch64-unknown-linux-gnu,combine,4.6.7,std_tests::std_error,full,success,0.10639223266666668,,,,
aarch64-unknown-linux-gnu,combine,4.6.7,std_tests::test_integer,full,success,0.10800513633333335,,,,
aarch64-unknown-linux-gnu,combine,4.6.7,std_tests::unsized_parser,full,success,0.10562249133333335,,,,
aarch64-unknown-linux-gnu,combine,4.6.7,stream::buf_reader::tests_sync::buf_reader,full,success,0.11622395233333334,,,,
aarch64-unknown-linux-gnu,combine,4.6.7,stream::buf_reader::tests_sync::buf_reader_extend_buf,full,success,0.11510757333333334,,,,
aarch64-unknown-linux-gnu,combine,4.6.7,stream::position::tests::test_positioner,full,success,0.10637038800000002,,,,
aarch64-unknown-linux-gnu,combine,4.6.7,stream::position::tests::test_range_positioner,full,success,0.10725182633333334,,,,
aarch64-unknown-linux-gnu,combine,4.6.7,stream::tests::larger_than_1_byte_items_return_correct_distance,full,success,0.10599717466666668,,,,
aarch64-unknown-linux-gnu,combine,4.6.7,stream::tests::uncons_range_at_end,full,success,0.10574768633333335,,,,
aarch64-unknown-linux-gnu,combine,4.6.7,tests::chainl1_error_consume,full,success,0.10690199433333335,,,,
aarch64-unknown-linux-gnu,combine,4.6.7,tests::choice_strings,full,success,0.116123339,,,,
aarch64-unknown-linux-gnu,const-oid,0.10.2,encoder::tests::base128_byte,full,success,0.10490914533333334,,,,
aarch64-unknown-linux-gnu,const-oid,0.10.2,encoder::tests::encode,full,success,0.10445760333333333,,,,
aarch64-unknown-linux-gnu,const-oid,0.10.2,parser::tests::parse,full,success,0.10437371166666669,,,,
aarch64-unknown-linux-gnu,const-oid,0.10.2,parser::tests::reject_empty_string,full,success,0.10440563600000001,,,,
aarch64-unknown-linux-gnu,const-oid,0.10.2,parser::tests::reject_non_digits,full,success,0.10426454233333333,,,,
aarch64-unknown-linux-gnu,const-oid,0.10.2,parser::tests::reject_trailing_dot,full,success,0.10514467500000002,,,,
aarch64-unknown-linux-gnu,core-foundation-sys,0.8.7,number::test::match_for_type_id_should_be_backwards_compatible,full,success,0.10682682466666667,,,,
aarch64-unknown-linux-gnu,crc32fast,1.5.0,baseline::test::fast_16_is_the_same_as_slow,full,success,3.6152137926666668,,,,
aarch64-unknown-linux-gnu,crc32fast,1.5.0,baseline::test::slow,full,success,0.11111853033333334,,,,
aarch64-unknown-linux-gnu,crc32fast,1.5.0,combine::golden,full,success,0.1288895966666667,,,,
aarch64-unknown-linux-gnu,crc32fast,1.5.0,specialized::aarch64::test::check_against_baseline,full,success,159.2740854903333,,,,
aarch64-unknown-linux-gnu,crc32fast,1.5.0,test::combine,full,success,5.362504121666667,,,,
aarch64-unknown-linux-gnu,crc32fast,1.5.0,test::combine_from_len,full,success,5.342611749,,,,
aarch64-unknown-linux-gnu,crossbeam-utils,0.8.21,atomic::seq_lock::tests::test_abort,full,success,0.10462293733333333,,,,
aarch64-unknown-linux-gnu,crypto-bigint,0.7.3,checked::tests::checked_add,full,success,0.11043976900000001,,,,
aarch64-unknown-linux-gnu,crypto-bigint,0.7.3,checked::tests::checked_div,full,success,0.11148213433333333,,,,
aarch64-unknown-linux-gnu,crypto-bigint,0.7.3,checked::tests::checked_eq_select,full,success,0.10968110333333335,,,,
aarch64-unknown-linux-gnu,crypto-bigint,0.7.3,checked::tests::checked_from,full,success,0.10907495566666668,,,,
aarch64-unknown-linux-gnu,crypto-bigint,0.7.3,checked::tests::checked_mul,full,success,0.11157721599999999,,,,
aarch64-unknown-linux-gnu,crypto-bigint,0.7.3,checked::tests::checked_new,full,success,0.10820328033333333,,,,
aarch64-unknown-linux-gnu,crypto-bigint,0.7.3,checked::tests::checked_sub,full,success,0.11020817333333334,,,,
aarch64-unknown-linux-gnu,crypto-bigint,0.7.3,int::add::tests::checked_add,full,success,0.11026002866666668,,,,
aarch64-unknown-linux-gnu,crypto-bigint,0.7.3,int::add::tests::overflowing_add,full,success,0.11028264833333334,,,,
aarch64-unknown-linux-gnu,crypto-bigint,0.7.3,int::bit_and::tests::checked_and_ok,full,success,0.10795315333333334,,,,
aarch64-unknown-linux-gnu,crypto-bigint,0.7.3,int::bit_and::tests::wrapping_and_ok,full,success,0.10724726766666669,,,,
aarch64-unknown-linux-gnu,crypto-bigint,0.7.3,int::bit_not::tests::bitnot_ok,full,success,0.11011587533333334,,,,
aarch64-unknown-linux-gnu,crypto-bigint,0.7.3,int::bit_or::tests::checked_or_ok,full,success,0.10837990933333334,,,,
aarch64-unknown-linux-gnu,crypto-bigint,0.7.3,int::bit_or::tests::wrapping_or_ok,full,success,0.108923304,,,,
aarch64-unknown-linux-gnu,crypto-bigint,0.7.3,int::bit_xor::tests::checked_xor_ok,full,success,0.10844711633333333,,,,
aarch64-unknown-linux-gnu,crypto-bigint,0.7.3,int::bit_xor::tests::wrapping_xor_ok,full,success,0.10768041066666667,,,,
aarch64-unknown-linux-gnu,crypto-bigint,0.7.3,int::cmp::tests::test_eq,full,success,0.10828901,,,,
aarch64-unknown-linux-gnu,crypto-bigint,0.7.3,int::cmp::tests::test_gt,full,success,0.10878495833333335,,,,
aarch64-unknown-linux-gnu,crypto-bigint,0.7.3,int::cmp::tests::test_is_nonzero,full,success,0.108750758,,,,
aarch64-unknown-linux-gnu,crypto-bigint,0.7.3,int::cmp::tests::test_lt,full,success,0.10913537033333336,,,,
aarch64-unknown-linux-gnu,crypto-bigint,0.7.3,int::ct::tests::ct_gt,full,success,0.10929169266666668,,,,
aarch64-unknown-linux-gnu,crypto-bigint,0.7.3,int::ct::tests::ct_lt,full,success,0.10865970033333334,,,,
aarch64-unknown-linux-gnu,crypto-bigint,0.7.3,int::ct::tests::ct_select,full,success,0.10852310633333334,,,,
aarch64-unknown-linux-gnu,crypto-bigint,0.7.3,int::div::tests::div_vartime_through_trait,full,success,0.11150501833333333,,,,
aarch64-unknown-linux-gnu,crypto-bigint,0.7.3,int::div::tests::test_checked_div,full,success,0.120308678,,,,
aarch64-unknown-linux-gnu,crypto-bigint,0.7.3,int::div::tests::test_checked_div_floor,full,success,0.11079838800000001,,,,
aarch64-unknown-linux-gnu,crypto-bigint,0.7.3,int::div::tests::test_checked_div_mod_floor,full,success,0.108588121,,,,
aarch64-unknown-linux-gnu,crypto-bigint,0.7.3,int::div_unsigned::tests::test_div_ct_vs_vt,full,success,0.4388951080000001,,,,
aarch64-unknown-linux-gnu,crypto-bigint,0.7.3,int::div_unsigned::tests::test_div_floor_ct_vs_vt,full,success,0.44580426833333336,,,,
aarch64-unknown-linux-gnu,crypto-bigint,0.7.3,int::div_unsigned::tests::test_div_rem_floor_unsigned,full,success,0.11338503366666668,,,,
aarch64-unknown-linux-gnu,crypto-bigint,0.7.3,int::div_unsigned::tests::test_div_unsigned,full,success,0.112640687,,,,
aarch64-unknown-linux-gnu,crypto-bigint,0.7.3,int::from::tests::from_i128,full,success,0.10800189933333333,,,,
aarch64-unknown-linux-gnu,crypto-bigint,0.7.3,int::from::tests::from_i16,full,success,0.10799356900000001,,,,
aarch64-unknown-linux-gnu,crypto-bigint,0.7.3,int::from::tests::from_i32,full,success,0.10876752233333332,,,,
aarch64-unknown-linux-gnu,crypto-bigint,0.7.3,int::from::tests::from_i64,full,success,0.10844823333333335,,,,
aarch64-unknown-linux-gnu,crypto-bigint,0.7.3,int::from::tests::from_i8,full,success,0.10788288833333333,,,,
aarch64-unknown-linux-gnu,crypto-bigint,0.7.3,int::invert_mod::tests::test_invert_even,full,success,0.2691797726666667,,,,
aarch64-unknown-linux-gnu,crypto-bigint,0.7.3,int::invert_mod::tests::test_invert_odd,full,success,0.41424673866666667,,,,
aarch64-unknown-linux-gnu,crypto-bigint,0.7.3,int::mod_symbol::tests::jacobi_int,full,success,0.4393772106666667,,,,
aarch64-unknown-linux-gnu,crypto-bigint,0.7.3,int::mod_symbol::tests::jacobi_neg_one,full,success,0.43811421766666675,,,,
aarch64-unknown-linux-gnu,crypto-bigint,0.7.3,int::mod_symbol::tests::jacobi_non_coprime,full,success,0.27906306,,,,
aarch64-unknown-linux-gnu,crypto-bigint,0.7.3,int::mod_symbol::tests::jacobi_non_quad_residue,full,success,0.281332972,,,,
aarch64-unknown-linux-gnu,crypto-bigint,0.7.3,int::mod_symbol::tests::jacobi_quad_residue,full,success,0.276143658,,,,
aarch64-unknown-linux-gnu,crypto-bigint,0.7.3,int::mod_symbol::tests::jacobi_zero,full,success,0.276343827,,,,
aarch64-unknown-linux-gnu,crypto-bigint,0.7.3,int::mul::tests::test_checked_mul,full,success,0.11221191966666667,,,,
aarch64-unknown-linux-gnu,crypto-bigint,0.7.3,int::mul::tests::test_checked_square,full,success,0.108333071,,,,
aarch64-unknown-linux-gnu,crypto-bigint,0.7.3,int::mul::tests::test_concatenating_mul,full,success,0.11627570666666669,,,,
aarch64-unknown-linux-gnu,crypto-bigint,0.7.3,int::mul::tests::test_concatenating_square,full,success,0.10794914666666666,,,,
aarch64-unknown-linux-gnu,crypto-bigint,0.7.3,int::mul::tests::test_saturating_mul,full,success,0.11039153866666668,,,,
aarch64-unknown-linux-gnu,crypto-bigint,0.7.3,int::mul::tests::test_saturating_square,full,success,0.10833542266666668,,,,
aarch64-unknown-linux-gnu,crypto-bigint,0.7.3,int::mul::tests::test_wrapping_mul,full,success,0.10769044033333335,,,,
aarch64-unknown-linux-gnu,crypto-bigint,0.7.3,int::mul::tests::test_wrapping_mul_mixed,full,success,0.10885295466666667,,,,
aarch64-unknown-linux-gnu,crypto-bigint,0.7.3,int::mul::tests::test_wrapping_square,full,success,0.10885385366666667,,,,
aarch64-unknown-linux-gnu,crypto-bigint,0.7.3,int::mul_unsigned::tests::test_checked_mul_unsigned,full,success,0.109654818,,,,
aarch64-unknown-linux-gnu,crypto-bigint,0.7.3,int::mul_unsigned::tests::test_checked_mul_unsigned_right,full,success,0.10962811266666668,,,,
aarch64-unknown-linux-gnu,crypto-bigint,0.7.3,int::mul_unsigned::tests::test_concatenating_mul_unsigned,full,success,0.11182063866666668,,,,
aarch64-unknown-linux-gnu,crypto-bigint,0.7.3,int::neg::tests::checked_neg,full,success,0.1081339,,,,
aarch64-unknown-linux-gnu,crypto-bigint,0.7.3,int::neg::tests::overflowing_neg,full,success,0.10751543566666667,,,,
aarch64-unknown-linux-gnu,crypto-bigint,0.7.3,int::neg::tests::wrapping_neg_if,full,success,0.10784483866666666,,,,
aarch64-unknown-linux-gnu,crypto-bigint,0.7.3,int::resize::tests::scale_down,full,success,0.10794303766666667,,,,
aarch64-unknown-linux-gnu,crypto-bigint,0.7.3,int::resize::tests::scale_up,full,success,0.10938281900000002,,,,
aarch64-unknown-linux-gnu,crypto-bigint,0.7.3,int::shl::tests::shl1,full,success,0.10944481900000001,,,,
aarch64-unknown-linux-gnu,crypto-bigint,0.7.3,int::shl::tests::shl2,full,success,0.10926489500000001,,,,
aarch64-unknown-linux-gnu,crypto-bigint,0.7.3,int::shl::tests::shl256_const,full,success,0.109561193,,,,
aarch64-unknown-linux-gnu,crypto-bigint,0.7.3,int::shl::tests::shl64,full,success,0.10868909133333333,,,,
aarch64-unknown-linux-gnu,crypto-bigint,0.7.3,int::shl::tests::shl65,full,success,0.10823125966666668,,,,
aarch64-unknown-linux-gnu,crypto-bigint,0.7.3,int::shl::tests::shl88,full,success,0.10815951500000003,,,,
aarch64-unknown-linux-gnu,crypto-bigint,0.7.3,int::shl::tests::shl_bounds_panic,full,success,0.113669686,,,,
aarch64-unknown-linux-gnu,crypto-bigint,0.7.3,int::shl::tests::shl_simple,full,success,0.10850123466666667,,,,
aarch64-unknown-linux-gnu,crypto-bigint,0.7.3,int::shl::tests::unbounded_shl,full,success,0.10905976066666667,,,,
aarch64-unknown-linux-gnu,crypto-bigint,0.7.3,int::shl::tests::wrapping_shl,full,success,0.109603273,,,,
aarch64-unknown-linux-gnu,crypto-bigint,0.7.3,int::shr::tests::overflowing_shr_vartime_zero_shift,full,success,0.11041525266666667,,,,
aarch64-unknown-linux-gnu,crypto-bigint,0.7.3,int::shr::tests::shr0,full,success,0.10903955466666666,,,,
aarch64-unknown-linux-gnu,crypto-bigint,0.7.3,int::shr::tests::shr1,full,success,0.10903484566666667,,,,
aarch64-unknown-linux-gnu,crypto-bigint,0.7.3,int::shr::tests::shr256_const,full,success,0.10839325200000001,,,,
aarch64-unknown-linux-gnu,crypto-bigint,0.7.3,int::shr::tests::shr5,full,success,0.10852844366666668,,,,
aarch64-unknown-linux-gnu,crypto-bigint,0.7.3,int::shr::tests::shr7_vartime,full,success,0.10907181366666668,,,,
aarch64-unknown-linux-gnu,crypto-bigint,0.7.3,int::shr::tests::shr_bounds_panic,full,success,0.11204180166666668,,,,
aarch64-unknown-linux-gnu,crypto-bigint,0.7.3,int::shr::tests::shr_vartime_zero_shift,full,success,0.10856996466666669,,,,
aarch64-unknown-linux-gnu,crypto-bigint,0.7.3,int::shr::tests::unbounded_shr,full,success,0.10991757266666669,,,,
aarch64-unknown-linux-gnu,crypto-bigint,0.7.3,int::shr::tests::unbounded_shr_vartime_zero_shift,full,success,0.10998424266666668,,,,
aarch64-unknown-linux-gnu,crypto-bigint,0.7.3,int::shr::tests::wrapping_shr,full,success,0.111576142,,,,
aarch64-unknown-linux-gnu,crypto-bigint,0.7.3,int::shr::tests::wrapping_shr_vartime_multiple_of_bits_is_identity,full,success,0.11526680233333335,,,,
aarch64-unknown-linux-gnu,crypto-bigint,0.7.3,int::sign::tests::is_negative,full,success,0.10751003366666667,,,,
aarch64-unknown-linux-gnu,crypto-bigint,0.7.3,int::sign::tests::is_positive,full,success,0.10870358233333334,,,,
aarch64-unknown-linux-gnu,crypto-bigint,0.7.3,int::sign::tests::new_from_abs_sign,full,success,0.10803738266666667,,,,
aarch64-unknown-linux-gnu,crypto-bigint,0.7.3,int::sqrt::tests::square_root_expected,full,success,0.12570795133333335,,,,
aarch64-unknown-linux-gnu,crypto-bigint,0.7.3,int::sub::tests::checked_sub,full,success,0.10928005966666667,,,,
aarch64-unknown-linux-gnu,crypto-bigint,0.7.3,int::sub::tests::wrapping_sub,full,success,0.10826710666666667,,,,
aarch64-unknown-linux-gnu,crypto-bigint,0.7.3,int::tests::as_uint,full,success,0.10804082300000001,,,,
aarch64-unknown-linux-gnu,crypto-bigint,0.7.3,int::tests::as_words,full,success,0.10711154733333333,,,,
aarch64-unknown-linux-gnu,crypto-bigint,0.7.3,int::tests::as_words_mut,full,success,0.10822556800000001,,,,
aarch64-unknown-linux-gnu,crypto-bigint,0.7.3,int::tests::is_maximal,full,success,0.108843184,,,,
aarch64-unknown-linux-gnu,crypto-bigint,0.7.3,int::tests::is_minimal,full,success,0.10739586766666666,,,,
aarch64-unknown-linux-gnu,crypto-bigint,0.7.3,int::tests::test_signed,full,success,0.19963162233333334,,,,
aarch64-unknown-linux-gnu,crypto-bigint,0.7.3,int::tests::to_uint,full,success,0.10719424533333333,,,,
aarch64-unknown-linux-gnu,crypto-bigint,0.7.3,jacobi::tests::jacobi_eq,full,success,0.10872999766666668,,,,
aarch64-unknown-linux-gnu,crypto-bigint,0.7.3,jacobi::tests::jacobi_from,full,success,0.110073751,,,,
aarch64-unknown-linux-gnu,crypto-bigint,0.7.3,jacobi::tests::jacobi_neg,full,success,0.10915384766666668,,,,
aarch64-unknown-linux-gnu,crypto-bigint,0.7.3,limb::add::tests::add_no_overflow,full,success,0.11096050466666667,,,,
aarch64-unknown-linux-gnu,crypto-bigint,0.7.3,limb::add::tests::add_with_overflow,full,success,0.114119317,,,,
aarch64-unknown-linux-gnu,crypto-bigint,0.7.3,limb::add::tests::carrying_add_no_carry,full,success,0.108466073,,,,
aarch64-unknown-linux-gnu,crypto-bigint,0.7.3,limb::add::tests::carrying_add_with_carry,full,success,0.10824857466666667,,,,
aarch64-unknown-linux-gnu,crypto-bigint,0.7.3,limb::add::tests::checked_add,full,success,0.10924655666666667,,,,
aarch64-unknown-linux-gnu,crypto-bigint,0.7.3,limb::add::tests::checked_add_ok,full,success,0.10755328100000001,,,,
aarch64-unknown-linux-gnu,crypto-bigint,0.7.3,limb::add::tests::checked_add_overflow,full,success,0.107561825,,,,
aarch64-unknown-linux-gnu,crypto-bigint,0.7.3,limb::add::tests::overflowing_add_no_carry,full,success,0.10821035333333334,,,,
aarch64-unknown-linux-gnu,crypto-bigint,0.7.3,limb::add::tests::overflowing_add_with_carry,full,success,0.10874046333333333,,,,
aarch64-unknown-linux-gnu,crypto-bigint,0.7.3,limb::add::tests::saturating_add,full,success,0.10860710133333333,,,,
aarch64-unknown-linux-gnu,crypto-bigint,0.7.3,limb::add::tests::wrapping_add_no_carry,full,success,0.10763499833333334,,,,
aarch64-unknown-linux-gnu,crypto-bigint,0.7.3,limb::add::tests::wrapping_add_with_carry,full,success,0.10760364066666668,,,,
aarch64-unknown-linux-gnu,crypto-bigint,0.7.3,limb::bit_xor::tests::bitxor,full,success,0.10839026966666669,,,,
aarch64-unknown-linux-gnu,crypto-bigint,0.7.3,limb::bit_xor::tests::bitxor_assign,full,success,0.10751326233333335,,,,
aarch64-unknown-linux-gnu,crypto-bigint,0.7.3,limb::bits::tests::bit,full,success,0.10830768600000001,,,,
aarch64-unknown-linux-gnu,crypto-bigint,0.7.3,limb::bits::tests::bit_vartime,full,success,0.10800432433333335,,,,
aarch64-unknown-linux-gnu,crypto-bigint,0.7.3,limb::bits::tests::leading_zeros,full,success,0.10942059033333335,,,,
aarch64-unknown-linux-gnu,crypto-bigint,0.7.3,limb::bits::tests::leading_zeros_vartime,full,success,0.110461174,,,,
aarch64-unknown-linux-gnu,crypto-bigint,0.7.3,limb::bits::tests::set_bit,full,success,0.10937042033333334,,,,
aarch64-unknown-linux-gnu,crypto-bigint,0.7.3,limb::bits::tests::set_bit_vartime,full,success,0.108631433,,,,
aarch64-unknown-linux-gnu,crypto-bigint,0.7.3,limb::bits::tests::trailing_ones,full,success,0.10758878266666667,,,,
aarch64-unknown-linux-gnu,crypto-bigint,0.7.3,limb::bits::tests::trailing_ones_vartime,full,success,0.10761037600000001,,,,
aarch64-unknown-linux-gnu,crypto-bigint,0.7.3,limb::bits::tests::trailing_zeros,full,success,0.10830288633333333,,,,
aarch64-unknown-linux-gnu,crypto-bigint,0.7.3,limb::bits::tests::trailing_zeros_vartime,full,success,0.10765624766666669,,,,
aarch64-unknown-linux-gnu,crypto-bigint,0.7.3,limb::cmp::tests::cmp,full,success,0.10665431766666666,,,,
aarch64-unknown-linux-gnu,crypto-bigint,0.7.3,limb::cmp::tests::ct_conditional_swap,full,success,0.10813138266666668,,,,
aarch64-unknown-linux-gnu,crypto-bigint,0.7.3,limb::cmp::tests::is_odd,full,success,0.10775409466666667,,,,
aarch64-unknown-linux-gnu,crypto-bigint,0.7.3,limb::cmp::tests::is_zero,full,success,0.10770813533333334,,,,
aarch64-unknown-linux-gnu,crypto-bigint,0.7.3,limb::ct::tests::ct_eq,full,success,0.10815721033333335,,,,
aarch64-unknown-linux-gnu,crypto-bigint,0.7.3,limb::ct::tests::ct_gt,full,success,0.10741977866666667,,,,
aarch64-unknown-linux-gnu,crypto-bigint,0.7.3,limb::ct::tests::ct_lt,full,success,0.10748981433333334,,,,
aarch64-unknown-linux-gnu,crypto-bigint,0.7.3,limb::div::tests::checked_div,full,success,0.10715770733333334,,,,
aarch64-unknown-linux-gnu,crypto-bigint,0.7.3,limb::div::tests::checked_rem,full,success,0.10781242266666667,,,,
aarch64-unknown-linux-gnu,crypto-bigint,0.7.3,limb::div::tests::div_assign_trait,full,success,0.107533915,,,,
aarch64-unknown-linux-gnu,crypto-bigint,0.7.3,limb::div::tests::div_ref_zero,full,success,0.113559906,,,,
aarch64-unknown-linux-gnu,crypto-bigint,0.7.3,limb::div::tests::div_rem_ok,full,success,0.10661906766666668,,,,
aarch64-unknown-linux-gnu,crypto-bigint,0.7.3,limb::div::tests::div_trait,full,success,0.10872285933333335,,,,
aarch64-unknown-linux-gnu,crypto-bigint,0.7.3,limb::div::tests::div_zero,full,success,0.11575760333333333,,,,
aarch64-unknown-linux-gnu,crypto-bigint,0.7.3,limb::div::tests::rem_assign_trait,full,success,0.11038008233333334,,,,
aarch64-unknown-linux-gnu,crypto-bigint,0.7.3,limb::div::tests::rem_ref_zero,full,success,0.11495274333333334,,,,
aarch64-unknown-linux-gnu,crypto-bigint,0.7.3,limb::div::tests::rem_trait,full,success,0.10957693966666666,,,,
aarch64-unknown-linux-gnu,crypto-bigint,0.7.3,limb::div::tests::rem_zero,full,success,0.11526904266666667,,,,
aarch64-unknown-linux-gnu,crypto-bigint,0.7.3,limb::encoding::test::reverse,full,success,0.10905727766666667,,,,
aarch64-unknown-linux-gnu,crypto-bigint,0.7.3,limb::encoding::test::roundtrip,full,success,0.10883167900000001,,,,
aarch64-unknown-linux-gnu,crypto-bigint,0.7.3,limb::gcd::tests::gcd_expected,full,success,0.13165994766666667,,,,
aarch64-unknown-linux-gnu,crypto-bigint,0.7.3,limb::mul::tests::checked_mul_ok,full,success,0.10881418166666668,,,,
aarch64-unknown-linux-gnu,crypto-bigint,0.7.3,limb::mul::tests::checked_mul_overflow,full,success,0.108959814,,,,
aarch64-unknown-linux-gnu,crypto-bigint,0.7.3,limb::shl::tests::overflowing_shl,full,success,0.10833868866666667,,,,
aarch64-unknown-linux-gnu,crypto-bigint,0.7.3,limb::shl::tests::shl1,full,success,0.10868480000000001,,,,
aarch64-unknown-linux-gnu,crypto-bigint,0.7.3,limb::shl::tests::shl2,full,success,0.10740248766666667,,,,
aarch64-unknown-linux-gnu,crypto-bigint,0.7.3,limb::shl::tests::shl_assign1,full,success,0.10751448300000001,,,,
aarch64-unknown-linux-gnu,crypto-bigint,0.7.3,limb::shl::tests::shl_assign2,full,success,0.107358456,,,,
aarch64-unknown-linux-gnu,crypto-bigint,0.7.3,limb::shl::tests::unbounded_shl,full,success,0.10896045666666669,,,,
aarch64-unknown-linux-gnu,crypto-bigint,0.7.3,limb::shl::tests::wrapping_shl,full,success,0.10953296633333333,,,,
aarch64-unknown-linux-gnu,crypto-bigint,0.7.3,limb::shr::tests::overflowing_shr,full,success,0.11035651333333335,,,,
aarch64-unknown-linux-gnu,crypto-bigint,0.7.3,limb::shr::tests::shr1,full,success,0.10994162566666667,,,,
aarch64-unknown-linux-gnu,crypto-bigint,0.7.3,limb::shr::tests::shr2,full,success,0.10865759100000001,,,,
aarch64-unknown-linux-gnu,crypto-bigint,0.7.3,limb::shr::tests::shr_assign1,full,success,0.109702494,,,,
aarch64-unknown-linux-gnu,crypto-bigint,0.7.3,limb::shr::tests::shr_assign2,full,success,0.10878326833333334,,,,
aarch64-unknown-linux-gnu,crypto-bigint,0.7.3,limb::shr::tests::unbounded_shr,full,success,0.10845774766666667,,,,
aarch64-unknown-linux-gnu,crypto-bigint,0.7.3,limb::shr::tests::wrapping_shr,full,success,0.10870757966666668,,,,
aarch64-unknown-linux-gnu,crypto-bigint,0.7.3,limb::sub::tests::borrowing_sub_no_borrow,full,success,0.108395117,,,,
aarch64-unknown-linux-gnu,crypto-bigint,0.7.3,limb::sub::tests::borrowing_sub_with_borrow,full,success,0.10855578933333333,,,,
aarch64-unknown-linux-gnu,crypto-bigint,0.7.3,limb::sub::tests::checked_sub_ok,full,success,0.10927212733333334,,,,
aarch64-unknown-linux-gnu,crypto-bigint,0.7.3,limb::sub::tests::checked_sub_overflow,full,success,0.10837168666666668,,,,
aarch64-unknown-linux-gnu,crypto-bigint,0.7.3,limb::sub::tests::wrapping_sub_no_borrow,full,success,0.10817207000000001,,,,
aarch64-unknown-linux-gnu,crypto-bigint,0.7.3,limb::sub::tests::wrapping_sub_with_borrow,full,success,0.10792806700000002,,,,
aarch64-unknown-linux-gnu,crypto-bigint,0.7.3,limb::tests::nlimbs_for_bits_macro,full,success,0.10834584866666667,,,,
aarch64-unknown-linux-gnu,crypto-bigint,0.7.3,limb::tests::test_unsigned,full,success,0.14935499666666666,,,,
aarch64-unknown-linux-gnu,crypto-bigint,0.7.3,modular::bingcd::compact::tests::test_compact,full,success,0.10796889900000001,,,,
aarch64-unknown-linux-gnu,crypto-bigint,0.7.3,modular::bingcd::compact::tests::test_compact_vartime,full,success,0.10807583666666669,,,,
aarch64-unknown-linux-gnu,crypto-bigint,0.7.3,modular::bingcd::div_mod_2k::tests::test_carrying_mul_add_limb,full,success,0.11013728233333335,,,,
aarch64-unknown-linux-gnu,crypto-bigint,0.7.3,modular::bingcd::div_mod_2k::tests::test_limb_bounded_div2k_mod_q,full,success,0.109675848,,,,
aarch64-unknown-linux-gnu,crypto-bigint,0.7.3,modular::bingcd::div_mod_2k::tests::test_uint_bounded_div2k_mod_q,full,success,0.11142011433333333,,,,
aarch64-unknown-linux-gnu,crypto-bigint,0.7.3,modular::bingcd::extension::tests::bounded_shr,full,success,0.10871752033333333,,,,
aarch64-unknown-linux-gnu,crypto-bigint,0.7.3,modular::bingcd::extension::tests::test_from_product,full,success,0.10880920233333334,,,,
aarch64-unknown-linux-gnu,crypto-bigint,0.7.3,modular::bingcd::extension::tests::test_wrapping_sub,full,success,0.10824747866666667,,,,
aarch64-unknown-linux-gnu,crypto-bigint,0.7.3,modular::bingcd::matrix::tests::test_conditional_add_right_column_to_left,full,success,0.11012320566666667,,,,
aarch64-unknown-linux-gnu,crypto-bigint,0.7.3,modular::bingcd::matrix::tests::test_conditional_double,full,success,0.11053987533333336,,,,
aarch64-unknown-linux-gnu,crypto-bigint,0.7.3,modular::bingcd::matrix::tests::test_conditional_subtract_bottom_row_from_top,full,success,0.11074810933333334,,,,
aarch64-unknown-linux-gnu,crypto-bigint,0.7.3,modular::bingcd::matrix::tests::test_conditional_subtract_right_column_from_left,full,success,0.11011388033333334,,,,
aarch64-unknown-linux-gnu,crypto-bigint,0.7.3,modular::bingcd::matrix::tests::test_conditional_swap,full,success,0.11193728833333334,,,,
aarch64-unknown-linux-gnu,crypto-bigint,0.7.3,modular::bingcd::matrix::tests::test_swap,full,success,0.10976367600000002,,,,
aarch64-unknown-linux-gnu,crypto-bigint,0.7.3,modular::bingcd::matrix::tests::test_wrapping_apply_to,full,success,0.10852867233333334,,,,
aarch64-unknown-linux-gnu,crypto-bigint,0.7.3,modular::const_monty_form::add::tests::add_overflow,full,success,0.10835949433333335,,,,
aarch64-unknown-linux-gnu,crypto-bigint,0.7.3,modular::const_monty_form::invert::tests::test_self_inverse,full,success,0.1542177386666667,,,,
aarch64-unknown-linux-gnu,crypto-bigint,0.7.3,modular::const_monty_form::lincomb::tests::lincomb_expected,full,success,12.331548215333333,,,,
aarch64-unknown-linux-gnu,crypto-bigint,0.7.3,modular::const_monty_form::macros::tests::impl_modulus_with_valid_modulus,full,success,0.10659616066666666,,,,
aarch64-unknown-linux-gnu,crypto-bigint,0.7.3,modular::const_monty_form::macros::tests::new_params_with_valid_modulus,full,success,0.10465852733333335,,,,
aarch64-unknown-linux-gnu,crypto-bigint,0.7.3,modular::const_monty_form::mod_symbol::tests::jacobi_quad_nonresidue,full,success,0.34848942766666663,,,,
aarch64-unknown-linux-gnu,crypto-bigint,0.7.3,modular::const_monty_form::mod_symbol::tests::jacobi_quad_residue,full,success,0.3470192113333333,,,,
aarch64-unknown-linux-gnu,crypto-bigint,0.7.3,modular::const_monty_form::mul::tests::test_mul_eq_add,full,success,0.10643802666666667,,,,
aarch64-unknown-linux-gnu,crypto-bigint,0.7.3,modular::const_monty_form::mul::tests::test_mul_one,full,success,0.106190483,,,,
aarch64-unknown-linux-gnu,crypto-bigint,0.7.3,modular::const_monty_form::mul::tests::test_mul_zero,full,success,0.10592106566666666,,,,
aarch64-unknown-linux-gnu,crypto-bigint,0.7.3,modular::const_monty_form::mul::tests::test_square_eq_mul,full,success,0.10535080933333334,,,,
aarch64-unknown-linux-gnu,crypto-bigint,0.7.3,modular::const_monty_form::mul::tests::test_square_repeat,full,success,0.10776243233333334,,,,
aarch64-unknown-linux-gnu,crypto-bigint,0.7.3,modular::const_monty_form::neg::tests::test_negate,full,success,0.10628795166666667,,,,
aarch64-unknown-linux-gnu,crypto-bigint,0.7.3,modular::const_monty_form::pow::tests::test_multi_exp_array,full,success,0.24695113566666668,,,,
aarch64-unknown-linux-gnu,crypto-bigint,0.7.3,modular::const_monty_form::pow::tests::test_powmod,full,success,0.15158625566666667,,,,
aarch64-unknown-linux-gnu,crypto-bigint,0.7.3,modular::const_monty_form::pow::tests::test_powmod_small_base,full,success,0.14943639166666667,,,,
aarch64-unknown-linux-gnu,crypto-bigint,0.7.3,modular::const_monty_form::pow::tests::test_powmod_small_exponent,full,success,0.1365976866666667,,,,
aarch64-unknown-linux-gnu,crypto-bigint,0.7.3,modular::const_monty_form::pow::tests::test_powmod_zero,full,success,0.1349631176666667,,,,
aarch64-unknown-linux-gnu,crypto-bigint,0.7.3,modular::const_monty_form::sqrt::tests::check_sqrt,full,success,0.1551263926666667,,,,
aarch64-unknown-linux-gnu,crypto-bigint,0.7.3,modular::const_monty_form::sub::tests::sub_overflow,full,success,0.10689843966666668,,,,
aarch64-unknown-linux-gnu,crypto-bigint,0.7.3,modular::fixed_monty_form::add::tests::add_overflow,full,success,0.10806809366666666,,,,
aarch64-unknown-linux-gnu,crypto-bigint,0.7.3,modular::fixed_monty_form::invert::tests::test_self_inverse,full,success,0.15166212833333334,,,,
aarch64-unknown-linux-gnu,crypto-bigint,0.7.3,modular::fixed_monty_form::lincomb::tests::lincomb_expected,full,success,25.749828557,,,,
aarch64-unknown-linux-gnu,crypto-bigint,0.7.3,modular::fixed_monty_form::mod_symbol::tests::jacobi_quad_nonresidue,full,success,0.357444617,,,,
aarch64-unknown-linux-gnu,crypto-bigint,0.7.3,modular::fixed_monty_form::mod_symbol::tests::jacobi_quad_residue,full,success,0.3524898703333334,,,,
aarch64-unknown-linux-gnu,crypto-bigint,0.7.3,modular::fixed_monty_form::mul::tests::test_mul_eq_add,full,success,0.108350095,,,,
aarch64-unknown-linux-gnu,crypto-bigint,0.7.3,modular::fixed_monty_form::mul::tests::test_mul_one,full,success,0.108005627,,,,
aarch64-unknown-linux-gnu,crypto-bigint,0.7.3,modular::fixed_monty_form::mul::tests::test_mul_zero,full,success,0.10860475033333335,,,,
aarch64-unknown-linux-gnu,crypto-bigint,0.7.3,modular::fixed_monty_form::mul::tests::test_square_eq_mul,full,success,0.10964233233333333,,,,
aarch64-unknown-linux-gnu,crypto-bigint,0.7.3,modular::fixed_monty_form::mul::tests::test_square_repeat,full,success,0.11164183633333336,,,,
aarch64-unknown-linux-gnu,crypto-bigint,0.7.3,modular::fixed_monty_form::pow::tests::test_multi_exp_array,full,success,0.30437702400000005,,,,
aarch64-unknown-linux-gnu,crypto-bigint,0.7.3,modular::fixed_monty_form::pow::tests::test_powmod,full,success,0.18188295233333338,,,,
aarch64-unknown-linux-gnu,crypto-bigint,0.7.3,modular::fixed_monty_form::pow::tests::test_powmod_small_base,full,success,0.181983111,,,,
aarch64-unknown-linux-gnu,crypto-bigint,0.7.3,modular::fixed_monty_form::pow::tests::test_powmod_small_exponent,full,success,0.15207665966666667,,,,
aarch64-unknown-linux-gnu,crypto-bigint,0.7.3,modular::fixed_monty_form::pow::tests::test_powmod_zero,full,success,0.15128802533333335,,,,
aarch64-unknown-linux-gnu,crypto-bigint,0.7.3,modular::fixed_monty_form::sub::tests::sub_overflow,full,success,0.11116767766666669,,,,
aarch64-unknown-linux-gnu,crypto-bigint,0.7.3,modular::fixed_monty_form::tests::new_params_with_valid_modulus,full,success,0.108130218,,,,
aarch64-unknown-linux-gnu,crypto-bigint,0.7.3,modular::prime_params::tests::check_equality,full,success,0.11327197100000001,,,,
aarch64-unknown-linux-gnu,crypto-bigint,0.7.3,modular::prime_params::tests::check_expected,full,success,0.10852886666666668,,,,
aarch64-unknown-linux-gnu,crypto-bigint,0.7.3,modular::prime_params::tests::check_invalid_generator,full,success,0.11458429133333335,,,,
aarch64-unknown-linux-gnu,crypto-bigint,0.7.3,modular::prime_params::tests::check_non_prime,full,success,0.12437093433333335,,,,
aarch64-unknown-linux-gnu,crypto-bigint,0.7.3,modular::safegcd::tests::invert,full,success,0.12899761666666668,,,,
aarch64-unknown-linux-gnu,crypto-bigint,0.7.3,modular::safegcd::tests::shr_wide,full,success,0.10919761266666668,,,,
aarch64-unknown-linux-gnu,crypto-bigint,0.7.3,modular::sqrt::tests::mod_sqrt_s_1,full,success,0.18261586400000004,,,,
aarch64-unknown-linux-gnu,crypto-bigint,0.7.3,modular::sqrt::tests::mod_sqrt_s_2,full,success,0.23380172633333332,,,,
aarch64-unknown-linux-gnu,crypto-bigint,0.7.3,modular::sqrt::tests::mod_sqrt_s_3,full,success,0.5973850383333335,,,,
aarch64-unknown-linux-gnu,crypto-bigint,0.7.3,modular::sqrt::tests::mod_sqrt_s_4,full,success,0.23447587633333336,,,,
aarch64-unknown-linux-gnu,crypto-bigint,0.7.3,modular::sqrt::tests::mod_sqrt_s_6,full,success,0.2514721903333334,,,,
aarch64-unknown-linux-gnu,crypto-bigint,0.7.3,modular::tests::monty_mul_one_r,full,success,0.10816432100000001,,,,
aarch64-unknown-linux-gnu,crypto-bigint,0.7.3,modular::tests::monty_mul_r2,full,success,0.10814949033333333,,,,
aarch64-unknown-linux-gnu,crypto-bigint,0.7.3,modular::tests::monty_mul_r_r,full,success,0.10928972566666667,,,,
aarch64-unknown-linux-gnu,crypto-bigint,0.7.3,modular::tests::monty_mul_xr,full,success,0.10909171200000001,,,,
aarch64-unknown-linux-gnu,crypto-bigint,0.7.3,modular::tests::monty_mul_xr2,full,success,0.109792405,,,,
aarch64-unknown-linux-gnu,crypto-bigint,0.7.3,modular::tests::monty_square_r,full,success,0.10885483933333334,,,,
aarch64-unknown-linux-gnu,crypto-bigint,0.7.3,modular::tests::test_montgomery_params,full,success,0.10876490366666668,,,,
aarch64-unknown-linux-gnu,crypto-bigint,0.7.3,modular::tests::test_new_retrieve,full,success,0.10914315666666667,,,,
aarch64-unknown-linux-gnu,crypto-bigint,0.7.3,modular::tests::test_reducing_one,full,success,0.10893883866666669,,,,
aarch64-unknown-linux-gnu,crypto-bigint,0.7.3,modular::tests::test_reducing_r2,full,success,0.108863284,,,,
aarch64-unknown-linux-gnu,crypto-bigint,0.7.3,modular::tests::test_reducing_r2_wide,full,success,0.10850304866666667,,,,
aarch64-unknown-linux-gnu,crypto-bigint,0.7.3,modular::tests::test_reducing_xr2_wide,full,success,0.109801941,,,,
aarch64-unknown-linux-gnu,crypto-bigint,0.7.3,modular::tests::test_reducing_xr_wide,full,success,0.10800103933333334,,,,
aarch64-unknown-linux-gnu,crypto-bigint,0.7.3,non_zero::tests::default,full,success,0.10844056600000002,,,,
aarch64-unknown-linux-gnu,crypto-bigint,0.7.3,non_zero::tests::from_be_bytes,full,success,0.10917489400000001,,,,
aarch64-unknown-linux-gnu,crypto-bigint,0.7.3,non_zero::tests::from_be_hex_when_nonzero,full,success,0.10884763033333335,,,,
aarch64-unknown-linux-gnu,crypto-bigint,0.7.3,non_zero::tests::from_be_hex_when_zero,full,success,0.11535784633333335,,,,
aarch64-unknown-linux-gnu,crypto-bigint,0.7.3,non_zero::tests::from_le_bytes,full,success,0.10679424300000001,,,,
aarch64-unknown-linux-gnu,crypto-bigint,0.7.3,non_zero::tests::from_le_hex_when_nonzero,full,success,0.10645149733333333,,,,
aarch64-unknown-linux-gnu,crypto-bigint,0.7.3,non_zero::tests::from_le_hex_when_zero,full,success,0.112159546,,,,
aarch64-unknown-linux-gnu,crypto-bigint,0.7.3,non_zero::tests::int_abs_sign,full,success,0.10592267033333334,,,,
aarch64-unknown-linux-gnu,crypto-bigint,0.7.3,non_zero::tests::one,full,success,0.10642892033333334,,,,
aarch64-unknown-linux-gnu,crypto-bigint,0.7.3,odd::tests::default,full,success,0.10564028300000002,,,,
aarch64-unknown-linux-gnu,crypto-bigint,0.7.3,odd::tests::from_be_hex_when_even,full,success,0.11133946566666668,,,,
aarch64-unknown-linux-gnu,crypto-bigint,0.7.3,odd::tests::from_be_hex_when_odd,full,success,0.10737557866666668,,,,
aarch64-unknown-linux-gnu,crypto-bigint,0.7.3,odd::tests::from_le_hex_when_even,full,success,0.11272660866666667,,,,
aarch64-unknown-linux-gnu,crypto-bigint,0.7.3,odd::tests::from_le_hex_when_odd,full,success,0.10690603300000001,,,,
aarch64-unknown-linux-gnu,crypto-bigint,0.7.3,odd::tests::not_odd_numbers,full,success,0.10652727900000002,,,,
aarch64-unknown-linux-gnu,crypto-bigint,0.7.3,primitives::tests::carrying_mul_add_cannot_overflow,full,success,0.10661037533333334,,,,
aarch64-unknown-linux-gnu,crypto-bigint,0.7.3,primitives::tests::test_u32_const_max,full,success,0.10622433466666668,,,,
aarch64-unknown-linux-gnu,crypto-bigint,0.7.3,primitives::tests::test_u32_const_min,full,success,0.10706762633333333,,,,
aarch64-unknown-linux-gnu,crypto-bigint,0.7.3,primitives::tests::test_u32_const_rem,full,success,0.10638314766666668,,,,
aarch64-unknown-linux-gnu,crypto-bigint,0.7.3,uint::add::tests::carrying_add_no_carry,full,success,0.10650349533333335,,,,
aarch64-unknown-linux-gnu,crypto-bigint,0.7.3,uint::add::tests::carrying_add_with_carry,full,success,0.106513596,,,,
aarch64-unknown-linux-gnu,crypto-bigint,0.7.3,uint::add::tests::checked_add_ok,full,success,0.10647314466666667,,,,
aarch64-unknown-linux-gnu,crypto-bigint,0.7.3,uint::add::tests::checked_add_overflow,full,success,0.106825901,,,,
aarch64-unknown-linux-gnu,crypto-bigint,0.7.3,uint::add::tests::overflowing_add_limb,full,success,0.10717088366666667,,,,
aarch64-unknown-linux-gnu,crypto-bigint,0.7.3,uint::add::tests::saturating_add_no_carry,full,success,0.10669867433333334,,,,
aarch64-unknown-linux-gnu,crypto-bigint,0.7.3,uint::add::tests::saturating_add_with_carry,full,success,0.10733232166666667,,,,
aarch64-unknown-linux-gnu,crypto-bigint,0.7.3,uint::add::tests::wrapping_add_no_carry,full,success,0.10632281866666667,,,,
aarch64-unknown-linux-gnu,crypto-bigint,0.7.3,uint::add::tests::wrapping_add_with_carry,full,success,0.10704812133333334,,,,
aarch64-unknown-linux-gnu,crypto-bigint,0.7.3,uint::add_mod::tests::add_mod_nist_p256,full,success,0.10638945433333334,,,,
aarch64-unknown-linux-gnu,crypto-bigint,0.7.3,uint::add_mod::tests::add_mod_special,full,success,1.2322415226666668,,,,
aarch64-unknown-linux-gnu,crypto-bigint,0.7.3,uint::add_mod::tests::double_mod_expected,full,success,0.10732942866666667,,,,
aarch64-unknown-linux-gnu,crypto-bigint,0.7.3,uint::bit_and::tests::checked_and_ok,full,success,0.10693566266666667,,,,
aarch64-unknown-linux-gnu,crypto-bigint,0.7.3,uint::bit_and::tests::overlapping_and_ok,full,success,0.10698385366666668,,,,
aarch64-unknown-linux-gnu,crypto-bigint,0.7.3,uint::bit_not::tests::bitnot_ok,full,success,0.10746272966666666,,,,
aarch64-unknown-linux-gnu,crypto-bigint,0.7.3,uint::bit_or::tests::checked_or_ok,full,success,0.107910397,,,,
aarch64-unknown-linux-gnu,crypto-bigint,0.7.3,uint::bit_or::tests::overlapping_or_ok,full,success,0.107470617,,,,
aarch64-unknown-linux-gnu,crypto-bigint,0.7.3,uint::bit_xor::tests::checked_xor_ok,full,success,0.10784402466666666,,,,
aarch64-unknown-linux-gnu,crypto-bigint,0.7.3,uint::bit_xor::tests::overlapping_xor_ok,full,success,0.10796799266666668,,,,
aarch64-unknown-linux-gnu,crypto-bigint,0.7.3,uint::bits::tests::bit,full,success,0.10740299500000001,,,,
aarch64-unknown-linux-gnu,crypto-bigint,0.7.3,uint::bits::tests::bit_vartime,full,success,0.10856248233333333,,,,
aarch64-unknown-linux-gnu,crypto-bigint,0.7.3,uint::bits::tests::leading_zeros,full,success,0.10849196066666666,,,,
aarch64-unknown-linux-gnu,crypto-bigint,0.7.3,uint::bits::tests::leading_zeros_vartime,full,success,0.10930719600000001,,,,
aarch64-unknown-linux-gnu,crypto-bigint,0.7.3,uint::bits::tests::set_bit,full,success,0.110275885,,,,
aarch64-unknown-linux-gnu,crypto-bigint,0.7.3,uint::bits::tests::trailing_ones,full,success,0.10947322766666667,,,,
aarch64-unknown-linux-gnu,crypto-bigint,0.7.3,uint::bits::tests::trailing_ones_vartime,full,success,0.10919983966666667,,,,
aarch64-unknown-linux-gnu,crypto-bigint,0.7.3,uint::bits::tests::trailing_zeros,full,success,0.10851463066666667,,,,
aarch64-unknown-linux-gnu,crypto-bigint,0.7.3,uint::bits::tests::trailing_zeros_vartime,full,success,0.108018231,,,,
aarch64-unknown-linux-gnu,crypto-bigint,0.7.3,uint::cmp::tests::cmp,full,success,0.10862014133333335,,,,
aarch64-unknown-linux-gnu,crypto-bigint,0.7.3,uint::cmp::tests::cmp_vartime,full,success,0.10878338933333333,,,,
aarch64-unknown-linux-gnu,crypto-bigint,0.7.3,uint::cmp::tests::conditional_swap,full,success,0.10797158066666668,,,,
aarch64-unknown-linux-gnu,crypto-bigint,0.7.3,uint::cmp::tests::is_odd,full,success,0.10767079466666667,,,,
aarch64-unknown-linux-gnu,crypto-bigint,0.7.3,uint::cmp::tests::is_zero,full,success,0.10817265833333334,,,,
aarch64-unknown-linux-gnu,crypto-bigint,0.7.3,uint::cmp::tests::lte,full,success,0.10963446,,,,
aarch64-unknown-linux-gnu,crypto-bigint,0.7.3,uint::concat::tests::concat,full,success,0.108132605,,,,
aarch64-unknown-linux-gnu,crypto-bigint,0.7.3,uint::concat::tests::concat_checked,full,success,0.10826342833333334,,,,
aarch64-unknown-linux-gnu,crypto-bigint,0.7.3,uint::concat::tests::concat_mixed,full,success,0.10846966866666667,,,,
aarch64-unknown-linux-gnu,crypto-bigint,0.7.3,uint::concat::tests::concat_resize_large,full,success,0.10842355366666667,,,,
aarch64-unknown-linux-gnu,crypto-bigint,0.7.3,uint::concat::tests::concat_resize_small,full,success,0.10793512033333334,,,,
aarch64-unknown-linux-gnu,crypto-bigint,0.7.3,uint::concat::tests::convert,full,success,0.10706548066666667,,,,
aarch64-unknown-linux-gnu,crypto-bigint,0.7.3,uint::concat::tests::infer_sizes,full,success,0.10793355233333335,,,,
aarch64-unknown-linux-gnu,crypto-bigint,0.7.3,uint::ct::tests::ct_eq,full,success,0.10846431299999999,,,,
aarch64-unknown-linux-gnu,crypto-bigint,0.7.3,uint::ct::tests::ct_gt,full,success,0.108673433,,,,
aarch64-unknown-linux-gnu,crypto-bigint,0.7.3,uint::ct::tests::ct_lt,full,success,0.107816651,,,,
aarch64-unknown-linux-gnu,crypto-bigint,0.7.3,uint::ct::tests::ct_select,full,success,0.10705016133333334,,,,
aarch64-unknown-linux-gnu,crypto-bigint,0.7.3,uint::div::tests::div,full,success,0.167023943,,,,
aarch64-unknown-linux-gnu,crypto-bigint,0.7.3,uint::div::tests::div_assign_trait,full,success,0.11082079,,,,
aarch64-unknown-linux-gnu,crypto-bigint,0.7.3,uint::div::tests::div_edge,full,success,0.11231803200000001,,,,
aarch64-unknown-linux-gnu,crypto-bigint,0.7.3,uint::div::tests::div_max,full,success,0.10882370600000002,,,,
aarch64-unknown-linux-gnu,crypto-bigint,0.7.3,uint::div::tests::div_one,full,success,0.10822420533333334,,,,
aarch64-unknown-linux-gnu,crypto-bigint,0.7.3,uint::div::tests::div_ref_zero,full,success,0.11321100933333335,,,,
aarch64-unknown-linux-gnu,crypto-bigint,0.7.3,uint::div::tests::div_rem_larger_denominator,full,success,0.11038096533333334,,,,
aarch64-unknown-linux-gnu,crypto-bigint,0.7.3,uint::div::tests::div_rem_larger_numerator,full,success,0.11201128666666667,,,,
aarch64-unknown-linux-gnu,crypto-bigint,0.7.3,uint::div::tests::div_trait,full,success,0.11277174133333334,,,,
aarch64-unknown-linux-gnu,crypto-bigint,0.7.3,uint::div::tests::div_vartime_through_traits,full,success,0.10974004366666668,,,,
aarch64-unknown-linux-gnu,crypto-bigint,0.7.3,uint::div::tests::div_word,full,success,0.12061722033333333,,,,
aarch64-unknown-linux-gnu,crypto-bigint,0.7.3,uint::div::tests::div_zero,full,success,0.11413128766666668,,,,
aarch64-unknown-linux-gnu,crypto-bigint,0.7.3,uint::div::tests::reduce_max,full,success,0.10921341366666669,,,,
aarch64-unknown-linux-gnu,crypto-bigint,0.7.3,uint::div::tests::reduce_one,full,success,0.10873450600000001,,,,
aarch64-unknown-linux-gnu,crypto-bigint,0.7.3,uint::div::tests::reduce_tests,full,success,0.11296647500000001,,,,
aarch64-unknown-linux-gnu,crypto-bigint,0.7.3,uint::div::tests::reduce_tests_wide_zero_padded,full,success,0.11336915300000001,,,,
aarch64-unknown-linux-gnu,crypto-bigint,0.7.3,uint::div::tests::rem2krand,full,success,0.13325992566666667,,,,
aarch64-unknown-linux-gnu,crypto-bigint,0.7.3,uint::div::tests::rem_assign_trait,full,success,0.10904690700000001,,,,
aarch64-unknown-linux-gnu,crypto-bigint,0.7.3,uint::div::tests::rem_mixed,full,success,0.11263752300000002,,,,
aarch64-unknown-linux-gnu,crypto-bigint,0.7.3,uint::div::tests::rem_mixed_even,full,success,0.11247681600000002,,,,
aarch64-unknown-linux-gnu,crypto-bigint,0.7.3,uint::div::tests::rem_mixed_through_traits,full,success,0.10952450033333334,,,,
aarch64-unknown-linux-gnu,crypto-bigint,0.7.3,uint::div::tests::rem_ref_zero,full,success,0.11460789966666668,,,,
aarch64-unknown-linux-gnu,crypto-bigint,0.7.3,uint::div::tests::rem_trait,full,success,0.11187390000000001,,,,
aarch64-unknown-linux-gnu,crypto-bigint,0.7.3,uint::div::tests::rem_wide_corner_case,full,success,0.10942857566666668,,,,
aarch64-unknown-linux-gnu,crypto-bigint,0.7.3,uint::div::tests::rem_zero,full,success,0.11435322033333335,,,,
aarch64-unknown-linux-gnu,crypto-bigint,0.7.3,uint::div_limb::tests::div2by1_overflow,full,success,0.10810915300000001,,,,
aarch64-unknown-linux-gnu,crypto-bigint,0.7.3,uint::encoding::tests::encode_be_hex,full,success,0.10830363566666668,,,,
aarch64-unknown-linux-gnu,crypto-bigint,0.7.3,uint::encoding::tests::from_be_hex,full,success,0.10758064500000002,,,,
aarch64-unknown-linux-gnu,crypto-bigint,0.7.3,uint::encoding::tests::from_be_slice,full,success,0.10767811066666667,,,,
aarch64-unknown-linux-gnu,crypto-bigint,0.7.3,uint::encoding::tests::from_le_hex,full,success,0.10903844966666666,,,,
aarch64-unknown-linux-gnu,crypto-bigint,0.7.3,uint::encoding::tests::from_le_slice,full,success,0.10813201466666666,,,,
aarch64-unknown-linux-gnu,crypto-bigint,0.7.3,uint::encoding::tests::from_str_radix_10,full,success,0.10944648966666669,,,,
aarch64-unknown-linux-gnu,crypto-bigint,0.7.3,uint::encoding::tests::from_str_radix_2,full,success,0.3627345663333334,,,,
aarch64-unknown-linux-gnu,crypto-bigint,0.7.3,uint::encoding::tests::from_str_radix_5,full,success,0.14385919700000002,,,,
aarch64-unknown-linux-gnu,crypto-bigint,0.7.3,uint::encoding::tests::from_str_radix_disallowed,full,success,0.10784528666666666,,,,
aarch64-unknown-linux-gnu,crypto-bigint,0.7.3,uint::encoding::tests::infer_sizes,full,success,0.10846099633333334,,,,
aarch64-unknown-linux-gnu,crypto-bigint,0.7.3,uint::from::tests::array_round_trip,full,success,0.10853489833333334,,,,
aarch64-unknown-linux-gnu,crypto-bigint,0.7.3,uint::from::tests::concat_mixed,full,success,0.10953212666666667,,,,
aarch64-unknown-linux-gnu,crypto-bigint,0.7.3,uint::from::tests::from_u128,full,success,0.10829036966666668,,,,
aarch64-unknown-linux-gnu,crypto-bigint,0.7.3,uint::from::tests::from_u16,full,success,0.10809635300000002,,,,
aarch64-unknown-linux-gnu,crypto-bigint,0.7.3,uint::from::tests::from_u64,full,success,0.10898394133333333,,,,
aarch64-unknown-linux-gnu,crypto-bigint,0.7.3,uint::from::tests::from_u8,full,success,0.10812112266666668,,,,
aarch64-unknown-linux-gnu,crypto-bigint,0.7.3,uint::from::tests::split_mixed,full,success,0.10833578366666667,,,,
aarch64-unknown-linux-gnu,crypto-bigint,0.7.3,uint::invert_mod::tests::invert_mod2k,full,success,0.11454444533333334,,,,
aarch64-unknown-linux-gnu,crypto-bigint,0.7.3,uint::invert_mod::tests::invert_mod_precision,full,success,0.1265251146666667,,,,
aarch64-unknown-linux-gnu,crypto-bigint,0.7.3,uint::invert_mod::tests::test_invert_edge,full,success,0.21606888933333335,,,,
aarch64-unknown-linux-gnu,crypto-bigint,0.7.3,uint::invert_mod::tests::test_invert_even,full,success,0.2695260016666667,,,,
aarch64-unknown-linux-gnu,crypto-bigint,0.7.3,uint::invert_mod::tests::test_invert_odd,full,success,0.41775161133333333,,,,
aarch64-unknown-linux-gnu,crypto-bigint,0.7.3,uint::invert_mod::tests::test_invert_odd_no_inverse,full,success,0.130535108,,,,
aarch64-unknown-linux-gnu,crypto-bigint,0.7.3,uint::invert_mod::tests::test_invert_small,full,success,0.11416967766666668,,,,
aarch64-unknown-linux-gnu,crypto-bigint,0.7.3,uint::invert_mod::tests::test_no_inverse_small,full,success,0.115049858,,,,
aarch64-unknown-linux-gnu,crypto-bigint,0.7.3,uint::lcm::tests::lcm::lcm_sizes,full,success,0.5486149940000001,,,,
aarch64-unknown-linux-gnu,crypto-bigint,0.7.3,uint::mod_symbol::tests::jacobi_non_coprime,full,success,0.3405589436666667,,,,
aarch64-unknown-linux-gnu,crypto-bigint,0.7.3,uint::mod_symbol::tests::jacobi_non_quad_residue,full,success,0.3402106516666667,,,,
aarch64-unknown-linux-gnu,crypto-bigint,0.7.3,uint::mod_symbol::tests::jacobi_one,full,success,0.3372053686666667,,,,
aarch64-unknown-linux-gnu,crypto-bigint,0.7.3,uint::mod_symbol::tests::jacobi_quad_residue,full,success,0.3395843293333334,,,,
aarch64-unknown-linux-gnu,crypto-bigint,0.7.3,uint::mod_symbol::tests::jacobi_zero,full,success,0.3346732653333333,,,,
aarch64-unknown-linux-gnu,crypto-bigint,0.7.3,uint::mul::karatsuba::tests::wrapping_mul_sizes,full,success,0.6645213660000001,,,,
aarch64-unknown-linux-gnu,crypto-bigint,0.7.3,uint::mul::karatsuba::tests::wrapping_square_sizes,full,success,0.5637472223333334,,,,
aarch64-unknown-linux-gnu,crypto-bigint,0.7.3,uint::mul::tests::checked_mul_ok,full,success,0.10778354100000002,,,,
aarch64-unknown-linux-gnu,crypto-bigint,0.7.3,uint::mul::tests::checked_mul_overflow,full,success,0.10813370500000001,,,,
aarch64-unknown-linux-gnu,crypto-bigint,0.7.3,uint::mul::tests::checked_mul_sizes,full,success,4.576561625666667,,,,
aarch64-unknown-linux-gnu,crypto-bigint,0.7.3,uint::mul::tests::checked_square,full,success,0.10681216766666668,,,,
aarch64-unknown-linux-gnu,crypto-bigint,0.7.3,uint::mul::tests::checked_square_sizes,full,success,0.204990628,,,,
aarch64-unknown-linux-gnu,crypto-bigint,0.7.3,uint::mul::tests::concatenating_square,full,success,0.10580883833333334,,,,
aarch64-unknown-linux-gnu,crypto-bigint,0.7.3,uint::mul::tests::concatenating_square_larger,full,success,0.10516649633333335,,,,
aarch64-unknown-linux-gnu,crypto-bigint,0.7.3,uint::mul::tests::mul_cmp,full,success,1.1264318986666668,,,,
aarch64-unknown-linux-gnu,crypto-bigint,0.7.3,uint::mul::tests::mul_concat_even,full,success,0.10535313666666668,,,,
aarch64-unknown-linux-gnu,crypto-bigint,0.7.3,uint::mul::tests::mul_concat_mixed,full,success,0.10709470966666668,,,,
aarch64-unknown-linux-gnu,crypto-bigint,0.7.3,uint::mul::tests::overflowing_mul_limb,full,success,0.10661326100000001,,,,
aarch64-unknown-linux-gnu,crypto-bigint,0.7.3,uint::mul::tests::saturating_mul_no_overflow,full,success,0.10668218233333333,,,,
aarch64-unknown-linux-gnu,crypto-bigint,0.7.3,uint::mul::tests::saturating_mul_overflow,full,success,0.105304843,,,,
aarch64-unknown-linux-gnu,crypto-bigint,0.7.3,uint::mul::tests::saturating_square,full,success,0.10595839966666666,,,,
aarch64-unknown-linux-gnu,crypto-bigint,0.7.3,uint::mul::tests::widening_mul_lo_only,full,success,0.11195510166666667,,,,
aarch64-unknown-linux-gnu,crypto-bigint,0.7.3,uint::mul::tests::widening_mul_zero_and_one,full,success,0.10439719000000001,,,,
aarch64-unknown-linux-gnu,crypto-bigint,0.7.3,uint::mul::tests::wrapping_mul_even,full,success,0.10682906566666667,,,,
aarch64-unknown-linux-gnu,crypto-bigint,0.7.3,uint::mul::tests::wrapping_mul_mixed,full,success,0.10563313066666667,,,,
aarch64-unknown-linux-gnu,crypto-bigint,0.7.3,uint::mul::tests::wrapping_square,full,success,0.10633251166666667,,,,
aarch64-unknown-linux-gnu,crypto-bigint,0.7.3,uint::mul_mod::tests::mul_mod_special,full,success,0.22939046,,,,
aarch64-unknown-linux-gnu,crypto-bigint,0.7.3,uint::mul_signed::tests::checked_mul_signed,full,success,0.105950315,,,,
aarch64-unknown-linux-gnu,crypto-bigint,0.7.3,uint::mul_signed::tests::concatenating_mul_signed,full,success,0.10662862566666668,,,,
aarch64-unknown-linux-gnu,crypto-bigint,0.7.3,uint::mul_signed::tests::widening_mul_signed,full,success,0.10564144766666668,,,,
aarch64-unknown-linux-gnu,crypto-bigint,0.7.3,uint::neg::tests::carrying_neg,full,success,0.10633771366666667,,,,
aarch64-unknown-linux-gnu,crypto-bigint,0.7.3,uint::neg::tests::wrapping_neg,full,success,0.10542212833333335,,,,
aarch64-unknown-linux-gnu,crypto-bigint,0.7.3,uint::neg::tests::wrapping_neg_if,full,success,0.10652988766666667,,,,
aarch64-unknown-linux-gnu,crypto-bigint,0.7.3,uint::neg_mod::tests::neg_mod_random,full,success,0.105875077,,,,
aarch64-unknown-linux-gnu,crypto-bigint,0.7.3,uint::neg_mod::tests::neg_mod_zero,full,success,0.10524424366666667,,,,
aarch64-unknown-linux-gnu,crypto-bigint,0.7.3,uint::pow::tests::checked_pow_expected,full,success,0.6899954660000001,,,,
aarch64-unknown-linux-gnu,crypto-bigint,0.7.3,uint::pow::tests::saturating_pow_expected,full,success,0.4220663936666667,,,,
aarch64-unknown-linux-gnu,crypto-bigint,0.7.3,uint::pow::tests::wrapping_pow_expected,full,success,0.6303311730000001,,,,
aarch64-unknown-linux-gnu,crypto-bigint,0.7.3,uint::rand::tests::random_bits,full,success,0.15805840166666665,,,,
aarch64-unknown-linux-gnu,crypto-bigint,0.7.3,uint::rand::tests::random_bits_4_bytes_sequential,full,success,0.1588834806666667,,,,
aarch64-unknown-linux-gnu,crypto-bigint,0.7.3,uint::rand::tests::random_bits_platform_independence,full,success,0.11319347033333334,,,,
aarch64-unknown-linux-gnu,crypto-bigint,0.7.3,uint::rand::tests::random_mod_vartime,full,success,0.11106128333333333,,,,
aarch64-unknown-linux-gnu,crypto-bigint,0.7.3,uint::rand::tests::random_mod_vartime_platform_independence,full,success,0.11682014333333335,,,,
aarch64-unknown-linux-gnu,crypto-bigint,0.7.3,uint::rand::tests::random_platform_independence,full,success,0.108606777,,,,
aarch64-unknown-linux-gnu,crypto-bigint,0.7.3,uint::ref_type::cmp::tests::cmp,full,success,0.10599686433333333,,,,
aarch64-unknown-linux-gnu,crypto-bigint,0.7.3,uint::ref_type::cmp::tests::lt,full,success,0.10486027166666667,,,,
aarch64-unknown-linux-gnu,crypto-bigint,0.7.3,uint::ref_type::ct::tests::ct_eq,full,success,0.10582215866666667,,,,
aarch64-unknown-linux-gnu,crypto-bigint,0.7.3,uint::ref_type::ct::tests::ct_lt,full,success,0.10541435266666667,,,,
aarch64-unknown-linux-gnu,crypto-bigint,0.7.3,uint::ref_type::invert_mod::tests::invert_mod_u64,full,success,0.10551024266666666,,,,
aarch64-unknown-linux-gnu,crypto-bigint,0.7.3,uint::ref_type::shl::tests::compare_shl_assign,full,success,0.1685020866666667,,,,
aarch64-unknown-linux-gnu,crypto-bigint,0.7.3,uint::ref_type::shl::tests::shl1_assign,full,success,0.10610971033333334,,,,
aarch64-unknown-linux-gnu,crypto-bigint,0.7.3,uint::ref_type::shl::tests::shl256,full,success,0.10569994500000002,,,,
aarch64-unknown-linux-gnu,crypto-bigint,0.7.3,uint::ref_type::shl::tests::shl_assign_limb,full,success,0.10662422533333334,,,,
aarch64-unknown-linux-gnu,crypto-bigint,0.7.3,uint::ref_type::shl::tests::unbounded_shl_by_limbs_vartime,full,success,0.10490820100000002,,,,
aarch64-unknown-linux-gnu,crypto-bigint,0.7.3,uint::ref_type::shr::tests::compare_shr_assign,full,success,0.17552531466666668,,,,
aarch64-unknown-linux-gnu,crypto-bigint,0.7.3,uint::ref_type::shr::tests::shr1_assign,full,success,0.10629898266666667,,,,
aarch64-unknown-linux-gnu,crypto-bigint,0.7.3,uint::ref_type::shr::tests::shr256,full,success,0.10570815166666668,,,,
aarch64-unknown-linux-gnu,crypto-bigint,0.7.3,uint::ref_type::shr::tests::shr_assign_limb,full,success,0.106824044,,,,
aarch64-unknown-linux-gnu,crypto-bigint,0.7.3,uint::ref_type::shr::tests::unbounded_shr_by_limbs_vartime,full,success,0.10632127966666667,,,,
aarch64-unknown-linux-gnu,crypto-bigint,0.7.3,uint::resize::tests::resize_larger,full,success,0.10641457233333333,,,,
aarch64-unknown-linux-gnu,crypto-bigint,0.7.3,uint::resize::tests::resize_smaller,full,success,0.10457235633333334,,,,
aarch64-unknown-linux-gnu,crypto-bigint,0.7.3,uint::root::tests::floor_root_vartime_expected,full,success,0.11203818933333333,,,,
aarch64-unknown-linux-gnu,crypto-bigint,0.7.3,uint::root::tests::fuzz,full,success,1.9686749820000002,,,,
aarch64-unknown-linux-gnu,crypto-bigint,0.7.3,uint::shl::tests::overflowing_shl,full,success,0.10660474866666668,,,,
aarch64-unknown-linux-gnu,crypto-bigint,0.7.3,uint::shl::tests::shl1,full,success,0.10699738166666667,,,,
aarch64-unknown-linux-gnu,crypto-bigint,0.7.3,uint::shl::tests::shl2,full,success,0.10502671566666667,,,,
aarch64-unknown-linux-gnu,crypto-bigint,0.7.3,uint::shl::tests::shl64,full,success,0.105549762,,,,
aarch64-unknown-linux-gnu,crypto-bigint,0.7.3,uint::shl::tests::shl65,full,success,0.10448412433333333,,,,
aarch64-unknown-linux-gnu,crypto-bigint,0.7.3,uint::shl::tests::shl88,full,success,0.10493824366666667,,,,
aarch64-unknown-linux-gnu,crypto-bigint,0.7.3,uint::shl::tests::shl_bounds,full,success,0.10565195833333334,,,,
aarch64-unknown-linux-gnu,crypto-bigint,0.7.3,uint::shl::tests::shl_bounds_panic,full,success,0.111015441,,,,
aarch64-unknown-linux-gnu,crypto-bigint,0.7.3,uint::shl::tests::shl_by_limbs,full,success,0.10493463966666668,,,,
aarch64-unknown-linux-gnu,crypto-bigint,0.7.3,uint::shl::tests::shl_limb,full,success,0.10631477900000001,,,,
aarch64-unknown-linux-gnu,crypto-bigint,0.7.3,uint::shl::tests::shl_simple,full,success,0.105759538,,,,
aarch64-unknown-linux-gnu,crypto-bigint,0.7.3,uint::shl::tests::shl_wide_1_1_128,full,success,0.10638191600000002,,,,
aarch64-unknown-linux-gnu,crypto-bigint,0.7.3,uint::shl::tests::shl_wide_max_0_1,full,success,0.105804991,,,,
aarch64-unknown-linux-gnu,crypto-bigint,0.7.3,uint::shl::tests::shl_wide_max_max_256,full,success,0.10473127733333333,,,,
aarch64-unknown-linux-gnu,crypto-bigint,0.7.3,uint::shl::tests::unbounded_shl,full,success,0.10601320100000002,,,,
aarch64-unknown-linux-gnu,crypto-bigint,0.7.3,uint::shl::tests::wrapping_shl,full,success,0.10602828866666668,,,,
aarch64-unknown-linux-gnu,crypto-bigint,0.7.3,uint::shr::tests::overflowing_shr,full,success,0.10597503333333334,,,,
aarch64-unknown-linux-gnu,crypto-bigint,0.7.3,uint::shr::tests::shr1,full,success,0.10567987666666667,,,,
aarch64-unknown-linux-gnu,crypto-bigint,0.7.3,uint::shr::tests::shr_bounds,full,success,0.10612200566666669,,,,
aarch64-unknown-linux-gnu,crypto-bigint,0.7.3,uint::shr::tests::shr_bounds_panic,full,success,0.11098029666666669,,,,
aarch64-unknown-linux-gnu,crypto-bigint,0.7.3,uint::shr::tests::shr_by_limbs,full,success,0.10629716666666666,,,,
aarch64-unknown-linux-gnu,crypto-bigint,0.7.3,uint::shr::tests::shr_limb_with_carry,full,success,0.10665452800000001,,,,
aarch64-unknown-linux-gnu,crypto-bigint,0.7.3,uint::shr::tests::shr_limb_with_carry_shift_too_large,full,success,0.11086754166666668,,,,
aarch64-unknown-linux-gnu,crypto-bigint,0.7.3,uint::shr::tests::shr_wide_0_max_1,full,success,0.10650328600000002,,,,
aarch64-unknown-linux-gnu,crypto-bigint,0.7.3,uint::shr::tests::shr_wide_1_1_128,full,success,0.10631452366666666,,,,
aarch64-unknown-linux-gnu,crypto-bigint,0.7.3,uint::shr::tests::shr_wide_max_max_256,full,success,0.10557954666666668,,,,
aarch64-unknown-linux-gnu,crypto-bigint,0.7.3,uint::shr::tests::unbounded_shr,full,success,0.10600410566666667,,,,
aarch64-unknown-linux-gnu,crypto-bigint,0.7.3,uint::shr::tests::wrapping_shr,full,success,0.10623473833333334,,,,
aarch64-unknown-linux-gnu,crypto-bigint,0.7.3,uint::split::tests::infer_sizes,full,success,0.10622201166666667,,,,
aarch64-unknown-linux-gnu,crypto-bigint,0.7.3,uint::split::tests::split,full,success,0.105441065,,,,
aarch64-unknown-linux-gnu,crypto-bigint,0.7.3,uint::split::tests::split_checked,full,success,0.10623567733333333,,,,
aarch64-unknown-linux-gnu,crypto-bigint,0.7.3,uint::split::tests::split_resize_large,full,success,0.10642708100000002,,,,
aarch64-unknown-linux-gnu,crypto-bigint,0.7.3,uint::split::tests::split_resize_small,full,success,0.10603649066666669,,,,
aarch64-unknown-linux-gnu,crypto-bigint,0.7.3,uint::sqrt::tests::edge,full,success,0.13006830066666666,,,,
aarch64-unknown-linux-gnu,crypto-bigint,0.7.3,uint::sqrt::tests::edge_vartime,full,success,0.10629333233333334,,,,
aarch64-unknown-linux-gnu,crypto-bigint,0.7.3,uint::sqrt::tests::fuzz,full,success,1.6630107466666668,,,,
aarch64-unknown-linux-gnu,crypto-bigint,0.7.3,uint::sqrt::tests::nonsquares,full,success,0.14225636833333333,,,,
aarch64-unknown-linux-gnu,crypto-bigint,0.7.3,uint::sqrt::tests::nonsquares_vartime,full,success,0.10719939500000002,,,,
aarch64-unknown-linux-gnu,crypto-bigint,0.7.3,uint::sqrt::tests::simple,full,success,0.203502352,,,,
aarch64-unknown-linux-gnu,crypto-bigint,0.7.3,uint::sub::tests::borrowing_sub_no_borrow,full,success,0.10617496700000001,,,,
aarch64-unknown-linux-gnu,crypto-bigint,0.7.3,uint::sub::tests::borrowing_sub_with_borrow,full,success,0.10522781366666667,,,,
aarch64-unknown-linux-gnu,crypto-bigint,0.7.3,uint::sub::tests::checked_sub_ok,full,success,0.10526462733333335,,,,
aarch64-unknown-linux-gnu,crypto-bigint,0.7.3,uint::sub::tests::checked_sub_overflow,full,success,0.10645703066666667,,,,
aarch64-unknown-linux-gnu,crypto-bigint,0.7.3,uint::sub::tests::conditional_borrowing_sub_borrow,full,success,0.10576030566666668,,,,
aarch64-unknown-linux-gnu,crypto-bigint,0.7.3,uint::sub::tests::conditional_borrowing_sub_no_borrow,full,success,0.105679356,,,,
aarch64-unknown-linux-gnu,crypto-bigint,0.7.3,uint::sub::tests::conditional_borrowing_sub_no_sub,full,success,0.10545372800000001,,,,
aarch64-unknown-linux-gnu,crypto-bigint,0.7.3,uint::sub::tests::saturating_sub_no_borrow,full,success,0.10592576133333335,,,,
aarch64-unknown-linux-gnu,crypto-bigint,0.7.3,uint::sub::tests::saturating_sub_with_borrow,full,success,0.1054172,,,,
aarch64-unknown-linux-gnu,crypto-bigint,0.7.3,uint::sub::tests::wrapping_sub_no_borrow,full,success,0.10584021300000002,,,,
aarch64-unknown-linux-gnu,crypto-bigint,0.7.3,uint::sub::tests::wrapping_sub_with_borrow,full,success,0.10578574433333333,,,,
aarch64-unknown-linux-gnu,crypto-bigint,0.7.3,uint::sub_mod::tests::sub_mod,full,success,1.6909098136666667,,,,
aarch64-unknown-linux-gnu,crypto-bigint,0.7.3,uint::sub_mod::tests::sub_mod_nist_p256,full,success,0.10551928266666666,,,,
aarch64-unknown-linux-gnu,crypto-bigint,0.7.3,uint::sub_mod::tests::sub_mod_special,full,success,1.2273285946666668,,,,
aarch64-unknown-linux-gnu,crypto-bigint,0.7.3,uint::tests::as_int,full,success,0.10572812466666669,,,,
aarch64-unknown-linux-gnu,crypto-bigint,0.7.3,uint::tests::as_words,full,success,0.10509732766666667,,,,
aarch64-unknown-linux-gnu,crypto-bigint,0.7.3,uint::tests::as_words_mut,full,success,0.10509100333333334,,,,
aarch64-unknown-linux-gnu,crypto-bigint,0.7.3,uint::tests::from_bytes,full,success,0.10677652966666668,,,,
aarch64-unknown-linux-gnu,crypto-bigint,0.7.3,uint::tests::test_unsigned,full,success,0.195675367,,,,
aarch64-unknown-linux-gnu,crypto-bigint,0.7.3,uint::tests::test_unsigned_monty_form,full,success,0.16806794433333336,,,,
aarch64-unknown-linux-gnu,crypto-bigint,0.7.3,uint::tests::to_int,full,success,0.10545084133333334,,,,
aarch64-unknown-linux-gnu,crypto-bigint,0.7.3,word::tests::choice_from_gt,full,success,0.10538120366666669,,,,
aarch64-unknown-linux-gnu,crypto-bigint,0.7.3,word::tests::choice_from_lt,full,success,0.10483222566666668,,,,
aarch64-unknown-linux-gnu,crypto-bigint,0.7.3,word::tests::choice_from_wide_le,full,success,0.106106898,,,,
aarch64-unknown-linux-gnu,crypto-bigint,0.7.3,word::tests::select,full,success,0.10528934500000002,,,,
aarch64-unknown-linux-gnu,crypto-bigint,0.7.3,word::tests::select_wide,full,success,0.10543468033333335,,,,
aarch64-unknown-linux-gnu,crypto-bigint,0.7.3,wrapping::tests::wrapping_add,full,success,0.10551903433333336,,,,
aarch64-unknown-linux-gnu,crypto-bigint,0.7.3,wrapping::tests::wrapping_bitand,full,success,0.107229172,,,,
aarch64-unknown-linux-gnu,crypto-bigint,0.7.3,wrapping::tests::wrapping_bitnot,full,success,0.105602245,,,,
aarch64-unknown-linux-gnu,crypto-bigint,0.7.3,wrapping::tests::wrapping_bitor,full,success,0.10748135266666665,,,,
aarch64-unknown-linux-gnu,crypto-bigint,0.7.3,wrapping::tests::wrapping_bitxor,full,success,0.10631006333333333,,,,
aarch64-unknown-linux-gnu,crypto-bigint,0.7.3,wrapping::tests::wrapping_eq_select,full,success,0.10580344966666666,,,,
aarch64-unknown-linux-gnu,crypto-bigint,0.7.3,wrapping::tests::wrapping_mul,full,success,0.10640308800000002,,,,
aarch64-unknown-linux-gnu,crypto-bigint,0.7.3,wrapping::tests::wrapping_neg,full,success,0.105126707,,,,
aarch64-unknown-linux-gnu,crypto-bigint,0.7.3,wrapping::tests::wrapping_new,full,success,0.105173469,,,,
aarch64-unknown-linux-gnu,crypto-bigint,0.7.3,wrapping::tests::wrapping_shift,full,success,0.105795285,,,,
aarch64-unknown-linux-gnu,crypto-bigint,0.7.3,wrapping::tests::wrapping_sub,full,success,0.10640316533333334,,,,
aarch64-unknown-linux-gnu,csv,1.4.0,byte_record::tests::empty_field_1,full,success,0.10465225766666668,,,,
aarch64-unknown-linux-gnu,csv,1.4.0,byte_record::tests::empty_field_2,full,success,0.10430518366666668,,,,
aarch64-unknown-linux-gnu,csv,1.4.0,byte_record::tests::empty_record,full,success,0.10394519733333334,,,,
aarch64-unknown-linux-gnu,csv,1.4.0,byte_record::tests::empty_surround_1,full,success,0.10578972200000002,,,,
aarch64-unknown-linux-gnu,csv,1.4.0,byte_record::tests::empty_surround_2,full,success,0.106789511,,,,
aarch64-unknown-linux-gnu,csv,1.4.0,byte_record::tests::eq_field_boundaries,full,success,0.106782468,,,,
aarch64-unknown-linux-gnu,csv,1.4.0,byte_record::tests::eq_record_len,full,success,0.10680328133333333,,,,
aarch64-unknown-linux-gnu,csv,1.4.0,byte_record::tests::iter,full,success,0.10778280066666668,,,,
aarch64-unknown-linux-gnu,csv,1.4.0,byte_record::tests::iter_forward_and_reverse,full,success,0.10836727033333333,,,,
aarch64-unknown-linux-gnu,csv,1.4.0,byte_record::tests::iter_reverse,full,success,0.10848162833333334,,,,
aarch64-unknown-linux-gnu,csv,1.4.0,byte_record::tests::record_1,full,success,0.10466430566666668,,,,
aarch64-unknown-linux-gnu,csv,1.4.0,byte_record::tests::record_2,full,success,0.10586874033333334,,,,
aarch64-unknown-linux-gnu,csv,1.4.0,byte_record::tests::trim_back,full,success,0.109771352,,,,
aarch64-unknown-linux-gnu,csv,1.4.0,byte_record::tests::trim_both,full,success,0.109276282,,,,
aarch64-unknown-linux-gnu,csv,1.4.0,byte_record::tests::trim_does_not_panic_on_empty_records_1,full,success,0.10515634466666668,,,,
aarch64-unknown-linux-gnu,csv,1.4.0,byte_record::tests::trim_does_not_panic_on_empty_records_2,full,success,0.10723697266666667,,,,
aarch64-unknown-linux-gnu,csv,1.4.0,byte_record::tests::trim_does_not_panic_on_empty_records_3,full,success,0.10536613933333333,,,,
aarch64-unknown-linux-gnu,csv,1.4.0,byte_record::tests::trim_front,full,success,0.10936677566666668,,,,
aarch64-unknown-linux-gnu,csv,1.4.0,byte_record::tests::trim_whitespace_only,full,success,0.10569276466666666,,,,
aarch64-unknown-linux-gnu,csv,1.4.0,byte_record::tests::utf8_clear_ok,full,success,0.10700819300000002,,,,
aarch64-unknown-linux-gnu,csv,1.4.0,byte_record::tests::utf8_error_1,full,success,0.10590067200000002,,,,
aarch64-unknown-linux-gnu,csv,1.4.0,byte_record::tests::utf8_error_2,full,success,0.10647941033333334,,,,
aarch64-unknown-linux-gnu,csv,1.4.0,byte_record::tests::utf8_error_3,full,success,0.10534865933333333,,,,
aarch64-unknown-linux-gnu,csv,1.4.0,byte_record::tests::utf8_error_4,full,success,0.107715671,,,,
aarch64-unknown-linux-gnu,csv,1.4.0,byte_record::tests::utf8_error_5,full,success,0.10787691566666667,,,,
aarch64-unknown-linux-gnu,csv,1.4.0,byte_record::tests::utf8_error_6,full,success,0.10598570866666668,,,,
aarch64-unknown-linux-gnu,csv,1.4.0,deserializer::tests::adjacent_fixed_arrays,full,success,0.10877917766666667,,,,
aarch64-unknown-linux-gnu,csv,1.4.0,deserializer::tests::bad_hex_seq,full,success,0.105918251,,,,
aarch64-unknown-linux-gnu,csv,1.4.0,deserializer::tests::borrowed,full,success,0.109188661,,,,
aarch64-unknown-linux-gnu,csv,1.4.0,deserializer::tests::borrowed_map,full,success,0.11412451266666668,,,,
aarch64-unknown-linux-gnu,csv,1.4.0,deserializer::tests::borrowed_map_bytes,full,success,0.11396668733333333,,,,
aarch64-unknown-linux-gnu,csv,1.4.0,deserializer::tests::bytes,full,success,0.10546212566666667,,,,
aarch64-unknown-linux-gnu,csv,1.4.0,deserializer::tests::enum_label_simple_tagged,full,test_failed,,error: Undefined Behavior: deallocation through <83610>(unprotected) (root of the allocation) at alloc11097[0x3] is forbidden,src/deserializer.rs:804:5,https://github.com/BorrowSanitizer/bsan/actions/runs/37150704742/job/111284724596,"error: Undefined Behavior: deallocation through <83610>(unprotected) (root of the allocation) at alloc11097[0x3] is forbidden
   --> /tmp/tmp3rbt8wd4/csv-1.4.0/src/deserializer.rs:804:5
    |
804 | }
    | ^
    = note: the above line calls library code, where the error was detected:
   --> /root/.rustup/toolchains/bsan/lib/rustlib/src/rust/library/std/src/sys/alloc/unix.rs:65:14
    |
 65 | unsafe { libc::free(ptr as *mut libc::c_void) }
    |          ^
    = help: the accessed tag <83610>(unprotected) (root of the allocation) is foreign to the protected tag <85352>(StrongProtector) (i.e., it is not a child)
    = help: this deallocation (acting as a foreign write access) would cause the protected tag <85352>(StrongProtector) (currently Frozen) to become Disabled
    = help: protected tags must never be Disabled
help: the accessed tag <83610>(unprotected) was created here
   --> /root/.rustup/toolchains/bsan/lib/rustlib/src/rust/library/std/src/sys/alloc/unix.rs:31:18
    |
 31 | unsafe { libc::malloc(layout.size()) as *mut u8 }
    |          ^
help: the protected tag <85352>(StrongProtector) was created here, in the initial state Frozen
   --> /root/.rustup/toolchains/bsan/lib/rustlib/src/rust/library/core/src/num/imp/dec2flt/parse.rs:30:0
    |
 30 | fn try_parse_digits(mut s: &[u8], mut x: u64) -> (&[u8], u64) {
    | ^

stack backtrace:
0: std::sys::alloc::unix::dealloc
      at /root/.rustup/toolchains/bsan/lib/rustlib/src/rust/library/std/src/sys/alloc/unix.rs:65:14
1: __rustc::__rdl_dealloc
      at /root/.rustup/toolchains/bsan/lib/rustlib/src/rust/library/std/src/alloc.rs:480:6
2: alloc::alloc::dealloc_nonnull
      at /root/.rustup/toolchains/bsan/lib/rustlib/src/rust/library/alloc/src/alloc.rs:197:14

note: stack trace was truncated after 3 frames; set stacktrace_max_len (e.g. BSAN_OPTIONS=stacktrace_max_len=32) to capture more."
aarch64-unknown-linux-gnu,csv,1.4.0,deserializer::tests::enum_untagged,full,success,0.11146689433333334,,,,
aarch64-unknown-linux-gnu,csv,1.4.0,deserializer::tests::flatten,full,success,0.11295848266666668,,,,
aarch64-unknown-linux-gnu,csv,1.4.0,deserializer::tests::map_headers,full,success,0.11094402600000002,,,,
aarch64-unknown-linux-gnu,csv,1.4.0,deserializer::tests::map_no_headers,full,success,0.10578105433333335,,,,
aarch64-unknown-linux-gnu,csv,1.4.0,deserializer::tests::mixed_hex_seq,full,success,0.10835335333333335,,,,
aarch64-unknown-linux-gnu,csv,1.4.0,deserializer::tests::no_chars,full,success,0.106002842,,,,
aarch64-unknown-linux-gnu,csv,1.4.0,deserializer::tests::no_fields,full,success,0.104495941,,,,
aarch64-unknown-linux-gnu,csv,1.4.0,deserializer::tests::one_char,full,success,0.10520906233333334,,,,
aarch64-unknown-linux-gnu,csv,1.4.0,deserializer::tests::one_field,full,success,0.10661857933333334,,,,
aarch64-unknown-linux-gnu,csv,1.4.0,deserializer::tests::one_field_128,full,success,0.10728489966666667,,,,
aarch64-unknown-linux-gnu,csv,1.4.0,deserializer::tests::option_empty_field,full,success,0.110256015,,,,
aarch64-unknown-linux-gnu,csv,1.4.0,deserializer::tests::option_invalid_field,full,success,0.10980853533333335,,,,
aarch64-unknown-linux-gnu,csv,1.4.0,deserializer::tests::partially_invalid_utf8,full,success,0.11139286300000001,,,,
aarch64-unknown-linux-gnu,csv,1.4.0,deserializer::tests::seq_in_struct,full,success,0.10774006700000001,,,,
aarch64-unknown-linux-gnu,csv,1.4.0,deserializer::tests::seq_in_struct_tail,full,success,0.10985046666666666,,,,
aarch64-unknown-linux-gnu,csv,1.4.0,deserializer::tests::simple_hex_seq,full,success,0.10812786466666668,,,,
aarch64-unknown-linux-gnu,csv,1.4.0,deserializer::tests::simple_seq,full,success,0.10799130133333333,,,,
aarch64-unknown-linux-gnu,csv,1.4.0,deserializer::tests::too_many_chars,full,success,0.10543392766666666,,,,
aarch64-unknown-linux-gnu,csv,1.4.0,deserializer::tests::two_fields,full,success,0.10896255500000002,,,,
aarch64-unknown-linux-gnu,csv,1.4.0,deserializer::tests::two_fields_too_few,full,success,0.10633353466666667,,,,
aarch64-unknown-linux-gnu,csv,1.4.0,deserializer::tests::two_fields_too_many,full,success,0.10704249266666667,,,,
aarch64-unknown-linux-gnu,csv,1.4.0,deserializer::tests::with_header,full,test_failed,,error: Undefined Behavior: deallocation through <83751>(unprotected) (root of the allocation) at alloc11105[0x4] is forbidden,src/deserializer.rs:804:5,https://github.com/BorrowSanitizer/bsan/actions/runs/37150704742/job/111284724596,"error: Undefined Behavior: deallocation through <83751>(unprotected) (root of the allocation) at alloc11105[0x4] is forbidden
   --> /tmp/tmp3rbt8wd4/csv-1.4.0/src/deserializer.rs:804:5
    |
804 | }
    | ^
    = note: the above line calls library code, where the error was detected:
   --> /root/.rustup/toolchains/bsan/lib/rustlib/src/rust/library/std/src/sys/alloc/unix.rs:65:14
    |
 65 | unsafe { libc::free(ptr as *mut libc::c_void) }
    |          ^
    = help: the accessed tag <83751>(unprotected) (root of the allocation) is foreign to the protected tag <86279>(StrongProtector) (i.e., it is not a child)
    = help: this deallocation (acting as a foreign write access) would cause the protected tag <86279>(StrongProtector) (currently Frozen) to become Disabled
    = help: protected tags must never be Disabled
help: the accessed tag <83751>(unprotected) was created here
   --> /root/.rustup/toolchains/bsan/lib/rustlib/src/rust/library/std/src/sys/alloc/unix.rs:31:18
    |
 31 | unsafe { libc::malloc(layout.size()) as *mut u8 }
    |          ^
help: the protected tag <86279>(StrongProtector) was created here, in the initial state Frozen
   --> /root/.rustup/toolchains/bsan/lib/rustlib/src/rust/library/core/src/num/imp/dec2flt/parse.rs:30:0
    |
 30 | fn try_parse_digits(mut s: &[u8], mut x: u64) -> (&[u8], u64) {
    | ^

stack backtrace:
0: std::sys::alloc::unix::dealloc
      at /root/.rustup/toolchains/bsan/lib/rustlib/src/rust/library/std/src/sys/alloc/unix.rs:65:14
1: __rustc::__rdl_dealloc
      at /root/.rustup/toolchains/bsan/lib/rustlib/src/rust/library/std/src/alloc.rs:480:6
2: alloc::alloc::dealloc_nonnull
      at /root/.rustup/toolchains/bsan/lib/rustlib/src/rust/library/alloc/src/alloc.rs:197:14

note: stack trace was truncated after 3 frames; set stacktrace_max_len (e.g. BSAN_OPTIONS=stacktrace_max_len=32) to capture more."
aarch64-unknown-linux-gnu,csv,1.4.0,deserializer::tests::with_header_empty,full,success,0.104521694,,,,
aarch64-unknown-linux-gnu,csv,1.4.0,deserializer::tests::with_header_empty_ok,full,success,0.10572378333333333,,,,
aarch64-unknown-linux-gnu,csv,1.4.0,deserializer::tests::with_header_missing,full,test_failed,,error: Undefined Behavior: deallocation through <83522>(unprotected) (root of the allocation) at alloc11092[0x2] is forbidden,src/deserializer.rs:804:5,https://github.com/BorrowSanitizer/bsan/actions/runs/37150704742/job/111284724596,"error: Undefined Behavior: deallocation through <83522>(unprotected) (root of the allocation) at alloc11092[0x2] is forbidden
   --> /tmp/tmp3rbt8wd4/csv-1.4.0/src/deserializer.rs:804:5
    |
804 | }
    | ^
    = note: the above line calls library code, where the error was detected:
   --> /root/.rustup/toolchains/bsan/lib/rustlib/src/rust/library/std/src/sys/alloc/unix.rs:65:14
    |
 65 | unsafe { libc::free(ptr as *mut libc::c_void) }
    |          ^
    = help: the accessed tag <83522>(unprotected) (root of the allocation) is foreign to the protected tag <85364>(StrongProtector) (i.e., it is not a child)
    = help: this deallocation (acting as a foreign write access) would cause the protected tag <85364>(StrongProtector) (currently Frozen) to become Disabled
    = help: protected tags must never be Disabled
help: the accessed tag <83522>(unprotected) was created here
   --> /root/.rustup/toolchains/bsan/lib/rustlib/src/rust/library/std/src/sys/alloc/unix.rs:31:18
    |
 31 | unsafe { libc::malloc(layout.size()) as *mut u8 }
    |          ^
help: the protected tag <85364>(StrongProtector) was created here, in the initial state Frozen
   --> /root/.rustup/toolchains/bsan/lib/rustlib/src/rust/library/core/src/num/imp/dec2flt/parse.rs:30:0
    |
 30 | fn try_parse_digits(mut s: &[u8], mut x: u64) -> (&[u8], u64) {
    | ^

stack backtrace:
0: std::sys::alloc::unix::dealloc
      at /root/.rustup/toolchains/bsan/lib/rustlib/src/rust/library/std/src/sys/alloc/unix.rs:65:14
1: __rustc::__rdl_dealloc
      at /root/.rustup/toolchains/bsan/lib/rustlib/src/rust/library/std/src/alloc.rs:480:6
2: alloc::alloc::dealloc_nonnull
      at /root/.rustup/toolchains/bsan/lib/rustlib/src/rust/library/alloc/src/alloc.rs:197:14

note: stack trace was truncated after 3 frames; set stacktrace_max_len (e.g. BSAN_OPTIONS=stacktrace_max_len=32) to capture more."
aarch64-unknown-linux-gnu,csv,1.4.0,deserializer::tests::with_header_missing_ok,full,test_failed,,error: Undefined Behavior: deallocation through <83515>(unprotected) (root of the allocation) at alloc11093[0x2] is forbidden,src/deserializer.rs:804:5,https://github.com/BorrowSanitizer/bsan/actions/runs/37150704742/job/111284724596,"error: Undefined Behavior: deallocation through <83515>(unprotected) (root of the allocation) at alloc11093[0x2] is forbidden
   --> /tmp/tmp3rbt8wd4/csv-1.4.0/src/deserializer.rs:804:5
    |
804 | }
    | ^
    = note: the above line calls library code, where the error was detected:
   --> /root/.rustup/toolchains/bsan/lib/rustlib/src/rust/library/std/src/sys/alloc/unix.rs:65:14
    |
 65 | unsafe { libc::free(ptr as *mut libc::c_void) }
    |          ^
    = help: the accessed tag <83515>(unprotected) (root of the allocation) is foreign to the protected tag <85357>(StrongProtector) (i.e., it is not a child)
    = help: this deallocation (acting as a foreign write access) would cause the protected tag <85357>(StrongProtector) (currently Frozen) to become Disabled
    = help: protected tags must never be Disabled
help: the accessed tag <83515>(unprotected) was created here
   --> /root/.rustup/toolchains/bsan/lib/rustlib/src/rust/library/std/src/sys/alloc/unix.rs:31:18
    |
 31 | unsafe { libc::malloc(layout.size()) as *mut u8 }
    |          ^
help: the protected tag <85357>(StrongProtector) was created here, in the initial state Frozen
   --> /root/.rustup/toolchains/bsan/lib/rustlib/src/rust/library/core/src/num/imp/dec2flt/parse.rs:30:0
    |
 30 | fn try_parse_digits(mut s: &[u8], mut x: u64) -> (&[u8], u64) {
    | ^

stack backtrace:
0: std::sys::alloc::unix::dealloc
      at /root/.rustup/toolchains/bsan/lib/rustlib/src/rust/library/std/src/sys/alloc/unix.rs:65:14
1: __rustc::__rdl_dealloc
      at /root/.rustup/toolchains/bsan/lib/rustlib/src/rust/library/std/src/alloc.rs:480:6
2: alloc::alloc::dealloc_nonnull
      at /root/.rustup/toolchains/bsan/lib/rustlib/src/rust/library/alloc/src/alloc.rs:197:14

note: stack trace was truncated after 3 frames; set stacktrace_max_len (e.g. BSAN_OPTIONS=stacktrace_max_len=32) to capture more."
aarch64-unknown-linux-gnu,csv,1.4.0,deserializer::tests::with_header_no_fields,full,success,0.10689084333333333,,,,
aarch64-unknown-linux-gnu,csv,1.4.0,deserializer::tests::with_header_unknown,full,success,0.10995344166666667,,,,
aarch64-unknown-linux-gnu,csv,1.4.0,deserializer::tests::without_header,full,test_failed,,error: Undefined Behavior: deallocation through <82465>(unprotected) (root of the allocation) at alloc10983[0x0] is forbidden,src/deserializer.rs:795:5,https://github.com/BorrowSanitizer/bsan/actions/runs/37150704742/job/111284724596,"error: Undefined Behavior: deallocation through <82465>(unprotected) (root of the allocation) at alloc10983[0x0] is forbidden
   --> /tmp/tmp3rbt8wd4/csv-1.4.0/src/deserializer.rs:795:5
    |
795 | }
    | ^
    = note: the above line calls library code, where the error was detected:
   --> /root/.rustup/toolchains/bsan/lib/rustlib/src/rust/library/std/src/sys/alloc/unix.rs:65:14
    |
 65 | unsafe { libc::free(ptr as *mut libc::c_void) }
    |          ^
    = help: the accessed tag <82465>(unprotected) (root of the allocation) is foreign to the protected tag <84095>(StrongProtector) (i.e., it is not a child)
    = help: this deallocation (acting as a foreign write access) would cause the protected tag <84095>(StrongProtector) (currently Frozen) to become Disabled
    = help: protected tags must never be Disabled
help: the accessed tag <82465>(unprotected) was created here
   --> /root/.rustup/toolchains/bsan/lib/rustlib/src/rust/library/std/src/sys/alloc/unix.rs:31:18
    |
 31 | unsafe { libc::malloc(layout.size()) as *mut u8 }
    |          ^
help: the protected tag <84095>(StrongProtector) was created here, in the initial state Frozen
   --> /root/.rustup/toolchains/bsan/lib/rustlib/src/rust/library/core/src/num/imp/dec2flt/parse.rs:30:0
    |
 30 | fn try_parse_digits(mut s: &[u8], mut x: u64) -> (&[u8], u64) {
    | ^

stack backtrace:
0: std::sys::alloc::unix::dealloc
      at /root/.rustup/toolchains/bsan/lib/rustlib/src/rust/library/std/src/sys/alloc/unix.rs:65:14
1: __rustc::__rdl_dealloc
      at /root/.rustup/toolchains/bsan/lib/rustlib/src/rust/library/std/src/alloc.rs:480:6
2: alloc::alloc::dealloc_nonnull
      at /root/.rustup/toolchains/bsan/lib/rustlib/src/rust/library/alloc/src/alloc.rs:197:14

note: stack trace was truncated after 3 frames; set stacktrace_max_len (e.g. BSAN_OPTIONS=stacktrace_max_len=32) to capture more."
aarch64-unknown-linux-gnu,csv,1.4.0,reader::tests::headers_on_empty_data,full,success,1.6196525606666665,,,,
aarch64-unknown-linux-gnu,csv,1.4.0,reader::tests::no_headers_on_empty_data,full,success,1.6214166916666668,,,,
aarch64-unknown-linux-gnu,csv,1.4.0,reader::tests::no_headers_on_empty_data_after_headers,full,success,1.6204574023333336,,,,
aarch64-unknown-linux-gnu,csv,1.4.0,reader::tests::positions_headers,full,success,1.632771631,,,,
aarch64-unknown-linux-gnu,csv,1.4.0,reader::tests::positions_no_headers,full,success,1.6281370243333335,,,,
aarch64-unknown-linux-gnu,csv,1.4.0,reader::tests::read_byte_record,full,success,1.6280078683333334,,,,
aarch64-unknown-linux-gnu,csv,1.4.0,reader::tests::read_record_headers,full,success,1.633953018,,,,
aarch64-unknown-linux-gnu,csv,1.4.0,reader::tests::read_record_headers_invalid_utf8,full,success,1.6389683666666668,,,,
aarch64-unknown-linux-gnu,csv,1.4.0,reader::tests::read_record_no_headers_after,full,success,1.633131022,,,,
aarch64-unknown-linux-gnu,csv,1.4.0,reader::tests::read_record_no_headers_before,full,success,1.6296688043333336,,,,
aarch64-unknown-linux-gnu,csv,1.4.0,reader::tests::read_record_unequal_continue,full,success,1.626781244,,,,
aarch64-unknown-linux-gnu,csv,1.4.0,reader::tests::read_record_unequal_fails,full,success,1.6327411053333334,,,,
aarch64-unknown-linux-gnu,csv,1.4.0,reader::tests::read_record_unequal_ok,full,success,1.6218915933333335,,,,
aarch64-unknown-linux-gnu,csv,1.4.0,reader::tests::read_trimed_header_invalid_utf8,full,success,1.6315382630000002,,,,
aarch64-unknown-linux-gnu,csv,1.4.0,reader::tests::read_trimmed_header,full,success,1.6307887853333334,,,,
aarch64-unknown-linux-gnu,csv,1.4.0,reader::tests::read_trimmed_records,full,success,1.6258662169999998,,,,
aarch64-unknown-linux-gnu,csv,1.4.0,reader::tests::read_trimmed_records_and_headers,full,success,1.6454274246666667,,,,
aarch64-unknown-linux-gnu,csv,1.4.0,reader::tests::read_trimmed_records_without_headers,full,success,1.624318119,,,,
aarch64-unknown-linux-gnu,csv,1.4.0,reader::tests::seek,full,success,1.634375928,,,,
aarch64-unknown-linux-gnu,csv,1.4.0,reader::tests::seek_headers_after,full,success,1.6330619319999997,,,,
aarch64-unknown-linux-gnu,csv,1.4.0,reader::tests::seek_headers_before_after,full,success,1.6362660826666666,,,,
aarch64-unknown-linux-gnu,csv,1.4.0,reader::tests::seek_headers_no_actual_seek,full,success,1.619009358666667,,,,
aarch64-unknown-linux-gnu,csv,1.4.0,serializer::tests::bool,full,success,0.10541369500000002,,,,
aarch64-unknown-linux-gnu,csv,1.4.0,serializer::tests::bytes,full,success,0.10813667,,,,
aarch64-unknown-linux-gnu,csv,1.4.0,serializer::tests::char,full,success,0.10587170200000001,,,,
aarch64-unknown-linux-gnu,csv,1.4.0,serializer::tests::enum_newtypes,full,success,0.11142208433333334,,,,
aarch64-unknown-linux-gnu,csv,1.4.0,serializer::tests::enum_struct_variant,full,success,0.10607236333333332,,,,
aarch64-unknown-linux-gnu,csv,1.4.0,serializer::tests::enum_units,full,success,0.11073443433333334,,,,
aarch64-unknown-linux-gnu,csv,1.4.0,serializer::tests::float,full,success,0.10740251166666669,,,,
aarch64-unknown-linux-gnu,csv,1.4.0,serializer::tests::float_nan,full,success,0.10730543733333335,,,,
aarch64-unknown-linux-gnu,csv,1.4.0,serializer::tests::integer,full,success,0.10721252233333334,,,,
aarch64-unknown-linux-gnu,csv,1.4.0,serializer::tests::integer_i128,full,success,0.10803837333333334,,,,
aarch64-unknown-linux-gnu,csv,1.4.0,serializer::tests::integer_u128,full,success,0.10796824100000002,,,,
aarch64-unknown-linux-gnu,csv,1.4.0,serializer::tests::option,full,success,0.10809628166666667,,,,
aarch64-unknown-linux-gnu,csv,1.4.0,serializer::tests::seq,full,success,0.10814617133333333,,,,
aarch64-unknown-linux-gnu,csv,1.4.0,serializer::tests::str,full,success,0.10811737266666666,,,,
aarch64-unknown-linux-gnu,csv,1.4.0,serializer::tests::struct_headers,full,success,0.10887249633333333,,,,
aarch64-unknown-linux-gnu,csv,1.4.0,serializer::tests::struct_headers_inside_nested_tuple_seq,full,success,0.11521706433333334,,,,
aarch64-unknown-linux-gnu,csv,1.4.0,serializer::tests::struct_headers_inside_seq,full,success,0.11248281666666667,,,,
aarch64-unknown-linux-gnu,csv,1.4.0,serializer::tests::struct_headers_inside_tuple,full,success,0.114109155,,,,
aarch64-unknown-linux-gnu,csv,1.4.0,serializer::tests::struct_headers_inside_tuple_scalar_after,full,success,0.10997651800000001,,,,
aarch64-unknown-linux-gnu,csv,1.4.0,serializer::tests::struct_headers_inside_tuple_scalar_before,full,success,0.10900650033333333,,,,
aarch64-unknown-linux-gnu,csv,1.4.0,serializer::tests::struct_headers_nested,full,success,0.10973014633333333,,,,
aarch64-unknown-linux-gnu,csv,1.4.0,serializer::tests::struct_headers_nested_seq,full,success,0.11057596333333335,,,,
aarch64-unknown-linux-gnu,csv,1.4.0,serializer::tests::struct_newtype,full,success,0.10876323033333334,,,,
aarch64-unknown-linux-gnu,csv,1.4.0,serializer::tests::struct_no_headers,full,success,0.107316013,,,,
aarch64-unknown-linux-gnu,csv,1.4.0,serializer::tests::struct_no_headers_128,full,success,0.10858956400000001,,,,
aarch64-unknown-linux-gnu,csv,1.4.0,serializer::tests::struct_unit,full,success,0.10654463266666668,,,,
aarch64-unknown-linux-gnu,csv,1.4.0,serializer::tests::tuple,full,success,0.11268225366666668,,,,
aarch64-unknown-linux-gnu,csv,1.4.0,serializer::tests::tuple_struct,full,success,0.10845808600000001,,,,
aarch64-unknown-linux-gnu,csv,1.4.0,serializer::tests::tuple_variant,full,success,0.10668482600000001,,,,
aarch64-unknown-linux-gnu,csv,1.4.0,serializer::tests::unit,full,success,0.10864044033333335,,,,
aarch64-unknown-linux-gnu,csv,1.4.0,string_record::tests::eq_field_boundaries,full,success,0.10807075833333335,,,,
aarch64-unknown-linux-gnu,csv,1.4.0,string_record::tests::eq_record_len,full,success,0.10848064133333335,,,,
aarch64-unknown-linux-gnu,csv,1.4.0,string_record::tests::trim_back,full,success,0.11212308700000001,,,,
aarch64-unknown-linux-gnu,csv,1.4.0,string_record::tests::trim_both,full,success,0.11255821533333334,,,,
aarch64-unknown-linux-gnu,csv,1.4.0,string_record::tests::trim_does_not_panic_on_empty_records_1,full,success,0.10648544466666666,,,,
aarch64-unknown-linux-gnu,csv,1.4.0,string_record::tests::trim_does_not_panic_on_empty_records_2,full,success,0.10687904966666668,,,,
aarch64-unknown-linux-gnu,csv,1.4.0,string_record::tests::trim_does_not_panic_on_empty_records_3,full,success,0.10542527033333333,,,,
aarch64-unknown-linux-gnu,csv,1.4.0,string_record::tests::trim_front,full,success,0.11168345900000003,,,,
aarch64-unknown-linux-gnu,csv,1.4.0,string_record::tests::trim_whitespace_only,full,success,0.11827294233333334,,,,
aarch64-unknown-linux-gnu,csv,1.4.0,writer::tests::comment_char_is_automatically_quoted,full,success,0.10768867966666668,,,,
aarch64-unknown-linux-gnu,csv,1.4.0,writer::tests::full_buffer_should_not_flush_underlying,full,success,0.11495475200000001,,,,
aarch64-unknown-linux-gnu,csv,1.4.0,writer::tests::one_byte_record,full,success,0.109340017,,,,
aarch64-unknown-linux-gnu,csv,1.4.0,writer::tests::one_empty_record,full,success,0.106181996,,,,
aarch64-unknown-linux-gnu,csv,1.4.0,writer::tests::one_record,full,success,0.10778716966666667,,,,
aarch64-unknown-linux-gnu,csv,1.4.0,writer::tests::one_string_record,full,success,0.10967741533333335,,,,
aarch64-unknown-linux-gnu,csv,1.4.0,writer::tests::raw_one_byte_record,full,success,0.10981815800000001,,,,
aarch64-unknown-linux-gnu,csv,1.4.0,writer::tests::raw_one_empty_record,full,success,0.10640074366666667,,,,
aarch64-unknown-linux-gnu,csv,1.4.0,writer::tests::raw_two_empty_records,full,success,0.10825482233333333,,,,
aarch64-unknown-linux-gnu,csv,1.4.0,writer::tests::raw_unequal_records_bad,full,success,0.11000532800000001,,,,
aarch64-unknown-linux-gnu,csv,1.4.0,writer::tests::raw_unequal_records_ok,full,success,0.11125868500000001,,,,
aarch64-unknown-linux-gnu,csv,1.4.0,writer::tests::serialize_no_headers,full,success,0.10733102166666668,,,,
aarch64-unknown-linux-gnu,csv,1.4.0,writer::tests::serialize_no_headers_128,full,success,0.10755125433333335,,,,
aarch64-unknown-linux-gnu,csv,1.4.0,writer::tests::serialize_tuple,full,success,0.10756220100000001,,,,
aarch64-unknown-linux-gnu,csv,1.4.0,writer::tests::serialize_with_headers,full,success,0.10954356633333333,,,,
aarch64-unknown-linux-gnu,csv,1.4.0,writer::tests::two_empty_records,full,success,0.10762029333333334,,,,
aarch64-unknown-linux-gnu,csv,1.4.0,writer::tests::unequal_records_bad,full,success,0.11061334166666666,,,,
aarch64-unknown-linux-gnu,csv,1.4.0,writer::tests::unequal_records_ok,full,success,0.110909198,,,,
aarch64-unknown-linux-gnu,curve25519-dalek,4.1.3,backend::serial::u64::scalar::test::add,full,success,0.10577736600000003,,,,
aarch64-unknown-linux-gnu,curve25519-dalek,4.1.3,backend::serial::u64::scalar::test::from_bytes_wide,full,success,0.11104205866666667,,,,
aarch64-unknown-linux-gnu,curve25519-dalek,4.1.3,backend::serial::u64::scalar::test::montgomery_mul,full,success,0.10806003666666668,,,,
aarch64-unknown-linux-gnu,curve25519-dalek,4.1.3,backend::serial::u64::scalar::test::montgomery_mul_max,full,success,0.10795279466666667,,,,
aarch64-unknown-linux-gnu,curve25519-dalek,4.1.3,backend::serial::u64::scalar::test::montgomery_square_max,full,success,0.10813932300000001,,,,
aarch64-unknown-linux-gnu,curve25519-dalek,4.1.3,backend::serial::u64::scalar::test::mul,full,success,0.10916042399999999,,,,
aarch64-unknown-linux-gnu,curve25519-dalek,4.1.3,backend::serial::u64::scalar::test::mul_max,full,success,0.10819666900000002,,,,
aarch64-unknown-linux-gnu,curve25519-dalek,4.1.3,backend::serial::u64::scalar::test::square_max,full,success,0.10734368166666668,,,,
aarch64-unknown-linux-gnu,curve25519-dalek,4.1.3,backend::serial::u64::scalar::test::sub,full,success,0.10809051200000001,,,,
aarch64-unknown-linux-gnu,curve25519-dalek,4.1.3,constants::test::test_d_vs_ratio,full,success,0.11354338966666666,,,,
aarch64-unknown-linux-gnu,curve25519-dalek,4.1.3,constants::test::test_eight_torsion,full,success,0.198866644,,,,
aarch64-unknown-linux-gnu,curve25519-dalek,4.1.3,constants::test::test_four_torsion,full,success,0.15380662233333334,,,,
aarch64-unknown-linux-gnu,curve25519-dalek,4.1.3,constants::test::test_sqrt_ad_minus_one,full,success,0.11006500100000001,,,,
aarch64-unknown-linux-gnu,curve25519-dalek,4.1.3,constants::test::test_sqrt_constants_sign,full,success,0.11803624600000001,,,,
aarch64-unknown-linux-gnu,curve25519-dalek,4.1.3,constants::test::test_sqrt_minus_one,full,success,0.11003238933333333,,,,
aarch64-unknown-linux-gnu,curve25519-dalek,4.1.3,constants::test::test_two_torsion,full,success,0.1296627226666667,,,,
aarch64-unknown-linux-gnu,curve25519-dalek,4.1.3,edwards::test::basepoint16_vs_mul_by_pow_2_4,full,success,0.109529337,,,,
aarch64-unknown-linux-gnu,curve25519-dalek,4.1.3,edwards::test::basepoint_decompression_compression,full,success,0.12476943033333336,,,,
aarch64-unknown-linux-gnu,curve25519-dalek,4.1.3,edwards::test::basepoint_double_vs_basepoint2,full,success,0.10820172033333335,,,,
aarch64-unknown-linux-gnu,curve25519-dalek,4.1.3,edwards::test::basepoint_mult_by_basepoint_order,full,success,0.2263117086666667,,,,
aarch64-unknown-linux-gnu,curve25519-dalek,4.1.3,edwards::test::basepoint_mult_one_vs_basepoint,full,success,0.2198986626666667,,,,
aarch64-unknown-linux-gnu,curve25519-dalek,4.1.3,edwards::test::basepoint_mult_two_vs_basepoint2,full,success,0.2227954386666667,,,,
aarch64-unknown-linux-gnu,curve25519-dalek,4.1.3,edwards::test::basepoint_mult_vs_ed25519py,full,success,0.22079785300000002,,,,
aarch64-unknown-linux-gnu,curve25519-dalek,4.1.3,edwards::test::basepoint_plus_basepoint_affine_niels_vs_basepoint2,full,success,0.10862157233333335,,,,
aarch64-unknown-linux-gnu,curve25519-dalek,4.1.3,edwards::test::basepoint_plus_basepoint_projective_niels_vs_basepoint2,full,success,0.10908361333333334,,,,
aarch64-unknown-linux-gnu,curve25519-dalek,4.1.3,edwards::test::basepoint_plus_basepoint_vs_basepoint2,full,success,0.10884473566666668,,,,
aarch64-unknown-linux-gnu,curve25519-dalek,4.1.3,edwards::test::basepoint_projective_extended_round_trip,full,success,0.10844394966666666,,,,
aarch64-unknown-linux-gnu,curve25519-dalek,4.1.3,edwards::test::basepoint_table_basepoint_function_correct,full,success,0.10952931700000001,,,,
aarch64-unknown-linux-gnu,curve25519-dalek,4.1.3,edwards::test::basepoint_tables,full,success,10.233618322,,,,
aarch64-unknown-linux-gnu,curve25519-dalek,4.1.3,edwards::test::basepoint_tables_unreduced_scalar,full,success,10.157918133,,,,
aarch64-unknown-linux-gnu,curve25519-dalek,4.1.3,edwards::test::compressed_identity,full,success,0.10623277633333333,,,,
aarch64-unknown-linux-gnu,curve25519-dalek,4.1.3,edwards::test::conditional_assign_for_affine_niels_point,full,success,0.12249458766666667,,,,
aarch64-unknown-linux-gnu,curve25519-dalek,4.1.3,edwards::test::decompression_sign_handling,full,success,0.124607854,,,,
aarch64-unknown-linux-gnu,curve25519-dalek,4.1.3,edwards::test::extended_point_equality_handles_scaling,full,success,0.112123064,,,,
aarch64-unknown-linux-gnu,curve25519-dalek,4.1.3,edwards::test::impl_sum,full,success,1.9798730013333337,,,,
aarch64-unknown-linux-gnu,curve25519-dalek,4.1.3,edwards::test::is_identity,full,success,0.11697367266666668,,,,
aarch64-unknown-linux-gnu,curve25519-dalek,4.1.3,edwards::test::is_small_order,full,success,0.16119694233333334,,,,
aarch64-unknown-linux-gnu,curve25519-dalek,4.1.3,edwards::test::scalar_mul_vs_ed25519py,full,success,0.4175034843333334,,,,
aarch64-unknown-linux-gnu,curve25519-dalek,4.1.3,edwards::test::scalarmult_extended_point_works_both_ways,full,success,0.7278016316666668,,,,
aarch64-unknown-linux-gnu,curve25519-dalek,4.1.3,edwards::test::test_precomputed_basepoint_mult,full,success,0.5226924366666666,,,,
aarch64-unknown-linux-gnu,curve25519-dalek,4.1.3,edwards::test::to_affine_niels_clears_denominators,full,success,0.21943758000000002,,,,
aarch64-unknown-linux-gnu,curve25519-dalek,4.1.3,edwards::test::vartime::double_scalar_mul_basepoint_vs_ed25519py,full,success,0.21292454566666666,,,,
aarch64-unknown-linux-gnu,curve25519-dalek,4.1.3,edwards::test::vartime::multiscalar_mul_vartime_vs_consttime,full,success,1.0965137963333333,,,,
aarch64-unknown-linux-gnu,curve25519-dalek,4.1.3,edwards::test::vartime::multiscalar_mul_vs_ed25519py,full,success,0.33842828300000005,,,,
aarch64-unknown-linux-gnu,curve25519-dalek,4.1.3,field::test::a_invert_vs_inverse_of_a_constant,full,success,0.11277407033333332,,,,
aarch64-unknown-linux-gnu,curve25519-dalek,4.1.3,field::test::a_mul_a_vs_a_squared_constant,full,success,0.110311712,,,,
aarch64-unknown-linux-gnu,curve25519-dalek,4.1.3,field::test::a_p58_vs_ap58_constant,full,success,0.11019706033333333,,,,
aarch64-unknown-linux-gnu,curve25519-dalek,4.1.3,field::test::a_square2_vs_a_squared_constant,full,success,0.10965448433333334,,,,
aarch64-unknown-linux-gnu,curve25519-dalek,4.1.3,field::test::a_square_vs_a_squared_constant,full,success,0.10940300233333333,,,,
aarch64-unknown-linux-gnu,curve25519-dalek,4.1.3,field::test::batch_invert_a_matches_nonbatched,full,success,0.15941682833333334,,,,
aarch64-unknown-linux-gnu,curve25519-dalek,4.1.3,field::test::batch_invert_empty,full,success,0.10936240700000001,,,,
aarch64-unknown-linux-gnu,curve25519-dalek,4.1.3,field::test::conditional_negate,full,success,0.11463126500000002,,,,
aarch64-unknown-linux-gnu,curve25519-dalek,4.1.3,field::test::encoding_is_canonical,full,success,0.10792190466666668,,,,
aarch64-unknown-linux-gnu,curve25519-dalek,4.1.3,field::test::equality,full,success,0.11302125766666667,,,,
aarch64-unknown-linux-gnu,curve25519-dalek,4.1.3,field::test::from_bytes_highbit_is_ignored,full,success,0.11026448566666668,,,,
aarch64-unknown-linux-gnu,curve25519-dalek,4.1.3,field::test::sqrt_ratio_behavior,full,success,0.16298064233333334,,,,
aarch64-unknown-linux-gnu,curve25519-dalek,4.1.3,montgomery::test::basepoint_edwards_to_montgomery,full,success,0.11056213733333332,,,,
aarch64-unknown-linux-gnu,curve25519-dalek,4.1.3,montgomery::test::basepoint_montgomery_to_edwards,full,success,0.14120634299999998,,,,
aarch64-unknown-linux-gnu,curve25519-dalek,4.1.3,montgomery::test::eq_defined_mod_p,full,success,0.11002716633333333,,,,
aarch64-unknown-linux-gnu,curve25519-dalek,4.1.3,montgomery::test::identity_in_different_coordinates,full,success,0.11017670233333333,,,,
aarch64-unknown-linux-gnu,curve25519-dalek,4.1.3,montgomery::test::identity_in_different_models,full,success,0.11032845133333334,,,,
aarch64-unknown-linux-gnu,curve25519-dalek,4.1.3,montgomery::test::montgomery_elligator_correct,full,success,0.11683192500000002,,,,
aarch64-unknown-linux-gnu,curve25519-dalek,4.1.3,montgomery::test::montgomery_elligator_zero_zero,full,success,0.11534118100000001,,,,
aarch64-unknown-linux-gnu,curve25519-dalek,4.1.3,montgomery::test::montgomery_to_edwards_rejects_twist,full,success,0.12171196299999999,,,,
aarch64-unknown-linux-gnu,curve25519-dalek,4.1.3,montgomery::test::mul_base_clamped,full,success,37.72575407966667,,,,
aarch64-unknown-linux-gnu,curve25519-dalek,4.1.3,ristretto::test::basepoint_roundtrip,full,success,0.12953406066666667,,,,
aarch64-unknown-linux-gnu,curve25519-dalek,4.1.3,ristretto::test::compress_id,full,success,0.11419343266666666,,,,
aarch64-unknown-linux-gnu,curve25519-dalek,4.1.3,ristretto::test::decompress_id,full,success,0.12231678166666667,,,,
aarch64-unknown-linux-gnu,curve25519-dalek,4.1.3,ristretto::test::decompress_negative_s_fails,full,success,0.10983724933333334,,,,
aarch64-unknown-linux-gnu,curve25519-dalek,4.1.3,ristretto::test::elligator_vs_ristretto_sage,full,success,0.38391172900000003,,,,
aarch64-unknown-linux-gnu,curve25519-dalek,4.1.3,ristretto::test::encodings_of_small_multiples_of_basepoint,full,success,0.256968644,,,,
aarch64-unknown-linux-gnu,curve25519-dalek,4.1.3,ristretto::test::four_torsion_basepoint,full,success,0.13001658400000002,,,,
aarch64-unknown-linux-gnu,curve25519-dalek,4.1.3,ristretto::test::four_torsion_random,full,success,0.24647530333333334,,,,
aarch64-unknown-linux-gnu,curve25519-dalek,4.1.3,ristretto::test::impl_sum,full,success,1.9744175556666665,,,,
aarch64-unknown-linux-gnu,curve25519-dalek,4.1.3,ristretto::test::one_way_map,full,success,0.40269414833333333,,,,
aarch64-unknown-linux-gnu,curve25519-dalek,4.1.3,ristretto::test::random_roundtrip,full,success,14.422085686666668,,,,
aarch64-unknown-linux-gnu,curve25519-dalek,4.1.3,ristretto::test::scalarmult_ristrettopoint_works_both_ways,full,success,0.7465640853333334,,,,
aarch64-unknown-linux-gnu,curve25519-dalek,4.1.3,scalar::test::add_reduces,full,success,0.10909307533333334,,,,
aarch64-unknown-linux-gnu,curve25519-dalek,4.1.3,scalar::test::batch_invert_consistency,full,success,0.6581578233333333,,,,
aarch64-unknown-linux-gnu,curve25519-dalek,4.1.3,scalar::test::batch_invert_empty,full,success,0.26567151733333333,,,,
aarch64-unknown-linux-gnu,curve25519-dalek,4.1.3,scalar::test::batch_invert_with_a_zero_input_panics,full,success,0.14495811266666667,,,,
aarch64-unknown-linux-gnu,curve25519-dalek,4.1.3,scalar::test::canonical_decoding,full,success,0.11702145400000001,,,,
aarch64-unknown-linux-gnu,curve25519-dalek,4.1.3,scalar::test::from_bytes_mod_order_wide,full,success,0.11083100266666668,,,,
aarch64-unknown-linux-gnu,curve25519-dalek,4.1.3,scalar::test::from_u64,full,success,0.10659097633333335,,,,
aarch64-unknown-linux-gnu,curve25519-dalek,4.1.3,scalar::test::fuzzer_testcase_reduction,full,success,0.12319926333333335,,,,
aarch64-unknown-linux-gnu,curve25519-dalek,4.1.3,scalar::test::impl_add,full,success,0.11081344966666667,,,,
aarch64-unknown-linux-gnu,curve25519-dalek,4.1.3,scalar::test::impl_mul,full,success,0.11107997633333334,,,,
aarch64-unknown-linux-gnu,curve25519-dalek,4.1.3,scalar::test::impl_product,full,success,0.2001541056666667,,,,
aarch64-unknown-linux-gnu,curve25519-dalek,4.1.3,scalar::test::impl_sum,full,success,0.17193929200000002,,,,
aarch64-unknown-linux-gnu,curve25519-dalek,4.1.3,scalar::test::invert,full,success,0.2684503396666667,,,,
aarch64-unknown-linux-gnu,curve25519-dalek,4.1.3,scalar::test::montgomery_reduce_matches_from_bytes_mod_order_wide,full,success,0.11198346433333335,,,,
aarch64-unknown-linux-gnu,curve25519-dalek,4.1.3,scalar::test::neg_twice_is_identity,full,success,0.110675555,,,,
aarch64-unknown-linux-gnu,curve25519-dalek,4.1.3,scalar::test::non_adjacent_form_test_vector,full,success,0.12323626233333333,,,,
aarch64-unknown-linux-gnu,curve25519-dalek,4.1.3,scalar::test::reduce,full,success,0.10952102833333333,,,,
aarch64-unknown-linux-gnu,curve25519-dalek,4.1.3,scalar::test::scalar_mul_by_one,full,success,0.10974669100000001,,,,
aarch64-unknown-linux-gnu,curve25519-dalek,4.1.3,scalar::test::square,full,success,0.11145847200000002,,,,
aarch64-unknown-linux-gnu,curve25519-dalek,4.1.3,scalar::test::sub_reduces,full,success,0.110022324,,,,
aarch64-unknown-linux-gnu,curve25519-dalek,4.1.3,scalar::test::test_mul_reduction_invariance,full,success,0.5895110350000001,,,,
aarch64-unknown-linux-gnu,curve25519-dalek,4.1.3,scalar::test::test_read_le_u64_into,full,success,0.10840173933333334,,,,
aarch64-unknown-linux-gnu,curve25519-dalek,4.1.3,scalar::test::test_read_le_u64_into_should_panic_on_bad_input,full,success,0.11347644333333334,,,,
aarch64-unknown-linux-gnu,curve25519-dalek,4.1.3,scalar::test::test_scalar_clamp,full,success,0.10713791133333334,,,,
aarch64-unknown-linux-gnu,curve25519-dalek,4.1.3,scalar::test::test_scalar_from_int,full,success,0.12657866033333334,,,,
aarch64-unknown-linux-gnu,curve25519-dalek,4.1.3,scalar::test::to_bytes_from_bytes_roundtrips,full,success,0.10754950633333334,,,,
aarch64-unknown-linux-gnu,der,0.8.0,asn1::bit_string::tests::bitstring_valueord_value_cmp,full,success,0.10579584433333333,,,,
aarch64-unknown-linux-gnu,der,0.8.0,asn1::bit_string::tests::decode_bitstring_with_unused_bits,full,success,0.10975506966666666,,,,
aarch64-unknown-linux-gnu,der,0.8.0,asn1::bit_string::tests::decode_empty_bitstring,full,success,0.10584143833333333,,,,
aarch64-unknown-linux-gnu,der,0.8.0,asn1::bit_string::tests::decode_non_empty_bitstring,full,success,0.10645197766666668,,,,
aarch64-unknown-linux-gnu,der,0.8.0,asn1::bit_string::tests::reject_unused_bits_in_empty_string,full,success,0.105856978,,,,
aarch64-unknown-linux-gnu,der,0.8.0,asn1::boolean::tests::decode,full,success,0.10698093800000001,,,,
aarch64-unknown-linux-gnu,der,0.8.0,asn1::boolean::tests::encode,full,success,0.106601401,,,,
aarch64-unknown-linux-gnu,der,0.8.0,asn1::boolean::tests::reject_non_canonical,full,success,0.107136876,,,,
aarch64-unknown-linux-gnu,der,0.8.0,asn1::context_specific::tests::context_specific_not_skipping_unknown_field,full,success,0.105525298,,,,
aarch64-unknown-linux-gnu,der,0.8.0,asn1::context_specific::tests::context_specific_returns_none_on_greater_tag_number,full,success,0.10623527766666668,,,,
aarch64-unknown-linux-gnu,der,0.8.0,asn1::context_specific::tests::context_specific_with_explicit_field,full,success,0.10749841266666667,,,,
aarch64-unknown-linux-gnu,der,0.8.0,asn1::context_specific::tests::context_specific_with_implicit_field,full,success,0.10675087233333334,,,,
aarch64-unknown-linux-gnu,der,0.8.0,asn1::context_specific::tests::round_trip,full,success,0.10755375299999999,,,,
aarch64-unknown-linux-gnu,der,0.8.0,asn1::generalized_time::tests::invalid_day_generalized_time,full,success,0.10711539800000001,,,,
aarch64-unknown-linux-gnu,der,0.8.0,asn1::generalized_time::tests::invalid_hour_generalized_time,full,success,0.10740631066666667,,,,
aarch64-unknown-linux-gnu,der,0.8.0,asn1::generalized_time::tests::invalid_minute_generalized_time,full,success,0.10659352600000001,,,,
aarch64-unknown-linux-gnu,der,0.8.0,asn1::generalized_time::tests::invalid_month_generalized_time,full,success,0.107419661,,,,
aarch64-unknown-linux-gnu,der,0.8.0,asn1::generalized_time::tests::invalid_second_generalized_time,full,success,0.107591744,,,,
aarch64-unknown-linux-gnu,der,0.8.0,asn1::generalized_time::tests::invalid_year_generalized_time,full,success,0.10680166766666667,,,,
aarch64-unknown-linux-gnu,der,0.8.0,asn1::generalized_time::tests::max_valid_generalized_time,full,success,0.10921942200000001,,,,
aarch64-unknown-linux-gnu,der,0.8.0,asn1::generalized_time::tests::round_trip,full,success,0.11018894233333333,,,,
aarch64-unknown-linux-gnu,der,0.8.0,asn1::ia5_string::tests::parse_bytes,full,success,0.10870995900000001,,,,
aarch64-unknown-linux-gnu,der,0.8.0,asn1::integer::int::tests::decode_intref,full,success,0.10924575866666668,,,,
aarch64-unknown-linux-gnu,der,0.8.0,asn1::integer::int::tests::encode_intref,full,success,0.11126936166666668,,,,
aarch64-unknown-linux-gnu,der,0.8.0,asn1::integer::int::tests::validate_canonical_err,full,success,0.10663349100000001,,,,
aarch64-unknown-linux-gnu,der,0.8.0,asn1::integer::int::tests::validate_canonical_ok,full,success,0.10649871600000001,,,,
aarch64-unknown-linux-gnu,der,0.8.0,asn1::integer::tests::decode_i16,full,success,0.11007806133333335,,,,
aarch64-unknown-linux-gnu,der,0.8.0,asn1::integer::tests::decode_i8,full,success,0.10808347566666666,,,,
aarch64-unknown-linux-gnu,der,0.8.0,asn1::integer::tests::decode_u16,full,success,0.10853239633333334,,,,
aarch64-unknown-linux-gnu,der,0.8.0,asn1::integer::tests::decode_u8,full,success,0.10727147766666667,,,,
aarch64-unknown-linux-gnu,der,0.8.0,asn1::integer::tests::encode_i16,full,success,0.10934819666666667,,,,
aarch64-unknown-linux-gnu,der,0.8.0,asn1::integer::tests::encode_i8,full,success,0.10646109866666668,,,,
aarch64-unknown-linux-gnu,der,0.8.0,asn1::integer::tests::encode_u16,full,success,0.10912156333333334,,,,
aarch64-unknown-linux-gnu,der,0.8.0,asn1::integer::tests::encode_u8,full,success,0.107151173,,,,
aarch64-unknown-linux-gnu,der,0.8.0,asn1::integer::tests::reject_empty,full,success,0.10580776966666668,,,,
aarch64-unknown-linux-gnu,der,0.8.0,asn1::integer::tests::reject_non_canonical,full,success,0.10861670866666667,,,,
aarch64-unknown-linux-gnu,der,0.8.0,asn1::integer::uint::tests::decode_to_array_extra_zero,full,success,0.10689031500000001,,,,
aarch64-unknown-linux-gnu,der,0.8.0,asn1::integer::uint::tests::decode_to_array_leading_zero,full,success,0.106280307,,,,
aarch64-unknown-linux-gnu,der,0.8.0,asn1::integer::uint::tests::decode_to_array_missing_zero,full,success,0.10599424433333333,,,,
aarch64-unknown-linux-gnu,der,0.8.0,asn1::integer::uint::tests::decode_to_array_no_leading_zero,full,success,0.10587626233333335,,,,
aarch64-unknown-linux-gnu,der,0.8.0,asn1::integer::uint::tests::decode_to_array_oversized_input,full,success,0.10603902466666666,,,,
aarch64-unknown-linux-gnu,der,0.8.0,asn1::integer::uint::tests::decode_uintref,full,success,0.1075537296666667,,,,
aarch64-unknown-linux-gnu,der,0.8.0,asn1::integer::uint::tests::encode_uintref,full,success,0.10961767233333335,,,,
aarch64-unknown-linux-gnu,der,0.8.0,asn1::integer::uint::tests::reject_oversize_without_extra_zero,full,success,0.10626518666666668,,,,
aarch64-unknown-linux-gnu,der,0.8.0,asn1::null::tests::decode,full,success,0.107935,,,,
aarch64-unknown-linux-gnu,der,0.8.0,asn1::null::tests::encode,full,success,0.10599831700000001,,,,
aarch64-unknown-linux-gnu,der,0.8.0,asn1::null::tests::reject_non_canonical,full,success,0.10605275333333335,,,,
aarch64-unknown-linux-gnu,der,0.8.0,asn1::octet_string::tests::octet_string_decode,full,success,0.10641584733333335,,,,
aarch64-unknown-linux-gnu,der,0.8.0,asn1::octet_string::tests::octet_string_decode_into,full,success,0.10754174566666667,,,,
aarch64-unknown-linux-gnu,der,0.8.0,asn1::printable_string::tests::parse_bytes,full,success,0.10638826466666668,,,,
aarch64-unknown-linux-gnu,der,0.8.0,asn1::teletex_string::tests::parse_bytes,full,success,0.10654266666666667,,,,
aarch64-unknown-linux-gnu,der,0.8.0,asn1::utc_time::tests::round_trip_vector,full,success,0.108281024,,,,
aarch64-unknown-linux-gnu,der,0.8.0,asn1::utf8_string::tests::parse_ascii_bytes,full,success,0.10630432233333333,,,,
aarch64-unknown-linux-gnu,der,0.8.0,asn1::utf8_string::tests::parse_utf8_bytes,full,success,0.10613493933333334,,,,
aarch64-unknown-linux-gnu,der,0.8.0,asn1::videotex_string::tests::parse_bytes,full,success,0.10724567966666666,,,,
aarch64-unknown-linux-gnu,der,0.8.0,datetime::tests::feb_leap_year_handling,full,success,0.10556122900000002,,,,
aarch64-unknown-linux-gnu,der,0.8.0,datetime::tests::from_str,full,success,0.10615221466666669,,,,
aarch64-unknown-linux-gnu,der,0.8.0,datetime::tests::invalid_dates,full,success,0.10718441666666667,,,,
aarch64-unknown-linux-gnu,der,0.8.0,encoding_rules::tests::parse,full,success,0.10675368666666667,,,,
aarch64-unknown-linux-gnu,der,0.8.0,header::tests::negative_peek_overlength_header,full,success,0.10711316633333334,,,,
aarch64-unknown-linux-gnu,der,0.8.0,header::tests::peek,full,success,0.105633015,,,,
aarch64-unknown-linux-gnu,der,0.8.0,header::tests::peek_max_header,full,success,0.107103553,,,,
aarch64-unknown-linux-gnu,der,0.8.0,length::tests::add_overflows_when_max_length_exceeded,full,success,0.10582150600000001,,,,
aarch64-unknown-linux-gnu,der,0.8.0,length::tests::decode,full,success,0.10878008133333335,,,,
aarch64-unknown-linux-gnu,der,0.8.0,length::tests::der_ord,full,success,0.10591987733333334,,,,
aarch64-unknown-linux-gnu,der,0.8.0,length::tests::encode,full,success,0.10776966933333333,,,,
aarch64-unknown-linux-gnu,der,0.8.0,reader::slice::tests::empty_message,full,success,0.10600757066666668,,,,
aarch64-unknown-linux-gnu,der,0.8.0,reader::slice::tests::invalid_field_length,full,success,0.10583606433333333,,,,
aarch64-unknown-linux-gnu,der,0.8.0,reader::slice::tests::trailing_data,full,success,0.105860614,,,,
aarch64-unknown-linux-gnu,der,0.8.0,tag::tests::decoding,full,success,0.10816670900000001,,,,
aarch64-unknown-linux-gnu,der,0.8.0,tag::tests::negative_peek_long_tags,full,success,0.106151334,,,,
aarch64-unknown-linux-gnu,der,0.8.0,tag::tests::peek,full,success,0.10627633799999998,,,,
aarch64-unknown-linux-gnu,der,0.8.0,tag::tests::peek_long_tags,full,success,0.10658747566666667,,,,
aarch64-unknown-linux-gnu,der,0.8.0,tag::tests::tag_class,full,success,0.11019870733333335,,,,
aarch64-unknown-linux-gnu,der,0.8.0,tag::tests::tag_order,full,success,0.10889844933333333,,,,
aarch64-unknown-linux-gnu,der,0.8.0,writer::slice::tests::overlength_message,full,success,0.10763468066666666,,,,
aarch64-unknown-linux-gnu,dirs-sys-next,0.1.2,xdg_user_dirs::tests::test_absolute_path_is_accepted,full,success,0.113333576,,,,
aarch64-unknown-linux-gnu,dirs-sys-next,0.1.2,xdg_user_dirs::tests::test_disabled_directory,full,success,0.10769796333333333,,,,
aarch64-unknown-linux-gnu,dirs-sys-next,0.1.2,xdg_user_dirs::tests::test_parse_empty,full,success,0.10602841733333333,,,,
aarch64-unknown-linux-gnu,dirs-sys-next,0.1.2,xdg_user_dirs::tests::test_parse_user_dirs,full,success,0.20615774333333334,,,,
aarch64-unknown-linux-gnu,dirs-sys-next,0.1.2,xdg_user_dirs::tests::test_relative_path_is_rejected,full,success,0.107784379,,,,
aarch64-unknown-linux-gnu,dirs-sys-next,0.1.2,xdg_user_dirs::tests::test_relative_to_home,full,success,0.11341770866666667,,,,
aarch64-unknown-linux-gnu,dirs-sys-next,0.1.2,xdg_user_dirs::tests::test_shell_unescape,full,success,0.10689507766666667,,,,
aarch64-unknown-linux-gnu,dirs-sys-next,0.1.2,xdg_user_dirs::tests::test_split_once,full,success,0.10618458566666668,,,,
aarch64-unknown-linux-gnu,dirs-sys-next,0.1.2,xdg_user_dirs::tests::test_trim_blank,full,success,0.10714851933333334,,,,
aarch64-unknown-linux-gnu,dirs-sys,0.5.0,xdg_user_dirs::tests::test_absolute_path_is_accepted,full,success,0.10856137866666667,,,,
aarch64-unknown-linux-gnu,dirs-sys,0.5.0,xdg_user_dirs::tests::test_disabled_directory,full,success,0.10420291133333333,,,,
aarch64-unknown-linux-gnu,dirs-sys,0.5.0,xdg_user_dirs::tests::test_parse_empty,full,success,0.10304932100000001,,,,
aarch64-unknown-linux-gnu,dirs-sys,0.5.0,xdg_user_dirs::tests::test_parse_user_dirs,full,success,0.20109057633333335,,,,
aarch64-unknown-linux-gnu,dirs-sys,0.5.0,xdg_user_dirs::tests::test_relative_path_is_rejected,full,success,0.10490234566666667,,,,
aarch64-unknown-linux-gnu,dirs-sys,0.5.0,xdg_user_dirs::tests::test_relative_to_home,full,success,0.109758225,,,,
aarch64-unknown-linux-gnu,dirs-sys,0.5.0,xdg_user_dirs::tests::test_shell_unescape,full,success,0.10433035833333333,,,,
aarch64-unknown-linux-gnu,dirs-sys,0.5.0,xdg_user_dirs::tests::test_split_once,full,success,0.10451839566666667,,,,
aarch64-unknown-linux-gnu,dirs-sys,0.5.0,xdg_user_dirs::tests::test_trim_blank,full,success,0.10538474400000002,,,,
aarch64-unknown-linux-gnu,either,1.15.0,basic,full,success,0.10489871100000002,,,,
aarch64-unknown-linux-gnu,either,1.15.0,deref,full,success,0.10433949633333335,,,,
aarch64-unknown-linux-gnu,either,1.15.0,error,full,success,0.10530619066666667,,,,
aarch64-unknown-linux-gnu,either,1.15.0,iter,full,success,0.10429896266666668,,,,
aarch64-unknown-linux-gnu,either,1.15.0,macros,full,success,0.10377695099999999,,,,
aarch64-unknown-linux-gnu,either,1.15.0,read_write,full,success,0.10398838666666667,,,,
aarch64-unknown-linux-gnu,either,1.15.0,seek,full,success,0.240110351,,,,
aarch64-unknown-linux-gnu,encoding_rs,0.8.35,ascii::tests::test_ascii_to_ascii,full,success,0.22307194533333333,,,,
aarch64-unknown-linux-gnu,encoding_rs,0.8.35,ascii::tests::test_ascii_to_basic_latin,full,success,0.22673177733333336,,,,
aarch64-unknown-linux-gnu,encoding_rs,0.8.35,ascii::tests::test_basic_latin_to_ascii,full,success,0.225080702,,,,
aarch64-unknown-linux-gnu,encoding_rs,0.8.35,big5::tests::test_big5_decode,full,success,0.8334264606666667,,,,
aarch64-unknown-linux-gnu,encoding_rs,0.8.35,big5::tests::test_big5_encode,full,success,0.17618962533333335,,,,
aarch64-unknown-linux-gnu,encoding_rs,0.8.35,euc_jp::tests::test_euc_jp_decode,full,success,0.8352372770000001,,,,
aarch64-unknown-linux-gnu,encoding_rs,0.8.35,euc_jp::tests::test_euc_jp_encode,full,success,0.23505464833333334,,,,
aarch64-unknown-linux-gnu,encoding_rs,0.8.35,euc_kr::tests::test_euc_kr_decode,full,success,0.25813361733333334,,,,
aarch64-unknown-linux-gnu,encoding_rs,0.8.35,euc_kr::tests::test_euc_kr_encode,full,success,3.0869859686666667,,,,
aarch64-unknown-linux-gnu,encoding_rs,0.8.35,euc_kr::tests::test_euc_kr_encode_from_two_low_surrogates,full,success,0.11035379666666667,,,,
aarch64-unknown-linux-gnu,encoding_rs,0.8.35,gb18030::tests::test_gb18030_decode,full,success,1.0835755583333333,,,,
aarch64-unknown-linux-gnu,encoding_rs,0.8.35,gb18030::tests::test_gb18030_encode,full,success,8.227069900666667,,,,
aarch64-unknown-linux-gnu,encoding_rs,0.8.35,gb18030::tests::test_gb18030_encode_from_utf16_max_length,full,success,0.10669277766666667,,,,
aarch64-unknown-linux-gnu,encoding_rs,0.8.35,gb18030::tests::test_gbk_encode,full,success,8.165732111666667,,,,
aarch64-unknown-linux-gnu,encoding_rs,0.8.35,iso_2022_jp::tests::test_iso_2022_jp_decode,full,success,2.7373286203333334,,,,
aarch64-unknown-linux-gnu,encoding_rs,0.8.35,iso_2022_jp::tests::test_iso_2022_jp_encode,full,success,7.482666940333334,,,,
aarch64-unknown-linux-gnu,encoding_rs,0.8.35,iso_2022_jp::tests::test_iso_2022_jp_encode_from_two_low_surrogates,full,success,0.10964013433333335,,,,
aarch64-unknown-linux-gnu,encoding_rs,0.8.35,iso_2022_jp::tests::test_iso_2022_jp_half_width_katakana_length,full,success,0.10726366933333333,,,,
aarch64-unknown-linux-gnu,encoding_rs,0.8.35,iso_2022_jp::tests::test_iso_2022_jp_length_after_escape,full,success,0.10795917300000002,,,,
aarch64-unknown-linux-gnu,encoding_rs,0.8.35,mem::tests::test_check_str_for_latin1_and_bidi,full,success,0.10691886066666667,,,,
aarch64-unknown-linux-gnu,encoding_rs,0.8.35,mem::tests::test_check_utf16_for_latin1_and_bidi,full,success,0.10815113766666667,,,,
aarch64-unknown-linux-gnu,encoding_rs,0.8.35,mem::tests::test_check_utf8_for_latin1_and_bidi,full,success,0.10749819266666667,,,,
aarch64-unknown-linux-gnu,encoding_rs,0.8.35,mem::tests::test_convert_latin1_to_utf16,full,success,0.173335457,,,,
aarch64-unknown-linux-gnu,encoding_rs,0.8.35,mem::tests::test_convert_latin1_to_utf8,full,success,0.2215742116666667,,,,
aarch64-unknown-linux-gnu,encoding_rs,0.8.35,mem::tests::test_convert_latin1_to_utf8_partial,full,success,0.10628538,,,,
aarch64-unknown-linux-gnu,encoding_rs,0.8.35,mem::tests::test_convert_str_to_utf16,full,success,0.11234804833333334,,,,
aarch64-unknown-linux-gnu,encoding_rs,0.8.35,mem::tests::test_convert_utf16_to_latin1_lossy,full,success,0.17429478066666668,,,,
aarch64-unknown-linux-gnu,encoding_rs,0.8.35,mem::tests::test_convert_utf16_to_latin1_lossy_panics,full,success,0.10714843133333334,,,,
aarch64-unknown-linux-gnu,encoding_rs,0.8.35,mem::tests::test_convert_utf16_to_utf8,full,success,0.11443226566666669,,,,
aarch64-unknown-linux-gnu,encoding_rs,0.8.35,mem::tests::test_convert_utf16_to_utf8_partial,full,success,0.11544268133333335,,,,
aarch64-unknown-linux-gnu,encoding_rs,0.8.35,mem::tests::test_convert_utf8_to_latin1_lossy,full,success,0.24532749933333334,,,,
aarch64-unknown-linux-gnu,encoding_rs,0.8.35,mem::tests::test_convert_utf8_to_latin1_lossy_panics,full,success,0.11391392666666666,,,,
aarch64-unknown-linux-gnu,encoding_rs,0.8.35,mem::tests::test_convert_utf8_to_utf16,full,success,0.11415918666666668,,,,
aarch64-unknown-linux-gnu,encoding_rs,0.8.35,mem::tests::test_convert_utf8_to_utf16_without_replacement,full,success,0.10850671133333334,,,,
aarch64-unknown-linux-gnu,encoding_rs,0.8.35,mem::tests::test_decode_latin1,full,success,0.10813219533333333,,,,
aarch64-unknown-linux-gnu,encoding_rs,0.8.35,mem::tests::test_encode_latin1_lossy,full,success,0.108356985,,,,
aarch64-unknown-linux-gnu,encoding_rs,0.8.35,mem::tests::test_ensure_utf16_validity,full,success,0.10922214933333334,,,,
aarch64-unknown-linux-gnu,encoding_rs,0.8.35,mem::tests::test_is_ascii_fail,full,success,0.44477253133333333,,,,
aarch64-unknown-linux-gnu,encoding_rs,0.8.35,mem::tests::test_is_ascii_success,full,success,0.15064901133333336,,,,
aarch64-unknown-linux-gnu,encoding_rs,0.8.35,mem::tests::test_is_basic_latin_fail,full,success,0.4331672303333334,,,,
aarch64-unknown-linux-gnu,encoding_rs,0.8.35,mem::tests::test_is_basic_latin_success,full,success,0.16980962433333335,,,,
aarch64-unknown-linux-gnu,encoding_rs,0.8.35,mem::tests::test_is_char_bidi,full,success,0.10684879700000001,,,,
aarch64-unknown-linux-gnu,encoding_rs,0.8.35,mem::tests::test_is_str_bidi,full,success,0.106955653,,,,
aarch64-unknown-linux-gnu,encoding_rs,0.8.35,mem::tests::test_is_str_latin1_fail,full,success,1.1550907713333334,,,,
aarch64-unknown-linux-gnu,encoding_rs,0.8.35,mem::tests::test_is_str_latin1_success,full,success,0.2766788566666667,,,,
aarch64-unknown-linux-gnu,encoding_rs,0.8.35,mem::tests::test_is_utf16_bidi,full,success,0.10993246500000002,,,,
aarch64-unknown-linux-gnu,encoding_rs,0.8.35,mem::tests::test_is_utf16_code_unit_bidi,full,success,0.10792651000000002,,,,
aarch64-unknown-linux-gnu,encoding_rs,0.8.35,mem::tests::test_is_utf16_latin1_fail,full,success,6.788757668333333,,,,
aarch64-unknown-linux-gnu,encoding_rs,0.8.35,mem::tests::test_is_utf16_latin1_success,full,success,0.315388874,,,,
aarch64-unknown-linux-gnu,encoding_rs,0.8.35,mem::tests::test_is_utf8_bidi,full,success,0.10546851533333335,,,,
aarch64-unknown-linux-gnu,encoding_rs,0.8.35,mem::tests::test_is_utf8_bidi_edge_cases,full,success,0.10635319233333335,,,,
aarch64-unknown-linux-gnu,encoding_rs,0.8.35,mem::tests::test_is_utf8_latin1_fail,full,success,1.3236166366666666,,,,
aarch64-unknown-linux-gnu,encoding_rs,0.8.35,mem::tests::test_is_utf8_latin1_invalid,full,success,0.10632929633333334,,,,
aarch64-unknown-linux-gnu,encoding_rs,0.8.35,mem::tests::test_is_utf8_latin1_success,full,success,0.27643245033333336,,,,
aarch64-unknown-linux-gnu,encoding_rs,0.8.35,mem::tests::test_utf16_valid_up_to,full,success,0.10755909966666667,,,,
aarch64-unknown-linux-gnu,encoding_rs,0.8.35,replacement::tests::test_replacement_decode,full,success,0.11142043466666668,,,,
aarch64-unknown-linux-gnu,encoding_rs,0.8.35,replacement::tests::test_replacement_encode,full,success,0.13519919066666666,,,,
aarch64-unknown-linux-gnu,encoding_rs,0.8.35,shift_jis::tests::test_shift_jis_decode,full,success,0.3964262446666667,,,,
aarch64-unknown-linux-gnu,encoding_rs,0.8.35,shift_jis::tests::test_shift_jis_encode,full,success,4.019997734666666,,,,
aarch64-unknown-linux-gnu,encoding_rs,0.8.35,shift_jis::tests::test_shift_jis_half_width_katakana_length,full,success,0.10800275233333334,,,,
aarch64-unknown-linux-gnu,encoding_rs,0.8.35,single_byte::tests::test_ascii_punctuation,full,success,3.0861990516666666,,,,
aarch64-unknown-linux-gnu,encoding_rs,0.8.35,single_byte::tests::test_decode_malformed,full,success,0.16021973400000003,,,,
aarch64-unknown-linux-gnu,encoding_rs,0.8.35,single_byte::tests::test_encode_unmappables,full,success,0.19829118833333337,,,,
aarch64-unknown-linux-gnu,encoding_rs,0.8.35,single_byte::tests::test_encode_unpaired_surrogates,full,success,0.11524723633333334,,,,
aarch64-unknown-linux-gnu,encoding_rs,0.8.35,single_byte::tests::test_single_byte_decode,full,success,2.1776829686666663,,,,
aarch64-unknown-linux-gnu,encoding_rs,0.8.35,single_byte::tests::test_single_byte_encode,full,success,0.43846965666666665,,,,
aarch64-unknown-linux-gnu,encoding_rs,0.8.35,single_byte::tests::test_single_byte_from_two_low_surrogates,full,success,0.11048018533333333,,,,
aarch64-unknown-linux-gnu,encoding_rs,0.8.35,single_byte::tests::test_windows_1255_ca,full,success,0.13188142766666666,,,,
aarch64-unknown-linux-gnu,encoding_rs,0.8.35,test_labels_names::test_all_labels,full,success,0.6566467386666667,,,,
aarch64-unknown-linux-gnu,encoding_rs,0.8.35,tests::test_bom_sniffing,full,success,0.11969736666666668,,,,
aarch64-unknown-linux-gnu,encoding_rs,0.8.35,tests::test_buffer_end_iso_2022_jp_from_utf16,full,success,0.10948663166666667,,,,
aarch64-unknown-linux-gnu,encoding_rs,0.8.35,tests::test_buffer_end_iso_2022_jp_from_utf8,full,success,0.108823049,,,,
aarch64-unknown-linux-gnu,encoding_rs,0.8.35,tests::test_buffer_end_utf16be,full,success,0.10768221133333335,,,,
aarch64-unknown-linux-gnu,encoding_rs,0.8.35,tests::test_decode_ascii_only_windows_1257_to_cow,full,success,0.10759648166666669,,,,
aarch64-unknown-linux-gnu,encoding_rs,0.8.35,tests::test_decode_ascii_only_windows_1257_to_cow_with_bom_removal,full,success,0.10874319433333335,,,,
aarch64-unknown-linux-gnu,encoding_rs,0.8.35,tests::test_decode_ascii_only_windows_1257_to_cow_without_bom_handling,full,success,0.108304552,,,,
aarch64-unknown-linux-gnu,encoding_rs,0.8.35,tests::test_decode_ascii_only_windows_1257_to_cow_without_bom_handling_and_without_replacement,full,success,0.10789144833333335,,,,
aarch64-unknown-linux-gnu,encoding_rs,0.8.35,tests::test_decode_bomful_invalid_utf8_as_utf_8_to_cow,full,success,0.107950279,,,,
aarch64-unknown-linux-gnu,encoding_rs,0.8.35,tests::test_decode_bomful_invalid_utf8_as_windows_1257_to_cow,full,success,0.10766380533333335,,,,
aarch64-unknown-linux-gnu,encoding_rs,0.8.35,tests::test_decode_bomful_invalid_utf8_to_cow_without_bom_handling,full,success,0.10830029066666669,,,,
aarch64-unknown-linux-gnu,encoding_rs,0.8.35,tests::test_decode_bomful_invalid_utf8_to_cow_without_bom_handling_and_without_replacement,full,success,0.10706791166666668,,,,
aarch64-unknown-linux-gnu,encoding_rs,0.8.35,tests::test_decode_bomful_valid_utf8_as_utf_8_to_cow,full,success,0.10745786333333333,,,,
aarch64-unknown-linux-gnu,encoding_rs,0.8.35,tests::test_decode_bomful_valid_utf8_as_utf_8_to_cow_with_bom_removal,full,success,0.10835699366666666,,,,
aarch64-unknown-linux-gnu,encoding_rs,0.8.35,tests::test_decode_bomful_valid_utf8_as_windows_1257_to_cow,full,success,0.110278471,,,,
aarch64-unknown-linux-gnu,encoding_rs,0.8.35,tests::test_decode_bomful_valid_utf8_as_windows_1257_to_cow_with_bom_removal,full,success,0.109210496,,,,
aarch64-unknown-linux-gnu,encoding_rs,0.8.35,tests::test_decode_bomful_valid_utf8_to_cow_without_bom_handling,full,success,0.107874205,,,,
aarch64-unknown-linux-gnu,encoding_rs,0.8.35,tests::test_decode_bomful_valid_utf8_to_cow_without_bom_handling_and_without_replacement,full,success,0.10672120600000001,,,,
aarch64-unknown-linux-gnu,encoding_rs,0.8.35,tests::test_decode_invalid_windows_1257_to_cow,full,success,0.10843800133333335,,,,
aarch64-unknown-linux-gnu,encoding_rs,0.8.35,tests::test_decode_invalid_windows_1257_to_cow_with_bom_removal,full,success,0.10879695233333335,,,,
aarch64-unknown-linux-gnu,encoding_rs,0.8.35,tests::test_decode_invalid_windows_1257_to_cow_without_bom_handling,full,success,0.10913053933333333,,,,
aarch64-unknown-linux-gnu,encoding_rs,0.8.35,tests::test_decode_invalid_windows_1257_to_cow_without_bom_handling_and_without_replacement,full,success,0.10801273066666667,,,,
aarch64-unknown-linux-gnu,encoding_rs,0.8.35,tests::test_decode_valid_windows_1257_to_cow,full,success,0.10862419900000002,,,,
aarch64-unknown-linux-gnu,encoding_rs,0.8.35,tests::test_decode_valid_windows_1257_to_cow_with_bom_removal,full,success,0.10805337133333333,,,,
aarch64-unknown-linux-gnu,encoding_rs,0.8.35,tests::test_decode_valid_windows_1257_to_cow_without_bom_handling,full,success,0.10879368466666668,,,,
aarch64-unknown-linux-gnu,encoding_rs,0.8.35,tests::test_decode_valid_windows_1257_to_cow_without_bom_handling_and_without_replacement,full,success,0.10958780366666669,,,,
aarch64-unknown-linux-gnu,encoding_rs,0.8.35,tests::test_encode_ascii_only_windows_1257_to_cow,full,success,0.10801271933333334,,,,
aarch64-unknown-linux-gnu,encoding_rs,0.8.35,tests::test_encode_valid_windows_1257_to_cow,full,success,0.11013248233333334,,,,
aarch64-unknown-linux-gnu,encoding_rs,0.8.35,tests::test_hash,full,success,0.11006099766666667,,,,
aarch64-unknown-linux-gnu,encoding_rs,0.8.35,tests::test_is_single_byte,full,success,0.10742717666666668,,,,
aarch64-unknown-linux-gnu,encoding_rs,0.8.35,tests::test_iso_2022_jp_ncr_extra_from_utf16,full,success,0.10703231766666667,,,,
aarch64-unknown-linux-gnu,encoding_rs,0.8.35,tests::test_iso_2022_jp_ncr_extra_from_utf8,full,success,0.10749314066666667,,,,
aarch64-unknown-linux-gnu,encoding_rs,0.8.35,tests::test_label_resolution,full,success,0.11219993166666668,,,,
aarch64-unknown-linux-gnu,encoding_rs,0.8.35,tests::test_latin1_byte_compatible_up_to,full,success,0.10792626666666667,,,,
aarch64-unknown-linux-gnu,encoding_rs,0.8.35,tests::test_max_length_with_bom_to_utf8,full,success,0.10787769233333333,,,,
aarch64-unknown-linux-gnu,encoding_rs,0.8.35,tests::test_output_encoding,full,success,0.10786830800000001,,,,
aarch64-unknown-linux-gnu,encoding_rs,0.8.35,tests::test_too_short_buffer_with_iso_2022_jp_ascii_from_utf16,full,success,0.10742596266666667,,,,
aarch64-unknown-linux-gnu,encoding_rs,0.8.35,tests::test_too_short_buffer_with_iso_2022_jp_ascii_from_utf8,full,success,0.10771412233333334,,,,
aarch64-unknown-linux-gnu,encoding_rs,0.8.35,tests::test_too_short_buffer_with_iso_2022_jp_roman_from_utf16,full,success,0.10809571933333334,,,,
aarch64-unknown-linux-gnu,encoding_rs,0.8.35,tests::test_too_short_buffer_with_iso_2022_jp_roman_from_utf8,full,success,0.10761401566666667,,,,
aarch64-unknown-linux-gnu,encoding_rs,0.8.35,tests::test_utf16_space_with_one_bom_byte,full,success,0.10786707233333333,,,,
aarch64-unknown-linux-gnu,encoding_rs,0.8.35,tests::test_utf16_space_with_one_bom_byte_and_a_second_byte_in_same_call,full,success,0.10759231266666668,,,,
aarch64-unknown-linux-gnu,encoding_rs,0.8.35,tests::test_utf16_space_with_two_bom_bytes,full,success,0.11256522566666667,,,,
aarch64-unknown-linux-gnu,encoding_rs,0.8.35,tests::test_utf8_space_with_one_bom_byte,full,success,0.108333887,,,,
aarch64-unknown-linux-gnu,encoding_rs,0.8.35,tests::test_utf8_space_with_two_bom_bytes,full,success,0.107450869,,,,
aarch64-unknown-linux-gnu,encoding_rs,0.8.35,utf_16::tests::test_utf_16_decode,full,success,3.195598047666667,,,,
aarch64-unknown-linux-gnu,encoding_rs,0.8.35,utf_16::tests::test_utf_16_encode,full,success,0.16374546866666664,,,,
aarch64-unknown-linux-gnu,encoding_rs,0.8.35,utf_16::tests::test_utf_16be_decode_bom_prefix,full,success,0.107393921,,,,
aarch64-unknown-linux-gnu,encoding_rs,0.8.35,utf_16::tests::test_utf_16be_decode_bom_prefixed_split_byte_pair,full,success,0.107842463,,,,
aarch64-unknown-linux-gnu,encoding_rs,0.8.35,utf_16::tests::test_utf_16be_decode_near_end,full,success,0.10845626366666668,,,,
aarch64-unknown-linux-gnu,encoding_rs,0.8.35,utf_16::tests::test_utf_16be_decode_one_by_one,full,success,0.109792208,,,,
aarch64-unknown-linux-gnu,encoding_rs,0.8.35,utf_16::tests::test_utf_16be_decode_three_at_a_time,full,success,0.10967820533333333,,,,
aarch64-unknown-linux-gnu,encoding_rs,0.8.35,utf_16::tests::test_utf_16le_decode_bom_prefix,full,success,0.10798271033333334,,,,
aarch64-unknown-linux-gnu,encoding_rs,0.8.35,utf_16::tests::test_utf_16le_decode_bom_prefixed_split_byte_pair,full,success,0.10867504533333334,,,,
aarch64-unknown-linux-gnu,encoding_rs,0.8.35,utf_16::tests::test_utf_16le_decode_near_end,full,success,0.10880223266666668,,,,
aarch64-unknown-linux-gnu,encoding_rs,0.8.35,utf_16::tests::test_utf_16le_decode_one_by_one,full,success,0.10981053166666666,,,,
aarch64-unknown-linux-gnu,encoding_rs,0.8.35,utf_16::tests::test_utf_16le_decode_three_at_a_time,full,success,0.10986046900000002,,,,
aarch64-unknown-linux-gnu,encoding_rs,0.8.35,utf_8::tests::test_decode_bom_prefix,full,success,0.10938546966666668,,,,
aarch64-unknown-linux-gnu,encoding_rs,0.8.35,utf_8::tests::test_decode_bom_prefixed_split_byte_pair,full,success,0.10856101033333333,,,,
aarch64-unknown-linux-gnu,encoding_rs,0.8.35,utf_8::tests::test_decode_bom_prefixed_split_byte_triple,full,success,0.10834015133333334,,,,
aarch64-unknown-linux-gnu,encoding_rs,0.8.35,utf_8::tests::test_encode_utf8_from_utf16_with_output_limit,full,success,1.3322770443333334,,,,
aarch64-unknown-linux-gnu,encoding_rs,0.8.35,utf_8::tests::test_tail,full,success,0.10790166066666666,,,,
aarch64-unknown-linux-gnu,encoding_rs,0.8.35,utf_8::tests::test_utf8_decode,full,success,0.5710588763333334,,,,
aarch64-unknown-linux-gnu,encoding_rs,0.8.35,utf_8::tests::test_utf8_encode,full,success,0.11824667266666666,,,,
aarch64-unknown-linux-gnu,encoding_rs,0.8.35,utf_8::tests::test_utf8_max_length_from_utf16,full,success,0.10844344866666666,,,,
aarch64-unknown-linux-gnu,encoding_rs,0.8.35,x_user_defined::tests::test_x_user_defined_decode,full,success,0.7712586096666668,,,,
aarch64-unknown-linux-gnu,encoding_rs,0.8.35,x_user_defined::tests::test_x_user_defined_encode,full,success,0.17578116466666668,,,,
aarch64-unknown-linux-gnu,encoding_rs,0.8.35,x_user_defined::tests::test_x_user_defined_from_two_low_surrogates,full,success,0.10778677600000001,,,,
aarch64-unknown-linux-gnu,erased-serde,0.4.10,de::tests::assert_deserializer,full,success,0.10571579866666668,,,,
aarch64-unknown-linux-gnu,erased-serde,0.4.10,de::tests::test_borrowed,full,success,0.10874943266666666,,,,
aarch64-unknown-linux-gnu,erased-serde,0.4.10,de::tests::test_dangle,full,success,0.10465355733333333,,,,
aarch64-unknown-linux-gnu,erased-serde,0.4.10,de::tests::test_enum,full,success,0.128244089,,,,
aarch64-unknown-linux-gnu,erased-serde,0.4.10,de::tests::test_struct,full,success,0.10848599633333333,,,,
aarch64-unknown-linux-gnu,erased-serde,0.4.10,de::tests::test_value,full,success,0.12464729699999999,,,,
aarch64-unknown-linux-gnu,erased-serde,0.4.10,macros::tests::test_generic_bound,full,success,0.10483914300000001,,,,
aarch64-unknown-linux-gnu,erased-serde,0.4.10,macros::tests::test_plain,full,success,0.10434934033333333,,,,
aarch64-unknown-linux-gnu,erased-serde,0.4.10,macros::tests::test_type_parameter,full,success,0.10573271300000002,,,,
aarch64-unknown-linux-gnu,erased-serde,0.4.10,macros::tests::test_where_clause,full,success,0.10395573366666667,,,,
aarch64-unknown-linux-gnu,erased-serde,0.4.10,ser::tests::assert_serialize,full,success,0.10494234433333334,,,,
aarch64-unknown-linux-gnu,erased-serde,0.4.10,ser::tests::test_dangle,full,success,0.103707054,,,,
aarch64-unknown-linux-gnu,erased-serde,0.4.10,ser::tests::test_enum,full,success,0.11792577033333335,,,,
aarch64-unknown-linux-gnu,erased-serde,0.4.10,ser::tests::test_error_custom,full,success,0.10551243133333332,,,,
aarch64-unknown-linux-gnu,erased-serde,0.4.10,ser::tests::test_struct,full,success,0.10723841366666668,,,,
aarch64-unknown-linux-gnu,erased-serde,0.4.10,ser::tests::test_vec,full,success,0.10835303033333334,,,,
aarch64-unknown-linux-gnu,errno,0.3.14,check_description,full,success,0.10533577300000001,,,,
aarch64-unknown-linux-gnu,errno,0.3.14,check_error_into_errno,full,success,0.10396672966666669,,,,
aarch64-unknown-linux-gnu,errno,0.3.14,it_works,full,success,0.10182499466666668,,,,
aarch64-unknown-linux-gnu,errno,0.3.14,it_works_with_to_string,full,success,0.10347227466666668,,,,
aarch64-unknown-linux-gnu,event-listener-strategy,0.5.4,send_and_sync,full,success,0.10435908566666667,,,,
aarch64-unknown-linux-gnu,event-listener,5.4.1,sys::tests::drop_non_notified,full,success,0.10889356633333334,,,,
aarch64-unknown-linux-gnu,event-listener,5.4.1,sys::tests::insert,full,success,0.11308889166666668,,,,
aarch64-unknown-linux-gnu,flate2,1.1.9,crc::tests::combine_matches_concatenation,full,success,0.11008066433333334,,,,
aarch64-unknown-linux-gnu,flate2,1.1.9,crc::tests::known_vector_hello,full,success,0.10440755400000001,,,,
aarch64-unknown-linux-gnu,flate2,1.1.9,crc::tests::known_vector_quick_brown_fox,full,success,0.10496470400000002,,,,
aarch64-unknown-linux-gnu,flate2,1.1.9,crc::tests::new_is_empty,full,success,0.10458631600000001,,,,
aarch64-unknown-linux-gnu,flate2,1.1.9,crc::tests::reset_restores_initial_state,full,success,0.10471144466666667,,,,
aarch64-unknown-linux-gnu,flate2,1.1.9,crc::tests::update_is_streaming,full,success,0.105608465,,,,
aarch64-unknown-linux-gnu,flate2,1.1.9,deflate::bufread::test::decode_extra_data,full,success,14.869701470333334,,,,
aarch64-unknown-linux-gnu,flate2,1.1.9,deflate::tests::drop_writes,full,success,14.295274193666666,,,,
aarch64-unknown-linux-gnu,flate2,1.1.9,deflate::write::tests::decode_extra_data,full,success,30.662692018,,,,
aarch64-unknown-linux-gnu,flate2,1.1.9,gz::bufread::test::decode_extra_data,full,success,14.756927962,,,,
aarch64-unknown-linux-gnu,flate2,1.1.9,gz::read::tests::blocked_partial_header_read,full,success,0.10593635000000001,,,,
aarch64-unknown-linux-gnu,flate2,1.1.9,gz::tests::fields,full,success,14.139234598,,,,
aarch64-unknown-linux-gnu,flate2,1.1.9,gz::tests::flush_after_write,full,success,5.357681662,,,,
aarch64-unknown-linux-gnu,flate2,1.1.9,gz::tests::keep_reading_after_end,full,success,15.339992475,,,,
aarch64-unknown-linux-gnu,flate2,1.1.9,gz::tests::read_decoder_detects_corrupted_crc,full,success,2.103099138333333,,,,
aarch64-unknown-linux-gnu,flate2,1.1.9,gz::tests::roundtrip,full,success,15.22264165,,,,
aarch64-unknown-linux-gnu,flate2,1.1.9,gz::tests::roundtrip_header,full,success,0.13564914133333333,,,,
aarch64-unknown-linux-gnu,flate2,1.1.9,gz::tests::roundtrip_zero,full,success,14.684220533,,,,
aarch64-unknown-linux-gnu,flate2,1.1.9,gz::tests::write_decoder_detects_corrupted_crc,full,success,2.103244746666667,,,,
aarch64-unknown-linux-gnu,flate2,1.1.9,gz::write::tests::decode_extra_data,full,success,28.174759373333334,,,,
aarch64-unknown-linux-gnu,flate2,1.1.9,gz::write::tests::decode_multi_writer,full,success,50.92154724433333,,,,
aarch64-unknown-linux-gnu,flate2,1.1.9,gz::write::tests::decode_writer_exact_header,full,success,27.810386759666667,,,,
aarch64-unknown-linux-gnu,flate2,1.1.9,gz::write::tests::decode_writer_one_chunk,full,success,28.19223277,,,,
aarch64-unknown-linux-gnu,flate2,1.1.9,gz::write::tests::decode_writer_partial_crc,full,success,27.832821623666664,,,,
aarch64-unknown-linux-gnu,flate2,1.1.9,gz::write::tests::decode_writer_partial_header,full,success,27.965681716333332,,,,
aarch64-unknown-linux-gnu,flate2,1.1.9,gz::write::tests::decode_writer_partial_header_comment,full,success,28.116345499333335,,,,
aarch64-unknown-linux-gnu,flate2,1.1.9,gz::write::tests::decode_writer_partial_header_filename,full,success,27.911324234000002,,,,
aarch64-unknown-linux-gnu,flate2,1.1.9,mem::tests::issue51,full,success,14.338243013000001,,,,
aarch64-unknown-linux-gnu,flate2,1.1.9,mem::tests::reset,full,success,39.191514289,,,,
aarch64-unknown-linux-gnu,flate2,1.1.9,zlib::bufread::test::decode_extra_data,full,success,14.672863318666666,,,,
aarch64-unknown-linux-gnu,flate2,1.1.9,zlib::tests::bad_input,full,success,0.29134867400000003,,,,
aarch64-unknown-linux-gnu,flate2,1.1.9,zlib::tests::drop_writes,full,success,14.351016158,,,,
aarch64-unknown-linux-gnu,flate2,1.1.9,zlib::write::tests::decode_extra_data,full,success,31.30405801566667,,,,
aarch64-unknown-linux-gnu,futures-task,0.3.32,noop_waker::tests::issue_2091_cross_thread_segfault,full,success,0.10759144566666667,,,,
aarch64-unknown-linux-gnu,futures-util,0.3.32,lock::mutex::tests::test_mutex_guard_debug_not_recurse,full,success,0.11012096366666667,,,,
aarch64-unknown-linux-gnu,generic-array,1.4.3,impls::tests::test_from_inference,full,success,0.10420177200000001,,,,
aarch64-unknown-linux-gnu,generic-array,1.4.3,iter::test::test_send_iter,full,success,0.10469642566666669,,,,
aarch64-unknown-linux-gnu,generic-array,1.4.3,test::test_assembly,full,success,0.10628578133333334,,,,
aarch64-unknown-linux-gnu,gimli,0.33.0,arch::tests::test_aarch64_registers,full,success,0.23704707700000002,,,,
aarch64-unknown-linux-gnu,gimli,0.33.0,arch::tests::test_power64_registers,full,success,0.20486018566666667,,,,
aarch64-unknown-linux-gnu,gimli,0.33.0,case_fold::tests::test_case_fold,full,success,0.10781302433333334,,,,
aarch64-unknown-linux-gnu,gimli,0.33.0,case_fold::tests::test_case_folding_djb_hash,full,success,0.11191903233333333,,,,
aarch64-unknown-linux-gnu,gimli,0.33.0,constants::tests::test_dw_eh_pe_application,full,success,0.10547702600000002,,,,
aarch64-unknown-linux-gnu,gimli,0.33.0,constants::tests::test_dw_eh_pe_format,full,success,0.10666223700000001,,,,
aarch64-unknown-linux-gnu,gimli,0.33.0,constants::tests::test_dw_eh_pe_is_absent,full,success,0.10643858133333334,,,,
aarch64-unknown-linux-gnu,gimli,0.33.0,constants::tests::test_dw_eh_pe_is_valid_encoding_bad_application,full,success,0.10660488866666668,,,,
aarch64-unknown-linux-gnu,gimli,0.33.0,constants::tests::test_dw_eh_pe_is_valid_encoding_bad_format,full,success,0.10623631700000001,,,,
aarch64-unknown-linux-gnu,gimli,0.33.0,constants::tests::test_dw_eh_pe_is_valid_encoding_ok,full,success,0.10745401333333333,,,,
aarch64-unknown-linux-gnu,gimli,0.33.0,leb128::tests::test_low_bits_of_byte,full,success,0.10902095666666667,,,,
aarch64-unknown-linux-gnu,gimli,0.33.0,leb128::tests::test_low_bits_of_u64,full,success,0.109930288,,,,
aarch64-unknown-linux-gnu,gimli,0.33.0,leb128::tests::test_read_multiple,full,success,0.10624387366666667,,,,
aarch64-unknown-linux-gnu,gimli,0.33.0,leb128::tests::test_read_signed,full,success,0.10806047333333334,,,,
aarch64-unknown-linux-gnu,gimli,0.33.0,leb128::tests::test_read_signed_63_bits,full,success,0.10661013000000001,,,,
aarch64-unknown-linux-gnu,gimli,0.33.0,leb128::tests::test_read_signed_not_enough_data,full,success,0.106800977,,,,
aarch64-unknown-linux-gnu,gimli,0.33.0,leb128::tests::test_read_signed_overflow,full,success,0.10733310600000001,,,,
aarch64-unknown-linux-gnu,gimli,0.33.0,leb128::tests::test_read_u16,full,success,0.10794525933333333,,,,
aarch64-unknown-linux-gnu,gimli,0.33.0,leb128::tests::test_read_unsigned,full,success,0.10784269800000001,,,,
aarch64-unknown-linux-gnu,gimli,0.33.0,leb128::tests::test_read_unsigned_invalid,full,success,0.10717659033333334,,,,
aarch64-unknown-linux-gnu,gimli,0.33.0,leb128::tests::test_read_unsigned_not_enough_data,full,success,0.10699906599999999,,,,
aarch64-unknown-linux-gnu,gimli,0.33.0,leb128::tests::test_read_unsigned_overflow,full,success,0.10688171033333334,,,,
aarch64-unknown-linux-gnu,gimli,0.33.0,leb128::tests::test_write_signed_not_enough_space,full,success,0.10649420933333335,,,,
aarch64-unknown-linux-gnu,gimli,0.33.0,leb128::tests::test_write_unsigned_not_enough_space,full,success,0.10632673200000002,,,,
aarch64-unknown-linux-gnu,gimli,0.33.0,read::abbrev::tests::test_abbreviations_insert,full,success,0.114797375,,,,
aarch64-unknown-linux-gnu,gimli,0.33.0,read::abbrev::tests::test_debug_abbrev_ok,full,success,0.11274489233333335,,,,
aarch64-unknown-linux-gnu,gimli,0.33.0,read::abbrev::tests::test_get_abbrev_zero,full,success,0.10737642500000001,,,,
aarch64-unknown-linux-gnu,gimli,0.33.0,read::abbrev::tests::test_parse_abbreviation_has_children,full,success,0.10597050933333334,,,,
aarch64-unknown-linux-gnu,gimli,0.33.0,read::abbrev::tests::test_parse_abbreviation_implicit_const_no_const,full,success,0.10925907666666666,,,,
aarch64-unknown-linux-gnu,gimli,0.33.0,read::abbrev::tests::test_parse_abbreviation_implicit_const_ok,full,success,0.10991104366666667,,,,
aarch64-unknown-linux-gnu,gimli,0.33.0,read::abbrev::tests::test_parse_abbreviation_ok,full,success,0.11107925133333335,,,,
aarch64-unknown-linux-gnu,gimli,0.33.0,read::abbrev::tests::test_parse_abbreviation_tag_ok,full,success,0.10827556866666667,,,,
aarch64-unknown-linux-gnu,gimli,0.33.0,read::abbrev::tests::test_parse_abbreviation_tag_zero,full,success,0.10831101666666666,,,,
aarch64-unknown-linux-gnu,gimli,0.33.0,read::abbrev::tests::test_parse_abbreviations_duplicate,full,success,0.11232526599999999,,,,
aarch64-unknown-linux-gnu,gimli,0.33.0,read::abbrev::tests::test_parse_abbreviations_ok,full,success,0.11353014400000001,,,,
aarch64-unknown-linux-gnu,gimli,0.33.0,read::abbrev::tests::test_parse_attribute_specifications_form_zero,full,success,0.10772000100000001,,,,
aarch64-unknown-linux-gnu,gimli,0.33.0,read::abbrev::tests::test_parse_attribute_specifications_name_zero,full,success,0.10688740866666667,,,,
aarch64-unknown-linux-gnu,gimli,0.33.0,read::abbrev::tests::test_parse_null_abbreviation_ok,full,success,0.10822331666666668,,,,
aarch64-unknown-linux-gnu,gimli,0.33.0,read::abbrev::tests::test_parse_null_attribute_specification_ok,full,success,0.10757010066666667,,,,
aarch64-unknown-linux-gnu,gimli,0.33.0,read::addr::tests::test_get_address,full,success,0.15047945800000004,,,,
aarch64-unknown-linux-gnu,gimli,0.33.0,read::addr::tests::test_iterator,full,success,0.12136751900000002,,,,
aarch64-unknown-linux-gnu,gimli,0.33.0,read::aranges::tests::test_iterate_headers,full,success,0.10903645500000002,,,,
aarch64-unknown-linux-gnu,gimli,0.33.0,read::aranges::tests::test_parse_entry_ok,full,success,0.10682707833333333,,,,
aarch64-unknown-linux-gnu,gimli,0.33.0,read::aranges::tests::test_parse_entry_overflow_32,full,success,0.10804409166666668,,,,
aarch64-unknown-linux-gnu,gimli,0.33.0,read::aranges::tests::test_parse_entry_overflow_64,full,success,0.10781317000000001,,,,
aarch64-unknown-linux-gnu,gimli,0.33.0,read::aranges::tests::test_parse_entry_tombstone_32,full,success,0.10837257533333333,,,,
aarch64-unknown-linux-gnu,gimli,0.33.0,read::aranges::tests::test_parse_entry_tombstone_64,full,success,0.10780944733333335,,,,
aarch64-unknown-linux-gnu,gimli,0.33.0,read::aranges::tests::test_parse_entry_zero,full,success,0.10807020733333333,,,,
aarch64-unknown-linux-gnu,gimli,0.33.0,read::aranges::tests::test_parse_header_div_by_zero_error,full,success,0.10727049933333332,,,,
aarch64-unknown-linux-gnu,gimli,0.33.0,read::aranges::tests::test_parse_header_ok,full,success,0.10931368566666667,,,,
aarch64-unknown-linux-gnu,gimli,0.33.0,read::aranges::tests::test_parse_header_overflow_error,full,success,0.10722145400000001,,,,
aarch64-unknown-linux-gnu,gimli,0.33.0,read::cfi::tests::iter_register_rules,full,success,0.10796605666666668,,,,
aarch64-unknown-linux-gnu,gimli,0.33.0,read::cfi::tests::register_rule_map_eq,full,success,0.11119108200000001,,,,
aarch64-unknown-linux-gnu,gimli,0.33.0,read::cfi::tests::size_of_register_rule_map,full,success,0.10731101133333333,,,,
aarch64-unknown-linux-gnu,gimli,0.33.0,read::cfi::tests::size_of_unwind_ctx,full,success,0.10649113633333335,,,,
aarch64-unknown-linux-gnu,gimli,0.33.0,read::cfi::tests::test_augmentation_parse_L,full,success,0.10936777800000001,,,,
aarch64-unknown-linux-gnu,gimli,0.33.0,read::cfi::tests::test_augmentation_parse_P,full,success,0.11054552200000001,,,,
aarch64-unknown-linux-gnu,gimli,0.33.0,read::cfi::tests::test_augmentation_parse_R,full,success,0.109434145,,,,
aarch64-unknown-linux-gnu,gimli,0.33.0,read::cfi::tests::test_augmentation_parse_S,full,success,0.10878087433333335,,,,
aarch64-unknown-linux-gnu,gimli,0.33.0,read::cfi::tests::test_augmentation_parse_all,full,success,0.10935573366666668,,,,
aarch64-unknown-linux-gnu,gimli,0.33.0,read::cfi::tests::test_augmentation_parse_just_signal_trampoline,full,success,0.10640847333333335,,,,
aarch64-unknown-linux-gnu,gimli,0.33.0,read::cfi::tests::test_augmentation_parse_not_z_augmentation,full,success,0.10708132266666666,,,,
aarch64-unknown-linux-gnu,gimli,0.33.0,read::cfi::tests::test_augmentation_parse_unknown_part_of_z_augmentation,full,success,0.10781645866666667,,,,
aarch64-unknown-linux-gnu,gimli,0.33.0,read::cfi::tests::test_call_frame_instruction_iter_err,full,success,0.10805985033333333,,,,
aarch64-unknown-linux-gnu,gimli,0.33.0,read::cfi::tests::test_call_frame_instruction_iter_ok,full,success,0.11458922833333333,,,,
aarch64-unknown-linux-gnu,gimli,0.33.0,read::cfi::tests::test_cfi_entries_iter,full,success,0.14262953066666667,,,,
aarch64-unknown-linux-gnu,gimli,0.33.0,read::cfi::tests::test_debug_frame_skips_zero_length,full,success,0.11633873500000001,,,,
aarch64-unknown-linux-gnu,gimli,0.33.0,read::cfi::tests::test_eh_frame_cie_personality_function_relative_bad_context,full,success,0.11842290800000001,,,,
aarch64-unknown-linux-gnu,gimli,0.33.0,read::cfi::tests::test_eh_frame_fde_empty_augmentation,full,success,0.11388525866666667,,,,
aarch64-unknown-linux-gnu,gimli,0.33.0,read::cfi::tests::test_eh_frame_fde_for_address_good,full,success,0.147641096,,,,
aarch64-unknown-linux-gnu,gimli,0.33.0,read::cfi::tests::test_eh_frame_fde_lsda_augmentation,full,success,0.11498003500000002,,,,
aarch64-unknown-linux-gnu,gimli,0.33.0,read::cfi::tests::test_eh_frame_fde_lsda_function_relative,full,success,0.11543792666666668,,,,
aarch64-unknown-linux-gnu,gimli,0.33.0,read::cfi::tests::test_eh_frame_fde_no_augmentation,full,success,0.11342168500000001,,,,
aarch64-unknown-linux-gnu,gimli,0.33.0,read::cfi::tests::test_eh_frame_fde_ok,full,success,0.12320994266666667,,,,
aarch64-unknown-linux-gnu,gimli,0.33.0,read::cfi::tests::test_eh_frame_fde_out_of_bounds,full,success,0.121002265,,,,
aarch64-unknown-linux-gnu,gimli,0.33.0,read::cfi::tests::test_eh_frame_hdr_good,full,success,0.11412169233333332,,,,
aarch64-unknown-linux-gnu,gimli,0.33.0,read::cfi::tests::test_eh_frame_hdr_indirect_length,full,success,0.10922295466666666,,,,
aarch64-unknown-linux-gnu,gimli,0.33.0,read::cfi::tests::test_eh_frame_hdr_indirect_ptrs,full,success,0.11013845833333334,,,,
aarch64-unknown-linux-gnu,gimli,0.33.0,read::cfi::tests::test_eh_frame_hdr_omit_count,full,success,0.10884628733333335,,,,
aarch64-unknown-linux-gnu,gimli,0.33.0,read::cfi::tests::test_eh_frame_hdr_omit_ehptr,full,success,0.109782648,,,,
aarch64-unknown-linux-gnu,gimli,0.33.0,read::cfi::tests::test_eh_frame_hdr_omit_table,full,success,0.10995129600000002,,,,
aarch64-unknown-linux-gnu,gimli,0.33.0,read::cfi::tests::test_eh_frame_hdr_unknown_version,full,success,0.10845234400000002,,,,
aarch64-unknown-linux-gnu,gimli,0.33.0,read::cfi::tests::test_eh_frame_hdr_varlen_table,full,success,0.10983585833333333,,,,
aarch64-unknown-linux-gnu,gimli,0.33.0,read::cfi::tests::test_eh_frame_resolve_cie_offset_ok,full,success,0.11461610966666667,,,,
aarch64-unknown-linux-gnu,gimli,0.33.0,read::cfi::tests::test_eh_frame_resolve_cie_offset_out_of_bounds,full,success,0.11445242366666668,,,,
aarch64-unknown-linux-gnu,gimli,0.33.0,read::cfi::tests::test_eh_frame_resolve_cie_offset_underflow,full,success,0.11378475,,,,
aarch64-unknown-linux-gnu,gimli,0.33.0,read::cfi::tests::test_eh_frame_stops_at_zero_length,full,success,0.11518567433333333,,,,
aarch64-unknown-linux-gnu,gimli,0.33.0,read::cfi::tests::test_eval_advance_loc,full,success,0.11927872266666667,,,,
aarch64-unknown-linux-gnu,gimli,0.33.0,read::cfi::tests::test_eval_advance_loc_overflow_32,full,success,0.10964222466666668,,,,
aarch64-unknown-linux-gnu,gimli,0.33.0,read::cfi::tests::test_eval_advance_loc_overflow_64,full,success,0.10918971166666668,,,,
aarch64-unknown-linux-gnu,gimli,0.33.0,read::cfi::tests::test_eval_def_cfa,full,success,0.10982227500000001,,,,
aarch64-unknown-linux-gnu,gimli,0.33.0,read::cfi::tests::test_eval_def_cfa_expression,full,success,0.10975452200000002,,,,
aarch64-unknown-linux-gnu,gimli,0.33.0,read::cfi::tests::test_eval_def_cfa_offset,full,success,0.11080989466666669,,,,
aarch64-unknown-linux-gnu,gimli,0.33.0,read::cfi::tests::test_eval_def_cfa_offset_invalid_context,full,success,0.109339719,,,,
aarch64-unknown-linux-gnu,gimli,0.33.0,read::cfi::tests::test_eval_def_cfa_register,full,success,0.11004743166666668,,,,
aarch64-unknown-linux-gnu,gimli,0.33.0,read::cfi::tests::test_eval_def_cfa_register_invalid_context,full,success,0.10917425133333335,,,,
aarch64-unknown-linux-gnu,gimli,0.33.0,read::cfi::tests::test_eval_def_cfa_sf,full,success,0.10924229233333334,,,,
aarch64-unknown-linux-gnu,gimli,0.33.0,read::cfi::tests::test_eval_expression,full,success,0.11092095166666667,,,,
aarch64-unknown-linux-gnu,gimli,0.33.0,read::cfi::tests::test_eval_negate_ra_state,full,success,0.12127147833333335,,,,
aarch64-unknown-linux-gnu,gimli,0.33.0,read::cfi::tests::test_eval_nop,full,success,0.10940361333333333,,,,
aarch64-unknown-linux-gnu,gimli,0.33.0,read::cfi::tests::test_eval_offset,full,success,0.11158284933333334,,,,
aarch64-unknown-linux-gnu,gimli,0.33.0,read::cfi::tests::test_eval_offset_extended_sf,full,success,0.11125615800000001,,,,
aarch64-unknown-linux-gnu,gimli,0.33.0,read::cfi::tests::test_eval_remember_state,full,success,0.11140970066666667,,,,
aarch64-unknown-linux-gnu,gimli,0.33.0,read::cfi::tests::test_eval_restore,full,success,0.11327765733333334,,,,
aarch64-unknown-linux-gnu,gimli,0.33.0,read::cfi::tests::test_eval_restore_havent_saved_initial_context,full,success,0.11043935966666667,,,,
aarch64-unknown-linux-gnu,gimli,0.33.0,read::cfi::tests::test_eval_restore_state,full,success,0.11378011700000001,,,,
aarch64-unknown-linux-gnu,gimli,0.33.0,read::cfi::tests::test_eval_same_value,full,success,0.11142634733333334,,,,
aarch64-unknown-linux-gnu,gimli,0.33.0,read::cfi::tests::test_eval_set_loc,full,success,0.11008950466666667,,,,
aarch64-unknown-linux-gnu,gimli,0.33.0,read::cfi::tests::test_eval_set_loc_backwards,full,success,0.11084504066666667,,,,
aarch64-unknown-linux-gnu,gimli,0.33.0,read::cfi::tests::test_eval_undefined,full,success,0.11318605366666667,,,,
aarch64-unknown-linux-gnu,gimli,0.33.0,read::cfi::tests::test_eval_val_expression,full,success,0.11169043966666668,,,,
aarch64-unknown-linux-gnu,gimli,0.33.0,read::cfi::tests::test_eval_val_offset,full,success,0.11236558666666667,,,,
aarch64-unknown-linux-gnu,gimli,0.33.0,read::cfi::tests::test_eval_val_offset_sf,full,success,0.11192407566666668,,,,
aarch64-unknown-linux-gnu,gimli,0.33.0,read::cfi::tests::test_parse_cfi_entry_on_cie_32_ok,full,success,0.11610384966666669,,,,
aarch64-unknown-linux-gnu,gimli,0.33.0,read::cfi::tests::test_parse_cfi_entry_on_fde_32_ok,full,success,0.11494932633333334,,,,
aarch64-unknown-linux-gnu,gimli,0.33.0,read::cfi::tests::test_parse_cfi_instruction_advance_loc,full,success,0.10939684233333334,,,,
aarch64-unknown-linux-gnu,gimli,0.33.0,read::cfi::tests::test_parse_cfi_instruction_advance_loc1,full,success,0.10883873533333334,,,,
aarch64-unknown-linux-gnu,gimli,0.33.0,read::cfi::tests::test_parse_cfi_instruction_advance_loc2,full,success,0.10960369066666668,,,,
aarch64-unknown-linux-gnu,gimli,0.33.0,read::cfi::tests::test_parse_cfi_instruction_advance_loc4,full,success,0.10882140033333336,,,,
aarch64-unknown-linux-gnu,gimli,0.33.0,read::cfi::tests::test_parse_cfi_instruction_def_cfa,full,success,0.110243249,,,,
aarch64-unknown-linux-gnu,gimli,0.33.0,read::cfi::tests::test_parse_cfi_instruction_def_cfa_expression,full,success,0.11508086466666667,,,,
aarch64-unknown-linux-gnu,gimli,0.33.0,read::cfi::tests::test_parse_cfi_instruction_def_cfa_offset,full,success,0.10935759433333335,,,,
aarch64-unknown-linux-gnu,gimli,0.33.0,read::cfi::tests::test_parse_cfi_instruction_def_cfa_offset_sf,full,success,0.10854408700000001,,,,
aarch64-unknown-linux-gnu,gimli,0.33.0,read::cfi::tests::test_parse_cfi_instruction_def_cfa_register,full,success,0.10885895033333333,,,,
aarch64-unknown-linux-gnu,gimli,0.33.0,read::cfi::tests::test_parse_cfi_instruction_def_cfa_sf,full,success,0.10900337866666666,,,,
aarch64-unknown-linux-gnu,gimli,0.33.0,read::cfi::tests::test_parse_cfi_instruction_expression,full,success,0.11366041633333335,,,,
aarch64-unknown-linux-gnu,gimli,0.33.0,read::cfi::tests::test_parse_cfi_instruction_negate_ra_state,full,success,0.108662615,,,,
aarch64-unknown-linux-gnu,gimli,0.33.0,read::cfi::tests::test_parse_cfi_instruction_nop,full,success,0.10722206933333334,,,,
aarch64-unknown-linux-gnu,gimli,0.33.0,read::cfi::tests::test_parse_cfi_instruction_offset,full,success,0.10841018566666667,,,,
aarch64-unknown-linux-gnu,gimli,0.33.0,read::cfi::tests::test_parse_cfi_instruction_offset_extended,full,success,0.10874976166666667,,,,
aarch64-unknown-linux-gnu,gimli,0.33.0,read::cfi::tests::test_parse_cfi_instruction_offset_extended_sf,full,success,0.10857371166666667,,,,
aarch64-unknown-linux-gnu,gimli,0.33.0,read::cfi::tests::test_parse_cfi_instruction_register,full,success,0.10767248466666667,,,,
aarch64-unknown-linux-gnu,gimli,0.33.0,read::cfi::tests::test_parse_cfi_instruction_remember_state,full,success,0.108547905,,,,
aarch64-unknown-linux-gnu,gimli,0.33.0,read::cfi::tests::test_parse_cfi_instruction_restore,full,success,0.10823341233333333,,,,
aarch64-unknown-linux-gnu,gimli,0.33.0,read::cfi::tests::test_parse_cfi_instruction_restore_extended,full,success,0.10804179533333334,,,,
aarch64-unknown-linux-gnu,gimli,0.33.0,read::cfi::tests::test_parse_cfi_instruction_restore_state,full,success,0.10827518333333334,,,,
aarch64-unknown-linux-gnu,gimli,0.33.0,read::cfi::tests::test_parse_cfi_instruction_same_value,full,success,0.10904404533333334,,,,
aarch64-unknown-linux-gnu,gimli,0.33.0,read::cfi::tests::test_parse_cfi_instruction_set_loc,full,success,0.10925101100000001,,,,
aarch64-unknown-linux-gnu,gimli,0.33.0,read::cfi::tests::test_parse_cfi_instruction_set_loc_encoding,full,success,0.10886467200000001,,,,
aarch64-unknown-linux-gnu,gimli,0.33.0,read::cfi::tests::test_parse_cfi_instruction_undefined,full,success,0.10787416033333334,,,,
aarch64-unknown-linux-gnu,gimli,0.33.0,read::cfi::tests::test_parse_cfi_instruction_unknown_instruction,full,success,0.10888627866666667,,,,
aarch64-unknown-linux-gnu,gimli,0.33.0,read::cfi::tests::test_parse_cfi_instruction_val_expression,full,success,0.11341608766666667,,,,
aarch64-unknown-linux-gnu,gimli,0.33.0,read::cfi::tests::test_parse_cfi_instruction_val_offset,full,success,0.10931141966666667,,,,
aarch64-unknown-linux-gnu,gimli,0.33.0,read::cfi::tests::test_parse_cfi_instruction_val_offset_sf,full,success,0.109343615,,,,
aarch64-unknown-linux-gnu,gimli,0.33.0,read::cfi::tests::test_parse_cie_32_bad_version,full,success,0.11357460300000001,,,,
aarch64-unknown-linux-gnu,gimli,0.33.0,read::cfi::tests::test_parse_cie_32_ok,full,success,0.137691475,,,,
aarch64-unknown-linux-gnu,gimli,0.33.0,read::cfi::tests::test_parse_cie_64_ok,full,success,0.140270464,,,,
aarch64-unknown-linux-gnu,gimli,0.33.0,read::cfi::tests::test_parse_cie_bad_id_32,full,success,0.10793779466666668,,,,
aarch64-unknown-linux-gnu,gimli,0.33.0,read::cfi::tests::test_parse_cie_from_offset,full,success,0.11748015100000002,,,,
aarch64-unknown-linux-gnu,gimli,0.33.0,read::cfi::tests::test_parse_cie_incomplete_id_32,full,success,0.10894280699999999,,,,
aarch64-unknown-linux-gnu,gimli,0.33.0,read::cfi::tests::test_parse_cie_incomplete_length_32,full,success,0.10924880233333334,,,,
aarch64-unknown-linux-gnu,gimli,0.33.0,read::cfi::tests::test_parse_cie_incomplete_length_64,full,success,0.10797621366666667,,,,
aarch64-unknown-linux-gnu,gimli,0.33.0,read::cfi::tests::test_parse_cie_length_too_big,full,success,0.11410812600000002,,,,
aarch64-unknown-linux-gnu,gimli,0.33.0,read::cfi::tests::test_parse_cie_unknown_augmentation,full,success,0.11528489933333334,,,,
aarch64-unknown-linux-gnu,gimli,0.33.0,read::cfi::tests::test_parse_encoded_pointer_absptr,full,success,0.10888263133333333,,,,
aarch64-unknown-linux-gnu,gimli,0.33.0,read::cfi::tests::test_parse_encoded_pointer_aligned,full,success,0.10843081866666666,,,,
aarch64-unknown-linux-gnu,gimli,0.33.0,read::cfi::tests::test_parse_encoded_pointer_bad_encoding,full,success,0.10845529733333335,,,,
aarch64-unknown-linux-gnu,gimli,0.33.0,read::cfi::tests::test_parse_encoded_pointer_datarel,full,success,0.10898061366666667,,,,
aarch64-unknown-linux-gnu,gimli,0.33.0,read::cfi::tests::test_parse_encoded_pointer_datarel_undefined,full,success,0.10906679000000001,,,,
aarch64-unknown-linux-gnu,gimli,0.33.0,read::cfi::tests::test_parse_encoded_pointer_funcrel,full,success,0.10876882733333333,,,,
aarch64-unknown-linux-gnu,gimli,0.33.0,read::cfi::tests::test_parse_encoded_pointer_funcrel_undefined,full,success,0.10846795766666667,,,,
aarch64-unknown-linux-gnu,gimli,0.33.0,read::cfi::tests::test_parse_encoded_pointer_indirect,full,success,0.10865227133333333,,,,
aarch64-unknown-linux-gnu,gimli,0.33.0,read::cfi::tests::test_parse_encoded_pointer_omit,full,success,0.10898784800000001,,,,
aarch64-unknown-linux-gnu,gimli,0.33.0,read::cfi::tests::test_parse_encoded_pointer_pcrel,full,success,0.11042389000000001,,,,
aarch64-unknown-linux-gnu,gimli,0.33.0,read::cfi::tests::test_parse_encoded_pointer_pcrel_undefined,full,success,0.10736856633333336,,,,
aarch64-unknown-linux-gnu,gimli,0.33.0,read::cfi::tests::test_parse_encoded_pointer_sdata2,full,success,0.10890133066666667,,,,
aarch64-unknown-linux-gnu,gimli,0.33.0,read::cfi::tests::test_parse_encoded_pointer_sdata4,full,success,0.10809833733333334,,,,
aarch64-unknown-linux-gnu,gimli,0.33.0,read::cfi::tests::test_parse_encoded_pointer_sdata8,full,success,0.10870976366666667,,,,
aarch64-unknown-linux-gnu,gimli,0.33.0,read::cfi::tests::test_parse_encoded_pointer_sleb128,full,success,0.108333944,,,,
aarch64-unknown-linux-gnu,gimli,0.33.0,read::cfi::tests::test_parse_encoded_pointer_textrel,full,success,0.10909747866666668,,,,
aarch64-unknown-linux-gnu,gimli,0.33.0,read::cfi::tests::test_parse_encoded_pointer_textrel_undefined,full,success,0.10808421833333333,,,,
aarch64-unknown-linux-gnu,gimli,0.33.0,read::cfi::tests::test_parse_encoded_pointer_udata2,full,success,0.10902326200000001,,,,
aarch64-unknown-linux-gnu,gimli,0.33.0,read::cfi::tests::test_parse_encoded_pointer_udata4,full,success,0.10762149766666666,,,,
aarch64-unknown-linux-gnu,gimli,0.33.0,read::cfi::tests::test_parse_encoded_pointer_udata8,full,success,0.10870994266666667,,,,
aarch64-unknown-linux-gnu,gimli,0.33.0,read::cfi::tests::test_parse_encoded_pointer_uleb128,full,success,0.10897771700000002,,,,
aarch64-unknown-linux-gnu,gimli,0.33.0,read::cfi::tests::test_parse_fde_32_ok,full,success,0.11398873166666668,,,,
aarch64-unknown-linux-gnu,gimli,0.33.0,read::cfi::tests::test_parse_fde_64_ok,full,success,0.11592015233333335,,,,
aarch64-unknown-linux-gnu,gimli,0.33.0,read::cfi::tests::test_parse_fde_incomplete_cie_pointer_32,full,success,0.10897626366666667,,,,
aarch64-unknown-linux-gnu,gimli,0.33.0,read::cfi::tests::test_parse_fde_incomplete_length_32,full,success,0.10846794933333333,,,,
aarch64-unknown-linux-gnu,gimli,0.33.0,read::cfi::tests::test_parse_fde_incomplete_length_64,full,success,0.10873113400000001,,,,
aarch64-unknown-linux-gnu,gimli,0.33.0,read::cfi::tests::test_parse_pointer_encoding_bad_encoding,full,success,0.10775749966666669,,,,
aarch64-unknown-linux-gnu,gimli,0.33.0,read::cfi::tests::test_parse_pointer_encoding_ok,full,success,0.10759619466666666,,,,
aarch64-unknown-linux-gnu,gimli,0.33.0,read::cfi::tests::test_unwind_context_reuse,full,success,0.10852307133333333,,,,
aarch64-unknown-linux-gnu,gimli,0.33.0,read::cfi::tests::test_unwind_info_for_address_not_found,full,success,0.10724804166666668,,,,
aarch64-unknown-linux-gnu,gimli,0.33.0,read::cfi::tests::test_unwind_info_for_address_ok,full,test_failed,,error: Undefined Behavior: trying to access an allocation that has been freed.,src/read/reader.rs:379:9,https://github.com/BorrowSanitizer/bsan/actions/runs/37150704742/job/111284724694,"error: Undefined Behavior: trying to access an allocation that has been freed.
   --> /tmp/tmpxeq4ibun/gimli-0.33.0/src/read/reader.rs:379:9
    |
379 | self.read_slice(<A as AsMut<[u8]>>::as_mut(&mut val))?;
    | ^
     = note: the above line calls library code, where the error was detected:
    --> /root/.rustup/toolchains/bsan/lib/rustlib/src/rust/library/core/src/result.rs:2177:22
     |
2177 | Ok(v) => ControlFlow::Continue(v),
     |          ^

stack backtrace:
0: <core::result::Result<(), gimli::read::Error> as core::ops::try_trait::Try>::branch
      at /root/.rustup/toolchains/bsan/lib/rustlib/src/rust/library/core/src/result.rs:2177:22
1: <gimli::read::endian_slice::EndianSlice<gimli::endianity::BigEndian> as gimli::read::reader::Reader>::read_u8_array::<[u8; 1]>
      at /tmp/tmpxeq4ibun/gimli-0.33.0/src/read/reader.rs:379:9
2: <gimli::read::endian_slice::EndianSlice<gimli::endianity::BigEndian> as gimli::read::reader::Reader>::read_u8
      at /tmp/tmpxeq4ibun/gimli-0.33.0/src/read/reader.rs:392:31

note: stack trace was truncated after 3 frames; set stacktrace_max_len (e.g. BSAN_OPTIONS=stacktrace_max_len=32) to capture more."
aarch64-unknown-linux-gnu,gimli,0.33.0,read::cfi::tests::test_unwind_table_cie_invalid_rule,full,success,0.11668792400000001,,,,
aarch64-unknown-linux-gnu,gimli,0.33.0,read::cfi::tests::test_unwind_table_cie_no_rule,full,success,0.11531972600000001,,,,
aarch64-unknown-linux-gnu,gimli,0.33.0,read::cfi::tests::test_unwind_table_cie_single_rule,full,success,0.11816209100000001,,,,
aarch64-unknown-linux-gnu,gimli,0.33.0,read::cfi::tests::test_unwind_table_next_row,full,success,0.14694628066666668,,,,
aarch64-unknown-linux-gnu,gimli,0.33.0,read::dwarf::tests::test_dwarf_unit_variance,full,success,0.10738399900000001,,,,
aarch64-unknown-linux-gnu,gimli,0.33.0,read::dwarf::tests::test_dwarf_variance,full,success,0.10699293633333334,,,,
aarch64-unknown-linux-gnu,gimli,0.33.0,read::dwarf::tests::test_format_error,full,success,0.11551685666666668,,,,
aarch64-unknown-linux-gnu,gimli,0.33.0,read::dwarf::tests::test_send,full,success,0.10774216266666668,,,,
aarch64-unknown-linux-gnu,gimli,0.33.0,read::endian_reader::tests::bytes_and_len_and_range_and_eq,full,success,0.10871964900000002,,,,
aarch64-unknown-linux-gnu,gimli,0.33.0,read::endian_reader::tests::empty,full,success,0.10684620466666668,,,,
aarch64-unknown-linux-gnu,gimli,0.33.0,read::endian_reader::tests::endian,full,success,0.106982146,,,,
aarch64-unknown-linux-gnu,gimli,0.33.0,read::endian_reader::tests::find,full,success,0.10596028600000001,,,,
aarch64-unknown-linux-gnu,gimli,0.33.0,read::endian_reader::tests::indexing,full,success,0.107916947,,,,
aarch64-unknown-linux-gnu,gimli,0.33.0,read::endian_reader::tests::indexing_out_of_bounds,full,success,0.11176542466666667,,,,
aarch64-unknown-linux-gnu,gimli,0.33.0,read::endian_reader::tests::offset_from,full,success,0.10726718933333335,,,,
aarch64-unknown-linux-gnu,gimli,0.33.0,read::endian_reader::tests::read_u8_array,full,success,0.10671756433333335,,,,
aarch64-unknown-linux-gnu,gimli,0.33.0,read::endian_reader::tests::skip,full,success,0.10672319333333334,,,,
aarch64-unknown-linux-gnu,gimli,0.33.0,read::endian_reader::tests::test_reader_split,full,success,0.10623105066666667,,,,
aarch64-unknown-linux-gnu,gimli,0.33.0,read::endian_reader::tests::test_reader_split_out_of_bounds,full,success,0.10758322066666669,,,,
aarch64-unknown-linux-gnu,gimli,0.33.0,read::endian_reader::tests::to_slice,full,success,0.10779438633333334,,,,
aarch64-unknown-linux-gnu,gimli,0.33.0,read::endian_reader::tests::to_string_err,full,success,0.106701155,,,,
aarch64-unknown-linux-gnu,gimli,0.33.0,read::endian_reader::tests::to_string_lossy,full,success,0.10722508000000001,,,,
aarch64-unknown-linux-gnu,gimli,0.33.0,read::endian_reader::tests::to_string_ok,full,success,0.10695478466666668,,,,
aarch64-unknown-linux-gnu,gimli,0.33.0,read::endian_reader::tests::truncate,full,success,0.10726718566666667,,,,
aarch64-unknown-linux-gnu,gimli,0.33.0,read::endian_slice::tests::test_endian_slice_split_at,full,success,0.10727128833333334,,,,
aarch64-unknown-linux-gnu,gimli,0.33.0,read::endian_slice::tests::test_endian_slice_split_at_out_of_bounds,full,success,0.11328183366666666,,,,
aarch64-unknown-linux-gnu,gimli,0.33.0,read::index::tests::test_cu_index,full,success,0.10929964366666667,,,,
aarch64-unknown-linux-gnu,gimli,0.33.0,read::index::tests::test_empty,full,success,0.10732293833333334,,,,
aarch64-unknown-linux-gnu,gimli,0.33.0,read::index::tests::test_hash,full,success,0.11569563766666668,,,,
aarch64-unknown-linux-gnu,gimli,0.33.0,read::index::tests::test_tu_index,full,success,0.11030964033333333,,,,
aarch64-unknown-linux-gnu,gimli,0.33.0,read::index::tests::test_version_2,full,success,0.109268739,,,,
aarch64-unknown-linux-gnu,gimli,0.33.0,read::index::tests::test_version_2_sections,full,success,0.11748948200000002,,,,
aarch64-unknown-linux-gnu,gimli,0.33.0,read::index::tests::test_version_5,full,success,0.109600759,,,,
aarch64-unknown-linux-gnu,gimli,0.33.0,read::index::tests::test_version_5_invalid,full,success,0.10929694533333334,,,,
aarch64-unknown-linux-gnu,gimli,0.33.0,read::index::tests::test_version_5_sections,full,success,0.11588572733333334,,,,
aarch64-unknown-linux-gnu,gimli,0.33.0,read::index::tests::test_zero_slots,full,success,0.11007140433333334,,,,
aarch64-unknown-linux-gnu,gimli,0.33.0,read::line::tests::test_exec_advance_line,full,success,0.107916715,,,,
aarch64-unknown-linux-gnu,gimli,0.33.0,read::line::tests::test_exec_advance_line_overflow,full,success,0.10731320300000001,,,,
aarch64-unknown-linux-gnu,gimli,0.33.0,read::line::tests::test_exec_advance_pc,full,success,0.10765342733333334,,,,
aarch64-unknown-linux-gnu,gimli,0.33.0,read::line::tests::test_exec_advance_pc_overflow_32,full,success,0.10698296966666669,,,,
aarch64-unknown-linux-gnu,gimli,0.33.0,read::line::tests::test_exec_advance_pc_overflow_64,full,success,0.10785952666666666,,,,
aarch64-unknown-linux-gnu,gimli,0.33.0,read::line::tests::test_exec_const_add_pc,full,success,0.10749895100000001,,,,
aarch64-unknown-linux-gnu,gimli,0.33.0,read::line::tests::test_exec_const_add_pc_overflow,full,success,0.107202324,,,,
aarch64-unknown-linux-gnu,gimli,0.33.0,read::line::tests::test_exec_copy,full,success,0.10724349733333334,,,,
aarch64-unknown-linux-gnu,gimli,0.33.0,read::line::tests::test_exec_define_file,full,success,0.108573253,,,,
aarch64-unknown-linux-gnu,gimli,0.33.0,read::line::tests::test_exec_end_sequence,full,success,0.10701400766666667,,,,
aarch64-unknown-linux-gnu,gimli,0.33.0,read::line::tests::test_exec_fixed_add_pc,full,success,0.10789560666666669,,,,
aarch64-unknown-linux-gnu,gimli,0.33.0,read::line::tests::test_exec_fixed_add_pc_overflow,full,success,0.10785658800000002,,,,
aarch64-unknown-linux-gnu,gimli,0.33.0,read::line::tests::test_exec_negate_statement,full,success,0.10835589833333333,,,,
aarch64-unknown-linux-gnu,gimli,0.33.0,read::line::tests::test_exec_set_address,full,success,0.10781253933333335,,,,
aarch64-unknown-linux-gnu,gimli,0.33.0,read::line::tests::test_exec_set_address_backwards,full,success,0.10802070566666666,,,,
aarch64-unknown-linux-gnu,gimli,0.33.0,read::line::tests::test_exec_set_address_tombstone,full,success,0.10813216033333334,,,,
aarch64-unknown-linux-gnu,gimli,0.33.0,read::line::tests::test_exec_set_basic_block,full,success,0.10882068333333333,,,,
aarch64-unknown-linux-gnu,gimli,0.33.0,read::line::tests::test_exec_set_column,full,success,0.10899229433333334,,,,
aarch64-unknown-linux-gnu,gimli,0.33.0,read::line::tests::test_exec_set_discriminator,full,success,0.10863070566666667,,,,
aarch64-unknown-linux-gnu,gimli,0.33.0,read::line::tests::test_exec_set_file_in_bounds,full,success,0.10975712733333333,,,,
aarch64-unknown-linux-gnu,gimli,0.33.0,read::line::tests::test_exec_set_file_out_of_bounds,full,success,0.10940207466666667,,,,
aarch64-unknown-linux-gnu,gimli,0.33.0,read::line::tests::test_exec_set_isa,full,success,0.11009304233333334,,,,
aarch64-unknown-linux-gnu,gimli,0.33.0,read::line::tests::test_exec_set_prologue_end,full,success,0.10814698300000002,,,,
aarch64-unknown-linux-gnu,gimli,0.33.0,read::line::tests::test_exec_special_line_underflow,full,success,0.10899674733333332,,,,
aarch64-unknown-linux-gnu,gimli,0.33.0,read::line::tests::test_exec_special_negative_line_advance,full,success,0.11019845733333335,,,,
aarch64-unknown-linux-gnu,gimli,0.33.0,read::line::tests::test_exec_special_noop,full,success,0.10827223200000001,,,,
aarch64-unknown-linux-gnu,gimli,0.33.0,read::line::tests::test_exec_special_positive_address_advance,full,success,0.10794951533333334,,,,
aarch64-unknown-linux-gnu,gimli,0.33.0,read::line::tests::test_exec_special_positive_address_and_line_advance,full,success,0.10738574166666666,,,,
aarch64-unknown-linux-gnu,gimli,0.33.0,read::line::tests::test_exec_special_positive_address_and_negative_line_advance,full,success,0.10728829466666667,,,,
aarch64-unknown-linux-gnu,gimli,0.33.0,read::line::tests::test_exec_special_positive_line_advance,full,success,0.10845244766666667,,,,
aarch64-unknown-linux-gnu,gimli,0.33.0,read::line::tests::test_exec_unknown_extended,full,success,0.10839318933333335,,,,
aarch64-unknown-linux-gnu,gimli,0.33.0,read::line::tests::test_exec_unknown_standard_0,full,success,0.10813682666666667,,,,
aarch64-unknown-linux-gnu,gimli,0.33.0,read::line::tests::test_exec_unknown_standard_1,full,success,0.108539887,,,,
aarch64-unknown-linux-gnu,gimli,0.33.0,read::line::tests::test_exec_unknown_standard_n,full,success,0.10942597700000001,,,,
aarch64-unknown-linux-gnu,gimli,0.33.0,read::line::tests::test_file_entry_directory,full,success,0.10891755766666668,,,,
aarch64-unknown-linux-gnu,gimli,0.33.0,read::line::tests::test_file_entry_file_index_in_bounds,full,success,0.10848141366666668,,,,
aarch64-unknown-linux-gnu,gimli,0.33.0,read::line::tests::test_file_entry_file_index_out_of_bounds,full,success,0.10815084400000001,,,,
aarch64-unknown-linux-gnu,gimli,0.33.0,read::line::tests::test_parse_debug_line_32_ok,full,success,0.11875451399999999,,,,
aarch64-unknown-linux-gnu,gimli,0.33.0,read::line::tests::test_parse_debug_line_header_length_too_short,full,success,0.112030629,,,,
aarch64-unknown-linux-gnu,gimli,0.33.0,read::line::tests::test_parse_debug_line_unit_length_too_short,full,success,0.1081936,,,,
aarch64-unknown-linux-gnu,gimli,0.33.0,read::line::tests::test_parse_debug_line_v5_ok,full,success,0.17299403400000002,,,,
aarch64-unknown-linux-gnu,gimli,0.33.0,read::line::tests::test_parse_extended_opcodes,full,success,0.11454378866666666,,,,
aarch64-unknown-linux-gnu,gimli,0.33.0,read::line::tests::test_parse_special_opcodes,full,success,0.17508979666666669,,,,
aarch64-unknown-linux-gnu,gimli,0.33.0,read::line::tests::test_parse_standard_opcodes,full,success,0.11512818200000001,,,,
aarch64-unknown-linux-gnu,gimli,0.33.0,read::line::tests::test_parse_unknown_standard_opcode_many_args,full,success,0.10903689300000001,,,,
aarch64-unknown-linux-gnu,gimli,0.33.0,read::line::tests::test_parse_unknown_standard_opcode_no_args,full,success,0.10953103900000001,,,,
aarch64-unknown-linux-gnu,gimli,0.33.0,read::line::tests::test_parse_unknown_standard_opcode_one_arg,full,success,0.10929355733333335,,,,
aarch64-unknown-linux-gnu,gimli,0.33.0,read::line::tests::test_sequences,full,success,0.1437460356666667,,,,
aarch64-unknown-linux-gnu,gimli,0.33.0,read::loclists::tests::test_get_offset,full,success,0.13100259233333336,,,,
aarch64-unknown-linux-gnu,gimli,0.33.0,read::loclists::tests::test_location_list,full,success,0.14689205100000002,,,,
aarch64-unknown-linux-gnu,gimli,0.33.0,read::loclists::tests::test_locations_invalid,full,success,0.11436050133333335,,,,
aarch64-unknown-linux-gnu,gimli,0.33.0,read::loclists::tests::test_loclists,full,success,0.3406599356666667,,,,
aarch64-unknown-linux-gnu,gimli,0.33.0,read::loclists::tests::test_loclists_gnu_v4_split_dwarf,full,success,0.10988862866666667,,,,
aarch64-unknown-linux-gnu,gimli,0.33.0,read::macros::tests::get_macros_1,full,success,0.16242795499999998,,,,
aarch64-unknown-linux-gnu,gimli,0.33.0,read::macros::tests::get_macros_2,full,success,0.14493827333333334,,,,
aarch64-unknown-linux-gnu,gimli,0.33.0,read::macros::tests::test_get_macinfo,full,success,0.11861216333333334,,,,
aarch64-unknown-linux-gnu,gimli,0.33.0,read::names::tests::test_debug_names,full,success,0.31129624866666666,,,,
aarch64-unknown-linux-gnu,gimli,0.33.0,read::names::tests::test_debug_names_abbrev_table_empty,full,success,0.10821013766666666,,,,
aarch64-unknown-linux-gnu,gimli,0.33.0,read::names::tests::test_debug_names_abbrev_table_invalid,full,success,0.11381077533333335,,,,
aarch64-unknown-linux-gnu,gimli,0.33.0,read::names::tests::test_debug_names_augmentation,full,success,0.167177592,,,,
aarch64-unknown-linux-gnu,gimli,0.33.0,read::names::tests::test_debug_names_invalid_version,full,success,0.12452049700000001,,,,
aarch64-unknown-linux-gnu,gimli,0.33.0,read::names::tests::test_debug_names_no_hash_table,full,success,0.15376975300000004,,,,
aarch64-unknown-linux-gnu,gimli,0.33.0,read::names::tests::test_debug_names_truncated,full,success,0.12411338833333334,,,,
aarch64-unknown-linux-gnu,gimli,0.33.0,read::op::tests::test_compute_pc,full,success,0.11068623333333334,,,,
aarch64-unknown-linux-gnu,gimli,0.33.0,read::op::tests::test_eval_arith,full,success,0.294472671,,,,
aarch64-unknown-linux-gnu,gimli,0.33.0,read::op::tests::test_eval_arith64,full,success,0.19150300166666667,,,,
aarch64-unknown-linux-gnu,gimli,0.33.0,read::op::tests::test_eval_call,full,success,0.17657819133333333,,,,
aarch64-unknown-linux-gnu,gimli,0.33.0,read::op::tests::test_eval_compare,full,success,0.17090607200000005,,,,
aarch64-unknown-linux-gnu,gimli,0.33.0,read::op::tests::test_eval_context,full,success,0.270684398,,,,
aarch64-unknown-linux-gnu,gimli,0.33.0,read::op::tests::test_eval_empty_stack,full,success,0.14106252033333333,,,,
aarch64-unknown-linux-gnu,gimli,0.33.0,read::op::tests::test_eval_lit_and_reg,full,success,0.27125635000000003,,,,
aarch64-unknown-linux-gnu,gimli,0.33.0,read::op::tests::test_eval_max_iterations,full,success,0.20681210566666666,,,,
aarch64-unknown-linux-gnu,gimli,0.33.0,read::op::tests::test_eval_memory,full,success,0.22696987266666668,,,,
aarch64-unknown-linux-gnu,gimli,0.33.0,read::op::tests::test_eval_pieces,full,success,0.36431962866666673,,,,
aarch64-unknown-linux-gnu,gimli,0.33.0,read::op::tests::test_eval_register,full,success,2.075657565333333,,,,
aarch64-unknown-linux-gnu,gimli,0.33.0,read::op::tests::test_eval_stack,full,success,0.151805787,,,,
aarch64-unknown-linux-gnu,gimli,0.33.0,read::op::tests::test_eval_typed_stack,full,success,0.3043492463333333,,,,
aarch64-unknown-linux-gnu,gimli,0.33.0,read::op::tests::test_op_convert,full,success,0.11319524466666668,,,,
aarch64-unknown-linux-gnu,gimli,0.33.0,read::op::tests::test_op_parse_bit_piece,full,success,0.21541059400000004,,,,
aarch64-unknown-linux-gnu,gimli,0.33.0,read::op::tests::test_op_parse_bregx,full,success,0.3012388716666667,,,,
aarch64-unknown-linux-gnu,gimli,0.33.0,read::op::tests::test_op_parse_const_type,full,success,0.12573112266666667,,,,
aarch64-unknown-linux-gnu,gimli,0.33.0,read::op::tests::test_op_parse_deref_type,full,success,0.11607501766666668,,,,
aarch64-unknown-linux-gnu,gimli,0.33.0,read::op::tests::test_op_parse_entry_value,full,success,0.11631315233333335,,,,
aarch64-unknown-linux-gnu,gimli,0.33.0,read::op::tests::test_op_parse_fivebyte,full,success,0.12264736166666668,,,,
aarch64-unknown-linux-gnu,gimli,0.33.0,read::op::tests::test_op_parse_gnu_parameter_ref,full,success,0.11198055033333333,,,,
aarch64-unknown-linux-gnu,gimli,0.33.0,read::op::tests::test_op_parse_implicit_pointer,full,success,0.1323743336666667,,,,
aarch64-unknown-linux-gnu,gimli,0.33.0,read::op::tests::test_op_parse_implicit_value,full,success,0.11346178233333333,,,,
aarch64-unknown-linux-gnu,gimli,0.33.0,read::op::tests::test_op_parse_ninebyte,full,success,0.12507087966666666,,,,
aarch64-unknown-linux-gnu,gimli,0.33.0,read::op::tests::test_op_parse_onebyte,full,success,0.22799739,,,,
aarch64-unknown-linux-gnu,gimli,0.33.0,read::op::tests::test_op_parse_regval_type,full,success,0.11399216633333335,,,,
aarch64-unknown-linux-gnu,gimli,0.33.0,read::op::tests::test_op_parse_sleb,full,success,1.295755173,,,,
aarch64-unknown-linux-gnu,gimli,0.33.0,read::op::tests::test_op_parse_threebyte,full,success,0.11971510433333334,,,,
aarch64-unknown-linux-gnu,gimli,0.33.0,read::op::tests::test_op_parse_twobyte,full,success,0.118651778,,,,
aarch64-unknown-linux-gnu,gimli,0.33.0,read::op::tests::test_op_parse_uleb,full,success,0.16789166933333335,,,,
aarch64-unknown-linux-gnu,gimli,0.33.0,read::op::tests::test_op_reinterpret,full,success,0.11329540766666668,,,,
aarch64-unknown-linux-gnu,gimli,0.33.0,read::op::tests::test_op_wasm,full,success,0.12098109366666666,,,,
aarch64-unknown-linux-gnu,gimli,0.33.0,read::reader::test::test_min_tombstone,full,success,0.11118938233333335,,,,
aarch64-unknown-linux-gnu,gimli,0.33.0,read::rnglists::tests::test_get_offset,full,success,0.13261516166666668,,,,
aarch64-unknown-linux-gnu,gimli,0.33.0,read::rnglists::tests::test_ranges,full,success,0.13862561400000004,,,,
aarch64-unknown-linux-gnu,gimli,0.33.0,read::rnglists::tests::test_ranges_invalid,full,success,0.11350874433333336,,,,
aarch64-unknown-linux-gnu,gimli,0.33.0,read::rnglists::tests::test_raw_range,full,success,0.11110969666666666,,,,
aarch64-unknown-linux-gnu,gimli,0.33.0,read::rnglists::tests::test_rnglists,full,success,0.25312298000000005,,,,
aarch64-unknown-linux-gnu,gimli,0.33.0,read::str::tests::test_get_str_offset,full,success,0.13243482066666667,,,,
aarch64-unknown-linux-gnu,gimli,0.33.0,read::tests::test_parse_initial_length_32_ok,full,success,0.11334651933333334,,,,
aarch64-unknown-linux-gnu,gimli,0.33.0,read::tests::test_parse_initial_length_64_incomplete,full,success,0.11220355933333333,,,,
aarch64-unknown-linux-gnu,gimli,0.33.0,read::tests::test_parse_initial_length_64_ok,full,success,0.11311713100000002,,,,
aarch64-unknown-linux-gnu,gimli,0.33.0,read::tests::test_parse_initial_length_incomplete,full,success,0.11171040466666667,,,,
aarch64-unknown-linux-gnu,gimli,0.33.0,read::tests::test_parse_initial_length_unknown_reserved_value,full,success,0.11149238833333334,,,,
aarch64-unknown-linux-gnu,gimli,0.33.0,read::tests::test_parse_offset_32,full,success,0.11179222133333334,,,,
aarch64-unknown-linux-gnu,gimli,0.33.0,read::tests::test_parse_offset_64_large,full,success,0.11256514633333332,,,,
aarch64-unknown-linux-gnu,gimli,0.33.0,read::tests::test_parse_offset_64_small,full,success,0.11252805833333335,,,,
aarch64-unknown-linux-gnu,gimli,0.33.0,read::unit::tests::test_attribute_udata_sdata_value,full,success,0.11204360800000002,,,,
aarch64-unknown-linux-gnu,gimli,0.33.0,read::unit::tests::test_attribute_value,full,success,0.11699271200000001,,,,
aarch64-unknown-linux-gnu,gimli,0.33.0,read::unit::tests::test_cursor_next_dfs,full,success,0.14482509500000004,,,,
aarch64-unknown-linux-gnu,gimli,0.33.0,read::unit::tests::test_cursor_next_entry,full,success,0.14324412033333336,,,,
aarch64-unknown-linux-gnu,gimli,0.33.0,read::unit::tests::test_cursor_next_entry_incomplete,full,success,0.12358210166666667,,,,
aarch64-unknown-linux-gnu,gimli,0.33.0,read::unit::tests::test_cursor_next_sibling_continuation,full,success,0.14563769566666668,,,,
aarch64-unknown-linux-gnu,gimli,0.33.0,read::unit::tests::test_cursor_next_sibling_no_sibling_ptr,full,success,0.14774831233333333,,,,
aarch64-unknown-linux-gnu,gimli,0.33.0,read::unit::tests::test_debug_info_next_sibling_with_ptr,full,success,0.15404117733333333,,,,
aarch64-unknown-linux-gnu,gimli,0.33.0,read::unit::tests::test_debug_info_offset,full,success,0.11535384833333334,,,,
aarch64-unknown-linux-gnu,gimli,0.33.0,read::unit::tests::test_debug_types_next_sibling_with_ptr,full,success,0.15447357966666667,,,,
aarch64-unknown-linux-gnu,gimli,0.33.0,read::unit::tests::test_debug_types_offset,full,success,0.11569153366666667,,,,
aarch64-unknown-linux-gnu,gimli,0.33.0,read::unit::tests::test_entries_at_offset,full,success,0.12365286600000001,,,,
aarch64-unknown-linux-gnu,gimli,0.33.0,read::unit::tests::test_entries_raw,full,success,0.13003502700000003,,,,
aarch64-unknown-linux-gnu,gimli,0.33.0,read::unit::tests::test_entries_tree,full,success,0.182327692,,,,
aarch64-unknown-linux-gnu,gimli,0.33.0,read::unit::tests::test_length_including_self,full,success,0.11141401566666669,,,,
aarch64-unknown-linux-gnu,gimli,0.33.0,read::unit::tests::test_parse_attribute_addr,full,success,0.11078863566666668,,,,
aarch64-unknown-linux-gnu,gimli,0.33.0,read::unit::tests::test_parse_attribute_addr8,full,success,0.11084125900000001,,,,
aarch64-unknown-linux-gnu,gimli,0.33.0,read::unit::tests::test_parse_attribute_addrx,full,success,0.11120224233333335,,,,
aarch64-unknown-linux-gnu,gimli,0.33.0,read::unit::tests::test_parse_attribute_addrx1,full,success,0.11045672,,,,
aarch64-unknown-linux-gnu,gimli,0.33.0,read::unit::tests::test_parse_attribute_addrx2,full,success,0.10916270099999999,,,,
aarch64-unknown-linux-gnu,gimli,0.33.0,read::unit::tests::test_parse_attribute_addrx3,full,success,0.11415706033333334,,,,
aarch64-unknown-linux-gnu,gimli,0.33.0,read::unit::tests::test_parse_attribute_addrx4,full,success,0.12127165433333335,,,,
aarch64-unknown-linux-gnu,gimli,0.33.0,read::unit::tests::test_parse_attribute_block,full,success,0.110364843,,,,
aarch64-unknown-linux-gnu,gimli,0.33.0,read::unit::tests::test_parse_attribute_block1,full,success,0.11058867966666668,,,,
aarch64-unknown-linux-gnu,gimli,0.33.0,read::unit::tests::test_parse_attribute_block2,full,success,0.11023828033333334,,,,
aarch64-unknown-linux-gnu,gimli,0.33.0,read::unit::tests::test_parse_attribute_block4,full,success,0.11063711466666666,,,,
aarch64-unknown-linux-gnu,gimli,0.33.0,read::unit::tests::test_parse_attribute_data1,full,success,0.10979228366666667,,,,
aarch64-unknown-linux-gnu,gimli,0.33.0,read::unit::tests::test_parse_attribute_data16,full,success,0.11036072833333334,,,,
aarch64-unknown-linux-gnu,gimli,0.33.0,read::unit::tests::test_parse_attribute_data2,full,success,0.110077989,,,,
aarch64-unknown-linux-gnu,gimli,0.33.0,read::unit::tests::test_parse_attribute_data4,full,success,0.10999091433333334,,,,
aarch64-unknown-linux-gnu,gimli,0.33.0,read::unit::tests::test_parse_attribute_data8,full,success,0.10953976333333333,,,,
aarch64-unknown-linux-gnu,gimli,0.33.0,read::unit::tests::test_parse_attribute_exprloc,full,success,0.11005251833333334,,,,
aarch64-unknown-linux-gnu,gimli,0.33.0,read::unit::tests::test_parse_attribute_flag_false,full,success,0.10963074666666668,,,,
aarch64-unknown-linux-gnu,gimli,0.33.0,read::unit::tests::test_parse_attribute_flag_present,full,success,0.10967241333333334,,,,
aarch64-unknown-linux-gnu,gimli,0.33.0,read::unit::tests::test_parse_attribute_flag_true,full,success,0.10957492833333334,,,,
aarch64-unknown-linux-gnu,gimli,0.33.0,read::unit::tests::test_parse_attribute_gnu_ref_alt_32,full,success,0.11032280866666667,,,,
aarch64-unknown-linux-gnu,gimli,0.33.0,read::unit::tests::test_parse_attribute_gnu_ref_alt_64,full,success,0.11047572133333333,,,,
aarch64-unknown-linux-gnu,gimli,0.33.0,read::unit::tests::test_parse_attribute_gnu_strp_alt_32,full,success,0.10991684366666667,,,,
aarch64-unknown-linux-gnu,gimli,0.33.0,read::unit::tests::test_parse_attribute_gnu_strp_alt_64,full,success,0.10984835500000001,,,,
aarch64-unknown-linux-gnu,gimli,0.33.0,read::unit::tests::test_parse_attribute_indirect,full,success,0.11094003433333334,,,,
aarch64-unknown-linux-gnu,gimli,0.33.0,read::unit::tests::test_parse_attribute_indirect_implicit_const,full,success,0.11014221066666668,,,,
aarch64-unknown-linux-gnu,gimli,0.33.0,read::unit::tests::test_parse_attribute_loclistx,full,success,0.11053756066666669,,,,
aarch64-unknown-linux-gnu,gimli,0.33.0,read::unit::tests::test_parse_attribute_ref1,full,success,0.110358305,,,,
aarch64-unknown-linux-gnu,gimli,0.33.0,read::unit::tests::test_parse_attribute_ref2,full,success,0.11058982966666668,,,,
aarch64-unknown-linux-gnu,gimli,0.33.0,read::unit::tests::test_parse_attribute_ref4,full,success,0.11035816666666669,,,,
aarch64-unknown-linux-gnu,gimli,0.33.0,read::unit::tests::test_parse_attribute_ref8,full,success,0.111077679,,,,
aarch64-unknown-linux-gnu,gimli,0.33.0,read::unit::tests::test_parse_attribute_ref_sup4,full,success,0.11116367666666667,,,,
aarch64-unknown-linux-gnu,gimli,0.33.0,read::unit::tests::test_parse_attribute_ref_sup8,full,success,0.109985768,,,,
aarch64-unknown-linux-gnu,gimli,0.33.0,read::unit::tests::test_parse_attribute_refaddr8_version2,full,success,0.11108815100000001,,,,
aarch64-unknown-linux-gnu,gimli,0.33.0,read::unit::tests::test_parse_attribute_refaddr_32,full,success,0.11024068,,,,
aarch64-unknown-linux-gnu,gimli,0.33.0,read::unit::tests::test_parse_attribute_refaddr_64,full,success,0.11033734133333334,,,,
aarch64-unknown-linux-gnu,gimli,0.33.0,read::unit::tests::test_parse_attribute_refaddr_version2,full,success,0.11006360333333336,,,,
aarch64-unknown-linux-gnu,gimli,0.33.0,read::unit::tests::test_parse_attribute_refsig8,full,success,0.11007135200000001,,,,
aarch64-unknown-linux-gnu,gimli,0.33.0,read::unit::tests::test_parse_attribute_refudata,full,success,0.11071907766666667,,,,
aarch64-unknown-linux-gnu,gimli,0.33.0,read::unit::tests::test_parse_attribute_rnglistx,full,success,0.11133642633333335,,,,
aarch64-unknown-linux-gnu,gimli,0.33.0,read::unit::tests::test_parse_attribute_sdata,full,success,0.10996745166666667,,,,
aarch64-unknown-linux-gnu,gimli,0.33.0,read::unit::tests::test_parse_attribute_sec_offset_32,full,success,0.110218999,,,,
aarch64-unknown-linux-gnu,gimli,0.33.0,read::unit::tests::test_parse_attribute_sec_offset_64,full,success,0.10969873200000001,,,,
aarch64-unknown-linux-gnu,gimli,0.33.0,read::unit::tests::test_parse_attribute_string,full,success,0.11041503466666668,,,,
aarch64-unknown-linux-gnu,gimli,0.33.0,read::unit::tests::test_parse_attribute_strp_32,full,success,0.11014248100000001,,,,
aarch64-unknown-linux-gnu,gimli,0.33.0,read::unit::tests::test_parse_attribute_strp_64,full,success,0.11002377633333334,,,,
aarch64-unknown-linux-gnu,gimli,0.33.0,read::unit::tests::test_parse_attribute_strp_sup_32,full,success,0.110258586,,,,
aarch64-unknown-linux-gnu,gimli,0.33.0,read::unit::tests::test_parse_attribute_strp_sup_64,full,success,0.10992124966666668,,,,
aarch64-unknown-linux-gnu,gimli,0.33.0,read::unit::tests::test_parse_attribute_strx,full,success,0.11055708233333335,,,,
aarch64-unknown-linux-gnu,gimli,0.33.0,read::unit::tests::test_parse_attribute_strx1,full,success,0.11042430366666667,,,,
aarch64-unknown-linux-gnu,gimli,0.33.0,read::unit::tests::test_parse_attribute_strx2,full,success,0.11075442733333335,,,,
aarch64-unknown-linux-gnu,gimli,0.33.0,read::unit::tests::test_parse_attribute_strx3,full,success,0.11077703100000001,,,,
aarch64-unknown-linux-gnu,gimli,0.33.0,read::unit::tests::test_parse_attribute_strx4,full,success,0.11017821200000001,,,,
aarch64-unknown-linux-gnu,gimli,0.33.0,read::unit::tests::test_parse_attribute_udata,full,success,0.10939294866666667,,,,
aarch64-unknown-linux-gnu,gimli,0.33.0,read::unit::tests::test_parse_type_unit_abbrevs,full,success,0.11061719600000001,,,,
aarch64-unknown-linux-gnu,gimli,0.33.0,read::unit::tests::test_parse_type_unit_header_32_ok,full,success,0.11746756600000001,,,,
aarch64-unknown-linux-gnu,gimli,0.33.0,read::unit::tests::test_parse_type_unit_header_64_ok,full,success,0.117092864,,,,
aarch64-unknown-linux-gnu,gimli,0.33.0,read::unit::tests::test_parse_unit_header_32_ok,full,success,0.11548711700000001,,,,
aarch64-unknown-linux-gnu,gimli,0.33.0,read::unit::tests::test_parse_unit_header_64_ok,full,success,0.11660455766666666,,,,
aarch64-unknown-linux-gnu,gimli,0.33.0,read::unit::tests::test_parse_v5_partial_unit_header_32_ok,full,success,0.11568182233333334,,,,
aarch64-unknown-linux-gnu,gimli,0.33.0,read::unit::tests::test_parse_v5_partial_unit_header_64_ok,full,success,0.11742708266666668,,,,
aarch64-unknown-linux-gnu,gimli,0.33.0,read::unit::tests::test_parse_v5_skeleton_unit_header_32_ok,full,success,0.116235769,,,,
aarch64-unknown-linux-gnu,gimli,0.33.0,read::unit::tests::test_parse_v5_skeleton_unit_header_64_ok,full,success,0.116652749,,,,
aarch64-unknown-linux-gnu,gimli,0.33.0,read::unit::tests::test_parse_v5_split_compilation_unit_header_32_ok,full,success,0.115588481,,,,
aarch64-unknown-linux-gnu,gimli,0.33.0,read::unit::tests::test_parse_v5_split_compilation_unit_header_64_ok,full,success,0.11663743233333335,,,,
aarch64-unknown-linux-gnu,gimli,0.33.0,read::unit::tests::test_parse_v5_split_type_unit_header_32_ok,full,success,0.11639446933333335,,,,
aarch64-unknown-linux-gnu,gimli,0.33.0,read::unit::tests::test_parse_v5_split_type_unit_header_64_ok,full,success,0.11618424933333334,,,,
aarch64-unknown-linux-gnu,gimli,0.33.0,read::unit::tests::test_parse_v5_type_unit_header_32_ok,full,success,0.11530906600000002,,,,
aarch64-unknown-linux-gnu,gimli,0.33.0,read::unit::tests::test_parse_v5_type_unit_header_64_ok,full,success,0.11725654366666667,,,,
aarch64-unknown-linux-gnu,gimli,0.33.0,read::unit::tests::test_parse_v5_unit_header_32_ok,full,success,0.114251947,,,,
aarch64-unknown-linux-gnu,gimli,0.33.0,read::unit::tests::test_parse_v5_unit_header_64_ok,full,success,0.11580227333333333,,,,
aarch64-unknown-linux-gnu,gimli,0.33.0,read::unit::tests::test_unit_header_variance,full,success,0.10763257433333334,,,,
aarch64-unknown-linux-gnu,gimli,0.33.0,read::unit::tests::test_unit_version_incomplete,full,success,0.10841704333333335,,,,
aarch64-unknown-linux-gnu,gimli,0.33.0,read::unit::tests::test_unit_version_unknown_version,full,success,0.10923739266666667,,,,
aarch64-unknown-linux-gnu,gimli,0.33.0,read::unit::tests::test_units,full,success,0.12069392266666668,,,,
aarch64-unknown-linux-gnu,gimli,0.33.0,read::value::tests::value_abs,full,success,0.10874952166666667,,,,
aarch64-unknown-linux-gnu,gimli,0.33.0,read::value::tests::value_add,full,success,0.10892696066666667,,,,
aarch64-unknown-linux-gnu,gimli,0.33.0,read::value::tests::value_and,full,success,0.109063246,,,,
aarch64-unknown-linux-gnu,gimli,0.33.0,read::value::tests::value_convert,full,success,0.10933593066666668,,,,
aarch64-unknown-linux-gnu,gimli,0.33.0,read::value::tests::value_div,full,success,0.10986894033333335,,,,
aarch64-unknown-linux-gnu,gimli,0.33.0,read::value::tests::value_eq,full,success,0.10950645933333335,,,,
aarch64-unknown-linux-gnu,gimli,0.33.0,read::value::tests::value_ge,full,success,0.10856771633333334,,,,
aarch64-unknown-linux-gnu,gimli,0.33.0,read::value::tests::value_gt,full,success,0.10943275166666667,,,,
aarch64-unknown-linux-gnu,gimli,0.33.0,read::value::tests::value_le,full,success,0.10905243066666666,,,,
aarch64-unknown-linux-gnu,gimli,0.33.0,read::value::tests::value_lt,full,success,0.10968259166666668,,,,
aarch64-unknown-linux-gnu,gimli,0.33.0,read::value::tests::value_mul,full,success,0.10887150066666668,,,,
aarch64-unknown-linux-gnu,gimli,0.33.0,read::value::tests::value_ne,full,success,0.109241478,,,,
aarch64-unknown-linux-gnu,gimli,0.33.0,read::value::tests::value_neg,full,success,0.10911161366666666,,,,
aarch64-unknown-linux-gnu,gimli,0.33.0,read::value::tests::value_not,full,success,0.10981755466666666,,,,
aarch64-unknown-linux-gnu,gimli,0.33.0,read::value::tests::value_or,full,success,0.11009823633333334,,,,
aarch64-unknown-linux-gnu,gimli,0.33.0,read::value::tests::value_reinterpret,full,success,0.10976251,,,,
aarch64-unknown-linux-gnu,gimli,0.33.0,read::value::tests::value_rem,full,success,0.11003433333333335,,,,
aarch64-unknown-linux-gnu,gimli,0.33.0,read::value::tests::value_shl,full,success,0.10949974466666668,,,,
aarch64-unknown-linux-gnu,gimli,0.33.0,read::value::tests::value_shr,full,success,0.11033290333333334,,,,
aarch64-unknown-linux-gnu,gimli,0.33.0,read::value::tests::value_shra,full,success,0.110072666,,,,
aarch64-unknown-linux-gnu,gimli,0.33.0,read::value::tests::value_sub,full,success,0.11006553066666669,,,,
aarch64-unknown-linux-gnu,gimli,0.33.0,read::value::tests::value_xor,full,success,0.10887814133333334,,,,
aarch64-unknown-linux-gnu,gimli,0.33.0,read::value::tests::valuetype_from_encoding,full,success,0.12483951833333333,,,,
aarch64-unknown-linux-gnu,gimli,0.33.0,write::abbrev::tests::test_abbreviation_table,full,success,0.12110211,,,,
aarch64-unknown-linux-gnu,gimli,0.33.0,write::cfi::tests::test_frame_instruction,full,success,1.675437269,,,,
aarch64-unknown-linux-gnu,gimli,0.33.0,write::cfi::tests::test_frame_table,full,success,1.4700183573333332,,,,
aarch64-unknown-linux-gnu,gimli,0.33.0,write::endian_vec::tests::test_endian_vec,full,success,0.10879344233333334,,,,
aarch64-unknown-linux-gnu,gimli,0.33.0,write::line::tests::test_file_source,full,success,0.9801300056666667,,,,
aarch64-unknown-linux-gnu,gimli,0.33.0,write::line::tests::test_line_instruction,full,success,6.770275948000001,,,,
aarch64-unknown-linux-gnu,gimli,0.33.0,write::line::tests::test_line_program,full,success,2.9122057963333337,,,,
aarch64-unknown-linux-gnu,gimli,0.33.0,write::line::tests::test_line_row,full,success,17.343341568666666,,,,
aarch64-unknown-linux-gnu,gimli,0.33.0,write::line::tests::test_line_sequence,full,success,2.433705752333333,,,,
aarch64-unknown-linux-gnu,gimli,0.33.0,write::line::tests::test_line_string,full,success,0.5100942869999999,,,,
aarch64-unknown-linux-gnu,gimli,0.33.0,write::line::tests::test_missing_comp_dir,full,success,0.8221108483333334,,,,
aarch64-unknown-linux-gnu,gimli,0.33.0,write::line::tests::test_separate_working_dir,full,success,1.1579094816666666,,,,
aarch64-unknown-linux-gnu,gimli,0.33.0,write::loc::tests::test_loc_list,full,success,0.46161302633333334,,,,
aarch64-unknown-linux-gnu,gimli,0.33.0,write::op::tests::test_expression_as_raw,full,success,0.10915892900000002,,,,
aarch64-unknown-linux-gnu,gimli,0.33.0,write::op::tests::test_expression_raw,full,success,0.42540967366666665,,,,
aarch64-unknown-linux-gnu,gimli,0.33.0,write::op::tests::test_forward_ref,full,success,0.11755897300000001,,,,
aarch64-unknown-linux-gnu,gimli,0.33.0,write::op::tests::test_missing_debuginfo_ref,full,success,0.12292780566666667,,,,
aarch64-unknown-linux-gnu,gimli,0.33.0,write::op::tests::test_missing_unit_ref,full,success,0.11688215200000002,,,,
aarch64-unknown-linux-gnu,gimli,0.33.0,write::op::tests::test_operation,full,success,6.155184823666667,,,,
aarch64-unknown-linux-gnu,gimli,0.33.0,write::range::tests::test_range,full,success,0.283607584,,,,
aarch64-unknown-linux-gnu,gimli,0.33.0,write::relocate::tests::test_relocate_writer,full,success,0.118489173,,,,
aarch64-unknown-linux-gnu,gimli,0.33.0,write::str::tests::test_string_table,full,success,0.120896273,,,,
aarch64-unknown-linux-gnu,gimli,0.33.0,write::unit::tests::test_attribute_value,full,success,15.390404179666666,,,,
aarch64-unknown-linux-gnu,gimli,0.33.0,write::unit::tests::test_delete_child,full,success,0.14314721433333336,,,,
aarch64-unknown-linux-gnu,gimli,0.33.0,write::unit::tests::test_line_program_used,full,success,0.14045359233333335,,,,
aarch64-unknown-linux-gnu,gimli,0.33.0,write::unit::tests::test_line_ref,full,success,1.5651309700000002,,,,
aarch64-unknown-linux-gnu,gimli,0.33.0,write::unit::tests::test_missing_debuginfo_ref,full,success,0.121383501,,,,
aarch64-unknown-linux-gnu,gimli,0.33.0,write::unit::tests::test_missing_unit_ref,full,success,0.11950820766666669,,,,
aarch64-unknown-linux-gnu,gimli,0.33.0,write::unit::tests::test_sibling,full,success,0.206340632,,,,
aarch64-unknown-linux-gnu,gimli,0.33.0,write::unit::tests::test_unit_ref,full,success,0.19734885200000005,,,,
aarch64-unknown-linux-gnu,gimli,0.33.0,write::unit::tests::test_unit_table,full,success,0.20232385900000002,,,,
aarch64-unknown-linux-gnu,gimli,0.33.0,write::writer::tests::test_writer,full,success,0.11197920766666668,,,,
aarch64-unknown-linux-gnu,half,2.7.1,bfloat::test::formatting,full,success,0.130622063,,,,
aarch64-unknown-linux-gnu,half,2.7.1,bfloat::test::qc_roundtrip_bf16_f32_is_identity,full,success,0.21173676266666672,,,,
aarch64-unknown-linux-gnu,half,2.7.1,bfloat::test::qc_roundtrip_bf16_f64_is_identity,full,success,0.22321317333333335,,,,
aarch64-unknown-linux-gnu,half,2.7.1,bfloat::test::test_bf16_consts_from_f32,full,success,0.10618664033333335,,,,
aarch64-unknown-linux-gnu,half,2.7.1,bfloat::test::test_bf16_consts_from_f64,full,success,0.10727244366666666,,,,
aarch64-unknown-linux-gnu,half,2.7.1,bfloat::test::test_bf16_to_f32,full,success,0.10626288000000002,,,,
aarch64-unknown-linux-gnu,half,2.7.1,bfloat::test::test_comparisons,full,success,0.107428398,,,,
aarch64-unknown-linux-gnu,half,2.7.1,bfloat::test::test_max,full,success,0.10642916033333334,,,,
aarch64-unknown-linux-gnu,half,2.7.1,bfloat::test::test_min,full,success,0.107289692,,,,
aarch64-unknown-linux-gnu,half,2.7.1,bfloat::test::test_nan_conversion_to_larger,full,success,0.10634501933333335,,,,
aarch64-unknown-linux-gnu,half,2.7.1,bfloat::test::test_nan_conversion_to_smaller,full,success,0.10620601366666667,,,,
aarch64-unknown-linux-gnu,half,2.7.1,binary16::test::arithmetic,full,success,0.10693122633333334,,,,
aarch64-unknown-linux-gnu,half,2.7.1,binary16::test::formatting,full,success,0.13260033866666665,,,,
aarch64-unknown-linux-gnu,half,2.7.1,binary16::test::qc_roundtrip_f16_f32_is_identity,full,success,0.21299803833333333,,,,
aarch64-unknown-linux-gnu,half,2.7.1,binary16::test::qc_roundtrip_f16_f64_is_identity,full,success,0.24283840133333334,,,,
aarch64-unknown-linux-gnu,half,2.7.1,binary16::test::test_comparisons,full,success,0.10747461633333333,,,,
aarch64-unknown-linux-gnu,half,2.7.1,binary16::test::test_f16_consts_from_f32,full,success,0.10710357833333334,,,,
aarch64-unknown-linux-gnu,half,2.7.1,binary16::test::test_f16_consts_from_f64,full,success,0.10731705233333333,,,,
aarch64-unknown-linux-gnu,half,2.7.1,binary16::test::test_max,full,success,0.10682604133333334,,,,
aarch64-unknown-linux-gnu,half,2.7.1,binary16::test::test_min,full,success,0.10731227633333335,,,,
aarch64-unknown-linux-gnu,half,2.7.1,binary16::test::test_nan_conversion_to_larger,full,success,0.10751460766666666,,,,
aarch64-unknown-linux-gnu,half,2.7.1,binary16::test::test_nan_conversion_to_smaller,full,success,0.10801092266666668,,,,
aarch64-unknown-linux-gnu,half,2.7.1,leading_zeros::test::leading_zeros_u16_fallback,full,success,0.10842246900000001,,,,
aarch64-unknown-linux-gnu,half,2.7.1,slice::test::convert_from_f32_slice_len_mismatch_panics,full,success,0.11436503999999999,,,,
aarch64-unknown-linux-gnu,half,2.7.1,slice::test::convert_from_f64_slice_len_mismatch_panics,full,success,0.113273778,,,,
aarch64-unknown-linux-gnu,half,2.7.1,slice::test::convert_to_f32_slice_len_mismatch_panics,full,success,0.114457733,,,,
aarch64-unknown-linux-gnu,half,2.7.1,slice::test::convert_to_f64_slice_len_mismatch_panics,full,success,0.11337162633333335,,,,
aarch64-unknown-linux-gnu,half,2.7.1,slice::test::slice_convert_bf16_f32,full,success,0.11061284900000001,,,,
aarch64-unknown-linux-gnu,half,2.7.1,slice::test::slice_convert_bf16_f64,full,success,0.110460975,,,,
aarch64-unknown-linux-gnu,half,2.7.1,slice::test::slice_convert_f16_f32,full,success,0.112598551,,,,
aarch64-unknown-linux-gnu,half,2.7.1,slice::test::slice_convert_f16_f64,full,success,0.11258142500000001,,,,
aarch64-unknown-linux-gnu,half,2.7.1,slice::test::test_mutablility_bf16,full,success,0.10755916666666669,,,,
aarch64-unknown-linux-gnu,half,2.7.1,slice::test::test_mutablility_f16,full,success,0.10740999600000001,,,,
aarch64-unknown-linux-gnu,half,2.7.1,slice::test::test_slice_conversions_bf16,full,success,0.10846876566666667,,,,
aarch64-unknown-linux-gnu,half,2.7.1,slice::test::test_slice_conversions_f16,full,success,0.107576071,,,,
aarch64-unknown-linux-gnu,half,2.7.1,vec::test::test_vec_conversions_bf16,full,success,0.107447101,,,,
aarch64-unknown-linux-gnu,half,2.7.1,vec::test::test_vec_conversions_f16,full,success,0.10828854933333336,,,,
aarch64-unknown-linux-gnu,hashbrown,0.17.0,map::test_map::test_allocation_info,full,success,0.10622217100000002,,,,
aarch64-unknown-linux-gnu,hashbrown,0.17.0,map::test_map::test_behavior_resize_policy,full,success,0.119495685,,,,
aarch64-unknown-linux-gnu,hashbrown,0.17.0,map::test_map::test_capacity_not_less_than_len,full,success,0.36544425733333336,,,,
aarch64-unknown-linux-gnu,hashbrown,0.17.0,map::test_map::test_catch_panic_clone_from_when_len_is_equal,full,success,0.13960154300000002,,,,
aarch64-unknown-linux-gnu,hashbrown,0.17.0,map::test_map::test_catch_panic_clone_from_when_len_is_not_equal,full,success,0.13087636366666666,,,,
aarch64-unknown-linux-gnu,hashbrown,0.17.0,map::test_map::test_clone,full,success,0.10710247833333335,,,,
aarch64-unknown-linux-gnu,hashbrown,0.17.0,map::test_map::test_clone_from,full,success,0.10727964833333335,,,,
aarch64-unknown-linux-gnu,hashbrown,0.17.0,map::test_map::test_clone_from_double_drop,full,success,0.11970470733333334,,,,
aarch64-unknown-linux-gnu,hashbrown,0.17.0,map::test_map::test_clone_from_memory_leaks,full,success,0.116713495,,,,
aarch64-unknown-linux-gnu,hashbrown,0.17.0,map::test_map::test_clone_memory_leaks_and_double_drop_one,full,success,0.12716237,,,,
aarch64-unknown-linux-gnu,hashbrown,0.17.0,map::test_map::test_clone_memory_leaks_and_double_drop_two,full,success,0.13054840566666667,,,,
aarch64-unknown-linux-gnu,hashbrown,0.17.0,map::test_map::test_conflict_remove,full,success,0.10917663466666667,,,,
aarch64-unknown-linux-gnu,hashbrown,0.17.0,map::test_map::test_const_with_hasher,full,success,0.10757757066666666,,,,
aarch64-unknown-linux-gnu,hashbrown,0.17.0,map::test_map::test_create_capacity_zero,full,success,0.1071391,,,,
aarch64-unknown-linux-gnu,hashbrown,0.17.0,map::test_map::test_drops,full,success,0.333336804,,,,
aarch64-unknown-linux-gnu,hashbrown,0.17.0,map::test_map::test_empty_entry,full,success,0.10627799466666667,,,,
aarch64-unknown-linux-gnu,hashbrown,0.17.0,map::test_map::test_empty_entry_ref,full,success,0.10678477066666668,,,,
aarch64-unknown-linux-gnu,hashbrown,0.17.0,map::test_map::test_empty_iter,full,success,0.10542237966666668,,,,
aarch64-unknown-linux-gnu,hashbrown,0.17.0,map::test_map::test_empty_remove,full,success,0.10557051133333334,,,,
aarch64-unknown-linux-gnu,hashbrown,0.17.0,map::test_map::test_entry,full,success,0.109425065,,,,
aarch64-unknown-linux-gnu,hashbrown,0.17.0,map::test_map::test_entry_and_replace_entry_with,full,success,0.10769773966666667,,,,
aarch64-unknown-linux-gnu,hashbrown,0.17.0,map::test_map::test_entry_ref,full,success,0.11245811800000001,,,,
aarch64-unknown-linux-gnu,hashbrown,0.17.0,map::test_map::test_entry_ref_take_doesnt_corrupt,full,success,1.5085000533333333,,,,
aarch64-unknown-linux-gnu,hashbrown,0.17.0,map::test_map::test_entry_take_doesnt_corrupt,full,success,0.8870342613333334,,,,
aarch64-unknown-linux-gnu,hashbrown,0.17.0,map::test_map::test_eq,full,success,0.1088463,,,,
aarch64-unknown-linux-gnu,hashbrown,0.17.0,map::test_map::test_expand,full,success,0.10603540566666668,,,,
aarch64-unknown-linux-gnu,hashbrown,0.17.0,map::test_map::test_extend_ref_k_ref_v,full,success,0.10900205033333334,,,,
aarch64-unknown-linux-gnu,hashbrown,0.17.0,map::test_map::test_extend_ref_kv_tuple,full,success,0.8033253513333335,,,,
aarch64-unknown-linux-gnu,hashbrown,0.17.0,map::test_map::test_extract_if,full,success,0.11454303333333334,,,,
aarch64-unknown-linux-gnu,hashbrown,0.17.0,map::test_map::test_find,full,success,0.105591103,,,,
aarch64-unknown-linux-gnu,hashbrown,0.17.0,map::test_map::test_find_mut,full,success,0.106146948,,,,
aarch64-unknown-linux-gnu,hashbrown,0.17.0,map::test_map::test_from_iter,full,success,0.10882882533333334,,,,
aarch64-unknown-linux-gnu,hashbrown,0.17.0,map::test_map::test_get_disjoint_mut,full,success,0.12104704866666667,,,,
aarch64-unknown-linux-gnu,hashbrown,0.17.0,map::test_map::test_get_disjoint_mut_duplicate,full,success,0.11321827700000002,,,,
aarch64-unknown-linux-gnu,hashbrown,0.17.0,map::test_map::test_hashmap_into_iter_bug,full,success,0.11720213266666668,,,,
aarch64-unknown-linux-gnu,hashbrown,0.17.0,map::test_map::test_index,full,success,0.106864291,,,,
aarch64-unknown-linux-gnu,hashbrown,0.17.0,map::test_map::test_index_nonexistent,full,success,0.11279311200000001,,,,
aarch64-unknown-linux-gnu,hashbrown,0.17.0,map::test_map::test_insert,full,success,0.10677542533333334,,,,
aarch64-unknown-linux-gnu,hashbrown,0.17.0,map::test_map::test_insert_conflicts,full,success,0.10743574833333336,,,,
aarch64-unknown-linux-gnu,hashbrown,0.17.0,map::test_map::test_insert_overwrite,full,success,0.10712618133333335,,,,
aarch64-unknown-linux-gnu,hashbrown,0.17.0,map::test_map::test_insert_unique_unchecked,full,success,0.10793415666666667,,,,
aarch64-unknown-linux-gnu,hashbrown,0.17.0,map::test_map::test_into_iter_drops,full,success,0.3644651816666667,,,,
aarch64-unknown-linux-gnu,hashbrown,0.17.0,map::test_map::test_into_keys,full,success,0.10774403833333335,,,,
aarch64-unknown-linux-gnu,hashbrown,0.17.0,map::test_map::test_into_values,full,success,0.10793186133333332,,,,
aarch64-unknown-linux-gnu,hashbrown,0.17.0,map::test_map::test_is_empty,full,success,0.106869883,,,,
aarch64-unknown-linux-gnu,hashbrown,0.17.0,map::test_map::test_iter_len,full,success,0.10884954133333334,,,,
aarch64-unknown-linux-gnu,hashbrown,0.17.0,map::test_map::test_iter_mut_len,full,success,0.10837913433333335,,,,
aarch64-unknown-linux-gnu,hashbrown,0.17.0,map::test_map::test_iterate,full,success,0.14200893833333333,,,,
aarch64-unknown-linux-gnu,hashbrown,0.17.0,map::test_map::test_keys,full,success,0.10786768933333334,,,,
aarch64-unknown-linux-gnu,hashbrown,0.17.0,map::test_map::test_mut_size_hint,full,success,0.10837646466666667,,,,
aarch64-unknown-linux-gnu,hashbrown,0.17.0,map::test_map::test_occupied_entry_key,full,success,0.10776812000000001,,,,
aarch64-unknown-linux-gnu,hashbrown,0.17.0,map::test_map::test_occupied_entry_ref_key,full,success,0.10905029433333335,,,,
aarch64-unknown-linux-gnu,hashbrown,0.17.0,map::test_map::test_occupied_entry_replace_entry_with,full,success,0.109187942,,,,
aarch64-unknown-linux-gnu,hashbrown,0.17.0,map::test_map::test_remove,full,success,0.10737103533333335,,,,
aarch64-unknown-linux-gnu,hashbrown,0.17.0,map::test_map::test_remove_entry,full,success,0.10713440766666667,,,,
aarch64-unknown-linux-gnu,hashbrown,0.17.0,map::test_map::test_replace_entry_with_doesnt_corrupt,full,success,0.83771611,,,,
aarch64-unknown-linux-gnu,hashbrown,0.17.0,map::test_map::test_reserve_shrink_to_fit,full,success,0.683550308,,,,
aarch64-unknown-linux-gnu,hashbrown,0.17.0,map::test_map::test_retain,full,success,0.16537942033333333,,,,
aarch64-unknown-linux-gnu,hashbrown,0.17.0,map::test_map::test_show,full,success,0.10868732133333335,,,,
aarch64-unknown-linux-gnu,hashbrown,0.17.0,map::test_map::test_size_hint,full,success,0.108141706,,,,
aarch64-unknown-linux-gnu,hashbrown,0.17.0,map::test_map::test_vacant_entry_key,full,success,0.10740298466666666,,,,
aarch64-unknown-linux-gnu,hashbrown,0.17.0,map::test_map::test_vacant_entry_ref_key,full,success,0.107432492,,,,
aarch64-unknown-linux-gnu,hashbrown,0.17.0,map::test_map::test_values,full,success,0.108245091,,,,
aarch64-unknown-linux-gnu,hashbrown,0.17.0,map::test_map::test_values_mut,full,success,0.10931104733333334,,,,
aarch64-unknown-linux-gnu,hashbrown,0.17.0,map::test_map::test_zero_capacities,full,success,0.10821597533333334,,,,
aarch64-unknown-linux-gnu,hashbrown,0.17.0,map::test_map_with_mmap_allocations::test_tiny_allocation_gets_rounded_to_page_size,full,success,0.2866559536666667,,,,
aarch64-unknown-linux-gnu,hashbrown,0.17.0,raw::test_map::rehash,full,success,0.588452391,,,,
aarch64-unknown-linux-gnu,hashbrown,0.17.0,raw::test_map::test_catch_panic_clone_from,full,success,0.1295704676666667,,,,
aarch64-unknown-linux-gnu,hashbrown,0.17.0,raw::test_map::test_drop_uninitialized,full,success,0.106277728,,,,
aarch64-unknown-linux-gnu,hashbrown,0.17.0,raw::test_map::test_drop_zero_items,full,success,0.10599409266666666,,,,
aarch64-unknown-linux-gnu,hashbrown,0.17.0,raw::test_map::test_minimum_capacity_for_small_types,full,success,0.10651703533333334,,,,
aarch64-unknown-linux-gnu,hashbrown,0.17.0,raw::test_map::test_prev_pow2,full,success,0.10738843366666669,,,,
aarch64-unknown-linux-gnu,hashbrown,0.17.0,raw_entry::test_map::test_key_without_hash_impl,full,success,0.11033665166666667,,,,
aarch64-unknown-linux-gnu,hashbrown,0.17.0,raw_entry::test_map::test_raw_entry,full,success,0.13142546733333335,,,,
aarch64-unknown-linux-gnu,hashbrown,0.17.0,raw_entry::test_map::test_raw_entry_and_replace_entry_with,full,success,0.10901583666666666,,,,
aarch64-unknown-linux-gnu,hashbrown,0.17.0,raw_entry::test_map::test_raw_occupied_entry_replace_entry_with,full,success,0.10876637300000001,,,,
aarch64-unknown-linux-gnu,hashbrown,0.17.0,set::test_set::collect,full,success,0.10650500933333334,,,,
aarch64-unknown-linux-gnu,hashbrown,0.17.0,set::test_set::duplicate_insert,full,success,0.10725191233333335,,,,
aarch64-unknown-linux-gnu,hashbrown,0.17.0,set::test_set::rehash_in_place,full,success,1.617196344,,,,
aarch64-unknown-linux-gnu,hashbrown,0.17.0,set::test_set::some_invalid_equivalent,full,success,0.113419588,,,,
aarch64-unknown-linux-gnu,hashbrown,0.17.0,set::test_set::test_allocation_info,full,success,0.106213498,,,,
aarch64-unknown-linux-gnu,hashbrown,0.17.0,set::test_set::test_const_with_hasher,full,success,0.10701876233333334,,,,
aarch64-unknown-linux-gnu,hashbrown,0.17.0,set::test_set::test_difference,full,success,0.11114355066666669,,,,
aarch64-unknown-linux-gnu,hashbrown,0.17.0,set::test_set::test_disjoint,full,success,0.11557576533333334,,,,
aarch64-unknown-linux-gnu,hashbrown,0.17.0,set::test_set::test_drain,full,success,1.0739589626666666,,,,
aarch64-unknown-linux-gnu,hashbrown,0.17.0,set::test_set::test_eq,full,success,0.10955179600000002,,,,
aarch64-unknown-linux-gnu,hashbrown,0.17.0,set::test_set::test_extend_ref,full,success,0.113560296,,,,
aarch64-unknown-linux-gnu,hashbrown,0.17.0,set::test_set::test_extract_if,full,success,0.11675466966666666,,,,
aarch64-unknown-linux-gnu,hashbrown,0.17.0,set::test_set::test_from_iter,full,success,0.11273443133333334,,,,
aarch64-unknown-linux-gnu,hashbrown,0.17.0,set::test_set::test_from_map,full,success,0.109031369,,,,
aarch64-unknown-linux-gnu,hashbrown,0.17.0,set::test_set::test_intersection,full,success,0.116807181,,,,
aarch64-unknown-linux-gnu,hashbrown,0.17.0,set::test_set::test_iterate,full,success,0.14200728733333332,,,,
aarch64-unknown-linux-gnu,hashbrown,0.17.0,set::test_set::test_move_iter,full,success,0.10728255733333332,,,,
aarch64-unknown-linux-gnu,hashbrown,0.17.0,set::test_set::test_replace,full,success,0.10723390666666667,,,,
aarch64-unknown-linux-gnu,hashbrown,0.17.0,set::test_set::test_retain,full,success,0.10985475433333335,,,,
aarch64-unknown-linux-gnu,hashbrown,0.17.0,set::test_set::test_show,full,success,0.10780894266666667,,,,
aarch64-unknown-linux-gnu,hashbrown,0.17.0,set::test_set::test_sub_assign,full,success,0.11137035700000002,,,,
aarch64-unknown-linux-gnu,hashbrown,0.17.0,set::test_set::test_subset_and_superset,full,success,0.11792420600000002,,,,
aarch64-unknown-linux-gnu,hashbrown,0.17.0,set::test_set::test_symmetric_difference,full,success,0.116340872,,,,
aarch64-unknown-linux-gnu,hashbrown,0.17.0,set::test_set::test_trivial_drain,full,success,0.10653736700000001,,,,
aarch64-unknown-linux-gnu,hashbrown,0.17.0,set::test_set::test_union,full,success,0.121971969,,,,
aarch64-unknown-linux-gnu,hashbrown,0.17.0,set::test_set::test_zero_capacities,full,success,0.108025979,,,,
aarch64-unknown-linux-gnu,hashbrown,0.17.0,table::tests::test_allocation_info,full,success,0.10551768500000001,,,,
aarch64-unknown-linux-gnu,hostname,0.4.2,nix::tests::test_empty_buffer,full,success,0.10504909000000001,,,,
aarch64-unknown-linux-gnu,hostname,0.4.2,nix::tests::test_filled_with_null_buffer,full,success,0.10455859966666668,,,,
aarch64-unknown-linux-gnu,hostname,0.4.2,nix::tests::test_non_overflowed_buffer,full,success,0.10553064466666667,,,,
aarch64-unknown-linux-gnu,hostname,0.4.2,nix::tests::test_overflowed_buffer,full,success,0.10397666600000001,,,,
aarch64-unknown-linux-gnu,httparse,1.10.1,simd::swar::test_is_header_value_block,full,success,0.116745208,,,,
aarch64-unknown-linux-gnu,httparse,1.10.1,simd::swar::test_is_uri_block,full,success,0.11657021466666667,,,,
aarch64-unknown-linux-gnu,httparse,1.10.1,simd::swar::test_offsetnz,full,success,0.10992916533333334,,,,
aarch64-unknown-linux-gnu,httparse,1.10.1,tests::partial_permutations,full,success,0.11373355533333335,,,,
aarch64-unknown-linux-gnu,httparse,1.10.1,tests::test_allow_request_with_multiple_space_delimiters,full,success,0.10961080733333334,,,,
aarch64-unknown-linux-gnu,httparse,1.10.1,tests::test_allow_response_response_with_space_before_first_header,full,success,0.11097597166666667,,,,
aarch64-unknown-linux-gnu,httparse,1.10.1,tests::test_allow_response_with_multiple_space_delimiters,full,success,0.10918667266666666,,,,
aarch64-unknown-linux-gnu,httparse,1.10.1,tests::test_allow_response_with_obsolete_line_folding_at_end,full,success,0.110471025,,,,
aarch64-unknown-linux-gnu,httparse,1.10.1,tests::test_allow_response_with_obsolete_line_folding_at_start,full,success,0.11078809466666667,,,,
aarch64-unknown-linux-gnu,httparse,1.10.1,tests::test_allow_response_with_obsolete_line_folding_in_empty_header,full,success,0.11049743366666669,,,,
aarch64-unknown-linux-gnu,httparse,1.10.1,tests::test_allow_response_with_obsolete_line_folding_in_middle,full,success,0.11156393833333333,,,,
aarch64-unknown-linux-gnu,httparse,1.10.1,tests::test_allow_response_with_whitespace_between_header_name_and_colon,full,success,0.112117643,,,,
aarch64-unknown-linux-gnu,httparse,1.10.1,tests::test_bad_utf8_in_path,full,success,0.10920353666666667,,,,
aarch64-unknown-linux-gnu,httparse,1.10.1,tests::test_chunk_size,full,success,0.11051029000000001,,,,
aarch64-unknown-linux-gnu,httparse,1.10.1,tests::test_forbid_request_with_multiple_space_delimiters,full,success,0.10943480933333334,,,,
aarch64-unknown-linux-gnu,httparse,1.10.1,tests::test_forbid_request_with_weird_whitespace_delimiters,full,success,0.10867952600000001,,,,
aarch64-unknown-linux-gnu,httparse,1.10.1,tests::test_forbid_request_with_whitespace_between_header_name_and_colon,full,success,0.10928261633333335,,,,
aarch64-unknown-linux-gnu,httparse,1.10.1,tests::test_forbid_response_with_multiple_space_delimiters,full,success,0.10891683866666668,,,,
aarch64-unknown-linux-gnu,httparse,1.10.1,tests::test_forbid_response_with_obsolete_line_folding_at_end,full,success,0.11147750433333335,,,,
aarch64-unknown-linux-gnu,httparse,1.10.1,tests::test_forbid_response_with_obsolete_line_folding_at_start,full,success,0.110536926,,,,
aarch64-unknown-linux-gnu,httparse,1.10.1,tests::test_forbid_response_with_obsolete_line_folding_in_empty_header,full,success,0.11168498700000001,,,,
aarch64-unknown-linux-gnu,httparse,1.10.1,tests::test_forbid_response_with_obsolete_line_folding_in_middle,full,success,0.11159983000000001,,,,
aarch64-unknown-linux-gnu,httparse,1.10.1,tests::test_forbid_response_with_space_before_first_header,full,success,0.11109017233333333,,,,
aarch64-unknown-linux-gnu,httparse,1.10.1,tests::test_forbid_response_with_weird_whitespace_delimiters,full,success,0.11020769966666667,,,,
aarch64-unknown-linux-gnu,httparse,1.10.1,tests::test_forbid_response_with_whitespace_between_header_name_and_colon,full,success,0.11226118166666667,,,,
aarch64-unknown-linux-gnu,httparse,1.10.1,tests::test_header_with_cr_in_header_name,full,success,0.11668408866666667,,,,
aarch64-unknown-linux-gnu,httparse,1.10.1,tests::test_header_with_invalid_char_in_value,full,success,0.11983643666666666,,,,
aarch64-unknown-linux-gnu,httparse,1.10.1,tests::test_header_with_invalid_char_in_value_with_folding,full,success,0.12146252800000001,,,,
aarch64-unknown-linux-gnu,httparse,1.10.1,tests::test_header_with_nul_in_value,full,success,0.118351594,,,,
aarch64-unknown-linux-gnu,httparse,1.10.1,tests::test_header_with_nul_in_whitespace_before_colon,full,success,0.11727880033333334,,,,
aarch64-unknown-linux-gnu,httparse,1.10.1,tests::test_ignore_header_line_with_missing_colon_in_request,full,success,0.11464156800000001,,,,
aarch64-unknown-linux-gnu,httparse,1.10.1,tests::test_ignore_header_line_with_missing_colon_in_response,full,success,0.115573875,,,,
aarch64-unknown-linux-gnu,httparse,1.10.1,tests::test_ignore_header_line_with_whitespaces_after_header_name_in_request,full,success,0.11172922933333333,,,,
aarch64-unknown-linux-gnu,httparse,1.10.1,tests::test_ignore_header_line_with_whitespaces_after_header_name_in_response,full,success,0.11344217833333335,,,,
aarch64-unknown-linux-gnu,httparse,1.10.1,tests::test_method_within_buffer,full,success,0.110673276,,,,
aarch64-unknown-linux-gnu,httparse,1.10.1,tests::test_no_space_after_colon,full,success,0.11161466833333333,,,,
aarch64-unknown-linux-gnu,httparse,1.10.1,tests::test_request_empty_lines_prefix,full,success,0.11125969133333335,,,,
aarch64-unknown-linux-gnu,httparse,1.10.1,tests::test_request_empty_lines_prefix_lf_only,full,success,0.11132252766666667,,,,
aarch64-unknown-linux-gnu,httparse,1.10.1,tests::test_request_header_no_space_after_colon,full,success,0.11194848533333335,,,,
aarch64-unknown-linux-gnu,httparse,1.10.1,tests::test_request_header_value_htab_long,full,success,0.11217562233333334,,,,
aarch64-unknown-linux-gnu,httparse,1.10.1,tests::test_request_header_value_htab_med,full,success,0.11237817233333335,,,,
aarch64-unknown-linux-gnu,httparse,1.10.1,tests::test_request_header_value_htab_short,full,success,0.11240609466666668,,,,
aarch64-unknown-linux-gnu,httparse,1.10.1,tests::test_request_header_with_missing_colon_with_folding,full,success,0.11558376366666667,,,,
aarch64-unknown-linux-gnu,httparse,1.10.1,tests::test_request_header_with_nul_in_header_name,full,success,0.11388740266666668,,,,
aarch64-unknown-linux-gnu,httparse,1.10.1,tests::test_request_headers,full,success,0.11208346300000001,,,,
aarch64-unknown-linux-gnu,httparse,1.10.1,tests::test_request_headers_max,full,success,0.11190646500000001,,,,
aarch64-unknown-linux-gnu,httparse,1.10.1,tests::test_request_headers_optional_whitespace,full,success,0.113387784,,,,
aarch64-unknown-linux-gnu,httparse,1.10.1,tests::test_request_method_no_delimiter,full,success,0.10947791300000002,,,,
aarch64-unknown-linux-gnu,httparse,1.10.1,tests::test_request_method_only,full,success,0.11090436666666666,,,,
aarch64-unknown-linux-gnu,httparse,1.10.1,tests::test_request_method_path_no_delimiter,full,success,0.11026278933333333,,,,
aarch64-unknown-linux-gnu,httparse,1.10.1,tests::test_request_method_path_only,full,success,0.11024141066666666,,,,
aarch64-unknown-linux-gnu,httparse,1.10.1,tests::test_request_multibyte,full,success,0.11240524833333333,,,,
aarch64-unknown-linux-gnu,httparse,1.10.1,tests::test_request_newlines,full,success,0.111601241,,,,
aarch64-unknown-linux-gnu,httparse,1.10.1,tests::test_request_one_byte_method,full,success,0.11046861066666668,,,,
aarch64-unknown-linux-gnu,httparse,1.10.1,tests::test_request_partial,full,success,0.111100398,,,,
aarch64-unknown-linux-gnu,httparse,1.10.1,tests::test_request_partial_method,full,success,0.11067536299999998,,,,
aarch64-unknown-linux-gnu,httparse,1.10.1,tests::test_request_partial_parses_headers_as_much_as_it_can,full,success,0.11104584166666669,,,,
aarch64-unknown-linux-gnu,httparse,1.10.1,tests::test_request_partial_version,full,success,0.10953465933333334,,,,
aarch64-unknown-linux-gnu,httparse,1.10.1,tests::test_request_path_backslash,full,success,0.11016735666666667,,,,
aarch64-unknown-linux-gnu,httparse,1.10.1,tests::test_request_simple,full,success,0.111204237,,,,
aarch64-unknown-linux-gnu,httparse,1.10.1,tests::test_request_simple_with_query_params,full,success,0.11077919466666668,,,,
aarch64-unknown-linux-gnu,httparse,1.10.1,tests::test_request_simple_with_whatwg_query_params,full,success,0.11107934433333333,,,,
aarch64-unknown-linux-gnu,httparse,1.10.1,tests::test_request_with_del_in_path,full,success,0.11146090866666668,,,,
aarch64-unknown-linux-gnu,httparse,1.10.1,tests::test_request_with_empty_header_name,full,success,0.11186059333333333,,,,
aarch64-unknown-linux-gnu,httparse,1.10.1,tests::test_request_with_empty_method,full,success,0.11084683099999999,,,,
aarch64-unknown-linux-gnu,httparse,1.10.1,tests::test_request_with_empty_method_and_path,full,success,0.11045675766666667,,,,
aarch64-unknown-linux-gnu,httparse,1.10.1,tests::test_request_with_empty_path,full,success,0.11158959466666668,,,,
aarch64-unknown-linux-gnu,httparse,1.10.1,tests::test_request_with_invalid_but_short_version,full,success,0.11091977200000001,,,,
aarch64-unknown-linux-gnu,httparse,1.10.1,tests::test_request_with_invalid_char_between_header_name_and_colon,full,success,0.11535729400000001,,,,
aarch64-unknown-linux-gnu,httparse,1.10.1,tests::test_request_with_invalid_method,full,success,0.11078236866666669,,,,
aarch64-unknown-linux-gnu,httparse,1.10.1,tests::test_request_with_invalid_token_delimiter,full,success,0.11074807166666667,,,,
aarch64-unknown-linux-gnu,httparse,1.10.1,tests::test_request_with_leading_space,full,success,0.11021629266666667,,,,
aarch64-unknown-linux-gnu,httparse,1.10.1,tests::test_request_with_multiple_spaces_and_bad_path,full,success,0.11109661433333334,,,,
aarch64-unknown-linux-gnu,httparse,1.10.1,tests::test_request_with_whitespace_between_header_name_and_colon,full,success,0.11319776533333333,,,,
aarch64-unknown-linux-gnu,httparse,1.10.1,tests::test_response_code_missing_space,full,success,0.110442064,,,,
aarch64-unknown-linux-gnu,httparse,1.10.1,tests::test_response_empty_lines_prefix_lf_only,full,success,0.110563661,,,,
aarch64-unknown-linux-gnu,httparse,1.10.1,tests::test_response_header_with_missing_colon_with_folding,full,success,0.11552462233333334,,,,
aarch64-unknown-linux-gnu,httparse,1.10.1,tests::test_response_header_with_nul_in_header_name,full,success,0.11299671033333335,,,,
aarch64-unknown-linux-gnu,httparse,1.10.1,tests::test_response_newlines,full,success,0.11167590466666667,,,,
aarch64-unknown-linux-gnu,httparse,1.10.1,tests::test_response_no_cr,full,success,0.11127455966666666,,,,
aarch64-unknown-linux-gnu,httparse,1.10.1,tests::test_response_partial_parses_headers_as_much_as_it_can,full,success,0.11081140533333333,,,,
aarch64-unknown-linux-gnu,httparse,1.10.1,tests::test_response_reason_missing,full,success,0.110860921,,,,
aarch64-unknown-linux-gnu,httparse,1.10.1,tests::test_response_reason_missing_no_space,full,success,0.11071208300000002,,,,
aarch64-unknown-linux-gnu,httparse,1.10.1,tests::test_response_reason_missing_no_space_with_headers,full,success,0.11055253800000002,,,,
aarch64-unknown-linux-gnu,httparse,1.10.1,tests::test_response_reason_with_nul_byte,full,success,0.108355732,,,,
aarch64-unknown-linux-gnu,httparse,1.10.1,tests::test_response_reason_with_obsolete_text_byte,full,success,0.11069000233333333,,,,
aarch64-unknown-linux-gnu,httparse,1.10.1,tests::test_response_reason_with_space_and_tab,full,success,0.11069413600000001,,,,
aarch64-unknown-linux-gnu,httparse,1.10.1,tests::test_response_simple,full,success,0.11060370200000001,,,,
aarch64-unknown-linux-gnu,httparse,1.10.1,tests::test_response_version_missing_space,full,success,0.11071785233333335,,,,
aarch64-unknown-linux-gnu,httparse,1.10.1,tests::test_response_with_empty_header_name,full,success,0.11110260466666666,,,,
aarch64-unknown-linux-gnu,httparse,1.10.1,tests::test_response_with_invalid_char_between_header_name_and_colon,full,success,0.11442204900000001,,,,
aarch64-unknown-linux-gnu,httparse,1.10.1,tests::test_response_with_spaces_in_code,full,success,0.10992294666666667,,,,
aarch64-unknown-linux-gnu,httparse,1.10.1,tests::test_still_forbid_request_with_weird_whitespace_delimiters,full,success,0.110324554,,,,
aarch64-unknown-linux-gnu,httparse,1.10.1,tests::test_still_forbid_response_with_weird_whitespace_delimiters,full,success,0.11004774633333332,,,,
aarch64-unknown-linux-gnu,httparse,1.10.1,tests::test_utf8_in_path_ok,full,success,0.11109826066666667,,,,
aarch64-unknown-linux-gnu,hyper,1.10.1,error::tests::error_satisfies_send_sync,full,success,0.10602872733333334,,,,
aarch64-unknown-linux-gnu,hyper,1.10.1,error::tests::error_size_of,full,success,0.10476731466666667,,,,
aarch64-unknown-linux-gnu,indexmap,2.14.0,inner::assert_send_sync,full,success,0.10739265600000002,,,,
aarch64-unknown-linux-gnu,indexmap,2.14.0,map::entry::assert_send_sync,full,success,0.10576538266666667,,,,
aarch64-unknown-linux-gnu,indexmap,2.14.0,map::raw_entry_v1::assert_send_sync,full,success,0.10575860366666667,,,,
aarch64-unknown-linux-gnu,indexmap,2.14.0,map::slice::tests::slice_get_index_mut,full,success,0.113286469,,,,
aarch64-unknown-linux-gnu,indexmap,2.14.0,map::slice::tests::slice_get_range,full,success,0.11404418266666667,,,,
aarch64-unknown-linux-gnu,indexmap,2.14.0,map::slice::tests::slice_index,full,success,0.7885375503333334,,,,
aarch64-unknown-linux-gnu,indexmap,2.14.0,map::slice::tests::slice_index_mut,full,success,0.6306545003333334,,,,
aarch64-unknown-linux-gnu,indexmap,2.14.0,map::slice::tests::slice_new,full,success,0.107151149,,,,
aarch64-unknown-linux-gnu,indexmap,2.14.0,map::slice::tests::slice_new_mut,full,success,0.10613146066666668,,,,
aarch64-unknown-linux-gnu,indexmap,2.14.0,map::slice::tests::slice_split_first,full,success,0.11573595933333335,,,,
aarch64-unknown-linux-gnu,indexmap,2.14.0,map::slice::tests::slice_split_first_mut,full,success,0.11461958033333335,,,,
aarch64-unknown-linux-gnu,indexmap,2.14.0,map::slice::tests::slice_split_last,full,success,0.11544304500000001,,,,
aarch64-unknown-linux-gnu,indexmap,2.14.0,map::slice::tests::slice_split_last_mut,full,success,0.11453905966666666,,,,
aarch64-unknown-linux-gnu,indexmap,2.14.0,map::tests::clear,full,success,0.11090748633333335,,,,
aarch64-unknown-linux-gnu,indexmap,2.14.0,map::tests::disjoint_indices_mut_empty,full,success,0.10758701233333334,,,,
aarch64-unknown-linux-gnu,indexmap,2.14.0,map::tests::disjoint_indices_mut_fail_duplicate,full,success,0.10836620200000001,,,,
aarch64-unknown-linux-gnu,indexmap,2.14.0,map::tests::disjoint_indices_mut_fail_oob,full,success,0.10841107766666669,,,,
aarch64-unknown-linux-gnu,indexmap,2.14.0,map::tests::disjoint_indices_mut_success,full,success,0.112069441,,,,
aarch64-unknown-linux-gnu,indexmap,2.14.0,map::tests::disjoint_mut_empty_map,full,success,0.10890835500000001,,,,
aarch64-unknown-linux-gnu,indexmap,2.14.0,map::tests::disjoint_mut_empty_param,full,success,0.10761980033333333,,,,
aarch64-unknown-linux-gnu,indexmap,2.14.0,map::tests::disjoint_mut_multi_fail_duplicate_panic,full,success,0.11372426866666667,,,,
aarch64-unknown-linux-gnu,indexmap,2.14.0,map::tests::disjoint_mut_multi_fail_missing,full,success,0.116717319,,,,
aarch64-unknown-linux-gnu,indexmap,2.14.0,map::tests::disjoint_mut_multi_success,full,success,0.12041909400000002,,,,
aarch64-unknown-linux-gnu,indexmap,2.14.0,map::tests::disjoint_mut_multi_success_borrow_key,full,success,0.12504560266666667,,,,
aarch64-unknown-linux-gnu,indexmap,2.14.0,map::tests::disjoint_mut_multi_success_unsized_key,full,success,0.12175966933333333,,,,
aarch64-unknown-linux-gnu,indexmap,2.14.0,map::tests::disjoint_mut_single_fail,full,success,0.108297767,,,,
aarch64-unknown-linux-gnu,indexmap,2.14.0,map::tests::disjoint_mut_single_success,full,success,0.10762821100000002,,,,
aarch64-unknown-linux-gnu,indexmap,2.14.0,map::tests::drain_range,full,success,0.903726355,,,,
aarch64-unknown-linux-gnu,indexmap,2.14.0,map::tests::entry,full,success,0.10962554933333335,,,,
aarch64-unknown-linux-gnu,indexmap,2.14.0,map::tests::entry_and_modify,full,success,0.10791577299999999,,,,
aarch64-unknown-linux-gnu,indexmap,2.14.0,map::tests::entry_or_default,full,success,0.10871590266666668,,,,
aarch64-unknown-linux-gnu,indexmap,2.14.0,map::tests::extend,full,success,0.10990376266666668,,,,
aarch64-unknown-linux-gnu,indexmap,2.14.0,map::tests::from_array,full,success,0.110762303,,,,
aarch64-unknown-linux-gnu,indexmap,2.14.0,map::tests::from_entries,full,success,0.10975044566666668,,,,
aarch64-unknown-linux-gnu,indexmap,2.14.0,map::tests::get_index_entry,full,success,0.11446340866666667,,,,
aarch64-unknown-linux-gnu,indexmap,2.14.0,map::tests::get_index_mut2,full,success,0.10886754933333335,,,,
aarch64-unknown-linux-gnu,indexmap,2.14.0,map::tests::get_range,full,success,0.11141254666666667,,,,
aarch64-unknown-linux-gnu,indexmap,2.14.0,map::tests::get_range_mut,full,success,0.11256959466666668,,,,
aarch64-unknown-linux-gnu,indexmap,2.14.0,map::tests::grow,full,success,0.45870603300000007,,,,
aarch64-unknown-linux-gnu,indexmap,2.14.0,map::tests::insert,full,success,0.13104600300000002,,,,
aarch64-unknown-linux-gnu,indexmap,2.14.0,map::tests::insert_2,full,success,1.5749520443333334,,,,
aarch64-unknown-linux-gnu,indexmap,2.14.0,map::tests::insert_before_oob,full,success,0.11740924633333333,,,,
aarch64-unknown-linux-gnu,indexmap,2.14.0,map::tests::insert_full,full,success,0.12240140266666667,,,,
aarch64-unknown-linux-gnu,indexmap,2.14.0,map::tests::insert_order,full,success,0.1302253236666667,,,,
aarch64-unknown-linux-gnu,indexmap,2.14.0,map::tests::insert_sorted_bad,full,success,0.13633757533333332,,,,
aarch64-unknown-linux-gnu,indexmap,2.14.0,map::tests::insert_sorted_by,full,success,0.12340529100000001,,,,
aarch64-unknown-linux-gnu,indexmap,2.14.0,map::tests::insert_sorted_by_key,full,success,0.11931221866666668,,,,
aarch64-unknown-linux-gnu,indexmap,2.14.0,map::tests::into_boxed_slice,full,success,0.11201760100000001,,,,
aarch64-unknown-linux-gnu,indexmap,2.14.0,map::tests::into_keys,full,success,0.11075124233333335,,,,
aarch64-unknown-linux-gnu,indexmap,2.14.0,map::tests::into_values,full,success,0.11108000966666669,,,,
aarch64-unknown-linux-gnu,indexmap,2.14.0,map::tests::is_sorted,full,success,0.14974761833333336,,,,
aarch64-unknown-linux-gnu,indexmap,2.14.0,map::tests::is_sorted_trivial,full,success,0.11363754666666666,,,,
aarch64-unknown-linux-gnu,indexmap,2.14.0,map::tests::it_works,full,success,0.10887772366666666,,,,
aarch64-unknown-linux-gnu,indexmap,2.14.0,map::tests::iter_default,full,success,0.107927376,,,,
aarch64-unknown-linux-gnu,indexmap,2.14.0,map::tests::keys,full,success,0.11045213400000002,,,,
aarch64-unknown-linux-gnu,indexmap,2.14.0,map::tests::last_mut,full,success,0.11031488066666667,,,,
aarch64-unknown-linux-gnu,indexmap,2.14.0,map::tests::new,full,success,0.10777313933333332,,,,
aarch64-unknown-linux-gnu,indexmap,2.14.0,map::tests::occupied_entry_key,full,success,0.10853826566666668,,,,
aarch64-unknown-linux-gnu,indexmap,2.14.0,map::tests::partial_eq_and_eq,full,success,0.11330400566666667,,,,
aarch64-unknown-linux-gnu,indexmap,2.14.0,map::tests::remove,full,success,0.15663548400000002,,,,
aarch64-unknown-linux-gnu,indexmap,2.14.0,map::tests::remove_to_empty,full,success,0.110714044,,,,
aarch64-unknown-linux-gnu,indexmap,2.14.0,map::tests::reserve,full,success,0.4167340293333333,,,,
aarch64-unknown-linux-gnu,indexmap,2.14.0,map::tests::shift_insert,full,success,0.14766274199999999,,,,
aarch64-unknown-linux-gnu,indexmap,2.14.0,map::tests::shift_insert_oob,full,success,0.11904950000000002,,,,
aarch64-unknown-linux-gnu,indexmap,2.14.0,map::tests::shift_remove_entry,full,success,0.11799012100000002,,,,
aarch64-unknown-linux-gnu,indexmap,2.14.0,map::tests::shift_remove_full,full,success,0.11620759633333333,,,,
aarch64-unknown-linux-gnu,indexmap,2.14.0,map::tests::shift_shift_remove_index,full,success,0.11746210033333333,,,,
aarch64-unknown-linux-gnu,indexmap,2.14.0,map::tests::shrink_to_fit,full,success,0.49148729900000004,,,,
aarch64-unknown-linux-gnu,indexmap,2.14.0,map::tests::sorted_unstable_by,full,success,0.113234018,,,,
aarch64-unknown-linux-gnu,indexmap,2.14.0,map::tests::swap_remove_index,full,success,0.13010697000000002,,,,
aarch64-unknown-linux-gnu,indexmap,2.14.0,map::tests::test_binary_search_by,full,success,0.14462408233333335,,,,
aarch64-unknown-linux-gnu,indexmap,2.14.0,map::tests::test_binary_search_by_key,full,success,0.14378563166666666,,,,
aarch64-unknown-linux-gnu,indexmap,2.14.0,map::tests::test_move_index_out_of_bounds_0_10,full,success,0.12191486966666669,,,,
aarch64-unknown-linux-gnu,indexmap,2.14.0,map::tests::test_move_index_out_of_bounds_0_max,full,success,0.12234921533333336,,,,
aarch64-unknown-linux-gnu,indexmap,2.14.0,map::tests::test_move_index_out_of_bounds_10_0,full,success,0.121897649,,,,
aarch64-unknown-linux-gnu,indexmap,2.14.0,map::tests::test_move_index_out_of_bounds_max_0,full,success,0.12196877333333334,,,,
aarch64-unknown-linux-gnu,indexmap,2.14.0,map::tests::test_partition_point,full,success,0.14440890166666667,,,,
aarch64-unknown-linux-gnu,indexmap,2.14.0,map::tests::try_reserve,full,success,0.10745500933333334,,,,
aarch64-unknown-linux-gnu,indexmap,2.14.0,map::tests::values,full,success,0.11007726666666667,,,,
aarch64-unknown-linux-gnu,indexmap,2.14.0,map::tests::values_mut,full,success,0.11053016933333333,,,,
aarch64-unknown-linux-gnu,indexmap,2.14.0,set::slice::tests::slice_index,full,success,0.3068962636666666,,,,
aarch64-unknown-linux-gnu,indexmap,2.14.0,set::tests::binary_search,full,success,0.11126312166666667,,,,
aarch64-unknown-linux-gnu,indexmap,2.14.0,set::tests::comparisons,full,success,0.14161440833333336,,,,
aarch64-unknown-linux-gnu,indexmap,2.14.0,set::tests::drain,full,success,0.109902909,,,,
aarch64-unknown-linux-gnu,indexmap,2.14.0,set::tests::extend,full,success,0.11315191966666667,,,,
aarch64-unknown-linux-gnu,indexmap,2.14.0,set::tests::first,full,success,0.10923785366666668,,,,
aarch64-unknown-linux-gnu,indexmap,2.14.0,set::tests::from_array,full,success,0.11638806533333335,,,,
aarch64-unknown-linux-gnu,indexmap,2.14.0,set::tests::get_range,full,success,0.11178263333333334,,,,
aarch64-unknown-linux-gnu,indexmap,2.14.0,set::tests::grow,full,success,0.4117118443333334,,,,
aarch64-unknown-linux-gnu,indexmap,2.14.0,set::tests::insert,full,success,0.12756954933333334,,,,
aarch64-unknown-linux-gnu,indexmap,2.14.0,set::tests::insert_2,full,success,1.890189001666667,,,,
aarch64-unknown-linux-gnu,indexmap,2.14.0,set::tests::insert_dup,full,success,0.11229694966666666,,,,
aarch64-unknown-linux-gnu,indexmap,2.14.0,set::tests::insert_full,full,success,0.12266479100000001,,,,
aarch64-unknown-linux-gnu,indexmap,2.14.0,set::tests::insert_order,full,success,0.13195822433333335,,,,
aarch64-unknown-linux-gnu,indexmap,2.14.0,set::tests::insert_sorted,full,success,0.11100458933333335,,,,
aarch64-unknown-linux-gnu,indexmap,2.14.0,set::tests::is_sorted,full,success,0.12651286133333334,,,,
aarch64-unknown-linux-gnu,indexmap,2.14.0,set::tests::is_sorted_trivial,full,success,0.11300668033333335,,,,
aarch64-unknown-linux-gnu,indexmap,2.14.0,set::tests::it_works,full,success,0.108597074,,,,
aarch64-unknown-linux-gnu,indexmap,2.14.0,set::tests::iter_comparisons,full,success,0.22148691833333334,,,,
aarch64-unknown-linux-gnu,indexmap,2.14.0,set::tests::iter_default,full,success,0.106822154,,,,
aarch64-unknown-linux-gnu,indexmap,2.14.0,set::tests::last,full,success,0.11448820033333335,,,,
aarch64-unknown-linux-gnu,indexmap,2.14.0,set::tests::new,full,success,0.10747392700000001,,,,
aarch64-unknown-linux-gnu,indexmap,2.14.0,set::tests::ops,full,success,0.46704131866666665,,,,
aarch64-unknown-linux-gnu,indexmap,2.14.0,set::tests::partial_eq_and_eq,full,success,0.11215511133333333,,,,
aarch64-unknown-linux-gnu,indexmap,2.14.0,set::tests::remove,full,success,0.15089015000000003,,,,
aarch64-unknown-linux-gnu,indexmap,2.14.0,set::tests::replace,full,success,0.12499367266666668,,,,
aarch64-unknown-linux-gnu,indexmap,2.14.0,set::tests::replace_2,full,success,1.8929344356666669,,,,
aarch64-unknown-linux-gnu,indexmap,2.14.0,set::tests::replace_change,full,success,0.10800631266666667,,,,
aarch64-unknown-linux-gnu,indexmap,2.14.0,set::tests::replace_dup,full,success,0.111162447,,,,
aarch64-unknown-linux-gnu,indexmap,2.14.0,set::tests::replace_full,full,success,0.12214050300000001,,,,
aarch64-unknown-linux-gnu,indexmap,2.14.0,set::tests::replace_order,full,success,0.12894599233333334,,,,
aarch64-unknown-linux-gnu,indexmap,2.14.0,set::tests::reserve,full,success,0.44234066200000005,,,,
aarch64-unknown-linux-gnu,indexmap,2.14.0,set::tests::retain,full,success,0.12038495333333334,,,,
aarch64-unknown-linux-gnu,indexmap,2.14.0,set::tests::shift_insert,full,success,0.14668299566666668,,,,
aarch64-unknown-linux-gnu,indexmap,2.14.0,set::tests::shift_remove_full,full,success,0.114863177,,,,
aarch64-unknown-linux-gnu,indexmap,2.14.0,set::tests::shift_remove_index,full,success,0.11630291400000002,,,,
aarch64-unknown-linux-gnu,indexmap,2.14.0,set::tests::shift_take,full,success,0.11451333366666666,,,,
aarch64-unknown-linux-gnu,indexmap,2.14.0,set::tests::shrink_to_fit,full,success,0.5116019310000001,,,,
aarch64-unknown-linux-gnu,indexmap,2.14.0,set::tests::sort_by,full,success,0.11100848333333335,,,,
aarch64-unknown-linux-gnu,indexmap,2.14.0,set::tests::sort_by_cached_key,full,success,0.11494938333333334,,,,
aarch64-unknown-linux-gnu,indexmap,2.14.0,set::tests::sort_by_key,full,success,0.11342390000000001,,,,
aarch64-unknown-linux-gnu,indexmap,2.14.0,set::tests::sort_unstable,full,success,0.11054228333333334,,,,
aarch64-unknown-linux-gnu,indexmap,2.14.0,set::tests::sort_unstable_by,full,success,0.125289507,,,,
aarch64-unknown-linux-gnu,indexmap,2.14.0,set::tests::sort_unstable_by_key,full,success,0.11376946666666667,,,,
aarch64-unknown-linux-gnu,indexmap,2.14.0,set::tests::sorted_unstable_by,full,success,0.12480089700000001,,,,
aarch64-unknown-linux-gnu,indexmap,2.14.0,set::tests::split_off,full,success,0.11309885166666667,,,,
aarch64-unknown-linux-gnu,indexmap,2.14.0,set::tests::swap_remove_index,full,success,0.12918646566666667,,,,
aarch64-unknown-linux-gnu,indexmap,2.14.0,set::tests::swap_take,full,success,0.11295070000000001,,,,
aarch64-unknown-linux-gnu,indexmap,2.14.0,set::tests::take,full,success,0.10747807433333334,,,,
aarch64-unknown-linux-gnu,indexmap,2.14.0,set::tests::test_binary_search_by,full,success,0.13840851099999998,,,,
aarch64-unknown-linux-gnu,indexmap,2.14.0,set::tests::test_binary_search_by_key,full,success,0.13885465933333332,,,,
aarch64-unknown-linux-gnu,indexmap,2.14.0,set::tests::test_partition_point,full,success,0.13825549666666667,,,,
aarch64-unknown-linux-gnu,indexmap,2.14.0,set::tests::try_reserve,full,success,0.10601691133333335,,,,
aarch64-unknown-linux-gnu,indexmap,2.14.0,set::tests::try_reserve_exact,full,success,0.111621311,,,,
aarch64-unknown-linux-gnu,is-terminal,0.4.17,tests::stderr,full,success,0.11077865733333335,,,,
aarch64-unknown-linux-gnu,is-terminal,0.4.17,tests::stderr_vs_libc,full,success,0.111464821,,,,
aarch64-unknown-linux-gnu,is-terminal,0.4.17,tests::stdin,full,success,0.10973814133333333,,,,
aarch64-unknown-linux-gnu,is-terminal,0.4.17,tests::stdin_vs_libc,full,success,0.11054249766666668,,,,
aarch64-unknown-linux-gnu,is-terminal,0.4.17,tests::stdout,full,success,0.11051837466666668,,,,
aarch64-unknown-linux-gnu,is-terminal,0.4.17,tests::stdout_vs_libc,full,success,0.11034449400000002,,,,
aarch64-unknown-linux-gnu,lazycell,1.3.0,tests::atomic_replace,full,success,0.10608682833333334,,,,
aarch64-unknown-linux-gnu,lazycell,1.3.0,tests::clone,full,success,0.107741033,,,,
aarch64-unknown-linux-gnu,lazycell,1.3.0,tests::clone_atomic,full,success,0.1066616706666667,,,,
aarch64-unknown-linux-gnu,lazycell,1.3.0,tests::default,full,success,0.10803672666666668,,,,
aarch64-unknown-linux-gnu,lazycell,1.3.0,tests::normal_replace,full,success,0.10702347266666667,,,,
aarch64-unknown-linux-gnu,lazycell,1.3.0,tests::test_already_filled_error,full,success,0.105428642,,,,
aarch64-unknown-linux-gnu,lazycell,1.3.0,tests::test_atomic_already_filled_panic,full,success,0.10493848033333335,,,,
aarch64-unknown-linux-gnu,lazycell,1.3.0,tests::test_atomic_borrow_from_empty,full,success,0.105184202,,,,
aarch64-unknown-linux-gnu,lazycell,1.3.0,tests::test_atomic_fill_and_borrow,full,success,0.105487575,,,,
aarch64-unknown-linux-gnu,lazycell,1.3.0,tests::test_atomic_into_inner,full,success,0.10486001533333333,,,,
aarch64-unknown-linux-gnu,lazycell,1.3.0,tests::test_borrow_from_empty,full,success,0.105322345,,,,
aarch64-unknown-linux-gnu,lazycell,1.3.0,tests::test_borrow_mut,full,success,0.10565754666666667,,,,
aarch64-unknown-linux-gnu,lazycell,1.3.0,tests::test_borrow_mut_with,full,success,0.10589808866666667,,,,
aarch64-unknown-linux-gnu,lazycell,1.3.0,tests::test_borrow_mut_with_already_filled,full,success,0.10729199,,,,
aarch64-unknown-linux-gnu,lazycell,1.3.0,tests::test_borrow_mut_with_not_called_when_filled,full,success,0.10720896666666668,,,,
aarch64-unknown-linux-gnu,lazycell,1.3.0,tests::test_borrow_with,full,success,0.10700513699999999,,,,
aarch64-unknown-linux-gnu,lazycell,1.3.0,tests::test_borrow_with_already_filled,full,success,0.10594955933333333,,,,
aarch64-unknown-linux-gnu,lazycell,1.3.0,tests::test_borrow_with_not_called_when_filled,full,success,0.10658973033333334,,,,
aarch64-unknown-linux-gnu,lazycell,1.3.0,tests::test_borrow_with_sound_with_reentrancy,full,success,0.11423716933333335,,,,
aarch64-unknown-linux-gnu,lazycell,1.3.0,tests::test_fill_and_borrow,full,success,0.106705815,,,,
aarch64-unknown-linux-gnu,lazycell,1.3.0,tests::test_into_inner,full,success,0.10685558566666668,,,,
aarch64-unknown-linux-gnu,lazycell,1.3.0,tests::test_try_borrow_mut_with_already_filled,full,success,0.10594303433333334,,,,
aarch64-unknown-linux-gnu,lazycell,1.3.0,tests::test_try_borrow_mut_with_err,full,success,0.10611166033333334,,,,
aarch64-unknown-linux-gnu,lazycell,1.3.0,tests::test_try_borrow_mut_with_ok,full,success,0.10663623400000001,,,,
aarch64-unknown-linux-gnu,lazycell,1.3.0,tests::test_try_borrow_with_already_filled,full,success,0.10637036066666666,,,,
aarch64-unknown-linux-gnu,lazycell,1.3.0,tests::test_try_borrow_with_err,full,success,0.10642100733333333,,,,
aarch64-unknown-linux-gnu,lazycell,1.3.0,tests::test_try_borrow_with_ok,full,success,0.10726391766666667,,,,
aarch64-unknown-linux-gnu,lazycell,1.3.0,tests::test_try_borrow_with_sound_with_reentrancy,full,success,0.11354423166666668,,,,
aarch64-unknown-linux-gnu,libc,0.2.186,macros::tests::c_enum_basic,full,success,0.10238908633333334,,,,
aarch64-unknown-linux-gnu,libc,0.2.186,macros::tests::c_enum_multiple_set_value,full,success,0.10241372200000003,,,,
aarch64-unknown-linux-gnu,libc,0.2.186,macros::tests::c_enum_repr,full,success,0.102691985,,,,
aarch64-unknown-linux-gnu,libc,0.2.186,macros::tests::c_enum_set_value,full,success,0.102386355,,,,
aarch64-unknown-linux-gnu,libc,0.2.186,macros::tests::c_enum_vis,full,success,0.10292726133333334,,,,
aarch64-unknown-linux-gnu,libc,0.2.186,macros::tests::test_offset_of,full,success,0.10308720433333335,,,,
aarch64-unknown-linux-gnu,log,0.4.29,tests::test_cross_cmp,full,success,0.105746505,,,,
aarch64-unknown-linux-gnu,log,0.4.29,tests::test_cross_eq,full,success,0.10596053500000001,,,,
aarch64-unknown-linux-gnu,log,0.4.29,tests::test_foreign_impl,full,success,0.10696600266666667,,,,
aarch64-unknown-linux-gnu,log,0.4.29,tests::test_level_as_str,full,success,0.105998394,,,,
aarch64-unknown-linux-gnu,log,0.4.29,tests::test_level_down,full,success,0.106280033,,,,
aarch64-unknown-linux-gnu,log,0.4.29,tests::test_level_filter_as_str,full,success,0.106144156,,,,
aarch64-unknown-linux-gnu,log,0.4.29,tests::test_level_filter_down,full,success,0.10593638966666667,,,,
aarch64-unknown-linux-gnu,log,0.4.29,tests::test_level_filter_up,full,success,0.105574774,,,,
aarch64-unknown-linux-gnu,log,0.4.29,tests::test_level_from_str,full,success,0.10736878133333334,,,,
aarch64-unknown-linux-gnu,log,0.4.29,tests::test_level_show,full,success,0.10581637266666667,,,,
aarch64-unknown-linux-gnu,log,0.4.29,tests::test_level_up,full,success,0.105684493,,,,
aarch64-unknown-linux-gnu,log,0.4.29,tests::test_levelfilter_from_str,full,success,0.10764132333333333,,,,
aarch64-unknown-linux-gnu,log,0.4.29,tests::test_levelfilter_show,full,success,0.10679609033333333,,,,
aarch64-unknown-linux-gnu,log,0.4.29,tests::test_metadata_builder,full,success,0.10701400833333334,,,,
aarch64-unknown-linux-gnu,log,0.4.29,tests::test_metadata_convenience_builder,full,success,0.107180385,,,,
aarch64-unknown-linux-gnu,log,0.4.29,tests::test_record_builder,full,success,0.106520864,,,,
aarch64-unknown-linux-gnu,log,0.4.29,tests::test_record_complete_builder,full,success,0.10693499166666666,,,,
aarch64-unknown-linux-gnu,log,0.4.29,tests::test_record_convenience_builder,full,success,0.10708509066666667,,,,
aarch64-unknown-linux-gnu,log,0.4.29,tests::test_static_max_level_debug,full,success,0.107005367,,,,
aarch64-unknown-linux-gnu,log,0.4.29,tests::test_to_level,full,success,0.10711780366666668,,,,
aarch64-unknown-linux-gnu,log,0.4.29,tests::test_to_level_filter,full,success,0.10655002366666667,,,,
aarch64-unknown-linux-gnu,lru,0.18.0,tests::iter_mut_stacked_borrows_violation,full,success,0.10773223700000001,,,,
aarch64-unknown-linux-gnu,lru,0.18.0,tests::test_clear,full,success,0.11043438,,,,
aarch64-unknown-linux-gnu,lru,0.18.0,tests::test_clone,full,success,0.11233513966666668,,,,
aarch64-unknown-linux-gnu,lru,0.18.0,tests::test_clone_unbounded,full,success,0.114637638,,,,
aarch64-unknown-linux-gnu,lru,0.18.0,tests::test_contains,full,success,0.11007698566666668,,,,
aarch64-unknown-linux-gnu,lru,0.18.0,tests::test_get_key_value,full,success,0.10863684333333334,,,,
aarch64-unknown-linux-gnu,lru,0.18.0,tests::test_get_key_value_mut,full,success,0.10843580100000001,,,,
aarch64-unknown-linux-gnu,lru,0.18.0,tests::test_get_mut_and_update,full,success,0.10896364366666667,,,,
aarch64-unknown-linux-gnu,lru,0.18.0,tests::test_get_mut_with_borrow,full,success,0.107888416,,,,
aarch64-unknown-linux-gnu,lru,0.18.0,tests::test_get_or_insert_mut_ref,full,success,0.10870356233333334,,,,
aarch64-unknown-linux-gnu,lru,0.18.0,tests::test_get_or_insert_ref,full,success,0.11056772666666669,,,,
aarch64-unknown-linux-gnu,lru,0.18.0,tests::test_get_with_borrow,full,success,0.107934232,,,,
aarch64-unknown-linux-gnu,lru,0.18.0,tests::test_into_iter,full,success,0.11044174733333334,,,,
aarch64-unknown-linux-gnu,lru,0.18.0,tests::test_iter_backwards,full,success,0.109469276,,,,
aarch64-unknown-linux-gnu,lru,0.18.0,tests::test_iter_clone,full,success,0.109011851,,,,
aarch64-unknown-linux-gnu,lru,0.18.0,tests::test_iter_forwards,full,success,0.110246459,,,,
aarch64-unknown-linux-gnu,lru,0.18.0,tests::test_iter_forwards_and_backwards,full,success,0.10974639933333334,,,,
aarch64-unknown-linux-gnu,lru,0.18.0,tests::test_iter_multiple_threads,full,success,0.11623660566666667,,,,
aarch64-unknown-linux-gnu,lru,0.18.0,tests::test_multiple_threads,full,success,0.11356969033333335,,,,
aarch64-unknown-linux-gnu,lru,0.18.0,tests::test_no_memory_leaks,full,success,12.465715998333332,,,,
aarch64-unknown-linux-gnu,lru,0.18.0,tests::test_no_memory_leaks_with_clear,full,success,12.511591177666666,,,,
aarch64-unknown-linux-gnu,lru,0.18.0,tests::test_no_memory_leaks_with_pop,full,success,11.85944353766667,,,,
aarch64-unknown-linux-gnu,lru,0.18.0,tests::test_no_memory_leaks_with_resize,full,success,12.650829737999999,,,,
aarch64-unknown-linux-gnu,lru,0.18.0,tests::test_peek,full,success,0.11058628533333335,,,,
aarch64-unknown-linux-gnu,lru,0.18.0,tests::test_peek_lru,full,success,0.11000299899999999,,,,
aarch64-unknown-linux-gnu,lru,0.18.0,tests::test_peek_mru,full,success,0.11047723100000001,,,,
aarch64-unknown-linux-gnu,lru,0.18.0,tests::test_peek_mut,full,success,0.11212116366666668,,,,
aarch64-unknown-linux-gnu,lru,0.18.0,tests::test_pop,full,success,0.110119538,,,,
aarch64-unknown-linux-gnu,lru,0.18.0,tests::test_pop_entry,full,success,0.11010620766666668,,,,
aarch64-unknown-linux-gnu,lru,0.18.0,tests::test_pop_lru,full,success,0.47917390966666673,,,,
aarch64-unknown-linux-gnu,lru,0.18.0,tests::test_pop_mru,full,success,0.4812664856666667,,,,
aarch64-unknown-linux-gnu,lru,0.18.0,tests::test_promote_and_demote,full,success,0.11564472533333335,,,,
aarch64-unknown-linux-gnu,lru,0.18.0,tests::test_put_and_get,full,success,0.10848883633333334,,,,
aarch64-unknown-linux-gnu,lru,0.18.0,tests::test_put_and_get_mut,full,success,0.11018414733333333,,,,
aarch64-unknown-linux-gnu,lru,0.18.0,tests::test_put_and_get_or_insert,full,success,0.111797559,,,,
aarch64-unknown-linux-gnu,lru,0.18.0,tests::test_put_and_get_or_insert_mut,full,success,0.11138176300000001,,,,
aarch64-unknown-linux-gnu,lru,0.18.0,tests::test_put_and_get_or_insert_mut_with_key,full,success,0.11121868033333333,,,,
aarch64-unknown-linux-gnu,lru,0.18.0,tests::test_put_and_get_or_insert_with_key,full,success,0.11128355866666667,,,,
aarch64-unknown-linux-gnu,lru,0.18.0,tests::test_put_removes_oldest,full,success,0.11467320633333333,,,,
aarch64-unknown-linux-gnu,lru,0.18.0,tests::test_put_update,full,success,0.10909496666666667,,,,
aarch64-unknown-linux-gnu,lru,0.18.0,tests::test_resize_larger,full,success,0.11255728933333335,,,,
aarch64-unknown-linux-gnu,lru,0.18.0,tests::test_resize_smaller,full,success,0.11289288566666666,,,,
aarch64-unknown-linux-gnu,lru,0.18.0,tests::test_send,full,success,0.10934954433333334,,,,
aarch64-unknown-linux-gnu,lru,0.18.0,tests::test_that_pop_actually_detaches_node,full,success,0.11304140333333335,,,,
aarch64-unknown-linux-gnu,lru,0.18.0,tests::test_try_get_or_insert,full,success,0.10930006233333334,,,,
aarch64-unknown-linux-gnu,lru,0.18.0,tests::test_try_get_or_insert_mut,full,success,0.11180435066666668,,,,
aarch64-unknown-linux-gnu,lru,0.18.0,tests::test_try_get_or_insert_mut_ref,full,success,0.11070166966666667,,,,
aarch64-unknown-linux-gnu,lru,0.18.0,tests::test_try_get_or_insert_mut_with_key,full,success,0.11332838700000002,,,,
aarch64-unknown-linux-gnu,lru,0.18.0,tests::test_try_get_or_insert_ref,full,success,0.11064444366666666,,,,
aarch64-unknown-linux-gnu,lru,0.18.0,tests::test_try_get_or_insert_with_key,full,success,0.10844805733333333,,,,
aarch64-unknown-linux-gnu,lru,0.18.0,tests::test_unbounded,full,success,21.01619469666667,,,,
aarch64-unknown-linux-gnu,lru,0.18.0,tests::test_with_hasher,full,success,13.807652275,,,,
aarch64-unknown-linux-gnu,matchers,0.2.0,test::anchored::debug_explicitly_unanchored,full,success,10.622814261666667,,,,
aarch64-unknown-linux-gnu,matchers,0.2.0,test::anchored::debug_is_anchored,full,success,0.5200333543333334,,,,
aarch64-unknown-linux-gnu,matchers,0.2.0,test::anchored::debug_matches,full,success,24.835973126333332,,,,
aarch64-unknown-linux-gnu,matchers,0.2.0,test::anchored::debug_rep_patterns,full,success,0.5122455496666666,,,,
aarch64-unknown-linux-gnu,matchers,0.2.0,test::anchored::display_explicitly_unanchored,full,success,10.416094764999999,,,,
aarch64-unknown-linux-gnu,matchers,0.2.0,test::anchored::display_is_anchored,full,success,0.510632889,,,,
aarch64-unknown-linux-gnu,matchers,0.2.0,test::anchored::display_matches,full,success,24.573278556,,,,
aarch64-unknown-linux-gnu,matchers,0.2.0,test::anchored::reader_explicitly_unanchored,full,success,10.329113969,,,,
aarch64-unknown-linux-gnu,matchers,0.2.0,test::anchored::reader_is_anchored,full,success,0.5089777750000001,,,,
aarch64-unknown-linux-gnu,matchers,0.2.0,test::anchored::reader_matches,full,success,24.346634868,,,,
aarch64-unknown-linux-gnu,matchers,0.2.0,test::unanchored::debug_is_unanchored,full,success,0.5170981070000001,,,,
aarch64-unknown-linux-gnu,matchers,0.2.0,test::unanchored::debug_matches,full,success,24.55990504766667,,,,
aarch64-unknown-linux-gnu,matchers,0.2.0,test::unanchored::debug_rep_patterns,full,success,0.5100615656666667,,,,
aarch64-unknown-linux-gnu,matchers,0.2.0,test::unanchored::display_is_unanchored,full,success,0.510823331,,,,
aarch64-unknown-linux-gnu,matchers,0.2.0,test::unanchored::display_matches,full,success,24.463762372999998,,,,
aarch64-unknown-linux-gnu,matchers,0.2.0,test::unanchored::reader_is_unanchored,full,success,0.5185523256666666,,,,
aarch64-unknown-linux-gnu,matchers,0.2.0,test::unanchored::reader_matches,full,success,24.450314238,,,,
aarch64-unknown-linux-gnu,memchr,2.8.1,arch::aarch64::neon::memchr::tests::count_one,full,success,0.2339798696666667,,,,
aarch64-unknown-linux-gnu,memchr,2.8.1,arch::aarch64::neon::memchr::tests::forward_one,full,success,0.25611693933333335,,,,
aarch64-unknown-linux-gnu,memchr,2.8.1,arch::aarch64::neon::memchr::tests::forward_three,full,success,0.34115785400000004,,,,
aarch64-unknown-linux-gnu,memchr,2.8.1,arch::aarch64::neon::memchr::tests::forward_two,full,success,0.303092073,,,,
aarch64-unknown-linux-gnu,memchr,2.8.1,arch::aarch64::neon::memchr::tests::reverse_one,full,success,0.263908133,,,,
aarch64-unknown-linux-gnu,memchr,2.8.1,arch::aarch64::neon::memchr::tests::reverse_three,full,success,0.3447400893333334,,,,
aarch64-unknown-linux-gnu,memchr,2.8.1,arch::aarch64::neon::memchr::tests::reverse_two,full,success,0.30667010933333333,,,,
aarch64-unknown-linux-gnu,memchr,2.8.1,arch::aarch64::neon::packedpair::tests::forward_packedpair,full,success,5.245585803,,,,
aarch64-unknown-linux-gnu,memchr,2.8.1,arch::aarch64::neon::packedpair::tests::forward_packedpair_prefilter,full,success,5.260522957,,,,
aarch64-unknown-linux-gnu,memchr,2.8.1,arch::aarch64::neon::packedpair::tests::forward_substring,full,success,2.291255602666667,,,,
aarch64-unknown-linux-gnu,memchr,2.8.1,arch::all::memchr::tests::count_one,full,success,0.22876876566666668,,,,
aarch64-unknown-linux-gnu,memchr,2.8.1,arch::all::memchr::tests::forward_one,full,success,0.25714215633333337,,,,
aarch64-unknown-linux-gnu,memchr,2.8.1,arch::all::memchr::tests::forward_three,full,success,0.338908258,,,,
aarch64-unknown-linux-gnu,memchr,2.8.1,arch::all::memchr::tests::forward_two,full,success,0.29908040300000005,,,,
aarch64-unknown-linux-gnu,memchr,2.8.1,arch::all::memchr::tests::regression_big_endian1,full,success,0.10372543033333333,,,,
aarch64-unknown-linux-gnu,memchr,2.8.1,arch::all::memchr::tests::regression_big_endian2,full,success,0.10403702266666666,,,,
aarch64-unknown-linux-gnu,memchr,2.8.1,arch::all::memchr::tests::regression_count_new_lines,full,success,0.10355477466666667,,,,
aarch64-unknown-linux-gnu,memchr,2.8.1,arch::all::memchr::tests::regression_double_ended_iterator,full,success,0.10500917500000001,,,,
aarch64-unknown-linux-gnu,memchr,2.8.1,arch::all::memchr::tests::reverse_one,full,success,0.2638782343333334,,,,
aarch64-unknown-linux-gnu,memchr,2.8.1,arch::all::memchr::tests::reverse_three,full,success,0.34089085966666666,,,,
aarch64-unknown-linux-gnu,memchr,2.8.1,arch::all::memchr::tests::reverse_two,full,success,0.30350535900000003,,,,
aarch64-unknown-linux-gnu,memchr,2.8.1,arch::all::packedpair::tests::forward_packedpair,full,success,5.041747916666666,,,,
aarch64-unknown-linux-gnu,memchr,2.8.1,arch::all::rabinkarp::tests::forward,full,success,2.835997786666667,,,,
aarch64-unknown-linux-gnu,memchr,2.8.1,arch::all::rabinkarp::tests::reverse,full,success,2.8313248989999997,,,,
aarch64-unknown-linux-gnu,memchr,2.8.1,arch::all::shiftor::tests::forward,full,success,3.1187866433333333,,,,
aarch64-unknown-linux-gnu,memchr,2.8.1,arch::all::tests::equals_different_lengths,full,success,0.10377772766666667,,,,
aarch64-unknown-linux-gnu,memchr,2.8.1,arch::all::tests::equals_mismatch,full,success,0.104304548,,,,
aarch64-unknown-linux-gnu,memchr,2.8.1,arch::all::tests::equals_yes,full,success,0.10391315866666669,,,,
aarch64-unknown-linux-gnu,memchr,2.8.1,arch::all::tests::prefix,full,success,0.10355701300000002,,,,
aarch64-unknown-linux-gnu,memchr,2.8.1,arch::all::tests::suffix,full,success,0.10408624933333334,,,,
aarch64-unknown-linux-gnu,memchr,2.8.1,arch::all::twoway::tests::forward,full,success,2.5975188823333335,,,,
aarch64-unknown-linux-gnu,memchr,2.8.1,arch::all::twoway::tests::regression_rev_small_period,full,success,0.10361919466666665,,,,
aarch64-unknown-linux-gnu,memchr,2.8.1,arch::all::twoway::tests::reverse,full,success,2.4197856853333333,,,,
aarch64-unknown-linux-gnu,memchr,2.8.1,arch::all::twoway::tests::suffix_forward,full,success,0.10387046766666667,,,,
aarch64-unknown-linux-gnu,memchr,2.8.1,arch::all::twoway::tests::suffix_reverse,full,success,0.10340644833333335,,,,
aarch64-unknown-linux-gnu,memchr,2.8.1,memchr::tests::count1_iter,full,success,0.23299040300000004,,,,
aarch64-unknown-linux-gnu,memchr,2.8.1,memchr::tests::forward1_iter,full,success,0.25185412766666665,,,,
aarch64-unknown-linux-gnu,memchr,2.8.1,memchr::tests::forward1_oneshot,full,success,0.25050852500000004,,,,
aarch64-unknown-linux-gnu,memchr,2.8.1,memchr::tests::forward2_iter,full,success,0.2989246136666667,,,,
aarch64-unknown-linux-gnu,memchr,2.8.1,memchr::tests::forward2_oneshot,full,success,0.303528591,,,,
aarch64-unknown-linux-gnu,memchr,2.8.1,memchr::tests::forward3_iter,full,success,0.3396497166666667,,,,
aarch64-unknown-linux-gnu,memchr,2.8.1,memchr::tests::forward3_oneshot,full,success,0.34517374000000006,,,,
aarch64-unknown-linux-gnu,memchr,2.8.1,memchr::tests::reverse1_iter,full,success,0.25761795699999995,,,,
aarch64-unknown-linux-gnu,memchr,2.8.1,memchr::tests::reverse1_oneshot,full,success,0.25542570933333336,,,,
aarch64-unknown-linux-gnu,memchr,2.8.1,memchr::tests::reverse2_iter,full,success,0.30188183800000007,,,,
aarch64-unknown-linux-gnu,memchr,2.8.1,memchr::tests::reverse2_oneshot,full,success,0.30490751099999996,,,,
aarch64-unknown-linux-gnu,memchr,2.8.1,memchr::tests::reverse3_iter,full,success,0.342827399,,,,
aarch64-unknown-linux-gnu,memchr,2.8.1,memchr::tests::reverse3_oneshot,full,success,0.34786057200000003,,,,
aarch64-unknown-linux-gnu,memchr,2.8.1,memchr::tests::sync_regression,full,success,0.10407822066666667,,,,
aarch64-unknown-linux-gnu,memchr,2.8.1,memmem::tests::forward,full,success,2.6701055030000003,,,,
aarch64-unknown-linux-gnu,memchr,2.8.1,memmem::tests::reverse,full,success,2.695766222,,,,
aarch64-unknown-linux-gnu,memchr,2.8.1,tests::byte_order,full,success,0.10519062500000002,,,,
aarch64-unknown-linux-gnu,memchr,2.8.1,tests::substring::naive::tests::forward,full,success,2.7609694376666667,,,,
aarch64-unknown-linux-gnu,memchr,2.8.1,tests::substring::naive::tests::reverse,full,success,2.7976925693333334,,,,
aarch64-unknown-linux-gnu,nu-ansi-term,0.50.3,ansi::test::black,full,success,0.10562598266666667,,,,
aarch64-unknown-linux-gnu,nu-ansi-term,0.50.3,ansi::test::blink,full,success,0.11108137366666666,,,,
aarch64-unknown-linux-gnu,nu-ansi-term,0.50.3,ansi::test::blue_on_rgb,full,success,0.11400051366666668,,,,
aarch64-unknown-linux-gnu,nu-ansi-term,0.50.3,ansi::test::blue_underline,full,success,0.11391445300000001,,,,
aarch64-unknown-linux-gnu,nu-ansi-term,0.50.3,ansi::test::bold,full,success,0.11366567466666667,,,,
aarch64-unknown-linux-gnu,nu-ansi-term,0.50.3,ansi::test::bold_with_reset,full,success,0.11432198033333335,,,,
aarch64-unknown-linux-gnu,nu-ansi-term,0.50.3,ansi::test::bold_with_reset_2,full,success,0.113917457,,,,
aarch64-unknown-linux-gnu,nu-ansi-term,0.50.3,ansi::test::bunderline,full,success,0.11472388533333333,,,,
aarch64-unknown-linux-gnu,nu-ansi-term,0.50.3,ansi::test::cyan_bold_on_white,full,success,0.11488390266666666,,,,
aarch64-unknown-linux-gnu,nu-ansi-term,0.50.3,ansi::test::cyan_bold_ul_on_white,full,success,0.11590084600000002,,,,
aarch64-unknown-linux-gnu,nu-ansi-term,0.50.3,ansi::test::cyan_ul_bold_on_white,full,success,0.11572857166666668,,,,
aarch64-unknown-linux-gnu,nu-ansi-term,0.50.3,ansi::test::cyan_ul_on_white,full,success,0.11374400700000002,,,,
aarch64-unknown-linux-gnu,nu-ansi-term,0.50.3,ansi::test::dimmed,full,success,0.11144370233333334,,,,
aarch64-unknown-linux-gnu,nu-ansi-term,0.50.3,ansi::test::fixed,full,success,0.10638428766666667,,,,
aarch64-unknown-linux-gnu,nu-ansi-term,0.50.3,ansi::test::fixed_on_fixed,full,success,0.10713359733333334,,,,
aarch64-unknown-linux-gnu,nu-ansi-term,0.50.3,ansi::test::fixed_on_purple,full,success,0.10695738133333334,,,,
aarch64-unknown-linux-gnu,nu-ansi-term,0.50.3,ansi::test::green_bold_ul,full,success,0.10745759833333335,,,,
aarch64-unknown-linux-gnu,nu-ansi-term,0.50.3,ansi::test::green_bold_ul_2,full,success,0.107480956,,,,
aarch64-unknown-linux-gnu,nu-ansi-term,0.50.3,ansi::test::hidden,full,success,0.10682171400000001,,,,
aarch64-unknown-linux-gnu,nu-ansi-term,0.50.3,ansi::test::italic,full,success,0.10603019800000002,,,,
aarch64-unknown-linux-gnu,nu-ansi-term,0.50.3,ansi::test::lr_on_lr,full,success,0.10688381400000001,,,,
aarch64-unknown-linux-gnu,nu-ansi-term,0.50.3,ansi::test::magenta_on_white,full,success,0.10615166800000002,,,,
aarch64-unknown-linux-gnu,nu-ansi-term,0.50.3,ansi::test::magenta_on_white_2,full,success,0.10613112433333334,,,,
aarch64-unknown-linux-gnu,nu-ansi-term,0.50.3,ansi::test::plain,full,success,0.104377371,,,,
aarch64-unknown-linux-gnu,nu-ansi-term,0.50.3,ansi::test::purple_on_white,full,success,0.10672237566666669,,,,
aarch64-unknown-linux-gnu,nu-ansi-term,0.50.3,ansi::test::purple_on_white_2,full,success,0.106792679,,,,
aarch64-unknown-linux-gnu,nu-ansi-term,0.50.3,ansi::test::red,full,success,0.10580349666666666,,,,
aarch64-unknown-linux-gnu,nu-ansi-term,0.50.3,ansi::test::reverse,full,success,0.10794059133333334,,,,
aarch64-unknown-linux-gnu,nu-ansi-term,0.50.3,ansi::test::rgb,full,success,0.10880494333333335,,,,
aarch64-unknown-linux-gnu,nu-ansi-term,0.50.3,ansi::test::rgb_on_blue,full,success,0.10806441100000001,,,,
aarch64-unknown-linux-gnu,nu-ansi-term,0.50.3,ansi::test::rgb_on_rgb,full,success,0.10932328100000001,,,,
aarch64-unknown-linux-gnu,nu-ansi-term,0.50.3,ansi::test::stricken,full,success,0.10811258833333333,,,,
aarch64-unknown-linux-gnu,nu-ansi-term,0.50.3,ansi::test::test_infix,full,success,0.10659112700000001,,,,
aarch64-unknown-linux-gnu,nu-ansi-term,0.50.3,ansi::test::test_write_prefix_no_gnu_compat_order,full,success,0.106700266,,,,
aarch64-unknown-linux-gnu,nu-ansi-term,0.50.3,ansi::test::underline,full,success,0.10710016500000001,,,,
aarch64-unknown-linux-gnu,nu-ansi-term,0.50.3,ansi::test::yellow_bold,full,success,0.10718211700000001,,,,
aarch64-unknown-linux-gnu,nu-ansi-term,0.50.3,ansi::test::yellow_bold_2,full,success,0.107481389,,,,
aarch64-unknown-linux-gnu,nu-ansi-term,0.50.3,ansi::test::yellow_on_blue,full,success,0.10687774533333334,,,,
aarch64-unknown-linux-gnu,nu-ansi-term,0.50.3,ansi::test::yellow_on_blue_2,full,success,0.10581779566666667,,,,
aarch64-unknown-linux-gnu,nu-ansi-term,0.50.3,ansi::test::yellow_on_blue_reset,full,success,0.10606720200000001,,,,
aarch64-unknown-linux-gnu,nu-ansi-term,0.50.3,ansi::test::yellow_on_blue_reset_2,full,success,0.10664305800000001,,,,
aarch64-unknown-linux-gnu,nu-ansi-term,0.50.3,debug::test::bold,full,success,0.10589777633333335,,,,
aarch64-unknown-linux-gnu,nu-ansi-term,0.50.3,debug::test::both,full,success,0.10524882433333334,,,,
aarch64-unknown-linux-gnu,nu-ansi-term,0.50.3,debug::test::empty,full,success,0.10552021100000002,,,,
aarch64-unknown-linux-gnu,nu-ansi-term,0.50.3,debug::test::everything,full,success,0.10729140733333335,,,,
aarch64-unknown-linux-gnu,nu-ansi-term,0.50.3,debug::test::italic,full,success,0.104826786,,,,
aarch64-unknown-linux-gnu,nu-ansi-term,0.50.3,debug::test::long_and_detailed,full,success,0.11709081266666667,,,,
aarch64-unknown-linux-gnu,nu-ansi-term,0.50.3,debug::test::red,full,success,0.10471559633333334,,,,
aarch64-unknown-linux-gnu,nu-ansi-term,0.50.3,debug::test::redblue,full,success,0.10550515733333334,,,,
aarch64-unknown-linux-gnu,nu-ansi-term,0.50.3,difference::test::addition_of_blink,full,success,0.10505100033333335,,,,
aarch64-unknown-linux-gnu,nu-ansi-term,0.50.3,difference::test::addition_of_dimmed,full,success,0.105584703,,,,
aarch64-unknown-linux-gnu,nu-ansi-term,0.50.3,difference::test::addition_of_hidden,full,success,0.10568803166666667,,,,
aarch64-unknown-linux-gnu,nu-ansi-term,0.50.3,difference::test::addition_of_reverse,full,success,0.10482663400000002,,,,
aarch64-unknown-linux-gnu,nu-ansi-term,0.50.3,difference::test::addition_of_strikethrough,full,success,0.10585616166666667,,,,
aarch64-unknown-linux-gnu,nu-ansi-term,0.50.3,difference::test::color_change,full,success,0.10544703833333334,,,,
aarch64-unknown-linux-gnu,nu-ansi-term,0.50.3,difference::test::lowercase,full,success,0.10496169400000001,,,,
aarch64-unknown-linux-gnu,nu-ansi-term,0.50.3,difference::test::nothing,full,success,0.10511353933333334,,,,
aarch64-unknown-linux-gnu,nu-ansi-term,0.50.3,difference::test::nothing2,full,success,0.10467596466666668,,,,
aarch64-unknown-linux-gnu,nu-ansi-term,0.50.3,difference::test::removal_of_blink,full,success,0.10540191033333335,,,,
aarch64-unknown-linux-gnu,nu-ansi-term,0.50.3,difference::test::removal_of_dimmed,full,success,0.10557819566666667,,,,
aarch64-unknown-linux-gnu,nu-ansi-term,0.50.3,difference::test::removal_of_hidden,full,success,0.10479964266666668,,,,
aarch64-unknown-linux-gnu,nu-ansi-term,0.50.3,difference::test::removal_of_reverse,full,success,0.10530993200000001,,,,
aarch64-unknown-linux-gnu,nu-ansi-term,0.50.3,difference::test::removal_of_strikethrough,full,success,0.10452196566666667,,,,
aarch64-unknown-linux-gnu,nu-ansi-term,0.50.3,difference::test::uppercase,full,success,0.10451531733333334,,,,
aarch64-unknown-linux-gnu,nu-ansi-term,0.50.3,display::tests::hyperlink,full,success,0.10587794233333332,,,,
aarch64-unknown-linux-gnu,nu-ansi-term,0.50.3,display::tests::hyperlinks,full,success,0.11337370766666667,,,,
aarch64-unknown-linux-gnu,nu-ansi-term,0.50.3,display::tests::no_control_codes_for_plain,full,success,0.10533881033333332,,,,
aarch64-unknown-linux-gnu,nu-ansi-term,0.50.3,display::tests::title,full,success,0.11208724766666667,,,,
aarch64-unknown-linux-gnu,nu-ansi-term,0.50.3,util::test::test,full,success,0.10836997766666667,,,,
aarch64-unknown-linux-gnu,num-bigint,0.4.6,bigint::test_assign_from_slice,full,success,0.10748543566666668,,,,
aarch64-unknown-linux-gnu,num-bigint,0.4.6,bigint::test_from_biguint,full,success,0.10557193133333335,,,,
aarch64-unknown-linux-gnu,num-bigint,0.4.6,bigint::test_from_slice,full,success,0.10741386600000002,,,,
aarch64-unknown-linux-gnu,num-bigint,0.4.6,biguint::convert::test_half_radix_bases,full,success,0.11671961400000001,,,,
aarch64-unknown-linux-gnu,num-bigint,0.4.6,biguint::convert::test_radix_bases,full,success,0.11776227733333333,,,,
aarch64-unknown-linux-gnu,num-bigint,0.4.6,biguint::iter::test_iter_u32_digits,full,success,0.10619756833333334,,,,
aarch64-unknown-linux-gnu,num-bigint,0.4.6,biguint::iter::test_iter_u32_digits_be,full,success,0.10600609366666668,,,,
aarch64-unknown-linux-gnu,num-bigint,0.4.6,biguint::iter::test_iter_u64_digits,full,success,0.10581665033333333,,,,
aarch64-unknown-linux-gnu,num-bigint,0.4.6,biguint::iter::test_iter_u64_digits_be,full,success,0.10614992166666666,,,,
aarch64-unknown-linux-gnu,num-bigint,0.4.6,biguint::multiplication::test_sub_sign,full,success,0.11716160600000002,,,,
aarch64-unknown-linux-gnu,num-bigint,0.4.6,biguint::power::test_plain_modpow,full,success,3.118211426333333,,,,
aarch64-unknown-linux-gnu,num-bigint,0.4.6,biguint::power::test_pow_biguint,full,success,0.10596453333333333,,,,
aarch64-unknown-linux-gnu,num-bigint,0.4.6,biguint::test_from_slice,full,success,0.10778154966666668,,,,
aarch64-unknown-linux-gnu,num-bigint,0.4.6,biguint::test_u128_u32_roundtrip,full,success,0.10589404033333334,,,,
aarch64-unknown-linux-gnu,num-bigint,0.4.6,biguint::test_u32_u128,full,success,0.10617679000000001,,,,
aarch64-unknown-linux-gnu,num-complex,0.4.6,cast::test::test_as_primitive,full,success,0.105205145,,,,
aarch64-unknown-linux-gnu,num-complex,0.4.6,cast::test::test_from_primitive,full,success,0.10536797600000002,,,,
aarch64-unknown-linux-gnu,num-complex,0.4.6,cast::test::test_num_cast,full,success,0.10537483466666668,,,,
aarch64-unknown-linux-gnu,num-complex,0.4.6,cast::test::test_to_primitive,full,success,0.10494021000000002,,,,
aarch64-unknown-linux-gnu,num-complex,0.4.6,complex_float::test::test_arg,full,success,0.10604941866666667,,,,
aarch64-unknown-linux-gnu,num-complex,0.4.6,complex_float::test::test_conj,full,success,0.10525856766666668,,,,
aarch64-unknown-linux-gnu,num-complex,0.4.6,complex_float::test::test_exp,full,success,0.10588687033333334,,,,
aarch64-unknown-linux-gnu,num-complex,0.4.6,complex_float::test::test_exp2,full,success,0.10599736600000002,,,,
aarch64-unknown-linux-gnu,num-complex,0.4.6,complex_float::test::test_is_finite,full,success,0.106774832,,,,
aarch64-unknown-linux-gnu,num-complex,0.4.6,complex_float::test::test_is_infinite,full,success,0.10720961733333334,,,,
aarch64-unknown-linux-gnu,num-complex,0.4.6,complex_float::test::test_is_nan,full,success,0.10660931866666667,,,,
aarch64-unknown-linux-gnu,num-complex,0.4.6,complex_float::test::test_is_normal,full,success,0.10998256633333335,,,,
aarch64-unknown-linux-gnu,num-complex,0.4.6,complex_float::test::test_log10,full,success,0.10702488166666668,,,,
aarch64-unknown-linux-gnu,num-complex,0.4.6,complex_float::test::test_log2,full,success,0.10631756633333334,,,,
aarch64-unknown-linux-gnu,num-complex,0.4.6,complex_float::test::test_powi,full,success,0.10683028233333335,,,,
aarch64-unknown-linux-gnu,num-complex,0.4.6,complex_float::test::test_powz,full,success,0.10656106933333333,,,,
aarch64-unknown-linux-gnu,num-complex,0.4.6,test::complex_arithmetic::test_add,full,success,0.10772979233333334,,,,
aarch64-unknown-linux-gnu,num-complex,0.4.6,test::complex_arithmetic::test_div,full,success,0.10753192366666668,,,,
aarch64-unknown-linux-gnu,num-complex,0.4.6,test::complex_arithmetic::test_mul,full,success,0.10871889933333334,,,,
aarch64-unknown-linux-gnu,num-complex,0.4.6,test::complex_arithmetic::test_mul_add,full,success,0.11434029533333334,,,,
aarch64-unknown-linux-gnu,num-complex,0.4.6,test::complex_arithmetic::test_mul_add_float,full,success,0.11507660033333333,,,,
aarch64-unknown-linux-gnu,num-complex,0.4.6,test::complex_arithmetic::test_neg,full,success,0.10631256299999998,,,,
aarch64-unknown-linux-gnu,num-complex,0.4.6,test::complex_arithmetic::test_rem,full,success,0.10794518766666668,,,,
aarch64-unknown-linux-gnu,num-complex,0.4.6,test::complex_arithmetic::test_sub,full,success,0.10673376033333336,,,,
aarch64-unknown-linux-gnu,num-complex,0.4.6,test::float::test_acos,full,success,0.10734300333333335,,,,
aarch64-unknown-linux-gnu,num-complex,0.4.6,test::float::test_acosh,full,success,0.10801957933333335,,,,
aarch64-unknown-linux-gnu,num-complex,0.4.6,test::float::test_arg,full,success,0.10616679899999999,,,,
aarch64-unknown-linux-gnu,num-complex,0.4.6,test::float::test_asin,full,success,0.10833397466666667,,,,
aarch64-unknown-linux-gnu,num-complex,0.4.6,test::float::test_asinh,full,success,0.10701769666666668,,,,
aarch64-unknown-linux-gnu,num-complex,0.4.6,test::float::test_atan,full,success,0.10865025766666668,,,,
aarch64-unknown-linux-gnu,num-complex,0.4.6,test::float::test_atanh,full,success,0.10704984666666668,,,,
aarch64-unknown-linux-gnu,num-complex,0.4.6,test::float::test_cbrt,full,success,0.10729049033333334,,,,
aarch64-unknown-linux-gnu,num-complex,0.4.6,test::float::test_cbrt_imag,full,success,0.11197036266666667,,,,
aarch64-unknown-linux-gnu,num-complex,0.4.6,test::float::test_cbrt_real,full,success,0.11338884766666668,,,,
aarch64-unknown-linux-gnu,num-complex,0.4.6,test::float::test_cis,full,success,0.10672557066666667,,,,
aarch64-unknown-linux-gnu,num-complex,0.4.6,test::float::test_cos,full,success,0.10777696400000002,,,,
aarch64-unknown-linux-gnu,num-complex,0.4.6,test::float::test_cosh,full,success,0.10709035633333334,,,,
aarch64-unknown-linux-gnu,num-complex,0.4.6,test::float::test_exp,full,success,0.10721045800000001,,,,
aarch64-unknown-linux-gnu,num-complex,0.4.6,test::float::test_exp2,full,success,0.106139763,,,,
aarch64-unknown-linux-gnu,num-complex,0.4.6,test::float::test_exp2_log,full,success,0.106915757,,,,
aarch64-unknown-linux-gnu,num-complex,0.4.6,test::float::test_exp_ln,full,success,0.10623149866666666,,,,
aarch64-unknown-linux-gnu,num-complex,0.4.6,test::float::test_hyperbolic_identites,full,success,0.109114837,,,,
aarch64-unknown-linux-gnu,num-complex,0.4.6,test::float::test_ln,full,success,0.10725868866666667,,,,
aarch64-unknown-linux-gnu,num-complex,0.4.6,test::float::test_log,full,success,0.10742573333333334,,,,
aarch64-unknown-linux-gnu,num-complex,0.4.6,test::float::test_log10,full,success,0.10691531166666668,,,,
aarch64-unknown-linux-gnu,num-complex,0.4.6,test::float::test_log2,full,success,0.10644220033333333,,,,
aarch64-unknown-linux-gnu,num-complex,0.4.6,test::float::test_norm,full,success,0.106945574,,,,
aarch64-unknown-linux-gnu,num-complex,0.4.6,test::float::test_polar_conv,full,success,0.10670709533333333,,,,
aarch64-unknown-linux-gnu,num-complex,0.4.6,test::float::test_powc,full,success,0.10690139366666668,,,,
aarch64-unknown-linux-gnu,num-complex,0.4.6,test::float::test_powf,full,success,0.10657356933333334,,,,
aarch64-unknown-linux-gnu,num-complex,0.4.6,test::float::test_sin,full,success,0.10829625866666666,,,,
aarch64-unknown-linux-gnu,num-complex,0.4.6,test::float::test_sinh,full,success,0.10750163366666667,,,,
aarch64-unknown-linux-gnu,num-complex,0.4.6,test::float::test_some_expf_cases,full,success,0.10701778866666667,,,,
aarch64-unknown-linux-gnu,num-complex,0.4.6,test::float::test_sqrt,full,success,0.10700349800000002,,,,
aarch64-unknown-linux-gnu,num-complex,0.4.6,test::float::test_sqrt_imag,full,success,0.112500532,,,,
aarch64-unknown-linux-gnu,num-complex,0.4.6,test::float::test_sqrt_real,full,success,0.11339887066666667,,,,
aarch64-unknown-linux-gnu,num-complex,0.4.6,test::float::test_tan,full,success,0.10719118033333334,,,,
aarch64-unknown-linux-gnu,num-complex,0.4.6,test::float::test_tanh,full,success,0.10721108166666667,,,,
aarch64-unknown-linux-gnu,num-complex,0.4.6,test::float::test_trig_identities,full,success,0.10833669600000001,,,,
aarch64-unknown-linux-gnu,num-complex,0.4.6,test::float::test_trig_to_hyperbolic,full,success,0.10742523933333335,,,,
aarch64-unknown-linux-gnu,num-complex,0.4.6,test::real_arithmetic::test_add,full,success,0.10627756633333334,,,,
aarch64-unknown-linux-gnu,num-complex,0.4.6,test::real_arithmetic::test_div,full,success,0.10677346466666666,,,,
aarch64-unknown-linux-gnu,num-complex,0.4.6,test::real_arithmetic::test_div_rem_gaussian,full,success,0.10746797366666667,,,,
aarch64-unknown-linux-gnu,num-complex,0.4.6,test::real_arithmetic::test_mul,full,success,0.10651343666666668,,,,
aarch64-unknown-linux-gnu,num-complex,0.4.6,test::real_arithmetic::test_rem,full,success,0.10689856433333333,,,,
aarch64-unknown-linux-gnu,num-complex,0.4.6,test::real_arithmetic::test_sub,full,success,0.106808484,,,,
aarch64-unknown-linux-gnu,num-complex,0.4.6,test::test_conj,full,success,0.10655305866666669,,,,
aarch64-unknown-linux-gnu,num-complex,0.4.6,test::test_const,full,success,0.10670394466666668,,,,
aarch64-unknown-linux-gnu,num-complex,0.4.6,test::test_consts,full,success,0.10616342466666667,,,,
aarch64-unknown-linux-gnu,num-complex,0.4.6,test::test_divide_by_zero_natural,full,success,0.11269684400000002,,,,
aarch64-unknown-linux-gnu,num-complex,0.4.6,test::test_from_str,full,success,0.12691529533333334,,,,
aarch64-unknown-linux-gnu,num-complex,0.4.6,test::test_from_str_fail,full,success,0.11090179900000001,,,,
aarch64-unknown-linux-gnu,num-complex,0.4.6,test::test_from_str_radix,full,success,0.11067984333333335,,,,
aarch64-unknown-linux-gnu,num-complex,0.4.6,test::test_from_str_radix_fail,full,success,0.11264797066666667,,,,
aarch64-unknown-linux-gnu,num-complex,0.4.6,test::test_hash,full,success,0.10755343166666669,,,,
aarch64-unknown-linux-gnu,num-complex,0.4.6,test::test_hashset,full,success,0.10949569199999999,,,,
aarch64-unknown-linux-gnu,num-complex,0.4.6,test::test_inv,full,success,0.10623368200000001,,,,
aarch64-unknown-linux-gnu,num-complex,0.4.6,test::test_inv_zero,full,success,0.107762227,,,,
aarch64-unknown-linux-gnu,num-complex,0.4.6,test::test_is_finite,full,success,0.10656423500000001,,,,
aarch64-unknown-linux-gnu,num-complex,0.4.6,test::test_is_infinite,full,success,0.106467486,,,,
aarch64-unknown-linux-gnu,num-complex,0.4.6,test::test_is_nan,full,success,0.106368697,,,,
aarch64-unknown-linux-gnu,num-complex,0.4.6,test::test_is_nan_special_cases,full,success,0.10726067000000002,,,,
aarch64-unknown-linux-gnu,num-complex,0.4.6,test::test_is_normal,full,success,0.10675317933333335,,,,
aarch64-unknown-linux-gnu,num-complex,0.4.6,test::test_l1_norm,full,success,0.106945947,,,,
aarch64-unknown-linux-gnu,num-complex,0.4.6,test::test_one,full,success,0.10674205233333334,,,,
aarch64-unknown-linux-gnu,num-complex,0.4.6,test::test_pow,full,success,0.12703452900000003,,,,
aarch64-unknown-linux-gnu,num-complex,0.4.6,test::test_prod,full,success,0.10696773833333334,,,,
aarch64-unknown-linux-gnu,num-complex,0.4.6,test::test_scale_unscale,full,success,0.10694557233333334,,,,
aarch64-unknown-linux-gnu,num-complex,0.4.6,test::test_string_formatting,full,success,0.12275393000000001,,,,
aarch64-unknown-linux-gnu,num-complex,0.4.6,test::test_sum,full,success,0.10732170266666667,,,,
aarch64-unknown-linux-gnu,num-complex,0.4.6,test::test_to_string,full,success,0.11325555366666668,,,,
aarch64-unknown-linux-gnu,num-complex,0.4.6,test::test_zero,full,success,0.10700124,,,,
aarch64-unknown-linux-gnu,object,0.39.1,pod::tests::single,full,success,0.10889859000000002,,,,
aarch64-unknown-linux-gnu,object,0.39.1,pod::tests::slice,full,success,0.10935551866666667,,,,
aarch64-unknown-linux-gnu,object,0.39.1,pod::tests::slice_zero,full,success,0.108702856,,,,
aarch64-unknown-linux-gnu,object,0.39.1,read::archive::tests::aix_names,full,success,0.10984492200000001,,,,
aarch64-unknown-linux-gnu,object,0.39.1,read::archive::tests::bsd_names,full,success,0.10920819966666667,,,,
aarch64-unknown-linux-gnu,object,0.39.1,read::archive::tests::gnu_names,full,success,0.10861055200000001,,,,
aarch64-unknown-linux-gnu,object,0.39.1,read::archive::tests::kind,full,success,0.111412326,,,,
aarch64-unknown-linux-gnu,object,0.39.1,read::archive::tests::thin_gnu_names,full,success,0.11030093533333335,,,,
aarch64-unknown-linux-gnu,object,0.39.1,read::coff::section::tests::name_offset,full,success,0.10893107766666667,,,,
aarch64-unknown-linux-gnu,object,0.39.1,read::macho::load_command::tests::cmd_size_invalid,full,success,0.10825884300000001,,,,
aarch64-unknown-linux-gnu,object,0.39.1,read::macho::load_command::tests::function_starts_invalid_uleb128,full,success,0.10853564900000001,,,,
aarch64-unknown-linux-gnu,object,0.39.1,read::util::tests::bytes,full,success,0.11020725533333335,,,,
aarch64-unknown-linux-gnu,object,0.39.1,read::util::tests::bytes_debug,full,success,0.11917346700000002,,,,
aarch64-unknown-linux-gnu,once_cell,1.21.4,imp::tests::poison_bad,full,success,0.11500251766666668,,,,
aarch64-unknown-linux-gnu,once_cell,1.21.4,imp::tests::smoke_once,full,success,0.10733496433333334,,,,
aarch64-unknown-linux-gnu,once_cell,1.21.4,imp::tests::stampede_once,full,success,0.11897534100000001,,,,
aarch64-unknown-linux-gnu,once_cell,1.21.4,imp::tests::test_size,full,success,0.10838030133333333,,,,
aarch64-unknown-linux-gnu,once_cell,1.21.4,imp::tests::wait_for_force_to_finish,full,success,0.12275590133333335,,,,
aarch64-unknown-linux-gnu,parking_lot_core,0.9.12,parking_lot::tests::unpark_all_hundred,full,success,17.923650817000002,,,,
aarch64-unknown-linux-gnu,parking_lot_core,0.9.12,parking_lot::tests::unpark_all_one,full,success,0.33170466400000004,,,,
aarch64-unknown-linux-gnu,parking_lot_core,0.9.12,parking_lot::tests::unpark_all_one_fast,full,success,2.3842189403333336,,,,
aarch64-unknown-linux-gnu,parking_lot_core,0.9.12,parking_lot::tests::unpark_one_fifty,full,success,1.1949064873333333,,,,
aarch64-unknown-linux-gnu,parking_lot_core,0.9.12,parking_lot::tests::unpark_one_fifty_then_fifty_all,full,success,4.412273237,,,,
aarch64-unknown-linux-gnu,parking_lot_core,0.9.12,parking_lot::tests::unpark_one_hundred_fast,full,success,18.282154684333335,,,,
aarch64-unknown-linux-gnu,parking_lot_core,0.9.12,parking_lot::tests::unpark_one_one,full,success,0.22626321933333335,,,,
aarch64-unknown-linux-gnu,parking_lot_core,0.9.12,parking_lot::tests::unpark_one_one_fast,full,success,2.2283469426666667,,,,
aarch64-unknown-linux-gnu,pem-rfc7468,1.0.0,decoder::tests::pkcs8_example,full,success,0.10776632066666665,,,,
aarch64-unknown-linux-gnu,pem-rfc7468,1.0.0,grammar::tests::split_label_empty,full,success,0.10686141100000002,,,,
aarch64-unknown-linux-gnu,pem-rfc7468,1.0.0,grammar::tests::split_label_with_repeat_wsp_is_err,full,success,0.10751753800000001,,,,
aarch64-unknown-linux-gnu,pem-rfc7468,1.0.0,grammar::tests::split_label_with_text,full,success,0.10749902166666668,,,,
aarch64-unknown-linux-gnu,pem-rfc7468,1.0.0,grammar::tests::validate_private_key_label,full,success,0.10693771,,,,
aarch64-unknown-linux-gnu,pem-rfc7468,1.0.0,grammar::tests::validate_private_key_label_reject_double_space,full,success,0.10719106166666668,,,,
aarch64-unknown-linux-gnu,percent-encoding,2.3.2,ascii_set::tests::add_op,full,success,0.10538861033333334,,,,
aarch64-unknown-linux-gnu,percent-encoding,2.3.2,ascii_set::tests::complement,full,success,0.105722358,,,,
aarch64-unknown-linux-gnu,percent-encoding,2.3.2,ascii_set::tests::not_op,full,success,0.10589607966666666,,,,
aarch64-unknown-linux-gnu,percent-encoding,2.3.2,ascii_set::tests::union,full,success,0.10561220533333333,,,,
aarch64-unknown-linux-gnu,percent-encoding,2.3.2,tests::percent_decode,full,success,0.107698573,,,,
aarch64-unknown-linux-gnu,percent-encoding,2.3.2,tests::percent_decode_collect,full,success,0.10722606366666669,,,,
aarch64-unknown-linux-gnu,percent-encoding,2.3.2,tests::percent_decode_cow,full,success,0.10561161633333334,,,,
aarch64-unknown-linux-gnu,percent-encoding,2.3.2,tests::percent_decode_invalid_utf8,full,success,0.106404067,,,,
aarch64-unknown-linux-gnu,percent-encoding,2.3.2,tests::percent_decode_str,full,success,0.10579365666666668,,,,
aarch64-unknown-linux-gnu,percent-encoding,2.3.2,tests::percent_decode_utf8_lossy,full,success,0.10670471533333332,,,,
aarch64-unknown-linux-gnu,percent-encoding,2.3.2,tests::percent_decode_utf8_lossy_invalid_utf8,full,success,0.10821460233333334,,,,
aarch64-unknown-linux-gnu,percent-encoding,2.3.2,tests::percent_encode_accepts_ascii_set_ref,full,success,0.10780859466666666,,,,
aarch64-unknown-linux-gnu,percent-encoding,2.3.2,tests::percent_encode_byte,full,success,0.18895367566666668,,,,
aarch64-unknown-linux-gnu,percent-encoding,2.3.2,tests::percent_encode_collect,full,success,0.10969247466666666,,,,
aarch64-unknown-linux-gnu,percent-encoding,2.3.2,tests::percent_encode_cow,full,success,0.10826162800000001,,,,
aarch64-unknown-linux-gnu,percent-encoding,2.3.2,tests::percent_encode_display,full,success,0.108042983,,,,
aarch64-unknown-linux-gnu,percent-encoding,2.3.2,tests::utf8_percent_encode,full,success,0.10626220066666668,,,,
aarch64-unknown-linux-gnu,percent-encoding,2.3.2,tests::utf8_percent_encode_accepts_ascii_set_ref,full,success,0.108330009,,,,
aarch64-unknown-linux-gnu,petgraph,0.8.3,acyclic::tests::test_acyclic_graph,full,success,0.13196872066666668,,,,
aarch64-unknown-linux-gnu,petgraph,0.8.3,acyclic::tests::test_acyclic_graph_add_remove,full,success,0.12286000933333334,,,,
aarch64-unknown-linux-gnu,petgraph,0.8.3,acyclic::tests::test_multiedge_allowed,full,success,0.119623818,,,,
aarch64-unknown-linux-gnu,petgraph,0.8.3,algo::bridges::tests::test_bridges,full,success,0.14033197133333333,,,,
aarch64-unknown-linux-gnu,petgraph,0.8.3,algo::dominators::tests::test_iter_dominators,full,success,0.11132988366666667,,,,
aarch64-unknown-linux-gnu,petgraph,0.8.3,algo::simple_paths::test::test_all_simple_paths,full,success,0.24547676433333335,,,,
aarch64-unknown-linux-gnu,petgraph,0.8.3,algo::simple_paths::test::test_all_simple_paths_corner_cases,full,success,0.11007934533333334,,,,
aarch64-unknown-linux-gnu,petgraph,0.8.3,algo::simple_paths::test::test_all_simple_paths_directed,full,success,0.118299074,,,,
aarch64-unknown-linux-gnu,petgraph,0.8.3,algo::simple_paths::test::test_all_simple_paths_empty,full,success,0.11320227666666667,,,,
aarch64-unknown-linux-gnu,petgraph,0.8.3,algo::simple_paths::test::test_all_simple_paths_ignores_cycle,full,success,0.116510436,,,,
aarch64-unknown-linux-gnu,petgraph,0.8.3,algo::simple_paths::test::test_all_simple_paths_on_non_trivial_graph,full,success,0.16503043433333334,,,,
aarch64-unknown-linux-gnu,petgraph,0.8.3,algo::simple_paths::test::test_digraph_multi_target_paths,full,success,0.13123052300000002,,,,
aarch64-unknown-linux-gnu,petgraph,0.8.3,algo::simple_paths::test::test_digraph_multi_target_paths_cutoff,full,success,0.13173293466666666,,,,
aarch64-unknown-linux-gnu,petgraph,0.8.3,algo::simple_paths::test::test_multi_target_paths,full,success,0.13283919633333333,,,,
aarch64-unknown-linux-gnu,petgraph,0.8.3,algo::simple_paths::test::test_multi_target_paths_cutoff,full,success,0.13472626799999998,,,,
aarch64-unknown-linux-gnu,petgraph,0.8.3,algo::simple_paths::test::test_multi_target_paths_in_cycle,full,success,0.1269355236666667,,,,
aarch64-unknown-linux-gnu,petgraph,0.8.3,algo::simple_paths::test::test_multi_target_paths_inline,full,success,0.12620887000000003,,,,
aarch64-unknown-linux-gnu,petgraph,0.8.3,algo::simple_paths::test::test_multi_target_paths_min_intermediate_nodes,full,success,0.16340422333333335,,,,
aarch64-unknown-linux-gnu,petgraph,0.8.3,algo::simple_paths::test::test_multi_target_source_is_target,full,success,0.12247854866666669,,,,
aarch64-unknown-linux-gnu,petgraph,0.8.3,algo::simple_paths::test::test_no_simple_paths,full,success,0.11989288,,,,
aarch64-unknown-linux-gnu,petgraph,0.8.3,algo::simple_paths::test::test_one_simple_path,full,success,0.11823692333333334,,,,
aarch64-unknown-linux-gnu,petgraph,0.8.3,algo::simple_paths::test::test_path_graph,full,success,0.116174873,,,,
aarch64-unknown-linux-gnu,petgraph,0.8.3,algo::simple_paths::test::test_simple_path_source_target,full,success,0.118040349,,,,
aarch64-unknown-linux-gnu,petgraph,0.8.3,algo::simple_paths::test::test_simple_paths_cutoff,full,success,0.13178380033333334,,,,
aarch64-unknown-linux-gnu,petgraph,0.8.3,algo::simple_paths::test::test_simple_paths_from_node_to_itself_in_complete_graph,full,success,0.11570779233333334,,,,
aarch64-unknown-linux-gnu,petgraph,0.8.3,algo::simple_paths::test::test_simple_paths_min_intermediate_nodes,full,success,0.13240787366666668,,,,
aarch64-unknown-linux-gnu,petgraph,0.8.3,algo::steiner_tree::test::test_compute_metric_closure,full,success,0.170805577,,,,
aarch64-unknown-linux-gnu,petgraph,0.8.3,algo::steiner_tree::test::test_remove_non_terminal_nodes,full,success,0.14877454133333334,,,,
aarch64-unknown-linux-gnu,petgraph,0.8.3,algo::steiner_tree::test::test_subgraph_from_metric_closure,full,success,0.28468706166666663,,,,
aarch64-unknown-linux-gnu,petgraph,0.8.3,algo::tred::test_easy_tred,full,success,0.11152164966666667,,,,
aarch64-unknown-linux-gnu,petgraph,0.8.3,csr::tests::csr1,full,success,0.12246802666666667,,,,
aarch64-unknown-linux-gnu,petgraph,0.8.3,csr::tests::csr_dfs,full,success,0.14162281133333335,,,,
aarch64-unknown-linux-gnu,petgraph,0.8.3,csr::tests::csr_from,full,success,0.12272275566666668,,,,
aarch64-unknown-linux-gnu,petgraph,0.8.3,csr::tests::csr_from_error_1,full,success,0.11563698266666668,,,,
aarch64-unknown-linux-gnu,petgraph,0.8.3,csr::tests::csr_from_error_2,full,success,0.115533594,,,,
aarch64-unknown-linux-gnu,petgraph,0.8.3,csr::tests::csr_from_undirected,full,success,0.12734949366666667,,,,
aarch64-unknown-linux-gnu,petgraph,0.8.3,csr::tests::csr_tarjan,full,success,0.13432433466666668,,,,
aarch64-unknown-linux-gnu,petgraph,0.8.3,csr::tests::csr_undirected,full,success,0.12166146666666666,,,,
aarch64-unknown-linux-gnu,petgraph,0.8.3,csr::tests::test_add_node,full,success,0.11718198333333335,,,,
aarch64-unknown-linux-gnu,petgraph,0.8.3,csr::tests::test_add_node_with_existing_edges,full,success,0.11593803366666666,,,,
aarch64-unknown-linux-gnu,petgraph,0.8.3,csr::tests::test_bellman_ford,full,success,0.1589216926666667,,,,
aarch64-unknown-linux-gnu,petgraph,0.8.3,csr::tests::test_bellman_ford_neg_cycle,full,success,0.12037244766666666,,,,
aarch64-unknown-linux-gnu,petgraph,0.8.3,csr::tests::test_edge_references,full,success,0.16046071000000003,,,,
aarch64-unknown-linux-gnu,petgraph,0.8.3,csr::tests::test_find_neg_cycle1,full,success,0.12169577666666669,,,,
aarch64-unknown-linux-gnu,petgraph,0.8.3,csr::tests::test_find_neg_cycle2,full,success,0.11772137366666668,,,,
aarch64-unknown-linux-gnu,petgraph,0.8.3,csr::tests::test_find_neg_cycle3,full,success,0.12052497633333333,,,,
aarch64-unknown-linux-gnu,petgraph,0.8.3,csr::tests::test_find_neg_cycle4,full,success,0.109036458,,,,
aarch64-unknown-linux-gnu,petgraph,0.8.3,csr::tests::test_node_references,full,success,0.10753197833333335,,,,
aarch64-unknown-linux-gnu,petgraph,0.8.3,dot::test::test_edgeindexlable_option,full,success,0.11205094333333333,,,,
aarch64-unknown-linux-gnu,petgraph,0.8.3,dot::test::test_edgenolable_option,full,success,0.11140589000000001,,,,
aarch64-unknown-linux-gnu,petgraph,0.8.3,dot::test::test_escape,full,success,0.107919154,,,,
aarch64-unknown-linux-gnu,petgraph,0.8.3,dot::test::test_nodeindexlable_option,full,success,0.11269853233333334,,,,
aarch64-unknown-linux-gnu,petgraph,0.8.3,dot::test::test_nodenolable_option,full,success,0.11112001166666667,,,,
aarch64-unknown-linux-gnu,petgraph,0.8.3,dot::test::test_rankdir_bt_option,full,success,0.11359955666666667,,,,
aarch64-unknown-linux-gnu,petgraph,0.8.3,dot::test::test_rankdir_lr_option,full,success,0.11298284566666668,,,,
aarch64-unknown-linux-gnu,petgraph,0.8.3,dot::test::test_rankdir_rl_option,full,success,0.11427079233333333,,,,
aarch64-unknown-linux-gnu,petgraph,0.8.3,dot::test::test_rankdir_tb_option,full,success,0.11340361433333335,,,,
aarch64-unknown-linux-gnu,petgraph,0.8.3,dot::test::test_with_attr_getters,full,success,0.11164185133333333,,,,
aarch64-unknown-linux-gnu,petgraph,0.8.3,graph_impl::stable_graph::dfs,full,success,0.14095349633333334,,,,
aarch64-unknown-linux-gnu,petgraph,0.8.3,graph_impl::stable_graph::extend_with_edges,full,success,0.11251758933333333,,,,
aarch64-unknown-linux-gnu,petgraph,0.8.3,graph_impl::stable_graph::stable_graph,full,success,0.17069769766666668,,,,
aarch64-unknown-linux-gnu,petgraph,0.8.3,graph_impl::stable_graph::test_retain_nodes,full,success,0.11988902600000001,,,,
aarch64-unknown-linux-gnu,petgraph,0.8.3,graph_impl::stable_graph::test_reverse,full,success,0.11050106966666667,,,,
aarch64-unknown-linux-gnu,petgraph,0.8.3,graph_impl::stable_graph::test_reverse_after_remove_edges,full,success,0.10993434966666667,,,,
aarch64-unknown-linux-gnu,petgraph,0.8.3,graph_impl::stable_graph::test_reverse_after_remove_nodes,full,success,0.10981072233333333,,,,
aarch64-unknown-linux-gnu,petgraph,0.8.3,matrix_graph::tests::test_add_edge,full,success,0.10883483066666667,,,,
aarch64-unknown-linux-gnu,petgraph,0.8.3,matrix_graph::tests::test_add_edge_with_extension,full,success,0.11153896266666667,,,,
aarch64-unknown-linux-gnu,petgraph,0.8.3,matrix_graph::tests::test_add_edge_with_weights,full,success,0.10891633766666668,,,,
aarch64-unknown-linux-gnu,petgraph,0.8.3,matrix_graph::tests::test_add_edge_with_weights_undirected,full,success,0.11011233833333334,,,,
aarch64-unknown-linux-gnu,petgraph,0.8.3,matrix_graph::tests::test_add_or_update_edge,full,success,0.185938523,,,,
aarch64-unknown-linux-gnu,petgraph,0.8.3,matrix_graph::tests::test_clear,full,success,0.11185274133333334,,,,
aarch64-unknown-linux-gnu,petgraph,0.8.3,matrix_graph::tests::test_clear_undirected,full,success,0.11033719666666668,,,,
aarch64-unknown-linux-gnu,petgraph,0.8.3,matrix_graph::tests::test_default,full,success,0.106929033,,,,
aarch64-unknown-linux-gnu,petgraph,0.8.3,matrix_graph::tests::test_edge_references,full,success,0.117158254,,,,
aarch64-unknown-linux-gnu,petgraph,0.8.3,matrix_graph::tests::test_edge_references_undirected,full,success,0.11480603100000002,,,,
aarch64-unknown-linux-gnu,petgraph,0.8.3,matrix_graph::tests::test_edges_directed,full,success,0.119428688,,,,
aarch64-unknown-linux-gnu,petgraph,0.8.3,matrix_graph::tests::test_edges_of_absent_node_is_empty_iterator,full,success,0.10771073166666667,,,,
aarch64-unknown-linux-gnu,petgraph,0.8.3,matrix_graph::tests::test_edges_undirected,full,success,0.115880549,,,,
aarch64-unknown-linux-gnu,petgraph,0.8.3,matrix_graph::tests::test_has_edge,full,success,0.10946928133333333,,,,
aarch64-unknown-linux-gnu,petgraph,0.8.3,matrix_graph::tests::test_id_storage,full,success,0.11218730966666668,,,,
aarch64-unknown-linux-gnu,petgraph,0.8.3,matrix_graph::tests::test_kosaraju_scc_with_removed_node,full,success,0.11356237433333334,,,,
aarch64-unknown-linux-gnu,petgraph,0.8.3,matrix_graph::tests::test_matrix_resize,full,success,0.11088940366666668,,,,
aarch64-unknown-linux-gnu,petgraph,0.8.3,matrix_graph::tests::test_neighbors,full,success,0.10882515566666667,,,,
aarch64-unknown-linux-gnu,petgraph,0.8.3,matrix_graph::tests::test_neighbors_of_absent_node_is_empty_iterator,full,success,0.10757771233333335,,,,
aarch64-unknown-linux-gnu,petgraph,0.8.3,matrix_graph::tests::test_neighbors_undirected,full,success,0.10946753166666667,,,,
aarch64-unknown-linux-gnu,petgraph,0.8.3,matrix_graph::tests::test_new,full,success,0.10693553133333333,,,,
aarch64-unknown-linux-gnu,petgraph,0.8.3,matrix_graph::tests::test_node_identifiers,full,success,0.10993498000000002,,,,
aarch64-unknown-linux-gnu,petgraph,0.8.3,matrix_graph::tests::test_node_indexing,full,success,0.10714092933333334,,,,
aarch64-unknown-linux-gnu,petgraph,0.8.3,matrix_graph::tests::test_not_zero,full,success,0.10853464266666668,,,,
aarch64-unknown-linux-gnu,petgraph,0.8.3,matrix_graph::tests::test_not_zero_asserted,full,success,0.11506651000000001,,,,
aarch64-unknown-linux-gnu,petgraph,0.8.3,matrix_graph::tests::test_not_zero_float,full,success,0.10877581200000001,,,,
aarch64-unknown-linux-gnu,petgraph,0.8.3,matrix_graph::tests::test_remove_edge,full,success,0.10903171299999999,,,,
aarch64-unknown-linux-gnu,petgraph,0.8.3,matrix_graph::tests::test_remove_node,full,success,0.10826372900000002,,,,
aarch64-unknown-linux-gnu,petgraph,0.8.3,matrix_graph::tests::test_remove_node_and_edges,full,success,0.11266566966666668,,,,
aarch64-unknown-linux-gnu,petgraph,0.8.3,matrix_graph::tests::test_remove_node_and_edges_undirected,full,success,0.11230010000000001,,,,
aarch64-unknown-linux-gnu,petgraph,0.8.3,matrix_graph::tests::test_tarjan_scc_with_removed_node,full,success,0.11364685666666667,,,,
aarch64-unknown-linux-gnu,petgraph,0.8.3,matrix_graph::tests::test_try_add_node,full,success,5.347075023666666,,,,
aarch64-unknown-linux-gnu,petgraph,0.8.3,matrix_graph::tests::test_try_update_edge,full,success,0.10860859100000002,,,,
aarch64-unknown-linux-gnu,petgraph,0.8.3,matrix_graph::tests::test_with_capacity,full,success,0.10932713066666667,,,,
aarch64-unknown-linux-gnu,petgraph,0.8.3,visit::undirected_adaptor::tests::test_is_reachable,full,success,0.11370179266666668,,,,
aarch64-unknown-linux-gnu,petgraph,0.8.3,visit::undirected_adaptor::tests::test_neighbors_count,full,success,0.11163163033333334,,,,
aarch64-unknown-linux-gnu,petgraph,0.8.3,visit::undirected_adaptor::tests::test_undirected_adaptor_can_traverse,full,success,0.12359394466666668,,,,
aarch64-unknown-linux-gnu,petgraph,0.8.3,visit::undirected_adaptor::tests::test_undirected_edge_refs_point_both_ways,full,success,0.12469112733333333,,,,
aarch64-unknown-linux-gnu,ppv-lite86,0.2.21,generic::test::test_bswap32,full,success,0.10471901500000001,,,,
aarch64-unknown-linux-gnu,ppv-lite86,0.2.21,generic::test_rotate_u128,full,success,0.10370480533333333,,,,
aarch64-unknown-linux-gnu,predicates,3.1.4,boolean::test_and::find_case_false,full,success,0.10654747600000002,,,,
aarch64-unknown-linux-gnu,predicates,3.1.4,boolean::test_and::find_case_false_fails,full,success,0.10688812400000001,,,,
aarch64-unknown-linux-gnu,predicates,3.1.4,boolean::test_and::find_case_false_left_fail,full,success,0.106638788,,,,
aarch64-unknown-linux-gnu,predicates,3.1.4,boolean::test_and::find_case_false_right_fail,full,success,0.10664449733333332,,,,
aarch64-unknown-linux-gnu,predicates,3.1.4,boolean::test_and::find_case_true,full,success,0.10706130200000001,,,,
aarch64-unknown-linux-gnu,predicates,3.1.4,boolean::test_and::find_case_true_fails,full,success,0.10670292066666666,,,,
aarch64-unknown-linux-gnu,predicates,3.1.4,boolean::test_and::find_case_true_left_fail,full,success,0.10645923866666666,,,,
aarch64-unknown-linux-gnu,predicates,3.1.4,boolean::test_and::find_case_true_right_fail,full,success,0.10749875866666668,,,,
aarch64-unknown-linux-gnu,predicates,3.1.4,boolean::test_or::find_case_false,full,success,0.10747898766666668,,,,
aarch64-unknown-linux-gnu,predicates,3.1.4,boolean::test_or::find_case_false_fails,full,success,0.10633464733333335,,,,
aarch64-unknown-linux-gnu,predicates,3.1.4,boolean::test_or::find_case_false_left_fail,full,success,0.10680082933333335,,,,
aarch64-unknown-linux-gnu,predicates,3.1.4,boolean::test_or::find_case_false_right_fail,full,success,0.10703363900000001,,,,
aarch64-unknown-linux-gnu,predicates,3.1.4,boolean::test_or::find_case_true,full,success,0.10681050200000002,,,,
aarch64-unknown-linux-gnu,predicates,3.1.4,boolean::test_or::find_case_true_fails,full,success,0.10754984500000002,,,,
aarch64-unknown-linux-gnu,predicates,3.1.4,boolean::test_or::find_case_true_left_fail,full,success,0.10694028700000001,,,,
aarch64-unknown-linux-gnu,predicates,3.1.4,boolean::test_or::find_case_true_right_fail,full,success,0.10775306700000002,,,,
aarch64-unknown-linux-gnu,predicates,3.1.4,boxed::test::boxed_find_case,full,success,0.11520826566666668,,,,
aarch64-unknown-linux-gnu,predicates,3.1.4,boxed::test::unsized_boxed,full,success,0.10707223433333335,,,,
aarch64-unknown-linux-gnu,predicates,3.1.4,function::str_function,full,success,0.10644374766666669,,,,
aarch64-unknown-linux-gnu,quinn-udp,0.6.1,imp::gso::test::parse_current_kernel_version_release_string,full,success,0.108256935,,,,
aarch64-unknown-linux-gnu,quinn-udp,0.6.1,imp::gso::test::parse_kernel_version_release_string,full,success,0.10655685100000001,,,,
aarch64-unknown-linux-gnu,quinn-udp,0.6.1,tests::effective_segment_size,full,success,0.105411449,,,,
aarch64-unknown-linux-gnu,r-efi,6.0.0,base::tests::booleans,full,success,0.176237346,,,,
aarch64-unknown-linux-gnu,r-efi,6.0.0,base::tests::eficall,full,success,0.104259285,,,,
aarch64-unknown-linux-gnu,r-efi,6.0.0,base::tests::guid,full,success,0.10496284033333335,,,,
aarch64-unknown-linux-gnu,r-efi,6.0.0,base::tests::type_size_and_alignment,full,success,0.10459273733333334,,,,
aarch64-unknown-linux-gnu,radium,1.1.1,tests::absent_traits,full,success,0.10246236900000001,,,,
aarch64-unknown-linux-gnu,radium,1.1.1,tests::always_alias,full,success,0.10200921600000001,,,,
aarch64-unknown-linux-gnu,radium,1.1.1,tests::always_cell,full,success,0.10215610766666668,,,,
aarch64-unknown-linux-gnu,radium,1.1.1,tests::maybe_atom,full,success,0.10234041033333334,,,,
aarch64-unknown-linux-gnu,radium,1.1.1,tests::present_traits,full,success,0.10343796466666666,,,,
aarch64-unknown-linux-gnu,radium,1.1.1,types::tests::atom_impls,full,success,0.10243292,,,,
aarch64-unknown-linux-gnu,radium,1.1.1,types::tests::isotope_atomic,full,success,0.10291641533333334,,,,
aarch64-unknown-linux-gnu,radium,1.1.1,types::tests::isotope_impls,full,success,0.10232271766666667,,,,
aarch64-unknown-linux-gnu,radium,1.1.1,types::tests::radon_impls,full,success,0.10353517000000001,,,,
aarch64-unknown-linux-gnu,rand,0.10.1,distr::bernoulli::test::bernoulli_distributions_can_be_compared,full,success,0.10514174500000001,,,,
aarch64-unknown-linux-gnu,rand,0.10.1,distr::bernoulli::test::test_trivial,full,success,0.10510763966666666,,,,
aarch64-unknown-linux-gnu,rand,0.10.1,distr::bernoulli::test::value_stability,full,success,0.10532761666666668,,,,
aarch64-unknown-linux-gnu,rand,0.10.1,distr::distribution::tests::test_dist_string,full,success,0.11232747233333334,,,,
aarch64-unknown-linux-gnu,rand,0.10.1,distr::distribution::tests::test_distributions_iter,full,success,0.10971248,,,,
aarch64-unknown-linux-gnu,rand,0.10.1,distr::distribution::tests::test_distributions_map,full,success,0.10458527266666666,,,,
aarch64-unknown-linux-gnu,rand,0.10.1,distr::distribution::tests::test_make_an_iter,full,success,0.10454581566666667,,,,
aarch64-unknown-linux-gnu,rand,0.10.1,distr::float::tests::f32_edge_cases,full,success,0.10490652033333335,,,,
aarch64-unknown-linux-gnu,rand,0.10.1,distr::float::tests::f64_edge_cases,full,success,0.10500711066666668,,,,
aarch64-unknown-linux-gnu,rand,0.10.1,distr::float::tests::value_stability,full,success,0.10555469166666666,,,,
aarch64-unknown-linux-gnu,rand,0.10.1,distr::integer::tests::test_integers,full,success,0.10663673433333336,,,,
aarch64-unknown-linux-gnu,rand,0.10.1,distr::integer::tests::value_stability,full,success,0.104369521,,,,
aarch64-unknown-linux-gnu,rand,0.10.1,distr::other::tests::test_alphabetic,full,success,0.11272192766666667,,,,
aarch64-unknown-linux-gnu,rand,0.10.1,distr::other::tests::test_alphanumeric,full,success,0.10836555066666669,,,,
aarch64-unknown-linux-gnu,rand,0.10.1,distr::other::tests::test_chars,full,success,0.24997806099999997,,,,
aarch64-unknown-linux-gnu,rand,0.10.1,distr::other::tests::test_misc,full,success,0.10478514966666667,,,,
aarch64-unknown-linux-gnu,rand,0.10.1,distr::other::tests::value_stability,full,success,0.10847115333333335,,,,
aarch64-unknown-linux-gnu,rand,0.10.1,distr::slice::test::value_stability,full,success,0.10598384900000002,,,,
aarch64-unknown-linux-gnu,rand,0.10.1,distr::uniform::float::tests::test_float_assertions,full,success,0.106296328,,,,
aarch64-unknown-linux-gnu,rand,0.10.1,distr::uniform::float::tests::test_float_overflow,full,success,0.104575499,,,,
aarch64-unknown-linux-gnu,rand,0.10.1,distr::uniform::float::tests::test_float_overflow_single,full,success,0.11048466133333334,,,,
aarch64-unknown-linux-gnu,rand,0.10.1,distr::uniform::float::tests::test_uniform_from_std_range,full,success,0.10452275833333334,,,,
aarch64-unknown-linux-gnu,rand,0.10.1,distr::uniform::float::tests::test_uniform_from_std_range_bad_limits,full,success,0.10476012166666666,,,,
aarch64-unknown-linux-gnu,rand,0.10.1,distr::uniform::float::tests::test_uniform_from_std_range_inclusive,full,success,0.103892859,,,,
aarch64-unknown-linux-gnu,rand,0.10.1,distr::uniform::float::tests::test_uniform_from_std_range_inclusive_bad_limits,full,success,0.10463550366666667,,,,
aarch64-unknown-linux-gnu,rand,0.10.1,distr::uniform::int::tests::test_uniform_bad_limits_equal_int,full,success,0.10403740833333334,,,,
aarch64-unknown-linux-gnu,rand,0.10.1,distr::uniform::int::tests::test_uniform_bad_limits_flipped_int,full,success,0.10532106333333335,,,,
aarch64-unknown-linux-gnu,rand,0.10.1,distr::uniform::int::tests::test_uniform_from_std_range,full,success,0.105585407,,,,
aarch64-unknown-linux-gnu,rand,0.10.1,distr::uniform::int::tests::test_uniform_from_std_range_bad_limits,full,success,0.10524553566666667,,,,
aarch64-unknown-linux-gnu,rand,0.10.1,distr::uniform::int::tests::test_uniform_from_std_range_inclusive,full,success,0.104189185,,,,
aarch64-unknown-linux-gnu,rand,0.10.1,distr::uniform::int::tests::test_uniform_from_std_range_inclusive_bad_limits,full,success,0.10482244366666667,,,,
aarch64-unknown-linux-gnu,rand,0.10.1,distr::uniform::int::tests::test_uniform_good_limits_equal_int,full,success,0.10540906966666667,,,,
aarch64-unknown-linux-gnu,rand,0.10.1,distr::uniform::int::tests::test_uniform_usize_constructors,full,success,0.10473364633333333,,,,
aarch64-unknown-linux-gnu,rand,0.10.1,distr::uniform::int::tests::test_uniform_usize_empty_range,full,success,0.10452982766666667,,,,
aarch64-unknown-linux-gnu,rand,0.10.1,distr::uniform::int::tests::value_stability,full,success,0.11579037300000002,,,,
aarch64-unknown-linux-gnu,rand,0.10.1,distr::uniform::tests::test_custom_uniform,full,success,0.11353244266666666,,,,
aarch64-unknown-linux-gnu,rand,0.10.1,distr::uniform::tests::uniform_distributions_can_be_compared,full,success,0.10505101033333335,,,,
aarch64-unknown-linux-gnu,rand,0.10.1,distr::uniform::tests::value_stability,full,success,0.10690377533333334,,,,
aarch64-unknown-linux-gnu,rand,0.10.1,distr::weighted::weighted_index::test::overflow,full,success,0.10571834066666667,,,,
aarch64-unknown-linux-gnu,rand,0.10.1,distr::weighted::weighted_index::test::test_accepting_nan,full,success,0.10613665833333334,,,,
aarch64-unknown-linux-gnu,rand,0.10.1,distr::weighted::weighted_index::test::test_update_weights,full,success,0.10974487500000002,,,,
aarch64-unknown-linux-gnu,rand,0.10.1,distr::weighted::weighted_index::test::test_update_weights_errors,full,success,0.1057185,,,,
aarch64-unknown-linux-gnu,rand,0.10.1,distr::weighted::weighted_index::test::test_weight_at,full,success,0.10844717100000001,,,,
aarch64-unknown-linux-gnu,rand,0.10.1,distr::weighted::weighted_index::test::test_weights,full,success,0.11061787166666666,,,,
aarch64-unknown-linux-gnu,rand,0.10.1,distr::weighted::weighted_index::test::value_stability,full,success,0.11188438700000002,,,,
aarch64-unknown-linux-gnu,rand,0.10.1,distr::weighted::weighted_index::test::weighted_index_distributions_can_be_compared,full,success,0.10489866333333335,,,,
aarch64-unknown-linux-gnu,rand,0.10.1,rng::test::test_fill,full,success,0.10565559933333335,,,,
aarch64-unknown-linux-gnu,rand,0.10.1,rng::test::test_fill_bytes_default,full,success,0.2909232256666667,,,,
aarch64-unknown-linux-gnu,rand,0.10.1,rng::test::test_fill_empty,full,success,0.10526708733333334,,,,
aarch64-unknown-linux-gnu,rand,0.10.1,rng::test::test_random_bool,full,success,0.10481743766666667,,,,
aarch64-unknown-linux-gnu,rand,0.10.1,rng::test::test_random_range_float,full,success,0.586149557,,,,
aarch64-unknown-linux-gnu,rand,0.10.1,rng::test::test_random_range_int,full,success,0.7862170116666668,,,,
aarch64-unknown-linux-gnu,rand,0.10.1,rng::test::test_random_range_panic_int,full,success,0.10986481333333335,,,,
aarch64-unknown-linux-gnu,rand,0.10.1,rng::test::test_random_range_panic_usize,full,success,0.11004503700000001,,,,
aarch64-unknown-linux-gnu,rand,0.10.1,rng::test::test_rng_boxed_trait,full,success,0.10481974733333334,,,,
aarch64-unknown-linux-gnu,rand,0.10.1,rng::test::test_rng_mut_ref,full,success,0.10452978366666667,,,,
aarch64-unknown-linux-gnu,rand,0.10.1,rng::test::test_rng_trait_object,full,success,0.10506870633333333,,,,
aarch64-unknown-linux-gnu,rand,0.10.1,rngs::std::test::test_chacha_counter,full,success,0.2838381926666667,,,,
aarch64-unknown-linux-gnu,rand,0.10.1,rngs::std::test::test_chacha_true_values_1,full,success,0.137973571,,,,
aarch64-unknown-linux-gnu,rand,0.10.1,rngs::std::test::test_chacha_true_values_2,full,success,0.13779064433333335,,,,
aarch64-unknown-linux-gnu,rand,0.10.1,rngs::std::test::test_chacha_true_values_3,full,success,0.137337378,,,,
aarch64-unknown-linux-gnu,rand,0.10.1,rngs::std::test::test_chacha_true_values_8,full,success,0.1380966,,,,
aarch64-unknown-linux-gnu,rand,0.10.1,rngs::std::test::test_stdrng_construction,full,success,0.12351301566666667,,,,
aarch64-unknown-linux-gnu,rand,0.10.1,rngs::thread::test::test_debug_output,full,success,0.10662277733333335,,,,
aarch64-unknown-linux-gnu,rand,0.10.1,rngs::thread::test::test_thread_rng,full,success,0.11403289866666666,,,,
aarch64-unknown-linux-gnu,rand,0.10.1,rngs::xoshiro128plusplus::tests::reference,full,success,0.10456271066666667,,,,
aarch64-unknown-linux-gnu,rand,0.10.1,rngs::xoshiro128plusplus::tests::stable_seed_from_u64_and_from_seed,full,success,0.10514445266666668,,,,
aarch64-unknown-linux-gnu,rand,0.10.1,rngs::xoshiro256plusplus::tests::reference,full,success,0.10603877533333335,,,,
aarch64-unknown-linux-gnu,rand,0.10.1,rngs::xoshiro256plusplus::tests::stable_seed_from_u64_and_from_seed,full,success,0.106017044,,,,
aarch64-unknown-linux-gnu,rand,0.10.1,seq::index_::test::test_sample_boundaries,full,success,0.11249607033333335,,,,
aarch64-unknown-linux-gnu,rand,0.10.1,seq::index_::test::test_sample_weighted,full,success,0.117602345,,,,
aarch64-unknown-linux-gnu,rand,0.10.1,seq::index_::test::value_stability_sample,full,success,0.29195817333333335,,,,
aarch64-unknown-linux-gnu,rand,0.10.1,seq::iterator::test::test_sample_iter,full,success,0.16179098833333336,,,,
aarch64-unknown-linux-gnu,rand,0.10.1,seq::iterator::test::value_stability_choose,full,success,0.11920717200000001,,,,
aarch64-unknown-linux-gnu,rand,0.10.1,seq::iterator::test::value_stability_choose_stable,full,success,0.13824082366666668,,,,
aarch64-unknown-linux-gnu,rand,0.10.1,seq::iterator::test::value_stability_sample,full,success,0.125121062,,,,
aarch64-unknown-linux-gnu,rand,0.10.1,seq::slice::test::test_multiple_weighted_distributions,full,success,148.25161862,,,,
aarch64-unknown-linux-gnu,rand,0.10.1,seq::slice::test::test_multiple_weighted_edge_cases,full,success,0.3935160743333333,,,,
aarch64-unknown-linux-gnu,rand,0.10.1,seq::slice::test::test_partial_shuffle,full,success,0.10400064766666667,,,,
aarch64-unknown-linux-gnu,rand,0.10.1,seq::slice::test::test_slice_choose,full,success,0.5482730833333332,,,,
aarch64-unknown-linux-gnu,rand,0.10.1,seq::slice::test::value_stability_slice,full,success,0.11397629999999999,,,,
aarch64-unknown-linux-gnu,rand,0.10.1,test::rng_reader,full,success,0.105333837,,,,
aarch64-unknown-linux-gnu,rand,0.10.1,test::test_random,full,success,0.11535147933333334,,,,
aarch64-unknown-linux-gnu,rand,0.10.1,test::test_range,full,success,0.114139106,,,,
aarch64-unknown-linux-gnu,redox_syscall,0.8.0,sigabi::tests::singlethread_mask,full,success,0.12684663633333335,,,,
aarch64-unknown-linux-gnu,scopeguard,1.2.0,tests::test_defer,full,success,0.10413454533333334,,,,
aarch64-unknown-linux-gnu,scopeguard,1.2.0,tests::test_defer_success_1,full,success,0.10434031066666667,,,,
aarch64-unknown-linux-gnu,scopeguard,1.2.0,tests::test_defer_success_2,full,success,0.10964393866666668,,,,
aarch64-unknown-linux-gnu,scopeguard,1.2.0,tests::test_defer_unwind_1,full,success,0.110014069,,,,
aarch64-unknown-linux-gnu,scopeguard,1.2.0,tests::test_defer_unwind_2,full,success,0.10445235266666668,,,,
aarch64-unknown-linux-gnu,scopeguard,1.2.0,tests::test_dropped_once_when_not_run,full,success,0.10438777833333335,,,,
aarch64-unknown-linux-gnu,scopeguard,1.2.0,tests::test_into_inner,full,success,0.10351926966666668,,,,
aarch64-unknown-linux-gnu,scopeguard,1.2.0,tests::test_only_dropped_by_closure_when_run,full,success,0.10495269866666668,,,,
aarch64-unknown-linux-gnu,serde_core,1.0.228,ser::impls::test_format_u8,full,success,0.14010672166666668,,,,
aarch64-unknown-linux-gnu,serde_with,3.20.0,utils::duration::test_parse_float_into_time_parts,full,success,0.10647703866666668,,,,
aarch64-unknown-linux-gnu,shlex,2.0.1,bytes::test_invalid_utf8,full,success,0.10338860466666666,,,,
aarch64-unknown-linux-gnu,shlex,2.0.1,bytes::test_lineno,full,success,0.10330464733333335,,,,
aarch64-unknown-linux-gnu,shlex,2.0.1,bytes::test_split,full,success,0.11761329,,,,
aarch64-unknown-linux-gnu,shlex,2.0.1,test_fallible,full,success,0.10336222500000002,,,,
aarch64-unknown-linux-gnu,shlex,2.0.1,test_lineno,full,success,0.10299123433333335,,,,
aarch64-unknown-linux-gnu,shlex,2.0.1,test_quote,full,success,0.3405142396666667,,,,
aarch64-unknown-linux-gnu,shlex,2.0.1,test_split,full,success,0.11824539266666667,,,,
aarch64-unknown-linux-gnu,simd-adler32,0.3.9,imp::avx2::tests::ones,full,success,0.10644731666666667,,,,
aarch64-unknown-linux-gnu,simd-adler32,0.3.9,imp::avx2::tests::wiki,full,success,0.10533645200000001,,,,
aarch64-unknown-linux-gnu,simd-adler32,0.3.9,imp::avx2::tests::zeroes,full,success,0.10606301066666667,,,,
aarch64-unknown-linux-gnu,simd-adler32,0.3.9,imp::avx512::tests::ones,full,success,0.10521732033333335,,,,
aarch64-unknown-linux-gnu,simd-adler32,0.3.9,imp::avx512::tests::random,full,success,0.10646860300000001,,,,
aarch64-unknown-linux-gnu,simd-adler32,0.3.9,imp::avx512::tests::wiki,full,success,0.10598878,,,,
aarch64-unknown-linux-gnu,simd-adler32,0.3.9,imp::avx512::tests::zeroes,full,success,0.10563921300000001,,,,
aarch64-unknown-linux-gnu,simd-adler32,0.3.9,imp::neon::tests::wiki,full,success,0.10776797366666668,,,,
aarch64-unknown-linux-gnu,simd-adler32,0.3.9,imp::scalar::tests::mixed_short,full,success,0.10684150166666667,,,,
aarch64-unknown-linux-gnu,simd-adler32,0.3.9,imp::scalar::tests::ones_short,full,success,0.14180243933333336,,,,
aarch64-unknown-linux-gnu,simd-adler32,0.3.9,imp::scalar::tests::wiki,full,success,0.10669747566666667,,,,
aarch64-unknown-linux-gnu,simd-adler32,0.3.9,imp::scalar::tests::zeroes_short,full,success,0.14327448433333334,,,,
aarch64-unknown-linux-gnu,simd-adler32,0.3.9,imp::sse2::tests::ones,full,success,0.10601010933333334,,,,
aarch64-unknown-linux-gnu,simd-adler32,0.3.9,imp::sse2::tests::wiki,full,success,0.106541051,,,,
aarch64-unknown-linux-gnu,simd-adler32,0.3.9,imp::sse2::tests::zeroes,full,success,0.10611221500000001,,,,
aarch64-unknown-linux-gnu,simd-adler32,0.3.9,imp::ssse3::tests::ones,full,success,0.10653765666666666,,,,
aarch64-unknown-linux-gnu,simd-adler32,0.3.9,imp::ssse3::tests::wiki,full,success,0.10607723066666667,,,,
aarch64-unknown-linux-gnu,simd-adler32,0.3.9,imp::ssse3::tests::zeroes,full,success,0.10584543866666668,,,,
aarch64-unknown-linux-gnu,simd-adler32,0.3.9,imp::wasm::tests::ones,full,success,0.10485302433333334,,,,
aarch64-unknown-linux-gnu,simd-adler32,0.3.9,imp::wasm::tests::random,full,success,0.10528028533333333,,,,
aarch64-unknown-linux-gnu,simd-adler32,0.3.9,imp::wasm::tests::wiki,full,success,0.10640098200000002,,,,
aarch64-unknown-linux-gnu,simd-adler32,0.3.9,imp::wasm::tests::zeroes,full,success,0.10575970766666666,,,,
aarch64-unknown-linux-gnu,simd-adler32,0.3.9,tests::test_from_checksum,full,success,0.10933369266666669,,,,
aarch64-unknown-linux-gnu,siphasher,1.0.3,tests128::test_siphash128_1_3,full,success,0.10850111233333333,,,,
aarch64-unknown-linux-gnu,siphasher,1.0.3,tests128::test_siphash128_2_4,full,success,0.108902921,,,,
aarch64-unknown-linux-gnu,siphasher,1.0.3,tests128::test_siphash128_idempotent,full,success,0.108993203,,,,
aarch64-unknown-linux-gnu,siphasher,1.0.3,tests128::test_siphash128_incremental,full,success,0.10780387266666668,,,,
aarch64-unknown-linux-gnu,siphasher,1.0.3,tests128::test_siphash128_simple,full,success,0.10813607466666668,,,,
aarch64-unknown-linux-gnu,siphasher,1.0.3,tests::test_hash_idempotent,full,success,0.10861796333333334,,,,
aarch64-unknown-linux-gnu,siphasher,1.0.3,tests::test_hash_incremental,full,success,0.10855882800000001,,,,
aarch64-unknown-linux-gnu,siphasher,1.0.3,tests::test_hash_no_bytes_dropped_32,full,success,0.10931613300000002,,,,
aarch64-unknown-linux-gnu,siphasher,1.0.3,tests::test_hash_no_bytes_dropped_64,full,success,0.11067848433333334,,,,
aarch64-unknown-linux-gnu,siphasher,1.0.3,tests::test_hash_no_concat_alias,full,success,0.110477071,,,,
aarch64-unknown-linux-gnu,siphasher,1.0.3,tests::test_hash_simple,full,success,0.10839237933333334,,,,
aarch64-unknown-linux-gnu,siphasher,1.0.3,tests::test_siphash_1_3,full,success,0.16890348166666666,,,,
aarch64-unknown-linux-gnu,siphasher,1.0.3,tests::test_siphash_2_4,full,success,0.174839359,,,,
aarch64-unknown-linux-gnu,smallvec,1.15.1,tests::drain,full,success,0.10649357800000002,,,,
aarch64-unknown-linux-gnu,smallvec,1.15.1,tests::drain_forget,full,success,0.10568960966666667,,,,
aarch64-unknown-linux-gnu,smallvec,1.15.1,tests::drain_overflow,full,success,0.11284989933333334,,,,
aarch64-unknown-linux-gnu,smallvec,1.15.1,tests::drain_rev,full,success,0.10648722933333334,,,,
aarch64-unknown-linux-gnu,smallvec,1.15.1,tests::empty_macro,full,success,0.10486563733333333,,,,
aarch64-unknown-linux-gnu,smallvec,1.15.1,tests::grow_spilled_same_size,full,success,0.10560567433333334,,,,
aarch64-unknown-linux-gnu,smallvec,1.15.1,tests::grow_to_shrink,full,success,0.10697983600000001,,,,
aarch64-unknown-linux-gnu,smallvec,1.15.1,tests::insert_many_panic::panic_early_at_end,full,success,0.11379717166666668,,,,
aarch64-unknown-linux-gnu,smallvec,1.15.1,tests::insert_many_panic::panic_early_at_start,full,success,0.11286270633333334,,,,
aarch64-unknown-linux-gnu,smallvec,1.15.1,tests::insert_many_panic::panic_early_in_middle,full,success,0.11267074633333335,,,,
aarch64-unknown-linux-gnu,smallvec,1.15.1,tests::insert_many_panic::panic_late_at_end,full,success,0.11372766033333336,,,,
aarch64-unknown-linux-gnu,smallvec,1.15.1,tests::insert_many_panic::panic_late_at_start,full,success,0.11276065400000002,,,,
aarch64-unknown-linux-gnu,smallvec,1.15.1,tests::into_iter,full,success,0.10733126466666669,,,,
aarch64-unknown-linux-gnu,smallvec,1.15.1,tests::into_iter_drop,full,success,0.10668007466666667,,,,
aarch64-unknown-linux-gnu,smallvec,1.15.1,tests::into_iter_rev,full,success,0.10646162933333335,,,,
aarch64-unknown-linux-gnu,smallvec,1.15.1,tests::issue_4,full,success,0.105369546,,,,
aarch64-unknown-linux-gnu,smallvec,1.15.1,tests::issue_5,full,success,0.10579173933333334,,,,
aarch64-unknown-linux-gnu,smallvec,1.15.1,tests::max_dont_panic,full,success,0.105163383,,,,
aarch64-unknown-linux-gnu,smallvec,1.15.1,tests::max_remove,full,success,0.11235052166666666,,,,
aarch64-unknown-linux-gnu,smallvec,1.15.1,tests::max_swap_remove,full,success,0.112938984,,,,
aarch64-unknown-linux-gnu,smallvec,1.15.1,tests::resumable_extend,full,success,0.10591237599999999,,,,
aarch64-unknown-linux-gnu,smallvec,1.15.1,tests::shrink_to_fit_unspill,full,success,0.10473629433333335,,,,
aarch64-unknown-linux-gnu,smallvec,1.15.1,tests::test_as_mut,full,success,0.10548961566666666,,,,
aarch64-unknown-linux-gnu,smallvec,1.15.1,tests::test_as_ref,full,success,0.105161519,,,,
aarch64-unknown-linux-gnu,smallvec,1.15.1,tests::test_borrow,full,success,0.10578579033333335,,,,
aarch64-unknown-linux-gnu,smallvec,1.15.1,tests::test_borrow_mut,full,success,0.10597408200000001,,,,
aarch64-unknown-linux-gnu,smallvec,1.15.1,tests::test_capacity,full,success,0.10572084266666666,,,,
aarch64-unknown-linux-gnu,smallvec,1.15.1,tests::test_clone_from,full,success,0.106613948,,,,
aarch64-unknown-linux-gnu,smallvec,1.15.1,tests::test_dedup,full,success,0.10652788166666667,,,,
aarch64-unknown-linux-gnu,smallvec,1.15.1,tests::test_double_spill,full,success,0.10867271,,,,
aarch64-unknown-linux-gnu,smallvec,1.15.1,tests::test_drop_panic_smallvec,full,success,0.11159341566666668,,,,
aarch64-unknown-linux-gnu,smallvec,1.15.1,tests::test_eq,full,success,0.106506222,,,,
aarch64-unknown-linux-gnu,smallvec,1.15.1,tests::test_exact_size_iterator,full,success,0.10669479533333336,,,,
aarch64-unknown-linux-gnu,smallvec,1.15.1,tests::test_extend_from_slice,full,success,0.10605404266666667,,,,
aarch64-unknown-linux-gnu,smallvec,1.15.1,tests::test_from,full,success,0.10613645233333334,,,,
aarch64-unknown-linux-gnu,smallvec,1.15.1,tests::test_from_slice,full,success,0.105645638,,,,
aarch64-unknown-linux-gnu,smallvec,1.15.1,tests::test_from_vec,full,success,0.10567291933333334,,,,
aarch64-unknown-linux-gnu,smallvec,1.15.1,tests::test_hash,full,success,0.10633885,,,,
aarch64-unknown-linux-gnu,smallvec,1.15.1,tests::test_inline,full,success,0.105025781,,,,
aarch64-unknown-linux-gnu,smallvec,1.15.1,tests::test_insert_from_slice,full,success,0.10694183133333335,,,,
aarch64-unknown-linux-gnu,smallvec,1.15.1,tests::test_insert_many,full,success,0.10610128333333334,,,,
aarch64-unknown-linux-gnu,smallvec,1.15.1,tests::test_insert_many_long_hint,full,success,0.10566815766666666,,,,
aarch64-unknown-linux-gnu,smallvec,1.15.1,tests::test_insert_many_overflow,full,success,0.10485303466666668,,,,
aarch64-unknown-linux-gnu,smallvec,1.15.1,tests::test_insert_many_short_hint,full,success,0.10579955266666667,,,,
aarch64-unknown-linux-gnu,smallvec,1.15.1,tests::test_insert_out_of_bounds,full,success,0.11102514666666667,,,,
aarch64-unknown-linux-gnu,smallvec,1.15.1,tests::test_into_inner,full,success,0.10637612966666667,,,,
aarch64-unknown-linux-gnu,smallvec,1.15.1,tests::test_into_iter_as_slice,full,success,0.10657817333333335,,,,
aarch64-unknown-linux-gnu,smallvec,1.15.1,tests::test_into_iter_clone,full,success,0.10649388366666668,,,,
aarch64-unknown-linux-gnu,smallvec,1.15.1,tests::test_into_iter_clone_empty_smallvec,full,success,0.10594568866666669,,,,
aarch64-unknown-linux-gnu,smallvec,1.15.1,tests::test_into_iter_clone_partially_consumed_iterator,full,success,0.107582538,,,,
aarch64-unknown-linux-gnu,smallvec,1.15.1,tests::test_into_vec,full,success,0.10675831933333334,,,,
aarch64-unknown-linux-gnu,smallvec,1.15.1,tests::test_invalid_grow,full,success,0.11094924933333335,,,,
aarch64-unknown-linux-gnu,smallvec,1.15.1,tests::test_ord,full,success,0.10575995133333334,,,,
aarch64-unknown-linux-gnu,smallvec,1.15.1,tests::test_resize,full,success,0.10656883466666667,,,,
aarch64-unknown-linux-gnu,smallvec,1.15.1,tests::test_retain,full,success,0.10816880633333335,,,,
aarch64-unknown-linux-gnu,smallvec,1.15.1,tests::test_size,full,success,0.10494641900000001,,,,
aarch64-unknown-linux-gnu,smallvec,1.15.1,tests::test_spill,full,success,0.107079456,,,,
aarch64-unknown-linux-gnu,smallvec,1.15.1,tests::test_truncate,full,success,0.10770518333333334,,,,
aarch64-unknown-linux-gnu,smallvec,1.15.1,tests::test_with_capacity,full,success,0.10605115266666666,,,,
aarch64-unknown-linux-gnu,smallvec,1.15.1,tests::test_zero,full,success,0.10585205566666667,,,,
aarch64-unknown-linux-gnu,smallvec,1.15.1,tests::uninhabited,full,success,0.10494843933333335,,,,
aarch64-unknown-linux-gnu,smallvec,1.15.1,tests::zero_size_items,full,success,0.10544911066666666,,,,
aarch64-unknown-linux-gnu,socket2,0.6.2,sockaddr::tests::ipv4,full,success,0.10478105966666668,,,,
aarch64-unknown-linux-gnu,socket2,0.6.2,sockaddr::tests::ipv4_eq,full,success,0.10467479866666668,,,,
aarch64-unknown-linux-gnu,socket2,0.6.2,sockaddr::tests::ipv4_hash,full,success,0.10531946566666668,,,,
aarch64-unknown-linux-gnu,socket2,0.6.2,sockaddr::tests::ipv4_ipv6_eq,full,success,0.11156785633333334,,,,
aarch64-unknown-linux-gnu,socket2,0.6.2,sockaddr::tests::ipv4_ipv6_hash,full,success,0.106718826,,,,
aarch64-unknown-linux-gnu,socket2,0.6.2,sockaddr::tests::ipv6,full,success,0.10465767466666669,,,,
aarch64-unknown-linux-gnu,socket2,0.6.2,sockaddr::tests::ipv6_eq,full,success,0.10589028166666668,,,,
aarch64-unknown-linux-gnu,socket2,0.6.2,sockaddr::tests::ipv6_hash,full,success,0.10649076333333334,,,,
aarch64-unknown-linux-gnu,socket2,0.6.2,sys::in6_addr_convertion,full,success,0.10538635,,,,
aarch64-unknown-linux-gnu,socket2,0.6.2,sys::in_addr_convertion,full,success,0.10429385566666667,,,,
aarch64-unknown-linux-gnu,spin,0.12.0,barrier::tests::test_barrier,full,success,6.424205271333332,,,,
aarch64-unknown-linux-gnu,spin,0.12.0,mutex::spin::tests::lots_and_lots,full,success,0.22965966866666668,,,,
aarch64-unknown-linux-gnu,spin,0.12.0,mutex::spin::tests::smoke,full,success,0.105682337,,,,
aarch64-unknown-linux-gnu,spin,0.12.0,mutex::spin::tests::test_into_inner,full,success,0.10423077000000001,,,,
aarch64-unknown-linux-gnu,spin,0.12.0,mutex::spin::tests::test_into_inner_drop,full,success,0.10495429033333335,,,,
aarch64-unknown-linux-gnu,spin,0.12.0,mutex::spin::tests::test_mutex_arc_access_in_unwind,full,success,0.11167632533333334,,,,
aarch64-unknown-linux-gnu,spin,0.12.0,mutex::spin::tests::test_mutex_arc_nested,full,success,0.10926264733333334,,,,
aarch64-unknown-linux-gnu,spin,0.12.0,mutex::spin::tests::test_mutex_force_lock,full,success,0.10526773733333333,,,,
aarch64-unknown-linux-gnu,spin,0.12.0,mutex::spin::tests::test_mutex_unsized,full,success,0.105286418,,,,
aarch64-unknown-linux-gnu,spin,0.12.0,mutex::spin::tests::try_lock,full,success,0.104743001,,,,
aarch64-unknown-linux-gnu,spin,0.12.0,once::tests::call_once_test,full,success,0.42190618333333335,,,,
aarch64-unknown-linux-gnu,spin,0.12.0,once::tests::drop_occurs_and_skip_uninit_drop,full,success,0.10592466700000001,,,,
aarch64-unknown-linux-gnu,spin,0.12.0,once::tests::get,full,success,0.10617600466666667,,,,
aarch64-unknown-linux-gnu,spin,0.12.0,once::tests::get_no_wait,full,success,3.1081710266666662,,,,
aarch64-unknown-linux-gnu,spin,0.12.0,once::tests::init_constant,full,success,0.105872229,,,,
aarch64-unknown-linux-gnu,spin,0.12.0,once::tests::init_from_ref_basic,full,success,0.10556329333333335,,,,
aarch64-unknown-linux-gnu,spin,0.12.0,once::tests::panic,full,success,0.11544210300000002,,,,
aarch64-unknown-linux-gnu,spin,0.12.0,once::tests::poll,full,success,0.10507761066666667,,,,
aarch64-unknown-linux-gnu,spin,0.12.0,once::tests::smoke_once,full,success,0.10513181733333334,,,,
aarch64-unknown-linux-gnu,spin,0.12.0,once::tests::smoke_once_value,full,success,0.105093989,,,,
aarch64-unknown-linux-gnu,spin,0.12.0,once::tests::stampede_once,full,success,0.11711074666666667,,,,
aarch64-unknown-linux-gnu,spin,0.12.0,once::tests::try_call_once_err,full,success,0.160419529,,,,
aarch64-unknown-linux-gnu,spin,0.12.0,once::tests::wait,full,success,0.106914733,,,,
aarch64-unknown-linux-gnu,spin,0.12.0,rwlock::tests::smoke,full,success,0.106317114,,,,
aarch64-unknown-linux-gnu,spin,0.12.0,rwlock::tests::test_force_read_decrement,full,success,0.10553954833333334,,,,
aarch64-unknown-linux-gnu,spin,0.12.0,rwlock::tests::test_force_write_unlock,full,success,0.10522945233333335,,,,
aarch64-unknown-linux-gnu,spin,0.12.0,rwlock::tests::test_into_inner,full,success,0.10523605733333334,,,,
aarch64-unknown-linux-gnu,spin,0.12.0,rwlock::tests::test_into_inner_drop,full,success,0.10500327366666667,,,,
aarch64-unknown-linux-gnu,spin,0.12.0,rwlock::tests::test_rw_access_in_unwind,full,success,0.11198885600000001,,,,
aarch64-unknown-linux-gnu,spin,0.12.0,rwlock::tests::test_rw_arc,full,success,0.11334140200000002,,,,
aarch64-unknown-linux-gnu,spin,0.12.0,rwlock::tests::test_rw_try_read,full,success,0.10568274733333334,,,,
aarch64-unknown-linux-gnu,spin,0.12.0,rwlock::tests::test_rwlock_try_write,full,success,0.10591787266666668,,,,
aarch64-unknown-linux-gnu,spin,0.12.0,rwlock::tests::test_rwlock_unsized,full,success,0.10545730266666668,,,,
aarch64-unknown-linux-gnu,spin,0.12.0,rwlock::tests::test_upgrade_downgrade,full,success,0.10571025466666667,,,,
aarch64-unknown-linux-gnu,thread_local,1.1.9,tests::different_thread,full,success,0.11905591566666668,,,,
aarch64-unknown-linux-gnu,thread_local,1.1.9,tests::is_sync,full,success,0.10620937000000001,,,,
aarch64-unknown-linux-gnu,thread_local,1.1.9,tests::iter,full,success,0.125175033,,,,
aarch64-unknown-linux-gnu,thread_local,1.1.9,tests::miri_iter_soundness_check,full,success,0.12410765166666667,,,,
aarch64-unknown-linux-gnu,thread_local,1.1.9,tests::same_thread,full,success,0.12798124766666666,,,,
aarch64-unknown-linux-gnu,thread_local,1.1.9,tests::test_drop,full,success,0.11713000866666667,,,,
aarch64-unknown-linux-gnu,thread_local,1.1.9,tests::test_earlyreturn_buckets,full,success,0.29826942566666664,,,,
aarch64-unknown-linux-gnu,thread_local,1.1.9,thread_id::test_thread,full,success,0.10584816400000001,,,,
aarch64-unknown-linux-gnu,tinystr,0.8.3,ascii::test::from_utf16_lossy_rejects_non_ascii_replacement,full,success,0.112713937,,,,
aarch64-unknown-linux-gnu,tinystr,0.8.3,ascii::test::from_utf8_lossy_rejects_non_ascii_replacement,full,success,0.11343891366666668,,,,
aarch64-unknown-linux-gnu,tinystr,0.8.3,ascii::test::from_utf8_lossy_rejects_null_replacement,full,success,0.112620064,,,,
aarch64-unknown-linux-gnu,tinystr,0.8.3,ascii::test::lossy_constructor,full,success,0.10663845200000001,,,,
aarch64-unknown-linux-gnu,tinystr,0.8.3,ascii::test::test_is_ascii_alphabetic,full,success,1.5113139653333334,,,,
aarch64-unknown-linux-gnu,tinystr,0.8.3,ascii::test::test_is_ascii_alphabetic_lowercase,full,success,1.5201117536666668,,,,
aarch64-unknown-linux-gnu,tinystr,0.8.3,ascii::test::test_is_ascii_alphabetic_titlecase,full,success,1.5211347996666664,,,,
aarch64-unknown-linux-gnu,tinystr,0.8.3,ascii::test::test_is_ascii_alphabetic_uppercase,full,success,1.5203143140000002,,,,
aarch64-unknown-linux-gnu,tinystr,0.8.3,ascii::test::test_is_ascii_alphanumeric,full,success,1.5217144710000001,,,,
aarch64-unknown-linux-gnu,tinystr,0.8.3,ascii::test::test_is_ascii_lowercase,full,success,1.4971311843333333,,,,
aarch64-unknown-linux-gnu,tinystr,0.8.3,ascii::test::test_is_ascii_numeric,full,success,1.4735656553333332,,,,
aarch64-unknown-linux-gnu,tinystr,0.8.3,ascii::test::test_is_ascii_titlecase,full,success,1.4865418183333334,,,,
aarch64-unknown-linux-gnu,tinystr,0.8.3,ascii::test::test_is_ascii_uppercase,full,success,1.4853031310000002,,,,
aarch64-unknown-linux-gnu,tinystr,0.8.3,ascii::test::test_to_ascii_lowercase,full,success,2.0106470816666664,,,,
aarch64-unknown-linux-gnu,tinystr,0.8.3,ascii::test::test_to_ascii_titlecase,full,success,2.036523040666667,,,,
aarch64-unknown-linux-gnu,tinystr,0.8.3,ascii::test::test_to_ascii_uppercase,full,success,2.0124468936666666,,,,
aarch64-unknown-linux-gnu,tinystr,0.8.3,macros::tests::test_macro_construction,full,success,0.10464013933333334,,,,
aarch64-unknown-linux-gnu,tinystr,0.8.3,test_size,full,success,0.10549288633333333,,,,
aarch64-unknown-linux-gnu,tower-http,0.6.11,classify::grpc_errors_as_failures::tests::basic_error,full,success,0.11232969133333333,,,,
aarch64-unknown-linux-gnu,tower-http,0.6.11,classify::grpc_errors_as_failures::tests::basic_ok,full,success,0.111999939,,,,
aarch64-unknown-linux-gnu,tower-http,0.6.11,classify::grpc_errors_as_failures::tests::grpc_code_from_i32_known_codes,full,success,0.10732557300000001,,,,
aarch64-unknown-linux-gnu,tower-http,0.6.11,classify::grpc_errors_as_failures::tests::grpc_code_from_i32_unknown_codes,full,success,0.10788769533333332,,,,
aarch64-unknown-linux-gnu,tower-http,0.6.11,classify::grpc_errors_as_failures::tests::grpc_code_from_non_zero_i32,full,success,0.10799597866666667,,,,
aarch64-unknown-linux-gnu,tower-http,0.6.11,classify::grpc_errors_as_failures::tests::two_success_codes_first_matches,full,success,0.11298402066666668,,,,
aarch64-unknown-linux-gnu,tower-http,0.6.11,classify::grpc_errors_as_failures::tests::two_success_codes_none_matches,full,success,0.11298670466666667,,,,
aarch64-unknown-linux-gnu,tower-http,0.6.11,classify::grpc_errors_as_failures::tests::two_success_codes_second_matches,full,success,0.11361566299999999,,,,
aarch64-unknown-linux-gnu,tower-http,0.6.11,classify::status_in_range_is_error::tests::basic,full,success,0.10971983433333334,,,,
aarch64-unknown-linux-gnu,tracing-core,0.1.36,dispatcher::test::default_dispatch,full,success,0.10642012433333332,,,,
aarch64-unknown-linux-gnu,tracing-core,0.1.36,dispatcher::test::default_no_subscriber,full,success,0.10580041400000001,,,,
aarch64-unknown-linux-gnu,tracing-core,0.1.36,dispatcher::test::dispatch_downcasts,full,success,0.105709964,,,,
aarch64-unknown-linux-gnu,tracing-core,0.1.36,dispatcher::test::dispatch_is,full,success,0.10492332033333335,,,,
aarch64-unknown-linux-gnu,tracing-core,0.1.36,dispatcher::test::events_dont_infinite_loop,full,success,0.106133582,,,,
aarch64-unknown-linux-gnu,tracing-core,0.1.36,dispatcher::test::spans_dont_infinite_loop,full,success,0.10649452600000002,,,,
aarch64-unknown-linux-gnu,tracing-core,0.1.36,field::test::empty_fields_are_skipped,full,success,0.10567949,,,,
aarch64-unknown-linux-gnu,tracing-core,0.1.36,field::test::empty_value_set_is_empty,full,success,0.10455827533333334,,,,
aarch64-unknown-linux-gnu,tracing-core,0.1.36,field::test::fields_from_other_callsets_are_skipped,full,success,0.104930924,,,,
aarch64-unknown-linux-gnu,tracing-core,0.1.36,field::test::index_of_field_in_fieldset_is_correct,full,success,0.10549049133333334,,,,
aarch64-unknown-linux-gnu,tracing-core,0.1.36,field::test::record_bytes,full,success,0.10736615133333334,,,,
aarch64-unknown-linux-gnu,tracing-core,0.1.36,field::test::record_debug_fn,full,success,0.10930430066666667,,,,
aarch64-unknown-linux-gnu,tracing-core,0.1.36,field::test::record_error,full,success,0.10714687733333335,,,,
aarch64-unknown-linux-gnu,tracing-core,0.1.36,field::test::sparse_value_sets_are_not_empty,full,success,0.10629542433333335,,,,
aarch64-unknown-linux-gnu,tracing-core,0.1.36,field::test::value_set_with_no_values_is_empty,full,success,0.105963821,,,,
aarch64-unknown-linux-gnu,tracing-core,0.1.36,field::test::value_sets_with_fields_from_other_callsites_are_empty,full,success,0.10651469033333334,,,,
aarch64-unknown-linux-gnu,tracing-core,0.1.36,metadata::tests::filter_level_conversion,full,success,0.10900980733333333,,,,
aarch64-unknown-linux-gnu,tracing-core,0.1.36,metadata::tests::level_filter_is_usize_sized,full,success,0.10734341400000001,,,,
aarch64-unknown-linux-gnu,tracing-core,0.1.36,metadata::tests::level_filter_reprs,full,test_failed,,assertion `left == right` failed: repr changed for LevelFilter::OFF,src/metadata.rs:1119:13,https://github.com/BorrowSanitizer/bsan/actions/runs/37150704742/job/111284727325,"thread 'metadata::tests::level_filter_reprs' (441) panicked at src/metadata.rs:1119:13:
assertion `left == right` failed: repr changed for LevelFilter::OFF
  left: 5
 right: 18446744073709551615
note: run with `RUST_BACKTRACE=1` environment variable to display a backtrace
test metadata::tests::level_filter_reprs ... FAILED

failures:

failures:
    metadata::tests::level_filter_reprs

test result: FAILED. 0 passed; 1 failed; 0 ignored; 0 measured; 19 filtered out; finished in 0.02s
"
aarch64-unknown-linux-gnu,tracing-core,0.1.36,metadata::tests::level_from_str,full,success,0.10934409866666667,,,,
aarch64-unknown-linux-gnu,tracing-log,0.2.0,test::debug_callsite_is_correct,full,success,0.11279139466666667,,,,
aarch64-unknown-linux-gnu,tracing-log,0.2.0,test::error_callsite_is_correct,full,success,0.11093516400000002,,,,
aarch64-unknown-linux-gnu,tracing-log,0.2.0,test::info_callsite_is_correct,full,success,0.11167346466666667,,,,
aarch64-unknown-linux-gnu,tracing-log,0.2.0,test::trace_callsite_is_correct,full,success,0.11173740433333335,,,,
aarch64-unknown-linux-gnu,tracing-log,0.2.0,test::warn_callsite_is_correct,full,success,0.11044213166666668,,,,
aarch64-unknown-linux-gnu,tungstenite,0.29.0,buffer::tests::reading_in_chunks,full,success,0.11146040566666666,,,,
aarch64-unknown-linux-gnu,tungstenite,0.29.0,buffer::tests::simple_reading,full,success,0.11166280500000002,,,,
aarch64-unknown-linux-gnu,tungstenite,0.29.0,error::test::error_size,full,success,0.11287403733333334,,,,
aarch64-unknown-linux-gnu,tungstenite,0.29.0,error::test::protocol_error_size,full,success,0.11204529866666668,,,,
aarch64-unknown-linux-gnu,tungstenite,0.29.0,error::test::tls_error_size,full,success,0.11168712100000001,,,,
aarch64-unknown-linux-gnu,tungstenite,0.29.0,handshake::client::tests::invalid_custom_request,full,success,0.11465957633333335,,,,
aarch64-unknown-linux-gnu,tungstenite,0.29.0,handshake::client::tests::random_keys,full,success,0.13559109266666666,,,,
aarch64-unknown-linux-gnu,tungstenite,0.29.0,handshake::client::tests::request_formatting,full,success,0.150805362,,,,
aarch64-unknown-linux-gnu,tungstenite,0.29.0,handshake::client::tests::request_formatting_with_at,full,success,0.15153509,,,,
aarch64-unknown-linux-gnu,tungstenite,0.29.0,handshake::client::tests::request_formatting_with_host,full,success,0.150263583,,,,
aarch64-unknown-linux-gnu,tungstenite,0.29.0,handshake::client::tests::request_with_latin1_header,full,success,0.28933831933333337,,,,
aarch64-unknown-linux-gnu,tungstenite,0.29.0,handshake::client::tests::request_with_non_ascii_header,full,success,0.30258419266666664,,,,
aarch64-unknown-linux-gnu,tungstenite,0.29.0,handshake::client::tests::response_parsing,full,success,0.11662575466666668,,,,
aarch64-unknown-linux-gnu,tungstenite,0.29.0,handshake::headers::tests::headers,full,success,0.12092947766666667,,,,
aarch64-unknown-linux-gnu,tungstenite,0.29.0,handshake::headers::tests::headers_incomplete,full,success,0.11433448033333334,,,,
aarch64-unknown-linux-gnu,tungstenite,0.29.0,handshake::headers::tests::headers_iter,full,success,0.12940330800000002,,,,
aarch64-unknown-linux-gnu,tungstenite,0.29.0,handshake::server::tests::request_parsing,full,success,0.11651128933333334,,,,
aarch64-unknown-linux-gnu,tungstenite,0.29.0,handshake::server::tests::request_replying,full,success,0.169556073,,,,
aarch64-unknown-linux-gnu,tungstenite,0.29.0,handshake::tests::key_conversion,full,success,0.13630228333333336,,,,
aarch64-unknown-linux-gnu,tungstenite,0.29.0,protocol::frame::coding::tests::closecode_from_u16,full,success,0.11130701066666666,,,,
aarch64-unknown-linux-gnu,tungstenite,0.29.0,protocol::frame::coding::tests::closecode_into_u16,full,success,0.11014520433333334,,,,
aarch64-unknown-linux-gnu,tungstenite,0.29.0,protocol::frame::coding::tests::opcode_from_u8,full,success,0.110678965,,,,
aarch64-unknown-linux-gnu,tungstenite,0.29.0,protocol::frame::coding::tests::opcode_into_u8,full,success,0.11212037166666668,,,,
aarch64-unknown-linux-gnu,tungstenite,0.29.0,protocol::frame::frame::tests::display,full,success,0.11528088200000002,,,,
aarch64-unknown-linux-gnu,tungstenite,0.29.0,protocol::frame::frame::tests::format,full,success,0.112556188,,,,
aarch64-unknown-linux-gnu,tungstenite,0.29.0,protocol::frame::frame::tests::format_into_buf,full,success,0.11170557300000002,,,,
aarch64-unknown-linux-gnu,tungstenite,0.29.0,protocol::frame::frame::tests::parse,full,success,0.11253112,,,,
aarch64-unknown-linux-gnu,tungstenite,0.29.0,protocol::frame::mask::tests::test_apply_mask,full,success,0.1870946636666667,,,,
aarch64-unknown-linux-gnu,tungstenite,0.29.0,protocol::frame::tests::from_partially_read,full,success,0.11274094700000002,,,,
aarch64-unknown-linux-gnu,tungstenite,0.29.0,protocol::frame::tests::parse_overflow,full,success,0.11250461066666667,,,,
aarch64-unknown-linux-gnu,tungstenite,0.29.0,protocol::frame::tests::read_frames,full,success,0.115347343,,,,
aarch64-unknown-linux-gnu,tungstenite,0.29.0,protocol::frame::tests::size_limit_hit,full,success,0.11297976866666666,,,,
aarch64-unknown-linux-gnu,tungstenite,0.29.0,protocol::frame::tests::write_frames,full,success,0.11409033766666667,,,,
aarch64-unknown-linux-gnu,tungstenite,0.29.0,protocol::frame::utf8::tests::hash_consistency,full,success,0.11208492466666668,,,,
aarch64-unknown-linux-gnu,tungstenite,0.29.0,protocol::message::tests::binary_convert,full,success,0.11137305933333334,,,,
aarch64-unknown-linux-gnu,tungstenite,0.29.0,protocol::message::tests::binary_convert_bytes,full,success,0.11176599800000002,,,,
aarch64-unknown-linux-gnu,tungstenite,0.29.0,protocol::message::tests::binary_convert_into_bytes,full,success,0.11153652700000001,,,,
aarch64-unknown-linux-gnu,tungstenite,0.29.0,protocol::message::tests::binary_convert_vec,full,success,0.112649885,,,,
aarch64-unknown-linux-gnu,tungstenite,0.29.0,protocol::message::tests::display,full,success,0.11332825633333334,,,,
aarch64-unknown-linux-gnu,tungstenite,0.29.0,protocol::message::tests::text_convert,full,success,0.11134886066666667,,,,
aarch64-unknown-linux-gnu,tungstenite,0.29.0,protocol::tests::receive_messages,full,success,0.12469605566666668,,,,
aarch64-unknown-linux-gnu,tungstenite,0.29.0,protocol::tests::size_limiting_binary,full,success,0.11749207400000002,,,,
aarch64-unknown-linux-gnu,tungstenite,0.29.0,protocol::tests::size_limiting_text_fragmented,full,success,0.11645556533333334,,,,
aarch64-unknown-linux-gnu,twox-hash,2.1.2,xxhash32::random_impl::test::can_be_used_in_a_hashmap_with_a_random_seed,full,success,0.10909824966666666,,,,
aarch64-unknown-linux-gnu,twox-hash,2.1.2,xxhash32::test::can_be_used_in_a_hashmap_with_a_default_seed,full,success,0.10530475166666668,,,,
aarch64-unknown-linux-gnu,twox-hash,2.1.2,xxhash32::test::hash_of_multiple_bytes_matches_c_implementation,full,success,0.10496330933333335,,,,
aarch64-unknown-linux-gnu,twox-hash,2.1.2,xxhash32::test::hash_of_multiple_chunks_matches_c_implementation,full,success,0.11254694466666666,,,,
aarch64-unknown-linux-gnu,twox-hash,2.1.2,xxhash32::test::hash_of_nothing_matches_c_implementation,full,success,0.104417202,,,,
aarch64-unknown-linux-gnu,twox-hash,2.1.2,xxhash32::test::hash_of_single_byte_matches_c_implementation,full,success,0.105015892,,,,
aarch64-unknown-linux-gnu,twox-hash,2.1.2,xxhash32::test::hash_with_different_seed_and_multiple_chunks_matches_c_implementation,full,success,0.113695795,,,,
aarch64-unknown-linux-gnu,twox-hash,2.1.2,xxhash32::test::hash_with_different_seed_matches_c_implementation,full,success,0.10521259500000002,,,,
aarch64-unknown-linux-gnu,twox-hash,2.1.2,xxhash32::test::ingesting_byte_by_byte_is_equivalent_to_large_chunks,full,success,0.12588417633333335,,,,
aarch64-unknown-linux-gnu,twox-hash,2.1.2,xxhash3::streaming::test::secret_buffer_allocate_default_is_valid,full,success,0.10492282733333334,,,,
aarch64-unknown-linux-gnu,twox-hash,2.1.2,xxhash3::streaming::test::secret_buffer_allocate_with_seed_is_valid,full,success,0.10616295833333333,,,,
aarch64-unknown-linux-gnu,twox-hash,2.1.2,xxhash3::streaming::test::secret_buffer_default_is_valid,full,success,0.10528712733333334,,,,
aarch64-unknown-linux-gnu,twox-hash,2.1.2,xxhash3::test::backported_as_chunks,full,success,0.10514557266666669,,,,
aarch64-unknown-linux-gnu,twox-hash,2.1.2,xxhash3::test::backported_as_rchunks,full,success,0.105596814,,,,
aarch64-unknown-linux-gnu,twox-hash,2.1.2,xxhash3::test::default_secret_is_valid,full,success,0.10415906233333334,,,,
aarch64-unknown-linux-gnu,twox-hash,2.1.2,xxhash3_128::test::oneshot_129_to_240_bytes,full,success,0.2286873276666667,,,,
aarch64-unknown-linux-gnu,twox-hash,2.1.2,xxhash3_128::test::oneshot_17_to_128_bytes,full,success,0.164361012,,,,
aarch64-unknown-linux-gnu,twox-hash,2.1.2,xxhash3_128::test::oneshot_1_to_3_bytes,full,success,0.10524130333333333,,,,
aarch64-unknown-linux-gnu,twox-hash,2.1.2,xxhash3_128::test::oneshot_241_plus_bytes,full,success,1.3514697186666667,,,,
aarch64-unknown-linux-gnu,twox-hash,2.1.2,xxhash3_128::test::oneshot_4_to_8_bytes,full,success,0.106947395,,,,
aarch64-unknown-linux-gnu,twox-hash,2.1.2,xxhash3_128::test::oneshot_9_to_16_bytes,full,success,0.11172580600000002,,,,
aarch64-unknown-linux-gnu,twox-hash,2.1.2,xxhash3_128::test::oneshot_empty,full,success,0.10491360766666669,,,,
aarch64-unknown-linux-gnu,twox-hash,2.1.2,xxhash3_128::test::streaming_129_to_240_bytes,full,success,6.93717113,,,,
aarch64-unknown-linux-gnu,twox-hash,2.1.2,xxhash3_128::test::streaming_17_to_128_bytes,full,success,1.4048495043333336,,,,
aarch64-unknown-linux-gnu,twox-hash,2.1.2,xxhash3_128::test::streaming_1_to_3_bytes,full,success,0.10700839033333333,,,,
aarch64-unknown-linux-gnu,twox-hash,2.1.2,xxhash3_128::test::streaming_4_to_8_bytes,full,success,0.11929127466666667,,,,
aarch64-unknown-linux-gnu,twox-hash,2.1.2,xxhash3_128::test::streaming_9_to_16_bytes,full,success,0.15810286,,,,
aarch64-unknown-linux-gnu,twox-hash,2.1.2,xxhash3_128::test::streaming_empty,full,success,0.10467898933333335,,,,
aarch64-unknown-linux-gnu,twox-hash,2.1.2,xxhash3_64::test::oneshot_129_to_240_bytes,full,success,0.21927507033333335,,,,
aarch64-unknown-linux-gnu,twox-hash,2.1.2,xxhash3_64::test::oneshot_17_to_128_bytes,full,success,0.15887408066666667,,,,
aarch64-unknown-linux-gnu,twox-hash,2.1.2,xxhash3_64::test::oneshot_1_to_3_bytes,full,success,0.10592588666666668,,,,
aarch64-unknown-linux-gnu,twox-hash,2.1.2,xxhash3_64::test::oneshot_241_plus_bytes,full,success,1.3260315256666666,,,,
aarch64-unknown-linux-gnu,twox-hash,2.1.2,xxhash3_64::test::oneshot_4_to_8_bytes,full,success,0.10694827333333334,,,,
aarch64-unknown-linux-gnu,twox-hash,2.1.2,xxhash3_64::test::oneshot_9_to_16_bytes,full,success,0.110719942,,,,
aarch64-unknown-linux-gnu,twox-hash,2.1.2,xxhash3_64::test::oneshot_empty,full,success,0.10461148366666667,,,,
aarch64-unknown-linux-gnu,twox-hash,2.1.2,xxhash3_64::test::oneshot_with_seed,full,success,0.25319756933333337,,,,
aarch64-unknown-linux-gnu,twox-hash,2.1.2,xxhash3_64::test::streaming_129_to_240_bytes,full,success,6.9132021513333335,,,,
aarch64-unknown-linux-gnu,twox-hash,2.1.2,xxhash3_64::test::streaming_17_to_128_bytes,full,success,1.3894039253333332,,,,
aarch64-unknown-linux-gnu,twox-hash,2.1.2,xxhash3_64::test::streaming_1_to_3_bytes,full,success,0.10772381400000001,,,,
aarch64-unknown-linux-gnu,twox-hash,2.1.2,xxhash3_64::test::streaming_4_to_8_bytes,full,success,0.11918116900000002,,,,
aarch64-unknown-linux-gnu,twox-hash,2.1.2,xxhash3_64::test::streaming_9_to_16_bytes,full,success,0.15828642666666667,,,,
aarch64-unknown-linux-gnu,twox-hash,2.1.2,xxhash3_64::test::streaming_empty,full,success,0.10438382000000002,,,,
aarch64-unknown-linux-gnu,twox-hash,2.1.2,xxhash64::random_impl::test::can_be_used_in_a_hashmap_with_a_random_seed,full,success,0.10874259466666665,,,,
aarch64-unknown-linux-gnu,twox-hash,2.1.2,xxhash64::test::can_be_used_in_a_hashmap_with_a_default_seed,full,success,0.10555572466666667,,,,
aarch64-unknown-linux-gnu,twox-hash,2.1.2,xxhash64::test::hash_of_multiple_bytes_matches_c_implementation,full,success,0.104447438,,,,
aarch64-unknown-linux-gnu,twox-hash,2.1.2,xxhash64::test::hash_of_multiple_chunks_matches_c_implementation,full,success,0.11315112666666667,,,,
aarch64-unknown-linux-gnu,twox-hash,2.1.2,xxhash64::test::hash_of_nothing_matches_c_implementation,full,success,0.10461565266666667,,,,
aarch64-unknown-linux-gnu,twox-hash,2.1.2,xxhash64::test::hash_of_single_byte_matches_c_implementation,full,success,0.10594485733333335,,,,
aarch64-unknown-linux-gnu,twox-hash,2.1.2,xxhash64::test::hash_with_different_seed_and_multiple_chunks_matches_c_implementation,full,success,0.11616432166666668,,,,
aarch64-unknown-linux-gnu,twox-hash,2.1.2,xxhash64::test::hash_with_different_seed_matches_c_implementation,full,success,0.10794046966666666,,,,
aarch64-unknown-linux-gnu,twox-hash,2.1.2,xxhash64::test::ingesting_byte_by_byte_is_equivalent_to_large_chunks,full,success,0.1307399366666667,,,,
aarch64-unknown-linux-gnu,unicode-bidi,0.3.18,char_data::tests::test_ascii,full,success,0.10550406500000002,,,,
aarch64-unknown-linux-gnu,unicode-bidi,0.3.18,char_data::tests::test_bmp,full,success,0.10826364133333334,,,,
aarch64-unknown-linux-gnu,unicode-bidi,0.3.18,char_data::tests::test_smp,full,success,0.105759824,,,,
aarch64-unknown-linux-gnu,unicode-bidi,0.3.18,char_data::tests::test_unassigned_planes,full,success,0.10666987500000001,,,,
aarch64-unknown-linux-gnu,unicode-bidi,0.3.18,level::tests::test_has_rtl,full,success,0.10636016433333334,,,,
aarch64-unknown-linux-gnu,unicode-bidi,0.3.18,level::tests::test_into,full,success,0.10458695033333333,,,,
aarch64-unknown-linux-gnu,unicode-bidi,0.3.18,level::tests::test_is_ltr,full,success,0.10469946566666667,,,,
aarch64-unknown-linux-gnu,unicode-bidi,0.3.18,level::tests::test_is_rtl,full,success,0.10499558633333334,,,,
aarch64-unknown-linux-gnu,unicode-bidi,0.3.18,level::tests::test_lower,full,success,0.105184061,,,,
aarch64-unknown-linux-gnu,unicode-bidi,0.3.18,level::tests::test_new,full,success,0.10494988333333334,,,,
aarch64-unknown-linux-gnu,unicode-bidi,0.3.18,level::tests::test_new_explicit,full,success,0.10471433866666667,,,,
aarch64-unknown-linux-gnu,unicode-bidi,0.3.18,level::tests::test_raise,full,success,0.10560808433333334,,,,
aarch64-unknown-linux-gnu,unicode-bidi,0.3.18,level::tests::test_raise_explicit,full,success,0.10430848866666668,,,,
aarch64-unknown-linux-gnu,unicode-bidi,0.3.18,level::tests::test_str_eq,full,success,0.10771783333333333,,,,
aarch64-unknown-linux-gnu,unicode-bidi,0.3.18,level::tests::test_string_eq,full,success,0.10685721466666669,,,,
aarch64-unknown-linux-gnu,unicode-bidi,0.3.18,level::tests::test_vec,full,success,0.10489971900000002,,,,
aarch64-unknown-linux-gnu,unicode-bidi,0.3.18,prepare::tests::test_isolating_run_sequences,full,success,0.132090697,,,,
aarch64-unknown-linux-gnu,unicode-bidi,0.3.18,prepare::tests::test_isolating_run_sequences_sos_and_eos,full,success,0.12018493533333334,,,,
aarch64-unknown-linux-gnu,unicode-bidi,0.3.18,prepare::tests::test_level_runs,full,success,0.10628099933333335,,,,
aarch64-unknown-linux-gnu,unicode-bidi,0.3.18,prepare::tests::test_not_removed_by_x9,full,success,0.10796077666666666,,,,
aarch64-unknown-linux-gnu,unicode-bidi,0.3.18,prepare::tests::test_removed_by_x9,full,success,0.10604834133333335,,,,
aarch64-unknown-linux-gnu,unicode-bidi,0.3.18,tests::test_bidi_info_has_rtl,full,success,0.27596290700000004,,,,
aarch64-unknown-linux-gnu,unicode-bidi,0.3.18,tests::test_direction,full,success,0.20026446500000003,,,,
aarch64-unknown-linux-gnu,unicode-bidi,0.3.18,tests::test_edge_cases_direction,full,success,0.11872939133333334,,,,
aarch64-unknown-linux-gnu,unicode-bidi,0.3.18,tests::test_get_base_direction,full,success,0.12634194233333335,,,,
aarch64-unknown-linux-gnu,unicode-bidi,0.3.18,tests::test_get_base_direction_full,full,success,0.13205984533333334,,,,
aarch64-unknown-linux-gnu,unicode-bidi,0.3.18,tests::test_initial_text_info,full,success,0.123429564,,,,
aarch64-unknown-linux-gnu,unicode-bidi,0.3.18,tests::test_level_at,full,success,0.19754182533333334,,,,
aarch64-unknown-linux-gnu,unicode-bidi,0.3.18,tests::test_paragraph_bidi_info,full,success,0.18162251766666668,,,,
aarch64-unknown-linux-gnu,unicode-bidi,0.3.18,tests::test_paragraph_info_len,full,success,0.13244552266666668,,,,
aarch64-unknown-linux-gnu,unicode-bidi,0.3.18,tests::test_process_text,full,success,0.34285969,,,,
aarch64-unknown-linux-gnu,unicode-bidi,0.3.18,tests::test_reorder_line,full,success,0.6244107799999999,,,,
aarch64-unknown-linux-gnu,unicode-bidi,0.3.18,tests::test_reordered_levels,full,success,0.23240052233333333,,,,
aarch64-unknown-linux-gnu,unicode-bidi,0.3.18,tests::test_reordered_levels_range,full,success,0.11855959966666667,,,,
aarch64-unknown-linux-gnu,unicode-bidi,0.3.18,tests::test_utf16_char_iter,full,success,0.10688948966666667,,,,
aarch64-unknown-linux-gnu,unicode-bidi,0.3.18,tests::test_utf16_text_source,full,success,0.10613890633333334,,,,
aarch64-unknown-linux-gnu,unicode-normalization,0.1.25,normalize::tests::test_hangul_composition,full,success,0.10331973166666668,,,,
aarch64-unknown-linux-gnu,unicode-normalization,0.1.25,quick_check::tests::test_stream_safe_nfc,full,success,0.10689045833333333,,,,
aarch64-unknown-linux-gnu,unicode-normalization,0.1.25,quick_check::tests::test_stream_safe_nfd,full,success,0.10721768800000002,,,,
aarch64-unknown-linux-gnu,unicode-normalization,0.1.25,stream_safe::tests::test_all_nonstarters,full,success,0.11041743700000001,,,,
aarch64-unknown-linux-gnu,unicode-normalization,0.1.25,stream_safe::tests::test_classify_nonstarters,full,success,48.01911123333334,,,,
aarch64-unknown-linux-gnu,unicode-normalization,0.1.25,stream_safe::tests::test_simple,full,success,0.125753301,,,,
aarch64-unknown-linux-gnu,unicode-normalization,0.1.25,test::test_is_combining_mark_ascii,full,success,0.10611049133333333,,,,
aarch64-unknown-linux-gnu,unicode-normalization,0.1.25,test::test_is_combining_mark_misc,full,success,0.10437231533333334,,,,
aarch64-unknown-linux-gnu,unicode-normalization,0.1.25,test::test_nfc,full,success,0.14001863233333336,,,,
aarch64-unknown-linux-gnu,unicode-normalization,0.1.25,test::test_nfd,full,success,0.13940052133333333,,,,
aarch64-unknown-linux-gnu,unicode-normalization,0.1.25,test::test_nfkc,full,success,0.14311373533333335,,,,
aarch64-unknown-linux-gnu,unicode-normalization,0.1.25,test::test_nfkd,full,success,0.12576019966666666,,,,
aarch64-unknown-linux-gnu,unicode-normalization,0.1.25,test::test_normalize_char,full,success,0.10613085966666667,,,,
aarch64-unknown-linux-gnu,urlencoding,2.1.3,dec::dec_borrows,full,success,0.1027998,,,,
aarch64-unknown-linux-gnu,urlencoding,2.1.3,tests::it_decodes_successfully,full,success,0.10197765466666668,,,,
aarch64-unknown-linux-gnu,urlencoding,2.1.3,tests::it_decodes_successfully_emoji,full,success,0.10398710533333334,,,,
aarch64-unknown-linux-gnu,urlencoding,2.1.3,tests::it_decodes_unsuccessfully_emoji,full,success,0.10225409866666668,,,,
aarch64-unknown-linux-gnu,urlencoding,2.1.3,tests::it_encodes_successfully,full,success,0.10319332866666668,,,,
aarch64-unknown-linux-gnu,urlencoding,2.1.3,tests::it_encodes_successfully_emoji,full,success,0.103427338,,,,
aarch64-unknown-linux-gnu,urlencoding,2.1.3,tests::lazy_writer,full,success,0.10343672666666666,,,,
aarch64-unknown-linux-gnu,urlencoding,2.1.3,tests::misc,full,success,0.11145985933333336,,,,
aarch64-unknown-linux-gnu,urlencoding,2.1.3,tests::whatwg_examples,full,success,0.10522978266666667,,,,
aarch64-unknown-linux-gnu,utf8_iter,1.0.4,report::tests::test_eq,full,success,0.10272881333333334,,,,
aarch64-unknown-linux-gnu,utf8_iter,1.0.4,report::tests::test_size,full,success,0.10281294466666667,,,,
aarch64-unknown-linux-gnu,uuid,1.23.2,fmt::tests::braced_ref_trailing,full,success,0.08326692200000002,,,,
aarch64-unknown-linux-gnu,uuid,1.23.2,fmt::tests::braced_to_inner,full,success,0.07940855633333334,,,,
aarch64-unknown-linux-gnu,uuid,1.23.2,fmt::tests::braced_too_small,full,success,0.084276788,,,,
aarch64-unknown-linux-gnu,uuid,1.23.2,fmt::tests::braced_trailing,full,success,0.083268557,,,,
aarch64-unknown-linux-gnu,uuid,1.23.2,fmt::tests::hyphenated_ref_trailing,full,success,0.08373701600000001,,,,
aarch64-unknown-linux-gnu,uuid,1.23.2,fmt::tests::hyphenated_to_inner,full,success,0.07956467900000001,,,,
aarch64-unknown-linux-gnu,uuid,1.23.2,fmt::tests::hyphenated_too_small,full,success,0.083864126,,,,
aarch64-unknown-linux-gnu,uuid,1.23.2,fmt::tests::hyphenated_trailing,full,success,0.08284945633333334,,,,
aarch64-unknown-linux-gnu,uuid,1.23.2,fmt::tests::simple_ref_trailing,full,success,0.08418314933333333,,,,
aarch64-unknown-linux-gnu,uuid,1.23.2,fmt::tests::simple_to_inner,full,success,0.079495324,,,,
aarch64-unknown-linux-gnu,uuid,1.23.2,fmt::tests::simple_too_small,full,success,0.08458643833333335,,,,
aarch64-unknown-linux-gnu,uuid,1.23.2,fmt::tests::simple_trailing,full,success,0.08375891233333334,,,,
aarch64-unknown-linux-gnu,uuid,1.23.2,fmt::tests::urn_ref_trailing,full,success,0.08296109800000001,,,,
aarch64-unknown-linux-gnu,uuid,1.23.2,fmt::tests::urn_to_inner,full,success,0.07934350533333333,,,,
aarch64-unknown-linux-gnu,uuid,1.23.2,fmt::tests::urn_too_small,full,success,0.08394994900000001,,,,
aarch64-unknown-linux-gnu,uuid,1.23.2,fmt::tests::urn_trailing,full,success,0.08330631766666667,,,,
aarch64-unknown-linux-gnu,uuid,1.23.2,non_nil::tests::test_non_nil,full,success,0.07944255633333334,,,,
aarch64-unknown-linux-gnu,uuid,1.23.2,non_nil::tests::test_non_nil_formatting,full,success,0.08004021833333334,,,,
aarch64-unknown-linux-gnu,uuid,1.23.2,non_nil::tests::test_non_nil_ord,full,success,0.07972592233333334,,,,
aarch64-unknown-linux-gnu,uuid,1.23.2,non_nil::tests::test_non_nil_with_option_size,full,success,0.07917760833333333,,,,
aarch64-unknown-linux-gnu,uuid,1.23.2,parser::tests::test_parse_invalid,full,success,0.09975735833333334,,,,
aarch64-unknown-linux-gnu,uuid,1.23.2,parser::tests::test_parse_valid,full,success,0.079631313,,,,
aarch64-unknown-linux-gnu,uuid,1.23.2,parser::tests::test_roundtrip_braced,full,success,0.08221369733333334,,,,
aarch64-unknown-linux-gnu,uuid,1.23.2,parser::tests::test_roundtrip_default,full,success,0.08258850833333335,,,,
aarch64-unknown-linux-gnu,uuid,1.23.2,parser::tests::test_roundtrip_hyphenated,full,success,0.08272939433333333,,,,
aarch64-unknown-linux-gnu,uuid,1.23.2,parser::tests::test_roundtrip_parse_braced,full,success,0.08245231400000001,,,,
aarch64-unknown-linux-gnu,uuid,1.23.2,parser::tests::test_roundtrip_parse_urn,full,success,0.08257460166666668,,,,
aarch64-unknown-linux-gnu,uuid,1.23.2,parser::tests::test_roundtrip_simple,full,success,0.08271117966666668,,,,
aarch64-unknown-linux-gnu,uuid,1.23.2,parser::tests::test_roundtrip_urn,full,success,0.08310395366666667,,,,
aarch64-unknown-linux-gnu,uuid,1.23.2,parser::tests::test_try_parse_ascii_non_utf8,full,success,0.07997359700000001,,,,
aarch64-unknown-linux-gnu,uuid,1.23.2,tests::test_as_bytes,full,success,0.080608468,,,,
aarch64-unknown-linux-gnu,uuid,1.23.2,tests::test_bytes_le_roundtrip,full,success,0.07987784633333334,,,,
aarch64-unknown-linux-gnu,uuid,1.23.2,tests::test_bytes_roundtrip,full,success,0.07998591233333334,,,,
aarch64-unknown-linux-gnu,uuid,1.23.2,tests::test_compare,full,success,0.07967418466666668,,,,
aarch64-unknown-linux-gnu,uuid,1.23.2,tests::test_convert_vec,full,success,0.08122481066666669,,,,
aarch64-unknown-linux-gnu,uuid,1.23.2,tests::test_default,full,success,0.07968223366666667,,,,
aarch64-unknown-linux-gnu,uuid,1.23.2,tests::test_display,full,success,0.10944194766666666,,,,
aarch64-unknown-linux-gnu,uuid,1.23.2,tests::test_fields_le_are_actually_le,full,success,0.08042384133333334,,,,
aarch64-unknown-linux-gnu,uuid,1.23.2,tests::test_fields_le_roundtrip,full,success,0.07976295500000001,,,,
aarch64-unknown-linux-gnu,uuid,1.23.2,tests::test_fields_roundtrip,full,success,0.07971709233333335,,,,
aarch64-unknown-linux-gnu,uuid,1.23.2,tests::test_from_bytes,full,success,0.079460072,,,,
aarch64-unknown-linux-gnu,uuid,1.23.2,tests::test_from_fields,full,success,0.07954769700000001,,,,
aarch64-unknown-linux-gnu,uuid,1.23.2,tests::test_from_fields_le,full,success,0.07986334866666668,,,,
aarch64-unknown-linux-gnu,uuid,1.23.2,tests::test_from_slice,full,success,0.07914303033333332,,,,
aarch64-unknown-linux-gnu,uuid,1.23.2,tests::test_get_node_id_unsupported_version,full,success,0.07979143933333334,,,,
aarch64-unknown-linux-gnu,uuid,1.23.2,tests::test_get_timestamp_unsupported_version,full,success,0.080276211,,,,
aarch64-unknown-linux-gnu,uuid,1.23.2,tests::test_get_variant,full,success,0.08040771066666667,,,,
aarch64-unknown-linux-gnu,uuid,1.23.2,tests::test_get_version,full,success,0.07958707100000001,,,,
aarch64-unknown-linux-gnu,uuid,1.23.2,tests::test_get_version_non_conforming,full,success,0.07993411,,,,
aarch64-unknown-linux-gnu,uuid,1.23.2,tests::test_hyphenated_string,full,success,0.104013375,,,,
aarch64-unknown-linux-gnu,uuid,1.23.2,tests::test_max,full,success,0.07928457633333334,,,,
aarch64-unknown-linux-gnu,uuid,1.23.2,tests::test_nil,full,success,0.080092378,,,,
aarch64-unknown-linux-gnu,uuid,1.23.2,tests::test_predefined_namespaces,full,success,0.08078125800000001,,,,
aarch64-unknown-linux-gnu,uuid,1.23.2,tests::test_to_simple_string,full,success,0.09941407233333334,,,,
aarch64-unknown-linux-gnu,uuid,1.23.2,tests::test_to_urn_string,full,success,0.11031285433333334,,,,
aarch64-unknown-linux-gnu,uuid,1.23.2,tests::test_u128_le_is_actually_le,full,success,0.07816848933333333,,,,
aarch64-unknown-linux-gnu,uuid,1.23.2,tests::test_u128_le_roundtrip,full,success,0.079690467,,,,
aarch64-unknown-linux-gnu,uuid,1.23.2,tests::test_u128_roundtrip,full,success,0.07942431200000001,,,,
aarch64-unknown-linux-gnu,uuid,1.23.2,tests::test_u64_pair_roundtrip,full,success,0.07939675033333334,,,,
aarch64-unknown-linux-gnu,uuid,1.23.2,tests::test_upper_lower_hex,full,success,0.432078295,,,,
aarch64-unknown-linux-gnu,which,8.0.2,helper::test::test_extension_in_extension_vector,full,success,0.10641790200000001,,,,
aarch64-unknown-linux-gnu,which,8.0.2,helper::test::test_extension_not_in_extension_vector,full,success,0.105916884,,,,
aarch64-unknown-linux-gnu,which,8.0.2,helper::test::test_invalid_exts,full,success,0.10552303233333334,,,,
aarch64-unknown-linux-gnu,writeable,0.6.3,cmp::tests::test_mixed,full,success,0.23979118966666668,,,,
aarch64-unknown-linux-gnu,writeable,0.6.3,cmp::tests::test_write_char,full,success,0.2624970026666667,,,,
aarch64-unknown-linux-gnu,writeable,0.6.3,cmp::tests::test_write_str,full,success,0.116249161,,,,
aarch64-unknown-linux-gnu,writeable,0.6.3,impls::test_string_impls,full,success,0.11681920900000002,,,,
aarch64-unknown-linux-gnu,writeable,0.6.3,impls::test_u128,full,success,1.2632365756666666,,,,
aarch64-unknown-linux-gnu,writeable,0.6.3,impls::test_u16,full,success,1.0435533013333333,,,,
aarch64-unknown-linux-gnu,writeable,0.6.3,impls::test_u32,full,success,1.396780518,,,,
aarch64-unknown-linux-gnu,writeable,0.6.3,impls::test_u64,full,success,2.4416153116666663,,,,
aarch64-unknown-linux-gnu,writeable,0.6.3,impls::test_u8,full,success,0.9211996123333334,,,,
aarch64-unknown-linux-gnu,writeable,0.6.3,impls::test_usize,full,success,0.123800299,,,,
aarch64-unknown-linux-gnu,writeable,0.6.3,ops::tests::test_add,full,success,0.10524765466666668,,,,
aarch64-unknown-linux-gnu,writeable,0.6.3,ops::tests::test_bitor,full,success,0.10490427033333334,,,,
aarch64-unknown-linux-gnu,writeable,0.6.3,ops::tests::test_mul,full,success,0.10487454733333335,,,,
aarch64-unknown-linux-gnu,writeable,0.6.3,ops::tests::test_sum,full,success,0.10502361333333333,,,,
aarch64-unknown-linux-gnu,writeable,0.6.3,try_writeable::test_result_try_writeable,full,success,0.10580717333333334,,,,
aarch64-unknown-linux-gnu,yoke,0.8.2,cartable_ptr::tests::test_new_rc,full,success,0.10644638766666668,,,,
aarch64-unknown-linux-gnu,yoke,0.8.2,cartable_ptr::tests::test_new_sentinel,full,success,0.10643046333333334,,,,
aarch64-unknown-linux-gnu,yoke,0.8.2,cartable_ptr::tests::test_rc_clone,full,success,0.10683711833333333,,,,
aarch64-unknown-linux-gnu,yoke,0.8.2,cartable_ptr::tests::test_sizes,full,success,0.10585872,,,,
aarch64-unknown-linux-gnu,yoke,0.8.2,yoke::test_clone,full,success,0.10863524133333334,,,,
aarch64-unknown-linux-gnu,yoke,0.8.2,yoke::test_debug,full,success,0.10816436700000003,,,,
aarch64-unknown-linux-gnu,yoke,0.8.2,yoke::test_display,full,success,0.10648181766666666,,,,
aarch64-unknown-linux-gnu,yoke,0.8.2,yoke::test_eq_trait,full,success,0.10759822299999999,,,,
aarch64-unknown-linux-gnu,yoke,0.8.2,yoke::test_partialeq,full,success,0.10740976266666667,,,,
aarch64-unknown-linux-gnu,yoke,0.8.2,yoke::test_partialord_ord,full,success,0.10691266033333334,,,,
x86_64-unknown-linux-gnu,aho-corasick,1.1.4,nfa::contiguous::tests::swar,full,success,0.105444023,,,,
x86_64-unknown-linux-gnu,aho-corasick,1.1.4,packed::pattern::tests::equals_different_lengths,full,success,0.10569890766666667,,,,
x86_64-unknown-linux-gnu,aho-corasick,1.1.4,packed::pattern::tests::equals_mismatch,full,success,0.108406022,,,,
x86_64-unknown-linux-gnu,aho-corasick,1.1.4,packed::pattern::tests::equals_yes,full,success,0.104762907,,,,
x86_64-unknown-linux-gnu,aho-corasick,1.1.4,packed::pattern::tests::prefix,full,success,0.10813055533333334,,,,
x86_64-unknown-linux-gnu,aho-corasick,1.1.4,packed::tests::search_default_leftmost_first,full,success,7.302932476333333,,,,
x86_64-unknown-linux-gnu,aho-corasick,1.1.4,packed::tests::search_default_leftmost_longest,full,success,7.293858344333334,,,,
x86_64-unknown-linux-gnu,aho-corasick,1.1.4,packed::tests::search_rabinkarp_leftmost_first,full,success,4.117364318,,,,
x86_64-unknown-linux-gnu,aho-corasick,1.1.4,packed::tests::search_rabinkarp_leftmost_longest,full,success,4.206704308333333,,,,
x86_64-unknown-linux-gnu,aho-corasick,1.1.4,packed::tests::search_teddy_avx2_leftmost_first,full,success,7.113344158666667,,,,
x86_64-unknown-linux-gnu,aho-corasick,1.1.4,packed::tests::search_teddy_avx2_leftmost_longest,full,success,7.288609861666667,,,,
x86_64-unknown-linux-gnu,aho-corasick,1.1.4,packed::tests::search_teddy_fat_leftmost_first,full,success,6.044744260000001,,,,
x86_64-unknown-linux-gnu,aho-corasick,1.1.4,packed::tests::search_teddy_fat_leftmost_longest,full,success,6.199502248666666,,,,
x86_64-unknown-linux-gnu,aho-corasick,1.1.4,packed::tests::search_teddy_leftmost_first,full,success,7.331588257666667,,,,
x86_64-unknown-linux-gnu,aho-corasick,1.1.4,packed::tests::search_teddy_leftmost_longest,full,success,7.598079630333333,,,,
x86_64-unknown-linux-gnu,aho-corasick,1.1.4,packed::tests::search_teddy_ssse3_leftmost_first,full,success,5.631724217333333,,,,
x86_64-unknown-linux-gnu,aho-corasick,1.1.4,packed::tests::search_teddy_ssse3_leftmost_longest,full,success,5.731358964333334,,,,
x86_64-unknown-linux-gnu,aho-corasick,1.1.4,packed::tests::search_tests_have_unique_names,full,success,0.19142977966666672,,,,
x86_64-unknown-linux-gnu,aho-corasick,1.1.4,packed::vector::tests_x86_64_avx2::fat_vector_for_each_low_64bit_lane,full,success,0.10592454600000001,,,,
x86_64-unknown-linux-gnu,aho-corasick,1.1.4,packed::vector::tests_x86_64_avx2::fat_vector_half_shift_in_one_byte,full,success,0.106688187,,,,
x86_64-unknown-linux-gnu,aho-corasick,1.1.4,packed::vector::tests_x86_64_avx2::fat_vector_half_shift_in_three_bytes,full,success,0.10800397966666668,,,,
x86_64-unknown-linux-gnu,aho-corasick,1.1.4,packed::vector::tests_x86_64_avx2::fat_vector_half_shift_in_two_bytes,full,success,0.10803943233333335,,,,
x86_64-unknown-linux-gnu,aho-corasick,1.1.4,packed::vector::tests_x86_64_avx2::fat_vector_interleave_high_8bit_lanes,full,success,0.10761602533333332,,,,
x86_64-unknown-linux-gnu,aho-corasick,1.1.4,packed::vector::tests_x86_64_avx2::fat_vector_interleave_low_8bit_lanes,full,success,0.10836933266666667,,,,
x86_64-unknown-linux-gnu,aho-corasick,1.1.4,packed::vector::tests_x86_64_avx2::fat_vector_swap_halves,full,success,0.11260118866666667,,,,
x86_64-unknown-linux-gnu,aho-corasick,1.1.4,packed::vector::tests_x86_64_avx2::vector_and,full,success,0.10593088766666668,,,,
x86_64-unknown-linux-gnu,aho-corasick,1.1.4,packed::vector::tests_x86_64_avx2::vector_cmpeq,full,success,0.10551765866666668,,,,
x86_64-unknown-linux-gnu,aho-corasick,1.1.4,packed::vector::tests_x86_64_avx2::vector_for_each_64bit_lane,full,success,0.10863079400000002,,,,
x86_64-unknown-linux-gnu,aho-corasick,1.1.4,packed::vector::tests_x86_64_avx2::vector_is_zero,full,success,0.10535165966666667,,,,
x86_64-unknown-linux-gnu,aho-corasick,1.1.4,packed::vector::tests_x86_64_avx2::vector_or,full,success,0.10993030533333333,,,,
x86_64-unknown-linux-gnu,aho-corasick,1.1.4,packed::vector::tests_x86_64_avx2::vector_shift_8bit_lane_right,full,success,0.10613892233333334,,,,
x86_64-unknown-linux-gnu,aho-corasick,1.1.4,packed::vector::tests_x86_64_avx2::vector_shift_in_one_byte,full,success,0.10736324266666668,,,,
x86_64-unknown-linux-gnu,aho-corasick,1.1.4,packed::vector::tests_x86_64_avx2::vector_shift_in_three_bytes,full,success,0.10704293200000002,,,,
x86_64-unknown-linux-gnu,aho-corasick,1.1.4,packed::vector::tests_x86_64_avx2::vector_shift_in_two_bytes,full,success,0.10849953233333333,,,,
x86_64-unknown-linux-gnu,aho-corasick,1.1.4,packed::vector::tests_x86_64_avx2::vector_shuffle_bytes,full,success,0.10681326766666667,,,,
x86_64-unknown-linux-gnu,aho-corasick,1.1.4,packed::vector::tests_x86_64_avx2::vector_splat,full,success,0.10668333233333334,,,,
x86_64-unknown-linux-gnu,aho-corasick,1.1.4,packed::vector::tests_x86_64_ssse3::vector_and,full,success,0.106921782,,,,
x86_64-unknown-linux-gnu,aho-corasick,1.1.4,packed::vector::tests_x86_64_ssse3::vector_cmpeq,full,success,0.10770095666666668,,,,
x86_64-unknown-linux-gnu,aho-corasick,1.1.4,packed::vector::tests_x86_64_ssse3::vector_for_each_64bit_lane,full,success,0.10946874200000001,,,,
x86_64-unknown-linux-gnu,aho-corasick,1.1.4,packed::vector::tests_x86_64_ssse3::vector_is_zero,full,success,0.106982315,,,,
x86_64-unknown-linux-gnu,aho-corasick,1.1.4,packed::vector::tests_x86_64_ssse3::vector_or,full,success,0.12321671066666667,,,,
x86_64-unknown-linux-gnu,aho-corasick,1.1.4,packed::vector::tests_x86_64_ssse3::vector_shift_8bit_lane_right,full,success,0.10758544466666668,,,,
x86_64-unknown-linux-gnu,aho-corasick,1.1.4,packed::vector::tests_x86_64_ssse3::vector_shift_in_one_byte,full,success,0.11153432533333334,,,,
x86_64-unknown-linux-gnu,aho-corasick,1.1.4,packed::vector::tests_x86_64_ssse3::vector_shift_in_three_bytes,full,success,0.10797798533333335,,,,
x86_64-unknown-linux-gnu,aho-corasick,1.1.4,packed::vector::tests_x86_64_ssse3::vector_shift_in_two_bytes,full,success,0.11133143166666669,,,,
x86_64-unknown-linux-gnu,aho-corasick,1.1.4,packed::vector::tests_x86_64_ssse3::vector_shuffle_bytes,full,success,0.11240618933333335,,,,
x86_64-unknown-linux-gnu,aho-corasick,1.1.4,packed::vector::tests_x86_64_ssse3::vector_splat,full,success,0.108905021,,,,
x86_64-unknown-linux-gnu,aho-corasick,1.1.4,testoibits::oibits_automaton,full,success,0.11676790766666667,,,,
x86_64-unknown-linux-gnu,aho-corasick,1.1.4,testoibits::oibits_main,full,success,0.10566413100000001,,,,
x86_64-unknown-linux-gnu,aho-corasick,1.1.4,testoibits::oibits_packed,full,success,0.10756678033333333,,,,
x86_64-unknown-linux-gnu,aho-corasick,1.1.4,tests::acasei_leftmost_first_default,full,success,12.004658191666666,,,,
x86_64-unknown-linux-gnu,aho-corasick,1.1.4,tests::acasei_leftmost_first_dfa_default,full,success,12.071038901333333,,,,
x86_64-unknown-linux-gnu,aho-corasick,1.1.4,tests::acasei_leftmost_first_nfa_contig_default,full,success,11.989073399,,,,
x86_64-unknown-linux-gnu,aho-corasick,1.1.4,tests::acasei_leftmost_first_nfa_noncontig_default,full,success,10.806051817666665,,,,
x86_64-unknown-linux-gnu,aho-corasick,1.1.4,tests::acasei_leftmost_longest_default,full,success,12.229123574333334,,,,
x86_64-unknown-linux-gnu,aho-corasick,1.1.4,tests::acasei_leftmost_longest_dfa_default,full,success,12.170635997,,,,
x86_64-unknown-linux-gnu,aho-corasick,1.1.4,tests::acasei_leftmost_longest_nfa_contig_default,full,success,12.103702587,,,,
x86_64-unknown-linux-gnu,aho-corasick,1.1.4,tests::acasei_leftmost_longest_nfa_noncontig_default,full,success,10.920790019333333,,,,
x86_64-unknown-linux-gnu,aho-corasick,1.1.4,tests::acasei_standard_default,full,success,7.134175430333333,,,,
x86_64-unknown-linux-gnu,aho-corasick,1.1.4,tests::acasei_standard_dfa_default,full,success,11.971784288666667,,,,
x86_64-unknown-linux-gnu,aho-corasick,1.1.4,tests::acasei_standard_nfa_contig_default,full,success,7.045810203666666,,,,
x86_64-unknown-linux-gnu,aho-corasick,1.1.4,tests::acasei_standard_nfa_noncontig_default,full,success,6.347450725000001,,,,
x86_64-unknown-linux-gnu,aho-corasick,1.1.4,tests::acasei_standard_overlapping_default,full,success,12.035810773333333,,,,
x86_64-unknown-linux-gnu,aho-corasick,1.1.4,tests::acasei_standard_overlapping_dfa_default,full,success,12.139927858333335,,,,
x86_64-unknown-linux-gnu,aho-corasick,1.1.4,tests::acasei_standard_overlapping_nfa_contig_default,full,success,12.133039028333334,,,,
x86_64-unknown-linux-gnu,aho-corasick,1.1.4,tests::acasei_standard_overlapping_nfa_noncontig_default,full,success,10.978084237666666,,,,
x86_64-unknown-linux-gnu,aho-corasick,1.1.4,tests::anchored_not_allowed_even_if_technically_available,full,success,4.390765484,,,,
x86_64-unknown-linux-gnu,aho-corasick,1.1.4,tests::overlapping_not_allowed_leftmost_first,full,success,1.487529468,,,,
x86_64-unknown-linux-gnu,aho-corasick,1.1.4,tests::overlapping_not_allowed_leftmost_longest,full,success,1.4962058770000002,,,,
x86_64-unknown-linux-gnu,aho-corasick,1.1.4,tests::prefilter_stays_in_bounds,full,success,2.8458979426666673,,,,
x86_64-unknown-linux-gnu,aho-corasick,1.1.4,tests::regression_ascii_case_insensitive_no_exponential,full,success,4.122888350333333,,,,
x86_64-unknown-linux-gnu,aho-corasick,1.1.4,tests::regression_rare_byte_prefilter,full,success,1.8413234706666668,,,,
x86_64-unknown-linux-gnu,aho-corasick,1.1.4,tests::search_standard_anchored_default,full,success,48.76132182433333,,,,
x86_64-unknown-linux-gnu,aho-corasick,1.1.4,tests::search_standard_anchored_dfa_default,full,success,48.16205084633334,,,,
x86_64-unknown-linux-gnu,aho-corasick,1.1.4,tests::search_standard_anchored_dfa_start_both,full,success,48.945790294333335,,,,
x86_64-unknown-linux-gnu,aho-corasick,1.1.4,tests::search_standard_anchored_nfa_noncontig_default,full,success,45.855240419666664,,,,
x86_64-unknown-linux-gnu,aho-corasick,1.1.4,tests::search_tests_have_unique_names,full,success,0.23009857433333336,,,,
x86_64-unknown-linux-gnu,aho-corasick,1.1.4,tests::stream_not_allowed_leftmost_first,full,success,1.5738510796666667,,,,
x86_64-unknown-linux-gnu,aho-corasick,1.1.4,tests::stream_not_allowed_leftmost_longest,full,success,1.528619595,,,,
x86_64-unknown-linux-gnu,aho-corasick,1.1.4,tests::unanchored_not_allowed_even_if_technically_available,full,success,4.478714973333333,,,,
x86_64-unknown-linux-gnu,aho-corasick,1.1.4,util::alphabet::tests::byte_classes,full,success,0.17275138733333337,,,,
x86_64-unknown-linux-gnu,aho-corasick,1.1.4,util::alphabet::tests::elements_empty,full,success,0.14845851533333335,,,,
x86_64-unknown-linux-gnu,aho-corasick,1.1.4,util::alphabet::tests::elements_singletons,full,success,0.15442560933333335,,,,
x86_64-unknown-linux-gnu,aho-corasick,1.1.4,util::alphabet::tests::elements_typical,full,success,0.22183591833333335,,,,
x86_64-unknown-linux-gnu,aho-corasick,1.1.4,util::alphabet::tests::full_byte_classes,full,success,0.15957293133333333,,,,
x86_64-unknown-linux-gnu,ansi_term,0.12.1,ansi::test::black,full,success,0.10996283800000001,,,,
x86_64-unknown-linux-gnu,ansi_term,0.12.1,ansi::test::blink,full,success,0.10940440233333333,,,,
x86_64-unknown-linux-gnu,ansi_term,0.12.1,ansi::test::blue_on_rgb,full,success,0.106667149,,,,
x86_64-unknown-linux-gnu,ansi_term,0.12.1,ansi::test::blue_underline,full,success,0.10668269933333334,,,,
x86_64-unknown-linux-gnu,ansi_term,0.12.1,ansi::test::bold,full,success,0.10843455766666667,,,,
x86_64-unknown-linux-gnu,ansi_term,0.12.1,ansi::test::bunderline,full,success,0.10531218266666668,,,,
x86_64-unknown-linux-gnu,ansi_term,0.12.1,ansi::test::cyan_bold_on_white,full,success,0.11091317933333333,,,,
x86_64-unknown-linux-gnu,ansi_term,0.12.1,ansi::test::cyan_bold_ul_on_white,full,success,0.10662666133333336,,,,
x86_64-unknown-linux-gnu,ansi_term,0.12.1,ansi::test::cyan_ul_bold_on_white,full,success,0.106758256,,,,
x86_64-unknown-linux-gnu,ansi_term,0.12.1,ansi::test::cyan_ul_on_white,full,success,0.11044629466666668,,,,
x86_64-unknown-linux-gnu,ansi_term,0.12.1,ansi::test::dimmed,full,success,0.10898452133333335,,,,
x86_64-unknown-linux-gnu,ansi_term,0.12.1,ansi::test::fixed,full,success,0.106712527,,,,
x86_64-unknown-linux-gnu,ansi_term,0.12.1,ansi::test::fixed_on_fixed,full,success,0.11160065933333334,,,,
x86_64-unknown-linux-gnu,ansi_term,0.12.1,ansi::test::fixed_on_purple,full,success,0.105939057,,,,
x86_64-unknown-linux-gnu,ansi_term,0.12.1,ansi::test::green_bold_ul,full,success,0.11212789166666666,,,,
x86_64-unknown-linux-gnu,ansi_term,0.12.1,ansi::test::green_bold_ul_2,full,success,0.106529204,,,,
x86_64-unknown-linux-gnu,ansi_term,0.12.1,ansi::test::hidden,full,success,0.10905546666666667,,,,
x86_64-unknown-linux-gnu,ansi_term,0.12.1,ansi::test::italic,full,success,0.106833955,,,,
x86_64-unknown-linux-gnu,ansi_term,0.12.1,ansi::test::plain,full,success,0.10659586066666667,,,,
x86_64-unknown-linux-gnu,ansi_term,0.12.1,ansi::test::purple_on_white,full,success,0.106035171,,,,
x86_64-unknown-linux-gnu,ansi_term,0.12.1,ansi::test::purple_on_white_2,full,success,0.10636748433333333,,,,
x86_64-unknown-linux-gnu,ansi_term,0.12.1,ansi::test::red,full,success,0.11630339766666668,,,,
x86_64-unknown-linux-gnu,ansi_term,0.12.1,ansi::test::reverse,full,success,0.10617747200000001,,,,
x86_64-unknown-linux-gnu,ansi_term,0.12.1,ansi::test::rgb,full,success,0.11230210166666667,,,,
x86_64-unknown-linux-gnu,ansi_term,0.12.1,ansi::test::rgb_on_blue,full,success,0.10636415133333334,,,,
x86_64-unknown-linux-gnu,ansi_term,0.12.1,ansi::test::rgb_on_rgb,full,success,0.11949651266666668,,,,
x86_64-unknown-linux-gnu,ansi_term,0.12.1,ansi::test::stricken,full,success,0.10929818833333334,,,,
x86_64-unknown-linux-gnu,ansi_term,0.12.1,ansi::test::test_infix,full,success,0.10730647133333333,,,,
x86_64-unknown-linux-gnu,ansi_term,0.12.1,ansi::test::underline,full,success,0.10656422666666666,,,,
x86_64-unknown-linux-gnu,ansi_term,0.12.1,ansi::test::yellow_bold,full,success,0.11120968366666668,,,,
x86_64-unknown-linux-gnu,ansi_term,0.12.1,ansi::test::yellow_bold_2,full,success,0.10599891666666666,,,,
x86_64-unknown-linux-gnu,ansi_term,0.12.1,ansi::test::yellow_on_blue,full,success,0.10581524800000001,,,,
x86_64-unknown-linux-gnu,ansi_term,0.12.1,ansi::test::yellow_on_blue_2,full,success,0.10560835633333333,,,,
x86_64-unknown-linux-gnu,ansi_term,0.12.1,debug::test::bold,full,success,0.107033905,,,,
x86_64-unknown-linux-gnu,ansi_term,0.12.1,debug::test::both,full,success,0.10479471066666668,,,,
x86_64-unknown-linux-gnu,ansi_term,0.12.1,debug::test::empty,full,success,0.10812929733333333,,,,
x86_64-unknown-linux-gnu,ansi_term,0.12.1,debug::test::everything,full,success,0.11490918566666668,,,,
x86_64-unknown-linux-gnu,ansi_term,0.12.1,debug::test::italic,full,success,0.107772906,,,,
x86_64-unknown-linux-gnu,ansi_term,0.12.1,debug::test::long_and_detailed,full,success,15.157944480666666,,,,
x86_64-unknown-linux-gnu,ansi_term,0.12.1,debug::test::red,full,success,0.10683355666666668,,,,
x86_64-unknown-linux-gnu,ansi_term,0.12.1,debug::test::redblue,full,success,0.10657085900000002,,,,
x86_64-unknown-linux-gnu,ansi_term,0.12.1,difference::test::addition_of_blink,full,success,0.10453539,,,,
x86_64-unknown-linux-gnu,ansi_term,0.12.1,difference::test::addition_of_dimmed,full,success,0.104614946,,,,
x86_64-unknown-linux-gnu,ansi_term,0.12.1,difference::test::addition_of_hidden,full,success,0.10346864066666667,,,,
x86_64-unknown-linux-gnu,ansi_term,0.12.1,difference::test::addition_of_reverse,full,success,0.10536598500000001,,,,
x86_64-unknown-linux-gnu,ansi_term,0.12.1,difference::test::addition_of_strikethrough,full,success,0.10557095966666667,,,,
x86_64-unknown-linux-gnu,ansi_term,0.12.1,difference::test::colour_change,full,success,0.10860736566666668,,,,
x86_64-unknown-linux-gnu,ansi_term,0.12.1,difference::test::lowercase,full,success,0.10514801066666668,,,,
x86_64-unknown-linux-gnu,ansi_term,0.12.1,difference::test::nothing,full,success,0.106648021,,,,
x86_64-unknown-linux-gnu,ansi_term,0.12.1,difference::test::nothing2,full,success,0.11367639600000001,,,,
x86_64-unknown-linux-gnu,ansi_term,0.12.1,difference::test::removal_of_blink,full,success,0.10616977266666668,,,,
x86_64-unknown-linux-gnu,ansi_term,0.12.1,difference::test::removal_of_dimmed,full,success,0.10524508966666668,,,,
x86_64-unknown-linux-gnu,ansi_term,0.12.1,difference::test::removal_of_hidden,full,success,0.10733900633333333,,,,
x86_64-unknown-linux-gnu,ansi_term,0.12.1,difference::test::removal_of_reverse,full,success,0.10572724133333333,,,,
x86_64-unknown-linux-gnu,ansi_term,0.12.1,difference::test::removal_of_strikethrough,full,success,0.10881879000000001,,,,
x86_64-unknown-linux-gnu,ansi_term,0.12.1,difference::test::uppercase,full,success,0.10533141333333335,,,,
x86_64-unknown-linux-gnu,ansi_term,0.12.1,display::tests::no_control_codes_for_plain,full,success,0.10588263800000002,,,,
x86_64-unknown-linux-gnu,ansi_term,0.12.1,util::test::test,full,success,0.110551754,,,,
x86_64-unknown-linux-gnu,anstream,1.0.0,adapter::strip::test::test_strip_byte_del,full,success,0.10522613200000001,,,,
x86_64-unknown-linux-gnu,anstream,1.0.0,adapter::strip::test::test_strip_byte_multibyte,full,success,0.10885713166666668,,,,
x86_64-unknown-linux-gnu,anstream,1.0.0,adapter::strip::test::test_strip_bytes_multibyte,full,success,0.10749592066666668,,,,
x86_64-unknown-linux-gnu,anstream,1.0.0,adapter::strip::test::test_strip_str_del,full,success,0.106660651,,,,
x86_64-unknown-linux-gnu,anstream,1.0.0,adapter::strip::test::test_strip_str_handles_broken_sequence,full,success,0.10592612066666668,,,,
x86_64-unknown-linux-gnu,anstream,1.0.0,adapter::wincon::test::ansi256_colors,full,success,0.11608459666666666,,,,
x86_64-unknown-linux-gnu,anstream,1.0.0,adapter::wincon::test::end,full,success,0.11372399633333334,,,,
x86_64-unknown-linux-gnu,anstream,1.0.0,adapter::wincon::test::middle,full,success,0.11487622000000001,,,,
x86_64-unknown-linux-gnu,anstream,1.0.0,adapter::wincon::test::start,full,success,0.11398091966666668,,,,
x86_64-unknown-linux-gnu,anstream,1.0.0,stream::tests::test,full,success,0.11058139433333335,,,,
x86_64-unknown-linux-gnu,anstyle-query,1.1.5,test::non_empty_empty,full,success,0.12820694100000002,,,,
x86_64-unknown-linux-gnu,anstyle-query,1.1.5,test::non_empty_not_present,full,success,0.12710211233333335,,,,
x86_64-unknown-linux-gnu,anstyle-query,1.1.5,test::non_empty_texty,full,success,0.12735627533333335,,,,
x86_64-unknown-linux-gnu,anstyle,1.0.14,color::test::max_display_buffer,full,success,0.11261734733333334,,,,
x86_64-unknown-linux-gnu,anstyle,1.0.14,color::test::no_align,full,success,0.11186244666666667,,,,
x86_64-unknown-linux-gnu,anstyle,1.0.14,color::test::print_size_of,full,success,0.10957854633333335,,,,
x86_64-unknown-linux-gnu,anstyle,1.0.14,effect::test::no_align,full,success,0.10934576366666666,,,,
x86_64-unknown-linux-gnu,anstyle,1.0.14,effect::test::print_size_of,full,success,0.10787668500000001,,,,
x86_64-unknown-linux-gnu,anstyle,1.0.14,reset::test::no_align,full,success,0.11047792866666667,,,,
x86_64-unknown-linux-gnu,anstyle,1.0.14,reset::test::print_size_of,full,success,0.10641605333333333,,,,
x86_64-unknown-linux-gnu,anstyle,1.0.14,style::print_size_of,full,success,0.11627838833333336,,,,
x86_64-unknown-linux-gnu,anyhow,1.0.102,fmt::tests::no_digits,full,success,0.13658935033333333,,,,
x86_64-unknown-linux-gnu,anyhow,1.0.102,fmt::tests::one_digit,full,success,0.127431671,,,,
x86_64-unknown-linux-gnu,anyhow,1.0.102,fmt::tests::two_digits,full,success,0.128092077,,,,
x86_64-unknown-linux-gnu,arc-swap,1.9.1,access::tests::constant,full,success,0.120167621,,,,
x86_64-unknown-linux-gnu,arc-swap,1.9.1,access::tests::double_dyn_access_complex,full,success,0.12395952533333333,,,,
x86_64-unknown-linux-gnu,arc-swap,1.9.1,access::tests::dyn_dispatch,full,success,0.13026798399999998,,,,
x86_64-unknown-linux-gnu,arc-swap,1.9.1,access::tests::indirect,full,success,0.12628926033333332,,,,
x86_64-unknown-linux-gnu,arc-swap,1.9.1,access::tests::map,full,success,0.12246976866666666,,,,
x86_64-unknown-linux-gnu,arc-swap,1.9.1,access::tests::map_option_none,full,success,0.126039181,,,,
x86_64-unknown-linux-gnu,arc-swap,1.9.1,access::tests::map_option_some,full,success,0.12497506300000001,,,,
x86_64-unknown-linux-gnu,arc-swap,1.9.1,access::tests::map_reload,full,success,0.12485157100000001,,,,
x86_64-unknown-linux-gnu,arc-swap,1.9.1,access::tests::static_dispatch,full,success,0.12135084166666667,,,,
x86_64-unknown-linux-gnu,arc-swap,1.9.1,access::tests::transition,full,success,0.12229005866666666,,,,
x86_64-unknown-linux-gnu,arc-swap,1.9.1,cache::tests::cache_option,full,success,0.128766235,,,,
x86_64-unknown-linux-gnu,arc-swap,1.9.1,cache::tests::cached_through_arc,full,success,0.12951018866666666,,,,
x86_64-unknown-linux-gnu,arc-swap,1.9.1,cache::tests::cached_value,full,success,0.12590970633333334,,,,
x86_64-unknown-linux-gnu,arc-swap,1.9.1,cache::tests::map_cache,full,success,0.12253205900000001,,,,
x86_64-unknown-linux-gnu,arc-swap,1.9.1,debt::list::tests::new_empty,full,success,0.13364005466666667,,,,
x86_64-unknown-linux-gnu,arc-swap,1.9.1,debt::tests::arc_zst,full,success,0.127567802,,,,
x86_64-unknown-linux-gnu,arc-swap,1.9.1,ref_cnt::tests::pin::ref_cnt_pin_arc,full,success,0.12349087466666668,,,,
x86_64-unknown-linux-gnu,arc-swap,1.9.1,ref_cnt::tests::pin::ref_cnt_pin_rc,full,success,0.12355296133333334,,,,
x86_64-unknown-linux-gnu,arc-swap,1.9.1,ref_cnt::tests::ref_cnt_arc,full,success,0.12679461666666667,,,,
x86_64-unknown-linux-gnu,arc-swap,1.9.1,tests::lease_overflow,full,success,0.18650092833333334,,,,
x86_64-unknown-linux-gnu,arc-swap,1.9.1,tests::load_cnt,full,success,0.12874012566666668,,,,
x86_64-unknown-linux-gnu,arc-swap,1.9.1,tests_default::cas_ref_cnt,full,success,0.19889802600000003,,,,
x86_64-unknown-linux-gnu,arc-swap,1.9.1,tests_default::debug_impl,full,success,0.12692084566666667,,,,
x86_64-unknown-linux-gnu,arc-swap,1.9.1,tests_default::display_impl,full,success,0.127078479,,,,
x86_64-unknown-linux-gnu,arc-swap,1.9.1,tests_default::from_into,full,success,0.12275185833333335,,,,
x86_64-unknown-linux-gnu,arc-swap,1.9.1,tests_default::guard_drop_in_another_thread,full,success,0.16549103133333334,,,,
x86_64-unknown-linux-gnu,arc-swap,1.9.1,tests_default::guard_drop_in_thread,full,success,0.26294494733333335,,,,
x86_64-unknown-linux-gnu,arc-swap,1.9.1,tests_default::load_null,full,success,0.129372544,,,,
x86_64-unknown-linux-gnu,arc-swap,1.9.1,tests_default::load_option,full,success,0.1301895236666667,,,,
x86_64-unknown-linux-gnu,arc-swap,1.9.1,tests_default::multi_writers,full,success,2.7458234366666665,,,,
x86_64-unknown-linux-gnu,arc-swap,1.9.1,tests_default::nulls,full,success,0.12721704366666667,,,,
x86_64-unknown-linux-gnu,arc-swap,1.9.1,tests_default::rcu,full,success,2.8854038246666662,,,,
x86_64-unknown-linux-gnu,arc-swap,1.9.1,tests_default::rcu_panic,full,success,0.131239299,,,,
x86_64-unknown-linux-gnu,arc-swap,1.9.1,tests_default::recursive,full,success,0.15095402733333332,,,,
x86_64-unknown-linux-gnu,arc-swap,1.9.1,tests_default::swap_load,full,success,0.4321927956666667,,,,
x86_64-unknown-linux-gnu,arrayvec,0.7.6,char::test_encode_utf8_oob,full,success,0.12666876166666666,,,,
x86_64-unknown-linux-gnu,base64ct,1.8.3,decoder::tests::decode_multiline_padded,full,success,40.099163253,,,,
x86_64-unknown-linux-gnu,base64ct,1.8.3,decoder::tests::decode_padded,full,success,5.899251392666667,,,,
x86_64-unknown-linux-gnu,base64ct,1.8.3,decoder::tests::decode_unpadded,full,success,1.3187430176666666,,,,
x86_64-unknown-linux-gnu,base64ct,1.8.3,encoder::tests::encode_padded,full,success,10.008954518333333,,,,
x86_64-unknown-linux-gnu,base64ct,1.8.3,encoder::tests::encode_unpadded,full,success,1.4385788116666667,,,,
x86_64-unknown-linux-gnu,base64ct,1.8.3,encoder::tests::no_trailing_newline_when_aligned,full,success,0.15432531566666668,,,,
x86_64-unknown-linux-gnu,bincode,2.0.1,features::impl_alloc::test_cow_round_trip,full,success,0.08589613066666667,,,,
x86_64-unknown-linux-gnu,bincode,2.0.1,varint::decode_unsigned::test_decode_u128,full,success,0.16980346500000001,,,,
x86_64-unknown-linux-gnu,bincode,2.0.1,varint::decode_unsigned::test_decode_u16,full,success,0.08995561533333334,,,,
x86_64-unknown-linux-gnu,bincode,2.0.1,varint::decode_unsigned::test_decode_u32,full,success,0.089877944,,,,
x86_64-unknown-linux-gnu,bincode,2.0.1,varint::decode_unsigned::test_decode_u64,full,success,0.091865723,,,,
x86_64-unknown-linux-gnu,bincode,2.0.1,varint::encode_signed::test_encode_i128,full,success,0.083733772,,,,
x86_64-unknown-linux-gnu,bincode,2.0.1,varint::encode_signed::test_encode_i16,full,success,0.08011927433333334,,,,
x86_64-unknown-linux-gnu,bincode,2.0.1,varint::encode_signed::test_encode_i32,full,success,0.081409112,,,,
x86_64-unknown-linux-gnu,bincode,2.0.1,varint::encode_signed::test_encode_i64,full,success,0.08419703633333335,,,,
x86_64-unknown-linux-gnu,bincode,2.0.1,varint::encode_unsigned::test_encode_u128,full,success,0.11878990266666667,,,,
x86_64-unknown-linux-gnu,bincode,2.0.1,varint::encode_unsigned::test_encode_u16,full,success,0.10715509766666668,,,,
x86_64-unknown-linux-gnu,bincode,2.0.1,varint::encode_unsigned::test_encode_u32,full,success,0.10930145533333335,,,,
x86_64-unknown-linux-gnu,bincode,2.0.1,varint::encode_unsigned::test_encode_u64,full,success,0.11258699233333334,,,,
x86_64-unknown-linux-gnu,bindgen,0.72.1,codegen::bitfield_unit_tests::bitfield_unit_get,full,success,0.8864008476666667,,,,
x86_64-unknown-linux-gnu,bindgen,0.72.1,codegen::bitfield_unit_tests::bitfield_unit_get_bit,full,success,0.144623452,,,,
x86_64-unknown-linux-gnu,bindgen,0.72.1,codegen::bitfield_unit_tests::bitfield_unit_set,full,success,1.1408493206666668,,,,
x86_64-unknown-linux-gnu,bindgen,0.72.1,codegen::bitfield_unit_tests::bitfield_unit_set_bit,full,success,0.14070646900000003,,,,
x86_64-unknown-linux-gnu,bindgen,0.72.1,codegen::struct_layout::test_align_to,full,success,0.13425144700000002,,,,
x86_64-unknown-linux-gnu,bindgen,0.72.1,codegen::struct_layout::test_bytes_from_bits_pow2,full,success,0.14512806566666667,,,,
x86_64-unknown-linux-gnu,bindgen,0.72.1,commandline_flag_unit_test_function,full,success,0.23069920900000004,,,,
x86_64-unknown-linux-gnu,bindgen,0.72.1,deps::tests::escaping_depfile,full,success,0.158659397,,,,
x86_64-unknown-linux-gnu,bindgen,0.72.1,features::test::invalid_targets,full,success,0.151833152,,,,
x86_64-unknown-linux-gnu,bindgen,0.72.1,features::test::release_versions_for_editions,full,success,0.14538268966666668,,,,
x86_64-unknown-linux-gnu,bindgen,0.72.1,features::test::target_features,full,success,0.136131982,,,,
x86_64-unknown-linux-gnu,bindgen,0.72.1,features::test::valid_targets,full,success,0.15451197000000003,,,,
x86_64-unknown-linux-gnu,bindgen,0.72.1,ir::analysis::tests::monotone,full,success,0.767329464,,,,
x86_64-unknown-linux-gnu,bindgen,0.72.1,ir::comment::test::picks_up_single_and_multi_line_doc_comments,full,success,0.138509097,,,,
x86_64-unknown-linux-gnu,bindgen,0.72.1,ir::comment::test::processes_multi_lines_correctly,full,success,0.1465366676666667,,,,
x86_64-unknown-linux-gnu,bindgen,0.72.1,ir::comment::test::processes_single_lines_correctly,full,success,0.14027580066666667,,,,
x86_64-unknown-linux-gnu,bindgen,0.72.1,ir::layout::test_layout_for_size,full,success,0.14314406100000002,,,,
x86_64-unknown-linux-gnu,bindgen,0.72.1,ir::ty::is_invalid_type_param_empty_name,full,success,0.13527858466666667,,,,
x86_64-unknown-linux-gnu,bindgen,0.72.1,ir::ty::is_invalid_type_param_invalid_remaining,full,success,0.14591484333333335,,,,
x86_64-unknown-linux-gnu,bindgen,0.72.1,ir::ty::is_invalid_type_param_invalid_start,full,success,0.14321108366666668,,,,
x86_64-unknown-linux-gnu,bindgen,0.72.1,ir::ty::is_invalid_type_param_unnamed,full,success,0.141652805,,,,
x86_64-unknown-linux-gnu,bindgen,0.72.1,ir::ty::is_invalid_type_param_valid,full,success,0.14337673866666667,,,,
x86_64-unknown-linux-gnu,bindgen,0.72.1,ir::ty::is_invalid_type_param_valid_underscore_and_numbers,full,success,0.13864306866666665,,,,
x86_64-unknown-linux-gnu,bindgen,0.72.1,ir::ty::is_invalid_type_param_valid_unnamed_kind,full,success,0.13803422100000004,,,,
x86_64-unknown-linux-gnu,bindgen,0.72.1,test_rust_to_clang_target,full,success,0.139157016,,,,
x86_64-unknown-linux-gnu,bindgen,0.72.1,test_rust_to_clang_target_espidf,full,success,0.14396983266666666,,,,
x86_64-unknown-linux-gnu,bindgen,0.72.1,test_rust_to_clang_target_riscv,full,success,0.14746106733333333,,,,
x86_64-unknown-linux-gnu,bindgen,0.72.1,test_rust_to_clang_target_simulator,full,success,0.142525851,,,,
x86_64-unknown-linux-gnu,bit-set,0.10.0,tests::test_bit_set_basic,full,success,0.08383294000000001,,,,
x86_64-unknown-linux-gnu,bit-set,0.10.0,tests::test_bit_set_cmp,full,success,0.082962066,,,,
x86_64-unknown-linux-gnu,bit-set,0.10.0,tests::test_bit_set_debug,full,success,0.099334607,,,,
x86_64-unknown-linux-gnu,bit-set,0.10.0,tests::test_bit_set_difference,full,success,0.08852196200000001,,,,
x86_64-unknown-linux-gnu,bit-set,0.10.0,tests::test_bit_set_difference_with,full,success,0.08461968333333332,,,,
x86_64-unknown-linux-gnu,bit-set,0.10.0,tests::test_bit_set_display,full,success,0.08424996233333333,,,,
x86_64-unknown-linux-gnu,bit-set,0.10.0,tests::test_bit_set_eq,full,success,0.08333582133333334,,,,
x86_64-unknown-linux-gnu,bit-set,0.10.0,tests::test_bit_set_from_usizes,full,success,0.08418332499999999,,,,
x86_64-unknown-linux-gnu,bit-set,0.10.0,tests::test_bit_set_frombit_vec_init,full,success,0.083767295,,,,
x86_64-unknown-linux-gnu,bit-set,0.10.0,tests::test_bit_set_intersect_with,full,success,0.09219587166666667,,,,
x86_64-unknown-linux-gnu,bit-set,0.10.0,tests::test_bit_set_intersection,full,success,0.11832496933333332,,,,
x86_64-unknown-linux-gnu,bit-set,0.10.0,tests::test_bit_set_is_disjoint,full,success,0.08869160066666666,,,,
x86_64-unknown-linux-gnu,bit-set,0.10.0,tests::test_bit_set_iterator,full,success,2.6178608056666666,,,,
x86_64-unknown-linux-gnu,bit-set,0.10.0,tests::test_bit_set_shrink_to_fit,full,success,0.088708919,,,,
x86_64-unknown-linux-gnu,bit-set,0.10.0,tests::test_bit_set_shrink_to_fit_new,full,success,0.08286888199999999,,,,
x86_64-unknown-linux-gnu,bit-set,0.10.0,tests::test_bit_set_subset,full,success,0.09465726766666667,,,,
x86_64-unknown-linux-gnu,bit-set,0.10.0,tests::test_bit_set_symmetric_difference,full,success,0.08421607133333335,,,,
x86_64-unknown-linux-gnu,bit-set,0.10.0,tests::test_bit_set_symmetric_difference_with,full,success,0.08802736566666668,,,,
x86_64-unknown-linux-gnu,bit-set,0.10.0,tests::test_bit_set_union,full,success,0.08599993333333333,,,,
x86_64-unknown-linux-gnu,bit-set,0.10.0,tests::test_bit_set_union_with,full,success,0.08327669533333333,,,,
x86_64-unknown-linux-gnu,bit-set,0.10.0,tests::test_bit_vec_clone,full,success,0.08615953833333334,,,,
x86_64-unknown-linux-gnu,bit-set,0.10.0,tests::test_bit_vec_masking,full,success,0.08326306166666668,,,,
x86_64-unknown-linux-gnu,bit-set,0.10.0,tests::test_bit_vec_remove,full,success,0.08645358366666667,,,,
x86_64-unknown-linux-gnu,bit-set,0.10.0,tests::test_truncate,full,success,0.08870490666666668,,,,
x86_64-unknown-linux-gnu,bit-vec,0.9.1,tests::iter,full,success,0.08378667633333332,,,,
x86_64-unknown-linux-gnu,bit-vec,0.9.1,tests::test_0_elements,full,success,0.09709551300000001,,,,
x86_64-unknown-linux-gnu,bit-vec,0.9.1,tests::test_10_elements,full,success,0.09346857566666666,,,,
x86_64-unknown-linux-gnu,bit-vec,0.9.1,tests::test_1_element,full,success,0.08531831066666667,,,,
x86_64-unknown-linux-gnu,bit-vec,0.9.1,tests::test_2_elements,full,success,0.09332560866666667,,,,
x86_64-unknown-linux-gnu,bit-vec,0.9.1,tests::test_31_elements,full,success,0.11099743000000001,,,,
x86_64-unknown-linux-gnu,bit-vec,0.9.1,tests::test_32_elements,full,success,0.10879019499999999,,,,
x86_64-unknown-linux-gnu,bit-vec,0.9.1,tests::test_33_elements,full,success,0.113421938,,,,
x86_64-unknown-linux-gnu,bit-vec,0.9.1,tests::test_big_bit_vec_tests,full,success,0.08819750966666667,,,,
x86_64-unknown-linux-gnu,bit-vec,0.9.1,tests::test_big_difference,full,success,0.08371784900000001,,,,
x86_64-unknown-linux-gnu,bit-vec,0.9.1,tests::test_big_fill,full,success,0.096320417,,,,
x86_64-unknown-linux-gnu,bit-vec,0.9.1,tests::test_big_xnor,full,success,0.08648105366666668,,,,
x86_64-unknown-linux-gnu,bit-vec,0.9.1,tests::test_big_xor,full,success,0.09334966666666666,,,,
x86_64-unknown-linux-gnu,bit-vec,0.9.1,tests::test_bit_vec_append,full,success,0.13524056766666667,,,,
x86_64-unknown-linux-gnu,bit-vec,0.9.1,tests::test_bit_vec_append_aligned_to_unaligned,full,success,0.08914523966666667,,,,
x86_64-unknown-linux-gnu,bit-vec,0.9.1,tests::test_bit_vec_extend,full,success,0.09333174300000001,,,,
x86_64-unknown-linux-gnu,bit-vec,0.9.1,tests::test_bit_vec_grow,full,success,0.08845198333333333,,,,
x86_64-unknown-linux-gnu,bit-vec,0.9.1,tests::test_bit_vec_lt,full,success,0.091308605,,,,
x86_64-unknown-linux-gnu,bit-vec,0.9.1,tests::test_bit_vec_push_pop,full,success,0.08637383633333334,,,,
x86_64-unknown-linux-gnu,bit-vec,0.9.1,tests::test_bit_vec_reserve,full,success,0.084348168,,,,
x86_64-unknown-linux-gnu,bit-vec,0.9.1,tests::test_bit_vec_split_off,full,success,0.10135142766666667,,,,
x86_64-unknown-linux-gnu,bit-vec,0.9.1,tests::test_bit_vec_truncate,full,success,0.104819675,,,,
x86_64-unknown-linux-gnu,bit-vec,0.9.1,tests::test_bit_vec_unaligned_large_append,full,success,0.10140331533333334,,,,
x86_64-unknown-linux-gnu,bit-vec,0.9.1,tests::test_bit_vec_unaligned_small_append,full,success,0.08947096,,,,
x86_64-unknown-linux-gnu,bit-vec,0.9.1,tests::test_count_ones,full,success,2.909705811333333,,,,
x86_64-unknown-linux-gnu,bit-vec,0.9.1,tests::test_count_zeros,full,success,2.941440506333333,,,,
x86_64-unknown-linux-gnu,bit-vec,0.9.1,tests::test_debug_output,full,success,0.09922465000000001,,,,
x86_64-unknown-linux-gnu,bit-vec,0.9.1,tests::test_display_output,full,success,0.08596124133333333,,,,
x86_64-unknown-linux-gnu,bit-vec,0.9.1,tests::test_equal_differing_sizes,full,success,0.08567241333333335,,,,
x86_64-unknown-linux-gnu,bit-vec,0.9.1,tests::test_equal_greatly_differing_sizes,full,success,0.08528462600000002,,,,
x86_64-unknown-linux-gnu,bit-vec,0.9.1,tests::test_equal_sneaky_big,full,success,0.10637332566666668,,,,
x86_64-unknown-linux-gnu,bit-vec,0.9.1,tests::test_equal_sneaky_small,full,success,0.08335822766666667,,,,
x86_64-unknown-linux-gnu,bit-vec,0.9.1,tests::test_from_bools,full,success,0.08529834700000001,,,,
x86_64-unknown-linux-gnu,bit-vec,0.9.1,tests::test_from_bytes,full,success,0.088026058,,,,
x86_64-unknown-linux-gnu,bit-vec,0.9.1,tests::test_get_mut,full,success,0.08650500566666668,,,,
x86_64-unknown-linux-gnu,bit-vec,0.9.1,tests::test_insert_at_block_boundaries,full,success,0.086499361,,,,
x86_64-unknown-linux-gnu,bit-vec,0.9.1,tests::test_insert_at_block_boundaries_1,full,success,0.09061539466666667,,,,
x86_64-unknown-linux-gnu,bit-vec,0.9.1,tests::test_insert_at_end,full,success,0.08673410433333334,,,,
x86_64-unknown-linux-gnu,bit-vec,0.9.1,tests::test_insert_at_zero,full,success,0.11141051733333333,,,,
x86_64-unknown-linux-gnu,bit-vec,0.9.1,tests::test_insert_remove,full,success,14.528532686,,,,
x86_64-unknown-linux-gnu,bit-vec,0.9.1,tests::test_into_iter,full,success,0.088035105,,,,
x86_64-unknown-linux-gnu,bit-vec,0.9.1,tests::test_iter_mut,full,success,0.09086126133333335,,,,
x86_64-unknown-linux-gnu,bit-vec,0.9.1,tests::test_ord,full,success,0.09192724066666667,,,,
x86_64-unknown-linux-gnu,bit-vec,0.9.1,tests::test_push_within_capacity_at_brink,full,success,0.08981954033333334,,,,
x86_64-unknown-linux-gnu,bit-vec,0.9.1,tests::test_push_within_capacity_at_brink_with_mul_blocks,full,success,0.090728707,,,,
x86_64-unknown-linux-gnu,bit-vec,0.9.1,tests::test_push_within_capacity_storage_push,full,success,0.08753251899999999,,,,
x86_64-unknown-linux-gnu,bit-vec,0.9.1,tests::test_push_within_capacity_with_suffice_cap,full,success,0.084591694,,,,
x86_64-unknown-linux-gnu,bit-vec,0.9.1,tests::test_remove_all,full,success,0.24594853033333333,,,,
x86_64-unknown-linux-gnu,bit-vec,0.9.1,tests::test_remove_last,full,success,0.19721458300000003,,,,
x86_64-unknown-linux-gnu,bit-vec,0.9.1,tests::test_small_bit_vec_tests,full,success,0.08608716633333334,,,,
x86_64-unknown-linux-gnu,bit-vec,0.9.1,tests::test_small_difference,full,success,0.08504370933333334,,,,
x86_64-unknown-linux-gnu,bit-vec,0.9.1,tests::test_small_fill,full,success,0.08485273533333333,,,,
x86_64-unknown-linux-gnu,bit-vec,0.9.1,tests::test_small_nand,full,success,0.08350756433333334,,,,
x86_64-unknown-linux-gnu,bit-vec,0.9.1,tests::test_small_nor,full,success,0.08852025433333334,,,,
x86_64-unknown-linux-gnu,bit-vec,0.9.1,tests::test_small_xnor,full,success,0.08514279533333334,,,,
x86_64-unknown-linux-gnu,bit-vec,0.9.1,tests::test_small_xor,full,success,0.08121039133333334,,,,
x86_64-unknown-linux-gnu,bit-vec,0.9.1,tests::test_to_bools,full,success,0.08526461566666667,,,,
x86_64-unknown-linux-gnu,bit-vec,0.9.1,tests::test_to_bytes,full,success,0.086482909,,,,
x86_64-unknown-linux-gnu,bumpalo,3.20.3,tests::allocated_bytes,full,success,0.13745257333333336,,,,
x86_64-unknown-linux-gnu,bumpalo,3.20.3,tests::chunk_footer_is_five_words,full,success,0.1326530336666667,,,,
x86_64-unknown-linux-gnu,bumpalo,3.20.3,tests::invalid_read,full,success,0.135932702,,,,
x86_64-unknown-linux-gnu,bumpalo,3.20.3,tests::realloc_old_size_zero,full,success,0.13721669233333333,,,,
x86_64-unknown-linux-gnu,bumpalo,3.20.3,tests::test_realloc,full,success,0.13710187633333334,,,,
x86_64-unknown-linux-gnu,byteorder,1.5.0,test::regression173_array_impl,full,success,0.13122284566666667,,,,
x86_64-unknown-linux-gnu,byteorder,1.5.0,test::slice_len_too_big_i128::read_big_endian,full,success,0.13028422900000003,,,,
x86_64-unknown-linux-gnu,byteorder,1.5.0,test::slice_len_too_big_i128::read_little_endian,full,success,0.13443656433333337,,,,
x86_64-unknown-linux-gnu,byteorder,1.5.0,test::slice_len_too_big_i128::read_native_endian,full,success,0.13727002233333335,,,,
x86_64-unknown-linux-gnu,byteorder,1.5.0,test::slice_len_too_big_i128::write_big_endian,full,success,0.13695069866666668,,,,
x86_64-unknown-linux-gnu,byteorder,1.5.0,test::slice_len_too_big_i128::write_little_endian,full,success,0.13999700633333334,,,,
x86_64-unknown-linux-gnu,byteorder,1.5.0,test::slice_len_too_big_i128::write_native_endian,full,success,0.134985447,,,,
x86_64-unknown-linux-gnu,byteorder,1.5.0,test::slice_len_too_big_i16::read_big_endian,full,success,0.13292289766666668,,,,
x86_64-unknown-linux-gnu,byteorder,1.5.0,test::slice_len_too_big_i16::read_little_endian,full,success,0.13696287566666668,,,,
x86_64-unknown-linux-gnu,byteorder,1.5.0,test::slice_len_too_big_i16::read_native_endian,full,success,0.1364068806666667,,,,
x86_64-unknown-linux-gnu,byteorder,1.5.0,test::slice_len_too_big_i16::write_big_endian,full,success,0.1342583806666667,,,,
x86_64-unknown-linux-gnu,byteorder,1.5.0,test::slice_len_too_big_i16::write_little_endian,full,success,0.13593601033333336,,,,
x86_64-unknown-linux-gnu,byteorder,1.5.0,test::slice_len_too_big_i16::write_native_endian,full,success,0.1323676576666667,,,,
x86_64-unknown-linux-gnu,byteorder,1.5.0,test::slice_len_too_big_i32::read_big_endian,full,success,0.13462115533333333,,,,
x86_64-unknown-linux-gnu,byteorder,1.5.0,test::slice_len_too_big_i32::read_little_endian,full,success,0.133010399,,,,
x86_64-unknown-linux-gnu,byteorder,1.5.0,test::slice_len_too_big_i32::read_native_endian,full,success,0.13255845,,,,
x86_64-unknown-linux-gnu,byteorder,1.5.0,test::slice_len_too_big_i32::write_big_endian,full,success,0.13442730466666666,,,,
x86_64-unknown-linux-gnu,byteorder,1.5.0,test::slice_len_too_big_i32::write_little_endian,full,success,0.13343497866666668,,,,
x86_64-unknown-linux-gnu,byteorder,1.5.0,test::slice_len_too_big_i32::write_native_endian,full,success,0.13184955533333334,,,,
x86_64-unknown-linux-gnu,byteorder,1.5.0,test::slice_len_too_big_i64::read_big_endian,full,success,0.13354126366666666,,,,
x86_64-unknown-linux-gnu,byteorder,1.5.0,test::slice_len_too_big_i64::read_little_endian,full,success,0.13690062933333336,,,,
x86_64-unknown-linux-gnu,byteorder,1.5.0,test::slice_len_too_big_i64::read_native_endian,full,success,0.13191994766666668,,,,
x86_64-unknown-linux-gnu,byteorder,1.5.0,test::slice_len_too_big_i64::write_big_endian,full,success,0.13443427800000002,,,,
x86_64-unknown-linux-gnu,byteorder,1.5.0,test::slice_len_too_big_i64::write_little_endian,full,success,0.13368237333333333,,,,
x86_64-unknown-linux-gnu,byteorder,1.5.0,test::slice_len_too_big_i64::write_native_endian,full,success,0.137409818,,,,
x86_64-unknown-linux-gnu,byteorder,1.5.0,test::slice_len_too_big_u128::read_big_endian,full,success,0.1336927056666667,,,,
x86_64-unknown-linux-gnu,byteorder,1.5.0,test::slice_len_too_big_u128::read_little_endian,full,success,0.13229728800000004,,,,
x86_64-unknown-linux-gnu,byteorder,1.5.0,test::slice_len_too_big_u128::read_native_endian,full,success,0.133443742,,,,
x86_64-unknown-linux-gnu,byteorder,1.5.0,test::slice_len_too_big_u128::write_big_endian,full,success,0.1374470376666667,,,,
x86_64-unknown-linux-gnu,byteorder,1.5.0,test::slice_len_too_big_u128::write_little_endian,full,success,0.13225194033333335,,,,
x86_64-unknown-linux-gnu,byteorder,1.5.0,test::slice_len_too_big_u128::write_native_endian,full,success,0.13946855433333336,,,,
x86_64-unknown-linux-gnu,byteorder,1.5.0,test::slice_len_too_big_u16::read_big_endian,full,success,0.13626822833333332,,,,
x86_64-unknown-linux-gnu,byteorder,1.5.0,test::slice_len_too_big_u16::read_little_endian,full,success,0.13993307600000002,,,,
x86_64-unknown-linux-gnu,byteorder,1.5.0,test::slice_len_too_big_u16::read_native_endian,full,success,0.13293183200000003,,,,
x86_64-unknown-linux-gnu,byteorder,1.5.0,test::slice_len_too_big_u16::write_big_endian,full,success,0.14123587966666667,,,,
x86_64-unknown-linux-gnu,byteorder,1.5.0,test::slice_len_too_big_u16::write_little_endian,full,success,0.13522915266666669,,,,
x86_64-unknown-linux-gnu,byteorder,1.5.0,test::slice_len_too_big_u16::write_native_endian,full,success,0.134374073,,,,
x86_64-unknown-linux-gnu,byteorder,1.5.0,test::slice_len_too_big_u32::read_big_endian,full,success,0.13215365666666667,,,,
x86_64-unknown-linux-gnu,byteorder,1.5.0,test::slice_len_too_big_u32::read_little_endian,full,success,0.13688256766666668,,,,
x86_64-unknown-linux-gnu,byteorder,1.5.0,test::slice_len_too_big_u32::read_native_endian,full,success,0.13385249066666668,,,,
x86_64-unknown-linux-gnu,byteorder,1.5.0,test::slice_len_too_big_u32::write_big_endian,full,success,0.13395447800000002,,,,
x86_64-unknown-linux-gnu,byteorder,1.5.0,test::slice_len_too_big_u32::write_little_endian,full,success,0.13728380766666667,,,,
x86_64-unknown-linux-gnu,byteorder,1.5.0,test::slice_len_too_big_u32::write_native_endian,full,success,0.13107796233333333,,,,
x86_64-unknown-linux-gnu,byteorder,1.5.0,test::slice_len_too_big_u64::read_big_endian,full,success,0.13778374100000002,,,,
x86_64-unknown-linux-gnu,byteorder,1.5.0,test::slice_len_too_big_u64::read_little_endian,full,success,0.13307026933333332,,,,
x86_64-unknown-linux-gnu,byteorder,1.5.0,test::slice_len_too_big_u64::read_native_endian,full,success,0.14337031633333333,,,,
x86_64-unknown-linux-gnu,byteorder,1.5.0,test::slice_len_too_big_u64::write_big_endian,full,success,0.13674960033333336,,,,
x86_64-unknown-linux-gnu,byteorder,1.5.0,test::slice_len_too_big_u64::write_little_endian,full,success,0.1378165086666667,,,,
x86_64-unknown-linux-gnu,byteorder,1.5.0,test::slice_len_too_big_u64::write_native_endian,full,success,0.13432373833333333,,,,
x86_64-unknown-linux-gnu,byteorder,1.5.0,test::slice_len_too_small_i128::read_big_endian,full,success,0.13279731900000002,,,,
x86_64-unknown-linux-gnu,byteorder,1.5.0,test::slice_len_too_small_i128::read_little_endian,full,success,0.13807755500000002,,,,
x86_64-unknown-linux-gnu,byteorder,1.5.0,test::slice_len_too_small_i128::read_native_endian,full,success,0.13265127233333335,,,,
x86_64-unknown-linux-gnu,byteorder,1.5.0,test::slice_len_too_small_i128::write_big_endian,full,success,0.1345985266666667,,,,
x86_64-unknown-linux-gnu,byteorder,1.5.0,test::slice_len_too_small_i128::write_little_endian,full,success,0.13427266133333335,,,,
x86_64-unknown-linux-gnu,byteorder,1.5.0,test::slice_len_too_small_i128::write_native_endian,full,success,0.13311100366666667,,,,
x86_64-unknown-linux-gnu,byteorder,1.5.0,test::slice_len_too_small_i16::read_big_endian,full,success,0.13332773,,,,
x86_64-unknown-linux-gnu,byteorder,1.5.0,test::slice_len_too_small_i16::read_little_endian,full,success,0.13703163133333335,,,,
x86_64-unknown-linux-gnu,byteorder,1.5.0,test::slice_len_too_small_i16::read_native_endian,full,success,0.142795569,,,,
x86_64-unknown-linux-gnu,byteorder,1.5.0,test::slice_len_too_small_i16::write_big_endian,full,success,0.13826620033333334,,,,
x86_64-unknown-linux-gnu,byteorder,1.5.0,test::slice_len_too_small_i16::write_little_endian,full,success,0.1323292196666667,,,,
x86_64-unknown-linux-gnu,byteorder,1.5.0,test::slice_len_too_small_i16::write_native_endian,full,success,0.13355422233333333,,,,
x86_64-unknown-linux-gnu,byteorder,1.5.0,test::slice_len_too_small_i32::read_big_endian,full,success,0.138744276,,,,
x86_64-unknown-linux-gnu,byteorder,1.5.0,test::slice_len_too_small_i32::read_little_endian,full,success,0.13480109,,,,
x86_64-unknown-linux-gnu,byteorder,1.5.0,test::slice_len_too_small_i32::read_native_endian,full,success,0.13236063833333334,,,,
x86_64-unknown-linux-gnu,byteorder,1.5.0,test::slice_len_too_small_i32::write_big_endian,full,success,0.14061938866666665,,,,
x86_64-unknown-linux-gnu,byteorder,1.5.0,test::slice_len_too_small_i32::write_little_endian,full,success,0.13339235366666669,,,,
x86_64-unknown-linux-gnu,byteorder,1.5.0,test::slice_len_too_small_i32::write_native_endian,full,success,0.13325832566666665,,,,
x86_64-unknown-linux-gnu,byteorder,1.5.0,test::slice_len_too_small_i64::read_big_endian,full,success,0.13385078533333336,,,,
x86_64-unknown-linux-gnu,byteorder,1.5.0,test::slice_len_too_small_i64::read_little_endian,full,success,0.13711771000000003,,,,
x86_64-unknown-linux-gnu,byteorder,1.5.0,test::slice_len_too_small_i64::read_native_endian,full,success,0.13363250333333332,,,,
x86_64-unknown-linux-gnu,byteorder,1.5.0,test::slice_len_too_small_i64::write_big_endian,full,success,0.13763043433333333,,,,
x86_64-unknown-linux-gnu,byteorder,1.5.0,test::slice_len_too_small_i64::write_little_endian,full,success,0.13592205633333335,,,,
x86_64-unknown-linux-gnu,byteorder,1.5.0,test::slice_len_too_small_i64::write_native_endian,full,success,0.13890439300000001,,,,
x86_64-unknown-linux-gnu,byteorder,1.5.0,test::slice_len_too_small_u128::read_big_endian,full,success,0.13524350799999998,,,,
x86_64-unknown-linux-gnu,byteorder,1.5.0,test::slice_len_too_small_u128::read_little_endian,full,success,0.132562321,,,,
x86_64-unknown-linux-gnu,byteorder,1.5.0,test::slice_len_too_small_u128::read_native_endian,full,success,0.134037278,,,,
x86_64-unknown-linux-gnu,byteorder,1.5.0,test::slice_len_too_small_u128::write_big_endian,full,success,0.1388624556666667,,,,
x86_64-unknown-linux-gnu,byteorder,1.5.0,test::slice_len_too_small_u128::write_little_endian,full,success,0.14253979633333333,,,,
x86_64-unknown-linux-gnu,byteorder,1.5.0,test::slice_len_too_small_u128::write_native_endian,full,success,0.133728812,,,,
x86_64-unknown-linux-gnu,byteorder,1.5.0,test::slice_len_too_small_u16::read_big_endian,full,success,0.14032810600000004,,,,
x86_64-unknown-linux-gnu,byteorder,1.5.0,test::slice_len_too_small_u16::read_little_endian,full,success,0.134527874,,,,
x86_64-unknown-linux-gnu,byteorder,1.5.0,test::slice_len_too_small_u16::read_native_endian,full,success,0.133819221,,,,
x86_64-unknown-linux-gnu,byteorder,1.5.0,test::slice_len_too_small_u16::write_big_endian,full,success,0.14123201066666669,,,,
x86_64-unknown-linux-gnu,byteorder,1.5.0,test::slice_len_too_small_u16::write_little_endian,full,success,0.139953703,,,,
x86_64-unknown-linux-gnu,byteorder,1.5.0,test::slice_len_too_small_u16::write_native_endian,full,success,0.13481457133333333,,,,
x86_64-unknown-linux-gnu,byteorder,1.5.0,test::slice_len_too_small_u32::read_big_endian,full,success,0.13537811266666666,,,,
x86_64-unknown-linux-gnu,byteorder,1.5.0,test::slice_len_too_small_u32::read_little_endian,full,success,0.13408512633333333,,,,
x86_64-unknown-linux-gnu,byteorder,1.5.0,test::slice_len_too_small_u32::read_native_endian,full,success,0.13195089699999998,,,,
x86_64-unknown-linux-gnu,byteorder,1.5.0,test::slice_len_too_small_u32::write_big_endian,full,success,0.139798587,,,,
x86_64-unknown-linux-gnu,byteorder,1.5.0,test::slice_len_too_small_u32::write_little_endian,full,success,0.132165206,,,,
x86_64-unknown-linux-gnu,byteorder,1.5.0,test::slice_len_too_small_u32::write_native_endian,full,success,0.13898644000000002,,,,
x86_64-unknown-linux-gnu,byteorder,1.5.0,test::slice_len_too_small_u64::read_big_endian,full,success,0.14108140866666666,,,,
x86_64-unknown-linux-gnu,byteorder,1.5.0,test::slice_len_too_small_u64::read_little_endian,full,success,0.13563962533333332,,,,
x86_64-unknown-linux-gnu,byteorder,1.5.0,test::slice_len_too_small_u64::read_native_endian,full,success,0.13372261500000002,,,,
x86_64-unknown-linux-gnu,byteorder,1.5.0,test::slice_len_too_small_u64::write_big_endian,full,success,0.13196292900000003,,,,
x86_64-unknown-linux-gnu,byteorder,1.5.0,test::slice_len_too_small_u64::write_little_endian,full,success,0.13511953433333335,,,,
x86_64-unknown-linux-gnu,byteorder,1.5.0,test::slice_len_too_small_u64::write_native_endian,full,success,0.134137019,,,,
x86_64-unknown-linux-gnu,byteorder,1.5.0,test::small_f32::read_big_endian,full,success,0.1342077726666667,,,,
x86_64-unknown-linux-gnu,byteorder,1.5.0,test::small_f32::read_little_endian,full,success,0.13744908466666667,,,,
x86_64-unknown-linux-gnu,byteorder,1.5.0,test::small_f32::read_native_endian,full,success,0.132491209,,,,
x86_64-unknown-linux-gnu,byteorder,1.5.0,test::small_f32::write_big_endian,full,success,0.14149296933333336,,,,
x86_64-unknown-linux-gnu,byteorder,1.5.0,test::small_f32::write_little_endian,full,success,0.13246247233333336,,,,
x86_64-unknown-linux-gnu,byteorder,1.5.0,test::small_f32::write_native_endian,full,success,0.13312388266666667,,,,
x86_64-unknown-linux-gnu,byteorder,1.5.0,test::small_f64::read_big_endian,full,success,0.13286017733333333,,,,
x86_64-unknown-linux-gnu,byteorder,1.5.0,test::small_f64::read_little_endian,full,success,0.13672721966666668,,,,
x86_64-unknown-linux-gnu,byteorder,1.5.0,test::small_f64::read_native_endian,full,success,0.13433740033333333,,,,
x86_64-unknown-linux-gnu,byteorder,1.5.0,test::small_f64::write_big_endian,full,success,0.13585406,,,,
x86_64-unknown-linux-gnu,byteorder,1.5.0,test::small_f64::write_little_endian,full,success,0.132825407,,,,
x86_64-unknown-linux-gnu,byteorder,1.5.0,test::small_f64::write_native_endian,full,success,0.132270098,,,,
x86_64-unknown-linux-gnu,byteorder,1.5.0,test::small_i128::read_big_endian,full,success,0.13446067733333333,,,,
x86_64-unknown-linux-gnu,byteorder,1.5.0,test::small_i128::read_little_endian,full,success,0.138421295,,,,
x86_64-unknown-linux-gnu,byteorder,1.5.0,test::small_i128::read_native_endian,full,success,0.13656056800000002,,,,
x86_64-unknown-linux-gnu,byteorder,1.5.0,test::small_i128::write_big_endian,full,success,0.13592674866666668,,,,
x86_64-unknown-linux-gnu,byteorder,1.5.0,test::small_i128::write_little_endian,full,success,0.13947319300000002,,,,
x86_64-unknown-linux-gnu,byteorder,1.5.0,test::small_i128::write_native_endian,full,success,0.14071566433333335,,,,
x86_64-unknown-linux-gnu,byteorder,1.5.0,test::small_i16::read_big_endian,full,success,0.13864861166666667,,,,
x86_64-unknown-linux-gnu,byteorder,1.5.0,test::small_i16::read_little_endian,full,success,0.13468584833333333,,,,
x86_64-unknown-linux-gnu,byteorder,1.5.0,test::small_i16::read_native_endian,full,success,0.13538450900000001,,,,
x86_64-unknown-linux-gnu,byteorder,1.5.0,test::small_i16::write_big_endian,full,success,0.13243563733333333,,,,
x86_64-unknown-linux-gnu,byteorder,1.5.0,test::small_i16::write_little_endian,full,success,0.13569840266666666,,,,
x86_64-unknown-linux-gnu,byteorder,1.5.0,test::small_i16::write_native_endian,full,success,0.13276722600000002,,,,
x86_64-unknown-linux-gnu,byteorder,1.5.0,test::small_i32::read_big_endian,full,success,0.13386530300000002,,,,
x86_64-unknown-linux-gnu,byteorder,1.5.0,test::small_i32::read_little_endian,full,success,0.132620946,,,,
x86_64-unknown-linux-gnu,byteorder,1.5.0,test::small_i32::read_native_endian,full,success,0.140237055,,,,
x86_64-unknown-linux-gnu,byteorder,1.5.0,test::small_i32::write_big_endian,full,success,0.13250819533333336,,,,
x86_64-unknown-linux-gnu,byteorder,1.5.0,test::small_i32::write_little_endian,full,success,0.136754673,,,,
x86_64-unknown-linux-gnu,byteorder,1.5.0,test::small_i32::write_native_endian,full,success,0.134756703,,,,
x86_64-unknown-linux-gnu,byteorder,1.5.0,test::small_i64::read_big_endian,full,success,0.13713904533333335,,,,
x86_64-unknown-linux-gnu,byteorder,1.5.0,test::small_i64::read_little_endian,full,success,0.1317205486666667,,,,
x86_64-unknown-linux-gnu,byteorder,1.5.0,test::small_i64::read_native_endian,full,success,0.13662772166666667,,,,
x86_64-unknown-linux-gnu,byteorder,1.5.0,test::small_i64::write_big_endian,full,success,0.1369518276666667,,,,
x86_64-unknown-linux-gnu,byteorder,1.5.0,test::small_i64::write_little_endian,full,success,0.1412119476666667,,,,
x86_64-unknown-linux-gnu,byteorder,1.5.0,test::small_i64::write_native_endian,full,success,0.13242505333333335,,,,
x86_64-unknown-linux-gnu,byteorder,1.5.0,test::small_int128_10::read_big_endian,full,success,0.13330819766666668,,,,
x86_64-unknown-linux-gnu,byteorder,1.5.0,test::small_int128_10::read_little_endian,full,success,0.13189067066666668,,,,
x86_64-unknown-linux-gnu,byteorder,1.5.0,test::small_int128_10::read_native_endian,full,success,0.13287677766666667,,,,
x86_64-unknown-linux-gnu,byteorder,1.5.0,test::small_int128_11::read_big_endian,full,success,0.13410180433333332,,,,
x86_64-unknown-linux-gnu,byteorder,1.5.0,test::small_int128_11::read_little_endian,full,success,0.13351228866666667,,,,
x86_64-unknown-linux-gnu,byteorder,1.5.0,test::small_int128_11::read_native_endian,full,success,0.13460850533333332,,,,
x86_64-unknown-linux-gnu,byteorder,1.5.0,test::small_int128_12::read_big_endian,full,success,0.13253583400000002,,,,
x86_64-unknown-linux-gnu,byteorder,1.5.0,test::small_int128_12::read_little_endian,full,success,0.13703406266666665,,,,
x86_64-unknown-linux-gnu,byteorder,1.5.0,test::small_int128_12::read_native_endian,full,success,0.14459923600000002,,,,
x86_64-unknown-linux-gnu,byteorder,1.5.0,test::small_int128_13::read_big_endian,full,success,0.1370329836666667,,,,
x86_64-unknown-linux-gnu,byteorder,1.5.0,test::small_int128_13::read_little_endian,full,success,0.135241015,,,,
x86_64-unknown-linux-gnu,byteorder,1.5.0,test::small_int128_13::read_native_endian,full,success,0.1374021666666667,,,,
x86_64-unknown-linux-gnu,byteorder,1.5.0,test::small_int128_14::read_big_endian,full,success,0.13429955600000001,,,,
x86_64-unknown-linux-gnu,byteorder,1.5.0,test::small_int128_14::read_little_endian,full,success,0.13737716300000002,,,,
x86_64-unknown-linux-gnu,byteorder,1.5.0,test::small_int128_14::read_native_endian,full,success,0.13515881733333335,,,,
x86_64-unknown-linux-gnu,byteorder,1.5.0,test::small_int128_15::read_big_endian,full,success,0.13403248833333334,,,,
x86_64-unknown-linux-gnu,byteorder,1.5.0,test::small_int128_15::read_little_endian,full,success,0.13796653366666667,,,,
x86_64-unknown-linux-gnu,byteorder,1.5.0,test::small_int128_15::read_native_endian,full,success,0.13759182533333333,,,,
x86_64-unknown-linux-gnu,byteorder,1.5.0,test::small_int128_1::read_big_endian,full,success,0.13435968533333334,,,,
x86_64-unknown-linux-gnu,byteorder,1.5.0,test::small_int128_1::read_little_endian,full,success,0.13435437900000002,,,,
x86_64-unknown-linux-gnu,byteorder,1.5.0,test::small_int128_1::read_native_endian,full,success,0.13771998266666666,,,,
x86_64-unknown-linux-gnu,byteorder,1.5.0,test::small_int128_2::read_big_endian,full,success,0.13359826300000002,,,,
x86_64-unknown-linux-gnu,byteorder,1.5.0,test::small_int128_2::read_little_endian,full,success,0.13441771033333336,,,,
x86_64-unknown-linux-gnu,byteorder,1.5.0,test::small_int128_2::read_native_endian,full,success,0.13465381833333334,,,,
x86_64-unknown-linux-gnu,byteorder,1.5.0,test::small_int128_3::read_big_endian,full,success,0.134211296,,,,
x86_64-unknown-linux-gnu,byteorder,1.5.0,test::small_int128_3::read_little_endian,full,success,0.13365573100000003,,,,
x86_64-unknown-linux-gnu,byteorder,1.5.0,test::small_int128_3::read_native_endian,full,success,0.13499341166666667,,,,
x86_64-unknown-linux-gnu,byteorder,1.5.0,test::small_int128_4::read_big_endian,full,success,0.13437422966666668,,,,
x86_64-unknown-linux-gnu,byteorder,1.5.0,test::small_int128_4::read_little_endian,full,success,0.13356799833333335,,,,
x86_64-unknown-linux-gnu,byteorder,1.5.0,test::small_int128_4::read_native_endian,full,success,0.137872074,,,,
x86_64-unknown-linux-gnu,byteorder,1.5.0,test::small_int128_5::read_big_endian,full,success,0.14170519566666664,,,,
x86_64-unknown-linux-gnu,byteorder,1.5.0,test::small_int128_5::read_little_endian,full,success,0.13342334966666666,,,,
x86_64-unknown-linux-gnu,byteorder,1.5.0,test::small_int128_5::read_native_endian,full,success,0.13647257666666668,,,,
x86_64-unknown-linux-gnu,byteorder,1.5.0,test::small_int128_6::read_big_endian,full,success,0.137295578,,,,
x86_64-unknown-linux-gnu,byteorder,1.5.0,test::small_int128_6::read_little_endian,full,success,0.13362867133333334,,,,
x86_64-unknown-linux-gnu,byteorder,1.5.0,test::small_int128_6::read_native_endian,full,success,0.13356154366666667,,,,
x86_64-unknown-linux-gnu,byteorder,1.5.0,test::small_int128_7::read_big_endian,full,success,0.13424957533333334,,,,
x86_64-unknown-linux-gnu,byteorder,1.5.0,test::small_int128_7::read_little_endian,full,success,0.13393301566666668,,,,
x86_64-unknown-linux-gnu,byteorder,1.5.0,test::small_int128_7::read_native_endian,full,success,0.13623147033333335,,,,
x86_64-unknown-linux-gnu,byteorder,1.5.0,test::small_int128_8::read_big_endian,full,success,0.13579656933333337,,,,
x86_64-unknown-linux-gnu,byteorder,1.5.0,test::small_int128_8::read_little_endian,full,success,0.13290362166666667,,,,
x86_64-unknown-linux-gnu,byteorder,1.5.0,test::small_int128_8::read_native_endian,full,success,0.13295811766666668,,,,
x86_64-unknown-linux-gnu,byteorder,1.5.0,test::small_int128_9::read_big_endian,full,success,0.133641153,,,,
x86_64-unknown-linux-gnu,byteorder,1.5.0,test::small_int128_9::read_little_endian,full,success,0.13472156833333335,,,,
x86_64-unknown-linux-gnu,byteorder,1.5.0,test::small_int128_9::read_native_endian,full,success,0.132279147,,,,
x86_64-unknown-linux-gnu,byteorder,1.5.0,test::small_int_1::read_big_endian,full,success,0.13509772700000003,,,,
x86_64-unknown-linux-gnu,byteorder,1.5.0,test::small_int_1::read_little_endian,full,success,0.13551132800000001,,,,
x86_64-unknown-linux-gnu,byteorder,1.5.0,test::small_int_1::read_native_endian,full,success,0.13339682933333333,,,,
x86_64-unknown-linux-gnu,byteorder,1.5.0,test::small_int_2::read_big_endian,full,success,0.13957635233333335,,,,
x86_64-unknown-linux-gnu,byteorder,1.5.0,test::small_int_2::read_little_endian,full,success,0.132563269,,,,
x86_64-unknown-linux-gnu,byteorder,1.5.0,test::small_int_2::read_native_endian,full,success,0.13922506599999998,,,,
x86_64-unknown-linux-gnu,byteorder,1.5.0,test::small_int_3::read_big_endian,full,success,0.13323217499999998,,,,
x86_64-unknown-linux-gnu,byteorder,1.5.0,test::small_int_3::read_little_endian,full,success,0.13429960133333332,,,,
x86_64-unknown-linux-gnu,byteorder,1.5.0,test::small_int_3::read_native_endian,full,success,0.13526150066666667,,,,
x86_64-unknown-linux-gnu,byteorder,1.5.0,test::small_int_4::read_big_endian,full,success,0.1365360436666667,,,,
x86_64-unknown-linux-gnu,byteorder,1.5.0,test::small_int_4::read_little_endian,full,success,0.13392565833333334,,,,
x86_64-unknown-linux-gnu,byteorder,1.5.0,test::small_int_4::read_native_endian,full,success,0.1338203566666667,,,,
x86_64-unknown-linux-gnu,byteorder,1.5.0,test::small_int_5::read_big_endian,full,success,0.13830080166666667,,,,
x86_64-unknown-linux-gnu,byteorder,1.5.0,test::small_int_5::read_little_endian,full,success,0.144302336,,,,
x86_64-unknown-linux-gnu,byteorder,1.5.0,test::small_int_5::read_native_endian,full,success,0.13997500799999998,,,,
x86_64-unknown-linux-gnu,byteorder,1.5.0,test::small_int_6::read_big_endian,full,success,0.138121293,,,,
x86_64-unknown-linux-gnu,byteorder,1.5.0,test::small_int_6::read_little_endian,full,success,0.138407217,,,,
x86_64-unknown-linux-gnu,byteorder,1.5.0,test::small_int_6::read_native_endian,full,success,0.13549621933333333,,,,
x86_64-unknown-linux-gnu,byteorder,1.5.0,test::small_int_7::read_big_endian,full,success,0.13952480666666667,,,,
x86_64-unknown-linux-gnu,byteorder,1.5.0,test::small_int_7::read_little_endian,full,success,0.13923461866666667,,,,
x86_64-unknown-linux-gnu,byteorder,1.5.0,test::small_int_7::read_native_endian,full,success,0.14298531566666667,,,,
x86_64-unknown-linux-gnu,byteorder,1.5.0,test::small_u128::read_big_endian,full,success,0.13460085633333335,,,,
x86_64-unknown-linux-gnu,byteorder,1.5.0,test::small_u128::read_little_endian,full,success,0.13461568633333335,,,,
x86_64-unknown-linux-gnu,byteorder,1.5.0,test::small_u128::read_native_endian,full,success,0.133884608,,,,
x86_64-unknown-linux-gnu,byteorder,1.5.0,test::small_u128::write_big_endian,full,success,0.13399381166666668,,,,
x86_64-unknown-linux-gnu,byteorder,1.5.0,test::small_u128::write_little_endian,full,success,0.134308893,,,,
x86_64-unknown-linux-gnu,byteorder,1.5.0,test::small_u128::write_native_endian,full,success,0.14177033233333333,,,,
x86_64-unknown-linux-gnu,byteorder,1.5.0,test::small_u16::read_big_endian,full,success,0.13351297066666667,,,,
x86_64-unknown-linux-gnu,byteorder,1.5.0,test::small_u16::read_little_endian,full,success,0.13356017166666667,,,,
x86_64-unknown-linux-gnu,byteorder,1.5.0,test::small_u16::read_native_endian,full,success,0.133972849,,,,
x86_64-unknown-linux-gnu,byteorder,1.5.0,test::small_u16::write_big_endian,full,success,0.13287422133333335,,,,
x86_64-unknown-linux-gnu,byteorder,1.5.0,test::small_u16::write_little_endian,full,success,0.13597441333333335,,,,
x86_64-unknown-linux-gnu,byteorder,1.5.0,test::small_u16::write_native_endian,full,success,0.13583888033333336,,,,
x86_64-unknown-linux-gnu,byteorder,1.5.0,test::small_u32::read_big_endian,full,success,0.13428078100000002,,,,
x86_64-unknown-linux-gnu,byteorder,1.5.0,test::small_u32::read_little_endian,full,success,0.13297686566666667,,,,
x86_64-unknown-linux-gnu,byteorder,1.5.0,test::small_u32::read_native_endian,full,success,0.13791521433333334,,,,
x86_64-unknown-linux-gnu,byteorder,1.5.0,test::small_u32::write_big_endian,full,success,0.13459236333333335,,,,
x86_64-unknown-linux-gnu,byteorder,1.5.0,test::small_u32::write_little_endian,full,success,0.136638699,,,,
x86_64-unknown-linux-gnu,byteorder,1.5.0,test::small_u32::write_native_endian,full,success,0.13238702,,,,
x86_64-unknown-linux-gnu,byteorder,1.5.0,test::small_u64::read_big_endian,full,success,0.13501496233333335,,,,
x86_64-unknown-linux-gnu,byteorder,1.5.0,test::small_u64::read_little_endian,full,success,0.14924503633333333,,,,
x86_64-unknown-linux-gnu,byteorder,1.5.0,test::small_u64::read_native_endian,full,success,0.135560257,,,,
x86_64-unknown-linux-gnu,byteorder,1.5.0,test::small_u64::write_big_endian,full,success,0.13501965433333332,,,,
x86_64-unknown-linux-gnu,byteorder,1.5.0,test::small_u64::write_little_endian,full,success,0.132931072,,,,
x86_64-unknown-linux-gnu,byteorder,1.5.0,test::small_u64::write_native_endian,full,success,0.136556641,,,,
x86_64-unknown-linux-gnu,byteorder,1.5.0,test::small_uint128_10::read_big_endian,full,success,0.13302246933333337,,,,
x86_64-unknown-linux-gnu,byteorder,1.5.0,test::small_uint128_10::read_little_endian,full,success,0.13342295366666668,,,,
x86_64-unknown-linux-gnu,byteorder,1.5.0,test::small_uint128_10::read_native_endian,full,success,0.13206767666666666,,,,
x86_64-unknown-linux-gnu,byteorder,1.5.0,test::small_uint128_11::read_big_endian,full,success,0.141466747,,,,
x86_64-unknown-linux-gnu,byteorder,1.5.0,test::small_uint128_11::read_little_endian,full,success,0.1348106176666667,,,,
x86_64-unknown-linux-gnu,byteorder,1.5.0,test::small_uint128_11::read_native_endian,full,success,0.13495431400000002,,,,
x86_64-unknown-linux-gnu,byteorder,1.5.0,test::small_uint128_12::read_big_endian,full,success,0.13772062666666665,,,,
x86_64-unknown-linux-gnu,byteorder,1.5.0,test::small_uint128_12::read_little_endian,full,success,0.137039286,,,,
x86_64-unknown-linux-gnu,byteorder,1.5.0,test::small_uint128_12::read_native_endian,full,success,0.13325804,,,,
x86_64-unknown-linux-gnu,byteorder,1.5.0,test::small_uint128_13::read_big_endian,full,success,0.141152606,,,,
x86_64-unknown-linux-gnu,byteorder,1.5.0,test::small_uint128_13::read_little_endian,full,success,0.13339593000000002,,,,
x86_64-unknown-linux-gnu,byteorder,1.5.0,test::small_uint128_13::read_native_endian,full,success,0.13696702800000002,,,,
x86_64-unknown-linux-gnu,byteorder,1.5.0,test::small_uint128_14::read_big_endian,full,success,0.13429188066666667,,,,
x86_64-unknown-linux-gnu,byteorder,1.5.0,test::small_uint128_14::read_little_endian,full,success,0.13652061299999999,,,,
x86_64-unknown-linux-gnu,byteorder,1.5.0,test::small_uint128_14::read_native_endian,full,success,0.13447373666666668,,,,
x86_64-unknown-linux-gnu,byteorder,1.5.0,test::small_uint128_15::read_big_endian,full,success,0.13838858533333334,,,,
x86_64-unknown-linux-gnu,byteorder,1.5.0,test::small_uint128_15::read_little_endian,full,success,0.13496539833333335,,,,
x86_64-unknown-linux-gnu,byteorder,1.5.0,test::small_uint128_15::read_native_endian,full,success,0.13412202766666667,,,,
x86_64-unknown-linux-gnu,byteorder,1.5.0,test::small_uint128_1::read_big_endian,full,success,0.13642798600000003,,,,
x86_64-unknown-linux-gnu,byteorder,1.5.0,test::small_uint128_1::read_little_endian,full,success,0.13504128866666668,,,,
x86_64-unknown-linux-gnu,byteorder,1.5.0,test::small_uint128_1::read_native_endian,full,success,0.132719801,,,,
x86_64-unknown-linux-gnu,byteorder,1.5.0,test::small_uint128_2::read_big_endian,full,success,0.13579516900000002,,,,
x86_64-unknown-linux-gnu,byteorder,1.5.0,test::small_uint128_2::read_little_endian,full,success,0.137161844,,,,
x86_64-unknown-linux-gnu,byteorder,1.5.0,test::small_uint128_2::read_native_endian,full,success,0.13426642833333333,,,,
x86_64-unknown-linux-gnu,byteorder,1.5.0,test::small_uint128_3::read_big_endian,full,success,0.13845569733333332,,,,
x86_64-unknown-linux-gnu,byteorder,1.5.0,test::small_uint128_3::read_little_endian,full,success,0.139227387,,,,
x86_64-unknown-linux-gnu,byteorder,1.5.0,test::small_uint128_3::read_native_endian,full,success,0.14173638433333333,,,,
x86_64-unknown-linux-gnu,byteorder,1.5.0,test::small_uint128_4::read_big_endian,full,success,0.13425656666666666,,,,
x86_64-unknown-linux-gnu,byteorder,1.5.0,test::small_uint128_4::read_little_endian,full,success,0.13312254133333334,,,,
x86_64-unknown-linux-gnu,byteorder,1.5.0,test::small_uint128_4::read_native_endian,full,success,0.13371392033333335,,,,
x86_64-unknown-linux-gnu,byteorder,1.5.0,test::small_uint128_5::read_big_endian,full,success,0.1328055406666667,,,,
x86_64-unknown-linux-gnu,byteorder,1.5.0,test::small_uint128_5::read_little_endian,full,success,0.13327665366666666,,,,
x86_64-unknown-linux-gnu,byteorder,1.5.0,test::small_uint128_5::read_native_endian,full,success,0.13270207433333334,,,,
x86_64-unknown-linux-gnu,byteorder,1.5.0,test::small_uint128_6::read_big_endian,full,success,0.13327337066666667,,,,
x86_64-unknown-linux-gnu,byteorder,1.5.0,test::small_uint128_6::read_little_endian,full,success,0.13382636900000003,,,,
x86_64-unknown-linux-gnu,byteorder,1.5.0,test::small_uint128_6::read_native_endian,full,success,0.13353454266666667,,,,
x86_64-unknown-linux-gnu,byteorder,1.5.0,test::small_uint128_7::read_big_endian,full,success,0.13582253600000002,,,,
x86_64-unknown-linux-gnu,byteorder,1.5.0,test::small_uint128_7::read_little_endian,full,success,0.136701685,,,,
x86_64-unknown-linux-gnu,byteorder,1.5.0,test::small_uint128_7::read_native_endian,full,success,0.1325557926666667,,,,
x86_64-unknown-linux-gnu,byteorder,1.5.0,test::small_uint128_8::read_big_endian,full,success,0.131895671,,,,
x86_64-unknown-linux-gnu,byteorder,1.5.0,test::small_uint128_8::read_little_endian,full,success,0.13486304400000002,,,,
x86_64-unknown-linux-gnu,byteorder,1.5.0,test::small_uint128_8::read_native_endian,full,success,0.13303653033333332,,,,
x86_64-unknown-linux-gnu,byteorder,1.5.0,test::small_uint128_9::read_big_endian,full,success,0.136227074,,,,
x86_64-unknown-linux-gnu,byteorder,1.5.0,test::small_uint128_9::read_little_endian,full,success,0.13329898633333334,,,,
x86_64-unknown-linux-gnu,byteorder,1.5.0,test::small_uint128_9::read_native_endian,full,success,0.132360114,,,,
x86_64-unknown-linux-gnu,byteorder,1.5.0,test::small_uint_1::read_big_endian,full,success,0.13217017133333334,,,,
x86_64-unknown-linux-gnu,byteorder,1.5.0,test::small_uint_1::read_little_endian,full,success,0.13259447800000002,,,,
x86_64-unknown-linux-gnu,byteorder,1.5.0,test::small_uint_1::read_native_endian,full,success,0.144316215,,,,
x86_64-unknown-linux-gnu,byteorder,1.5.0,test::small_uint_2::read_big_endian,full,success,0.1358521146666667,,,,
x86_64-unknown-linux-gnu,byteorder,1.5.0,test::small_uint_2::read_little_endian,full,success,0.135139745,,,,
x86_64-unknown-linux-gnu,byteorder,1.5.0,test::small_uint_2::read_native_endian,full,success,0.133010561,,,,
x86_64-unknown-linux-gnu,byteorder,1.5.0,test::small_uint_3::read_big_endian,full,success,0.13558257366666668,,,,
x86_64-unknown-linux-gnu,byteorder,1.5.0,test::small_uint_3::read_little_endian,full,success,0.140469439,,,,
x86_64-unknown-linux-gnu,byteorder,1.5.0,test::small_uint_3::read_native_endian,full,success,0.132932949,,,,
x86_64-unknown-linux-gnu,byteorder,1.5.0,test::small_uint_4::read_big_endian,full,success,0.13507399200000003,,,,
x86_64-unknown-linux-gnu,byteorder,1.5.0,test::small_uint_4::read_little_endian,full,success,0.134986256,,,,
x86_64-unknown-linux-gnu,byteorder,1.5.0,test::small_uint_4::read_native_endian,full,success,0.13620961133333334,,,,
x86_64-unknown-linux-gnu,byteorder,1.5.0,test::small_uint_5::read_big_endian,full,success,0.13641008400000001,,,,
x86_64-unknown-linux-gnu,byteorder,1.5.0,test::small_uint_5::read_little_endian,full,success,0.13987797166666668,,,,
x86_64-unknown-linux-gnu,byteorder,1.5.0,test::small_uint_5::read_native_endian,full,success,0.1430081666666667,,,,
x86_64-unknown-linux-gnu,byteorder,1.5.0,test::small_uint_6::read_big_endian,full,success,0.1350124686666667,,,,
x86_64-unknown-linux-gnu,byteorder,1.5.0,test::small_uint_6::read_little_endian,full,success,0.14278945633333331,,,,
x86_64-unknown-linux-gnu,byteorder,1.5.0,test::small_uint_6::read_native_endian,full,success,0.13896642166666667,,,,
x86_64-unknown-linux-gnu,byteorder,1.5.0,test::small_uint_7::read_big_endian,full,success,0.137812599,,,,
x86_64-unknown-linux-gnu,byteorder,1.5.0,test::small_uint_7::read_little_endian,full,success,0.13625647966666668,,,,
x86_64-unknown-linux-gnu,byteorder,1.5.0,test::small_uint_7::read_native_endian,full,success,0.13249300466666666,,,,
x86_64-unknown-linux-gnu,byteorder,1.5.0,test::uint_bigger_buffer,full,success,0.12976581233333337,,,,
x86_64-unknown-linux-gnu,bytes,1.11.1,bytes_mut::tests::test_original_capacity_from_repr,full,success,0.13341190633333333,,,,
x86_64-unknown-linux-gnu,bytes,1.11.1,bytes_mut::tests::test_original_capacity_to_repr,full,success,0.13249986066666666,,,,
x86_64-unknown-linux-gnu,camino,1.2.2,tests::test_borrowed_into,full,success,0.13401791100000002,,,,
x86_64-unknown-linux-gnu,camino,1.2.2,tests::test_deref_mut,full,success,0.13014272400000002,,,,
x86_64-unknown-linux-gnu,camino,1.2.2,tests::test_owned_into,full,success,0.12931099266666668,,,,
x86_64-unknown-linux-gnu,cc,1.2.63,flags::tests::all_rustc_flags,full,success,1.2931892600000001,,,,
x86_64-unknown-linux-gnu,cc,1.2.63,flags::tests::codegen_type,full,success,0.1326913666666667,,,,
x86_64-unknown-linux-gnu,cc,1.2.63,flags::tests::precedence,full,success,0.125901836,,,,
x86_64-unknown-linux-gnu,cc,1.2.63,flags::tests::stack_protector,full,success,0.13268351966666667,,,,
x86_64-unknown-linux-gnu,cc,1.2.63,flags::tests::three_valid_prefixes,full,success,0.1300454196666667,,,,
x86_64-unknown-linux-gnu,cc,1.2.63,flags::tests::two_valid_prefixes,full,success,0.129028722,,,,
x86_64-unknown-linux-gnu,cc,1.2.63,target::llvm::tests::basic_llvm_triple_guessing,full,success,0.13110705233333333,,,,
x86_64-unknown-linux-gnu,cc,1.2.63,target::llvm::tests::llvm_version,full,success,0.13311921233333335,,,,
x86_64-unknown-linux-gnu,cc,1.2.63,target::llvm::tests::test_old_ios_target,full,success,0.1378868706666667,,,,
x86_64-unknown-linux-gnu,cc,1.2.63,target::llvm::tests::uefi,full,success,0.12762853200000002,,,,
x86_64-unknown-linux-gnu,cc,1.2.63,target::parser::tests::parse_extra,full,success,0.147882777,,,,
x86_64-unknown-linux-gnu,cc,1.2.63,target::parser::tests::parses_apple_envs_correctly,full,success,0.132324207,,,,
x86_64-unknown-linux-gnu,cc,1.2.63,target::parser::tests::tier1,full,success,0.13651622566666669,,,,
x86_64-unknown-linux-gnu,cc,1.2.63,target::parser::tests::unknown_env_determined_as_unknown,full,success,0.12632654566666668,,,,
x86_64-unknown-linux-gnu,cc,1.2.63,tests::test_android_clang_compiler_uses_target_arg_internally,full,success,0.1498458566666667,,,,
x86_64-unknown-linux-gnu,colored,3.1.1,color::tests::closest_euclidean::almost_black,full,success,0.085219521,,,,
x86_64-unknown-linux-gnu,colored,3.1.1,color::tests::closest_euclidean::almost_blue,full,success,0.08232124633333333,,,,
x86_64-unknown-linux-gnu,colored,3.1.1,color::tests::closest_euclidean::almost_cyan,full,success,0.08538964100000002,,,,
x86_64-unknown-linux-gnu,colored,3.1.1,color::tests::closest_euclidean::almost_green,full,success,0.08314405733333334,,,,
x86_64-unknown-linux-gnu,colored,3.1.1,color::tests::closest_euclidean::almost_magenta,full,success,0.08785275933333332,,,,
x86_64-unknown-linux-gnu,colored,3.1.1,color::tests::closest_euclidean::almost_red,full,success,0.08946097800000001,,,,
x86_64-unknown-linux-gnu,colored,3.1.1,color::tests::closest_euclidean::almost_white,full,success,0.09153574566666667,,,,
x86_64-unknown-linux-gnu,colored,3.1.1,color::tests::closest_euclidean::almost_yellow,full,success,0.09019309233333334,,,,
x86_64-unknown-linux-gnu,colored,3.1.1,color::tests::closest_euclidean::exact_black,full,success,0.09471984633333334,,,,
x86_64-unknown-linux-gnu,colored,3.1.1,color::tests::closest_euclidean::exact_blue,full,success,0.08323456066666667,,,,
x86_64-unknown-linux-gnu,colored,3.1.1,color::tests::closest_euclidean::exact_cyan,full,success,0.09007987100000002,,,,
x86_64-unknown-linux-gnu,colored,3.1.1,color::tests::closest_euclidean::exact_green,full,success,0.08727689100000002,,,,
x86_64-unknown-linux-gnu,colored,3.1.1,color::tests::closest_euclidean::exact_magenta,full,success,0.08375654399999999,,,,
x86_64-unknown-linux-gnu,colored,3.1.1,color::tests::closest_euclidean::exact_red,full,success,0.08979895933333333,,,,
x86_64-unknown-linux-gnu,colored,3.1.1,color::tests::closest_euclidean::exact_white,full,success,0.08520848933333335,,,,
x86_64-unknown-linux-gnu,colored,3.1.1,color::tests::closest_euclidean::exact_yellow,full,success,0.08572171300000002,,,,
x86_64-unknown-linux-gnu,colored,3.1.1,color::tests::from_str::black,full,success,0.08333110033333335,,,,
x86_64-unknown-linux-gnu,colored,3.1.1,color::tests::from_str::blue,full,success,0.08404064433333334,,,,
x86_64-unknown-linux-gnu,colored,3.1.1,color::tests::from_str::brightblack,full,success,0.08544897666666666,,,,
x86_64-unknown-linux-gnu,colored,3.1.1,color::tests::from_str::brightblue,full,success,0.08646816633333333,,,,
x86_64-unknown-linux-gnu,colored,3.1.1,color::tests::from_str::brightcyan,full,success,0.08471849433333334,,,,
x86_64-unknown-linux-gnu,colored,3.1.1,color::tests::from_str::brightgreen,full,success,0.08376001633333334,,,,
x86_64-unknown-linux-gnu,colored,3.1.1,color::tests::from_str::brightmagenta,full,success,0.08369607933333334,,,,
x86_64-unknown-linux-gnu,colored,3.1.1,color::tests::from_str::brightred,full,success,0.08446015000000001,,,,
x86_64-unknown-linux-gnu,colored,3.1.1,color::tests::from_str::brightwhite,full,success,0.08331497933333334,,,,
x86_64-unknown-linux-gnu,colored,3.1.1,color::tests::from_str::brightyellow,full,success,0.08467519766666666,,,,
x86_64-unknown-linux-gnu,colored,3.1.1,color::tests::from_str::capitalized,full,success,0.08390525866666666,,,,
x86_64-unknown-linux-gnu,colored,3.1.1,color::tests::from_str::cyan,full,success,0.08781490800000001,,,,
x86_64-unknown-linux-gnu,colored,3.1.1,color::tests::from_str::green,full,success,0.08569497833333334,,,,
x86_64-unknown-linux-gnu,colored,3.1.1,color::tests::from_str::hex3_lower,full,success,0.08339735333333333,,,,
x86_64-unknown-linux-gnu,colored,3.1.1,color::tests::from_str::hex3_mixed,full,success,0.08535618466666667,,,,
x86_64-unknown-linux-gnu,colored,3.1.1,color::tests::from_str::hex3_upper,full,success,0.08853871066666667,,,,
x86_64-unknown-linux-gnu,colored,3.1.1,color::tests::from_str::hex6_lower,full,success,0.08589108900000002,,,,
x86_64-unknown-linux-gnu,colored,3.1.1,color::tests::from_str::hex6_mixed,full,success,0.08734242233333334,,,,
x86_64-unknown-linux-gnu,colored,3.1.1,color::tests::from_str::hex6_upper,full,success,0.087070952,,,,
x86_64-unknown-linux-gnu,colored,3.1.1,color::tests::from_str::hex_invalid,full,success,0.08746818300000002,,,,
x86_64-unknown-linux-gnu,colored,3.1.1,color::tests::from_str::hex_too_long,full,success,0.08834138533333334,,,,
x86_64-unknown-linux-gnu,colored,3.1.1,color::tests::from_str::hex_too_short,full,success,0.08881366333333333,,,,
x86_64-unknown-linux-gnu,colored,3.1.1,color::tests::from_str::invalid,full,success,0.08602422666666666,,,,
x86_64-unknown-linux-gnu,colored,3.1.1,color::tests::from_str::magenta,full,success,0.08333252133333334,,,,
x86_64-unknown-linux-gnu,colored,3.1.1,color::tests::from_str::mixed_case,full,success,0.08548708333333334,,,,
x86_64-unknown-linux-gnu,colored,3.1.1,color::tests::from_str::purple,full,success,0.088905048,,,,
x86_64-unknown-linux-gnu,colored,3.1.1,color::tests::from_str::red,full,success,0.08319352433333334,,,,
x86_64-unknown-linux-gnu,colored,3.1.1,color::tests::from_str::white,full,success,0.08565741466666667,,,,
x86_64-unknown-linux-gnu,colored,3.1.1,color::tests::from_str::yellow,full,success,0.08433493866666668,,,,
x86_64-unknown-linux-gnu,colored,3.1.1,color::tests::from_string::black,full,success,0.08593080866666668,,,,
x86_64-unknown-linux-gnu,colored,3.1.1,color::tests::from_string::blue,full,success,0.09281190366666668,,,,
x86_64-unknown-linux-gnu,colored,3.1.1,color::tests::from_string::brightblack,full,success,0.09886749533333335,,,,
x86_64-unknown-linux-gnu,colored,3.1.1,color::tests::from_string::brightblue,full,success,0.09059726366666666,,,,
x86_64-unknown-linux-gnu,colored,3.1.1,color::tests::from_string::brightcyan,full,success,0.08414288800000001,,,,
x86_64-unknown-linux-gnu,colored,3.1.1,color::tests::from_string::brightgreen,full,success,0.09328550366666667,,,,
x86_64-unknown-linux-gnu,colored,3.1.1,color::tests::from_string::brightmagenta,full,success,0.08900866466666668,,,,
x86_64-unknown-linux-gnu,colored,3.1.1,color::tests::from_string::brightred,full,success,0.08669941866666668,,,,
x86_64-unknown-linux-gnu,colored,3.1.1,color::tests::from_string::brightwhite,full,success,0.08611095433333334,,,,
x86_64-unknown-linux-gnu,colored,3.1.1,color::tests::from_string::brightyellow,full,success,0.08364317433333335,,,,
x86_64-unknown-linux-gnu,colored,3.1.1,color::tests::from_string::capitalized,full,success,0.089354602,,,,
x86_64-unknown-linux-gnu,colored,3.1.1,color::tests::from_string::cyan,full,success,0.08559914933333335,,,,
x86_64-unknown-linux-gnu,colored,3.1.1,color::tests::from_string::green,full,success,0.08559308333333333,,,,
x86_64-unknown-linux-gnu,colored,3.1.1,color::tests::from_string::hex3_lower,full,success,0.08782483933333333,,,,
x86_64-unknown-linux-gnu,colored,3.1.1,color::tests::from_string::hex3_mixed,full,success,0.08720124200000001,,,,
x86_64-unknown-linux-gnu,colored,3.1.1,color::tests::from_string::hex3_upper,full,success,0.085384401,,,,
x86_64-unknown-linux-gnu,colored,3.1.1,color::tests::from_string::hex6_lower,full,success,0.091679395,,,,
x86_64-unknown-linux-gnu,colored,3.1.1,color::tests::from_string::hex6_mixed,full,success,0.09230203433333334,,,,
x86_64-unknown-linux-gnu,colored,3.1.1,color::tests::from_string::hex6_upper,full,success,0.090848901,,,,
x86_64-unknown-linux-gnu,colored,3.1.1,color::tests::from_string::hex_invalid,full,success,0.08741750566666667,,,,
x86_64-unknown-linux-gnu,colored,3.1.1,color::tests::from_string::hex_too_long,full,success,0.08536296233333333,,,,
x86_64-unknown-linux-gnu,colored,3.1.1,color::tests::from_string::hex_too_short,full,success,0.08527028166666667,,,,
x86_64-unknown-linux-gnu,colored,3.1.1,color::tests::from_string::invalid,full,success,0.08872225433333332,,,,
x86_64-unknown-linux-gnu,colored,3.1.1,color::tests::from_string::magenta,full,success,0.08814813700000002,,,,
x86_64-unknown-linux-gnu,colored,3.1.1,color::tests::from_string::mixed_case,full,success,0.09461286666666667,,,,
x86_64-unknown-linux-gnu,colored,3.1.1,color::tests::from_string::red,full,success,0.08785913000000001,,,,
x86_64-unknown-linux-gnu,colored,3.1.1,color::tests::from_string::white,full,success,0.08522109833333334,,,,
x86_64-unknown-linux-gnu,colored,3.1.1,color::tests::from_string::yellow,full,success,0.08442548733333333,,,,
x86_64-unknown-linux-gnu,colored,3.1.1,color::tests::fromstr::error,full,success,0.08665604500000001,,,,
x86_64-unknown-linux-gnu,colored,3.1.1,color::tests::fromstr::parse,full,success,0.08915523933333334,,,,
x86_64-unknown-linux-gnu,colored,3.1.1,control::specs::clicolor_behavior,full,success,0.28132650666666664,,,,
x86_64-unknown-linux-gnu,colored,3.1.1,customcolors::tests::from_tuple,full,success,0.08458044533333335,,,,
x86_64-unknown-linux-gnu,colored,3.1.1,customcolors::tests::main,full,test_failed,,error: Undefined Behavior: deallocation through <1828199>(unprotected) (root of the allocation) at alloc223311[0x0] is forbidden,src/customcolors.rs:34:9,https://github.com/BorrowSanitizer/bsan/actions/runs/37150704742/job/111284727554,"error: Undefined Behavior: deallocation through <1828199>(unprotected) (root of the allocation) at alloc223311[0x0] is forbidden
  --> /tmp/tmpaml7zoiu/colored-3.1.1/src/customcolors.rs:34:9
   |
34 | insta::assert_snapshot!(""Greetings from Ukraine"".custom_color(my_color));
   | ^
   = note: the above line calls library code, where the error was detected:
  --> /root/.rustup/toolchains/bsan/lib/rustlib/src/rust/library/std/src/sys/alloc/unix.rs:65:14
   |
65 | unsafe { libc::free(ptr as *mut libc::c_void) }
   |          ^
   = help: the accessed tag <1828199>(unprotected) (root of the allocation) is foreign to the protected tag <1832478>(StrongProtector) (i.e., it is not a child)
   = help: this deallocation (acting as a foreign write access) would cause the protected tag <1832478>(StrongProtector) (currently Frozen) to become Disabled
   = help: protected tags must never be Disabled
help: the accessed tag <1828199>(unprotected) was created here
  --> /root/.rustup/toolchains/bsan/lib/rustlib/src/rust/library/std/src/sys/alloc/unix.rs:31:18
   |
31 | unsafe { libc::malloc(layout.size()) as *mut u8 }
   |          ^
help: the protected tag <1832478>(StrongProtector) was created here, in the initial state Frozen
  --> /root/.rustup/toolchains/bsan/lib/rustlib/src/rust/library/core/src/num/imp/dec2flt/parse.rs:0:0

stack backtrace:
0: std::sys::alloc::unix::dealloc
      at /root/.rustup/toolchains/bsan/lib/rustlib/src/rust/library/std/src/sys/alloc/unix.rs:65:14
1: __rustc::__rdl_dealloc
      at /root/.rustup/toolchains/bsan/lib/rustlib/src/rust/library/std/src/alloc.rs:480:6
2: alloc::alloc::dealloc_nonnull
      at /root/.rustup/toolchains/bsan/lib/rustlib/src/rust/library/alloc/src/alloc.rs:197:14

note: stack trace was truncated after 3 frames; set stacktrace_max_len (e.g. BSAN_OPTIONS=stacktrace_max_len=32) to capture more."
x86_64-unknown-linux-gnu,colored,3.1.1,style::tests::style_bitwise_logic::assign_ops,full,success,0.08635476533333335,,,,
x86_64-unknown-linux-gnu,colored,3.1.1,style::tests::style_bitwise_logic::assign_ops_with_styles,full,success,0.084125707,,,,
x86_64-unknown-linux-gnu,colored,3.1.1,style::tests::style_bitwise_logic::binops,full,success,0.08460586766666667,,,,
x86_64-unknown-linux-gnu,colored,3.1.1,style::tests::style_bitwise_logic::binops_with_styles,full,success,0.08443666466666666,,,,
x86_64-unknown-linux-gnu,colored,3.1.1,style::tests::style_bitwise_logic::not,full,success,0.08211535733333335,,,,
x86_64-unknown-linux-gnu,colored,3.1.1,style::tests::style_bitwise_logic::styles_binops,full,success,0.08540468566666666,,,,
x86_64-unknown-linux-gnu,colored,3.1.1,style::tests::style_bitwise_logic::styles_not,full,success,0.08463813133333335,,,,
x86_64-unknown-linux-gnu,colored,3.1.1,style::tests::styles_combine_complex::aggreg1,full,success,0.086819248,,,,
x86_64-unknown-linux-gnu,colored,3.1.1,style::tests::styles_combine_complex::aggreg2,full,success,0.08836673433333335,,,,
x86_64-unknown-linux-gnu,colored,3.1.1,style::tests::styles_combine_complex::aggreg3,full,success,0.08695875900000001,,,,
x86_64-unknown-linux-gnu,colored,3.1.1,style::tests::styles_combine_complex::all,full,success,0.08529845466666668,,,,
x86_64-unknown-linux-gnu,colored,3.1.1,style::tests::styles_combine_complex::five,full,success,0.08299258666666667,,,,
x86_64-unknown-linux-gnu,colored,3.1.1,style::tests::styles_combine_complex::four,full,success,0.08707576300000001,,,,
x86_64-unknown-linux-gnu,colored,3.1.1,style::tests::styles_combine_complex::six,full,success,0.08629211633333334,,,,
x86_64-unknown-linux-gnu,colored,3.1.1,style::tests::styles_combine_complex::three1,full,success,0.08648441766666666,,,,
x86_64-unknown-linux-gnu,colored,3.1.1,style::tests::styles_combine_complex::three2,full,success,0.08641321,,,,
x86_64-unknown-linux-gnu,colored,3.1.1,style::tests::styles_combine_complex::two1,full,success,0.08578753933333334,,,,
x86_64-unknown-linux-gnu,colored,3.1.1,style::tests::styles_combine_complex::two2,full,success,0.08240140166666667,,,,
x86_64-unknown-linux-gnu,colored,3.1.1,style::tests::styles_combine_complex::two3,full,success,0.085596139,,,,
x86_64-unknown-linux-gnu,colored,3.1.1,style::tests::test_style_contains,full,success,0.08663105900000001,,,,
x86_64-unknown-linux-gnu,colored,3.1.1,style::tests::u8_to_styles_invalid_is_none::empty_is_none,full,success,0.08403887066666667,,,,
x86_64-unknown-linux-gnu,colored,3.1.1,style::tests::u8_to_styles_isomorphism::blink,full,success,0.08458758566666667,,,,
x86_64-unknown-linux-gnu,colored,3.1.1,style::tests::u8_to_styles_isomorphism::bold,full,success,0.08381451766666666,,,,
x86_64-unknown-linux-gnu,colored,3.1.1,style::tests::u8_to_styles_isomorphism::dimmed,full,success,0.09301659566666666,,,,
x86_64-unknown-linux-gnu,colored,3.1.1,style::tests::u8_to_styles_isomorphism::hidden,full,success,0.084434974,,,,
x86_64-unknown-linux-gnu,colored,3.1.1,style::tests::u8_to_styles_isomorphism::italic,full,success,0.08395272366666667,,,,
x86_64-unknown-linux-gnu,colored,3.1.1,style::tests::u8_to_styles_isomorphism::reversed,full,success,0.08515915033333334,,,,
x86_64-unknown-linux-gnu,colored,3.1.1,style::tests::u8_to_styles_isomorphism::strikethrough,full,success,0.087328768,,,,
x86_64-unknown-linux-gnu,colored,3.1.1,style::tests::u8_to_styles_isomorphism::underline,full,success,0.08744724033333334,,,,
x86_64-unknown-linux-gnu,colored,3.1.1,tests::bright_color_fn,full,success,0.08679081266666668,,,,
x86_64-unknown-linux-gnu,colored,3.1.1,tests::color_fn,full,success,0.08986657033333334,,,,
x86_64-unknown-linux-gnu,colored,3.1.1,tests::compute_style_blue_bold,full,test_failed,,assertion `left == right` failed,src/lib.rs:759:9,https://github.com/BorrowSanitizer/bsan/actions/runs/37150704742/job/111284727554,"thread 'tests::compute_style_blue_bold' (2370) panicked at src/lib.rs:759:9:
assertion `left == right` failed
  left: ""\u{1b}[1;34m""
 right: """"
note: run with `RUST_BACKTRACE=1` environment variable to display a backtrace
test tests::compute_style_blue_bold ... FAILED

failures:

failures:
    tests::compute_style_blue_bold

test result: FAILED. 0 passed; 1 failed; 0 ignored; 0 measured; 127 filtered out; finished in 0.02s
"
x86_64-unknown-linux-gnu,colored,3.1.1,tests::compute_style_empty_string,full,success,0.08471387466666667,,,,
x86_64-unknown-linux-gnu,colored,3.1.1,tests::escape_reset_sequence_spec_should_do_nothing_on_empty_strings,full,success,0.08701290300000002,,,,
x86_64-unknown-linux-gnu,colored,3.1.1,tests::escape_reset_sequence_spec_should_do_nothing_on_string_with_no_reset,full,success,0.08659893566666667,,,,
x86_64-unknown-linux-gnu,colored,3.1.1,tests::exposing_tests,full,success,0.08426793033333334,,,,
x86_64-unknown-linux-gnu,colored,3.1.1,tests::formatting,full,success,0.08903318833333333,,,,
x86_64-unknown-linux-gnu,colored,3.1.1,tests::it_works,full,test_failed,,error: Undefined Behavior: deallocation through <1836723>(unprotected) (root of the allocation) at alloc224440[0x0] is forbidden,src/lib.rs:686:9,https://github.com/BorrowSanitizer/bsan/actions/runs/37150704742/job/111284727554,"error: Undefined Behavior: deallocation through <1836723>(unprotected) (root of the allocation) at alloc224440[0x0] is forbidden
   --> /tmp/tmpaml7zoiu/colored-3.1.1/src/lib.rs:686:9
    |
686 | insta::assert_snapshot!(""it_works"", buf);
    | ^
    = note: the above line calls library code, where the error was detected:
   --> /root/.rustup/toolchains/bsan/lib/rustlib/src/rust/library/std/src/sys/alloc/unix.rs:65:14
    |
 65 | unsafe { libc::free(ptr as *mut libc::c_void) }
    |          ^
    = help: the accessed tag <1836723>(unprotected) (root of the allocation) is foreign to the protected tag <1841002>(StrongProtector) (i.e., it is not a child)
    = help: this deallocation (acting as a foreign write access) would cause the protected tag <1841002>(StrongProtector) (currently Frozen) to become Disabled
    = help: protected tags must never be Disabled
help: the accessed tag <1836723>(unprotected) was created here
   --> /root/.rustup/toolchains/bsan/lib/rustlib/src/rust/library/std/src/sys/alloc/unix.rs:31:18
    |
 31 | unsafe { libc::malloc(layout.size()) as *mut u8 }
    |          ^
help: the protected tag <1841002>(StrongProtector) was created here, in the initial state Frozen
   --> /root/.rustup/toolchains/bsan/lib/rustlib/src/rust/library/core/src/num/imp/dec2flt/parse.rs:0:0

stack backtrace:
0: std::sys::alloc::unix::dealloc
      at /root/.rustup/toolchains/bsan/lib/rustlib/src/rust/library/std/src/sys/alloc/unix.rs:65:14
1: __rustc::__rdl_dealloc
      at /root/.rustup/toolchains/bsan/lib/rustlib/src/rust/library/std/src/alloc.rs:480:6
2: alloc::alloc::dealloc_nonnull
      at /root/.rustup/toolchains/bsan/lib/rustlib/src/rust/library/alloc/src/alloc.rs:197:14

note: stack trace was truncated after 3 frames; set stacktrace_max_len (e.g. BSAN_OPTIONS=stacktrace_max_len=32) to capture more."
x86_64-unknown-linux-gnu,colored,3.1.1,tests::on_bright_color_fn,full,success,0.085823265,,,,
x86_64-unknown-linux-gnu,colored,3.1.1,tests::on_color_fn,full,success,0.08258888833333335,,,,
x86_64-unknown-linux-gnu,combine,4.6.7,error::tests_std::parse_clone_but_not_copy,full,success,0.10690754933333334,,,,
x86_64-unknown-linux-gnu,combine,4.6.7,parser::byte::num::tests::no_rangestream,full,success,0.11103193566666668,,,,
x86_64-unknown-linux-gnu,combine,4.6.7,parser::byte::tests::bytes_read_stream,full,success,0.10266786133333333,,,,
x86_64-unknown-linux-gnu,combine,4.6.7,parser::byte::tests::memslice_basic,full,success,0.10301884633333334,,,,
x86_64-unknown-linux-gnu,combine,4.6.7,parser::char::tests::space_error,full,success,0.10094687566666667,,,,
x86_64-unknown-linux-gnu,combine,4.6.7,parser::char::tests::string_committed,full,success,0.10099611766666666,,,,
x86_64-unknown-linux-gnu,combine,4.6.7,parser::char::tests::string_error,full,success,0.100531567,,,,
x86_64-unknown-linux-gnu,combine,4.6.7,parser::choice::tests::choice_single_parser,full,success,0.10334623300000001,,,,
x86_64-unknown-linux-gnu,combine,4.6.7,parser::range::tests::range_string_no_char_boundary_error,full,success,0.10280824366666667,,,,
x86_64-unknown-linux-gnu,combine,4.6.7,parser::range::tests::take_until_range_1,full,success,0.10492594933333334,,,,
x86_64-unknown-linux-gnu,combine,4.6.7,parser::range::tests::take_until_range_2,full,success,0.10120342333333333,,,,
x86_64-unknown-linux-gnu,combine,4.6.7,parser::range::tests::take_until_range_unicode_1,full,success,0.10484501933333334,,,,
x86_64-unknown-linux-gnu,combine,4.6.7,parser::range::tests::take_until_range_unicode_2,full,success,0.10242239733333335,,,,
x86_64-unknown-linux-gnu,combine,4.6.7,parser::range::tests::take_while1_test,full,success,0.10171686366666667,,,,
x86_64-unknown-linux-gnu,combine,4.6.7,parser::range::tests::take_while_test,full,success,0.10252363599999999,,,,
x86_64-unknown-linux-gnu,combine,4.6.7,parser::sequence::tests::sequence_single_parser,full,success,0.09831123666666668,,,,
x86_64-unknown-linux-gnu,combine,4.6.7,std_tests::error_position,full,success,0.10411027266666667,,,,
x86_64-unknown-linux-gnu,combine,4.6.7,std_tests::expression_basic,full,success,0.144419373,,,,
x86_64-unknown-linux-gnu,combine,4.6.7,std_tests::expression_error,full,success,0.11658898466666667,,,,
x86_64-unknown-linux-gnu,combine,4.6.7,std_tests::extract_std_error,full,success,0.10451519466666669,,,,
x86_64-unknown-linux-gnu,combine,4.6.7,std_tests::field,full,success,0.10638988166666667,,,,
x86_64-unknown-linux-gnu,combine,4.6.7,std_tests::infinite_recursion_in_box_parser,full,success,0.10447277433333334,,,,
x86_64-unknown-linux-gnu,combine,4.6.7,std_tests::inner_error_consume,full,success,0.102907225,,,,
x86_64-unknown-linux-gnu,combine,4.6.7,std_tests::iterator,full,success,0.10159749133333333,,,,
x86_64-unknown-linux-gnu,combine,4.6.7,std_tests::list,full,success,0.107645056,,,,
x86_64-unknown-linux-gnu,combine,4.6.7,std_tests::operators,full,success,0.137694625,,,,
x86_64-unknown-linux-gnu,combine,4.6.7,std_tests::optional_error_consume,full,success,0.10233389799999999,,,,
x86_64-unknown-linux-gnu,combine,4.6.7,std_tests::sep_by_error_consume,full,success,0.10125168133333334,,,,
x86_64-unknown-linux-gnu,combine,4.6.7,std_tests::source_position,full,success,0.10689826866666667,,,,
x86_64-unknown-linux-gnu,combine,4.6.7,std_tests::std_error,full,success,0.10201007233333333,,,,
x86_64-unknown-linux-gnu,combine,4.6.7,std_tests::test_integer,full,success,0.10108705866666667,,,,
x86_64-unknown-linux-gnu,combine,4.6.7,std_tests::unsized_parser,full,success,0.10319567066666668,,,,
x86_64-unknown-linux-gnu,combine,4.6.7,stream::buf_reader::tests_sync::buf_reader,full,success,0.11074637533333333,,,,
x86_64-unknown-linux-gnu,combine,4.6.7,stream::buf_reader::tests_sync::buf_reader_extend_buf,full,success,0.10658551266666667,,,,
x86_64-unknown-linux-gnu,combine,4.6.7,stream::position::tests::test_positioner,full,success,0.10037378466666669,,,,
x86_64-unknown-linux-gnu,combine,4.6.7,stream::position::tests::test_range_positioner,full,success,0.10175296666666667,,,,
x86_64-unknown-linux-gnu,combine,4.6.7,stream::tests::larger_than_1_byte_items_return_correct_distance,full,success,0.10073412799999999,,,,
x86_64-unknown-linux-gnu,combine,4.6.7,stream::tests::uncons_range_at_end,full,success,0.09922761266666667,,,,
x86_64-unknown-linux-gnu,combine,4.6.7,tests::chainl1_error_consume,full,success,0.10836515233333333,,,,
x86_64-unknown-linux-gnu,combine,4.6.7,tests::choice_strings,full,success,0.11255369233333334,,,,
x86_64-unknown-linux-gnu,const-oid,0.10.2,encoder::tests::base128_byte,full,success,0.08677144633333334,,,,
x86_64-unknown-linux-gnu,const-oid,0.10.2,encoder::tests::encode,full,success,0.08737129333333334,,,,
x86_64-unknown-linux-gnu,const-oid,0.10.2,parser::tests::parse,full,success,0.08325182666666668,,,,
x86_64-unknown-linux-gnu,const-oid,0.10.2,parser::tests::reject_empty_string,full,success,0.08691867666666668,,,,
x86_64-unknown-linux-gnu,const-oid,0.10.2,parser::tests::reject_non_digits,full,success,0.08317043800000001,,,,
x86_64-unknown-linux-gnu,const-oid,0.10.2,parser::tests::reject_trailing_dot,full,success,0.11226978966666668,,,,
x86_64-unknown-linux-gnu,core-foundation-sys,0.8.7,number::test::match_for_type_id_should_be_backwards_compatible,full,success,0.13248642400000002,,,,
x86_64-unknown-linux-gnu,crc32fast,1.5.0,baseline::test::fast_16_is_the_same_as_slow,full,success,3.531526487666667,,,,
x86_64-unknown-linux-gnu,crc32fast,1.5.0,baseline::test::slow,full,success,0.142981506,,,,
x86_64-unknown-linux-gnu,crc32fast,1.5.0,combine::golden,full,success,0.15229956166666667,,,,
x86_64-unknown-linux-gnu,crc32fast,1.5.0,test::combine,full,success,6.429228520666666,,,,
x86_64-unknown-linux-gnu,crc32fast,1.5.0,test::combine_from_len,full,success,6.434489023,,,,
x86_64-unknown-linux-gnu,crossbeam-utils,0.8.21,atomic::seq_lock::tests::test_abort,full,success,0.13554698133333334,,,,
x86_64-unknown-linux-gnu,crypto-bigint,0.7.3,checked::tests::checked_add,full,success,0.13803999033333333,,,,
x86_64-unknown-linux-gnu,crypto-bigint,0.7.3,checked::tests::checked_div,full,success,0.13387932966666669,,,,
x86_64-unknown-linux-gnu,crypto-bigint,0.7.3,checked::tests::checked_eq_select,full,success,0.12955480733333333,,,,
x86_64-unknown-linux-gnu,crypto-bigint,0.7.3,checked::tests::checked_from,full,success,0.13191848366666667,,,,
x86_64-unknown-linux-gnu,crypto-bigint,0.7.3,checked::tests::checked_mul,full,success,0.14295210466666666,,,,
x86_64-unknown-linux-gnu,crypto-bigint,0.7.3,checked::tests::checked_new,full,success,0.13098426766666668,,,,
x86_64-unknown-linux-gnu,crypto-bigint,0.7.3,checked::tests::checked_sub,full,success,0.13363904566666665,,,,
x86_64-unknown-linux-gnu,crypto-bigint,0.7.3,int::add::tests::checked_add,full,success,0.135264062,,,,
x86_64-unknown-linux-gnu,crypto-bigint,0.7.3,int::add::tests::overflowing_add,full,success,0.13445384133333335,,,,
x86_64-unknown-linux-gnu,crypto-bigint,0.7.3,int::bit_and::tests::checked_and_ok,full,success,0.13357850266666668,,,,
x86_64-unknown-linux-gnu,crypto-bigint,0.7.3,int::bit_and::tests::wrapping_and_ok,full,success,0.13610515366666667,,,,
x86_64-unknown-linux-gnu,crypto-bigint,0.7.3,int::bit_not::tests::bitnot_ok,full,success,0.131325597,,,,
x86_64-unknown-linux-gnu,crypto-bigint,0.7.3,int::bit_or::tests::checked_or_ok,full,success,0.132317667,,,,
x86_64-unknown-linux-gnu,crypto-bigint,0.7.3,int::bit_or::tests::wrapping_or_ok,full,success,0.12998430133333336,,,,
x86_64-unknown-linux-gnu,crypto-bigint,0.7.3,int::bit_xor::tests::checked_xor_ok,full,success,0.13219935233333335,,,,
x86_64-unknown-linux-gnu,crypto-bigint,0.7.3,int::bit_xor::tests::wrapping_xor_ok,full,success,0.13770791133333335,,,,
x86_64-unknown-linux-gnu,crypto-bigint,0.7.3,int::cmp::tests::test_eq,full,success,0.13002684433333334,,,,
x86_64-unknown-linux-gnu,crypto-bigint,0.7.3,int::cmp::tests::test_gt,full,success,0.131222672,,,,
x86_64-unknown-linux-gnu,crypto-bigint,0.7.3,int::cmp::tests::test_is_nonzero,full,success,0.1287038286666667,,,,
x86_64-unknown-linux-gnu,crypto-bigint,0.7.3,int::cmp::tests::test_lt,full,success,0.13914078900000001,,,,
x86_64-unknown-linux-gnu,crypto-bigint,0.7.3,int::ct::tests::ct_gt,full,success,0.13080926333333334,,,,
x86_64-unknown-linux-gnu,crypto-bigint,0.7.3,int::ct::tests::ct_lt,full,success,0.14030802666666667,,,,
x86_64-unknown-linux-gnu,crypto-bigint,0.7.3,int::ct::tests::ct_select,full,success,0.13531714866666666,,,,
x86_64-unknown-linux-gnu,crypto-bigint,0.7.3,int::div::tests::div_vartime_through_trait,full,success,0.134191918,,,,
x86_64-unknown-linux-gnu,crypto-bigint,0.7.3,int::div::tests::test_checked_div,full,success,0.14839713833333334,,,,
x86_64-unknown-linux-gnu,crypto-bigint,0.7.3,int::div::tests::test_checked_div_floor,full,success,0.13386504833333335,,,,
x86_64-unknown-linux-gnu,crypto-bigint,0.7.3,int::div::tests::test_checked_div_mod_floor,full,success,0.13907973366666668,,,,
x86_64-unknown-linux-gnu,crypto-bigint,0.7.3,int::div_unsigned::tests::test_div_ct_vs_vt,full,success,0.5721018703333334,,,,
x86_64-unknown-linux-gnu,crypto-bigint,0.7.3,int::div_unsigned::tests::test_div_floor_ct_vs_vt,full,success,0.5897931123333333,,,,
x86_64-unknown-linux-gnu,crypto-bigint,0.7.3,int::div_unsigned::tests::test_div_rem_floor_unsigned,full,success,0.13652178033333331,,,,
x86_64-unknown-linux-gnu,crypto-bigint,0.7.3,int::div_unsigned::tests::test_div_unsigned,full,success,0.13247538766666667,,,,
x86_64-unknown-linux-gnu,crypto-bigint,0.7.3,int::from::tests::from_i128,full,success,0.12763075033333335,,,,
x86_64-unknown-linux-gnu,crypto-bigint,0.7.3,int::from::tests::from_i16,full,success,0.13425597633333333,,,,
x86_64-unknown-linux-gnu,crypto-bigint,0.7.3,int::from::tests::from_i32,full,success,0.13009450566666667,,,,
x86_64-unknown-linux-gnu,crypto-bigint,0.7.3,int::from::tests::from_i64,full,success,0.12520384266666668,,,,
x86_64-unknown-linux-gnu,crypto-bigint,0.7.3,int::from::tests::from_i8,full,success,0.13309014433333335,,,,
x86_64-unknown-linux-gnu,crypto-bigint,0.7.3,int::invert_mod::tests::test_invert_even,full,success,0.29847114700000005,,,,
x86_64-unknown-linux-gnu,crypto-bigint,0.7.3,int::invert_mod::tests::test_invert_odd,full,success,0.45488546800000007,,,,
x86_64-unknown-linux-gnu,crypto-bigint,0.7.3,int::mod_symbol::tests::jacobi_int,full,success,0.48431610433333333,,,,
x86_64-unknown-linux-gnu,crypto-bigint,0.7.3,int::mod_symbol::tests::jacobi_neg_one,full,success,0.4938787676666667,,,,
x86_64-unknown-linux-gnu,crypto-bigint,0.7.3,int::mod_symbol::tests::jacobi_non_coprime,full,success,0.31065912,,,,
x86_64-unknown-linux-gnu,crypto-bigint,0.7.3,int::mod_symbol::tests::jacobi_non_quad_residue,full,success,0.3153465916666667,,,,
x86_64-unknown-linux-gnu,crypto-bigint,0.7.3,int::mod_symbol::tests::jacobi_quad_residue,full,success,0.3143806003333333,,,,
x86_64-unknown-linux-gnu,crypto-bigint,0.7.3,int::mod_symbol::tests::jacobi_zero,full,success,0.3051679596666667,,,,
x86_64-unknown-linux-gnu,crypto-bigint,0.7.3,int::mul::tests::test_checked_mul,full,success,0.13505678033333335,,,,
x86_64-unknown-linux-gnu,crypto-bigint,0.7.3,int::mul::tests::test_checked_square,full,success,0.12931478366666668,,,,
x86_64-unknown-linux-gnu,crypto-bigint,0.7.3,int::mul::tests::test_concatenating_mul,full,success,0.14059736633333333,,,,
x86_64-unknown-linux-gnu,crypto-bigint,0.7.3,int::mul::tests::test_concatenating_square,full,success,0.13095313033333333,,,,
x86_64-unknown-linux-gnu,crypto-bigint,0.7.3,int::mul::tests::test_saturating_mul,full,success,0.134280574,,,,
x86_64-unknown-linux-gnu,crypto-bigint,0.7.3,int::mul::tests::test_saturating_square,full,success,0.133235832,,,,
x86_64-unknown-linux-gnu,crypto-bigint,0.7.3,int::mul::tests::test_wrapping_mul,full,success,0.14518277500000001,,,,
x86_64-unknown-linux-gnu,crypto-bigint,0.7.3,int::mul::tests::test_wrapping_mul_mixed,full,success,0.13612695033333333,,,,
x86_64-unknown-linux-gnu,crypto-bigint,0.7.3,int::mul::tests::test_wrapping_square,full,success,0.12934456833333333,,,,
x86_64-unknown-linux-gnu,crypto-bigint,0.7.3,int::mul_unsigned::tests::test_checked_mul_unsigned,full,success,0.136739781,,,,
x86_64-unknown-linux-gnu,crypto-bigint,0.7.3,int::mul_unsigned::tests::test_checked_mul_unsigned_right,full,success,0.12812292466666667,,,,
x86_64-unknown-linux-gnu,crypto-bigint,0.7.3,int::mul_unsigned::tests::test_concatenating_mul_unsigned,full,success,0.13486410333333335,,,,
x86_64-unknown-linux-gnu,crypto-bigint,0.7.3,int::neg::tests::checked_neg,full,success,0.12879760766666667,,,,
x86_64-unknown-linux-gnu,crypto-bigint,0.7.3,int::neg::tests::overflowing_neg,full,success,0.13398798333333334,,,,
x86_64-unknown-linux-gnu,crypto-bigint,0.7.3,int::neg::tests::wrapping_neg_if,full,success,0.13153877866666666,,,,
x86_64-unknown-linux-gnu,crypto-bigint,0.7.3,int::resize::tests::scale_down,full,success,0.13310657,,,,
x86_64-unknown-linux-gnu,crypto-bigint,0.7.3,int::resize::tests::scale_up,full,success,0.12905613500000002,,,,
x86_64-unknown-linux-gnu,crypto-bigint,0.7.3,int::shl::tests::shl1,full,success,0.12958327800000002,,,,
x86_64-unknown-linux-gnu,crypto-bigint,0.7.3,int::shl::tests::shl2,full,success,0.12661294766666667,,,,
x86_64-unknown-linux-gnu,crypto-bigint,0.7.3,int::shl::tests::shl256_const,full,success,0.12819903233333335,,,,
x86_64-unknown-linux-gnu,crypto-bigint,0.7.3,int::shl::tests::shl64,full,success,0.1287344036666667,,,,
x86_64-unknown-linux-gnu,crypto-bigint,0.7.3,int::shl::tests::shl65,full,success,0.134796212,,,,
x86_64-unknown-linux-gnu,crypto-bigint,0.7.3,int::shl::tests::shl88,full,success,0.13098448399999998,,,,
x86_64-unknown-linux-gnu,crypto-bigint,0.7.3,int::shl::tests::shl_bounds_panic,full,success,0.136901862,,,,
x86_64-unknown-linux-gnu,crypto-bigint,0.7.3,int::shl::tests::shl_simple,full,success,0.1321434486666667,,,,
x86_64-unknown-linux-gnu,crypto-bigint,0.7.3,int::shl::tests::unbounded_shl,full,success,0.137898493,,,,
x86_64-unknown-linux-gnu,crypto-bigint,0.7.3,int::shl::tests::wrapping_shl,full,success,0.1312479636666667,,,,
x86_64-unknown-linux-gnu,crypto-bigint,0.7.3,int::shr::tests::overflowing_shr_vartime_zero_shift,full,success,0.13526892633333334,,,,
x86_64-unknown-linux-gnu,crypto-bigint,0.7.3,int::shr::tests::shr0,full,success,0.13084053800000003,,,,
x86_64-unknown-linux-gnu,crypto-bigint,0.7.3,int::shr::tests::shr1,full,success,0.13041948333333334,,,,
x86_64-unknown-linux-gnu,crypto-bigint,0.7.3,int::shr::tests::shr256_const,full,success,0.12974384966666666,,,,
x86_64-unknown-linux-gnu,crypto-bigint,0.7.3,int::shr::tests::shr5,full,success,0.14279590266666667,,,,
x86_64-unknown-linux-gnu,crypto-bigint,0.7.3,int::shr::tests::shr7_vartime,full,success,0.13090022433333334,,,,
x86_64-unknown-linux-gnu,crypto-bigint,0.7.3,int::shr::tests::shr_bounds_panic,full,success,0.134499114,,,,
x86_64-unknown-linux-gnu,crypto-bigint,0.7.3,int::shr::tests::shr_vartime_zero_shift,full,success,0.131801731,,,,
x86_64-unknown-linux-gnu,crypto-bigint,0.7.3,int::shr::tests::unbounded_shr,full,success,0.12983532033333334,,,,
x86_64-unknown-linux-gnu,crypto-bigint,0.7.3,int::shr::tests::unbounded_shr_vartime_zero_shift,full,success,0.131851912,,,,
x86_64-unknown-linux-gnu,crypto-bigint,0.7.3,int::shr::tests::wrapping_shr,full,success,0.13612775566666668,,,,
x86_64-unknown-linux-gnu,crypto-bigint,0.7.3,int::shr::tests::wrapping_shr_vartime_multiple_of_bits_is_identity,full,success,0.13642382233333336,,,,
x86_64-unknown-linux-gnu,crypto-bigint,0.7.3,int::sign::tests::is_negative,full,success,0.13398870433333335,,,,
x86_64-unknown-linux-gnu,crypto-bigint,0.7.3,int::sign::tests::is_positive,full,success,0.12956449666666667,,,,
x86_64-unknown-linux-gnu,crypto-bigint,0.7.3,int::sign::tests::new_from_abs_sign,full,success,0.13393947566666667,,,,
x86_64-unknown-linux-gnu,crypto-bigint,0.7.3,int::sqrt::tests::square_root_expected,full,success,0.149974657,,,,
x86_64-unknown-linux-gnu,crypto-bigint,0.7.3,int::sub::tests::checked_sub,full,success,0.13419590266666667,,,,
x86_64-unknown-linux-gnu,crypto-bigint,0.7.3,int::sub::tests::wrapping_sub,full,success,0.137540482,,,,
x86_64-unknown-linux-gnu,crypto-bigint,0.7.3,int::tests::as_uint,full,success,0.12953953000000004,,,,
x86_64-unknown-linux-gnu,crypto-bigint,0.7.3,int::tests::as_words,full,success,0.136279288,,,,
x86_64-unknown-linux-gnu,crypto-bigint,0.7.3,int::tests::as_words_mut,full,success,0.12890030500000002,,,,
x86_64-unknown-linux-gnu,crypto-bigint,0.7.3,int::tests::is_maximal,full,success,0.12937437866666668,,,,
x86_64-unknown-linux-gnu,crypto-bigint,0.7.3,int::tests::is_minimal,full,success,0.13437852533333333,,,,
x86_64-unknown-linux-gnu,crypto-bigint,0.7.3,int::tests::test_signed,full,success,0.2321299106666667,,,,
x86_64-unknown-linux-gnu,crypto-bigint,0.7.3,int::tests::to_uint,full,success,0.13126811966666665,,,,
x86_64-unknown-linux-gnu,crypto-bigint,0.7.3,jacobi::tests::jacobi_eq,full,success,0.13041094633333336,,,,
x86_64-unknown-linux-gnu,crypto-bigint,0.7.3,jacobi::tests::jacobi_from,full,success,0.12615241600000002,,,,
x86_64-unknown-linux-gnu,crypto-bigint,0.7.3,jacobi::tests::jacobi_neg,full,success,0.13159779233333335,,,,
x86_64-unknown-linux-gnu,crypto-bigint,0.7.3,limb::add::tests::add_no_overflow,full,success,0.12576693633333333,,,,
x86_64-unknown-linux-gnu,crypto-bigint,0.7.3,limb::add::tests::add_with_overflow,full,success,0.13536935033333333,,,,
x86_64-unknown-linux-gnu,crypto-bigint,0.7.3,limb::add::tests::carrying_add_no_carry,full,success,0.12676704233333336,,,,
x86_64-unknown-linux-gnu,crypto-bigint,0.7.3,limb::add::tests::carrying_add_with_carry,full,success,0.13085263233333333,,,,
x86_64-unknown-linux-gnu,crypto-bigint,0.7.3,limb::add::tests::checked_add,full,success,0.12877205800000002,,,,
x86_64-unknown-linux-gnu,crypto-bigint,0.7.3,limb::add::tests::checked_add_ok,full,success,0.13205079166666667,,,,
x86_64-unknown-linux-gnu,crypto-bigint,0.7.3,limb::add::tests::checked_add_overflow,full,success,0.13014233733333333,,,,
x86_64-unknown-linux-gnu,crypto-bigint,0.7.3,limb::add::tests::overflowing_add_no_carry,full,success,0.13857961666666666,,,,
x86_64-unknown-linux-gnu,crypto-bigint,0.7.3,limb::add::tests::overflowing_add_with_carry,full,success,0.13814700066666666,,,,
x86_64-unknown-linux-gnu,crypto-bigint,0.7.3,limb::add::tests::saturating_add,full,success,0.132626311,,,,
x86_64-unknown-linux-gnu,crypto-bigint,0.7.3,limb::add::tests::wrapping_add_no_carry,full,success,0.13462583233333333,,,,
x86_64-unknown-linux-gnu,crypto-bigint,0.7.3,limb::add::tests::wrapping_add_with_carry,full,success,0.13025285733333336,,,,
x86_64-unknown-linux-gnu,crypto-bigint,0.7.3,limb::bit_xor::tests::bitxor,full,success,0.13230067466666665,,,,
x86_64-unknown-linux-gnu,crypto-bigint,0.7.3,limb::bit_xor::tests::bitxor_assign,full,success,0.132953036,,,,
x86_64-unknown-linux-gnu,crypto-bigint,0.7.3,limb::bits::tests::bit,full,success,0.13696680800000002,,,,
x86_64-unknown-linux-gnu,crypto-bigint,0.7.3,limb::bits::tests::bit_vartime,full,success,0.12966667033333334,,,,
x86_64-unknown-linux-gnu,crypto-bigint,0.7.3,limb::bits::tests::leading_zeros,full,success,0.13603041000000002,,,,
x86_64-unknown-linux-gnu,crypto-bigint,0.7.3,limb::bits::tests::leading_zeros_vartime,full,success,0.13045254766666667,,,,
x86_64-unknown-linux-gnu,crypto-bigint,0.7.3,limb::bits::tests::set_bit,full,success,0.13213953366666667,,,,
x86_64-unknown-linux-gnu,crypto-bigint,0.7.3,limb::bits::tests::set_bit_vartime,full,success,0.13262987433333334,,,,
x86_64-unknown-linux-gnu,crypto-bigint,0.7.3,limb::bits::tests::trailing_ones,full,success,0.1397544636666667,,,,
x86_64-unknown-linux-gnu,crypto-bigint,0.7.3,limb::bits::tests::trailing_ones_vartime,full,success,0.131197914,,,,
x86_64-unknown-linux-gnu,crypto-bigint,0.7.3,limb::bits::tests::trailing_zeros,full,success,0.13365649533333332,,,,
x86_64-unknown-linux-gnu,crypto-bigint,0.7.3,limb::bits::tests::trailing_zeros_vartime,full,success,0.13318252500000002,,,,
x86_64-unknown-linux-gnu,crypto-bigint,0.7.3,limb::cmp::tests::cmp,full,success,0.13126764066666666,,,,
x86_64-unknown-linux-gnu,crypto-bigint,0.7.3,limb::cmp::tests::ct_conditional_swap,full,success,0.13071143666666665,,,,
x86_64-unknown-linux-gnu,crypto-bigint,0.7.3,limb::cmp::tests::is_odd,full,success,0.1359341,,,,
x86_64-unknown-linux-gnu,crypto-bigint,0.7.3,limb::cmp::tests::is_zero,full,success,0.13108362033333334,,,,
x86_64-unknown-linux-gnu,crypto-bigint,0.7.3,limb::ct::tests::ct_eq,full,success,0.13200727833333334,,,,
x86_64-unknown-linux-gnu,crypto-bigint,0.7.3,limb::ct::tests::ct_gt,full,success,0.13014449933333336,,,,
x86_64-unknown-linux-gnu,crypto-bigint,0.7.3,limb::ct::tests::ct_lt,full,success,0.13167610200000002,,,,
x86_64-unknown-linux-gnu,crypto-bigint,0.7.3,limb::div::tests::checked_div,full,success,0.14424786133333334,,,,
x86_64-unknown-linux-gnu,crypto-bigint,0.7.3,limb::div::tests::checked_rem,full,success,0.13105244500000002,,,,
x86_64-unknown-linux-gnu,crypto-bigint,0.7.3,limb::div::tests::div_assign_trait,full,success,0.12946791633333335,,,,
x86_64-unknown-linux-gnu,crypto-bigint,0.7.3,limb::div::tests::div_ref_zero,full,success,0.1359091166666667,,,,
x86_64-unknown-linux-gnu,crypto-bigint,0.7.3,limb::div::tests::div_rem_ok,full,success,0.13487387033333334,,,,
x86_64-unknown-linux-gnu,crypto-bigint,0.7.3,limb::div::tests::div_trait,full,success,0.13100657033333332,,,,
x86_64-unknown-linux-gnu,crypto-bigint,0.7.3,limb::div::tests::div_zero,full,success,0.143498507,,,,
x86_64-unknown-linux-gnu,crypto-bigint,0.7.3,limb::div::tests::rem_assign_trait,full,success,0.1347540346666667,,,,
x86_64-unknown-linux-gnu,crypto-bigint,0.7.3,limb::div::tests::rem_ref_zero,full,success,0.13439586466666667,,,,
x86_64-unknown-linux-gnu,crypto-bigint,0.7.3,limb::div::tests::rem_trait,full,success,0.132992776,,,,
x86_64-unknown-linux-gnu,crypto-bigint,0.7.3,limb::div::tests::rem_zero,full,success,0.136302422,,,,
x86_64-unknown-linux-gnu,crypto-bigint,0.7.3,limb::encoding::test::reverse,full,success,0.13631068400000002,,,,
x86_64-unknown-linux-gnu,crypto-bigint,0.7.3,limb::encoding::test::roundtrip,full,success,0.13089429633333335,,,,
x86_64-unknown-linux-gnu,crypto-bigint,0.7.3,limb::gcd::tests::gcd_expected,full,success,0.16315966666666668,,,,
x86_64-unknown-linux-gnu,crypto-bigint,0.7.3,limb::mul::tests::checked_mul_ok,full,success,0.13214731100000002,,,,
x86_64-unknown-linux-gnu,crypto-bigint,0.7.3,limb::mul::tests::checked_mul_overflow,full,success,0.13400568799999998,,,,
x86_64-unknown-linux-gnu,crypto-bigint,0.7.3,limb::shl::tests::overflowing_shl,full,success,0.13107499766666666,,,,
x86_64-unknown-linux-gnu,crypto-bigint,0.7.3,limb::shl::tests::shl1,full,success,0.13306362533333335,,,,
x86_64-unknown-linux-gnu,crypto-bigint,0.7.3,limb::shl::tests::shl2,full,success,0.13407331066666667,,,,
x86_64-unknown-linux-gnu,crypto-bigint,0.7.3,limb::shl::tests::shl_assign1,full,success,0.12920669366666668,,,,
x86_64-unknown-linux-gnu,crypto-bigint,0.7.3,limb::shl::tests::shl_assign2,full,success,0.12786724833333335,,,,
x86_64-unknown-linux-gnu,crypto-bigint,0.7.3,limb::shl::tests::unbounded_shl,full,success,0.12860986766666668,,,,
x86_64-unknown-linux-gnu,crypto-bigint,0.7.3,limb::shl::tests::wrapping_shl,full,success,0.132985092,,,,
x86_64-unknown-linux-gnu,crypto-bigint,0.7.3,limb::shr::tests::overflowing_shr,full,success,0.12922150466666668,,,,
x86_64-unknown-linux-gnu,crypto-bigint,0.7.3,limb::shr::tests::shr1,full,success,0.130787491,,,,
x86_64-unknown-linux-gnu,crypto-bigint,0.7.3,limb::shr::tests::shr2,full,success,0.12856010133333332,,,,
x86_64-unknown-linux-gnu,crypto-bigint,0.7.3,limb::shr::tests::shr_assign1,full,success,0.12839663233333334,,,,
x86_64-unknown-linux-gnu,crypto-bigint,0.7.3,limb::shr::tests::shr_assign2,full,success,0.13292383733333332,,,,
x86_64-unknown-linux-gnu,crypto-bigint,0.7.3,limb::shr::tests::unbounded_shr,full,success,0.1300098796666667,,,,
x86_64-unknown-linux-gnu,crypto-bigint,0.7.3,limb::shr::tests::wrapping_shr,full,success,0.13256810700000002,,,,
x86_64-unknown-linux-gnu,crypto-bigint,0.7.3,limb::sub::tests::borrowing_sub_no_borrow,full,success,0.13107414733333334,,,,
x86_64-unknown-linux-gnu,crypto-bigint,0.7.3,limb::sub::tests::borrowing_sub_with_borrow,full,success,0.13947424933333336,,,,
x86_64-unknown-linux-gnu,crypto-bigint,0.7.3,limb::sub::tests::checked_sub_ok,full,success,0.13101417533333334,,,,
x86_64-unknown-linux-gnu,crypto-bigint,0.7.3,limb::sub::tests::checked_sub_overflow,full,success,0.13300784266666668,,,,
x86_64-unknown-linux-gnu,crypto-bigint,0.7.3,limb::sub::tests::wrapping_sub_no_borrow,full,success,0.1321421806666667,,,,
x86_64-unknown-linux-gnu,crypto-bigint,0.7.3,limb::sub::tests::wrapping_sub_with_borrow,full,success,0.13576128833333334,,,,
x86_64-unknown-linux-gnu,crypto-bigint,0.7.3,limb::tests::nlimbs_for_bits_macro,full,success,0.13620187166666667,,,,
x86_64-unknown-linux-gnu,crypto-bigint,0.7.3,limb::tests::test_unsigned,full,success,0.17888686099999998,,,,
x86_64-unknown-linux-gnu,crypto-bigint,0.7.3,modular::bingcd::compact::tests::test_compact,full,success,0.13024212233333332,,,,
x86_64-unknown-linux-gnu,crypto-bigint,0.7.3,modular::bingcd::compact::tests::test_compact_vartime,full,success,0.1353166676666667,,,,
x86_64-unknown-linux-gnu,crypto-bigint,0.7.3,modular::bingcd::div_mod_2k::tests::test_carrying_mul_add_limb,full,success,0.13773110666666669,,,,
x86_64-unknown-linux-gnu,crypto-bigint,0.7.3,modular::bingcd::div_mod_2k::tests::test_limb_bounded_div2k_mod_q,full,success,0.13224349666666665,,,,
x86_64-unknown-linux-gnu,crypto-bigint,0.7.3,modular::bingcd::div_mod_2k::tests::test_uint_bounded_div2k_mod_q,full,success,0.13282149466666668,,,,
x86_64-unknown-linux-gnu,crypto-bigint,0.7.3,modular::bingcd::extension::tests::bounded_shr,full,success,0.13134771666666667,,,,
x86_64-unknown-linux-gnu,crypto-bigint,0.7.3,modular::bingcd::extension::tests::test_from_product,full,success,0.138556652,,,,
x86_64-unknown-linux-gnu,crypto-bigint,0.7.3,modular::bingcd::extension::tests::test_wrapping_sub,full,success,0.13584407333333334,,,,
x86_64-unknown-linux-gnu,crypto-bigint,0.7.3,modular::bingcd::matrix::tests::test_conditional_add_right_column_to_left,full,success,0.13539546433333335,,,,
x86_64-unknown-linux-gnu,crypto-bigint,0.7.3,modular::bingcd::matrix::tests::test_conditional_double,full,success,0.1327526476666667,,,,
x86_64-unknown-linux-gnu,crypto-bigint,0.7.3,modular::bingcd::matrix::tests::test_conditional_subtract_bottom_row_from_top,full,success,0.14072078666666668,,,,
x86_64-unknown-linux-gnu,crypto-bigint,0.7.3,modular::bingcd::matrix::tests::test_conditional_subtract_right_column_from_left,full,success,0.132534159,,,,
x86_64-unknown-linux-gnu,crypto-bigint,0.7.3,modular::bingcd::matrix::tests::test_conditional_swap,full,success,0.13062581533333334,,,,
x86_64-unknown-linux-gnu,crypto-bigint,0.7.3,modular::bingcd::matrix::tests::test_swap,full,success,0.131943805,,,,
x86_64-unknown-linux-gnu,crypto-bigint,0.7.3,modular::bingcd::matrix::tests::test_wrapping_apply_to,full,success,0.13343654900000002,,,,
x86_64-unknown-linux-gnu,crypto-bigint,0.7.3,modular::const_monty_form::add::tests::add_overflow,full,success,0.12963427833333332,,,,
x86_64-unknown-linux-gnu,crypto-bigint,0.7.3,modular::const_monty_form::invert::tests::test_self_inverse,full,success,0.1822880926666667,,,,
x86_64-unknown-linux-gnu,crypto-bigint,0.7.3,modular::const_monty_form::lincomb::tests::lincomb_expected,full,success,14.544485163,,,,
x86_64-unknown-linux-gnu,crypto-bigint,0.7.3,modular::const_monty_form::macros::tests::impl_modulus_with_valid_modulus,full,success,0.136321256,,,,
x86_64-unknown-linux-gnu,crypto-bigint,0.7.3,modular::const_monty_form::macros::tests::new_params_with_valid_modulus,full,success,0.13135006700000004,,,,
x86_64-unknown-linux-gnu,crypto-bigint,0.7.3,modular::const_monty_form::mod_symbol::tests::jacobi_quad_nonresidue,full,success,0.3892021073333334,,,,
x86_64-unknown-linux-gnu,crypto-bigint,0.7.3,modular::const_monty_form::mod_symbol::tests::jacobi_quad_residue,full,success,0.3857311196666667,,,,
x86_64-unknown-linux-gnu,crypto-bigint,0.7.3,modular::const_monty_form::mul::tests::test_mul_eq_add,full,success,0.128288017,,,,
x86_64-unknown-linux-gnu,crypto-bigint,0.7.3,modular::const_monty_form::mul::tests::test_mul_one,full,success,0.12777826533333336,,,,
x86_64-unknown-linux-gnu,crypto-bigint,0.7.3,modular::const_monty_form::mul::tests::test_mul_zero,full,success,0.1299869326666667,,,,
x86_64-unknown-linux-gnu,crypto-bigint,0.7.3,modular::const_monty_form::mul::tests::test_square_eq_mul,full,success,0.13207262133333333,,,,
x86_64-unknown-linux-gnu,crypto-bigint,0.7.3,modular::const_monty_form::mul::tests::test_square_repeat,full,success,0.13046286966666668,,,,
x86_64-unknown-linux-gnu,crypto-bigint,0.7.3,modular::const_monty_form::neg::tests::test_negate,full,success,0.1378266016666667,,,,
x86_64-unknown-linux-gnu,crypto-bigint,0.7.3,modular::const_monty_form::pow::tests::test_multi_exp_array,full,success,0.28582558933333335,,,,
x86_64-unknown-linux-gnu,crypto-bigint,0.7.3,modular::const_monty_form::pow::tests::test_powmod,full,success,0.1811687956666667,,,,
x86_64-unknown-linux-gnu,crypto-bigint,0.7.3,modular::const_monty_form::pow::tests::test_powmod_small_base,full,success,0.180935611,,,,
x86_64-unknown-linux-gnu,crypto-bigint,0.7.3,modular::const_monty_form::pow::tests::test_powmod_small_exponent,full,success,0.161485868,,,,
x86_64-unknown-linux-gnu,crypto-bigint,0.7.3,modular::const_monty_form::pow::tests::test_powmod_zero,full,success,0.16921370366666666,,,,
x86_64-unknown-linux-gnu,crypto-bigint,0.7.3,modular::const_monty_form::sqrt::tests::check_sqrt,full,success,0.181962846,,,,
x86_64-unknown-linux-gnu,crypto-bigint,0.7.3,modular::const_monty_form::sub::tests::sub_overflow,full,success,0.13198171500000003,,,,
x86_64-unknown-linux-gnu,crypto-bigint,0.7.3,modular::fixed_monty_form::add::tests::add_overflow,full,success,0.13531496233333337,,,,
x86_64-unknown-linux-gnu,crypto-bigint,0.7.3,modular::fixed_monty_form::invert::tests::test_self_inverse,full,success,0.17771060400000002,,,,
x86_64-unknown-linux-gnu,crypto-bigint,0.7.3,modular::fixed_monty_form::lincomb::tests::lincomb_expected,full,success,25.41222811766667,,,,
x86_64-unknown-linux-gnu,crypto-bigint,0.7.3,modular::fixed_monty_form::mod_symbol::tests::jacobi_quad_nonresidue,full,success,0.3895435676666667,,,,
x86_64-unknown-linux-gnu,crypto-bigint,0.7.3,modular::fixed_monty_form::mod_symbol::tests::jacobi_quad_residue,full,success,0.387934928,,,,
x86_64-unknown-linux-gnu,crypto-bigint,0.7.3,modular::fixed_monty_form::mul::tests::test_mul_eq_add,full,success,0.13069561333333332,,,,
x86_64-unknown-linux-gnu,crypto-bigint,0.7.3,modular::fixed_monty_form::mul::tests::test_mul_one,full,success,0.129988256,,,,
x86_64-unknown-linux-gnu,crypto-bigint,0.7.3,modular::fixed_monty_form::mul::tests::test_mul_zero,full,success,0.13729434100000001,,,,
x86_64-unknown-linux-gnu,crypto-bigint,0.7.3,modular::fixed_monty_form::mul::tests::test_square_eq_mul,full,success,0.13060979566666667,,,,
x86_64-unknown-linux-gnu,crypto-bigint,0.7.3,modular::fixed_monty_form::mul::tests::test_square_repeat,full,success,0.13552578366666668,,,,
x86_64-unknown-linux-gnu,crypto-bigint,0.7.3,modular::fixed_monty_form::pow::tests::test_multi_exp_array,full,success,0.342647578,,,,
x86_64-unknown-linux-gnu,crypto-bigint,0.7.3,modular::fixed_monty_form::pow::tests::test_powmod,full,success,0.21175091233333335,,,,
x86_64-unknown-linux-gnu,crypto-bigint,0.7.3,modular::fixed_monty_form::pow::tests::test_powmod_small_base,full,success,0.20902446966666668,,,,
x86_64-unknown-linux-gnu,crypto-bigint,0.7.3,modular::fixed_monty_form::pow::tests::test_powmod_small_exponent,full,success,0.1804602906666667,,,,
x86_64-unknown-linux-gnu,crypto-bigint,0.7.3,modular::fixed_monty_form::pow::tests::test_powmod_zero,full,success,0.17026296533333338,,,,
x86_64-unknown-linux-gnu,crypto-bigint,0.7.3,modular::fixed_monty_form::sub::tests::sub_overflow,full,success,0.137308546,,,,
x86_64-unknown-linux-gnu,crypto-bigint,0.7.3,modular::fixed_monty_form::tests::new_params_with_valid_modulus,full,success,0.14750459233333335,,,,
x86_64-unknown-linux-gnu,crypto-bigint,0.7.3,modular::prime_params::tests::check_equality,full,success,0.13366367733333334,,,,
x86_64-unknown-linux-gnu,crypto-bigint,0.7.3,modular::prime_params::tests::check_expected,full,success,0.13719250500000002,,,,
x86_64-unknown-linux-gnu,crypto-bigint,0.7.3,modular::prime_params::tests::check_invalid_generator,full,success,0.129317724,,,,
x86_64-unknown-linux-gnu,crypto-bigint,0.7.3,modular::prime_params::tests::check_non_prime,full,success,0.15298246066666668,,,,
x86_64-unknown-linux-gnu,crypto-bigint,0.7.3,modular::safegcd::tests::invert,full,success,0.15550694966666667,,,,
x86_64-unknown-linux-gnu,crypto-bigint,0.7.3,modular::safegcd::tests::shr_wide,full,success,0.132039766,,,,
x86_64-unknown-linux-gnu,crypto-bigint,0.7.3,modular::sqrt::tests::mod_sqrt_s_1,full,success,0.20913131833333334,,,,
x86_64-unknown-linux-gnu,crypto-bigint,0.7.3,modular::sqrt::tests::mod_sqrt_s_2,full,success,0.27006705400000003,,,,
x86_64-unknown-linux-gnu,crypto-bigint,0.7.3,modular::sqrt::tests::mod_sqrt_s_3,full,success,0.670473211,,,,
x86_64-unknown-linux-gnu,crypto-bigint,0.7.3,modular::sqrt::tests::mod_sqrt_s_4,full,success,0.26439103766666666,,,,
x86_64-unknown-linux-gnu,crypto-bigint,0.7.3,modular::sqrt::tests::mod_sqrt_s_6,full,success,0.28919344333333336,,,,
x86_64-unknown-linux-gnu,crypto-bigint,0.7.3,modular::tests::monty_mul_one_r,full,success,0.13135803033333335,,,,
x86_64-unknown-linux-gnu,crypto-bigint,0.7.3,modular::tests::monty_mul_r2,full,success,0.1294548206666667,,,,
x86_64-unknown-linux-gnu,crypto-bigint,0.7.3,modular::tests::monty_mul_r_r,full,success,0.132491565,,,,
x86_64-unknown-linux-gnu,crypto-bigint,0.7.3,modular::tests::monty_mul_xr,full,success,0.13150967133333336,,,,
x86_64-unknown-linux-gnu,crypto-bigint,0.7.3,modular::tests::monty_mul_xr2,full,success,0.13599793233333335,,,,
x86_64-unknown-linux-gnu,crypto-bigint,0.7.3,modular::tests::monty_square_r,full,success,0.13669792833333336,,,,
x86_64-unknown-linux-gnu,crypto-bigint,0.7.3,modular::tests::test_montgomery_params,full,success,0.13020854133333334,,,,
x86_64-unknown-linux-gnu,crypto-bigint,0.7.3,modular::tests::test_new_retrieve,full,success,0.13049928966666668,,,,
x86_64-unknown-linux-gnu,crypto-bigint,0.7.3,modular::tests::test_reducing_one,full,success,0.12888427833333335,,,,
x86_64-unknown-linux-gnu,crypto-bigint,0.7.3,modular::tests::test_reducing_r2,full,success,0.13166034100000001,,,,
x86_64-unknown-linux-gnu,crypto-bigint,0.7.3,modular::tests::test_reducing_r2_wide,full,success,0.149413386,,,,
x86_64-unknown-linux-gnu,crypto-bigint,0.7.3,modular::tests::test_reducing_xr2_wide,full,success,0.13835548566666667,,,,
x86_64-unknown-linux-gnu,crypto-bigint,0.7.3,modular::tests::test_reducing_xr_wide,full,success,0.13638284033333334,,,,
x86_64-unknown-linux-gnu,crypto-bigint,0.7.3,non_zero::tests::default,full,success,0.131585498,,,,
x86_64-unknown-linux-gnu,crypto-bigint,0.7.3,non_zero::tests::from_be_bytes,full,success,0.133911509,,,,
x86_64-unknown-linux-gnu,crypto-bigint,0.7.3,non_zero::tests::from_be_hex_when_nonzero,full,success,0.13076279933333335,,,,
x86_64-unknown-linux-gnu,crypto-bigint,0.7.3,non_zero::tests::from_be_hex_when_zero,full,success,0.1365354566666667,,,,
x86_64-unknown-linux-gnu,crypto-bigint,0.7.3,non_zero::tests::from_le_bytes,full,success,0.13494709433333332,,,,
x86_64-unknown-linux-gnu,crypto-bigint,0.7.3,non_zero::tests::from_le_hex_when_nonzero,full,success,0.131514572,,,,
x86_64-unknown-linux-gnu,crypto-bigint,0.7.3,non_zero::tests::from_le_hex_when_zero,full,success,0.14138698633333335,,,,
x86_64-unknown-linux-gnu,crypto-bigint,0.7.3,non_zero::tests::int_abs_sign,full,success,0.14216572333333333,,,,
x86_64-unknown-linux-gnu,crypto-bigint,0.7.3,non_zero::tests::one,full,success,0.12761302033333333,,,,
x86_64-unknown-linux-gnu,crypto-bigint,0.7.3,odd::tests::default,full,success,0.13462922866666668,,,,
x86_64-unknown-linux-gnu,crypto-bigint,0.7.3,odd::tests::from_be_hex_when_even,full,success,0.1326868006666667,,,,
x86_64-unknown-linux-gnu,crypto-bigint,0.7.3,odd::tests::from_be_hex_when_odd,full,success,0.12989187633333335,,,,
x86_64-unknown-linux-gnu,crypto-bigint,0.7.3,odd::tests::from_le_hex_when_even,full,success,0.13735630933333334,,,,
x86_64-unknown-linux-gnu,crypto-bigint,0.7.3,odd::tests::from_le_hex_when_odd,full,success,0.14559004066666667,,,,
x86_64-unknown-linux-gnu,crypto-bigint,0.7.3,odd::tests::not_odd_numbers,full,success,0.13402877566666668,,,,
x86_64-unknown-linux-gnu,crypto-bigint,0.7.3,primitives::tests::carrying_mul_add_cannot_overflow,full,success,0.135393555,,,,
x86_64-unknown-linux-gnu,crypto-bigint,0.7.3,primitives::tests::test_u32_const_max,full,success,0.128500357,,,,
x86_64-unknown-linux-gnu,crypto-bigint,0.7.3,primitives::tests::test_u32_const_min,full,success,0.1302374146666667,,,,
x86_64-unknown-linux-gnu,crypto-bigint,0.7.3,primitives::tests::test_u32_const_rem,full,success,0.13146577266666667,,,,
x86_64-unknown-linux-gnu,crypto-bigint,0.7.3,uint::add::tests::carrying_add_no_carry,full,success,0.1327446786666667,,,,
x86_64-unknown-linux-gnu,crypto-bigint,0.7.3,uint::add::tests::carrying_add_with_carry,full,success,0.13159607033333334,,,,
x86_64-unknown-linux-gnu,crypto-bigint,0.7.3,uint::add::tests::checked_add_ok,full,success,0.1310764,,,,
x86_64-unknown-linux-gnu,crypto-bigint,0.7.3,uint::add::tests::checked_add_overflow,full,success,0.130819029,,,,
x86_64-unknown-linux-gnu,crypto-bigint,0.7.3,uint::add::tests::overflowing_add_limb,full,success,0.134040434,,,,
x86_64-unknown-linux-gnu,crypto-bigint,0.7.3,uint::add::tests::saturating_add_no_carry,full,success,0.134689364,,,,
x86_64-unknown-linux-gnu,crypto-bigint,0.7.3,uint::add::tests::saturating_add_with_carry,full,success,0.13111645566666666,,,,
x86_64-unknown-linux-gnu,crypto-bigint,0.7.3,uint::add::tests::wrapping_add_no_carry,full,success,0.1301362816666667,,,,
x86_64-unknown-linux-gnu,crypto-bigint,0.7.3,uint::add::tests::wrapping_add_with_carry,full,success,0.13265266900000003,,,,
x86_64-unknown-linux-gnu,crypto-bigint,0.7.3,uint::add_mod::tests::add_mod_nist_p256,full,success,0.13193238233333335,,,,
x86_64-unknown-linux-gnu,crypto-bigint,0.7.3,uint::add_mod::tests::add_mod_special,full,success,1.583209205,,,,
x86_64-unknown-linux-gnu,crypto-bigint,0.7.3,uint::add_mod::tests::double_mod_expected,full,success,0.12922385333333333,,,,
x86_64-unknown-linux-gnu,crypto-bigint,0.7.3,uint::bit_and::tests::checked_and_ok,full,success,0.13081408800000002,,,,
x86_64-unknown-linux-gnu,crypto-bigint,0.7.3,uint::bit_and::tests::overlapping_and_ok,full,success,0.13015493200000003,,,,
x86_64-unknown-linux-gnu,crypto-bigint,0.7.3,uint::bit_not::tests::bitnot_ok,full,success,0.12955083233333334,,,,
x86_64-unknown-linux-gnu,crypto-bigint,0.7.3,uint::bit_or::tests::checked_or_ok,full,success,0.13180681800000002,,,,
x86_64-unknown-linux-gnu,crypto-bigint,0.7.3,uint::bit_or::tests::overlapping_or_ok,full,success,0.12955110933333333,,,,
x86_64-unknown-linux-gnu,crypto-bigint,0.7.3,uint::bit_xor::tests::checked_xor_ok,full,success,0.12947767200000002,,,,
x86_64-unknown-linux-gnu,crypto-bigint,0.7.3,uint::bit_xor::tests::overlapping_xor_ok,full,success,0.13067884066666668,,,,
x86_64-unknown-linux-gnu,crypto-bigint,0.7.3,uint::bits::tests::bit,full,success,0.13083627466666667,,,,
x86_64-unknown-linux-gnu,crypto-bigint,0.7.3,uint::bits::tests::bit_vartime,full,success,0.13533526766666668,,,,
x86_64-unknown-linux-gnu,crypto-bigint,0.7.3,uint::bits::tests::leading_zeros,full,success,0.13261551000000002,,,,
x86_64-unknown-linux-gnu,crypto-bigint,0.7.3,uint::bits::tests::leading_zeros_vartime,full,success,0.13092714166666666,,,,
x86_64-unknown-linux-gnu,crypto-bigint,0.7.3,uint::bits::tests::set_bit,full,success,0.13489651900000002,,,,
x86_64-unknown-linux-gnu,crypto-bigint,0.7.3,uint::bits::tests::trailing_ones,full,success,0.1361715656666667,,,,
x86_64-unknown-linux-gnu,crypto-bigint,0.7.3,uint::bits::tests::trailing_ones_vartime,full,success,0.13050969933333334,,,,
x86_64-unknown-linux-gnu,crypto-bigint,0.7.3,uint::bits::tests::trailing_zeros,full,success,0.13427308699999999,,,,
x86_64-unknown-linux-gnu,crypto-bigint,0.7.3,uint::bits::tests::trailing_zeros_vartime,full,success,0.13226513666666667,,,,
x86_64-unknown-linux-gnu,crypto-bigint,0.7.3,uint::cmp::tests::cmp,full,success,0.13888389433333334,,,,
x86_64-unknown-linux-gnu,crypto-bigint,0.7.3,uint::cmp::tests::cmp_vartime,full,success,0.13280467399999998,,,,
x86_64-unknown-linux-gnu,crypto-bigint,0.7.3,uint::cmp::tests::conditional_swap,full,success,0.12953226633333334,,,,
x86_64-unknown-linux-gnu,crypto-bigint,0.7.3,uint::cmp::tests::is_odd,full,success,0.1309387816666667,,,,
x86_64-unknown-linux-gnu,crypto-bigint,0.7.3,uint::cmp::tests::is_zero,full,success,0.1310208926666667,,,,
x86_64-unknown-linux-gnu,crypto-bigint,0.7.3,uint::cmp::tests::lte,full,success,0.13120706066666668,,,,
x86_64-unknown-linux-gnu,crypto-bigint,0.7.3,uint::concat::tests::concat,full,success,0.13262663700000002,,,,
x86_64-unknown-linux-gnu,crypto-bigint,0.7.3,uint::concat::tests::concat_checked,full,success,0.13135584633333333,,,,
x86_64-unknown-linux-gnu,crypto-bigint,0.7.3,uint::concat::tests::concat_mixed,full,success,0.12977860766666668,,,,
x86_64-unknown-linux-gnu,crypto-bigint,0.7.3,uint::concat::tests::concat_resize_large,full,success,0.14106378600000002,,,,
x86_64-unknown-linux-gnu,crypto-bigint,0.7.3,uint::concat::tests::concat_resize_small,full,success,0.130501667,,,,
x86_64-unknown-linux-gnu,crypto-bigint,0.7.3,uint::concat::tests::convert,full,success,0.1321011596666667,,,,
x86_64-unknown-linux-gnu,crypto-bigint,0.7.3,uint::concat::tests::infer_sizes,full,success,0.12886059900000002,,,,
x86_64-unknown-linux-gnu,crypto-bigint,0.7.3,uint::ct::tests::ct_eq,full,success,0.143403045,,,,
x86_64-unknown-linux-gnu,crypto-bigint,0.7.3,uint::ct::tests::ct_gt,full,success,0.13875432633333337,,,,
x86_64-unknown-linux-gnu,crypto-bigint,0.7.3,uint::ct::tests::ct_lt,full,success,0.12879297666666667,,,,
x86_64-unknown-linux-gnu,crypto-bigint,0.7.3,uint::ct::tests::ct_select,full,success,0.12919308766666668,,,,
x86_64-unknown-linux-gnu,crypto-bigint,0.7.3,uint::div::tests::div,full,success,0.21317900933333336,,,,
x86_64-unknown-linux-gnu,crypto-bigint,0.7.3,uint::div::tests::div_assign_trait,full,success,0.13366928866666666,,,,
x86_64-unknown-linux-gnu,crypto-bigint,0.7.3,uint::div::tests::div_edge,full,success,0.13586235933333335,,,,
x86_64-unknown-linux-gnu,crypto-bigint,0.7.3,uint::div::tests::div_max,full,success,0.132390425,,,,
x86_64-unknown-linux-gnu,crypto-bigint,0.7.3,uint::div::tests::div_one,full,success,0.13033898,,,,
x86_64-unknown-linux-gnu,crypto-bigint,0.7.3,uint::div::tests::div_ref_zero,full,success,0.132093055,,,,
x86_64-unknown-linux-gnu,crypto-bigint,0.7.3,uint::div::tests::div_rem_larger_denominator,full,success,0.131904414,,,,
x86_64-unknown-linux-gnu,crypto-bigint,0.7.3,uint::div::tests::div_rem_larger_numerator,full,success,0.13856279900000001,,,,
x86_64-unknown-linux-gnu,crypto-bigint,0.7.3,uint::div::tests::div_trait,full,success,0.13039222033333334,,,,
x86_64-unknown-linux-gnu,crypto-bigint,0.7.3,uint::div::tests::div_vartime_through_traits,full,success,0.13068577700000003,,,,
x86_64-unknown-linux-gnu,crypto-bigint,0.7.3,uint::div::tests::div_word,full,success,0.14331234366666668,,,,
x86_64-unknown-linux-gnu,crypto-bigint,0.7.3,uint::div::tests::div_zero,full,success,0.14083016333333334,,,,
x86_64-unknown-linux-gnu,crypto-bigint,0.7.3,uint::div::tests::reduce_max,full,success,0.13048102933333333,,,,
x86_64-unknown-linux-gnu,crypto-bigint,0.7.3,uint::div::tests::reduce_one,full,success,0.13288147466666667,,,,
x86_64-unknown-linux-gnu,crypto-bigint,0.7.3,uint::div::tests::reduce_tests,full,success,0.13068422933333335,,,,
x86_64-unknown-linux-gnu,crypto-bigint,0.7.3,uint::div::tests::reduce_tests_wide_zero_padded,full,success,0.14263749533333334,,,,
x86_64-unknown-linux-gnu,crypto-bigint,0.7.3,uint::div::tests::rem2krand,full,success,0.16936632666666665,,,,
x86_64-unknown-linux-gnu,crypto-bigint,0.7.3,uint::div::tests::rem_assign_trait,full,success,0.12909925200000003,,,,
x86_64-unknown-linux-gnu,crypto-bigint,0.7.3,uint::div::tests::rem_mixed,full,success,0.13553983333333333,,,,
x86_64-unknown-linux-gnu,crypto-bigint,0.7.3,uint::div::tests::rem_mixed_even,full,success,0.133016485,,,,
x86_64-unknown-linux-gnu,crypto-bigint,0.7.3,uint::div::tests::rem_mixed_through_traits,full,success,0.13466118233333332,,,,
x86_64-unknown-linux-gnu,crypto-bigint,0.7.3,uint::div::tests::rem_ref_zero,full,success,0.134016349,,,,
x86_64-unknown-linux-gnu,crypto-bigint,0.7.3,uint::div::tests::rem_trait,full,success,0.13406956133333334,,,,
x86_64-unknown-linux-gnu,crypto-bigint,0.7.3,uint::div::tests::rem_wide_corner_case,full,success,0.13495916833333335,,,,
x86_64-unknown-linux-gnu,crypto-bigint,0.7.3,uint::div::tests::rem_zero,full,success,0.140187372,,,,
x86_64-unknown-linux-gnu,crypto-bigint,0.7.3,uint::div_limb::tests::div2by1_overflow,full,success,0.13971028966666668,,,,
x86_64-unknown-linux-gnu,crypto-bigint,0.7.3,uint::encoding::tests::encode_be_hex,full,success,0.13130727833333333,,,,
x86_64-unknown-linux-gnu,crypto-bigint,0.7.3,uint::encoding::tests::from_be_hex,full,success,0.133257508,,,,
x86_64-unknown-linux-gnu,crypto-bigint,0.7.3,uint::encoding::tests::from_be_slice,full,success,0.12739097166666669,,,,
x86_64-unknown-linux-gnu,crypto-bigint,0.7.3,uint::encoding::tests::from_le_hex,full,success,0.13053321833333334,,,,
x86_64-unknown-linux-gnu,crypto-bigint,0.7.3,uint::encoding::tests::from_le_slice,full,success,0.13197501933333336,,,,
x86_64-unknown-linux-gnu,crypto-bigint,0.7.3,uint::encoding::tests::from_str_radix_10,full,success,0.13252579466666667,,,,
x86_64-unknown-linux-gnu,crypto-bigint,0.7.3,uint::encoding::tests::from_str_radix_2,full,success,0.411651365,,,,
x86_64-unknown-linux-gnu,crypto-bigint,0.7.3,uint::encoding::tests::from_str_radix_5,full,success,0.16880704266666666,,,,
x86_64-unknown-linux-gnu,crypto-bigint,0.7.3,uint::encoding::tests::from_str_radix_disallowed,full,success,0.13463899933333331,,,,
x86_64-unknown-linux-gnu,crypto-bigint,0.7.3,uint::encoding::tests::infer_sizes,full,success,0.129151163,,,,
x86_64-unknown-linux-gnu,crypto-bigint,0.7.3,uint::from::tests::array_round_trip,full,success,0.1321291606666667,,,,
x86_64-unknown-linux-gnu,crypto-bigint,0.7.3,uint::from::tests::concat_mixed,full,success,0.13463661033333332,,,,
x86_64-unknown-linux-gnu,crypto-bigint,0.7.3,uint::from::tests::from_u128,full,success,0.130296369,,,,
x86_64-unknown-linux-gnu,crypto-bigint,0.7.3,uint::from::tests::from_u16,full,success,0.14005445966666666,,,,
x86_64-unknown-linux-gnu,crypto-bigint,0.7.3,uint::from::tests::from_u64,full,success,0.13267692266666667,,,,
x86_64-unknown-linux-gnu,crypto-bigint,0.7.3,uint::from::tests::from_u8,full,success,0.12997204233333334,,,,
x86_64-unknown-linux-gnu,crypto-bigint,0.7.3,uint::from::tests::split_mixed,full,success,0.1315326606666667,,,,
x86_64-unknown-linux-gnu,crypto-bigint,0.7.3,uint::invert_mod::tests::invert_mod2k,full,success,0.13612813166666668,,,,
x86_64-unknown-linux-gnu,crypto-bigint,0.7.3,uint::invert_mod::tests::invert_mod_precision,full,success,0.14889717666666666,,,,
x86_64-unknown-linux-gnu,crypto-bigint,0.7.3,uint::invert_mod::tests::test_invert_edge,full,success,0.24867404333333334,,,,
x86_64-unknown-linux-gnu,crypto-bigint,0.7.3,uint::invert_mod::tests::test_invert_even,full,success,0.3119356416666667,,,,
x86_64-unknown-linux-gnu,crypto-bigint,0.7.3,uint::invert_mod::tests::test_invert_odd,full,success,0.46020241900000003,,,,
x86_64-unknown-linux-gnu,crypto-bigint,0.7.3,uint::invert_mod::tests::test_invert_odd_no_inverse,full,success,0.158191262,,,,
x86_64-unknown-linux-gnu,crypto-bigint,0.7.3,uint::invert_mod::tests::test_invert_small,full,success,0.14281577099999998,,,,
x86_64-unknown-linux-gnu,crypto-bigint,0.7.3,uint::invert_mod::tests::test_no_inverse_small,full,success,0.13730093866666668,,,,
x86_64-unknown-linux-gnu,crypto-bigint,0.7.3,uint::lcm::tests::lcm::lcm_sizes,full,success,0.608582845,,,,
x86_64-unknown-linux-gnu,crypto-bigint,0.7.3,uint::mod_symbol::tests::jacobi_non_coprime,full,success,0.3780702746666667,,,,
x86_64-unknown-linux-gnu,crypto-bigint,0.7.3,uint::mod_symbol::tests::jacobi_non_quad_residue,full,success,0.37504706466666676,,,,
x86_64-unknown-linux-gnu,crypto-bigint,0.7.3,uint::mod_symbol::tests::jacobi_one,full,success,0.3770444286666667,,,,
x86_64-unknown-linux-gnu,crypto-bigint,0.7.3,uint::mod_symbol::tests::jacobi_quad_residue,full,success,0.38547902400000006,,,,
x86_64-unknown-linux-gnu,crypto-bigint,0.7.3,uint::mod_symbol::tests::jacobi_zero,full,success,0.37567909233333335,,,,
x86_64-unknown-linux-gnu,crypto-bigint,0.7.3,uint::mul::karatsuba::tests::wrapping_mul_sizes,full,success,0.8760462103333334,,,,
x86_64-unknown-linux-gnu,crypto-bigint,0.7.3,uint::mul::karatsuba::tests::wrapping_square_sizes,full,success,0.701446935,,,,
x86_64-unknown-linux-gnu,crypto-bigint,0.7.3,uint::mul::tests::checked_mul_ok,full,success,0.13159811966666668,,,,
x86_64-unknown-linux-gnu,crypto-bigint,0.7.3,uint::mul::tests::checked_mul_overflow,full,success,0.12806649066666667,,,,
x86_64-unknown-linux-gnu,crypto-bigint,0.7.3,uint::mul::tests::checked_mul_sizes,full,success,4.914797105333333,,,,
x86_64-unknown-linux-gnu,crypto-bigint,0.7.3,uint::mul::tests::checked_square,full,success,0.13547809600000002,,,,
x86_64-unknown-linux-gnu,crypto-bigint,0.7.3,uint::mul::tests::checked_square_sizes,full,success,0.2421952766666667,,,,
x86_64-unknown-linux-gnu,crypto-bigint,0.7.3,uint::mul::tests::concatenating_square,full,success,0.14146945,,,,
x86_64-unknown-linux-gnu,crypto-bigint,0.7.3,uint::mul::tests::concatenating_square_larger,full,success,0.13173398633333333,,,,
x86_64-unknown-linux-gnu,crypto-bigint,0.7.3,uint::mul::tests::mul_cmp,full,success,1.2584067683333335,,,,
x86_64-unknown-linux-gnu,crypto-bigint,0.7.3,uint::mul::tests::mul_concat_even,full,success,0.134344909,,,,
x86_64-unknown-linux-gnu,crypto-bigint,0.7.3,uint::mul::tests::mul_concat_mixed,full,success,0.13903835033333334,,,,
x86_64-unknown-linux-gnu,crypto-bigint,0.7.3,uint::mul::tests::overflowing_mul_limb,full,success,0.12793500100000002,,,,
x86_64-unknown-linux-gnu,crypto-bigint,0.7.3,uint::mul::tests::saturating_mul_no_overflow,full,success,0.12922493266666668,,,,
x86_64-unknown-linux-gnu,crypto-bigint,0.7.3,uint::mul::tests::saturating_mul_overflow,full,success,0.133604464,,,,
x86_64-unknown-linux-gnu,crypto-bigint,0.7.3,uint::mul::tests::saturating_square,full,success,0.13258501266666667,,,,
x86_64-unknown-linux-gnu,crypto-bigint,0.7.3,uint::mul::tests::widening_mul_lo_only,full,success,0.14906839600000002,,,,
x86_64-unknown-linux-gnu,crypto-bigint,0.7.3,uint::mul::tests::widening_mul_zero_and_one,full,success,0.13331025700000002,,,,
x86_64-unknown-linux-gnu,crypto-bigint,0.7.3,uint::mul::tests::wrapping_mul_even,full,success,0.13181458666666668,,,,
x86_64-unknown-linux-gnu,crypto-bigint,0.7.3,uint::mul::tests::wrapping_mul_mixed,full,success,0.13323766833333336,,,,
x86_64-unknown-linux-gnu,crypto-bigint,0.7.3,uint::mul::tests::wrapping_square,full,success,0.13362207333333334,,,,
x86_64-unknown-linux-gnu,crypto-bigint,0.7.3,uint::mul_mod::tests::mul_mod_special,full,success,0.2891290226666667,,,,
x86_64-unknown-linux-gnu,crypto-bigint,0.7.3,uint::mul_signed::tests::checked_mul_signed,full,success,0.13077509799999998,,,,
x86_64-unknown-linux-gnu,crypto-bigint,0.7.3,uint::mul_signed::tests::concatenating_mul_signed,full,success,0.13037800866666668,,,,
x86_64-unknown-linux-gnu,crypto-bigint,0.7.3,uint::mul_signed::tests::widening_mul_signed,full,success,0.13158911966666667,,,,
x86_64-unknown-linux-gnu,crypto-bigint,0.7.3,uint::neg::tests::carrying_neg,full,success,0.13552004666666667,,,,
x86_64-unknown-linux-gnu,crypto-bigint,0.7.3,uint::neg::tests::wrapping_neg,full,success,0.12657610066666666,,,,
x86_64-unknown-linux-gnu,crypto-bigint,0.7.3,uint::neg::tests::wrapping_neg_if,full,success,0.134128516,,,,
x86_64-unknown-linux-gnu,crypto-bigint,0.7.3,uint::neg_mod::tests::neg_mod_random,full,success,0.13243418133333332,,,,
x86_64-unknown-linux-gnu,crypto-bigint,0.7.3,uint::neg_mod::tests::neg_mod_zero,full,success,0.13356979033333335,,,,
x86_64-unknown-linux-gnu,crypto-bigint,0.7.3,uint::pow::tests::checked_pow_expected,full,success,0.7174991323333334,,,,
x86_64-unknown-linux-gnu,crypto-bigint,0.7.3,uint::pow::tests::saturating_pow_expected,full,success,0.45344003566666674,,,,
x86_64-unknown-linux-gnu,crypto-bigint,0.7.3,uint::pow::tests::wrapping_pow_expected,full,success,0.6881275936666666,,,,
x86_64-unknown-linux-gnu,crypto-bigint,0.7.3,uint::rand::tests::random_bits,full,success,0.205160598,,,,
x86_64-unknown-linux-gnu,crypto-bigint,0.7.3,uint::rand::tests::random_bits_4_bytes_sequential,full,success,0.20033026166666668,,,,
x86_64-unknown-linux-gnu,crypto-bigint,0.7.3,uint::rand::tests::random_bits_platform_independence,full,success,0.14336469333333335,,,,
x86_64-unknown-linux-gnu,crypto-bigint,0.7.3,uint::rand::tests::random_mod_vartime,full,success,0.14051322200000002,,,,
x86_64-unknown-linux-gnu,crypto-bigint,0.7.3,uint::rand::tests::random_mod_vartime_platform_independence,full,success,0.142154688,,,,
x86_64-unknown-linux-gnu,crypto-bigint,0.7.3,uint::rand::tests::random_platform_independence,full,success,0.13479317400000002,,,,
x86_64-unknown-linux-gnu,crypto-bigint,0.7.3,uint::ref_type::cmp::tests::cmp,full,success,0.140548588,,,,
x86_64-unknown-linux-gnu,crypto-bigint,0.7.3,uint::ref_type::cmp::tests::lt,full,success,0.125660825,,,,
x86_64-unknown-linux-gnu,crypto-bigint,0.7.3,uint::ref_type::ct::tests::ct_eq,full,success,0.13001482466666667,,,,
x86_64-unknown-linux-gnu,crypto-bigint,0.7.3,uint::ref_type::ct::tests::ct_lt,full,success,0.1283506626666667,,,,
x86_64-unknown-linux-gnu,crypto-bigint,0.7.3,uint::ref_type::invert_mod::tests::invert_mod_u64,full,success,0.1301499866666667,,,,
x86_64-unknown-linux-gnu,crypto-bigint,0.7.3,uint::ref_type::shl::tests::compare_shl_assign,full,success,0.19851505366666666,,,,
x86_64-unknown-linux-gnu,crypto-bigint,0.7.3,uint::ref_type::shl::tests::shl1_assign,full,success,0.13453596,,,,
x86_64-unknown-linux-gnu,crypto-bigint,0.7.3,uint::ref_type::shl::tests::shl256,full,success,0.1316121676666667,,,,
x86_64-unknown-linux-gnu,crypto-bigint,0.7.3,uint::ref_type::shl::tests::shl_assign_limb,full,success,0.131097928,,,,
x86_64-unknown-linux-gnu,crypto-bigint,0.7.3,uint::ref_type::shl::tests::unbounded_shl_by_limbs_vartime,full,success,0.13296250066666668,,,,
x86_64-unknown-linux-gnu,crypto-bigint,0.7.3,uint::ref_type::shr::tests::compare_shr_assign,full,success,0.20802764866666668,,,,
x86_64-unknown-linux-gnu,crypto-bigint,0.7.3,uint::ref_type::shr::tests::shr1_assign,full,success,0.13085516,,,,
x86_64-unknown-linux-gnu,crypto-bigint,0.7.3,uint::ref_type::shr::tests::shr256,full,success,0.1345745386666667,,,,
x86_64-unknown-linux-gnu,crypto-bigint,0.7.3,uint::ref_type::shr::tests::shr_assign_limb,full,success,0.13094612666666666,,,,
x86_64-unknown-linux-gnu,crypto-bigint,0.7.3,uint::ref_type::shr::tests::unbounded_shr_by_limbs_vartime,full,success,0.131289336,,,,
x86_64-unknown-linux-gnu,crypto-bigint,0.7.3,uint::resize::tests::resize_larger,full,success,0.12991298000000004,,,,
x86_64-unknown-linux-gnu,crypto-bigint,0.7.3,uint::resize::tests::resize_smaller,full,success,0.1307436306666667,,,,
x86_64-unknown-linux-gnu,crypto-bigint,0.7.3,uint::root::tests::floor_root_vartime_expected,full,success,0.13886354766666667,,,,
x86_64-unknown-linux-gnu,crypto-bigint,0.7.3,uint::root::tests::fuzz,full,success,2.170373304,,,,
x86_64-unknown-linux-gnu,crypto-bigint,0.7.3,uint::shl::tests::overflowing_shl,full,success,0.13696702133333336,,,,
x86_64-unknown-linux-gnu,crypto-bigint,0.7.3,uint::shl::tests::shl1,full,success,0.13154173233333333,,,,
x86_64-unknown-linux-gnu,crypto-bigint,0.7.3,uint::shl::tests::shl2,full,success,0.131050563,,,,
x86_64-unknown-linux-gnu,crypto-bigint,0.7.3,uint::shl::tests::shl64,full,success,0.13007716466666666,,,,
x86_64-unknown-linux-gnu,crypto-bigint,0.7.3,uint::shl::tests::shl65,full,success,0.1362933576666667,,,,
x86_64-unknown-linux-gnu,crypto-bigint,0.7.3,uint::shl::tests::shl88,full,success,0.13414560333333334,,,,
x86_64-unknown-linux-gnu,crypto-bigint,0.7.3,uint::shl::tests::shl_bounds,full,success,0.13224342633333333,,,,
x86_64-unknown-linux-gnu,crypto-bigint,0.7.3,uint::shl::tests::shl_bounds_panic,full,success,0.13403481633333333,,,,
x86_64-unknown-linux-gnu,crypto-bigint,0.7.3,uint::shl::tests::shl_by_limbs,full,success,0.1297090386666667,,,,
x86_64-unknown-linux-gnu,crypto-bigint,0.7.3,uint::shl::tests::shl_limb,full,success,0.13176876766666668,,,,
x86_64-unknown-linux-gnu,crypto-bigint,0.7.3,uint::shl::tests::shl_simple,full,success,0.14503902533333332,,,,
x86_64-unknown-linux-gnu,crypto-bigint,0.7.3,uint::shl::tests::shl_wide_1_1_128,full,success,0.13061848433333334,,,,
x86_64-unknown-linux-gnu,crypto-bigint,0.7.3,uint::shl::tests::shl_wide_max_0_1,full,success,0.13200032833333333,,,,
x86_64-unknown-linux-gnu,crypto-bigint,0.7.3,uint::shl::tests::shl_wide_max_max_256,full,success,0.12858506166666667,,,,
x86_64-unknown-linux-gnu,crypto-bigint,0.7.3,uint::shl::tests::unbounded_shl,full,success,0.13158039833333335,,,,
x86_64-unknown-linux-gnu,crypto-bigint,0.7.3,uint::shl::tests::wrapping_shl,full,success,0.136303961,,,,
x86_64-unknown-linux-gnu,crypto-bigint,0.7.3,uint::shr::tests::overflowing_shr,full,success,0.133164554,,,,
x86_64-unknown-linux-gnu,crypto-bigint,0.7.3,uint::shr::tests::shr1,full,success,0.131850214,,,,
x86_64-unknown-linux-gnu,crypto-bigint,0.7.3,uint::shr::tests::shr_bounds,full,success,0.13278194133333335,,,,
x86_64-unknown-linux-gnu,crypto-bigint,0.7.3,uint::shr::tests::shr_bounds_panic,full,success,0.13585288033333334,,,,
x86_64-unknown-linux-gnu,crypto-bigint,0.7.3,uint::shr::tests::shr_by_limbs,full,success,0.13194379566666667,,,,
x86_64-unknown-linux-gnu,crypto-bigint,0.7.3,uint::shr::tests::shr_limb_with_carry,full,success,0.13176763300000002,,,,
x86_64-unknown-linux-gnu,crypto-bigint,0.7.3,uint::shr::tests::shr_limb_with_carry_shift_too_large,full,success,0.134299162,,,,
x86_64-unknown-linux-gnu,crypto-bigint,0.7.3,uint::shr::tests::shr_wide_0_max_1,full,success,0.13270898466666667,,,,
x86_64-unknown-linux-gnu,crypto-bigint,0.7.3,uint::shr::tests::shr_wide_1_1_128,full,success,0.13611071966666666,,,,
x86_64-unknown-linux-gnu,crypto-bigint,0.7.3,uint::shr::tests::shr_wide_max_max_256,full,success,0.13007645,,,,
x86_64-unknown-linux-gnu,crypto-bigint,0.7.3,uint::shr::tests::unbounded_shr,full,success,0.15190549333333334,,,,
x86_64-unknown-linux-gnu,crypto-bigint,0.7.3,uint::shr::tests::wrapping_shr,full,success,0.13583888966666668,,,,
x86_64-unknown-linux-gnu,crypto-bigint,0.7.3,uint::split::tests::infer_sizes,full,success,0.13118042866666668,,,,
x86_64-unknown-linux-gnu,crypto-bigint,0.7.3,uint::split::tests::split,full,success,0.129305456,,,,
x86_64-unknown-linux-gnu,crypto-bigint,0.7.3,uint::split::tests::split_checked,full,success,0.13626117366666668,,,,
x86_64-unknown-linux-gnu,crypto-bigint,0.7.3,uint::split::tests::split_resize_large,full,success,0.134650584,,,,
x86_64-unknown-linux-gnu,crypto-bigint,0.7.3,uint::split::tests::split_resize_small,full,success,0.135060984,,,,
x86_64-unknown-linux-gnu,crypto-bigint,0.7.3,uint::sqrt::tests::edge,full,success,0.15992171633333332,,,,
x86_64-unknown-linux-gnu,crypto-bigint,0.7.3,uint::sqrt::tests::edge_vartime,full,success,0.13115177233333333,,,,
x86_64-unknown-linux-gnu,crypto-bigint,0.7.3,uint::sqrt::tests::fuzz,full,success,1.84668079,,,,
x86_64-unknown-linux-gnu,crypto-bigint,0.7.3,uint::sqrt::tests::nonsquares,full,success,0.17315311133333333,,,,
x86_64-unknown-linux-gnu,crypto-bigint,0.7.3,uint::sqrt::tests::nonsquares_vartime,full,success,0.133911353,,,,
x86_64-unknown-linux-gnu,crypto-bigint,0.7.3,uint::sqrt::tests::simple,full,success,0.240474996,,,,
x86_64-unknown-linux-gnu,crypto-bigint,0.7.3,uint::sub::tests::borrowing_sub_no_borrow,full,success,0.13336615100000002,,,,
x86_64-unknown-linux-gnu,crypto-bigint,0.7.3,uint::sub::tests::borrowing_sub_with_borrow,full,success,0.13595182900000002,,,,
x86_64-unknown-linux-gnu,crypto-bigint,0.7.3,uint::sub::tests::checked_sub_ok,full,success,0.13280226633333334,,,,
x86_64-unknown-linux-gnu,crypto-bigint,0.7.3,uint::sub::tests::checked_sub_overflow,full,success,0.12956396800000003,,,,
x86_64-unknown-linux-gnu,crypto-bigint,0.7.3,uint::sub::tests::conditional_borrowing_sub_borrow,full,success,0.138928024,,,,
x86_64-unknown-linux-gnu,crypto-bigint,0.7.3,uint::sub::tests::conditional_borrowing_sub_no_borrow,full,success,0.13636489266666665,,,,
x86_64-unknown-linux-gnu,crypto-bigint,0.7.3,uint::sub::tests::conditional_borrowing_sub_no_sub,full,success,0.13144473233333334,,,,
x86_64-unknown-linux-gnu,crypto-bigint,0.7.3,uint::sub::tests::saturating_sub_no_borrow,full,success,0.12926564299999999,,,,
x86_64-unknown-linux-gnu,crypto-bigint,0.7.3,uint::sub::tests::saturating_sub_with_borrow,full,success,0.12918002266666664,,,,
x86_64-unknown-linux-gnu,crypto-bigint,0.7.3,uint::sub::tests::wrapping_sub_no_borrow,full,success,0.131544299,,,,
x86_64-unknown-linux-gnu,crypto-bigint,0.7.3,uint::sub::tests::wrapping_sub_with_borrow,full,success,0.12981689266666666,,,,
x86_64-unknown-linux-gnu,crypto-bigint,0.7.3,uint::sub_mod::tests::sub_mod,full,success,2.2279437446666663,,,,
x86_64-unknown-linux-gnu,crypto-bigint,0.7.3,uint::sub_mod::tests::sub_mod_nist_p256,full,success,0.13117774033333335,,,,
x86_64-unknown-linux-gnu,crypto-bigint,0.7.3,uint::sub_mod::tests::sub_mod_special,full,success,1.579552563,,,,
x86_64-unknown-linux-gnu,crypto-bigint,0.7.3,uint::tests::as_int,full,success,0.135465086,,,,
x86_64-unknown-linux-gnu,crypto-bigint,0.7.3,uint::tests::as_words,full,success,0.13372235166666668,,,,
x86_64-unknown-linux-gnu,crypto-bigint,0.7.3,uint::tests::as_words_mut,full,success,0.127934299,,,,
x86_64-unknown-linux-gnu,crypto-bigint,0.7.3,uint::tests::from_bytes,full,success,0.137824932,,,,
x86_64-unknown-linux-gnu,crypto-bigint,0.7.3,uint::tests::test_unsigned,full,success,0.23132692200000002,,,,
x86_64-unknown-linux-gnu,crypto-bigint,0.7.3,uint::tests::test_unsigned_monty_form,full,success,0.198607791,,,,
x86_64-unknown-linux-gnu,crypto-bigint,0.7.3,uint::tests::to_int,full,success,0.13017147766666667,,,,
x86_64-unknown-linux-gnu,crypto-bigint,0.7.3,word::tests::choice_from_gt,full,success,0.13065334000000003,,,,
x86_64-unknown-linux-gnu,crypto-bigint,0.7.3,word::tests::choice_from_lt,full,success,0.12961828700000003,,,,
x86_64-unknown-linux-gnu,crypto-bigint,0.7.3,word::tests::choice_from_wide_le,full,success,0.13578415633333332,,,,
x86_64-unknown-linux-gnu,crypto-bigint,0.7.3,word::tests::select,full,success,0.13014375666666667,,,,
x86_64-unknown-linux-gnu,crypto-bigint,0.7.3,word::tests::select_wide,full,success,0.13266350366666668,,,,
x86_64-unknown-linux-gnu,crypto-bigint,0.7.3,wrapping::tests::wrapping_add,full,success,0.13246027400000002,,,,
x86_64-unknown-linux-gnu,crypto-bigint,0.7.3,wrapping::tests::wrapping_bitand,full,success,0.13179355166666665,,,,
x86_64-unknown-linux-gnu,crypto-bigint,0.7.3,wrapping::tests::wrapping_bitnot,full,success,0.13050081300000002,,,,
x86_64-unknown-linux-gnu,crypto-bigint,0.7.3,wrapping::tests::wrapping_bitor,full,success,0.13392368400000002,,,,
x86_64-unknown-linux-gnu,crypto-bigint,0.7.3,wrapping::tests::wrapping_bitxor,full,success,0.13289767900000002,,,,
x86_64-unknown-linux-gnu,crypto-bigint,0.7.3,wrapping::tests::wrapping_eq_select,full,success,0.134805722,,,,
x86_64-unknown-linux-gnu,crypto-bigint,0.7.3,wrapping::tests::wrapping_mul,full,success,0.13705991966666667,,,,
x86_64-unknown-linux-gnu,crypto-bigint,0.7.3,wrapping::tests::wrapping_neg,full,success,0.13257915933333334,,,,
x86_64-unknown-linux-gnu,crypto-bigint,0.7.3,wrapping::tests::wrapping_new,full,success,0.13085532033333333,,,,
x86_64-unknown-linux-gnu,crypto-bigint,0.7.3,wrapping::tests::wrapping_shift,full,success,0.13247380633333333,,,,
x86_64-unknown-linux-gnu,crypto-bigint,0.7.3,wrapping::tests::wrapping_sub,full,success,0.13625968933333332,,,,
x86_64-unknown-linux-gnu,csv,1.4.0,byte_record::tests::empty_field_1,full,success,0.13127735366666668,,,,
x86_64-unknown-linux-gnu,csv,1.4.0,byte_record::tests::empty_field_2,full,success,0.1301980226666667,,,,
x86_64-unknown-linux-gnu,csv,1.4.0,byte_record::tests::empty_record,full,success,0.12673009366666665,,,,
x86_64-unknown-linux-gnu,csv,1.4.0,byte_record::tests::empty_surround_1,full,success,0.13139286066666667,,,,
x86_64-unknown-linux-gnu,csv,1.4.0,byte_record::tests::empty_surround_2,full,success,0.13478065433333333,,,,
x86_64-unknown-linux-gnu,csv,1.4.0,byte_record::tests::eq_field_boundaries,full,success,0.13578866566666667,,,,
x86_64-unknown-linux-gnu,csv,1.4.0,byte_record::tests::eq_record_len,full,success,0.13167575900000003,,,,
x86_64-unknown-linux-gnu,csv,1.4.0,byte_record::tests::iter,full,success,0.13319259166666667,,,,
x86_64-unknown-linux-gnu,csv,1.4.0,byte_record::tests::iter_forward_and_reverse,full,success,0.137317248,,,,
x86_64-unknown-linux-gnu,csv,1.4.0,byte_record::tests::iter_reverse,full,success,0.13620840833333334,,,,
x86_64-unknown-linux-gnu,csv,1.4.0,byte_record::tests::record_1,full,success,0.13761789800000002,,,,
x86_64-unknown-linux-gnu,csv,1.4.0,byte_record::tests::record_2,full,success,0.13189721933333334,,,,
x86_64-unknown-linux-gnu,csv,1.4.0,byte_record::tests::trim_back,full,success,0.136255502,,,,
x86_64-unknown-linux-gnu,csv,1.4.0,byte_record::tests::trim_both,full,success,0.135039367,,,,
x86_64-unknown-linux-gnu,csv,1.4.0,byte_record::tests::trim_does_not_panic_on_empty_records_1,full,success,0.13248320533333335,,,,
x86_64-unknown-linux-gnu,csv,1.4.0,byte_record::tests::trim_does_not_panic_on_empty_records_2,full,success,0.13314078333333335,,,,
x86_64-unknown-linux-gnu,csv,1.4.0,byte_record::tests::trim_does_not_panic_on_empty_records_3,full,success,0.12868060833333334,,,,
x86_64-unknown-linux-gnu,csv,1.4.0,byte_record::tests::trim_front,full,success,0.135197474,,,,
x86_64-unknown-linux-gnu,csv,1.4.0,byte_record::tests::trim_whitespace_only,full,success,0.13290142000000002,,,,
x86_64-unknown-linux-gnu,csv,1.4.0,byte_record::tests::utf8_clear_ok,full,success,0.13481133266666667,,,,
x86_64-unknown-linux-gnu,csv,1.4.0,byte_record::tests::utf8_error_1,full,success,0.134958022,,,,
x86_64-unknown-linux-gnu,csv,1.4.0,byte_record::tests::utf8_error_2,full,success,0.13856338333333337,,,,
x86_64-unknown-linux-gnu,csv,1.4.0,byte_record::tests::utf8_error_3,full,success,0.1341214086666667,,,,
x86_64-unknown-linux-gnu,csv,1.4.0,byte_record::tests::utf8_error_4,full,success,0.13481413533333333,,,,
x86_64-unknown-linux-gnu,csv,1.4.0,byte_record::tests::utf8_error_5,full,success,0.13391029033333335,,,,
x86_64-unknown-linux-gnu,csv,1.4.0,byte_record::tests::utf8_error_6,full,success,0.13292766833333336,,,,
x86_64-unknown-linux-gnu,csv,1.4.0,deserializer::tests::adjacent_fixed_arrays,full,success,0.13757277333333334,,,,
x86_64-unknown-linux-gnu,csv,1.4.0,deserializer::tests::bad_hex_seq,full,success,0.13171008166666667,,,,
x86_64-unknown-linux-gnu,csv,1.4.0,deserializer::tests::borrowed,full,success,0.135387071,,,,
x86_64-unknown-linux-gnu,csv,1.4.0,deserializer::tests::borrowed_map,full,success,0.14397467,,,,
x86_64-unknown-linux-gnu,csv,1.4.0,deserializer::tests::borrowed_map_bytes,full,success,0.139477753,,,,
x86_64-unknown-linux-gnu,csv,1.4.0,deserializer::tests::bytes,full,success,0.14246655433333333,,,,
x86_64-unknown-linux-gnu,csv,1.4.0,deserializer::tests::enum_label_simple_tagged,full,test_failed,,error: Undefined Behavior: deallocation through <83424>(unprotected) (root of the allocation) at alloc11096[0x3] is forbidden,src/deserializer.rs:804:5,https://github.com/BorrowSanitizer/bsan/actions/runs/37150704742/job/111284727546,"error: Undefined Behavior: deallocation through <83424>(unprotected) (root of the allocation) at alloc11096[0x3] is forbidden
   --> /tmp/tmpkh0c4atl/csv-1.4.0/src/deserializer.rs:804:5
    |
804 | }
    | ^
    = note: the above line calls library code, where the error was detected:
   --> /root/.rustup/toolchains/bsan/lib/rustlib/src/rust/library/std/src/sys/alloc/unix.rs:65:14
    |
 65 | unsafe { libc::free(ptr as *mut libc::c_void) }
    |          ^
    = help: the accessed tag <83424>(unprotected) (root of the allocation) is foreign to the protected tag <85166>(StrongProtector) (i.e., it is not a child)
    = help: this deallocation (acting as a foreign write access) would cause the protected tag <85166>(StrongProtector) (currently Frozen) to become Disabled
    = help: protected tags must never be Disabled
help: the accessed tag <83424>(unprotected) was created here
   --> /root/.rustup/toolchains/bsan/lib/rustlib/src/rust/library/std/src/sys/alloc/unix.rs:31:18
    |
 31 | unsafe { libc::malloc(layout.size()) as *mut u8 }
    |          ^
help: the protected tag <85166>(StrongProtector) was created here, in the initial state Frozen
   --> /root/.rustup/toolchains/bsan/lib/rustlib/src/rust/library/core/src/num/imp/dec2flt/parse.rs:0:0

stack backtrace:
0: std::sys::alloc::unix::dealloc
      at /root/.rustup/toolchains/bsan/lib/rustlib/src/rust/library/std/src/sys/alloc/unix.rs:65:14
1: __rustc::__rdl_dealloc
      at /root/.rustup/toolchains/bsan/lib/rustlib/src/rust/library/std/src/alloc.rs:480:6
2: alloc::alloc::dealloc_nonnull
      at /root/.rustup/toolchains/bsan/lib/rustlib/src/rust/library/alloc/src/alloc.rs:197:14

note: stack trace was truncated after 3 frames; set stacktrace_max_len (e.g. BSAN_OPTIONS=stacktrace_max_len=32) to capture more."
x86_64-unknown-linux-gnu,csv,1.4.0,deserializer::tests::enum_untagged,full,success,0.138947189,,,,
x86_64-unknown-linux-gnu,csv,1.4.0,deserializer::tests::flatten,full,success,0.14054070800000004,,,,
x86_64-unknown-linux-gnu,csv,1.4.0,deserializer::tests::map_headers,full,success,0.14592413733333334,,,,
x86_64-unknown-linux-gnu,csv,1.4.0,deserializer::tests::map_no_headers,full,success,0.131027691,,,,
x86_64-unknown-linux-gnu,csv,1.4.0,deserializer::tests::mixed_hex_seq,full,success,0.14350612533333335,,,,
x86_64-unknown-linux-gnu,csv,1.4.0,deserializer::tests::no_chars,full,success,0.13274040866666667,,,,
x86_64-unknown-linux-gnu,csv,1.4.0,deserializer::tests::no_fields,full,success,0.13375418100000003,,,,
x86_64-unknown-linux-gnu,csv,1.4.0,deserializer::tests::one_char,full,success,0.13110091100000001,,,,
x86_64-unknown-linux-gnu,csv,1.4.0,deserializer::tests::one_field,full,success,0.13595087633333333,,,,
x86_64-unknown-linux-gnu,csv,1.4.0,deserializer::tests::one_field_128,full,success,0.13362537666666666,,,,
x86_64-unknown-linux-gnu,csv,1.4.0,deserializer::tests::option_empty_field,full,success,0.13694677433333335,,,,
x86_64-unknown-linux-gnu,csv,1.4.0,deserializer::tests::option_invalid_field,full,success,0.13738024000000001,,,,
x86_64-unknown-linux-gnu,csv,1.4.0,deserializer::tests::partially_invalid_utf8,full,success,0.137061405,,,,
x86_64-unknown-linux-gnu,csv,1.4.0,deserializer::tests::seq_in_struct,full,success,0.13834710566666666,,,,
x86_64-unknown-linux-gnu,csv,1.4.0,deserializer::tests::seq_in_struct_tail,full,success,0.13783269866666667,,,,
x86_64-unknown-linux-gnu,csv,1.4.0,deserializer::tests::simple_hex_seq,full,success,0.13214342166666668,,,,
x86_64-unknown-linux-gnu,csv,1.4.0,deserializer::tests::simple_seq,full,success,0.13439804133333336,,,,
x86_64-unknown-linux-gnu,csv,1.4.0,deserializer::tests::too_many_chars,full,success,0.13105877300000002,,,,
x86_64-unknown-linux-gnu,csv,1.4.0,deserializer::tests::two_fields,full,success,0.144278064,,,,
x86_64-unknown-linux-gnu,csv,1.4.0,deserializer::tests::two_fields_too_few,full,success,0.14068877866666668,,,,
x86_64-unknown-linux-gnu,csv,1.4.0,deserializer::tests::two_fields_too_many,full,success,0.13852000233333334,,,,
x86_64-unknown-linux-gnu,csv,1.4.0,deserializer::tests::with_header,full,test_failed,,error: Undefined Behavior: deallocation through <83565>(unprotected) (root of the allocation) at alloc11104[0x4] is forbidden,src/deserializer.rs:804:5,https://github.com/BorrowSanitizer/bsan/actions/runs/37150704742/job/111284727546,"error: Undefined Behavior: deallocation through <83565>(unprotected) (root of the allocation) at alloc11104[0x4] is forbidden
   --> /tmp/tmpkh0c4atl/csv-1.4.0/src/deserializer.rs:804:5
    |
804 | }
    | ^
    = note: the above line calls library code, where the error was detected:
   --> /root/.rustup/toolchains/bsan/lib/rustlib/src/rust/library/std/src/sys/alloc/unix.rs:65:14
    |
 65 | unsafe { libc::free(ptr as *mut libc::c_void) }
    |          ^
    = help: the accessed tag <83565>(unprotected) (root of the allocation) is foreign to the protected tag <86093>(StrongProtector) (i.e., it is not a child)
    = help: this deallocation (acting as a foreign write access) would cause the protected tag <86093>(StrongProtector) (currently Frozen) to become Disabled
    = help: protected tags must never be Disabled
help: the accessed tag <83565>(unprotected) was created here
   --> /root/.rustup/toolchains/bsan/lib/rustlib/src/rust/library/std/src/sys/alloc/unix.rs:31:18
    |
 31 | unsafe { libc::malloc(layout.size()) as *mut u8 }
    |          ^
help: the protected tag <86093>(StrongProtector) was created here, in the initial state Frozen
   --> /root/.rustup/toolchains/bsan/lib/rustlib/src/rust/library/core/src/num/imp/dec2flt/parse.rs:0:0

stack backtrace:
0: std::sys::alloc::unix::dealloc
      at /root/.rustup/toolchains/bsan/lib/rustlib/src/rust/library/std/src/sys/alloc/unix.rs:65:14
1: __rustc::__rdl_dealloc
      at /root/.rustup/toolchains/bsan/lib/rustlib/src/rust/library/std/src/alloc.rs:480:6
2: alloc::alloc::dealloc_nonnull
      at /root/.rustup/toolchains/bsan/lib/rustlib/src/rust/library/alloc/src/alloc.rs:197:14

note: stack trace was truncated after 3 frames; set stacktrace_max_len (e.g. BSAN_OPTIONS=stacktrace_max_len=32) to capture more."
x86_64-unknown-linux-gnu,csv,1.4.0,deserializer::tests::with_header_empty,full,success,0.13752339800000002,,,,
x86_64-unknown-linux-gnu,csv,1.4.0,deserializer::tests::with_header_empty_ok,full,success,0.13913344233333336,,,,
x86_64-unknown-linux-gnu,csv,1.4.0,deserializer::tests::with_header_missing,full,test_failed,,error: Undefined Behavior: deallocation through <83336>(unprotected) (root of the allocation) at alloc11091[0x2] is forbidden,src/deserializer.rs:804:5,https://github.com/BorrowSanitizer/bsan/actions/runs/37150704742/job/111284727546,"error: Undefined Behavior: deallocation through <83336>(unprotected) (root of the allocation) at alloc11091[0x2] is forbidden
   --> /tmp/tmpkh0c4atl/csv-1.4.0/src/deserializer.rs:804:5
    |
804 | }
    | ^
    = note: the above line calls library code, where the error was detected:
   --> /root/.rustup/toolchains/bsan/lib/rustlib/src/rust/library/std/src/sys/alloc/unix.rs:65:14
    |
 65 | unsafe { libc::free(ptr as *mut libc::c_void) }
    |          ^
    = help: the accessed tag <83336>(unprotected) (root of the allocation) is foreign to the protected tag <85178>(StrongProtector) (i.e., it is not a child)
    = help: this deallocation (acting as a foreign write access) would cause the protected tag <85178>(StrongProtector) (currently Frozen) to become Disabled
    = help: protected tags must never be Disabled
help: the accessed tag <83336>(unprotected) was created here
   --> /root/.rustup/toolchains/bsan/lib/rustlib/src/rust/library/std/src/sys/alloc/unix.rs:31:18
    |
 31 | unsafe { libc::malloc(layout.size()) as *mut u8 }
    |          ^
help: the protected tag <85178>(StrongProtector) was created here, in the initial state Frozen
   --> /root/.rustup/toolchains/bsan/lib/rustlib/src/rust/library/core/src/num/imp/dec2flt/parse.rs:0:0

stack backtrace:
0: std::sys::alloc::unix::dealloc
      at /root/.rustup/toolchains/bsan/lib/rustlib/src/rust/library/std/src/sys/alloc/unix.rs:65:14
1: __rustc::__rdl_dealloc
      at /root/.rustup/toolchains/bsan/lib/rustlib/src/rust/library/std/src/alloc.rs:480:6
2: alloc::alloc::dealloc_nonnull
      at /root/.rustup/toolchains/bsan/lib/rustlib/src/rust/library/alloc/src/alloc.rs:197:14

note: stack trace was truncated after 3 frames; set stacktrace_max_len (e.g. BSAN_OPTIONS=stacktrace_max_len=32) to capture more."
x86_64-unknown-linux-gnu,csv,1.4.0,deserializer::tests::with_header_missing_ok,full,test_failed,,error: Undefined Behavior: deallocation through <83329>(unprotected) (root of the allocation) at alloc11092[0x2] is forbidden,src/deserializer.rs:804:5,https://github.com/BorrowSanitizer/bsan/actions/runs/37150704742/job/111284727546,"error: Undefined Behavior: deallocation through <83329>(unprotected) (root of the allocation) at alloc11092[0x2] is forbidden
   --> /tmp/tmpkh0c4atl/csv-1.4.0/src/deserializer.rs:804:5
    |
804 | }
    | ^
    = note: the above line calls library code, where the error was detected:
   --> /root/.rustup/toolchains/bsan/lib/rustlib/src/rust/library/std/src/sys/alloc/unix.rs:65:14
    |
 65 | unsafe { libc::free(ptr as *mut libc::c_void) }
    |          ^
    = help: the accessed tag <83329>(unprotected) (root of the allocation) is foreign to the protected tag <85171>(StrongProtector) (i.e., it is not a child)
    = help: this deallocation (acting as a foreign write access) would cause the protected tag <85171>(StrongProtector) (currently Frozen) to become Disabled
    = help: protected tags must never be Disabled
help: the accessed tag <83329>(unprotected) was created here
   --> /root/.rustup/toolchains/bsan/lib/rustlib/src/rust/library/std/src/sys/alloc/unix.rs:31:18
    |
 31 | unsafe { libc::malloc(layout.size()) as *mut u8 }
    |          ^
help: the protected tag <85171>(StrongProtector) was created here, in the initial state Frozen
   --> /root/.rustup/toolchains/bsan/lib/rustlib/src/rust/library/core/src/num/imp/dec2flt/parse.rs:0:0

stack backtrace:
0: std::sys::alloc::unix::dealloc
      at /root/.rustup/toolchains/bsan/lib/rustlib/src/rust/library/std/src/sys/alloc/unix.rs:65:14
1: __rustc::__rdl_dealloc
      at /root/.rustup/toolchains/bsan/lib/rustlib/src/rust/library/std/src/alloc.rs:480:6
2: alloc::alloc::dealloc_nonnull
      at /root/.rustup/toolchains/bsan/lib/rustlib/src/rust/library/alloc/src/alloc.rs:197:14

note: stack trace was truncated after 3 frames; set stacktrace_max_len (e.g. BSAN_OPTIONS=stacktrace_max_len=32) to capture more."
x86_64-unknown-linux-gnu,csv,1.4.0,deserializer::tests::with_header_no_fields,full,success,0.13029219833333336,,,,
x86_64-unknown-linux-gnu,csv,1.4.0,deserializer::tests::with_header_unknown,full,success,0.14205983566666666,,,,
x86_64-unknown-linux-gnu,csv,1.4.0,deserializer::tests::without_header,full,test_failed,,error: Undefined Behavior: deallocation through <82585>(unprotected) (root of the allocation) at alloc11005[0x0] is forbidden,src/deserializer.rs:795:5,https://github.com/BorrowSanitizer/bsan/actions/runs/37150704742/job/111284727546,"error: Undefined Behavior: deallocation through <82585>(unprotected) (root of the allocation) at alloc11005[0x0] is forbidden
   --> /tmp/tmpkh0c4atl/csv-1.4.0/src/deserializer.rs:795:5
    |
795 | }
    | ^
    = note: the above line calls library code, where the error was detected:
   --> /root/.rustup/toolchains/bsan/lib/rustlib/src/rust/library/std/src/sys/alloc/unix.rs:65:14
    |
 65 | unsafe { libc::free(ptr as *mut libc::c_void) }
    |          ^
    = help: the accessed tag <82585>(unprotected) (root of the allocation) is foreign to the protected tag <83909>(StrongProtector) (i.e., it is not a child)
    = help: this deallocation (acting as a foreign write access) would cause the protected tag <83909>(StrongProtector) (currently Frozen) to become Disabled
    = help: protected tags must never be Disabled
help: the accessed tag <82585>(unprotected) was created here
   --> /root/.rustup/toolchains/bsan/lib/rustlib/src/rust/library/std/src/sys/alloc/unix.rs:31:18
    |
 31 | unsafe { libc::malloc(layout.size()) as *mut u8 }
    |          ^
help: the protected tag <83909>(StrongProtector) was created here, in the initial state Frozen
   --> /root/.rustup/toolchains/bsan/lib/rustlib/src/rust/library/core/src/num/imp/dec2flt/parse.rs:0:0

stack backtrace:
0: std::sys::alloc::unix::dealloc
      at /root/.rustup/toolchains/bsan/lib/rustlib/src/rust/library/std/src/sys/alloc/unix.rs:65:14
1: __rustc::__rdl_dealloc
      at /root/.rustup/toolchains/bsan/lib/rustlib/src/rust/library/std/src/alloc.rs:480:6
2: alloc::alloc::dealloc_nonnull
      at /root/.rustup/toolchains/bsan/lib/rustlib/src/rust/library/alloc/src/alloc.rs:197:14

note: stack trace was truncated after 3 frames; set stacktrace_max_len (e.g. BSAN_OPTIONS=stacktrace_max_len=32) to capture more."
x86_64-unknown-linux-gnu,csv,1.4.0,reader::tests::headers_on_empty_data,full,success,1.7318252586666667,,,,
x86_64-unknown-linux-gnu,csv,1.4.0,reader::tests::no_headers_on_empty_data,full,success,1.7301164919999998,,,,
x86_64-unknown-linux-gnu,csv,1.4.0,reader::tests::no_headers_on_empty_data_after_headers,full,success,1.7453494993333336,,,,
x86_64-unknown-linux-gnu,csv,1.4.0,reader::tests::positions_headers,full,success,1.7445134026666667,,,,
x86_64-unknown-linux-gnu,csv,1.4.0,reader::tests::positions_no_headers,full,success,1.7341338266666666,,,,
x86_64-unknown-linux-gnu,csv,1.4.0,reader::tests::read_byte_record,full,success,1.7385535783333335,,,,
x86_64-unknown-linux-gnu,csv,1.4.0,reader::tests::read_record_headers,full,success,1.7340855073333337,,,,
x86_64-unknown-linux-gnu,csv,1.4.0,reader::tests::read_record_headers_invalid_utf8,full,success,1.745727263,,,,
x86_64-unknown-linux-gnu,csv,1.4.0,reader::tests::read_record_no_headers_after,full,success,1.736385792,,,,
x86_64-unknown-linux-gnu,csv,1.4.0,reader::tests::read_record_no_headers_before,full,success,1.7368429700000003,,,,
x86_64-unknown-linux-gnu,csv,1.4.0,reader::tests::read_record_unequal_continue,full,success,1.7256524266666666,,,,
x86_64-unknown-linux-gnu,csv,1.4.0,reader::tests::read_record_unequal_fails,full,success,1.731373833,,,,
x86_64-unknown-linux-gnu,csv,1.4.0,reader::tests::read_record_unequal_ok,full,success,1.7337191466666664,,,,
x86_64-unknown-linux-gnu,csv,1.4.0,reader::tests::read_trimed_header_invalid_utf8,full,success,1.7520154903333334,,,,
x86_64-unknown-linux-gnu,csv,1.4.0,reader::tests::read_trimmed_header,full,success,1.74408605,,,,
x86_64-unknown-linux-gnu,csv,1.4.0,reader::tests::read_trimmed_records,full,success,1.7303137320000002,,,,
x86_64-unknown-linux-gnu,csv,1.4.0,reader::tests::read_trimmed_records_and_headers,full,success,1.7396855039999999,,,,
x86_64-unknown-linux-gnu,csv,1.4.0,reader::tests::read_trimmed_records_without_headers,full,success,1.7577763503333335,,,,
x86_64-unknown-linux-gnu,csv,1.4.0,reader::tests::seek,full,success,1.7377142653333333,,,,
x86_64-unknown-linux-gnu,csv,1.4.0,reader::tests::seek_headers_after,full,success,1.7292535916666667,,,,
x86_64-unknown-linux-gnu,csv,1.4.0,reader::tests::seek_headers_before_after,full,success,1.726546105,,,,
x86_64-unknown-linux-gnu,csv,1.4.0,reader::tests::seek_headers_no_actual_seek,full,success,1.727795177,,,,
x86_64-unknown-linux-gnu,csv,1.4.0,serializer::tests::bool,full,success,0.13243802333333335,,,,
x86_64-unknown-linux-gnu,csv,1.4.0,serializer::tests::bytes,full,success,0.13127383866666667,,,,
x86_64-unknown-linux-gnu,csv,1.4.0,serializer::tests::char,full,success,0.13227935933333335,,,,
x86_64-unknown-linux-gnu,csv,1.4.0,serializer::tests::enum_newtypes,full,success,0.14052308433333335,,,,
x86_64-unknown-linux-gnu,csv,1.4.0,serializer::tests::enum_struct_variant,full,success,0.134585737,,,,
x86_64-unknown-linux-gnu,csv,1.4.0,serializer::tests::enum_units,full,success,0.14009138233333332,,,,
x86_64-unknown-linux-gnu,csv,1.4.0,serializer::tests::float,full,success,0.13997966566666667,,,,
x86_64-unknown-linux-gnu,csv,1.4.0,serializer::tests::float_nan,full,success,0.13280777933333335,,,,
x86_64-unknown-linux-gnu,csv,1.4.0,serializer::tests::integer,full,success,0.13843869833333336,,,,
x86_64-unknown-linux-gnu,csv,1.4.0,serializer::tests::integer_i128,full,success,0.14817538733333335,,,,
x86_64-unknown-linux-gnu,csv,1.4.0,serializer::tests::integer_u128,full,success,0.143535613,,,,
x86_64-unknown-linux-gnu,csv,1.4.0,serializer::tests::option,full,success,0.14162890533333336,,,,
x86_64-unknown-linux-gnu,csv,1.4.0,serializer::tests::seq,full,success,0.13347730833333335,,,,
x86_64-unknown-linux-gnu,csv,1.4.0,serializer::tests::str,full,success,0.14098207733333334,,,,
x86_64-unknown-linux-gnu,csv,1.4.0,serializer::tests::struct_headers,full,success,0.13541982200000002,,,,
x86_64-unknown-linux-gnu,csv,1.4.0,serializer::tests::struct_headers_inside_nested_tuple_seq,full,success,0.14170986600000002,,,,
x86_64-unknown-linux-gnu,csv,1.4.0,serializer::tests::struct_headers_inside_seq,full,success,0.145215451,,,,
x86_64-unknown-linux-gnu,csv,1.4.0,serializer::tests::struct_headers_inside_tuple,full,success,0.13852175333333336,,,,
x86_64-unknown-linux-gnu,csv,1.4.0,serializer::tests::struct_headers_inside_tuple_scalar_after,full,success,0.13388773166666668,,,,
x86_64-unknown-linux-gnu,csv,1.4.0,serializer::tests::struct_headers_inside_tuple_scalar_before,full,success,0.134608888,,,,
x86_64-unknown-linux-gnu,csv,1.4.0,serializer::tests::struct_headers_nested,full,success,0.14159980400000002,,,,
x86_64-unknown-linux-gnu,csv,1.4.0,serializer::tests::struct_headers_nested_seq,full,success,0.14197529566666667,,,,
x86_64-unknown-linux-gnu,csv,1.4.0,serializer::tests::struct_newtype,full,success,0.138622237,,,,
x86_64-unknown-linux-gnu,csv,1.4.0,serializer::tests::struct_no_headers,full,success,0.13424968633333334,,,,
x86_64-unknown-linux-gnu,csv,1.4.0,serializer::tests::struct_no_headers_128,full,success,0.136555752,,,,
x86_64-unknown-linux-gnu,csv,1.4.0,serializer::tests::struct_unit,full,success,0.13324152200000003,,,,
x86_64-unknown-linux-gnu,csv,1.4.0,serializer::tests::tuple,full,success,0.14085978833333335,,,,
x86_64-unknown-linux-gnu,csv,1.4.0,serializer::tests::tuple_struct,full,success,0.13938115133333334,,,,
x86_64-unknown-linux-gnu,csv,1.4.0,serializer::tests::tuple_variant,full,success,0.1444717316666667,,,,
x86_64-unknown-linux-gnu,csv,1.4.0,serializer::tests::unit,full,success,0.1442322706666667,,,,
x86_64-unknown-linux-gnu,csv,1.4.0,string_record::tests::eq_field_boundaries,full,success,0.13532450033333332,,,,
x86_64-unknown-linux-gnu,csv,1.4.0,string_record::tests::eq_record_len,full,success,0.134237527,,,,
x86_64-unknown-linux-gnu,csv,1.4.0,string_record::tests::trim_back,full,success,0.145414759,,,,
x86_64-unknown-linux-gnu,csv,1.4.0,string_record::tests::trim_both,full,success,0.13658971933333333,,,,
x86_64-unknown-linux-gnu,csv,1.4.0,string_record::tests::trim_does_not_panic_on_empty_records_1,full,success,0.13180731,,,,
x86_64-unknown-linux-gnu,csv,1.4.0,string_record::tests::trim_does_not_panic_on_empty_records_2,full,success,0.137177132,,,,
x86_64-unknown-linux-gnu,csv,1.4.0,string_record::tests::trim_does_not_panic_on_empty_records_3,full,success,0.13159456866666666,,,,
x86_64-unknown-linux-gnu,csv,1.4.0,string_record::tests::trim_front,full,success,0.13787274400000002,,,,
x86_64-unknown-linux-gnu,csv,1.4.0,string_record::tests::trim_whitespace_only,full,success,0.14721029700000002,,,,
x86_64-unknown-linux-gnu,csv,1.4.0,writer::tests::comment_char_is_automatically_quoted,full,success,0.13580741566666668,,,,
x86_64-unknown-linux-gnu,csv,1.4.0,writer::tests::full_buffer_should_not_flush_underlying,full,success,0.14019765266666667,,,,
x86_64-unknown-linux-gnu,csv,1.4.0,writer::tests::one_byte_record,full,success,0.135215436,,,,
x86_64-unknown-linux-gnu,csv,1.4.0,writer::tests::one_empty_record,full,success,0.14243796733333333,,,,
x86_64-unknown-linux-gnu,csv,1.4.0,writer::tests::one_record,full,success,0.13650658466666668,,,,
x86_64-unknown-linux-gnu,csv,1.4.0,writer::tests::one_string_record,full,success,0.1408943536666667,,,,
x86_64-unknown-linux-gnu,csv,1.4.0,writer::tests::raw_one_byte_record,full,success,0.136653273,,,,
x86_64-unknown-linux-gnu,csv,1.4.0,writer::tests::raw_one_empty_record,full,success,0.132177731,,,,
x86_64-unknown-linux-gnu,csv,1.4.0,writer::tests::raw_two_empty_records,full,success,0.13628230933333335,,,,
x86_64-unknown-linux-gnu,csv,1.4.0,writer::tests::raw_unequal_records_bad,full,success,0.13892726600000002,,,,
x86_64-unknown-linux-gnu,csv,1.4.0,writer::tests::raw_unequal_records_ok,full,success,0.13563426133333334,,,,
x86_64-unknown-linux-gnu,csv,1.4.0,writer::tests::serialize_no_headers,full,success,0.13427149366666669,,,,
x86_64-unknown-linux-gnu,csv,1.4.0,writer::tests::serialize_no_headers_128,full,success,0.13376121266666666,,,,
x86_64-unknown-linux-gnu,csv,1.4.0,writer::tests::serialize_tuple,full,success,0.13526720033333334,,,,
x86_64-unknown-linux-gnu,csv,1.4.0,writer::tests::serialize_with_headers,full,success,0.13591681766666666,,,,
x86_64-unknown-linux-gnu,csv,1.4.0,writer::tests::two_empty_records,full,success,0.132301409,,,,
x86_64-unknown-linux-gnu,csv,1.4.0,writer::tests::unequal_records_bad,full,success,0.14970182266666668,,,,
x86_64-unknown-linux-gnu,csv,1.4.0,writer::tests::unequal_records_ok,full,success,0.13689839133333334,,,,
x86_64-unknown-linux-gnu,curve25519-dalek,4.1.3,backend::serial::u64::scalar::test::add,full,success,0.14079757466666667,,,,
x86_64-unknown-linux-gnu,curve25519-dalek,4.1.3,backend::serial::u64::scalar::test::from_bytes_wide,full,success,0.136724174,,,,
x86_64-unknown-linux-gnu,curve25519-dalek,4.1.3,backend::serial::u64::scalar::test::montgomery_mul,full,success,0.14027502300000003,,,,
x86_64-unknown-linux-gnu,curve25519-dalek,4.1.3,backend::serial::u64::scalar::test::montgomery_mul_max,full,success,0.133939996,,,,
x86_64-unknown-linux-gnu,curve25519-dalek,4.1.3,backend::serial::u64::scalar::test::montgomery_square_max,full,success,0.13603362633333335,,,,
x86_64-unknown-linux-gnu,curve25519-dalek,4.1.3,backend::serial::u64::scalar::test::mul,full,success,0.13426683733333333,,,,
x86_64-unknown-linux-gnu,curve25519-dalek,4.1.3,backend::serial::u64::scalar::test::mul_max,full,success,0.13677101333333333,,,,
x86_64-unknown-linux-gnu,curve25519-dalek,4.1.3,backend::serial::u64::scalar::test::square_max,full,success,0.13503418433333333,,,,
x86_64-unknown-linux-gnu,curve25519-dalek,4.1.3,backend::serial::u64::scalar::test::sub,full,success,0.13808804766666669,,,,
x86_64-unknown-linux-gnu,curve25519-dalek,4.1.3,constants::test::test_d_vs_ratio,full,success,0.145752922,,,,
x86_64-unknown-linux-gnu,curve25519-dalek,4.1.3,constants::test::test_eight_torsion,full,success,0.23299478633333334,,,,
x86_64-unknown-linux-gnu,curve25519-dalek,4.1.3,constants::test::test_four_torsion,full,success,0.18561340466666668,,,,
x86_64-unknown-linux-gnu,curve25519-dalek,4.1.3,constants::test::test_sqrt_ad_minus_one,full,success,0.13701135633333336,,,,
x86_64-unknown-linux-gnu,curve25519-dalek,4.1.3,constants::test::test_sqrt_constants_sign,full,success,0.14503811533333336,,,,
x86_64-unknown-linux-gnu,curve25519-dalek,4.1.3,constants::test::test_sqrt_minus_one,full,success,0.1397108576666667,,,,
x86_64-unknown-linux-gnu,curve25519-dalek,4.1.3,constants::test::test_two_torsion,full,success,0.1728480366666667,,,,
x86_64-unknown-linux-gnu,curve25519-dalek,4.1.3,edwards::test::basepoint16_vs_mul_by_pow_2_4,full,success,0.13979408033333332,,,,
x86_64-unknown-linux-gnu,curve25519-dalek,4.1.3,edwards::test::basepoint_decompression_compression,full,success,0.15581486366666666,,,,
x86_64-unknown-linux-gnu,curve25519-dalek,4.1.3,edwards::test::basepoint_double_vs_basepoint2,full,success,0.13908765633333334,,,,
x86_64-unknown-linux-gnu,curve25519-dalek,4.1.3,edwards::test::basepoint_mult_by_basepoint_order,full,success,0.26874400400000004,,,,
x86_64-unknown-linux-gnu,curve25519-dalek,4.1.3,edwards::test::basepoint_mult_one_vs_basepoint,full,success,0.2653926286666667,,,,
x86_64-unknown-linux-gnu,curve25519-dalek,4.1.3,edwards::test::basepoint_mult_two_vs_basepoint2,full,success,0.26628286000000007,,,,
x86_64-unknown-linux-gnu,curve25519-dalek,4.1.3,edwards::test::basepoint_mult_vs_ed25519py,full,success,0.26196353933333333,,,,
x86_64-unknown-linux-gnu,curve25519-dalek,4.1.3,edwards::test::basepoint_plus_basepoint_affine_niels_vs_basepoint2,full,success,0.1416265446666667,,,,
x86_64-unknown-linux-gnu,curve25519-dalek,4.1.3,edwards::test::basepoint_plus_basepoint_projective_niels_vs_basepoint2,full,success,0.14237719033333335,,,,
x86_64-unknown-linux-gnu,curve25519-dalek,4.1.3,edwards::test::basepoint_plus_basepoint_vs_basepoint2,full,success,0.14202245000000002,,,,
x86_64-unknown-linux-gnu,curve25519-dalek,4.1.3,edwards::test::basepoint_projective_extended_round_trip,full,success,0.13587985033333333,,,,
x86_64-unknown-linux-gnu,curve25519-dalek,4.1.3,edwards::test::basepoint_table_basepoint_function_correct,full,success,0.14857416366666668,,,,
x86_64-unknown-linux-gnu,curve25519-dalek,4.1.3,edwards::test::basepoint_tables,full,success,16.756252277,,,,
x86_64-unknown-linux-gnu,curve25519-dalek,4.1.3,edwards::test::basepoint_tables_unreduced_scalar,full,success,16.766728403666665,,,,
x86_64-unknown-linux-gnu,curve25519-dalek,4.1.3,edwards::test::compressed_identity,full,success,0.133639312,,,,
x86_64-unknown-linux-gnu,curve25519-dalek,4.1.3,edwards::test::conditional_assign_for_affine_niels_point,full,success,0.15258059533333335,,,,
x86_64-unknown-linux-gnu,curve25519-dalek,4.1.3,edwards::test::decompression_sign_handling,full,success,0.15771364866666668,,,,
x86_64-unknown-linux-gnu,curve25519-dalek,4.1.3,edwards::test::extended_point_equality_handles_scaling,full,success,0.1406363336666667,,,,
x86_64-unknown-linux-gnu,curve25519-dalek,4.1.3,edwards::test::impl_sum,full,success,2.590174781,,,,
x86_64-unknown-linux-gnu,curve25519-dalek,4.1.3,edwards::test::is_identity,full,success,0.1556059326666667,,,,
x86_64-unknown-linux-gnu,curve25519-dalek,4.1.3,edwards::test::is_small_order,full,success,0.19628966933333333,,,,
x86_64-unknown-linux-gnu,curve25519-dalek,4.1.3,edwards::test::scalar_mul_vs_ed25519py,full,success,0.548621329,,,,
x86_64-unknown-linux-gnu,curve25519-dalek,4.1.3,edwards::test::scalarmult_extended_point_works_both_ways,full,success,0.9630986256666668,,,,
x86_64-unknown-linux-gnu,curve25519-dalek,4.1.3,edwards::test::test_precomputed_basepoint_mult,full,success,0.6565424730000001,,,,
x86_64-unknown-linux-gnu,curve25519-dalek,4.1.3,edwards::test::to_affine_niels_clears_denominators,full,success,0.26261640033333333,,,,
x86_64-unknown-linux-gnu,curve25519-dalek,4.1.3,edwards::test::vartime::double_scalar_mul_basepoint_vs_ed25519py,full,success,0.2621269963333333,,,,
x86_64-unknown-linux-gnu,curve25519-dalek,4.1.3,edwards::test::vartime::multiscalar_mul_vartime_vs_consttime,full,success,1.3904440283333332,,,,
x86_64-unknown-linux-gnu,curve25519-dalek,4.1.3,edwards::test::vartime::multiscalar_mul_vs_ed25519py,full,success,0.40465236600000004,,,,
x86_64-unknown-linux-gnu,curve25519-dalek,4.1.3,field::test::a_invert_vs_inverse_of_a_constant,full,success,0.139520302,,,,
x86_64-unknown-linux-gnu,curve25519-dalek,4.1.3,field::test::a_mul_a_vs_a_squared_constant,full,success,0.13601983966666667,,,,
x86_64-unknown-linux-gnu,curve25519-dalek,4.1.3,field::test::a_p58_vs_ap58_constant,full,success,0.135869501,,,,
x86_64-unknown-linux-gnu,curve25519-dalek,4.1.3,field::test::a_square2_vs_a_squared_constant,full,success,0.1482574156666667,,,,
x86_64-unknown-linux-gnu,curve25519-dalek,4.1.3,field::test::a_square_vs_a_squared_constant,full,success,0.136970548,,,,
x86_64-unknown-linux-gnu,curve25519-dalek,4.1.3,field::test::batch_invert_a_matches_nonbatched,full,success,0.20418156466666668,,,,
x86_64-unknown-linux-gnu,curve25519-dalek,4.1.3,field::test::batch_invert_empty,full,success,0.13734927200000002,,,,
x86_64-unknown-linux-gnu,curve25519-dalek,4.1.3,field::test::conditional_negate,full,success,0.141949388,,,,
x86_64-unknown-linux-gnu,curve25519-dalek,4.1.3,field::test::encoding_is_canonical,full,success,0.13662076166666667,,,,
x86_64-unknown-linux-gnu,curve25519-dalek,4.1.3,field::test::equality,full,success,0.13926482066666668,,,,
x86_64-unknown-linux-gnu,curve25519-dalek,4.1.3,field::test::from_bytes_highbit_is_ignored,full,success,0.13587237500000002,,,,
x86_64-unknown-linux-gnu,curve25519-dalek,4.1.3,field::test::sqrt_ratio_behavior,full,success,0.19789505799999998,,,,
x86_64-unknown-linux-gnu,curve25519-dalek,4.1.3,montgomery::test::basepoint_edwards_to_montgomery,full,success,0.13686353866666667,,,,
x86_64-unknown-linux-gnu,curve25519-dalek,4.1.3,montgomery::test::basepoint_montgomery_to_edwards,full,success,0.17245139566666667,,,,
x86_64-unknown-linux-gnu,curve25519-dalek,4.1.3,montgomery::test::eq_defined_mod_p,full,success,0.13754430333333334,,,,
x86_64-unknown-linux-gnu,curve25519-dalek,4.1.3,montgomery::test::identity_in_different_coordinates,full,success,0.13784962433333334,,,,
x86_64-unknown-linux-gnu,curve25519-dalek,4.1.3,montgomery::test::identity_in_different_models,full,success,0.14197999266666664,,,,
x86_64-unknown-linux-gnu,curve25519-dalek,4.1.3,montgomery::test::montgomery_elligator_correct,full,success,0.14740353400000003,,,,
x86_64-unknown-linux-gnu,curve25519-dalek,4.1.3,montgomery::test::montgomery_elligator_zero_zero,full,success,0.1445427406666667,,,,
x86_64-unknown-linux-gnu,curve25519-dalek,4.1.3,montgomery::test::montgomery_to_edwards_rejects_twist,full,success,0.15073969333333334,,,,
x86_64-unknown-linux-gnu,curve25519-dalek,4.1.3,montgomery::test::mul_base_clamped,full,success,42.519239520000006,,,,
x86_64-unknown-linux-gnu,curve25519-dalek,4.1.3,ristretto::test::basepoint_roundtrip,full,success,0.16328742,,,,
x86_64-unknown-linux-gnu,curve25519-dalek,4.1.3,ristretto::test::compress_id,full,success,0.14300115966666668,,,,
x86_64-unknown-linux-gnu,curve25519-dalek,4.1.3,ristretto::test::decompress_id,full,success,0.15778695900000003,,,,
x86_64-unknown-linux-gnu,curve25519-dalek,4.1.3,ristretto::test::decompress_negative_s_fails,full,success,0.13886658566666665,,,,
x86_64-unknown-linux-gnu,curve25519-dalek,4.1.3,ristretto::test::elligator_vs_ristretto_sage,full,success,0.4626235530000001,,,,
x86_64-unknown-linux-gnu,curve25519-dalek,4.1.3,ristretto::test::encodings_of_small_multiples_of_basepoint,full,success,0.31051754466666665,,,,
x86_64-unknown-linux-gnu,curve25519-dalek,4.1.3,ristretto::test::four_torsion_basepoint,full,success,0.1645019196666667,,,,
x86_64-unknown-linux-gnu,curve25519-dalek,4.1.3,ristretto::test::four_torsion_random,full,success,0.293208269,,,,
x86_64-unknown-linux-gnu,curve25519-dalek,4.1.3,ristretto::test::impl_sum,full,success,2.6228935543333334,,,,
x86_64-unknown-linux-gnu,curve25519-dalek,4.1.3,ristretto::test::one_way_map,full,success,0.4892746666666667,,,,
x86_64-unknown-linux-gnu,curve25519-dalek,4.1.3,ristretto::test::random_roundtrip,full,success,16.50181057,,,,
x86_64-unknown-linux-gnu,curve25519-dalek,4.1.3,ristretto::test::scalarmult_ristrettopoint_works_both_ways,full,success,0.9947280606666666,,,,
x86_64-unknown-linux-gnu,curve25519-dalek,4.1.3,scalar::test::add_reduces,full,success,0.14258158033333335,,,,
x86_64-unknown-linux-gnu,curve25519-dalek,4.1.3,scalar::test::batch_invert_consistency,full,success,0.7692124236666666,,,,
x86_64-unknown-linux-gnu,curve25519-dalek,4.1.3,scalar::test::batch_invert_empty,full,success,0.3211144356666667,,,,
x86_64-unknown-linux-gnu,curve25519-dalek,4.1.3,scalar::test::batch_invert_with_a_zero_input_panics,full,success,0.18533224266666667,,,,
x86_64-unknown-linux-gnu,curve25519-dalek,4.1.3,scalar::test::canonical_decoding,full,success,0.149557486,,,,
x86_64-unknown-linux-gnu,curve25519-dalek,4.1.3,scalar::test::from_bytes_mod_order_wide,full,success,0.14624502033333334,,,,
x86_64-unknown-linux-gnu,curve25519-dalek,4.1.3,scalar::test::from_u64,full,success,0.136326388,,,,
x86_64-unknown-linux-gnu,curve25519-dalek,4.1.3,scalar::test::fuzzer_testcase_reduction,full,success,0.16735794133333334,,,,
x86_64-unknown-linux-gnu,curve25519-dalek,4.1.3,scalar::test::impl_add,full,success,0.14765596100000003,,,,
x86_64-unknown-linux-gnu,curve25519-dalek,4.1.3,scalar::test::impl_mul,full,success,0.14085118866666668,,,,
x86_64-unknown-linux-gnu,curve25519-dalek,4.1.3,scalar::test::impl_product,full,success,0.25076888433333333,,,,
x86_64-unknown-linux-gnu,curve25519-dalek,4.1.3,scalar::test::impl_sum,full,success,0.21380492233333337,,,,
x86_64-unknown-linux-gnu,curve25519-dalek,4.1.3,scalar::test::invert,full,success,0.31543102800000006,,,,
x86_64-unknown-linux-gnu,curve25519-dalek,4.1.3,scalar::test::montgomery_reduce_matches_from_bytes_mod_order_wide,full,success,0.14502190066666668,,,,
x86_64-unknown-linux-gnu,curve25519-dalek,4.1.3,scalar::test::neg_twice_is_identity,full,success,0.15005434400000003,,,,
x86_64-unknown-linux-gnu,curve25519-dalek,4.1.3,scalar::test::non_adjacent_form_test_vector,full,success,0.158539291,,,,
x86_64-unknown-linux-gnu,curve25519-dalek,4.1.3,scalar::test::reduce,full,success,0.14210347333333337,,,,
x86_64-unknown-linux-gnu,curve25519-dalek,4.1.3,scalar::test::scalar_mul_by_one,full,success,0.14559261566666667,,,,
x86_64-unknown-linux-gnu,curve25519-dalek,4.1.3,scalar::test::square,full,success,0.14405973433333333,,,,
x86_64-unknown-linux-gnu,curve25519-dalek,4.1.3,scalar::test::sub_reduces,full,success,0.14232831966666668,,,,
x86_64-unknown-linux-gnu,curve25519-dalek,4.1.3,scalar::test::test_mul_reduction_invariance,full,success,0.7083452316666667,,,,
x86_64-unknown-linux-gnu,curve25519-dalek,4.1.3,scalar::test::test_read_le_u64_into,full,success,0.142227191,,,,
x86_64-unknown-linux-gnu,curve25519-dalek,4.1.3,scalar::test::test_read_le_u64_into_should_panic_on_bad_input,full,success,0.1494226696666667,,,,
x86_64-unknown-linux-gnu,curve25519-dalek,4.1.3,scalar::test::test_scalar_clamp,full,success,0.13807510033333334,,,,
x86_64-unknown-linux-gnu,curve25519-dalek,4.1.3,scalar::test::test_scalar_from_int,full,success,0.15783384666666667,,,,
x86_64-unknown-linux-gnu,curve25519-dalek,4.1.3,scalar::test::to_bytes_from_bytes_roundtrips,full,success,0.137919219,,,,
x86_64-unknown-linux-gnu,der,0.8.0,asn1::bit_string::tests::bitstring_valueord_value_cmp,full,success,0.13573908033333335,,,,
x86_64-unknown-linux-gnu,der,0.8.0,asn1::bit_string::tests::decode_bitstring_with_unused_bits,full,success,0.13619924466666666,,,,
x86_64-unknown-linux-gnu,der,0.8.0,asn1::bit_string::tests::decode_empty_bitstring,full,success,0.13210445033333332,,,,
x86_64-unknown-linux-gnu,der,0.8.0,asn1::bit_string::tests::decode_non_empty_bitstring,full,success,0.12813705933333333,,,,
x86_64-unknown-linux-gnu,der,0.8.0,asn1::bit_string::tests::reject_unused_bits_in_empty_string,full,success,0.12656430766666668,,,,
x86_64-unknown-linux-gnu,der,0.8.0,asn1::boolean::tests::decode,full,success,0.130919276,,,,
x86_64-unknown-linux-gnu,der,0.8.0,asn1::boolean::tests::encode,full,success,0.12916021233333333,,,,
x86_64-unknown-linux-gnu,der,0.8.0,asn1::boolean::tests::reject_non_canonical,full,success,0.13142400133333335,,,,
x86_64-unknown-linux-gnu,der,0.8.0,asn1::context_specific::tests::context_specific_not_skipping_unknown_field,full,success,0.12746682533333334,,,,
x86_64-unknown-linux-gnu,der,0.8.0,asn1::context_specific::tests::context_specific_returns_none_on_greater_tag_number,full,success,0.128522807,,,,
x86_64-unknown-linux-gnu,der,0.8.0,asn1::context_specific::tests::context_specific_with_explicit_field,full,success,0.12942767766666666,,,,
x86_64-unknown-linux-gnu,der,0.8.0,asn1::context_specific::tests::context_specific_with_implicit_field,full,success,0.128254627,,,,
x86_64-unknown-linux-gnu,der,0.8.0,asn1::context_specific::tests::round_trip,full,success,0.13022168433333334,,,,
x86_64-unknown-linux-gnu,der,0.8.0,asn1::generalized_time::tests::invalid_day_generalized_time,full,success,0.12690760933333334,,,,
x86_64-unknown-linux-gnu,der,0.8.0,asn1::generalized_time::tests::invalid_hour_generalized_time,full,success,0.13011987733333333,,,,
x86_64-unknown-linux-gnu,der,0.8.0,asn1::generalized_time::tests::invalid_minute_generalized_time,full,success,0.129163638,,,,
x86_64-unknown-linux-gnu,der,0.8.0,asn1::generalized_time::tests::invalid_month_generalized_time,full,success,0.13297910100000002,,,,
x86_64-unknown-linux-gnu,der,0.8.0,asn1::generalized_time::tests::invalid_second_generalized_time,full,success,0.136716369,,,,
x86_64-unknown-linux-gnu,der,0.8.0,asn1::generalized_time::tests::invalid_year_generalized_time,full,success,0.12822037933333333,,,,
x86_64-unknown-linux-gnu,der,0.8.0,asn1::generalized_time::tests::max_valid_generalized_time,full,success,0.13409411766666668,,,,
x86_64-unknown-linux-gnu,der,0.8.0,asn1::generalized_time::tests::round_trip,full,success,0.13163322966666668,,,,
x86_64-unknown-linux-gnu,der,0.8.0,asn1::ia5_string::tests::parse_bytes,full,success,0.13880864,,,,
x86_64-unknown-linux-gnu,der,0.8.0,asn1::integer::int::tests::decode_intref,full,success,0.14152131266666668,,,,
x86_64-unknown-linux-gnu,der,0.8.0,asn1::integer::int::tests::encode_intref,full,success,0.13644343733333333,,,,
x86_64-unknown-linux-gnu,der,0.8.0,asn1::integer::int::tests::validate_canonical_err,full,success,0.13029211466666668,,,,
x86_64-unknown-linux-gnu,der,0.8.0,asn1::integer::int::tests::validate_canonical_ok,full,success,0.130693743,,,,
x86_64-unknown-linux-gnu,der,0.8.0,asn1::integer::tests::decode_i16,full,success,0.13555600133333334,,,,
x86_64-unknown-linux-gnu,der,0.8.0,asn1::integer::tests::decode_i8,full,success,0.12997573466666668,,,,
x86_64-unknown-linux-gnu,der,0.8.0,asn1::integer::tests::decode_u16,full,success,0.13152248200000002,,,,
x86_64-unknown-linux-gnu,der,0.8.0,asn1::integer::tests::decode_u8,full,success,0.12871370966666668,,,,
x86_64-unknown-linux-gnu,der,0.8.0,asn1::integer::tests::encode_i16,full,success,0.132756876,,,,
x86_64-unknown-linux-gnu,der,0.8.0,asn1::integer::tests::encode_i8,full,success,0.14210059900000002,,,,
x86_64-unknown-linux-gnu,der,0.8.0,asn1::integer::tests::encode_u16,full,success,0.13501229,,,,
x86_64-unknown-linux-gnu,der,0.8.0,asn1::integer::tests::encode_u8,full,success,0.1294160156666667,,,,
x86_64-unknown-linux-gnu,der,0.8.0,asn1::integer::tests::reject_empty,full,success,0.13082281466666668,,,,
x86_64-unknown-linux-gnu,der,0.8.0,asn1::integer::tests::reject_non_canonical,full,success,0.13058529766666668,,,,
x86_64-unknown-linux-gnu,der,0.8.0,asn1::integer::uint::tests::decode_to_array_extra_zero,full,success,0.13022856900000002,,,,
x86_64-unknown-linux-gnu,der,0.8.0,asn1::integer::uint::tests::decode_to_array_leading_zero,full,success,0.13201707399999998,,,,
x86_64-unknown-linux-gnu,der,0.8.0,asn1::integer::uint::tests::decode_to_array_missing_zero,full,success,0.129951058,,,,
x86_64-unknown-linux-gnu,der,0.8.0,asn1::integer::uint::tests::decode_to_array_no_leading_zero,full,success,0.12931606666666665,,,,
x86_64-unknown-linux-gnu,der,0.8.0,asn1::integer::uint::tests::decode_to_array_oversized_input,full,success,0.12859697566666667,,,,
x86_64-unknown-linux-gnu,der,0.8.0,asn1::integer::uint::tests::decode_uintref,full,success,0.13144508133333335,,,,
x86_64-unknown-linux-gnu,der,0.8.0,asn1::integer::uint::tests::encode_uintref,full,success,0.132469855,,,,
x86_64-unknown-linux-gnu,der,0.8.0,asn1::integer::uint::tests::reject_oversize_without_extra_zero,full,success,0.12745549,,,,
x86_64-unknown-linux-gnu,der,0.8.0,asn1::null::tests::decode,full,success,0.13162838966666668,,,,
x86_64-unknown-linux-gnu,der,0.8.0,asn1::null::tests::encode,full,success,0.13008760033333333,,,,
x86_64-unknown-linux-gnu,der,0.8.0,asn1::null::tests::reject_non_canonical,full,success,0.13128094266666668,,,,
x86_64-unknown-linux-gnu,der,0.8.0,asn1::octet_string::tests::octet_string_decode,full,success,0.12998382433333333,,,,
x86_64-unknown-linux-gnu,der,0.8.0,asn1::octet_string::tests::octet_string_decode_into,full,success,0.129596658,,,,
x86_64-unknown-linux-gnu,der,0.8.0,asn1::printable_string::tests::parse_bytes,full,success,0.12853343500000003,,,,
x86_64-unknown-linux-gnu,der,0.8.0,asn1::teletex_string::tests::parse_bytes,full,success,0.12881913200000003,,,,
x86_64-unknown-linux-gnu,der,0.8.0,asn1::utc_time::tests::round_trip_vector,full,success,0.131069966,,,,
x86_64-unknown-linux-gnu,der,0.8.0,asn1::utf8_string::tests::parse_ascii_bytes,full,success,0.13842475033333335,,,,
x86_64-unknown-linux-gnu,der,0.8.0,asn1::utf8_string::tests::parse_utf8_bytes,full,success,0.13222441366666668,,,,
x86_64-unknown-linux-gnu,der,0.8.0,asn1::videotex_string::tests::parse_bytes,full,success,0.12823697166666667,,,,
x86_64-unknown-linux-gnu,der,0.8.0,datetime::tests::feb_leap_year_handling,full,success,0.131449738,,,,
x86_64-unknown-linux-gnu,der,0.8.0,datetime::tests::from_str,full,success,0.13267206666666667,,,,
x86_64-unknown-linux-gnu,der,0.8.0,datetime::tests::invalid_dates,full,success,0.13740268433333333,,,,
x86_64-unknown-linux-gnu,der,0.8.0,encoding_rules::tests::parse,full,success,0.13149144000000001,,,,
x86_64-unknown-linux-gnu,der,0.8.0,header::tests::negative_peek_overlength_header,full,success,0.13758117366666667,,,,
x86_64-unknown-linux-gnu,der,0.8.0,header::tests::peek,full,success,0.12763763933333336,,,,
x86_64-unknown-linux-gnu,der,0.8.0,header::tests::peek_max_header,full,success,0.130675344,,,,
x86_64-unknown-linux-gnu,der,0.8.0,length::tests::add_overflows_when_max_length_exceeded,full,success,0.12917344,,,,
x86_64-unknown-linux-gnu,der,0.8.0,length::tests::decode,full,success,0.13245906033333335,,,,
x86_64-unknown-linux-gnu,der,0.8.0,length::tests::der_ord,full,success,0.132097295,,,,
x86_64-unknown-linux-gnu,der,0.8.0,length::tests::encode,full,success,0.13599985800000003,,,,
x86_64-unknown-linux-gnu,der,0.8.0,reader::slice::tests::empty_message,full,success,0.12778725500000002,,,,
x86_64-unknown-linux-gnu,der,0.8.0,reader::slice::tests::invalid_field_length,full,success,0.13046869066666666,,,,
x86_64-unknown-linux-gnu,der,0.8.0,reader::slice::tests::trailing_data,full,success,0.129289003,,,,
x86_64-unknown-linux-gnu,der,0.8.0,tag::tests::decoding,full,success,0.131915051,,,,
x86_64-unknown-linux-gnu,der,0.8.0,tag::tests::negative_peek_long_tags,full,success,0.12894158566666666,,,,
x86_64-unknown-linux-gnu,der,0.8.0,tag::tests::peek,full,success,0.13388028566666668,,,,
x86_64-unknown-linux-gnu,der,0.8.0,tag::tests::peek_long_tags,full,success,0.135245993,,,,
x86_64-unknown-linux-gnu,der,0.8.0,tag::tests::tag_class,full,success,0.13142064633333336,,,,
x86_64-unknown-linux-gnu,der,0.8.0,tag::tests::tag_order,full,success,0.13801539833333334,,,,
x86_64-unknown-linux-gnu,der,0.8.0,writer::slice::tests::overlength_message,full,success,0.13036856533333335,,,,
x86_64-unknown-linux-gnu,dirs-sys-next,0.1.2,xdg_user_dirs::tests::test_absolute_path_is_accepted,full,success,0.1388996326666667,,,,
x86_64-unknown-linux-gnu,dirs-sys-next,0.1.2,xdg_user_dirs::tests::test_disabled_directory,full,success,0.12929144,,,,
x86_64-unknown-linux-gnu,dirs-sys-next,0.1.2,xdg_user_dirs::tests::test_parse_empty,full,success,0.12935342900000002,,,,
x86_64-unknown-linux-gnu,dirs-sys-next,0.1.2,xdg_user_dirs::tests::test_parse_user_dirs,full,success,0.24252111966666667,,,,
x86_64-unknown-linux-gnu,dirs-sys-next,0.1.2,xdg_user_dirs::tests::test_relative_path_is_rejected,full,success,0.13538318100000002,,,,
x86_64-unknown-linux-gnu,dirs-sys-next,0.1.2,xdg_user_dirs::tests::test_relative_to_home,full,success,0.13413882866666668,,,,
x86_64-unknown-linux-gnu,dirs-sys-next,0.1.2,xdg_user_dirs::tests::test_shell_unescape,full,success,0.13007576433333334,,,,
x86_64-unknown-linux-gnu,dirs-sys-next,0.1.2,xdg_user_dirs::tests::test_split_once,full,success,0.13205596133333333,,,,
x86_64-unknown-linux-gnu,dirs-sys-next,0.1.2,xdg_user_dirs::tests::test_trim_blank,full,success,0.13083623766666666,,,,
x86_64-unknown-linux-gnu,dirs-sys,0.5.0,xdg_user_dirs::tests::test_absolute_path_is_accepted,full,success,0.14012511000000002,,,,
x86_64-unknown-linux-gnu,dirs-sys,0.5.0,xdg_user_dirs::tests::test_disabled_directory,full,success,0.135908878,,,,
x86_64-unknown-linux-gnu,dirs-sys,0.5.0,xdg_user_dirs::tests::test_parse_empty,full,success,0.13337247500000002,,,,
x86_64-unknown-linux-gnu,dirs-sys,0.5.0,xdg_user_dirs::tests::test_parse_user_dirs,full,success,0.263036271,,,,
x86_64-unknown-linux-gnu,dirs-sys,0.5.0,xdg_user_dirs::tests::test_relative_path_is_rejected,full,success,0.13985125233333331,,,,
x86_64-unknown-linux-gnu,dirs-sys,0.5.0,xdg_user_dirs::tests::test_relative_to_home,full,success,0.14320035133333334,,,,
x86_64-unknown-linux-gnu,dirs-sys,0.5.0,xdg_user_dirs::tests::test_shell_unescape,full,success,0.13811374966666667,,,,
x86_64-unknown-linux-gnu,dirs-sys,0.5.0,xdg_user_dirs::tests::test_split_once,full,success,0.13553388666666666,,,,
x86_64-unknown-linux-gnu,dirs-sys,0.5.0,xdg_user_dirs::tests::test_trim_blank,full,success,0.13858802066666667,,,,
x86_64-unknown-linux-gnu,either,1.15.0,basic,full,success,0.13073719400000003,,,,
x86_64-unknown-linux-gnu,either,1.15.0,deref,full,success,0.132644884,,,,
x86_64-unknown-linux-gnu,either,1.15.0,error,full,success,0.12919254766666666,,,,
x86_64-unknown-linux-gnu,either,1.15.0,iter,full,success,0.131291169,,,,
x86_64-unknown-linux-gnu,either,1.15.0,macros,full,success,0.13007987133333335,,,,
x86_64-unknown-linux-gnu,either,1.15.0,read_write,full,success,0.12752411600000002,,,,
x86_64-unknown-linux-gnu,either,1.15.0,seek,full,success,0.291936801,,,,
x86_64-unknown-linux-gnu,encoding_rs,0.8.35,ascii::tests::test_ascii_to_ascii,full,success,0.24959507033333336,,,,
x86_64-unknown-linux-gnu,encoding_rs,0.8.35,ascii::tests::test_ascii_to_basic_latin,full,success,0.25393135033333336,,,,
x86_64-unknown-linux-gnu,encoding_rs,0.8.35,ascii::tests::test_basic_latin_to_ascii,full,success,0.2577529586666667,,,,
x86_64-unknown-linux-gnu,encoding_rs,0.8.35,big5::tests::test_big5_decode,full,success,0.9353590780000002,,,,
x86_64-unknown-linux-gnu,encoding_rs,0.8.35,big5::tests::test_big5_encode,full,success,0.20921988000000002,,,,
x86_64-unknown-linux-gnu,encoding_rs,0.8.35,euc_jp::tests::test_euc_jp_decode,full,success,0.9392106636666667,,,,
x86_64-unknown-linux-gnu,encoding_rs,0.8.35,euc_jp::tests::test_euc_jp_encode,full,success,0.2757156946666666,,,,
x86_64-unknown-linux-gnu,encoding_rs,0.8.35,euc_kr::tests::test_euc_kr_decode,full,success,0.29908374933333337,,,,
x86_64-unknown-linux-gnu,encoding_rs,0.8.35,euc_kr::tests::test_euc_kr_encode,full,success,3.2920366653333333,,,,
x86_64-unknown-linux-gnu,encoding_rs,0.8.35,euc_kr::tests::test_euc_kr_encode_from_two_low_surrogates,full,success,0.135421668,,,,
x86_64-unknown-linux-gnu,encoding_rs,0.8.35,gb18030::tests::test_gb18030_decode,full,success,1.208138276,,,,
x86_64-unknown-linux-gnu,encoding_rs,0.8.35,gb18030::tests::test_gb18030_encode,full,success,8.855653574666666,,,,
x86_64-unknown-linux-gnu,encoding_rs,0.8.35,gb18030::tests::test_gb18030_encode_from_utf16_max_length,full,success,0.13183037500000003,,,,
x86_64-unknown-linux-gnu,encoding_rs,0.8.35,gb18030::tests::test_gbk_encode,full,success,8.796472958666667,,,,
x86_64-unknown-linux-gnu,encoding_rs,0.8.35,iso_2022_jp::tests::test_iso_2022_jp_decode,full,success,3.0942284389999997,,,,
x86_64-unknown-linux-gnu,encoding_rs,0.8.35,iso_2022_jp::tests::test_iso_2022_jp_encode,full,success,8.101904299333333,,,,
x86_64-unknown-linux-gnu,encoding_rs,0.8.35,iso_2022_jp::tests::test_iso_2022_jp_encode_from_two_low_surrogates,full,success,0.13556356466666666,,,,
x86_64-unknown-linux-gnu,encoding_rs,0.8.35,iso_2022_jp::tests::test_iso_2022_jp_half_width_katakana_length,full,success,0.14114256800000002,,,,
x86_64-unknown-linux-gnu,encoding_rs,0.8.35,iso_2022_jp::tests::test_iso_2022_jp_length_after_escape,full,success,0.135240516,,,,
x86_64-unknown-linux-gnu,encoding_rs,0.8.35,mem::tests::test_check_str_for_latin1_and_bidi,full,success,0.13588892633333335,,,,
x86_64-unknown-linux-gnu,encoding_rs,0.8.35,mem::tests::test_check_utf16_for_latin1_and_bidi,full,success,0.148016827,,,,
x86_64-unknown-linux-gnu,encoding_rs,0.8.35,mem::tests::test_check_utf8_for_latin1_and_bidi,full,success,0.13572006900000003,,,,
x86_64-unknown-linux-gnu,encoding_rs,0.8.35,mem::tests::test_convert_latin1_to_utf16,full,success,0.20964824733333334,,,,
x86_64-unknown-linux-gnu,encoding_rs,0.8.35,mem::tests::test_convert_latin1_to_utf8,full,success,0.2573928376666667,,,,
x86_64-unknown-linux-gnu,encoding_rs,0.8.35,mem::tests::test_convert_latin1_to_utf8_partial,full,success,0.13301837933333335,,,,
x86_64-unknown-linux-gnu,encoding_rs,0.8.35,mem::tests::test_convert_str_to_utf16,full,success,0.13864111366666668,,,,
x86_64-unknown-linux-gnu,encoding_rs,0.8.35,mem::tests::test_convert_utf16_to_latin1_lossy,full,success,0.212984312,,,,
x86_64-unknown-linux-gnu,encoding_rs,0.8.35,mem::tests::test_convert_utf16_to_latin1_lossy_panics,full,success,0.13310461433333334,,,,
x86_64-unknown-linux-gnu,encoding_rs,0.8.35,mem::tests::test_convert_utf16_to_utf8,full,success,0.14223213066666665,,,,
x86_64-unknown-linux-gnu,encoding_rs,0.8.35,mem::tests::test_convert_utf16_to_utf8_partial,full,success,0.14233758366666668,,,,
x86_64-unknown-linux-gnu,encoding_rs,0.8.35,mem::tests::test_convert_utf8_to_latin1_lossy,full,success,0.2953939746666667,,,,
x86_64-unknown-linux-gnu,encoding_rs,0.8.35,mem::tests::test_convert_utf8_to_latin1_lossy_panics,full,success,0.13685832900000003,,,,
x86_64-unknown-linux-gnu,encoding_rs,0.8.35,mem::tests::test_convert_utf8_to_utf16,full,success,0.14520126933333335,,,,
x86_64-unknown-linux-gnu,encoding_rs,0.8.35,mem::tests::test_convert_utf8_to_utf16_without_replacement,full,success,0.13606137666666665,,,,
x86_64-unknown-linux-gnu,encoding_rs,0.8.35,mem::tests::test_decode_latin1,full,success,0.136217318,,,,
x86_64-unknown-linux-gnu,encoding_rs,0.8.35,mem::tests::test_encode_latin1_lossy,full,success,0.13494674733333334,,,,
x86_64-unknown-linux-gnu,encoding_rs,0.8.35,mem::tests::test_ensure_utf16_validity,full,success,0.13774761333333332,,,,
x86_64-unknown-linux-gnu,encoding_rs,0.8.35,mem::tests::test_is_ascii_fail,full,success,0.516252629,,,,
x86_64-unknown-linux-gnu,encoding_rs,0.8.35,mem::tests::test_is_ascii_success,full,success,0.1919055186666667,,,,
x86_64-unknown-linux-gnu,encoding_rs,0.8.35,mem::tests::test_is_basic_latin_fail,full,success,0.49062630766666665,,,,
x86_64-unknown-linux-gnu,encoding_rs,0.8.35,mem::tests::test_is_basic_latin_success,full,success,0.2156662956666667,,,,
x86_64-unknown-linux-gnu,encoding_rs,0.8.35,mem::tests::test_is_char_bidi,full,success,0.134024785,,,,
x86_64-unknown-linux-gnu,encoding_rs,0.8.35,mem::tests::test_is_str_bidi,full,success,0.13263995366666667,,,,
x86_64-unknown-linux-gnu,encoding_rs,0.8.35,mem::tests::test_is_str_latin1_fail,full,success,1.2777372043333333,,,,
x86_64-unknown-linux-gnu,encoding_rs,0.8.35,mem::tests::test_is_str_latin1_success,full,success,0.329216365,,,,
x86_64-unknown-linux-gnu,encoding_rs,0.8.35,mem::tests::test_is_utf16_bidi,full,success,0.13529081733333334,,,,
x86_64-unknown-linux-gnu,encoding_rs,0.8.35,mem::tests::test_is_utf16_code_unit_bidi,full,success,0.13086004766666667,,,,
x86_64-unknown-linux-gnu,encoding_rs,0.8.35,mem::tests::test_is_utf16_latin1_fail,full,success,8.596270431999999,,,,
x86_64-unknown-linux-gnu,encoding_rs,0.8.35,mem::tests::test_is_utf16_latin1_success,full,success,0.37493361300000005,,,,
x86_64-unknown-linux-gnu,encoding_rs,0.8.35,mem::tests::test_is_utf8_bidi,full,success,0.137817249,,,,
x86_64-unknown-linux-gnu,encoding_rs,0.8.35,mem::tests::test_is_utf8_bidi_edge_cases,full,success,0.1390855686666667,,,,
x86_64-unknown-linux-gnu,encoding_rs,0.8.35,mem::tests::test_is_utf8_latin1_fail,full,success,1.478741756,,,,
x86_64-unknown-linux-gnu,encoding_rs,0.8.35,mem::tests::test_is_utf8_latin1_invalid,full,success,0.1429118016666667,,,,
x86_64-unknown-linux-gnu,encoding_rs,0.8.35,mem::tests::test_is_utf8_latin1_success,full,success,0.320583979,,,,
x86_64-unknown-linux-gnu,encoding_rs,0.8.35,mem::tests::test_utf16_valid_up_to,full,success,0.13940960900000002,,,,
x86_64-unknown-linux-gnu,encoding_rs,0.8.35,replacement::tests::test_replacement_decode,full,success,0.13729231133333333,,,,
x86_64-unknown-linux-gnu,encoding_rs,0.8.35,replacement::tests::test_replacement_encode,full,success,0.16757023066666668,,,,
x86_64-unknown-linux-gnu,encoding_rs,0.8.35,shift_jis::tests::test_shift_jis_decode,full,success,0.47815725533333336,,,,
x86_64-unknown-linux-gnu,encoding_rs,0.8.35,shift_jis::tests::test_shift_jis_encode,full,success,4.360895727666667,,,,
x86_64-unknown-linux-gnu,encoding_rs,0.8.35,shift_jis::tests::test_shift_jis_half_width_katakana_length,full,success,0.13471491566666668,,,,
x86_64-unknown-linux-gnu,encoding_rs,0.8.35,single_byte::tests::test_ascii_punctuation,full,success,3.538448564333333,,,,
x86_64-unknown-linux-gnu,encoding_rs,0.8.35,single_byte::tests::test_decode_malformed,full,success,0.19648590766666665,,,,
x86_64-unknown-linux-gnu,encoding_rs,0.8.35,single_byte::tests::test_encode_unmappables,full,success,0.24051390433333333,,,,
x86_64-unknown-linux-gnu,encoding_rs,0.8.35,single_byte::tests::test_encode_unpaired_surrogates,full,success,0.14259660833333335,,,,
x86_64-unknown-linux-gnu,encoding_rs,0.8.35,single_byte::tests::test_single_byte_decode,full,success,2.426637688,,,,
x86_64-unknown-linux-gnu,encoding_rs,0.8.35,single_byte::tests::test_single_byte_encode,full,success,0.49811672966666665,,,,
x86_64-unknown-linux-gnu,encoding_rs,0.8.35,single_byte::tests::test_single_byte_from_two_low_surrogates,full,success,0.13705693733333335,,,,
x86_64-unknown-linux-gnu,encoding_rs,0.8.35,single_byte::tests::test_windows_1255_ca,full,success,0.163110416,,,,
x86_64-unknown-linux-gnu,encoding_rs,0.8.35,test_labels_names::test_all_labels,full,success,0.7381145273333334,,,,
x86_64-unknown-linux-gnu,encoding_rs,0.8.35,tests::test_bom_sniffing,full,success,0.14473719866666668,,,,
x86_64-unknown-linux-gnu,encoding_rs,0.8.35,tests::test_buffer_end_iso_2022_jp_from_utf16,full,success,0.1330568976666667,,,,
x86_64-unknown-linux-gnu,encoding_rs,0.8.35,tests::test_buffer_end_iso_2022_jp_from_utf8,full,success,0.13408661766666669,,,,
x86_64-unknown-linux-gnu,encoding_rs,0.8.35,tests::test_buffer_end_utf16be,full,success,0.13211153933333333,,,,
x86_64-unknown-linux-gnu,encoding_rs,0.8.35,tests::test_decode_ascii_only_windows_1257_to_cow,full,success,0.13378922266666668,,,,
x86_64-unknown-linux-gnu,encoding_rs,0.8.35,tests::test_decode_ascii_only_windows_1257_to_cow_with_bom_removal,full,success,0.13708623733333336,,,,
x86_64-unknown-linux-gnu,encoding_rs,0.8.35,tests::test_decode_ascii_only_windows_1257_to_cow_without_bom_handling,full,success,0.12836287999999998,,,,
x86_64-unknown-linux-gnu,encoding_rs,0.8.35,tests::test_decode_ascii_only_windows_1257_to_cow_without_bom_handling_and_without_replacement,full,success,0.13554144666666668,,,,
x86_64-unknown-linux-gnu,encoding_rs,0.8.35,tests::test_decode_bomful_invalid_utf8_as_utf_8_to_cow,full,success,0.13240348433333335,,,,
x86_64-unknown-linux-gnu,encoding_rs,0.8.35,tests::test_decode_bomful_invalid_utf8_as_windows_1257_to_cow,full,success,0.13872760633333334,,,,
x86_64-unknown-linux-gnu,encoding_rs,0.8.35,tests::test_decode_bomful_invalid_utf8_to_cow_without_bom_handling,full,success,0.13394105133333334,,,,
x86_64-unknown-linux-gnu,encoding_rs,0.8.35,tests::test_decode_bomful_invalid_utf8_to_cow_without_bom_handling_and_without_replacement,full,success,0.13665411900000002,,,,
x86_64-unknown-linux-gnu,encoding_rs,0.8.35,tests::test_decode_bomful_valid_utf8_as_utf_8_to_cow,full,success,0.13551759133333333,,,,
x86_64-unknown-linux-gnu,encoding_rs,0.8.35,tests::test_decode_bomful_valid_utf8_as_utf_8_to_cow_with_bom_removal,full,success,0.13479976899999999,,,,
x86_64-unknown-linux-gnu,encoding_rs,0.8.35,tests::test_decode_bomful_valid_utf8_as_windows_1257_to_cow,full,success,0.13464699133333335,,,,
x86_64-unknown-linux-gnu,encoding_rs,0.8.35,tests::test_decode_bomful_valid_utf8_as_windows_1257_to_cow_with_bom_removal,full,success,0.13904544733333335,,,,
x86_64-unknown-linux-gnu,encoding_rs,0.8.35,tests::test_decode_bomful_valid_utf8_to_cow_without_bom_handling,full,success,0.13850832033333335,,,,
x86_64-unknown-linux-gnu,encoding_rs,0.8.35,tests::test_decode_bomful_valid_utf8_to_cow_without_bom_handling_and_without_replacement,full,success,0.12961694,,,,
x86_64-unknown-linux-gnu,encoding_rs,0.8.35,tests::test_decode_invalid_windows_1257_to_cow,full,success,0.13422871533333333,,,,
x86_64-unknown-linux-gnu,encoding_rs,0.8.35,tests::test_decode_invalid_windows_1257_to_cow_with_bom_removal,full,success,0.14493244233333336,,,,
x86_64-unknown-linux-gnu,encoding_rs,0.8.35,tests::test_decode_invalid_windows_1257_to_cow_without_bom_handling,full,success,0.13489214766666668,,,,
x86_64-unknown-linux-gnu,encoding_rs,0.8.35,tests::test_decode_invalid_windows_1257_to_cow_without_bom_handling_and_without_replacement,full,success,0.13598896833333332,,,,
x86_64-unknown-linux-gnu,encoding_rs,0.8.35,tests::test_decode_valid_windows_1257_to_cow,full,success,0.13194296333333333,,,,
x86_64-unknown-linux-gnu,encoding_rs,0.8.35,tests::test_decode_valid_windows_1257_to_cow_with_bom_removal,full,success,0.135629406,,,,
x86_64-unknown-linux-gnu,encoding_rs,0.8.35,tests::test_decode_valid_windows_1257_to_cow_without_bom_handling,full,success,0.13290785800000002,,,,
x86_64-unknown-linux-gnu,encoding_rs,0.8.35,tests::test_decode_valid_windows_1257_to_cow_without_bom_handling_and_without_replacement,full,success,0.13726089133333336,,,,
x86_64-unknown-linux-gnu,encoding_rs,0.8.35,tests::test_encode_ascii_only_windows_1257_to_cow,full,success,0.13055848,,,,
x86_64-unknown-linux-gnu,encoding_rs,0.8.35,tests::test_encode_valid_windows_1257_to_cow,full,success,0.14071166533333335,,,,
x86_64-unknown-linux-gnu,encoding_rs,0.8.35,tests::test_hash,full,success,0.13844706233333334,,,,
x86_64-unknown-linux-gnu,encoding_rs,0.8.35,tests::test_is_single_byte,full,success,0.13547384633333334,,,,
x86_64-unknown-linux-gnu,encoding_rs,0.8.35,tests::test_iso_2022_jp_ncr_extra_from_utf16,full,success,0.13190188533333333,,,,
x86_64-unknown-linux-gnu,encoding_rs,0.8.35,tests::test_iso_2022_jp_ncr_extra_from_utf8,full,success,0.13649405,,,,
x86_64-unknown-linux-gnu,encoding_rs,0.8.35,tests::test_label_resolution,full,success,0.140076105,,,,
x86_64-unknown-linux-gnu,encoding_rs,0.8.35,tests::test_latin1_byte_compatible_up_to,full,success,0.13756629499999998,,,,
x86_64-unknown-linux-gnu,encoding_rs,0.8.35,tests::test_max_length_with_bom_to_utf8,full,success,0.13276301933333334,,,,
x86_64-unknown-linux-gnu,encoding_rs,0.8.35,tests::test_output_encoding,full,success,0.13876416300000002,,,,
x86_64-unknown-linux-gnu,encoding_rs,0.8.35,tests::test_too_short_buffer_with_iso_2022_jp_ascii_from_utf16,full,success,0.136473894,,,,
x86_64-unknown-linux-gnu,encoding_rs,0.8.35,tests::test_too_short_buffer_with_iso_2022_jp_ascii_from_utf8,full,success,0.13435870233333333,,,,
x86_64-unknown-linux-gnu,encoding_rs,0.8.35,tests::test_too_short_buffer_with_iso_2022_jp_roman_from_utf16,full,success,0.1379806186666667,,,,
x86_64-unknown-linux-gnu,encoding_rs,0.8.35,tests::test_too_short_buffer_with_iso_2022_jp_roman_from_utf8,full,success,0.13660605566666664,,,,
x86_64-unknown-linux-gnu,encoding_rs,0.8.35,tests::test_utf16_space_with_one_bom_byte,full,success,0.132025825,,,,
x86_64-unknown-linux-gnu,encoding_rs,0.8.35,tests::test_utf16_space_with_one_bom_byte_and_a_second_byte_in_same_call,full,success,0.13068723733333334,,,,
x86_64-unknown-linux-gnu,encoding_rs,0.8.35,tests::test_utf16_space_with_two_bom_bytes,full,success,0.13187096,,,,
x86_64-unknown-linux-gnu,encoding_rs,0.8.35,tests::test_utf8_space_with_one_bom_byte,full,success,0.13455162666666667,,,,
x86_64-unknown-linux-gnu,encoding_rs,0.8.35,tests::test_utf8_space_with_two_bom_bytes,full,success,0.13453047366666668,,,,
x86_64-unknown-linux-gnu,encoding_rs,0.8.35,utf_16::tests::test_utf_16_decode,full,success,3.828963942,,,,
x86_64-unknown-linux-gnu,encoding_rs,0.8.35,utf_16::tests::test_utf_16_encode,full,success,0.19428256266666669,,,,
x86_64-unknown-linux-gnu,encoding_rs,0.8.35,utf_16::tests::test_utf_16be_decode_bom_prefix,full,success,0.13859156333333333,,,,
x86_64-unknown-linux-gnu,encoding_rs,0.8.35,utf_16::tests::test_utf_16be_decode_bom_prefixed_split_byte_pair,full,success,0.13276558733333335,,,,
x86_64-unknown-linux-gnu,encoding_rs,0.8.35,utf_16::tests::test_utf_16be_decode_near_end,full,success,0.14284866366666668,,,,
x86_64-unknown-linux-gnu,encoding_rs,0.8.35,utf_16::tests::test_utf_16be_decode_one_by_one,full,success,0.14036768833333335,,,,
x86_64-unknown-linux-gnu,encoding_rs,0.8.35,utf_16::tests::test_utf_16be_decode_three_at_a_time,full,success,0.13774091366666666,,,,
x86_64-unknown-linux-gnu,encoding_rs,0.8.35,utf_16::tests::test_utf_16le_decode_bom_prefix,full,success,0.132875317,,,,
x86_64-unknown-linux-gnu,encoding_rs,0.8.35,utf_16::tests::test_utf_16le_decode_bom_prefixed_split_byte_pair,full,success,0.13205706033333334,,,,
x86_64-unknown-linux-gnu,encoding_rs,0.8.35,utf_16::tests::test_utf_16le_decode_near_end,full,success,0.13176876566666665,,,,
x86_64-unknown-linux-gnu,encoding_rs,0.8.35,utf_16::tests::test_utf_16le_decode_one_by_one,full,success,0.13348286499999998,,,,
x86_64-unknown-linux-gnu,encoding_rs,0.8.35,utf_16::tests::test_utf_16le_decode_three_at_a_time,full,success,0.13687382566666664,,,,
x86_64-unknown-linux-gnu,encoding_rs,0.8.35,utf_8::tests::test_decode_bom_prefix,full,success,0.13638291866666666,,,,
x86_64-unknown-linux-gnu,encoding_rs,0.8.35,utf_8::tests::test_decode_bom_prefixed_split_byte_pair,full,success,0.134053886,,,,
x86_64-unknown-linux-gnu,encoding_rs,0.8.35,utf_8::tests::test_decode_bom_prefixed_split_byte_triple,full,success,0.135542537,,,,
x86_64-unknown-linux-gnu,encoding_rs,0.8.35,utf_8::tests::test_encode_utf8_from_utf16_with_output_limit,full,success,1.5221839736666667,,,,
x86_64-unknown-linux-gnu,encoding_rs,0.8.35,utf_8::tests::test_tail,full,success,0.13009151666666668,,,,
x86_64-unknown-linux-gnu,encoding_rs,0.8.35,utf_8::tests::test_utf8_decode,full,success,0.6473473173333334,,,,
x86_64-unknown-linux-gnu,encoding_rs,0.8.35,utf_8::tests::test_utf8_encode,full,success,0.14135857533333332,,,,
x86_64-unknown-linux-gnu,encoding_rs,0.8.35,utf_8::tests::test_utf8_max_length_from_utf16,full,success,0.13224536100000003,,,,
x86_64-unknown-linux-gnu,encoding_rs,0.8.35,x_user_defined::tests::test_x_user_defined_decode,full,success,0.8485813653333333,,,,
x86_64-unknown-linux-gnu,encoding_rs,0.8.35,x_user_defined::tests::test_x_user_defined_encode,full,success,0.20349850466666666,,,,
x86_64-unknown-linux-gnu,encoding_rs,0.8.35,x_user_defined::tests::test_x_user_defined_from_two_low_surrogates,full,success,0.129708079,,,,
x86_64-unknown-linux-gnu,erased-serde,0.4.10,de::tests::assert_deserializer,full,success,0.13429317766666668,,,,
x86_64-unknown-linux-gnu,erased-serde,0.4.10,de::tests::test_borrowed,full,success,0.1423522316666667,,,,
x86_64-unknown-linux-gnu,erased-serde,0.4.10,de::tests::test_dangle,full,success,0.127193722,,,,
x86_64-unknown-linux-gnu,erased-serde,0.4.10,de::tests::test_enum,full,success,0.17019415933333337,,,,
x86_64-unknown-linux-gnu,erased-serde,0.4.10,de::tests::test_struct,full,success,0.132213557,,,,
x86_64-unknown-linux-gnu,erased-serde,0.4.10,de::tests::test_value,full,success,0.1606670516666667,,,,
x86_64-unknown-linux-gnu,erased-serde,0.4.10,macros::tests::test_generic_bound,full,success,0.1339246736666667,,,,
x86_64-unknown-linux-gnu,erased-serde,0.4.10,macros::tests::test_plain,full,success,0.13467070233333334,,,,
x86_64-unknown-linux-gnu,erased-serde,0.4.10,macros::tests::test_type_parameter,full,success,0.13305648833333336,,,,
x86_64-unknown-linux-gnu,erased-serde,0.4.10,macros::tests::test_where_clause,full,success,0.129281577,,,,
x86_64-unknown-linux-gnu,erased-serde,0.4.10,ser::tests::assert_serialize,full,success,0.135278483,,,,
x86_64-unknown-linux-gnu,erased-serde,0.4.10,ser::tests::test_dangle,full,success,0.12698860466666667,,,,
x86_64-unknown-linux-gnu,erased-serde,0.4.10,ser::tests::test_enum,full,success,0.14606402733333335,,,,
x86_64-unknown-linux-gnu,erased-serde,0.4.10,ser::tests::test_error_custom,full,success,0.13278410866666668,,,,
x86_64-unknown-linux-gnu,erased-serde,0.4.10,ser::tests::test_struct,full,success,0.139781726,,,,
x86_64-unknown-linux-gnu,erased-serde,0.4.10,ser::tests::test_vec,full,success,0.13565152533333336,,,,
x86_64-unknown-linux-gnu,errno,0.3.14,check_description,full,success,0.13118683,,,,
x86_64-unknown-linux-gnu,errno,0.3.14,check_error_into_errno,full,success,0.12893811533333335,,,,
x86_64-unknown-linux-gnu,errno,0.3.14,it_works,full,success,0.13065625366666667,,,,
x86_64-unknown-linux-gnu,errno,0.3.14,it_works_with_to_string,full,success,0.13192741100000002,,,,
x86_64-unknown-linux-gnu,event-listener-strategy,0.5.4,send_and_sync,full,success,0.08952472133333333,,,,
x86_64-unknown-linux-gnu,event-listener,5.4.1,sys::tests::drop_non_notified,full,success,0.13767989333333336,,,,
x86_64-unknown-linux-gnu,event-listener,5.4.1,sys::tests::insert,full,success,0.13142607333333334,,,,
x86_64-unknown-linux-gnu,flate2,1.1.9,crc::tests::combine_matches_concatenation,full,success,0.13709932866666666,,,,
x86_64-unknown-linux-gnu,flate2,1.1.9,crc::tests::known_vector_hello,full,success,0.12635723166666668,,,,
x86_64-unknown-linux-gnu,flate2,1.1.9,crc::tests::known_vector_quick_brown_fox,full,success,0.12872539066666666,,,,
x86_64-unknown-linux-gnu,flate2,1.1.9,crc::tests::new_is_empty,full,success,0.12980265533333335,,,,
x86_64-unknown-linux-gnu,flate2,1.1.9,crc::tests::reset_restores_initial_state,full,success,0.12924467433333334,,,,
x86_64-unknown-linux-gnu,flate2,1.1.9,crc::tests::update_is_streaming,full,success,0.13488020333333334,,,,
x86_64-unknown-linux-gnu,flate2,1.1.9,deflate::bufread::test::decode_extra_data,full,success,13.675301471,,,,
x86_64-unknown-linux-gnu,flate2,1.1.9,deflate::tests::drop_writes,full,success,13.154088870666667,,,,
x86_64-unknown-linux-gnu,flate2,1.1.9,deflate::write::tests::decode_extra_data,full,success,27.861136525000003,,,,
x86_64-unknown-linux-gnu,flate2,1.1.9,gz::bufread::test::decode_extra_data,full,success,14.026358798333334,,,,
x86_64-unknown-linux-gnu,flate2,1.1.9,gz::read::tests::blocked_partial_header_read,full,success,0.13192280633333334,,,,
x86_64-unknown-linux-gnu,flate2,1.1.9,gz::tests::fields,full,success,13.668881696666666,,,,
x86_64-unknown-linux-gnu,flate2,1.1.9,gz::tests::flush_after_write,full,success,4.742001770333333,,,,
x86_64-unknown-linux-gnu,flate2,1.1.9,gz::tests::keep_reading_after_end,full,success,14.526166373999999,,,,
x86_64-unknown-linux-gnu,flate2,1.1.9,gz::tests::read_decoder_detects_corrupted_crc,full,success,1.9945991226666668,,,,
x86_64-unknown-linux-gnu,flate2,1.1.9,gz::tests::roundtrip,full,success,14.457135788333334,,,,
x86_64-unknown-linux-gnu,flate2,1.1.9,gz::tests::roundtrip_header,full,success,0.16977867733333332,,,,
x86_64-unknown-linux-gnu,flate2,1.1.9,gz::tests::roundtrip_zero,full,success,13.850540666,,,,
x86_64-unknown-linux-gnu,flate2,1.1.9,gz::tests::write_decoder_detects_corrupted_crc,full,success,2.0149781253333336,,,,
x86_64-unknown-linux-gnu,flate2,1.1.9,gz::write::tests::decode_extra_data,full,success,26.73543119,,,,
x86_64-unknown-linux-gnu,flate2,1.1.9,gz::write::tests::decode_multi_writer,full,success,49.243812028,,,,
x86_64-unknown-linux-gnu,flate2,1.1.9,gz::write::tests::decode_writer_exact_header,full,success,26.395740775333334,,,,
x86_64-unknown-linux-gnu,flate2,1.1.9,gz::write::tests::decode_writer_one_chunk,full,success,26.951700727000002,,,,
x86_64-unknown-linux-gnu,flate2,1.1.9,gz::write::tests::decode_writer_partial_crc,full,success,27.170058995333335,,,,
x86_64-unknown-linux-gnu,flate2,1.1.9,gz::write::tests::decode_writer_partial_header,full,success,26.705195946333333,,,,
x86_64-unknown-linux-gnu,flate2,1.1.9,gz::write::tests::decode_writer_partial_header_comment,full,success,26.903725622,,,,
x86_64-unknown-linux-gnu,flate2,1.1.9,gz::write::tests::decode_writer_partial_header_filename,full,success,27.072606601666667,,,,
x86_64-unknown-linux-gnu,flate2,1.1.9,mem::tests::issue51,full,success,13.252028197666666,,,,
x86_64-unknown-linux-gnu,flate2,1.1.9,mem::tests::reset,full,success,35.37445988533333,,,,
x86_64-unknown-linux-gnu,flate2,1.1.9,zlib::bufread::test::decode_extra_data,full,success,13.791622496333334,,,,
x86_64-unknown-linux-gnu,flate2,1.1.9,zlib::tests::bad_input,full,success,0.32754356166666665,,,,
x86_64-unknown-linux-gnu,flate2,1.1.9,zlib::tests::drop_writes,full,success,13.440678148333333,,,,
x86_64-unknown-linux-gnu,flate2,1.1.9,zlib::write::tests::decode_extra_data,full,success,29.12090359933333,,,,
x86_64-unknown-linux-gnu,futures-task,0.3.32,noop_waker::tests::issue_2091_cross_thread_segfault,full,success,0.13573038766666667,,,,
x86_64-unknown-linux-gnu,futures-util,0.3.32,lock::mutex::tests::test_mutex_guard_debug_not_recurse,full,success,0.13567241633333335,,,,
x86_64-unknown-linux-gnu,generic-array,1.4.3,impls::tests::test_from_inference,full,success,0.106468275,,,,
x86_64-unknown-linux-gnu,generic-array,1.4.3,iter::test::test_send_iter,full,success,0.106876088,,,,
x86_64-unknown-linux-gnu,generic-array,1.4.3,test::test_assembly,full,success,0.10578525,,,,
x86_64-unknown-linux-gnu,gimli,0.33.0,arch::tests::test_aarch64_registers,full,success,0.27852387566666664,,,,
x86_64-unknown-linux-gnu,gimli,0.33.0,arch::tests::test_power64_registers,full,success,0.2443080986666667,,,,
x86_64-unknown-linux-gnu,gimli,0.33.0,case_fold::tests::test_case_fold,full,success,0.13345330200000002,,,,
x86_64-unknown-linux-gnu,gimli,0.33.0,case_fold::tests::test_case_folding_djb_hash,full,success,0.13925632366666665,,,,
x86_64-unknown-linux-gnu,gimli,0.33.0,constants::tests::test_dw_eh_pe_application,full,success,0.136634259,,,,
x86_64-unknown-linux-gnu,gimli,0.33.0,constants::tests::test_dw_eh_pe_format,full,success,0.13248954200000004,,,,
x86_64-unknown-linux-gnu,gimli,0.33.0,constants::tests::test_dw_eh_pe_is_absent,full,success,0.13551868066666667,,,,
x86_64-unknown-linux-gnu,gimli,0.33.0,constants::tests::test_dw_eh_pe_is_valid_encoding_bad_application,full,success,0.129477931,,,,
x86_64-unknown-linux-gnu,gimli,0.33.0,constants::tests::test_dw_eh_pe_is_valid_encoding_bad_format,full,success,0.12995191466666667,,,,
x86_64-unknown-linux-gnu,gimli,0.33.0,constants::tests::test_dw_eh_pe_is_valid_encoding_ok,full,success,0.13842338966666667,,,,
x86_64-unknown-linux-gnu,gimli,0.33.0,leb128::tests::test_low_bits_of_byte,full,success,0.14348921933333336,,,,
x86_64-unknown-linux-gnu,gimli,0.33.0,leb128::tests::test_low_bits_of_u64,full,success,0.1357675926666667,,,,
x86_64-unknown-linux-gnu,gimli,0.33.0,leb128::tests::test_read_multiple,full,success,0.1493046796666667,,,,
x86_64-unknown-linux-gnu,gimli,0.33.0,leb128::tests::test_read_signed,full,success,0.13239192300000002,,,,
x86_64-unknown-linux-gnu,gimli,0.33.0,leb128::tests::test_read_signed_63_bits,full,success,0.13196637366666666,,,,
x86_64-unknown-linux-gnu,gimli,0.33.0,leb128::tests::test_read_signed_not_enough_data,full,success,0.13401967766666667,,,,
x86_64-unknown-linux-gnu,gimli,0.33.0,leb128::tests::test_read_signed_overflow,full,success,0.13200816,,,,
x86_64-unknown-linux-gnu,gimli,0.33.0,leb128::tests::test_read_u16,full,success,0.13372260933333333,,,,
x86_64-unknown-linux-gnu,gimli,0.33.0,leb128::tests::test_read_unsigned,full,success,0.13228264166666667,,,,
x86_64-unknown-linux-gnu,gimli,0.33.0,leb128::tests::test_read_unsigned_invalid,full,success,0.13368518266666668,,,,
x86_64-unknown-linux-gnu,gimli,0.33.0,leb128::tests::test_read_unsigned_not_enough_data,full,success,0.12982395800000002,,,,
x86_64-unknown-linux-gnu,gimli,0.33.0,leb128::tests::test_read_unsigned_overflow,full,success,0.130979165,,,,
x86_64-unknown-linux-gnu,gimli,0.33.0,leb128::tests::test_write_signed_not_enough_space,full,success,0.137650305,,,,
x86_64-unknown-linux-gnu,gimli,0.33.0,leb128::tests::test_write_unsigned_not_enough_space,full,success,0.13140422366666668,,,,
x86_64-unknown-linux-gnu,gimli,0.33.0,read::abbrev::tests::test_abbreviations_insert,full,success,0.1454559036666667,,,,
x86_64-unknown-linux-gnu,gimli,0.33.0,read::abbrev::tests::test_debug_abbrev_ok,full,success,0.1473241396666667,,,,
x86_64-unknown-linux-gnu,gimli,0.33.0,read::abbrev::tests::test_get_abbrev_zero,full,success,0.133943487,,,,
x86_64-unknown-linux-gnu,gimli,0.33.0,read::abbrev::tests::test_parse_abbreviation_has_children,full,success,0.13507158666666666,,,,
x86_64-unknown-linux-gnu,gimli,0.33.0,read::abbrev::tests::test_parse_abbreviation_implicit_const_no_const,full,success,0.13385911800000003,,,,
x86_64-unknown-linux-gnu,gimli,0.33.0,read::abbrev::tests::test_parse_abbreviation_implicit_const_ok,full,success,0.13430388333333335,,,,
x86_64-unknown-linux-gnu,gimli,0.33.0,read::abbrev::tests::test_parse_abbreviation_ok,full,success,0.13779425666666667,,,,
x86_64-unknown-linux-gnu,gimli,0.33.0,read::abbrev::tests::test_parse_abbreviation_tag_ok,full,success,0.13089653133333334,,,,
x86_64-unknown-linux-gnu,gimli,0.33.0,read::abbrev::tests::test_parse_abbreviation_tag_zero,full,success,0.13021220400000003,,,,
x86_64-unknown-linux-gnu,gimli,0.33.0,read::abbrev::tests::test_parse_abbreviations_duplicate,full,success,0.13885046033333334,,,,
x86_64-unknown-linux-gnu,gimli,0.33.0,read::abbrev::tests::test_parse_abbreviations_ok,full,success,0.146633498,,,,
x86_64-unknown-linux-gnu,gimli,0.33.0,read::abbrev::tests::test_parse_attribute_specifications_form_zero,full,success,0.135130862,,,,
x86_64-unknown-linux-gnu,gimli,0.33.0,read::abbrev::tests::test_parse_attribute_specifications_name_zero,full,success,0.12917317366666667,,,,
x86_64-unknown-linux-gnu,gimli,0.33.0,read::abbrev::tests::test_parse_null_abbreviation_ok,full,success,0.13761963566666668,,,,
x86_64-unknown-linux-gnu,gimli,0.33.0,read::abbrev::tests::test_parse_null_attribute_specification_ok,full,success,0.13246107733333334,,,,
x86_64-unknown-linux-gnu,gimli,0.33.0,read::addr::tests::test_get_address,full,success,0.18021001300000003,,,,
x86_64-unknown-linux-gnu,gimli,0.33.0,read::addr::tests::test_iterator,full,success,0.146181011,,,,
x86_64-unknown-linux-gnu,gimli,0.33.0,read::aranges::tests::test_iterate_headers,full,success,0.13671785666666667,,,,
x86_64-unknown-linux-gnu,gimli,0.33.0,read::aranges::tests::test_parse_entry_ok,full,success,0.12958882933333335,,,,
x86_64-unknown-linux-gnu,gimli,0.33.0,read::aranges::tests::test_parse_entry_overflow_32,full,success,0.13518972000000004,,,,
x86_64-unknown-linux-gnu,gimli,0.33.0,read::aranges::tests::test_parse_entry_overflow_64,full,success,0.13295023766666667,,,,
x86_64-unknown-linux-gnu,gimli,0.33.0,read::aranges::tests::test_parse_entry_tombstone_32,full,success,0.140407148,,,,
x86_64-unknown-linux-gnu,gimli,0.33.0,read::aranges::tests::test_parse_entry_tombstone_64,full,success,0.13284459766666668,,,,
x86_64-unknown-linux-gnu,gimli,0.33.0,read::aranges::tests::test_parse_entry_zero,full,success,0.13807399733333334,,,,
x86_64-unknown-linux-gnu,gimli,0.33.0,read::aranges::tests::test_parse_header_div_by_zero_error,full,success,0.13544145566666668,,,,
x86_64-unknown-linux-gnu,gimli,0.33.0,read::aranges::tests::test_parse_header_ok,full,success,0.132605296,,,,
x86_64-unknown-linux-gnu,gimli,0.33.0,read::aranges::tests::test_parse_header_overflow_error,full,success,0.14690789866666668,,,,
x86_64-unknown-linux-gnu,gimli,0.33.0,read::cfi::tests::iter_register_rules,full,success,0.13389095733333334,,,,
x86_64-unknown-linux-gnu,gimli,0.33.0,read::cfi::tests::register_rule_map_eq,full,success,0.13649436233333337,,,,
x86_64-unknown-linux-gnu,gimli,0.33.0,read::cfi::tests::size_of_register_rule_map,full,success,0.14015055866666667,,,,
x86_64-unknown-linux-gnu,gimli,0.33.0,read::cfi::tests::size_of_unwind_ctx,full,success,0.13144700833333334,,,,
x86_64-unknown-linux-gnu,gimli,0.33.0,read::cfi::tests::test_augmentation_parse_L,full,success,0.13499880133333333,,,,
x86_64-unknown-linux-gnu,gimli,0.33.0,read::cfi::tests::test_augmentation_parse_P,full,success,0.13345714033333334,,,,
x86_64-unknown-linux-gnu,gimli,0.33.0,read::cfi::tests::test_augmentation_parse_R,full,success,0.13459094566666666,,,,
x86_64-unknown-linux-gnu,gimli,0.33.0,read::cfi::tests::test_augmentation_parse_S,full,success,0.1374070146666667,,,,
x86_64-unknown-linux-gnu,gimli,0.33.0,read::cfi::tests::test_augmentation_parse_all,full,success,0.13666229333333335,,,,
x86_64-unknown-linux-gnu,gimli,0.33.0,read::cfi::tests::test_augmentation_parse_just_signal_trampoline,full,success,0.13638493633333335,,,,
x86_64-unknown-linux-gnu,gimli,0.33.0,read::cfi::tests::test_augmentation_parse_not_z_augmentation,full,success,0.131761557,,,,
x86_64-unknown-linux-gnu,gimli,0.33.0,read::cfi::tests::test_augmentation_parse_unknown_part_of_z_augmentation,full,success,0.13995169533333332,,,,
x86_64-unknown-linux-gnu,gimli,0.33.0,read::cfi::tests::test_call_frame_instruction_iter_err,full,success,0.13650033766666667,,,,
x86_64-unknown-linux-gnu,gimli,0.33.0,read::cfi::tests::test_call_frame_instruction_iter_ok,full,success,0.13950948100000002,,,,
x86_64-unknown-linux-gnu,gimli,0.33.0,read::cfi::tests::test_cfi_entries_iter,full,success,0.1748495356666667,,,,
x86_64-unknown-linux-gnu,gimli,0.33.0,read::cfi::tests::test_debug_frame_skips_zero_length,full,success,0.150023341,,,,
x86_64-unknown-linux-gnu,gimli,0.33.0,read::cfi::tests::test_eh_frame_cie_personality_function_relative_bad_context,full,success,0.14763713300000003,,,,
x86_64-unknown-linux-gnu,gimli,0.33.0,read::cfi::tests::test_eh_frame_fde_empty_augmentation,full,success,0.14656555866666668,,,,
x86_64-unknown-linux-gnu,gimli,0.33.0,read::cfi::tests::test_eh_frame_fde_for_address_good,full,success,0.17562633400000002,,,,
x86_64-unknown-linux-gnu,gimli,0.33.0,read::cfi::tests::test_eh_frame_fde_lsda_augmentation,full,success,0.142792314,,,,
x86_64-unknown-linux-gnu,gimli,0.33.0,read::cfi::tests::test_eh_frame_fde_lsda_function_relative,full,success,0.142529771,,,,
x86_64-unknown-linux-gnu,gimli,0.33.0,read::cfi::tests::test_eh_frame_fde_no_augmentation,full,success,0.13966770233333334,,,,
x86_64-unknown-linux-gnu,gimli,0.33.0,read::cfi::tests::test_eh_frame_fde_ok,full,success,0.14747064499999998,,,,
x86_64-unknown-linux-gnu,gimli,0.33.0,read::cfi::tests::test_eh_frame_fde_out_of_bounds,full,success,0.15513889066666667,,,,
x86_64-unknown-linux-gnu,gimli,0.33.0,read::cfi::tests::test_eh_frame_hdr_good,full,success,0.146499058,,,,
x86_64-unknown-linux-gnu,gimli,0.33.0,read::cfi::tests::test_eh_frame_hdr_indirect_length,full,success,0.134037176,,,,
x86_64-unknown-linux-gnu,gimli,0.33.0,read::cfi::tests::test_eh_frame_hdr_indirect_ptrs,full,success,0.14151012033333335,,,,
x86_64-unknown-linux-gnu,gimli,0.33.0,read::cfi::tests::test_eh_frame_hdr_omit_count,full,success,0.13275008466666668,,,,
x86_64-unknown-linux-gnu,gimli,0.33.0,read::cfi::tests::test_eh_frame_hdr_omit_ehptr,full,success,0.13431078766666668,,,,
x86_64-unknown-linux-gnu,gimli,0.33.0,read::cfi::tests::test_eh_frame_hdr_omit_table,full,success,0.13251179666666668,,,,
x86_64-unknown-linux-gnu,gimli,0.33.0,read::cfi::tests::test_eh_frame_hdr_unknown_version,full,success,0.13348647,,,,
x86_64-unknown-linux-gnu,gimli,0.33.0,read::cfi::tests::test_eh_frame_hdr_varlen_table,full,success,0.1337891406666667,,,,
x86_64-unknown-linux-gnu,gimli,0.33.0,read::cfi::tests::test_eh_frame_resolve_cie_offset_ok,full,success,0.14310575066666667,,,,
x86_64-unknown-linux-gnu,gimli,0.33.0,read::cfi::tests::test_eh_frame_resolve_cie_offset_out_of_bounds,full,success,0.14213679066666668,,,,
x86_64-unknown-linux-gnu,gimli,0.33.0,read::cfi::tests::test_eh_frame_resolve_cie_offset_underflow,full,success,0.13835097400000002,,,,
x86_64-unknown-linux-gnu,gimli,0.33.0,read::cfi::tests::test_eh_frame_stops_at_zero_length,full,success,0.14007757266666668,,,,
x86_64-unknown-linux-gnu,gimli,0.33.0,read::cfi::tests::test_eval_advance_loc,full,success,0.13154507133333335,,,,
x86_64-unknown-linux-gnu,gimli,0.33.0,read::cfi::tests::test_eval_advance_loc_overflow_32,full,success,0.13214947533333335,,,,
x86_64-unknown-linux-gnu,gimli,0.33.0,read::cfi::tests::test_eval_advance_loc_overflow_64,full,success,0.13282367233333334,,,,
x86_64-unknown-linux-gnu,gimli,0.33.0,read::cfi::tests::test_eval_def_cfa,full,success,0.13184038533333334,,,,
x86_64-unknown-linux-gnu,gimli,0.33.0,read::cfi::tests::test_eval_def_cfa_expression,full,success,0.132660428,,,,
x86_64-unknown-linux-gnu,gimli,0.33.0,read::cfi::tests::test_eval_def_cfa_offset,full,success,0.13654202266666668,,,,
x86_64-unknown-linux-gnu,gimli,0.33.0,read::cfi::tests::test_eval_def_cfa_offset_invalid_context,full,success,0.13267755933333336,,,,
x86_64-unknown-linux-gnu,gimli,0.33.0,read::cfi::tests::test_eval_def_cfa_register,full,success,0.13622718633333333,,,,
x86_64-unknown-linux-gnu,gimli,0.33.0,read::cfi::tests::test_eval_def_cfa_register_invalid_context,full,success,0.1407451106666667,,,,
x86_64-unknown-linux-gnu,gimli,0.33.0,read::cfi::tests::test_eval_def_cfa_sf,full,success,0.13625203900000002,,,,
x86_64-unknown-linux-gnu,gimli,0.33.0,read::cfi::tests::test_eval_expression,full,success,0.14045450433333337,,,,
x86_64-unknown-linux-gnu,gimli,0.33.0,read::cfi::tests::test_eval_negate_ra_state,full,success,0.14809956266666668,,,,
x86_64-unknown-linux-gnu,gimli,0.33.0,read::cfi::tests::test_eval_nop,full,success,0.13495487233333334,,,,
x86_64-unknown-linux-gnu,gimli,0.33.0,read::cfi::tests::test_eval_offset,full,success,0.13938229166666669,,,,
x86_64-unknown-linux-gnu,gimli,0.33.0,read::cfi::tests::test_eval_offset_extended_sf,full,success,0.14494550233333334,,,,
x86_64-unknown-linux-gnu,gimli,0.33.0,read::cfi::tests::test_eval_remember_state,full,success,0.13417969366666668,,,,
x86_64-unknown-linux-gnu,gimli,0.33.0,read::cfi::tests::test_eval_restore,full,success,0.13952110766666667,,,,
x86_64-unknown-linux-gnu,gimli,0.33.0,read::cfi::tests::test_eval_restore_havent_saved_initial_context,full,success,0.13325051166666668,,,,
x86_64-unknown-linux-gnu,gimli,0.33.0,read::cfi::tests::test_eval_restore_state,full,success,0.13991940633333336,,,,
x86_64-unknown-linux-gnu,gimli,0.33.0,read::cfi::tests::test_eval_same_value,full,success,0.1394936526666667,,,,
x86_64-unknown-linux-gnu,gimli,0.33.0,read::cfi::tests::test_eval_set_loc,full,success,0.13767634400000003,,,,
x86_64-unknown-linux-gnu,gimli,0.33.0,read::cfi::tests::test_eval_set_loc_backwards,full,success,0.13299328166666669,,,,
x86_64-unknown-linux-gnu,gimli,0.33.0,read::cfi::tests::test_eval_undefined,full,success,0.13594411933333336,,,,
x86_64-unknown-linux-gnu,gimli,0.33.0,read::cfi::tests::test_eval_val_expression,full,success,0.13492040766666666,,,,
x86_64-unknown-linux-gnu,gimli,0.33.0,read::cfi::tests::test_eval_val_offset,full,success,0.13913003533333335,,,,
x86_64-unknown-linux-gnu,gimli,0.33.0,read::cfi::tests::test_eval_val_offset_sf,full,success,0.13917398,,,,
x86_64-unknown-linux-gnu,gimli,0.33.0,read::cfi::tests::test_parse_cfi_entry_on_cie_32_ok,full,success,0.15528504166666668,,,,
x86_64-unknown-linux-gnu,gimli,0.33.0,read::cfi::tests::test_parse_cfi_entry_on_fde_32_ok,full,success,0.139880684,,,,
x86_64-unknown-linux-gnu,gimli,0.33.0,read::cfi::tests::test_parse_cfi_instruction_advance_loc,full,success,0.13653073933333335,,,,
x86_64-unknown-linux-gnu,gimli,0.33.0,read::cfi::tests::test_parse_cfi_instruction_advance_loc1,full,success,0.133680189,,,,
x86_64-unknown-linux-gnu,gimli,0.33.0,read::cfi::tests::test_parse_cfi_instruction_advance_loc2,full,success,0.134928292,,,,
x86_64-unknown-linux-gnu,gimli,0.33.0,read::cfi::tests::test_parse_cfi_instruction_advance_loc4,full,success,0.1327054686666667,,,,
x86_64-unknown-linux-gnu,gimli,0.33.0,read::cfi::tests::test_parse_cfi_instruction_def_cfa,full,success,0.13516603566666666,,,,
x86_64-unknown-linux-gnu,gimli,0.33.0,read::cfi::tests::test_parse_cfi_instruction_def_cfa_expression,full,success,0.14146747533333334,,,,
x86_64-unknown-linux-gnu,gimli,0.33.0,read::cfi::tests::test_parse_cfi_instruction_def_cfa_offset,full,success,0.13656509333333333,,,,
x86_64-unknown-linux-gnu,gimli,0.33.0,read::cfi::tests::test_parse_cfi_instruction_def_cfa_offset_sf,full,success,0.13269008399999999,,,,
x86_64-unknown-linux-gnu,gimli,0.33.0,read::cfi::tests::test_parse_cfi_instruction_def_cfa_register,full,success,0.133339464,,,,
x86_64-unknown-linux-gnu,gimli,0.33.0,read::cfi::tests::test_parse_cfi_instruction_def_cfa_sf,full,success,0.13544917366666667,,,,
x86_64-unknown-linux-gnu,gimli,0.33.0,read::cfi::tests::test_parse_cfi_instruction_expression,full,success,0.13891520100000002,,,,
x86_64-unknown-linux-gnu,gimli,0.33.0,read::cfi::tests::test_parse_cfi_instruction_negate_ra_state,full,success,0.13593381133333335,,,,
x86_64-unknown-linux-gnu,gimli,0.33.0,read::cfi::tests::test_parse_cfi_instruction_nop,full,success,0.13800517633333334,,,,
x86_64-unknown-linux-gnu,gimli,0.33.0,read::cfi::tests::test_parse_cfi_instruction_offset,full,success,0.15125297133333335,,,,
x86_64-unknown-linux-gnu,gimli,0.33.0,read::cfi::tests::test_parse_cfi_instruction_offset_extended,full,success,0.1366284156666667,,,,
x86_64-unknown-linux-gnu,gimli,0.33.0,read::cfi::tests::test_parse_cfi_instruction_offset_extended_sf,full,success,0.14707366200000002,,,,
x86_64-unknown-linux-gnu,gimli,0.33.0,read::cfi::tests::test_parse_cfi_instruction_register,full,success,0.14085811666666667,,,,
x86_64-unknown-linux-gnu,gimli,0.33.0,read::cfi::tests::test_parse_cfi_instruction_remember_state,full,success,0.13490261233333334,,,,
x86_64-unknown-linux-gnu,gimli,0.33.0,read::cfi::tests::test_parse_cfi_instruction_restore,full,success,0.140172917,,,,
x86_64-unknown-linux-gnu,gimli,0.33.0,read::cfi::tests::test_parse_cfi_instruction_restore_extended,full,success,0.138875946,,,,
x86_64-unknown-linux-gnu,gimli,0.33.0,read::cfi::tests::test_parse_cfi_instruction_restore_state,full,success,0.13249849800000002,,,,
x86_64-unknown-linux-gnu,gimli,0.33.0,read::cfi::tests::test_parse_cfi_instruction_same_value,full,success,0.13505316666666667,,,,
x86_64-unknown-linux-gnu,gimli,0.33.0,read::cfi::tests::test_parse_cfi_instruction_set_loc,full,success,0.13217289866666668,,,,
x86_64-unknown-linux-gnu,gimli,0.33.0,read::cfi::tests::test_parse_cfi_instruction_set_loc_encoding,full,success,0.13093050633333334,,,,
x86_64-unknown-linux-gnu,gimli,0.33.0,read::cfi::tests::test_parse_cfi_instruction_undefined,full,success,0.13324881,,,,
x86_64-unknown-linux-gnu,gimli,0.33.0,read::cfi::tests::test_parse_cfi_instruction_unknown_instruction,full,success,0.13188192066666668,,,,
x86_64-unknown-linux-gnu,gimli,0.33.0,read::cfi::tests::test_parse_cfi_instruction_val_expression,full,success,0.141174683,,,,
x86_64-unknown-linux-gnu,gimli,0.33.0,read::cfi::tests::test_parse_cfi_instruction_val_offset,full,success,0.13472115766666667,,,,
x86_64-unknown-linux-gnu,gimli,0.33.0,read::cfi::tests::test_parse_cfi_instruction_val_offset_sf,full,success,0.13368050833333336,,,,
x86_64-unknown-linux-gnu,gimli,0.33.0,read::cfi::tests::test_parse_cie_32_bad_version,full,success,0.14681765933333335,,,,
x86_64-unknown-linux-gnu,gimli,0.33.0,read::cfi::tests::test_parse_cie_32_ok,full,success,0.16736172533333335,,,,
x86_64-unknown-linux-gnu,gimli,0.33.0,read::cfi::tests::test_parse_cie_64_ok,full,success,0.16903312466666667,,,,
x86_64-unknown-linux-gnu,gimli,0.33.0,read::cfi::tests::test_parse_cie_bad_id_32,full,success,0.13632592000000002,,,,
x86_64-unknown-linux-gnu,gimli,0.33.0,read::cfi::tests::test_parse_cie_from_offset,full,success,0.14706897933333332,,,,
x86_64-unknown-linux-gnu,gimli,0.33.0,read::cfi::tests::test_parse_cie_incomplete_id_32,full,success,0.13845026533333335,,,,
x86_64-unknown-linux-gnu,gimli,0.33.0,read::cfi::tests::test_parse_cie_incomplete_length_32,full,success,0.13961018233333336,,,,
x86_64-unknown-linux-gnu,gimli,0.33.0,read::cfi::tests::test_parse_cie_incomplete_length_64,full,success,0.13569357266666668,,,,
x86_64-unknown-linux-gnu,gimli,0.33.0,read::cfi::tests::test_parse_cie_length_too_big,full,success,0.143556029,,,,
x86_64-unknown-linux-gnu,gimli,0.33.0,read::cfi::tests::test_parse_cie_unknown_augmentation,full,success,0.143687168,,,,
x86_64-unknown-linux-gnu,gimli,0.33.0,read::cfi::tests::test_parse_encoded_pointer_absptr,full,success,0.13900105466666668,,,,
x86_64-unknown-linux-gnu,gimli,0.33.0,read::cfi::tests::test_parse_encoded_pointer_aligned,full,success,0.13725999233333333,,,,
x86_64-unknown-linux-gnu,gimli,0.33.0,read::cfi::tests::test_parse_encoded_pointer_bad_encoding,full,success,0.13615726533333336,,,,
x86_64-unknown-linux-gnu,gimli,0.33.0,read::cfi::tests::test_parse_encoded_pointer_datarel,full,success,0.1424685586666667,,,,
x86_64-unknown-linux-gnu,gimli,0.33.0,read::cfi::tests::test_parse_encoded_pointer_datarel_undefined,full,success,0.13470345800000003,,,,
x86_64-unknown-linux-gnu,gimli,0.33.0,read::cfi::tests::test_parse_encoded_pointer_funcrel,full,success,0.13652625133333332,,,,
x86_64-unknown-linux-gnu,gimli,0.33.0,read::cfi::tests::test_parse_encoded_pointer_funcrel_undefined,full,success,0.13996162166666667,,,,
x86_64-unknown-linux-gnu,gimli,0.33.0,read::cfi::tests::test_parse_encoded_pointer_indirect,full,success,0.14014078600000002,,,,
x86_64-unknown-linux-gnu,gimli,0.33.0,read::cfi::tests::test_parse_encoded_pointer_omit,full,success,0.13562004933333335,,,,
x86_64-unknown-linux-gnu,gimli,0.33.0,read::cfi::tests::test_parse_encoded_pointer_pcrel,full,success,0.136983441,,,,
x86_64-unknown-linux-gnu,gimli,0.33.0,read::cfi::tests::test_parse_encoded_pointer_pcrel_undefined,full,success,0.13591665033333333,,,,
x86_64-unknown-linux-gnu,gimli,0.33.0,read::cfi::tests::test_parse_encoded_pointer_sdata2,full,success,0.13459606766666668,,,,
x86_64-unknown-linux-gnu,gimli,0.33.0,read::cfi::tests::test_parse_encoded_pointer_sdata4,full,success,0.13912561433333334,,,,
x86_64-unknown-linux-gnu,gimli,0.33.0,read::cfi::tests::test_parse_encoded_pointer_sdata8,full,success,0.14270389000000003,,,,
x86_64-unknown-linux-gnu,gimli,0.33.0,read::cfi::tests::test_parse_encoded_pointer_sleb128,full,success,0.139146755,,,,
x86_64-unknown-linux-gnu,gimli,0.33.0,read::cfi::tests::test_parse_encoded_pointer_textrel,full,success,0.13823481066666668,,,,
x86_64-unknown-linux-gnu,gimli,0.33.0,read::cfi::tests::test_parse_encoded_pointer_textrel_undefined,full,success,0.13494450833333335,,,,
x86_64-unknown-linux-gnu,gimli,0.33.0,read::cfi::tests::test_parse_encoded_pointer_udata2,full,success,0.14112941033333334,,,,
x86_64-unknown-linux-gnu,gimli,0.33.0,read::cfi::tests::test_parse_encoded_pointer_udata4,full,success,0.14397462066666666,,,,
x86_64-unknown-linux-gnu,gimli,0.33.0,read::cfi::tests::test_parse_encoded_pointer_udata8,full,success,0.13673530966666667,,,,
x86_64-unknown-linux-gnu,gimli,0.33.0,read::cfi::tests::test_parse_encoded_pointer_uleb128,full,success,0.13691107333333333,,,,
x86_64-unknown-linux-gnu,gimli,0.33.0,read::cfi::tests::test_parse_fde_32_ok,full,success,0.14913504,,,,
x86_64-unknown-linux-gnu,gimli,0.33.0,read::cfi::tests::test_parse_fde_64_ok,full,success,0.14962264466666667,,,,
x86_64-unknown-linux-gnu,gimli,0.33.0,read::cfi::tests::test_parse_fde_incomplete_cie_pointer_32,full,success,0.13918678266666668,,,,
x86_64-unknown-linux-gnu,gimli,0.33.0,read::cfi::tests::test_parse_fde_incomplete_length_32,full,success,0.14607359333333333,,,,
x86_64-unknown-linux-gnu,gimli,0.33.0,read::cfi::tests::test_parse_fde_incomplete_length_64,full,success,0.13318511533333335,,,,
x86_64-unknown-linux-gnu,gimli,0.33.0,read::cfi::tests::test_parse_pointer_encoding_bad_encoding,full,success,0.13269834800000002,,,,
x86_64-unknown-linux-gnu,gimli,0.33.0,read::cfi::tests::test_parse_pointer_encoding_ok,full,success,0.1353723,,,,
x86_64-unknown-linux-gnu,gimli,0.33.0,read::cfi::tests::test_unwind_context_reuse,full,success,0.14350934133333335,,,,
x86_64-unknown-linux-gnu,gimli,0.33.0,read::cfi::tests::test_unwind_info_for_address_not_found,full,success,0.13692385266666668,,,,
x86_64-unknown-linux-gnu,gimli,0.33.0,read::cfi::tests::test_unwind_info_for_address_ok,full,success,0.19482434633333334,,,,
x86_64-unknown-linux-gnu,gimli,0.33.0,read::cfi::tests::test_unwind_table_cie_invalid_rule,full,success,0.14038859066666667,,,,
x86_64-unknown-linux-gnu,gimli,0.33.0,read::cfi::tests::test_unwind_table_cie_no_rule,full,success,0.14121835766666668,,,,
x86_64-unknown-linux-gnu,gimli,0.33.0,read::cfi::tests::test_unwind_table_cie_single_rule,full,success,0.1620217926666667,,,,
x86_64-unknown-linux-gnu,gimli,0.33.0,read::cfi::tests::test_unwind_table_next_row,full,success,0.1814990883333333,,,,
x86_64-unknown-linux-gnu,gimli,0.33.0,read::dwarf::tests::test_dwarf_unit_variance,full,success,0.13634338000000001,,,,
x86_64-unknown-linux-gnu,gimli,0.33.0,read::dwarf::tests::test_dwarf_variance,full,success,0.13374354066666666,,,,
x86_64-unknown-linux-gnu,gimli,0.33.0,read::dwarf::tests::test_format_error,full,success,0.14507415466666665,,,,
x86_64-unknown-linux-gnu,gimli,0.33.0,read::dwarf::tests::test_send,full,success,0.14282159633333333,,,,
x86_64-unknown-linux-gnu,gimli,0.33.0,read::endian_reader::tests::bytes_and_len_and_range_and_eq,full,success,0.134140568,,,,
x86_64-unknown-linux-gnu,gimli,0.33.0,read::endian_reader::tests::empty,full,success,0.133429598,,,,
x86_64-unknown-linux-gnu,gimli,0.33.0,read::endian_reader::tests::endian,full,success,0.14481327500000002,,,,
x86_64-unknown-linux-gnu,gimli,0.33.0,read::endian_reader::tests::find,full,success,0.14227919566666666,,,,
x86_64-unknown-linux-gnu,gimli,0.33.0,read::endian_reader::tests::indexing,full,success,0.13287310033333335,,,,
x86_64-unknown-linux-gnu,gimli,0.33.0,read::endian_reader::tests::indexing_out_of_bounds,full,success,0.1359414866666667,,,,
x86_64-unknown-linux-gnu,gimli,0.33.0,read::endian_reader::tests::offset_from,full,success,0.13267993433333333,,,,
x86_64-unknown-linux-gnu,gimli,0.33.0,read::endian_reader::tests::read_u8_array,full,success,0.13515607866666668,,,,
x86_64-unknown-linux-gnu,gimli,0.33.0,read::endian_reader::tests::skip,full,success,0.13600071300000002,,,,
x86_64-unknown-linux-gnu,gimli,0.33.0,read::endian_reader::tests::test_reader_split,full,success,0.13477726333333334,,,,
x86_64-unknown-linux-gnu,gimli,0.33.0,read::endian_reader::tests::test_reader_split_out_of_bounds,full,success,0.13705325200000001,,,,
x86_64-unknown-linux-gnu,gimli,0.33.0,read::endian_reader::tests::to_slice,full,success,0.13347550700000002,,,,
x86_64-unknown-linux-gnu,gimli,0.33.0,read::endian_reader::tests::to_string_err,full,success,0.13728724166666667,,,,
x86_64-unknown-linux-gnu,gimli,0.33.0,read::endian_reader::tests::to_string_lossy,full,success,0.1357625716666667,,,,
x86_64-unknown-linux-gnu,gimli,0.33.0,read::endian_reader::tests::to_string_ok,full,success,0.13769549333333334,,,,
x86_64-unknown-linux-gnu,gimli,0.33.0,read::endian_reader::tests::truncate,full,success,0.1323516836666667,,,,
x86_64-unknown-linux-gnu,gimli,0.33.0,read::endian_slice::tests::test_endian_slice_split_at,full,success,0.13806105466666665,,,,
x86_64-unknown-linux-gnu,gimli,0.33.0,read::endian_slice::tests::test_endian_slice_split_at_out_of_bounds,full,success,0.14068830033333335,,,,
x86_64-unknown-linux-gnu,gimli,0.33.0,read::index::tests::test_cu_index,full,success,0.13513451100000004,,,,
x86_64-unknown-linux-gnu,gimli,0.33.0,read::index::tests::test_empty,full,success,0.13506643133333335,,,,
x86_64-unknown-linux-gnu,gimli,0.33.0,read::index::tests::test_hash,full,success,0.14587436033333334,,,,
x86_64-unknown-linux-gnu,gimli,0.33.0,read::index::tests::test_tu_index,full,success,0.13771872966666668,,,,
x86_64-unknown-linux-gnu,gimli,0.33.0,read::index::tests::test_version_2,full,success,0.13775538366666665,,,,
x86_64-unknown-linux-gnu,gimli,0.33.0,read::index::tests::test_version_2_sections,full,success,0.15882326066666666,,,,
x86_64-unknown-linux-gnu,gimli,0.33.0,read::index::tests::test_version_5,full,success,0.14670387800000004,,,,
x86_64-unknown-linux-gnu,gimli,0.33.0,read::index::tests::test_version_5_invalid,full,success,0.13542466633333336,,,,
x86_64-unknown-linux-gnu,gimli,0.33.0,read::index::tests::test_version_5_sections,full,success,0.146236157,,,,
x86_64-unknown-linux-gnu,gimli,0.33.0,read::index::tests::test_zero_slots,full,success,0.14351275700000002,,,,
x86_64-unknown-linux-gnu,gimli,0.33.0,read::line::tests::test_exec_advance_line,full,success,0.136224284,,,,
x86_64-unknown-linux-gnu,gimli,0.33.0,read::line::tests::test_exec_advance_line_overflow,full,success,0.13305280633333336,,,,
x86_64-unknown-linux-gnu,gimli,0.33.0,read::line::tests::test_exec_advance_pc,full,success,0.135988576,,,,
x86_64-unknown-linux-gnu,gimli,0.33.0,read::line::tests::test_exec_advance_pc_overflow_32,full,success,0.13809729066666668,,,,
x86_64-unknown-linux-gnu,gimli,0.33.0,read::line::tests::test_exec_advance_pc_overflow_64,full,success,0.140211529,,,,
x86_64-unknown-linux-gnu,gimli,0.33.0,read::line::tests::test_exec_const_add_pc,full,success,0.140112634,,,,
x86_64-unknown-linux-gnu,gimli,0.33.0,read::line::tests::test_exec_const_add_pc_overflow,full,success,0.13394374566666667,,,,
x86_64-unknown-linux-gnu,gimli,0.33.0,read::line::tests::test_exec_copy,full,success,0.13541692066666666,,,,
x86_64-unknown-linux-gnu,gimli,0.33.0,read::line::tests::test_exec_define_file,full,success,0.14720490933333333,,,,
x86_64-unknown-linux-gnu,gimli,0.33.0,read::line::tests::test_exec_end_sequence,full,success,0.13601726,,,,
x86_64-unknown-linux-gnu,gimli,0.33.0,read::line::tests::test_exec_fixed_add_pc,full,success,0.13690161833333334,,,,
x86_64-unknown-linux-gnu,gimli,0.33.0,read::line::tests::test_exec_fixed_add_pc_overflow,full,success,0.13565219766666667,,,,
x86_64-unknown-linux-gnu,gimli,0.33.0,read::line::tests::test_exec_negate_statement,full,success,0.133348142,,,,
x86_64-unknown-linux-gnu,gimli,0.33.0,read::line::tests::test_exec_set_address,full,success,0.13505862800000001,,,,
x86_64-unknown-linux-gnu,gimli,0.33.0,read::line::tests::test_exec_set_address_backwards,full,success,0.13053550266666666,,,,
x86_64-unknown-linux-gnu,gimli,0.33.0,read::line::tests::test_exec_set_address_tombstone,full,success,0.13350177900000001,,,,
x86_64-unknown-linux-gnu,gimli,0.33.0,read::line::tests::test_exec_set_basic_block,full,success,0.13826901533333333,,,,
x86_64-unknown-linux-gnu,gimli,0.33.0,read::line::tests::test_exec_set_column,full,success,0.13888861100000002,,,,
x86_64-unknown-linux-gnu,gimli,0.33.0,read::line::tests::test_exec_set_discriminator,full,success,0.1441849716666667,,,,
x86_64-unknown-linux-gnu,gimli,0.33.0,read::line::tests::test_exec_set_file_in_bounds,full,success,0.14007370066666666,,,,
x86_64-unknown-linux-gnu,gimli,0.33.0,read::line::tests::test_exec_set_file_out_of_bounds,full,success,0.13294946600000002,,,,
x86_64-unknown-linux-gnu,gimli,0.33.0,read::line::tests::test_exec_set_isa,full,success,0.13807695866666667,,,,
x86_64-unknown-linux-gnu,gimli,0.33.0,read::line::tests::test_exec_set_prologue_end,full,success,0.13755577566666669,,,,
x86_64-unknown-linux-gnu,gimli,0.33.0,read::line::tests::test_exec_special_line_underflow,full,success,0.14169223633333333,,,,
x86_64-unknown-linux-gnu,gimli,0.33.0,read::line::tests::test_exec_special_negative_line_advance,full,success,0.13475453033333332,,,,
x86_64-unknown-linux-gnu,gimli,0.33.0,read::line::tests::test_exec_special_noop,full,success,0.140701085,,,,
x86_64-unknown-linux-gnu,gimli,0.33.0,read::line::tests::test_exec_special_positive_address_advance,full,success,0.145615117,,,,
x86_64-unknown-linux-gnu,gimli,0.33.0,read::line::tests::test_exec_special_positive_address_and_line_advance,full,success,0.13504116433333332,,,,
x86_64-unknown-linux-gnu,gimli,0.33.0,read::line::tests::test_exec_special_positive_address_and_negative_line_advance,full,success,0.135903925,,,,
x86_64-unknown-linux-gnu,gimli,0.33.0,read::line::tests::test_exec_special_positive_line_advance,full,success,0.14351880500000003,,,,
x86_64-unknown-linux-gnu,gimli,0.33.0,read::line::tests::test_exec_unknown_extended,full,success,0.13710927866666667,,,,
x86_64-unknown-linux-gnu,gimli,0.33.0,read::line::tests::test_exec_unknown_standard_0,full,success,0.13052011433333333,,,,
x86_64-unknown-linux-gnu,gimli,0.33.0,read::line::tests::test_exec_unknown_standard_1,full,success,0.13167681966666667,,,,
x86_64-unknown-linux-gnu,gimli,0.33.0,read::line::tests::test_exec_unknown_standard_n,full,success,0.13460581066666666,,,,
x86_64-unknown-linux-gnu,gimli,0.33.0,read::line::tests::test_file_entry_directory,full,success,0.13439311766666667,,,,
x86_64-unknown-linux-gnu,gimli,0.33.0,read::line::tests::test_file_entry_file_index_in_bounds,full,success,0.13814438566666665,,,,
x86_64-unknown-linux-gnu,gimli,0.33.0,read::line::tests::test_file_entry_file_index_out_of_bounds,full,success,0.136905046,,,,
x86_64-unknown-linux-gnu,gimli,0.33.0,read::line::tests::test_parse_debug_line_32_ok,full,success,0.154864836,,,,
x86_64-unknown-linux-gnu,gimli,0.33.0,read::line::tests::test_parse_debug_line_header_length_too_short,full,success,0.1456970506666667,,,,
x86_64-unknown-linux-gnu,gimli,0.33.0,read::line::tests::test_parse_debug_line_unit_length_too_short,full,success,0.13817805933333335,,,,
x86_64-unknown-linux-gnu,gimli,0.33.0,read::line::tests::test_parse_debug_line_v5_ok,full,success,0.21075922533333336,,,,
x86_64-unknown-linux-gnu,gimli,0.33.0,read::line::tests::test_parse_extended_opcodes,full,success,0.14144397466666667,,,,
x86_64-unknown-linux-gnu,gimli,0.33.0,read::line::tests::test_parse_special_opcodes,full,success,0.20755315500000002,,,,
x86_64-unknown-linux-gnu,gimli,0.33.0,read::line::tests::test_parse_standard_opcodes,full,success,0.13978014566666666,,,,
x86_64-unknown-linux-gnu,gimli,0.33.0,read::line::tests::test_parse_unknown_standard_opcode_many_args,full,success,0.1355076456666667,,,,
x86_64-unknown-linux-gnu,gimli,0.33.0,read::line::tests::test_parse_unknown_standard_opcode_no_args,full,success,0.13625600100000002,,,,
x86_64-unknown-linux-gnu,gimli,0.33.0,read::line::tests::test_parse_unknown_standard_opcode_one_arg,full,success,0.14373843066666667,,,,
x86_64-unknown-linux-gnu,gimli,0.33.0,read::line::tests::test_sequences,full,success,0.186072959,,,,
x86_64-unknown-linux-gnu,gimli,0.33.0,read::loclists::tests::test_get_offset,full,success,0.16111920400000002,,,,
x86_64-unknown-linux-gnu,gimli,0.33.0,read::loclists::tests::test_location_list,full,success,0.176653611,,,,
x86_64-unknown-linux-gnu,gimli,0.33.0,read::loclists::tests::test_locations_invalid,full,success,0.144676447,,,,
x86_64-unknown-linux-gnu,gimli,0.33.0,read::loclists::tests::test_loclists,full,success,0.4149776246666667,,,,
x86_64-unknown-linux-gnu,gimli,0.33.0,read::loclists::tests::test_loclists_gnu_v4_split_dwarf,full,success,0.13177185833333332,,,,
x86_64-unknown-linux-gnu,gimli,0.33.0,read::macros::tests::get_macros_1,full,success,0.19621393333333334,,,,
x86_64-unknown-linux-gnu,gimli,0.33.0,read::macros::tests::get_macros_2,full,success,0.18010035333333332,,,,
x86_64-unknown-linux-gnu,gimli,0.33.0,read::macros::tests::test_get_macinfo,full,success,0.14937971500000002,,,,
x86_64-unknown-linux-gnu,gimli,0.33.0,read::names::tests::test_debug_names,full,success,0.38236399800000004,,,,
x86_64-unknown-linux-gnu,gimli,0.33.0,read::names::tests::test_debug_names_abbrev_table_empty,full,success,0.14392552500000003,,,,
x86_64-unknown-linux-gnu,gimli,0.33.0,read::names::tests::test_debug_names_abbrev_table_invalid,full,success,0.14038105966666667,,,,
x86_64-unknown-linux-gnu,gimli,0.33.0,read::names::tests::test_debug_names_augmentation,full,success,0.20485088466666668,,,,
x86_64-unknown-linux-gnu,gimli,0.33.0,read::names::tests::test_debug_names_invalid_version,full,success,0.16247386166666666,,,,
x86_64-unknown-linux-gnu,gimli,0.33.0,read::names::tests::test_debug_names_no_hash_table,full,success,0.182457784,,,,
x86_64-unknown-linux-gnu,gimli,0.33.0,read::names::tests::test_debug_names_truncated,full,success,0.15091162533333333,,,,
x86_64-unknown-linux-gnu,gimli,0.33.0,read::op::tests::test_compute_pc,full,success,0.14580289999999999,,,,
x86_64-unknown-linux-gnu,gimli,0.33.0,read::op::tests::test_eval_arith,full,success,0.342907017,,,,
x86_64-unknown-linux-gnu,gimli,0.33.0,read::op::tests::test_eval_arith64,full,success,0.2238991856666667,,,,
x86_64-unknown-linux-gnu,gimli,0.33.0,read::op::tests::test_eval_call,full,success,0.20670944900000002,,,,
x86_64-unknown-linux-gnu,gimli,0.33.0,read::op::tests::test_eval_compare,full,success,0.208977716,,,,
x86_64-unknown-linux-gnu,gimli,0.33.0,read::op::tests::test_eval_context,full,success,0.3172547723333334,,,,
x86_64-unknown-linux-gnu,gimli,0.33.0,read::op::tests::test_eval_empty_stack,full,success,0.16697217533333333,,,,
x86_64-unknown-linux-gnu,gimli,0.33.0,read::op::tests::test_eval_lit_and_reg,full,success,0.3132152656666667,,,,
x86_64-unknown-linux-gnu,gimli,0.33.0,read::op::tests::test_eval_max_iterations,full,success,0.240500338,,,,
x86_64-unknown-linux-gnu,gimli,0.33.0,read::op::tests::test_eval_memory,full,success,0.26339935166666667,,,,
x86_64-unknown-linux-gnu,gimli,0.33.0,read::op::tests::test_eval_pieces,full,success,0.4162517716666667,,,,
x86_64-unknown-linux-gnu,gimli,0.33.0,read::op::tests::test_eval_register,full,success,2.315924427,,,,
x86_64-unknown-linux-gnu,gimli,0.33.0,read::op::tests::test_eval_stack,full,success,0.17516186233333333,,,,
x86_64-unknown-linux-gnu,gimli,0.33.0,read::op::tests::test_eval_typed_stack,full,success,0.3429738276666667,,,,
x86_64-unknown-linux-gnu,gimli,0.33.0,read::op::tests::test_op_convert,full,success,0.1412596276666667,,,,
x86_64-unknown-linux-gnu,gimli,0.33.0,read::op::tests::test_op_parse_bit_piece,full,success,0.259200445,,,,
x86_64-unknown-linux-gnu,gimli,0.33.0,read::op::tests::test_op_parse_bregx,full,success,0.34567314966666673,,,,
x86_64-unknown-linux-gnu,gimli,0.33.0,read::op::tests::test_op_parse_const_type,full,success,0.13960203766666668,,,,
x86_64-unknown-linux-gnu,gimli,0.33.0,read::op::tests::test_op_parse_deref_type,full,success,0.13845020766666669,,,,
x86_64-unknown-linux-gnu,gimli,0.33.0,read::op::tests::test_op_parse_entry_value,full,success,0.13856546566666667,,,,
x86_64-unknown-linux-gnu,gimli,0.33.0,read::op::tests::test_op_parse_fivebyte,full,success,0.15065165700000002,,,,
x86_64-unknown-linux-gnu,gimli,0.33.0,read::op::tests::test_op_parse_gnu_parameter_ref,full,success,0.13421156533333337,,,,
x86_64-unknown-linux-gnu,gimli,0.33.0,read::op::tests::test_op_parse_implicit_pointer,full,success,0.16411194166666668,,,,
x86_64-unknown-linux-gnu,gimli,0.33.0,read::op::tests::test_op_parse_implicit_value,full,success,0.13846186666666668,,,,
x86_64-unknown-linux-gnu,gimli,0.33.0,read::op::tests::test_op_parse_ninebyte,full,success,0.1610517956666667,,,,
x86_64-unknown-linux-gnu,gimli,0.33.0,read::op::tests::test_op_parse_onebyte,full,success,0.26571304700000004,,,,
x86_64-unknown-linux-gnu,gimli,0.33.0,read::op::tests::test_op_parse_regval_type,full,success,0.13500928633333334,,,,
x86_64-unknown-linux-gnu,gimli,0.33.0,read::op::tests::test_op_parse_sleb,full,success,1.4805487160000002,,,,
x86_64-unknown-linux-gnu,gimli,0.33.0,read::op::tests::test_op_parse_threebyte,full,success,0.14511818066666668,,,,
x86_64-unknown-linux-gnu,gimli,0.33.0,read::op::tests::test_op_parse_twobyte,full,success,0.13875247533333335,,,,
x86_64-unknown-linux-gnu,gimli,0.33.0,read::op::tests::test_op_parse_uleb,full,success,0.19640408333333334,,,,
x86_64-unknown-linux-gnu,gimli,0.33.0,read::op::tests::test_op_reinterpret,full,success,0.13281183500000002,,,,
x86_64-unknown-linux-gnu,gimli,0.33.0,read::op::tests::test_op_wasm,full,success,0.1470324736666667,,,,
x86_64-unknown-linux-gnu,gimli,0.33.0,read::reader::test::test_min_tombstone,full,success,0.1379810516666667,,,,
x86_64-unknown-linux-gnu,gimli,0.33.0,read::rnglists::tests::test_get_offset,full,success,0.16253209933333332,,,,
x86_64-unknown-linux-gnu,gimli,0.33.0,read::rnglists::tests::test_ranges,full,success,0.164860897,,,,
x86_64-unknown-linux-gnu,gimli,0.33.0,read::rnglists::tests::test_ranges_invalid,full,success,0.13989148133333332,,,,
x86_64-unknown-linux-gnu,gimli,0.33.0,read::rnglists::tests::test_raw_range,full,success,0.13608368866666667,,,,
x86_64-unknown-linux-gnu,gimli,0.33.0,read::rnglists::tests::test_rnglists,full,success,0.30368818033333334,,,,
x86_64-unknown-linux-gnu,gimli,0.33.0,read::str::tests::test_get_str_offset,full,success,0.15743801766666668,,,,
x86_64-unknown-linux-gnu,gimli,0.33.0,read::tests::test_parse_initial_length_32_ok,full,success,0.14641837333333332,,,,
x86_64-unknown-linux-gnu,gimli,0.33.0,read::tests::test_parse_initial_length_64_incomplete,full,success,0.13457403833333334,,,,
x86_64-unknown-linux-gnu,gimli,0.33.0,read::tests::test_parse_initial_length_64_ok,full,success,0.14022104333333332,,,,
x86_64-unknown-linux-gnu,gimli,0.33.0,read::tests::test_parse_initial_length_incomplete,full,success,0.1313741036666667,,,,
x86_64-unknown-linux-gnu,gimli,0.33.0,read::tests::test_parse_initial_length_unknown_reserved_value,full,success,0.13994222866666667,,,,
x86_64-unknown-linux-gnu,gimli,0.33.0,read::tests::test_parse_offset_32,full,success,0.13379982833333334,,,,
x86_64-unknown-linux-gnu,gimli,0.33.0,read::tests::test_parse_offset_64_large,full,success,0.135777941,,,,
x86_64-unknown-linux-gnu,gimli,0.33.0,read::tests::test_parse_offset_64_small,full,success,0.13686029800000002,,,,
x86_64-unknown-linux-gnu,gimli,0.33.0,read::unit::tests::test_attribute_udata_sdata_value,full,success,0.132418539,,,,
x86_64-unknown-linux-gnu,gimli,0.33.0,read::unit::tests::test_attribute_value,full,success,0.14018365533333332,,,,
x86_64-unknown-linux-gnu,gimli,0.33.0,read::unit::tests::test_cursor_next_dfs,full,success,0.17758362333333333,,,,
x86_64-unknown-linux-gnu,gimli,0.33.0,read::unit::tests::test_cursor_next_entry,full,success,0.17468721,,,,
x86_64-unknown-linux-gnu,gimli,0.33.0,read::unit::tests::test_cursor_next_entry_incomplete,full,success,0.151066653,,,,
x86_64-unknown-linux-gnu,gimli,0.33.0,read::unit::tests::test_cursor_next_sibling_continuation,full,success,0.1709713886666667,,,,
x86_64-unknown-linux-gnu,gimli,0.33.0,read::unit::tests::test_cursor_next_sibling_no_sibling_ptr,full,success,0.17393387366666668,,,,
x86_64-unknown-linux-gnu,gimli,0.33.0,read::unit::tests::test_debug_info_next_sibling_with_ptr,full,success,0.18341552100000003,,,,
x86_64-unknown-linux-gnu,gimli,0.33.0,read::unit::tests::test_debug_info_offset,full,success,0.13728555466666667,,,,
x86_64-unknown-linux-gnu,gimli,0.33.0,read::unit::tests::test_debug_types_next_sibling_with_ptr,full,success,0.186724824,,,,
x86_64-unknown-linux-gnu,gimli,0.33.0,read::unit::tests::test_debug_types_offset,full,success,0.142669936,,,,
x86_64-unknown-linux-gnu,gimli,0.33.0,read::unit::tests::test_entries_at_offset,full,success,0.14720848433333333,,,,
x86_64-unknown-linux-gnu,gimli,0.33.0,read::unit::tests::test_entries_raw,full,success,0.155912655,,,,
x86_64-unknown-linux-gnu,gimli,0.33.0,read::unit::tests::test_entries_tree,full,success,0.21897576200000002,,,,
x86_64-unknown-linux-gnu,gimli,0.33.0,read::unit::tests::test_length_including_self,full,success,0.13420535933333336,,,,
x86_64-unknown-linux-gnu,gimli,0.33.0,read::unit::tests::test_parse_attribute_addr,full,success,0.14163565166666667,,,,
x86_64-unknown-linux-gnu,gimli,0.33.0,read::unit::tests::test_parse_attribute_addr8,full,success,0.13256444866666667,,,,
x86_64-unknown-linux-gnu,gimli,0.33.0,read::unit::tests::test_parse_attribute_addrx,full,success,0.14008833333333334,,,,
x86_64-unknown-linux-gnu,gimli,0.33.0,read::unit::tests::test_parse_attribute_addrx1,full,success,0.131362853,,,,
x86_64-unknown-linux-gnu,gimli,0.33.0,read::unit::tests::test_parse_attribute_addrx2,full,success,0.13101352533333335,,,,
x86_64-unknown-linux-gnu,gimli,0.33.0,read::unit::tests::test_parse_attribute_addrx3,full,success,0.13193917433333335,,,,
x86_64-unknown-linux-gnu,gimli,0.33.0,read::unit::tests::test_parse_attribute_addrx4,full,success,0.13137756433333336,,,,
x86_64-unknown-linux-gnu,gimli,0.33.0,read::unit::tests::test_parse_attribute_block,full,success,0.13530344733333333,,,,
x86_64-unknown-linux-gnu,gimli,0.33.0,read::unit::tests::test_parse_attribute_block1,full,success,0.13335211933333332,,,,
x86_64-unknown-linux-gnu,gimli,0.33.0,read::unit::tests::test_parse_attribute_block2,full,success,0.13615213166666668,,,,
x86_64-unknown-linux-gnu,gimli,0.33.0,read::unit::tests::test_parse_attribute_block4,full,success,0.13479584133333333,,,,
x86_64-unknown-linux-gnu,gimli,0.33.0,read::unit::tests::test_parse_attribute_data1,full,success,0.14113103966666665,,,,
x86_64-unknown-linux-gnu,gimli,0.33.0,read::unit::tests::test_parse_attribute_data16,full,success,0.14196325933333334,,,,
x86_64-unknown-linux-gnu,gimli,0.33.0,read::unit::tests::test_parse_attribute_data2,full,success,0.133006278,,,,
x86_64-unknown-linux-gnu,gimli,0.33.0,read::unit::tests::test_parse_attribute_data4,full,success,0.13364010633333334,,,,
x86_64-unknown-linux-gnu,gimli,0.33.0,read::unit::tests::test_parse_attribute_data8,full,success,0.13230281966666668,,,,
x86_64-unknown-linux-gnu,gimli,0.33.0,read::unit::tests::test_parse_attribute_exprloc,full,success,0.13082538433333335,,,,
x86_64-unknown-linux-gnu,gimli,0.33.0,read::unit::tests::test_parse_attribute_flag_false,full,success,0.13538671300000002,,,,
x86_64-unknown-linux-gnu,gimli,0.33.0,read::unit::tests::test_parse_attribute_flag_present,full,success,0.1317868726666667,,,,
x86_64-unknown-linux-gnu,gimli,0.33.0,read::unit::tests::test_parse_attribute_flag_true,full,success,0.13888372699999998,,,,
x86_64-unknown-linux-gnu,gimli,0.33.0,read::unit::tests::test_parse_attribute_gnu_ref_alt_32,full,success,0.132725832,,,,
x86_64-unknown-linux-gnu,gimli,0.33.0,read::unit::tests::test_parse_attribute_gnu_ref_alt_64,full,success,0.12867007666666666,,,,
x86_64-unknown-linux-gnu,gimli,0.33.0,read::unit::tests::test_parse_attribute_gnu_strp_alt_32,full,success,0.13513722366666667,,,,
x86_64-unknown-linux-gnu,gimli,0.33.0,read::unit::tests::test_parse_attribute_gnu_strp_alt_64,full,success,0.1325167256666667,,,,
x86_64-unknown-linux-gnu,gimli,0.33.0,read::unit::tests::test_parse_attribute_indirect,full,success,0.14068031833333336,,,,
x86_64-unknown-linux-gnu,gimli,0.33.0,read::unit::tests::test_parse_attribute_indirect_implicit_const,full,success,0.13090128033333334,,,,
x86_64-unknown-linux-gnu,gimli,0.33.0,read::unit::tests::test_parse_attribute_loclistx,full,success,0.14022065333333333,,,,
x86_64-unknown-linux-gnu,gimli,0.33.0,read::unit::tests::test_parse_attribute_ref1,full,success,0.13384147866666665,,,,
x86_64-unknown-linux-gnu,gimli,0.33.0,read::unit::tests::test_parse_attribute_ref2,full,success,0.13117070866666666,,,,
x86_64-unknown-linux-gnu,gimli,0.33.0,read::unit::tests::test_parse_attribute_ref4,full,success,0.13420303966666666,,,,
x86_64-unknown-linux-gnu,gimli,0.33.0,read::unit::tests::test_parse_attribute_ref8,full,success,0.134946539,,,,
x86_64-unknown-linux-gnu,gimli,0.33.0,read::unit::tests::test_parse_attribute_ref_sup4,full,success,0.13230797833333333,,,,
x86_64-unknown-linux-gnu,gimli,0.33.0,read::unit::tests::test_parse_attribute_ref_sup8,full,success,0.13612439166666668,,,,
x86_64-unknown-linux-gnu,gimli,0.33.0,read::unit::tests::test_parse_attribute_refaddr8_version2,full,success,0.1322634726666667,,,,
x86_64-unknown-linux-gnu,gimli,0.33.0,read::unit::tests::test_parse_attribute_refaddr_32,full,success,0.136724697,,,,
x86_64-unknown-linux-gnu,gimli,0.33.0,read::unit::tests::test_parse_attribute_refaddr_64,full,success,0.131470605,,,,
x86_64-unknown-linux-gnu,gimli,0.33.0,read::unit::tests::test_parse_attribute_refaddr_version2,full,success,0.1411305926666667,,,,
x86_64-unknown-linux-gnu,gimli,0.33.0,read::unit::tests::test_parse_attribute_refsig8,full,success,0.13639464166666668,,,,
x86_64-unknown-linux-gnu,gimli,0.33.0,read::unit::tests::test_parse_attribute_refudata,full,success,0.13431539833333336,,,,
x86_64-unknown-linux-gnu,gimli,0.33.0,read::unit::tests::test_parse_attribute_rnglistx,full,success,0.13446020833333336,,,,
x86_64-unknown-linux-gnu,gimli,0.33.0,read::unit::tests::test_parse_attribute_sdata,full,success,0.130720226,,,,
x86_64-unknown-linux-gnu,gimli,0.33.0,read::unit::tests::test_parse_attribute_sec_offset_32,full,success,0.131603162,,,,
x86_64-unknown-linux-gnu,gimli,0.33.0,read::unit::tests::test_parse_attribute_sec_offset_64,full,success,0.130495743,,,,
x86_64-unknown-linux-gnu,gimli,0.33.0,read::unit::tests::test_parse_attribute_string,full,success,0.131576008,,,,
x86_64-unknown-linux-gnu,gimli,0.33.0,read::unit::tests::test_parse_attribute_strp_32,full,success,0.13325339900000002,,,,
x86_64-unknown-linux-gnu,gimli,0.33.0,read::unit::tests::test_parse_attribute_strp_64,full,success,0.13847715366666669,,,,
x86_64-unknown-linux-gnu,gimli,0.33.0,read::unit::tests::test_parse_attribute_strp_sup_32,full,success,0.132898216,,,,
x86_64-unknown-linux-gnu,gimli,0.33.0,read::unit::tests::test_parse_attribute_strp_sup_64,full,success,0.13228744866666667,,,,
x86_64-unknown-linux-gnu,gimli,0.33.0,read::unit::tests::test_parse_attribute_strx,full,success,0.13874369433333333,,,,
x86_64-unknown-linux-gnu,gimli,0.33.0,read::unit::tests::test_parse_attribute_strx1,full,success,0.132684613,,,,
x86_64-unknown-linux-gnu,gimli,0.33.0,read::unit::tests::test_parse_attribute_strx2,full,success,0.138318692,,,,
x86_64-unknown-linux-gnu,gimli,0.33.0,read::unit::tests::test_parse_attribute_strx3,full,success,0.13385301033333333,,,,
x86_64-unknown-linux-gnu,gimli,0.33.0,read::unit::tests::test_parse_attribute_strx4,full,success,0.136677554,,,,
x86_64-unknown-linux-gnu,gimli,0.33.0,read::unit::tests::test_parse_attribute_udata,full,success,0.14242675733333335,,,,
x86_64-unknown-linux-gnu,gimli,0.33.0,read::unit::tests::test_parse_type_unit_abbrevs,full,success,0.14108276966666666,,,,
x86_64-unknown-linux-gnu,gimli,0.33.0,read::unit::tests::test_parse_type_unit_header_32_ok,full,success,0.14488316499999998,,,,
x86_64-unknown-linux-gnu,gimli,0.33.0,read::unit::tests::test_parse_type_unit_header_64_ok,full,success,0.139901925,,,,
x86_64-unknown-linux-gnu,gimli,0.33.0,read::unit::tests::test_parse_unit_header_32_ok,full,success,0.13825563500000002,,,,
x86_64-unknown-linux-gnu,gimli,0.33.0,read::unit::tests::test_parse_unit_header_64_ok,full,success,0.1449226336666667,,,,
x86_64-unknown-linux-gnu,gimli,0.33.0,read::unit::tests::test_parse_v5_partial_unit_header_32_ok,full,success,0.13749282266666665,,,,
x86_64-unknown-linux-gnu,gimli,0.33.0,read::unit::tests::test_parse_v5_partial_unit_header_64_ok,full,success,0.14145651,,,,
x86_64-unknown-linux-gnu,gimli,0.33.0,read::unit::tests::test_parse_v5_skeleton_unit_header_32_ok,full,success,0.14044866733333336,,,,
x86_64-unknown-linux-gnu,gimli,0.33.0,read::unit::tests::test_parse_v5_skeleton_unit_header_64_ok,full,success,0.15246283433333332,,,,
x86_64-unknown-linux-gnu,gimli,0.33.0,read::unit::tests::test_parse_v5_split_compilation_unit_header_32_ok,full,success,0.14761549,,,,
x86_64-unknown-linux-gnu,gimli,0.33.0,read::unit::tests::test_parse_v5_split_compilation_unit_header_64_ok,full,success,0.14670900866666667,,,,
x86_64-unknown-linux-gnu,gimli,0.33.0,read::unit::tests::test_parse_v5_split_type_unit_header_32_ok,full,success,0.147953145,,,,
x86_64-unknown-linux-gnu,gimli,0.33.0,read::unit::tests::test_parse_v5_split_type_unit_header_64_ok,full,success,0.13917840266666667,,,,
x86_64-unknown-linux-gnu,gimli,0.33.0,read::unit::tests::test_parse_v5_type_unit_header_32_ok,full,success,0.14650622866666668,,,,
x86_64-unknown-linux-gnu,gimli,0.33.0,read::unit::tests::test_parse_v5_type_unit_header_64_ok,full,success,0.14817047533333333,,,,
x86_64-unknown-linux-gnu,gimli,0.33.0,read::unit::tests::test_parse_v5_unit_header_32_ok,full,success,0.146434839,,,,
x86_64-unknown-linux-gnu,gimli,0.33.0,read::unit::tests::test_parse_v5_unit_header_64_ok,full,success,0.14061169966666667,,,,
x86_64-unknown-linux-gnu,gimli,0.33.0,read::unit::tests::test_unit_header_variance,full,success,0.13138410033333334,,,,
x86_64-unknown-linux-gnu,gimli,0.33.0,read::unit::tests::test_unit_version_incomplete,full,success,0.13446075866666665,,,,
x86_64-unknown-linux-gnu,gimli,0.33.0,read::unit::tests::test_unit_version_unknown_version,full,success,0.13347717266666667,,,,
x86_64-unknown-linux-gnu,gimli,0.33.0,read::unit::tests::test_units,full,success,0.15154052966666665,,,,
x86_64-unknown-linux-gnu,gimli,0.33.0,read::value::tests::value_abs,full,success,0.13169798466666668,,,,
x86_64-unknown-linux-gnu,gimli,0.33.0,read::value::tests::value_add,full,success,0.13349090433333335,,,,
x86_64-unknown-linux-gnu,gimli,0.33.0,read::value::tests::value_and,full,success,0.1341655416666667,,,,
x86_64-unknown-linux-gnu,gimli,0.33.0,read::value::tests::value_convert,full,success,0.13081324333333333,,,,
x86_64-unknown-linux-gnu,gimli,0.33.0,read::value::tests::value_div,full,success,0.13209543066666665,,,,
x86_64-unknown-linux-gnu,gimli,0.33.0,read::value::tests::value_eq,full,success,0.13488103633333337,,,,
x86_64-unknown-linux-gnu,gimli,0.33.0,read::value::tests::value_ge,full,success,0.131036965,,,,
x86_64-unknown-linux-gnu,gimli,0.33.0,read::value::tests::value_gt,full,success,0.13818528933333335,,,,
x86_64-unknown-linux-gnu,gimli,0.33.0,read::value::tests::value_le,full,success,0.14428940200000004,,,,
x86_64-unknown-linux-gnu,gimli,0.33.0,read::value::tests::value_lt,full,success,0.13568902933333335,,,,
x86_64-unknown-linux-gnu,gimli,0.33.0,read::value::tests::value_mul,full,success,0.13568763666666667,,,,
x86_64-unknown-linux-gnu,gimli,0.33.0,read::value::tests::value_ne,full,success,0.13443246466666667,,,,
x86_64-unknown-linux-gnu,gimli,0.33.0,read::value::tests::value_neg,full,success,0.13778873300000002,,,,
x86_64-unknown-linux-gnu,gimli,0.33.0,read::value::tests::value_not,full,success,0.13384168966666668,,,,
x86_64-unknown-linux-gnu,gimli,0.33.0,read::value::tests::value_or,full,success,0.13494594166666668,,,,
x86_64-unknown-linux-gnu,gimli,0.33.0,read::value::tests::value_reinterpret,full,success,0.13214694633333332,,,,
x86_64-unknown-linux-gnu,gimli,0.33.0,read::value::tests::value_rem,full,success,0.13197787433333333,,,,
x86_64-unknown-linux-gnu,gimli,0.33.0,read::value::tests::value_shl,full,success,0.13847938766666668,,,,
x86_64-unknown-linux-gnu,gimli,0.33.0,read::value::tests::value_shr,full,success,0.13223933899999998,,,,
x86_64-unknown-linux-gnu,gimli,0.33.0,read::value::tests::value_shra,full,success,0.14006253833333335,,,,
x86_64-unknown-linux-gnu,gimli,0.33.0,read::value::tests::value_sub,full,success,0.132323436,,,,
x86_64-unknown-linux-gnu,gimli,0.33.0,read::value::tests::value_xor,full,success,0.13143341,,,,
x86_64-unknown-linux-gnu,gimli,0.33.0,read::value::tests::valuetype_from_encoding,full,success,0.15199349833333334,,,,
x86_64-unknown-linux-gnu,gimli,0.33.0,write::abbrev::tests::test_abbreviation_table,full,success,0.1482971946666667,,,,
x86_64-unknown-linux-gnu,gimli,0.33.0,write::cfi::tests::test_frame_instruction,full,success,1.8922956003333333,,,,
x86_64-unknown-linux-gnu,gimli,0.33.0,write::cfi::tests::test_frame_table,full,success,1.7205561573333334,,,,
x86_64-unknown-linux-gnu,gimli,0.33.0,write::endian_vec::tests::test_endian_vec,full,success,0.13468916466666667,,,,
x86_64-unknown-linux-gnu,gimli,0.33.0,write::line::tests::test_file_source,full,success,1.1219991173333332,,,,
x86_64-unknown-linux-gnu,gimli,0.33.0,write::line::tests::test_line_instruction,full,success,7.5041898263333335,,,,
x86_64-unknown-linux-gnu,gimli,0.33.0,write::line::tests::test_line_program,full,success,3.103817075,,,,
x86_64-unknown-linux-gnu,gimli,0.33.0,write::line::tests::test_line_row,full,success,19.247205207,,,,
x86_64-unknown-linux-gnu,gimli,0.33.0,write::line::tests::test_line_sequence,full,success,2.7565611496666667,,,,
x86_64-unknown-linux-gnu,gimli,0.33.0,write::line::tests::test_line_string,full,success,0.5804985813333334,,,,
x86_64-unknown-linux-gnu,gimli,0.33.0,write::line::tests::test_missing_comp_dir,full,success,0.9083551286666668,,,,
x86_64-unknown-linux-gnu,gimli,0.33.0,write::line::tests::test_separate_working_dir,full,success,1.3093814603333334,,,,
x86_64-unknown-linux-gnu,gimli,0.33.0,write::loc::tests::test_loc_list,full,success,0.5324045463333335,,,,
x86_64-unknown-linux-gnu,gimli,0.33.0,write::op::tests::test_expression_as_raw,full,success,0.128612575,,,,
x86_64-unknown-linux-gnu,gimli,0.33.0,write::op::tests::test_expression_raw,full,success,0.4823929036666667,,,,
x86_64-unknown-linux-gnu,gimli,0.33.0,write::op::tests::test_forward_ref,full,success,0.14408773166666666,,,,
x86_64-unknown-linux-gnu,gimli,0.33.0,write::op::tests::test_missing_debuginfo_ref,full,success,0.14954722466666667,,,,
x86_64-unknown-linux-gnu,gimli,0.33.0,write::op::tests::test_missing_unit_ref,full,success,0.1422604696666667,,,,
x86_64-unknown-linux-gnu,gimli,0.33.0,write::op::tests::test_operation,full,success,6.756140525999999,,,,
x86_64-unknown-linux-gnu,gimli,0.33.0,write::range::tests::test_range,full,success,0.32058560966666666,,,,
x86_64-unknown-linux-gnu,gimli,0.33.0,write::relocate::tests::test_relocate_writer,full,success,0.13452772266666668,,,,
x86_64-unknown-linux-gnu,gimli,0.33.0,write::str::tests::test_string_table,full,success,0.13901322733333335,,,,
x86_64-unknown-linux-gnu,gimli,0.33.0,write::unit::tests::test_attribute_value,full,success,18.299551008666665,,,,
x86_64-unknown-linux-gnu,gimli,0.33.0,write::unit::tests::test_delete_child,full,success,0.18412845366666666,,,,
x86_64-unknown-linux-gnu,gimli,0.33.0,write::unit::tests::test_line_program_used,full,success,0.179416653,,,,
x86_64-unknown-linux-gnu,gimli,0.33.0,write::unit::tests::test_line_ref,full,success,1.8147318156666667,,,,
x86_64-unknown-linux-gnu,gimli,0.33.0,write::unit::tests::test_missing_debuginfo_ref,full,success,0.15613839733333335,,,,
x86_64-unknown-linux-gnu,gimli,0.33.0,write::unit::tests::test_missing_unit_ref,full,success,0.14895647433333334,,,,
x86_64-unknown-linux-gnu,gimli,0.33.0,write::unit::tests::test_sibling,full,success,0.24690272800000002,,,,
x86_64-unknown-linux-gnu,gimli,0.33.0,write::unit::tests::test_unit_ref,full,success,0.2326895296666667,,,,
x86_64-unknown-linux-gnu,gimli,0.33.0,write::unit::tests::test_unit_table,full,success,0.237636374,,,,
x86_64-unknown-linux-gnu,gimli,0.33.0,write::writer::tests::test_writer,full,success,0.13950116166666668,,,,
x86_64-unknown-linux-gnu,half,2.7.1,bfloat::test::formatting,full,success,0.12056497700000002,,,,
x86_64-unknown-linux-gnu,half,2.7.1,bfloat::test::qc_roundtrip_bf16_f32_is_identity,full,success,0.15907222466666668,,,,
x86_64-unknown-linux-gnu,half,2.7.1,bfloat::test::qc_roundtrip_bf16_f64_is_identity,full,success,0.15986459366666667,,,,
x86_64-unknown-linux-gnu,half,2.7.1,bfloat::test::test_bf16_consts_from_f32,full,success,0.08779547,,,,
x86_64-unknown-linux-gnu,half,2.7.1,bfloat::test::test_bf16_consts_from_f64,full,success,0.08572821400000001,,,,
x86_64-unknown-linux-gnu,half,2.7.1,bfloat::test::test_bf16_to_f32,full,success,0.08792909666666666,,,,
x86_64-unknown-linux-gnu,half,2.7.1,bfloat::test::test_comparisons,full,success,0.08687174166666667,,,,
x86_64-unknown-linux-gnu,half,2.7.1,bfloat::test::test_max,full,success,0.09146834999999999,,,,
x86_64-unknown-linux-gnu,half,2.7.1,bfloat::test::test_min,full,success,0.08671933333333333,,,,
x86_64-unknown-linux-gnu,half,2.7.1,bfloat::test::test_nan_conversion_to_larger,full,success,0.08391823366666668,,,,
x86_64-unknown-linux-gnu,half,2.7.1,bfloat::test::test_nan_conversion_to_smaller,full,success,0.08927995566666667,,,,
x86_64-unknown-linux-gnu,half,2.7.1,binary16::test::arithmetic,full,success,0.09160423666666667,,,,
x86_64-unknown-linux-gnu,half,2.7.1,binary16::test::formatting,full,success,0.10625602466666667,,,,
x86_64-unknown-linux-gnu,half,2.7.1,binary16::test::qc_roundtrip_f16_f32_is_identity,full,success,0.16078638366666667,,,,
x86_64-unknown-linux-gnu,half,2.7.1,binary16::test::qc_roundtrip_f16_f64_is_identity,full,success,0.17221666133333335,,,,
x86_64-unknown-linux-gnu,half,2.7.1,binary16::test::test_comparisons,full,success,0.087600197,,,,
x86_64-unknown-linux-gnu,half,2.7.1,binary16::test::test_f16_consts_from_f32,full,success,0.08741346033333335,,,,
x86_64-unknown-linux-gnu,half,2.7.1,binary16::test::test_f16_consts_from_f64,full,success,0.086931855,,,,
x86_64-unknown-linux-gnu,half,2.7.1,binary16::test::test_max,full,success,0.08621009333333333,,,,
x86_64-unknown-linux-gnu,half,2.7.1,binary16::test::test_min,full,success,0.08913551600000001,,,,
x86_64-unknown-linux-gnu,half,2.7.1,binary16::test::test_nan_conversion_to_larger,full,success,0.08990732600000001,,,,
x86_64-unknown-linux-gnu,half,2.7.1,binary16::test::test_nan_conversion_to_smaller,full,success,0.084989361,,,,
x86_64-unknown-linux-gnu,half,2.7.1,leading_zeros::test::leading_zeros_u16_fallback,full,success,0.092083485,,,,
x86_64-unknown-linux-gnu,half,2.7.1,slice::test::convert_from_f32_slice_len_mismatch_panics,full,success,0.087114046,,,,
x86_64-unknown-linux-gnu,half,2.7.1,slice::test::convert_from_f64_slice_len_mismatch_panics,full,success,0.08596338733333335,,,,
x86_64-unknown-linux-gnu,half,2.7.1,slice::test::convert_to_f32_slice_len_mismatch_panics,full,success,0.087653374,,,,
x86_64-unknown-linux-gnu,half,2.7.1,slice::test::convert_to_f64_slice_len_mismatch_panics,full,success,0.08632121366666667,,,,
x86_64-unknown-linux-gnu,half,2.7.1,slice::test::slice_convert_bf16_f32,full,success,0.08708542633333334,,,,
x86_64-unknown-linux-gnu,half,2.7.1,slice::test::slice_convert_bf16_f64,full,success,0.08557482533333334,,,,
x86_64-unknown-linux-gnu,half,2.7.1,slice::test::slice_convert_f16_f32,full,success,0.08744485166666667,,,,
x86_64-unknown-linux-gnu,half,2.7.1,slice::test::slice_convert_f16_f64,full,success,0.088605541,,,,
x86_64-unknown-linux-gnu,half,2.7.1,slice::test::test_mutablility_bf16,full,success,0.08537217500000001,,,,
x86_64-unknown-linux-gnu,half,2.7.1,slice::test::test_mutablility_f16,full,success,0.08772406,,,,
x86_64-unknown-linux-gnu,half,2.7.1,slice::test::test_slice_conversions_bf16,full,success,0.08626281333333334,,,,
x86_64-unknown-linux-gnu,half,2.7.1,slice::test::test_slice_conversions_f16,full,success,0.09275399666666667,,,,
x86_64-unknown-linux-gnu,half,2.7.1,vec::test::test_vec_conversions_bf16,full,success,0.08908453599999999,,,,
x86_64-unknown-linux-gnu,half,2.7.1,vec::test::test_vec_conversions_f16,full,success,0.08858799866666667,,,,
x86_64-unknown-linux-gnu,hashbrown,0.17.0,map::test_map::test_allocation_info,full,success,0.13046375400000002,,,,
x86_64-unknown-linux-gnu,hashbrown,0.17.0,map::test_map::test_behavior_resize_policy,full,success,0.14204757333333337,,,,
x86_64-unknown-linux-gnu,hashbrown,0.17.0,map::test_map::test_capacity_not_less_than_len,full,success,0.4209600506666667,,,,
x86_64-unknown-linux-gnu,hashbrown,0.17.0,map::test_map::test_catch_panic_clone_from_when_len_is_equal,full,success,0.16157214833333333,,,,
x86_64-unknown-linux-gnu,hashbrown,0.17.0,map::test_map::test_catch_panic_clone_from_when_len_is_not_equal,full,success,0.15173254300000003,,,,
x86_64-unknown-linux-gnu,hashbrown,0.17.0,map::test_map::test_clone,full,success,0.13445379500000001,,,,
x86_64-unknown-linux-gnu,hashbrown,0.17.0,map::test_map::test_clone_from,full,success,0.13115210666666668,,,,
x86_64-unknown-linux-gnu,hashbrown,0.17.0,map::test_map::test_clone_from_double_drop,full,success,0.14830367133333333,,,,
x86_64-unknown-linux-gnu,hashbrown,0.17.0,map::test_map::test_clone_from_memory_leaks,full,success,0.14190031833333336,,,,
x86_64-unknown-linux-gnu,hashbrown,0.17.0,map::test_map::test_clone_memory_leaks_and_double_drop_one,full,success,0.14699720733333335,,,,
x86_64-unknown-linux-gnu,hashbrown,0.17.0,map::test_map::test_clone_memory_leaks_and_double_drop_two,full,success,0.15275146166666667,,,,
x86_64-unknown-linux-gnu,hashbrown,0.17.0,map::test_map::test_conflict_remove,full,success,0.13218968333333334,,,,
x86_64-unknown-linux-gnu,hashbrown,0.17.0,map::test_map::test_const_with_hasher,full,success,0.13443319266666667,,,,
x86_64-unknown-linux-gnu,hashbrown,0.17.0,map::test_map::test_create_capacity_zero,full,success,0.129940783,,,,
x86_64-unknown-linux-gnu,hashbrown,0.17.0,map::test_map::test_drops,full,success,0.37155741866666664,,,,
x86_64-unknown-linux-gnu,hashbrown,0.17.0,map::test_map::test_empty_entry,full,success,0.13386950333333336,,,,
x86_64-unknown-linux-gnu,hashbrown,0.17.0,map::test_map::test_empty_entry_ref,full,success,0.12989077566666665,,,,
x86_64-unknown-linux-gnu,hashbrown,0.17.0,map::test_map::test_empty_iter,full,success,0.13656315333333335,,,,
x86_64-unknown-linux-gnu,hashbrown,0.17.0,map::test_map::test_empty_remove,full,success,0.138583758,,,,
x86_64-unknown-linux-gnu,hashbrown,0.17.0,map::test_map::test_entry,full,success,0.13573446666666666,,,,
x86_64-unknown-linux-gnu,hashbrown,0.17.0,map::test_map::test_entry_and_replace_entry_with,full,success,0.13126158566666668,,,,
x86_64-unknown-linux-gnu,hashbrown,0.17.0,map::test_map::test_entry_ref,full,success,0.14211275,,,,
x86_64-unknown-linux-gnu,hashbrown,0.17.0,map::test_map::test_entry_ref_take_doesnt_corrupt,full,success,1.6444047573333336,,,,
x86_64-unknown-linux-gnu,hashbrown,0.17.0,map::test_map::test_entry_take_doesnt_corrupt,full,success,0.8734018676666667,,,,
x86_64-unknown-linux-gnu,hashbrown,0.17.0,map::test_map::test_eq,full,success,0.13306784266666669,,,,
x86_64-unknown-linux-gnu,hashbrown,0.17.0,map::test_map::test_expand,full,success,0.131756812,,,,
x86_64-unknown-linux-gnu,hashbrown,0.17.0,map::test_map::test_extend_ref_k_ref_v,full,success,0.135839715,,,,
x86_64-unknown-linux-gnu,hashbrown,0.17.0,map::test_map::test_extend_ref_kv_tuple,full,success,0.9033185053333334,,,,
x86_64-unknown-linux-gnu,hashbrown,0.17.0,map::test_map::test_extract_if,full,success,0.14539952166666667,,,,
x86_64-unknown-linux-gnu,hashbrown,0.17.0,map::test_map::test_find,full,success,0.13002632500000003,,,,
x86_64-unknown-linux-gnu,hashbrown,0.17.0,map::test_map::test_find_mut,full,success,0.13057743933333335,,,,
x86_64-unknown-linux-gnu,hashbrown,0.17.0,map::test_map::test_from_iter,full,success,0.134756134,,,,
x86_64-unknown-linux-gnu,hashbrown,0.17.0,map::test_map::test_get_disjoint_mut,full,success,0.15632852100000003,,,,
x86_64-unknown-linux-gnu,hashbrown,0.17.0,map::test_map::test_get_disjoint_mut_duplicate,full,success,0.13549808266666666,,,,
x86_64-unknown-linux-gnu,hashbrown,0.17.0,map::test_map::test_hashmap_into_iter_bug,full,success,0.142841081,,,,
x86_64-unknown-linux-gnu,hashbrown,0.17.0,map::test_map::test_index,full,success,0.13425513533333333,,,,
x86_64-unknown-linux-gnu,hashbrown,0.17.0,map::test_map::test_index_nonexistent,full,success,0.13382115400000003,,,,
x86_64-unknown-linux-gnu,hashbrown,0.17.0,map::test_map::test_insert,full,success,0.132784904,,,,
x86_64-unknown-linux-gnu,hashbrown,0.17.0,map::test_map::test_insert_conflicts,full,success,0.13801559500000002,,,,
x86_64-unknown-linux-gnu,hashbrown,0.17.0,map::test_map::test_insert_overwrite,full,success,0.12886793033333335,,,,
x86_64-unknown-linux-gnu,hashbrown,0.17.0,map::test_map::test_insert_unique_unchecked,full,success,0.12951325266666666,,,,
x86_64-unknown-linux-gnu,hashbrown,0.17.0,map::test_map::test_into_iter_drops,full,success,0.42891776433333334,,,,
x86_64-unknown-linux-gnu,hashbrown,0.17.0,map::test_map::test_into_keys,full,success,0.13517264033333334,,,,
x86_64-unknown-linux-gnu,hashbrown,0.17.0,map::test_map::test_into_values,full,success,0.13329190166666668,,,,
x86_64-unknown-linux-gnu,hashbrown,0.17.0,map::test_map::test_is_empty,full,success,0.12822176100000002,,,,
x86_64-unknown-linux-gnu,hashbrown,0.17.0,map::test_map::test_iter_len,full,success,0.13300106166666667,,,,
x86_64-unknown-linux-gnu,hashbrown,0.17.0,map::test_map::test_iter_mut_len,full,success,0.13243560233333337,,,,
x86_64-unknown-linux-gnu,hashbrown,0.17.0,map::test_map::test_iterate,full,success,0.16597664733333337,,,,
x86_64-unknown-linux-gnu,hashbrown,0.17.0,map::test_map::test_keys,full,success,0.13072641166666668,,,,
x86_64-unknown-linux-gnu,hashbrown,0.17.0,map::test_map::test_mut_size_hint,full,success,0.132370177,,,,
x86_64-unknown-linux-gnu,hashbrown,0.17.0,map::test_map::test_occupied_entry_key,full,success,0.12992692233333333,,,,
x86_64-unknown-linux-gnu,hashbrown,0.17.0,map::test_map::test_occupied_entry_ref_key,full,success,0.13373998533333334,,,,
x86_64-unknown-linux-gnu,hashbrown,0.17.0,map::test_map::test_occupied_entry_replace_entry_with,full,success,0.13192431666666668,,,,
x86_64-unknown-linux-gnu,hashbrown,0.17.0,map::test_map::test_remove,full,success,0.13230137233333336,,,,
x86_64-unknown-linux-gnu,hashbrown,0.17.0,map::test_map::test_remove_entry,full,success,0.13043211633333332,,,,
x86_64-unknown-linux-gnu,hashbrown,0.17.0,map::test_map::test_replace_entry_with_doesnt_corrupt,full,success,0.8201509483333335,,,,
x86_64-unknown-linux-gnu,hashbrown,0.17.0,map::test_map::test_reserve_shrink_to_fit,full,success,0.7531376963333334,,,,
x86_64-unknown-linux-gnu,hashbrown,0.17.0,map::test_map::test_retain,full,success,0.19461806866666667,,,,
x86_64-unknown-linux-gnu,hashbrown,0.17.0,map::test_map::test_show,full,success,0.13154559733333335,,,,
x86_64-unknown-linux-gnu,hashbrown,0.17.0,map::test_map::test_size_hint,full,success,0.13597719566666666,,,,
x86_64-unknown-linux-gnu,hashbrown,0.17.0,map::test_map::test_vacant_entry_key,full,success,0.13817983233333334,,,,
x86_64-unknown-linux-gnu,hashbrown,0.17.0,map::test_map::test_vacant_entry_ref_key,full,success,0.13068102333333334,,,,
x86_64-unknown-linux-gnu,hashbrown,0.17.0,map::test_map::test_values,full,success,0.13489095033333334,,,,
x86_64-unknown-linux-gnu,hashbrown,0.17.0,map::test_map::test_values_mut,full,success,0.133855511,,,,
x86_64-unknown-linux-gnu,hashbrown,0.17.0,map::test_map::test_zero_capacities,full,success,0.13378935966666666,,,,
x86_64-unknown-linux-gnu,hashbrown,0.17.0,map::test_map_with_mmap_allocations::test_tiny_allocation_gets_rounded_to_page_size,full,success,0.31391387000000004,,,,
x86_64-unknown-linux-gnu,hashbrown,0.17.0,raw::test_map::rehash,full,success,0.7766076996666668,,,,
x86_64-unknown-linux-gnu,hashbrown,0.17.0,raw::test_map::test_catch_panic_clone_from,full,success,0.15174438033333335,,,,
x86_64-unknown-linux-gnu,hashbrown,0.17.0,raw::test_map::test_drop_uninitialized,full,success,0.13642307566666667,,,,
x86_64-unknown-linux-gnu,hashbrown,0.17.0,raw::test_map::test_drop_zero_items,full,success,0.130291927,,,,
x86_64-unknown-linux-gnu,hashbrown,0.17.0,raw::test_map::test_minimum_capacity_for_small_types,full,success,0.13156858600000002,,,,
x86_64-unknown-linux-gnu,hashbrown,0.17.0,raw::test_map::test_prev_pow2,full,success,0.1335369736666667,,,,
x86_64-unknown-linux-gnu,hashbrown,0.17.0,raw_entry::test_map::test_key_without_hash_impl,full,success,0.133116107,,,,
x86_64-unknown-linux-gnu,hashbrown,0.17.0,raw_entry::test_map::test_raw_entry,full,success,0.165411009,,,,
x86_64-unknown-linux-gnu,hashbrown,0.17.0,raw_entry::test_map::test_raw_entry_and_replace_entry_with,full,success,0.13504852366666667,,,,
x86_64-unknown-linux-gnu,hashbrown,0.17.0,raw_entry::test_map::test_raw_occupied_entry_replace_entry_with,full,success,0.13292514833333333,,,,
x86_64-unknown-linux-gnu,hashbrown,0.17.0,set::test_set::collect,full,success,0.13546899366666668,,,,
x86_64-unknown-linux-gnu,hashbrown,0.17.0,set::test_set::duplicate_insert,full,success,0.1315407856666667,,,,
x86_64-unknown-linux-gnu,hashbrown,0.17.0,set::test_set::rehash_in_place,full,success,1.7464297863333336,,,,
x86_64-unknown-linux-gnu,hashbrown,0.17.0,set::test_set::some_invalid_equivalent,full,success,0.15071803000000003,,,,
x86_64-unknown-linux-gnu,hashbrown,0.17.0,set::test_set::test_allocation_info,full,success,0.15196923366666668,,,,
x86_64-unknown-linux-gnu,hashbrown,0.17.0,set::test_set::test_const_with_hasher,full,success,0.15674177033333336,,,,
x86_64-unknown-linux-gnu,hashbrown,0.17.0,set::test_set::test_difference,full,success,0.1349600056666667,,,,
x86_64-unknown-linux-gnu,hashbrown,0.17.0,set::test_set::test_disjoint,full,success,0.14458300133333335,,,,
x86_64-unknown-linux-gnu,hashbrown,0.17.0,set::test_set::test_drain,full,success,1.2038930426666665,,,,
x86_64-unknown-linux-gnu,hashbrown,0.17.0,set::test_set::test_eq,full,success,0.1327201766666667,,,,
x86_64-unknown-linux-gnu,hashbrown,0.17.0,set::test_set::test_extend_ref,full,success,0.14462490933333336,,,,
x86_64-unknown-linux-gnu,hashbrown,0.17.0,set::test_set::test_extract_if,full,success,0.14141903266666667,,,,
x86_64-unknown-linux-gnu,hashbrown,0.17.0,set::test_set::test_from_iter,full,success,0.13866257433333332,,,,
x86_64-unknown-linux-gnu,hashbrown,0.17.0,set::test_set::test_from_map,full,success,0.13308621566666667,,,,
x86_64-unknown-linux-gnu,hashbrown,0.17.0,set::test_set::test_intersection,full,success,0.14007022533333335,,,,
x86_64-unknown-linux-gnu,hashbrown,0.17.0,set::test_set::test_iterate,full,success,0.17691314100000002,,,,
x86_64-unknown-linux-gnu,hashbrown,0.17.0,set::test_set::test_move_iter,full,success,0.13173889900000002,,,,
x86_64-unknown-linux-gnu,hashbrown,0.17.0,set::test_set::test_replace,full,success,0.12986060966666668,,,,
x86_64-unknown-linux-gnu,hashbrown,0.17.0,set::test_set::test_retain,full,success,0.13336743933333337,,,,
x86_64-unknown-linux-gnu,hashbrown,0.17.0,set::test_set::test_show,full,success,0.13212943033333333,,,,
x86_64-unknown-linux-gnu,hashbrown,0.17.0,set::test_set::test_sub_assign,full,success,0.14129725466666668,,,,
x86_64-unknown-linux-gnu,hashbrown,0.17.0,set::test_set::test_subset_and_superset,full,success,0.14081479933333332,,,,
x86_64-unknown-linux-gnu,hashbrown,0.17.0,set::test_set::test_symmetric_difference,full,success,0.14123065733333331,,,,
x86_64-unknown-linux-gnu,hashbrown,0.17.0,set::test_set::test_trivial_drain,full,success,0.128584166,,,,
x86_64-unknown-linux-gnu,hashbrown,0.17.0,set::test_set::test_union,full,success,0.15272202366666668,,,,
x86_64-unknown-linux-gnu,hashbrown,0.17.0,set::test_set::test_zero_capacities,full,success,0.13235433900000002,,,,
x86_64-unknown-linux-gnu,hashbrown,0.17.0,table::tests::test_allocation_info,full,success,0.12883740466666668,,,,
x86_64-unknown-linux-gnu,hostname,0.4.2,nix::tests::test_empty_buffer,full,success,0.12533722466666666,,,,
x86_64-unknown-linux-gnu,hostname,0.4.2,nix::tests::test_filled_with_null_buffer,full,success,0.12961508466666669,,,,
x86_64-unknown-linux-gnu,hostname,0.4.2,nix::tests::test_non_overflowed_buffer,full,success,0.12414365633333335,,,,
x86_64-unknown-linux-gnu,hostname,0.4.2,nix::tests::test_overflowed_buffer,full,success,0.125502712,,,,
x86_64-unknown-linux-gnu,httparse,1.10.1,simd::swar::test_is_header_value_block,full,success,0.13269344033333333,,,,
x86_64-unknown-linux-gnu,httparse,1.10.1,simd::swar::test_is_uri_block,full,success,0.130056776,,,,
x86_64-unknown-linux-gnu,httparse,1.10.1,simd::swar::test_offsetnz,full,success,0.12401601033333336,,,,
x86_64-unknown-linux-gnu,httparse,1.10.1,tests::partial_permutations,full,success,0.12452846266666667,,,,
x86_64-unknown-linux-gnu,httparse,1.10.1,tests::test_allow_request_with_multiple_space_delimiters,full,success,0.12100838833333334,,,,
x86_64-unknown-linux-gnu,httparse,1.10.1,tests::test_allow_response_response_with_space_before_first_header,full,success,0.13177068833333336,,,,
x86_64-unknown-linux-gnu,httparse,1.10.1,tests::test_allow_response_with_multiple_space_delimiters,full,success,0.12494563200000001,,,,
x86_64-unknown-linux-gnu,httparse,1.10.1,tests::test_allow_response_with_obsolete_line_folding_at_end,full,success,0.12614103933333334,,,,
x86_64-unknown-linux-gnu,httparse,1.10.1,tests::test_allow_response_with_obsolete_line_folding_at_start,full,success,0.12453966733333334,,,,
x86_64-unknown-linux-gnu,httparse,1.10.1,tests::test_allow_response_with_obsolete_line_folding_in_empty_header,full,success,0.12951779100000002,,,,
x86_64-unknown-linux-gnu,httparse,1.10.1,tests::test_allow_response_with_obsolete_line_folding_in_middle,full,success,0.1323391866666667,,,,
x86_64-unknown-linux-gnu,httparse,1.10.1,tests::test_allow_response_with_whitespace_between_header_name_and_colon,full,success,0.13515535766666667,,,,
x86_64-unknown-linux-gnu,httparse,1.10.1,tests::test_bad_utf8_in_path,full,success,0.12589104733333334,,,,
x86_64-unknown-linux-gnu,httparse,1.10.1,tests::test_chunk_size,full,success,0.12252600633333334,,,,
x86_64-unknown-linux-gnu,httparse,1.10.1,tests::test_forbid_request_with_multiple_space_delimiters,full,success,0.1273685046666667,,,,
x86_64-unknown-linux-gnu,httparse,1.10.1,tests::test_forbid_request_with_weird_whitespace_delimiters,full,success,0.13306894833333335,,,,
x86_64-unknown-linux-gnu,httparse,1.10.1,tests::test_forbid_request_with_whitespace_between_header_name_and_colon,full,success,0.12433286766666668,,,,
x86_64-unknown-linux-gnu,httparse,1.10.1,tests::test_forbid_response_with_multiple_space_delimiters,full,success,0.12731571100000003,,,,
x86_64-unknown-linux-gnu,httparse,1.10.1,tests::test_forbid_response_with_obsolete_line_folding_at_end,full,success,0.12167110933333335,,,,
x86_64-unknown-linux-gnu,httparse,1.10.1,tests::test_forbid_response_with_obsolete_line_folding_at_start,full,success,0.12051801133333334,,,,
x86_64-unknown-linux-gnu,httparse,1.10.1,tests::test_forbid_response_with_obsolete_line_folding_in_empty_header,full,success,0.129715607,,,,
x86_64-unknown-linux-gnu,httparse,1.10.1,tests::test_forbid_response_with_obsolete_line_folding_in_middle,full,success,0.12111120566666667,,,,
x86_64-unknown-linux-gnu,httparse,1.10.1,tests::test_forbid_response_with_space_before_first_header,full,success,0.119835383,,,,
x86_64-unknown-linux-gnu,httparse,1.10.1,tests::test_forbid_response_with_weird_whitespace_delimiters,full,success,0.12059321099999999,,,,
x86_64-unknown-linux-gnu,httparse,1.10.1,tests::test_forbid_response_with_whitespace_between_header_name_and_colon,full,success,0.12206455366666667,,,,
x86_64-unknown-linux-gnu,httparse,1.10.1,tests::test_header_with_cr_in_header_name,full,success,0.13011005433333334,,,,
x86_64-unknown-linux-gnu,httparse,1.10.1,tests::test_header_with_invalid_char_in_value,full,success,0.13450743833333334,,,,
x86_64-unknown-linux-gnu,httparse,1.10.1,tests::test_header_with_invalid_char_in_value_with_folding,full,success,0.13785856766666668,,,,
x86_64-unknown-linux-gnu,httparse,1.10.1,tests::test_header_with_nul_in_value,full,success,0.13804497033333335,,,,
x86_64-unknown-linux-gnu,httparse,1.10.1,tests::test_header_with_nul_in_whitespace_before_colon,full,success,0.12584143833333336,,,,
x86_64-unknown-linux-gnu,httparse,1.10.1,tests::test_ignore_header_line_with_missing_colon_in_request,full,success,0.12478562533333333,,,,
x86_64-unknown-linux-gnu,httparse,1.10.1,tests::test_ignore_header_line_with_missing_colon_in_response,full,success,0.12457612533333336,,,,
x86_64-unknown-linux-gnu,httparse,1.10.1,tests::test_ignore_header_line_with_whitespaces_after_header_name_in_request,full,success,0.13041984566666667,,,,
x86_64-unknown-linux-gnu,httparse,1.10.1,tests::test_ignore_header_line_with_whitespaces_after_header_name_in_response,full,success,0.12634810566666668,,,,
x86_64-unknown-linux-gnu,httparse,1.10.1,tests::test_method_within_buffer,full,success,0.11962961533333334,,,,
x86_64-unknown-linux-gnu,httparse,1.10.1,tests::test_no_space_after_colon,full,success,0.12272976566666667,,,,
x86_64-unknown-linux-gnu,httparse,1.10.1,tests::test_request_empty_lines_prefix,full,success,0.11932478533333334,,,,
x86_64-unknown-linux-gnu,httparse,1.10.1,tests::test_request_empty_lines_prefix_lf_only,full,success,0.12005682166666669,,,,
x86_64-unknown-linux-gnu,httparse,1.10.1,tests::test_request_header_no_space_after_colon,full,success,0.12282072766666668,,,,
x86_64-unknown-linux-gnu,httparse,1.10.1,tests::test_request_header_value_htab_long,full,success,0.12644859266666666,,,,
x86_64-unknown-linux-gnu,httparse,1.10.1,tests::test_request_header_value_htab_med,full,success,0.12691388033333334,,,,
x86_64-unknown-linux-gnu,httparse,1.10.1,tests::test_request_header_value_htab_short,full,success,0.12160605433333334,,,,
x86_64-unknown-linux-gnu,httparse,1.10.1,tests::test_request_header_with_missing_colon_with_folding,full,success,0.12396994666666668,,,,
x86_64-unknown-linux-gnu,httparse,1.10.1,tests::test_request_header_with_nul_in_header_name,full,success,0.13748394733333333,,,,
x86_64-unknown-linux-gnu,httparse,1.10.1,tests::test_request_headers,full,success,0.12285786466666666,,,,
x86_64-unknown-linux-gnu,httparse,1.10.1,tests::test_request_headers_max,full,success,0.12551540966666666,,,,
x86_64-unknown-linux-gnu,httparse,1.10.1,tests::test_request_headers_optional_whitespace,full,success,0.12247632166666668,,,,
x86_64-unknown-linux-gnu,httparse,1.10.1,tests::test_request_method_no_delimiter,full,success,0.12391826100000002,,,,
x86_64-unknown-linux-gnu,httparse,1.10.1,tests::test_request_method_only,full,success,0.12359795933333335,,,,
x86_64-unknown-linux-gnu,httparse,1.10.1,tests::test_request_method_path_no_delimiter,full,success,0.12027368500000002,,,,
x86_64-unknown-linux-gnu,httparse,1.10.1,tests::test_request_method_path_only,full,success,0.12082192966666667,,,,
x86_64-unknown-linux-gnu,httparse,1.10.1,tests::test_request_multibyte,full,success,0.12181139,,,,
x86_64-unknown-linux-gnu,httparse,1.10.1,tests::test_request_newlines,full,success,0.12285061800000001,,,,
x86_64-unknown-linux-gnu,httparse,1.10.1,tests::test_request_one_byte_method,full,success,0.120591479,,,,
x86_64-unknown-linux-gnu,httparse,1.10.1,tests::test_request_partial,full,success,0.12349956666666667,,,,
x86_64-unknown-linux-gnu,httparse,1.10.1,tests::test_request_partial_method,full,success,0.12001790400000001,,,,
x86_64-unknown-linux-gnu,httparse,1.10.1,tests::test_request_partial_parses_headers_as_much_as_it_can,full,success,0.12915404966666666,,,,
x86_64-unknown-linux-gnu,httparse,1.10.1,tests::test_request_partial_version,full,success,0.129979418,,,,
x86_64-unknown-linux-gnu,httparse,1.10.1,tests::test_request_path_backslash,full,success,0.13224072666666667,,,,
x86_64-unknown-linux-gnu,httparse,1.10.1,tests::test_request_simple,full,success,0.12571384600000002,,,,
x86_64-unknown-linux-gnu,httparse,1.10.1,tests::test_request_simple_with_query_params,full,success,0.123640279,,,,
x86_64-unknown-linux-gnu,httparse,1.10.1,tests::test_request_simple_with_whatwg_query_params,full,success,0.12187814866666667,,,,
x86_64-unknown-linux-gnu,httparse,1.10.1,tests::test_request_with_del_in_path,full,success,0.12463979300000001,,,,
x86_64-unknown-linux-gnu,httparse,1.10.1,tests::test_request_with_empty_header_name,full,success,0.12493135066666668,,,,
x86_64-unknown-linux-gnu,httparse,1.10.1,tests::test_request_with_empty_method,full,success,0.12104488266666669,,,,
x86_64-unknown-linux-gnu,httparse,1.10.1,tests::test_request_with_empty_method_and_path,full,success,0.13006598333333333,,,,
x86_64-unknown-linux-gnu,httparse,1.10.1,tests::test_request_with_empty_path,full,success,0.12065344933333334,,,,
x86_64-unknown-linux-gnu,httparse,1.10.1,tests::test_request_with_invalid_but_short_version,full,success,0.12009513966666667,,,,
x86_64-unknown-linux-gnu,httparse,1.10.1,tests::test_request_with_invalid_char_between_header_name_and_colon,full,success,0.12726878333333333,,,,
x86_64-unknown-linux-gnu,httparse,1.10.1,tests::test_request_with_invalid_method,full,success,0.12040851933333335,,,,
x86_64-unknown-linux-gnu,httparse,1.10.1,tests::test_request_with_invalid_token_delimiter,full,success,0.12010869433333334,,,,
x86_64-unknown-linux-gnu,httparse,1.10.1,tests::test_request_with_leading_space,full,success,0.12480828866666667,,,,
x86_64-unknown-linux-gnu,httparse,1.10.1,tests::test_request_with_multiple_spaces_and_bad_path,full,success,0.12019782333333334,,,,
x86_64-unknown-linux-gnu,httparse,1.10.1,tests::test_request_with_whitespace_between_header_name_and_colon,full,success,0.12373849933333332,,,,
x86_64-unknown-linux-gnu,httparse,1.10.1,tests::test_response_code_missing_space,full,success,0.12123485300000002,,,,
x86_64-unknown-linux-gnu,httparse,1.10.1,tests::test_response_empty_lines_prefix_lf_only,full,success,0.12078984133333333,,,,
x86_64-unknown-linux-gnu,httparse,1.10.1,tests::test_response_header_with_missing_colon_with_folding,full,success,0.12532239266666667,,,,
x86_64-unknown-linux-gnu,httparse,1.10.1,tests::test_response_header_with_nul_in_header_name,full,success,0.12285612733333334,,,,
x86_64-unknown-linux-gnu,httparse,1.10.1,tests::test_response_newlines,full,success,0.12201446966666668,,,,
x86_64-unknown-linux-gnu,httparse,1.10.1,tests::test_response_no_cr,full,success,0.12118768266666669,,,,
x86_64-unknown-linux-gnu,httparse,1.10.1,tests::test_response_partial_parses_headers_as_much_as_it_can,full,success,0.12466428100000003,,,,
x86_64-unknown-linux-gnu,httparse,1.10.1,tests::test_response_reason_missing,full,success,0.12278688900000001,,,,
x86_64-unknown-linux-gnu,httparse,1.10.1,tests::test_response_reason_missing_no_space,full,success,0.124717083,,,,
x86_64-unknown-linux-gnu,httparse,1.10.1,tests::test_response_reason_missing_no_space_with_headers,full,success,0.120330116,,,,
x86_64-unknown-linux-gnu,httparse,1.10.1,tests::test_response_reason_with_nul_byte,full,success,0.12048360833333334,,,,
x86_64-unknown-linux-gnu,httparse,1.10.1,tests::test_response_reason_with_obsolete_text_byte,full,success,0.12071608966666668,,,,
x86_64-unknown-linux-gnu,httparse,1.10.1,tests::test_response_reason_with_space_and_tab,full,success,0.12232286133333335,,,,
x86_64-unknown-linux-gnu,httparse,1.10.1,tests::test_response_simple,full,success,0.122385428,,,,
x86_64-unknown-linux-gnu,httparse,1.10.1,tests::test_response_version_missing_space,full,success,0.12277267366666667,,,,
x86_64-unknown-linux-gnu,httparse,1.10.1,tests::test_response_with_empty_header_name,full,success,0.13025598633333332,,,,
x86_64-unknown-linux-gnu,httparse,1.10.1,tests::test_response_with_invalid_char_between_header_name_and_colon,full,success,0.12963170733333332,,,,
x86_64-unknown-linux-gnu,httparse,1.10.1,tests::test_response_with_spaces_in_code,full,success,0.12434542866666666,,,,
x86_64-unknown-linux-gnu,httparse,1.10.1,tests::test_still_forbid_request_with_weird_whitespace_delimiters,full,success,0.12992493633333332,,,,
x86_64-unknown-linux-gnu,httparse,1.10.1,tests::test_still_forbid_response_with_weird_whitespace_delimiters,full,success,0.12144832333333333,,,,
x86_64-unknown-linux-gnu,httparse,1.10.1,tests::test_utf8_in_path_ok,full,success,0.12840759133333332,,,,
x86_64-unknown-linux-gnu,hyper,1.10.1,error::tests::error_satisfies_send_sync,full,success,0.129040644,,,,
x86_64-unknown-linux-gnu,hyper,1.10.1,error::tests::error_size_of,full,success,0.132692833,,,,
x86_64-unknown-linux-gnu,indexmap,2.14.0,inner::assert_send_sync,full,success,0.13003953533333334,,,,
x86_64-unknown-linux-gnu,indexmap,2.14.0,map::entry::assert_send_sync,full,success,0.130884933,,,,
x86_64-unknown-linux-gnu,indexmap,2.14.0,map::raw_entry_v1::assert_send_sync,full,success,0.12866996666666666,,,,
x86_64-unknown-linux-gnu,indexmap,2.14.0,map::slice::tests::slice_get_index_mut,full,success,0.13679208900000003,,,,
x86_64-unknown-linux-gnu,indexmap,2.14.0,map::slice::tests::slice_get_range,full,success,0.13819111666666667,,,,
x86_64-unknown-linux-gnu,indexmap,2.14.0,map::slice::tests::slice_index,full,success,0.8621179950000001,,,,
x86_64-unknown-linux-gnu,indexmap,2.14.0,map::slice::tests::slice_index_mut,full,success,0.723896889,,,,
x86_64-unknown-linux-gnu,indexmap,2.14.0,map::slice::tests::slice_new,full,success,0.16297018000000002,,,,
x86_64-unknown-linux-gnu,indexmap,2.14.0,map::slice::tests::slice_new_mut,full,success,0.14781240433333334,,,,
x86_64-unknown-linux-gnu,indexmap,2.14.0,map::slice::tests::slice_split_first,full,success,0.14080583,,,,
x86_64-unknown-linux-gnu,indexmap,2.14.0,map::slice::tests::slice_split_first_mut,full,success,0.13774445933333335,,,,
x86_64-unknown-linux-gnu,indexmap,2.14.0,map::slice::tests::slice_split_last,full,success,0.13868894833333334,,,,
x86_64-unknown-linux-gnu,indexmap,2.14.0,map::slice::tests::slice_split_last_mut,full,success,0.14104212833333332,,,,
x86_64-unknown-linux-gnu,indexmap,2.14.0,map::tests::clear,full,success,0.13256533533333334,,,,
x86_64-unknown-linux-gnu,indexmap,2.14.0,map::tests::disjoint_indices_mut_empty,full,success,0.13300136733333334,,,,
x86_64-unknown-linux-gnu,indexmap,2.14.0,map::tests::disjoint_indices_mut_fail_duplicate,full,success,0.138041132,,,,
x86_64-unknown-linux-gnu,indexmap,2.14.0,map::tests::disjoint_indices_mut_fail_oob,full,success,0.13132872266666665,,,,
x86_64-unknown-linux-gnu,indexmap,2.14.0,map::tests::disjoint_indices_mut_success,full,success,0.13859556766666667,,,,
x86_64-unknown-linux-gnu,indexmap,2.14.0,map::tests::disjoint_mut_empty_map,full,success,0.1303996746666667,,,,
x86_64-unknown-linux-gnu,indexmap,2.14.0,map::tests::disjoint_mut_empty_param,full,success,0.130330839,,,,
x86_64-unknown-linux-gnu,indexmap,2.14.0,map::tests::disjoint_mut_multi_fail_duplicate_panic,full,success,0.136427231,,,,
x86_64-unknown-linux-gnu,indexmap,2.14.0,map::tests::disjoint_mut_multi_fail_missing,full,success,0.14096477,,,,
x86_64-unknown-linux-gnu,indexmap,2.14.0,map::tests::disjoint_mut_multi_success,full,success,0.15146167333333335,,,,
x86_64-unknown-linux-gnu,indexmap,2.14.0,map::tests::disjoint_mut_multi_success_borrow_key,full,success,0.15364022433333335,,,,
x86_64-unknown-linux-gnu,indexmap,2.14.0,map::tests::disjoint_mut_multi_success_unsized_key,full,success,0.16675641433333332,,,,
x86_64-unknown-linux-gnu,indexmap,2.14.0,map::tests::disjoint_mut_single_fail,full,success,0.13194544433333333,,,,
x86_64-unknown-linux-gnu,indexmap,2.14.0,map::tests::disjoint_mut_single_success,full,success,0.13391183466666667,,,,
x86_64-unknown-linux-gnu,indexmap,2.14.0,map::tests::drain_range,full,success,1.0295724166666667,,,,
x86_64-unknown-linux-gnu,indexmap,2.14.0,map::tests::entry,full,success,0.132287373,,,,
x86_64-unknown-linux-gnu,indexmap,2.14.0,map::tests::entry_and_modify,full,success,0.13228985766666668,,,,
x86_64-unknown-linux-gnu,indexmap,2.14.0,map::tests::entry_or_default,full,success,0.131485811,,,,
x86_64-unknown-linux-gnu,indexmap,2.14.0,map::tests::extend,full,success,0.13414504333333332,,,,
x86_64-unknown-linux-gnu,indexmap,2.14.0,map::tests::from_array,full,success,0.142387507,,,,
x86_64-unknown-linux-gnu,indexmap,2.14.0,map::tests::from_entries,full,success,0.13375874566666665,,,,
x86_64-unknown-linux-gnu,indexmap,2.14.0,map::tests::get_index_entry,full,success,0.13894854166666668,,,,
x86_64-unknown-linux-gnu,indexmap,2.14.0,map::tests::get_index_mut2,full,success,0.14219042333333334,,,,
x86_64-unknown-linux-gnu,indexmap,2.14.0,map::tests::get_range,full,success,0.14722432333333332,,,,
x86_64-unknown-linux-gnu,indexmap,2.14.0,map::tests::get_range_mut,full,success,0.13643057066666667,,,,
x86_64-unknown-linux-gnu,indexmap,2.14.0,map::tests::grow,full,success,0.507430573,,,,
x86_64-unknown-linux-gnu,indexmap,2.14.0,map::tests::insert,full,success,0.15384562466666665,,,,
x86_64-unknown-linux-gnu,indexmap,2.14.0,map::tests::insert_2,full,success,1.6879926203333333,,,,
x86_64-unknown-linux-gnu,indexmap,2.14.0,map::tests::insert_before_oob,full,success,0.14698064133333333,,,,
x86_64-unknown-linux-gnu,indexmap,2.14.0,map::tests::insert_full,full,success,0.14648526733333334,,,,
x86_64-unknown-linux-gnu,indexmap,2.14.0,map::tests::insert_order,full,success,0.15354815866666668,,,,
x86_64-unknown-linux-gnu,indexmap,2.14.0,map::tests::insert_sorted_bad,full,success,0.16256543833333334,,,,
x86_64-unknown-linux-gnu,indexmap,2.14.0,map::tests::insert_sorted_by,full,success,0.154522559,,,,
x86_64-unknown-linux-gnu,indexmap,2.14.0,map::tests::insert_sorted_by_key,full,success,0.154183416,,,,
x86_64-unknown-linux-gnu,indexmap,2.14.0,map::tests::into_boxed_slice,full,success,0.13530212433333333,,,,
x86_64-unknown-linux-gnu,indexmap,2.14.0,map::tests::into_keys,full,success,0.13517443766666667,,,,
x86_64-unknown-linux-gnu,indexmap,2.14.0,map::tests::into_values,full,success,0.13250119666666668,,,,
x86_64-unknown-linux-gnu,indexmap,2.14.0,map::tests::is_sorted,full,success,0.1795718616666667,,,,
x86_64-unknown-linux-gnu,indexmap,2.14.0,map::tests::is_sorted_trivial,full,success,0.13788739700000002,,,,
x86_64-unknown-linux-gnu,indexmap,2.14.0,map::tests::it_works,full,success,0.132600627,,,,
x86_64-unknown-linux-gnu,indexmap,2.14.0,map::tests::iter_default,full,success,0.13027464200000002,,,,
x86_64-unknown-linux-gnu,indexmap,2.14.0,map::tests::keys,full,success,0.13442465300000003,,,,
x86_64-unknown-linux-gnu,indexmap,2.14.0,map::tests::last_mut,full,success,0.134071837,,,,
x86_64-unknown-linux-gnu,indexmap,2.14.0,map::tests::new,full,success,0.13982673833333334,,,,
x86_64-unknown-linux-gnu,indexmap,2.14.0,map::tests::occupied_entry_key,full,success,0.131312989,,,,
x86_64-unknown-linux-gnu,indexmap,2.14.0,map::tests::partial_eq_and_eq,full,success,0.14343267066666668,,,,
x86_64-unknown-linux-gnu,indexmap,2.14.0,map::tests::remove,full,success,0.18364630066666665,,,,
x86_64-unknown-linux-gnu,indexmap,2.14.0,map::tests::remove_to_empty,full,success,0.13558622066666667,,,,
x86_64-unknown-linux-gnu,indexmap,2.14.0,map::tests::reserve,full,success,0.4655736263333334,,,,
x86_64-unknown-linux-gnu,indexmap,2.14.0,map::tests::shift_insert,full,success,0.17312616433333336,,,,
x86_64-unknown-linux-gnu,indexmap,2.14.0,map::tests::shift_insert_oob,full,success,0.14310645533333333,,,,
x86_64-unknown-linux-gnu,indexmap,2.14.0,map::tests::shift_remove_entry,full,success,0.13913735066666666,,,,
x86_64-unknown-linux-gnu,indexmap,2.14.0,map::tests::shift_remove_full,full,success,0.14220375300000002,,,,
x86_64-unknown-linux-gnu,indexmap,2.14.0,map::tests::shift_shift_remove_index,full,success,0.14491668966666668,,,,
x86_64-unknown-linux-gnu,indexmap,2.14.0,map::tests::shrink_to_fit,full,success,0.5596893076666666,,,,
x86_64-unknown-linux-gnu,indexmap,2.14.0,map::tests::sorted_unstable_by,full,success,0.143470594,,,,
x86_64-unknown-linux-gnu,indexmap,2.14.0,map::tests::swap_remove_index,full,success,0.1557085456666667,,,,
x86_64-unknown-linux-gnu,indexmap,2.14.0,map::tests::test_binary_search_by,full,success,0.17778469933333332,,,,
x86_64-unknown-linux-gnu,indexmap,2.14.0,map::tests::test_binary_search_by_key,full,success,0.174951355,,,,
x86_64-unknown-linux-gnu,indexmap,2.14.0,map::tests::test_move_index_out_of_bounds_0_10,full,success,0.142042355,,,,
x86_64-unknown-linux-gnu,indexmap,2.14.0,map::tests::test_move_index_out_of_bounds_0_max,full,success,0.14497359366666668,,,,
x86_64-unknown-linux-gnu,indexmap,2.14.0,map::tests::test_move_index_out_of_bounds_10_0,full,success,0.14541345233333333,,,,
x86_64-unknown-linux-gnu,indexmap,2.14.0,map::tests::test_move_index_out_of_bounds_max_0,full,success,0.152046934,,,,
x86_64-unknown-linux-gnu,indexmap,2.14.0,map::tests::test_partition_point,full,success,0.17465616066666667,,,,
x86_64-unknown-linux-gnu,indexmap,2.14.0,map::tests::try_reserve,full,success,0.1298427566666667,,,,
x86_64-unknown-linux-gnu,indexmap,2.14.0,map::tests::values,full,success,0.13796235233333334,,,,
x86_64-unknown-linux-gnu,indexmap,2.14.0,map::tests::values_mut,full,success,0.133565037,,,,
x86_64-unknown-linux-gnu,indexmap,2.14.0,set::slice::tests::slice_index,full,success,0.3580637563333333,,,,
x86_64-unknown-linux-gnu,indexmap,2.14.0,set::tests::binary_search,full,success,0.13244862366666665,,,,
x86_64-unknown-linux-gnu,indexmap,2.14.0,set::tests::comparisons,full,success,0.169275604,,,,
x86_64-unknown-linux-gnu,indexmap,2.14.0,set::tests::drain,full,success,0.13409982133333334,,,,
x86_64-unknown-linux-gnu,indexmap,2.14.0,set::tests::extend,full,success,0.141179498,,,,
x86_64-unknown-linux-gnu,indexmap,2.14.0,set::tests::first,full,success,0.13575510966666668,,,,
x86_64-unknown-linux-gnu,indexmap,2.14.0,set::tests::from_array,full,success,0.13973685866666666,,,,
x86_64-unknown-linux-gnu,indexmap,2.14.0,set::tests::get_range,full,success,0.13511549533333336,,,,
x86_64-unknown-linux-gnu,indexmap,2.14.0,set::tests::grow,full,success,0.4673110266666667,,,,
x86_64-unknown-linux-gnu,indexmap,2.14.0,set::tests::insert,full,success,0.15363069400000004,,,,
x86_64-unknown-linux-gnu,indexmap,2.14.0,set::tests::insert_2,full,success,2.030038638666667,,,,
x86_64-unknown-linux-gnu,indexmap,2.14.0,set::tests::insert_dup,full,success,0.13684899133333334,,,,
x86_64-unknown-linux-gnu,indexmap,2.14.0,set::tests::insert_full,full,success,0.14946171666666666,,,,
x86_64-unknown-linux-gnu,indexmap,2.14.0,set::tests::insert_order,full,success,0.15532325500000002,,,,
x86_64-unknown-linux-gnu,indexmap,2.14.0,set::tests::insert_sorted,full,success,0.13617934366666667,,,,
x86_64-unknown-linux-gnu,indexmap,2.14.0,set::tests::is_sorted,full,success,0.1584125226666667,,,,
x86_64-unknown-linux-gnu,indexmap,2.14.0,set::tests::is_sorted_trivial,full,success,0.14068923033333336,,,,
x86_64-unknown-linux-gnu,indexmap,2.14.0,set::tests::it_works,full,success,0.131320001,,,,
x86_64-unknown-linux-gnu,indexmap,2.14.0,set::tests::iter_comparisons,full,success,0.26303576833333336,,,,
x86_64-unknown-linux-gnu,indexmap,2.14.0,set::tests::iter_default,full,success,0.13030178633333336,,,,
x86_64-unknown-linux-gnu,indexmap,2.14.0,set::tests::last,full,success,0.13617777466666667,,,,
x86_64-unknown-linux-gnu,indexmap,2.14.0,set::tests::new,full,success,0.131195818,,,,
x86_64-unknown-linux-gnu,indexmap,2.14.0,set::tests::ops,full,success,0.5330872756666667,,,,
x86_64-unknown-linux-gnu,indexmap,2.14.0,set::tests::partial_eq_and_eq,full,success,0.13670581966666664,,,,
x86_64-unknown-linux-gnu,indexmap,2.14.0,set::tests::remove,full,success,0.18389455666666668,,,,
x86_64-unknown-linux-gnu,indexmap,2.14.0,set::tests::replace,full,success,0.15455949100000002,,,,
x86_64-unknown-linux-gnu,indexmap,2.14.0,set::tests::replace_2,full,success,2.0024533923333334,,,,
x86_64-unknown-linux-gnu,indexmap,2.14.0,set::tests::replace_change,full,success,0.13555281133333333,,,,
x86_64-unknown-linux-gnu,indexmap,2.14.0,set::tests::replace_dup,full,success,0.138021629,,,,
x86_64-unknown-linux-gnu,indexmap,2.14.0,set::tests::replace_full,full,success,0.147959174,,,,
x86_64-unknown-linux-gnu,indexmap,2.14.0,set::tests::replace_order,full,success,0.15843653366666668,,,,
x86_64-unknown-linux-gnu,indexmap,2.14.0,set::tests::reserve,full,success,0.4991860396666667,,,,
x86_64-unknown-linux-gnu,indexmap,2.14.0,set::tests::retain,full,success,0.14339382333333334,,,,
x86_64-unknown-linux-gnu,indexmap,2.14.0,set::tests::shift_insert,full,success,0.17603450666666667,,,,
x86_64-unknown-linux-gnu,indexmap,2.14.0,set::tests::shift_remove_full,full,success,0.14005709300000002,,,,
x86_64-unknown-linux-gnu,indexmap,2.14.0,set::tests::shift_remove_index,full,success,0.14508889633333333,,,,
x86_64-unknown-linux-gnu,indexmap,2.14.0,set::tests::shift_take,full,success,0.14230971333333334,,,,
x86_64-unknown-linux-gnu,indexmap,2.14.0,set::tests::shrink_to_fit,full,success,0.5755018566666666,,,,
x86_64-unknown-linux-gnu,indexmap,2.14.0,set::tests::sort_by,full,success,0.13597358699999998,,,,
x86_64-unknown-linux-gnu,indexmap,2.14.0,set::tests::sort_by_cached_key,full,success,0.14171109299999998,,,,
x86_64-unknown-linux-gnu,indexmap,2.14.0,set::tests::sort_by_key,full,success,0.13903545366666667,,,,
x86_64-unknown-linux-gnu,indexmap,2.14.0,set::tests::sort_unstable,full,success,0.13549459,,,,
x86_64-unknown-linux-gnu,indexmap,2.14.0,set::tests::sort_unstable_by,full,success,0.152831922,,,,
x86_64-unknown-linux-gnu,indexmap,2.14.0,set::tests::sort_unstable_by_key,full,success,0.13677781033333336,,,,
x86_64-unknown-linux-gnu,indexmap,2.14.0,set::tests::sorted_unstable_by,full,success,0.14876476333333336,,,,
x86_64-unknown-linux-gnu,indexmap,2.14.0,set::tests::split_off,full,success,0.14151517533333335,,,,
x86_64-unknown-linux-gnu,indexmap,2.14.0,set::tests::swap_remove_index,full,success,0.15929817633333332,,,,
x86_64-unknown-linux-gnu,indexmap,2.14.0,set::tests::swap_take,full,success,0.13640417866666665,,,,
x86_64-unknown-linux-gnu,indexmap,2.14.0,set::tests::take,full,success,0.13355062100000004,,,,
x86_64-unknown-linux-gnu,indexmap,2.14.0,set::tests::test_binary_search_by,full,success,0.16966891733333334,,,,
x86_64-unknown-linux-gnu,indexmap,2.14.0,set::tests::test_binary_search_by_key,full,success,0.165607661,,,,
x86_64-unknown-linux-gnu,indexmap,2.14.0,set::tests::test_partition_point,full,success,0.170950611,,,,
x86_64-unknown-linux-gnu,indexmap,2.14.0,set::tests::try_reserve,full,success,0.13700056533333335,,,,
x86_64-unknown-linux-gnu,indexmap,2.14.0,set::tests::try_reserve_exact,full,success,0.135038069,,,,
x86_64-unknown-linux-gnu,is-terminal,0.4.17,tests::stderr,full,success,0.13096702333333335,,,,
x86_64-unknown-linux-gnu,is-terminal,0.4.17,tests::stderr_vs_libc,full,success,0.12858295566666667,,,,
x86_64-unknown-linux-gnu,is-terminal,0.4.17,tests::stdin,full,success,0.13071378433333336,,,,
x86_64-unknown-linux-gnu,is-terminal,0.4.17,tests::stdin_vs_libc,full,success,0.13000455600000002,,,,
x86_64-unknown-linux-gnu,is-terminal,0.4.17,tests::stdout,full,success,0.134636662,,,,
x86_64-unknown-linux-gnu,is-terminal,0.4.17,tests::stdout_vs_libc,full,success,0.13052161633333334,,,,
x86_64-unknown-linux-gnu,lazycell,1.3.0,tests::atomic_replace,full,success,0.12866543166666666,,,,
x86_64-unknown-linux-gnu,lazycell,1.3.0,tests::clone,full,success,0.12867313833333335,,,,
x86_64-unknown-linux-gnu,lazycell,1.3.0,tests::clone_atomic,full,success,0.128283195,,,,
x86_64-unknown-linux-gnu,lazycell,1.3.0,tests::default,full,success,0.1370473866666667,,,,
x86_64-unknown-linux-gnu,lazycell,1.3.0,tests::normal_replace,full,success,0.12863632633333336,,,,
x86_64-unknown-linux-gnu,lazycell,1.3.0,tests::test_already_filled_error,full,success,0.134082157,,,,
x86_64-unknown-linux-gnu,lazycell,1.3.0,tests::test_atomic_already_filled_panic,full,success,0.129051303,,,,
x86_64-unknown-linux-gnu,lazycell,1.3.0,tests::test_atomic_borrow_from_empty,full,success,0.13465149099999998,,,,
x86_64-unknown-linux-gnu,lazycell,1.3.0,tests::test_atomic_fill_and_borrow,full,success,0.13387064933333334,,,,
x86_64-unknown-linux-gnu,lazycell,1.3.0,tests::test_atomic_into_inner,full,success,0.13075685666666667,,,,
x86_64-unknown-linux-gnu,lazycell,1.3.0,tests::test_borrow_from_empty,full,success,0.1312247596666667,,,,
x86_64-unknown-linux-gnu,lazycell,1.3.0,tests::test_borrow_mut,full,success,0.1298635763333333,,,,
x86_64-unknown-linux-gnu,lazycell,1.3.0,tests::test_borrow_mut_with,full,success,0.13031864533333334,,,,
x86_64-unknown-linux-gnu,lazycell,1.3.0,tests::test_borrow_mut_with_already_filled,full,success,0.13412388800000002,,,,
x86_64-unknown-linux-gnu,lazycell,1.3.0,tests::test_borrow_mut_with_not_called_when_filled,full,success,0.134883296,,,,
x86_64-unknown-linux-gnu,lazycell,1.3.0,tests::test_borrow_with,full,success,0.133745039,,,,
x86_64-unknown-linux-gnu,lazycell,1.3.0,tests::test_borrow_with_already_filled,full,success,0.12953574433333334,,,,
x86_64-unknown-linux-gnu,lazycell,1.3.0,tests::test_borrow_with_not_called_when_filled,full,success,0.13377732533333334,,,,
x86_64-unknown-linux-gnu,lazycell,1.3.0,tests::test_borrow_with_sound_with_reentrancy,full,success,0.13462464800000004,,,,
x86_64-unknown-linux-gnu,lazycell,1.3.0,tests::test_fill_and_borrow,full,success,0.138228185,,,,
x86_64-unknown-linux-gnu,lazycell,1.3.0,tests::test_into_inner,full,success,0.12834606033333332,,,,
x86_64-unknown-linux-gnu,lazycell,1.3.0,tests::test_try_borrow_mut_with_already_filled,full,success,0.1331246096666667,,,,
x86_64-unknown-linux-gnu,lazycell,1.3.0,tests::test_try_borrow_mut_with_err,full,success,0.13415925533333334,,,,
x86_64-unknown-linux-gnu,lazycell,1.3.0,tests::test_try_borrow_mut_with_ok,full,success,0.13489341933333332,,,,
x86_64-unknown-linux-gnu,lazycell,1.3.0,tests::test_try_borrow_with_already_filled,full,success,0.13414493133333336,,,,
x86_64-unknown-linux-gnu,lazycell,1.3.0,tests::test_try_borrow_with_err,full,success,0.1428087623333333,,,,
x86_64-unknown-linux-gnu,lazycell,1.3.0,tests::test_try_borrow_with_ok,full,success,0.13371637233333336,,,,
x86_64-unknown-linux-gnu,lazycell,1.3.0,tests::test_try_borrow_with_sound_with_reentrancy,full,success,0.13428849633333337,,,,
x86_64-unknown-linux-gnu,libc,0.2.186,macros::tests::c_enum_basic,full,success,0.13235801600000002,,,,
x86_64-unknown-linux-gnu,libc,0.2.186,macros::tests::c_enum_multiple_set_value,full,success,0.135341313,,,,
x86_64-unknown-linux-gnu,libc,0.2.186,macros::tests::c_enum_repr,full,success,0.128972369,,,,
x86_64-unknown-linux-gnu,libc,0.2.186,macros::tests::c_enum_set_value,full,success,0.12920195166666668,,,,
x86_64-unknown-linux-gnu,libc,0.2.186,macros::tests::c_enum_vis,full,success,0.13060127233333332,,,,
x86_64-unknown-linux-gnu,libc,0.2.186,macros::tests::test_offset_of,full,success,0.132547416,,,,
x86_64-unknown-linux-gnu,log,0.4.29,tests::test_cross_cmp,full,success,0.12224642033333334,,,,
x86_64-unknown-linux-gnu,log,0.4.29,tests::test_cross_eq,full,success,0.12173034433333334,,,,
x86_64-unknown-linux-gnu,log,0.4.29,tests::test_foreign_impl,full,success,0.11899251266666666,,,,
x86_64-unknown-linux-gnu,log,0.4.29,tests::test_level_as_str,full,success,0.12459843133333336,,,,
x86_64-unknown-linux-gnu,log,0.4.29,tests::test_level_down,full,success,0.12245570233333332,,,,
x86_64-unknown-linux-gnu,log,0.4.29,tests::test_level_filter_as_str,full,success,0.12067600933333333,,,,
x86_64-unknown-linux-gnu,log,0.4.29,tests::test_level_filter_down,full,success,0.121627716,,,,
x86_64-unknown-linux-gnu,log,0.4.29,tests::test_level_filter_up,full,success,0.12710939833333335,,,,
x86_64-unknown-linux-gnu,log,0.4.29,tests::test_level_from_str,full,success,0.12358381266666668,,,,
x86_64-unknown-linux-gnu,log,0.4.29,tests::test_level_show,full,success,0.12127155133333334,,,,
x86_64-unknown-linux-gnu,log,0.4.29,tests::test_level_up,full,success,0.12466944,,,,
x86_64-unknown-linux-gnu,log,0.4.29,tests::test_levelfilter_from_str,full,success,0.121922442,,,,
x86_64-unknown-linux-gnu,log,0.4.29,tests::test_levelfilter_show,full,success,0.12629320733333332,,,,
x86_64-unknown-linux-gnu,log,0.4.29,tests::test_metadata_builder,full,success,0.12297485933333334,,,,
x86_64-unknown-linux-gnu,log,0.4.29,tests::test_metadata_convenience_builder,full,success,0.1255477706666667,,,,
x86_64-unknown-linux-gnu,log,0.4.29,tests::test_record_builder,full,success,0.121693779,,,,
x86_64-unknown-linux-gnu,log,0.4.29,tests::test_record_complete_builder,full,success,0.12297671633333335,,,,
x86_64-unknown-linux-gnu,log,0.4.29,tests::test_record_convenience_builder,full,success,0.12079932666666666,,,,
x86_64-unknown-linux-gnu,log,0.4.29,tests::test_static_max_level_debug,full,success,0.12226384433333333,,,,
x86_64-unknown-linux-gnu,log,0.4.29,tests::test_to_level,full,success,0.11991216600000003,,,,
x86_64-unknown-linux-gnu,log,0.4.29,tests::test_to_level_filter,full,success,0.125535096,,,,
x86_64-unknown-linux-gnu,lru,0.18.0,tests::iter_mut_stacked_borrows_violation,full,success,0.09034914066666667,,,,
x86_64-unknown-linux-gnu,lru,0.18.0,tests::test_clear,full,success,0.09222929533333335,,,,
x86_64-unknown-linux-gnu,lru,0.18.0,tests::test_clone,full,success,0.09134940933333334,,,,
x86_64-unknown-linux-gnu,lru,0.18.0,tests::test_clone_unbounded,full,success,0.09250721300000002,,,,
x86_64-unknown-linux-gnu,lru,0.18.0,tests::test_contains,full,success,0.08923106133333335,,,,
x86_64-unknown-linux-gnu,lru,0.18.0,tests::test_get_key_value,full,success,0.090475674,,,,
x86_64-unknown-linux-gnu,lru,0.18.0,tests::test_get_key_value_mut,full,success,0.08873308000000002,,,,
x86_64-unknown-linux-gnu,lru,0.18.0,tests::test_get_mut_and_update,full,success,0.08923443199999999,,,,
x86_64-unknown-linux-gnu,lru,0.18.0,tests::test_get_mut_with_borrow,full,success,0.08915712433333334,,,,
x86_64-unknown-linux-gnu,lru,0.18.0,tests::test_get_or_insert_mut_ref,full,success,0.09387970366666666,,,,
x86_64-unknown-linux-gnu,lru,0.18.0,tests::test_get_or_insert_ref,full,success,0.091891875,,,,
x86_64-unknown-linux-gnu,lru,0.18.0,tests::test_get_with_borrow,full,success,0.09027626200000001,,,,
x86_64-unknown-linux-gnu,lru,0.18.0,tests::test_into_iter,full,success,0.093051535,,,,
x86_64-unknown-linux-gnu,lru,0.18.0,tests::test_iter_backwards,full,success,0.10893268766666668,,,,
x86_64-unknown-linux-gnu,lru,0.18.0,tests::test_iter_clone,full,success,0.09219497733333333,,,,
x86_64-unknown-linux-gnu,lru,0.18.0,tests::test_iter_forwards,full,success,0.090726423,,,,
x86_64-unknown-linux-gnu,lru,0.18.0,tests::test_iter_forwards_and_backwards,full,success,0.09669026799999998,,,,
x86_64-unknown-linux-gnu,lru,0.18.0,tests::test_iter_multiple_threads,full,success,0.09687616533333333,,,,
x86_64-unknown-linux-gnu,lru,0.18.0,tests::test_multiple_threads,full,success,0.09926509066666667,,,,
x86_64-unknown-linux-gnu,lru,0.18.0,tests::test_no_memory_leaks,full,success,8.723983815333334,,,,
x86_64-unknown-linux-gnu,lru,0.18.0,tests::test_no_memory_leaks_with_clear,full,success,8.836466645333333,,,,
x86_64-unknown-linux-gnu,lru,0.18.0,tests::test_no_memory_leaks_with_pop,full,success,8.280770197666667,,,,
x86_64-unknown-linux-gnu,lru,0.18.0,tests::test_no_memory_leaks_with_resize,full,success,8.766969704,,,,
x86_64-unknown-linux-gnu,lru,0.18.0,tests::test_peek,full,success,0.09150229066666667,,,,
x86_64-unknown-linux-gnu,lru,0.18.0,tests::test_peek_lru,full,success,0.08993608366666667,,,,
x86_64-unknown-linux-gnu,lru,0.18.0,tests::test_peek_mru,full,success,0.087346335,,,,
x86_64-unknown-linux-gnu,lru,0.18.0,tests::test_peek_mut,full,success,0.08903098133333333,,,,
x86_64-unknown-linux-gnu,lru,0.18.0,tests::test_pop,full,success,0.09213612866666666,,,,
x86_64-unknown-linux-gnu,lru,0.18.0,tests::test_pop_entry,full,success,0.08999854666666668,,,,
x86_64-unknown-linux-gnu,lru,0.18.0,tests::test_pop_lru,full,success,0.37831890633333337,,,,
x86_64-unknown-linux-gnu,lru,0.18.0,tests::test_pop_mru,full,success,0.36083426733333335,,,,
x86_64-unknown-linux-gnu,lru,0.18.0,tests::test_promote_and_demote,full,success,0.09375662133333335,,,,
x86_64-unknown-linux-gnu,lru,0.18.0,tests::test_put_and_get,full,success,0.09417840333333334,,,,
x86_64-unknown-linux-gnu,lru,0.18.0,tests::test_put_and_get_mut,full,success,0.090978192,,,,
x86_64-unknown-linux-gnu,lru,0.18.0,tests::test_put_and_get_or_insert,full,success,0.08809677066666667,,,,
x86_64-unknown-linux-gnu,lru,0.18.0,tests::test_put_and_get_or_insert_mut,full,success,0.089926629,,,,
x86_64-unknown-linux-gnu,lru,0.18.0,tests::test_put_and_get_or_insert_mut_with_key,full,success,0.09611167533333335,,,,
x86_64-unknown-linux-gnu,lru,0.18.0,tests::test_put_and_get_or_insert_with_key,full,success,0.09000633633333333,,,,
x86_64-unknown-linux-gnu,lru,0.18.0,tests::test_put_removes_oldest,full,success,0.091216004,,,,
x86_64-unknown-linux-gnu,lru,0.18.0,tests::test_put_update,full,success,0.08849053966666669,,,,
x86_64-unknown-linux-gnu,lru,0.18.0,tests::test_resize_larger,full,success,0.09041457200000001,,,,
x86_64-unknown-linux-gnu,lru,0.18.0,tests::test_resize_smaller,full,success,0.08948772233333334,,,,
x86_64-unknown-linux-gnu,lru,0.18.0,tests::test_send,full,success,0.093402114,,,,
x86_64-unknown-linux-gnu,lru,0.18.0,tests::test_that_pop_actually_detaches_node,full,success,0.08999912733333333,,,,
x86_64-unknown-linux-gnu,lru,0.18.0,tests::test_try_get_or_insert,full,success,0.09429385866666667,,,,
x86_64-unknown-linux-gnu,lru,0.18.0,tests::test_try_get_or_insert_mut,full,success,0.09089177433333334,,,,
x86_64-unknown-linux-gnu,lru,0.18.0,tests::test_try_get_or_insert_mut_ref,full,success,0.09321701366666668,,,,
x86_64-unknown-linux-gnu,lru,0.18.0,tests::test_try_get_or_insert_mut_with_key,full,success,0.10131904933333334,,,,
x86_64-unknown-linux-gnu,lru,0.18.0,tests::test_try_get_or_insert_ref,full,success,0.09719018733333333,,,,
x86_64-unknown-linux-gnu,lru,0.18.0,tests::test_try_get_or_insert_with_key,full,success,0.09162225,,,,
x86_64-unknown-linux-gnu,lru,0.18.0,tests::test_unbounded,full,success,14.362734349666667,,,,
x86_64-unknown-linux-gnu,lru,0.18.0,tests::test_with_hasher,full,success,9.709475,,,,
x86_64-unknown-linux-gnu,matchers,0.2.0,test::anchored::debug_explicitly_unanchored,full,success,11.838455896333334,,,,
x86_64-unknown-linux-gnu,matchers,0.2.0,test::anchored::debug_is_anchored,full,success,0.5681715783333333,,,,
x86_64-unknown-linux-gnu,matchers,0.2.0,test::anchored::debug_matches,full,success,24.541103261333333,,,,
x86_64-unknown-linux-gnu,matchers,0.2.0,test::anchored::debug_rep_patterns,full,success,0.566526225,,,,
x86_64-unknown-linux-gnu,matchers,0.2.0,test::anchored::display_explicitly_unanchored,full,success,11.945854928666668,,,,
x86_64-unknown-linux-gnu,matchers,0.2.0,test::anchored::display_is_anchored,full,success,0.5765488786666667,,,,
x86_64-unknown-linux-gnu,matchers,0.2.0,test::anchored::display_matches,full,success,25.120367795666667,,,,
x86_64-unknown-linux-gnu,matchers,0.2.0,test::anchored::reader_explicitly_unanchored,full,success,11.935755749333333,,,,
x86_64-unknown-linux-gnu,matchers,0.2.0,test::anchored::reader_is_anchored,full,success,0.5928559396666667,,,,
x86_64-unknown-linux-gnu,matchers,0.2.0,test::anchored::reader_matches,full,success,25.063878371333335,,,,
x86_64-unknown-linux-gnu,matchers,0.2.0,test::unanchored::debug_is_unanchored,full,success,0.5703049866666667,,,,
x86_64-unknown-linux-gnu,matchers,0.2.0,test::unanchored::debug_matches,full,success,24.796502334,,,,
x86_64-unknown-linux-gnu,matchers,0.2.0,test::unanchored::debug_rep_patterns,full,success,0.5841582073333335,,,,
x86_64-unknown-linux-gnu,matchers,0.2.0,test::unanchored::display_is_unanchored,full,success,0.5858561176666668,,,,
x86_64-unknown-linux-gnu,matchers,0.2.0,test::unanchored::display_matches,full,success,24.933348234666667,,,,
x86_64-unknown-linux-gnu,matchers,0.2.0,test::unanchored::reader_is_unanchored,full,success,0.581401429,,,,
x86_64-unknown-linux-gnu,matchers,0.2.0,test::unanchored::reader_matches,full,success,24.603780011999998,,,,
x86_64-unknown-linux-gnu,memchr,2.8.1,arch::all::memchr::tests::count_one,full,success,0.24927459300000002,,,,
x86_64-unknown-linux-gnu,memchr,2.8.1,arch::all::memchr::tests::forward_one,full,success,0.2811089783333333,,,,
x86_64-unknown-linux-gnu,memchr,2.8.1,arch::all::memchr::tests::forward_three,full,success,0.36957845133333334,,,,
x86_64-unknown-linux-gnu,memchr,2.8.1,arch::all::memchr::tests::forward_two,full,success,0.3278849396666667,,,,
x86_64-unknown-linux-gnu,memchr,2.8.1,arch::all::memchr::tests::regression_big_endian1,full,success,0.12155819833333333,,,,
x86_64-unknown-linux-gnu,memchr,2.8.1,arch::all::memchr::tests::regression_big_endian2,full,success,0.11838801,,,,
x86_64-unknown-linux-gnu,memchr,2.8.1,arch::all::memchr::tests::regression_count_new_lines,full,success,0.12238122566666669,,,,
x86_64-unknown-linux-gnu,memchr,2.8.1,arch::all::memchr::tests::regression_double_ended_iterator,full,success,0.12073017700000001,,,,
x86_64-unknown-linux-gnu,memchr,2.8.1,arch::all::memchr::tests::reverse_one,full,success,0.2824502436666667,,,,
x86_64-unknown-linux-gnu,memchr,2.8.1,arch::all::memchr::tests::reverse_three,full,success,0.36430521400000004,,,,
x86_64-unknown-linux-gnu,memchr,2.8.1,arch::all::memchr::tests::reverse_two,full,success,0.3279735366666667,,,,
x86_64-unknown-linux-gnu,memchr,2.8.1,arch::all::packedpair::tests::forward_packedpair,full,success,4.948430350333334,,,,
x86_64-unknown-linux-gnu,memchr,2.8.1,arch::all::rabinkarp::tests::forward,full,success,2.91303265,,,,
x86_64-unknown-linux-gnu,memchr,2.8.1,arch::all::rabinkarp::tests::reverse,full,success,2.918456699,,,,
x86_64-unknown-linux-gnu,memchr,2.8.1,arch::all::shiftor::tests::forward,full,success,3.193172089666666,,,,
x86_64-unknown-linux-gnu,memchr,2.8.1,arch::all::tests::equals_different_lengths,full,success,0.117758131,,,,
x86_64-unknown-linux-gnu,memchr,2.8.1,arch::all::tests::equals_mismatch,full,success,0.11765514733333333,,,,
x86_64-unknown-linux-gnu,memchr,2.8.1,arch::all::tests::equals_yes,full,success,0.11713740700000001,,,,
x86_64-unknown-linux-gnu,memchr,2.8.1,arch::all::tests::prefix,full,success,0.11721101100000002,,,,
x86_64-unknown-linux-gnu,memchr,2.8.1,arch::all::tests::suffix,full,success,0.11766383366666666,,,,
x86_64-unknown-linux-gnu,memchr,2.8.1,arch::all::twoway::tests::forward,full,success,2.680884876666667,,,,
x86_64-unknown-linux-gnu,memchr,2.8.1,arch::all::twoway::tests::regression_rev_small_period,full,success,0.12594056266666667,,,,
x86_64-unknown-linux-gnu,memchr,2.8.1,arch::all::twoway::tests::reverse,full,success,2.5013560096666665,,,,
x86_64-unknown-linux-gnu,memchr,2.8.1,arch::all::twoway::tests::suffix_forward,full,success,0.11940648866666666,,,,
x86_64-unknown-linux-gnu,memchr,2.8.1,arch::all::twoway::tests::suffix_reverse,full,success,0.12077741233333333,,,,
x86_64-unknown-linux-gnu,memchr,2.8.1,arch::x86_64::avx2::memchr::tests::count_one,full,success,0.26151631466666664,,,,
x86_64-unknown-linux-gnu,memchr,2.8.1,arch::x86_64::avx2::memchr::tests::forward_one,full,success,0.2869367556666667,,,,
x86_64-unknown-linux-gnu,memchr,2.8.1,arch::x86_64::avx2::memchr::tests::forward_three,full,success,0.36316787233333336,,,,
x86_64-unknown-linux-gnu,memchr,2.8.1,arch::x86_64::avx2::memchr::tests::forward_two,full,success,0.327448316,,,,
x86_64-unknown-linux-gnu,memchr,2.8.1,arch::x86_64::avx2::memchr::tests::reverse_one,full,success,0.2887199276666667,,,,
x86_64-unknown-linux-gnu,memchr,2.8.1,arch::x86_64::avx2::memchr::tests::reverse_three,full,success,0.36568652100000004,,,,
x86_64-unknown-linux-gnu,memchr,2.8.1,arch::x86_64::avx2::memchr::tests::reverse_two,full,success,0.3306038436666667,,,,
x86_64-unknown-linux-gnu,memchr,2.8.1,arch::x86_64::avx2::packedpair::tests::forward_packedpair,full,success,5.070963968333333,,,,
x86_64-unknown-linux-gnu,memchr,2.8.1,arch::x86_64::avx2::packedpair::tests::forward_packedpair_prefilter,full,success,5.073629229000001,,,,
x86_64-unknown-linux-gnu,memchr,2.8.1,arch::x86_64::avx2::packedpair::tests::forward_substring,full,success,2.4473273079999998,,,,
x86_64-unknown-linux-gnu,memchr,2.8.1,arch::x86_64::sse2::memchr::tests::count_one,full,success,0.2529753706666667,,,,
x86_64-unknown-linux-gnu,memchr,2.8.1,arch::x86_64::sse2::memchr::tests::forward_one,full,success,0.2776002833333333,,,,
x86_64-unknown-linux-gnu,memchr,2.8.1,arch::x86_64::sse2::memchr::tests::forward_three,full,success,0.368141542,,,,
x86_64-unknown-linux-gnu,memchr,2.8.1,arch::x86_64::sse2::memchr::tests::forward_two,full,success,0.32755602266666667,,,,
x86_64-unknown-linux-gnu,memchr,2.8.1,arch::x86_64::sse2::memchr::tests::reverse_one,full,success,0.28749785600000005,,,,
x86_64-unknown-linux-gnu,memchr,2.8.1,arch::x86_64::sse2::memchr::tests::reverse_three,full,success,0.3659128483333334,,,,
x86_64-unknown-linux-gnu,memchr,2.8.1,arch::x86_64::sse2::memchr::tests::reverse_two,full,success,0.327587954,,,,
x86_64-unknown-linux-gnu,memchr,2.8.1,arch::x86_64::sse2::packedpair::tests::forward_packedpair,full,success,5.114153772666667,,,,
x86_64-unknown-linux-gnu,memchr,2.8.1,arch::x86_64::sse2::packedpair::tests::forward_packedpair_prefilter,full,success,5.1241973986666665,,,,
x86_64-unknown-linux-gnu,memchr,2.8.1,arch::x86_64::sse2::packedpair::tests::forward_substring,full,success,2.3729071066666667,,,,
x86_64-unknown-linux-gnu,memchr,2.8.1,memchr::tests::count1_iter,full,success,0.2528746743333334,,,,
x86_64-unknown-linux-gnu,memchr,2.8.1,memchr::tests::forward1_iter,full,success,0.273532472,,,,
x86_64-unknown-linux-gnu,memchr,2.8.1,memchr::tests::forward1_oneshot,full,success,0.2704755486666667,,,,
x86_64-unknown-linux-gnu,memchr,2.8.1,memchr::tests::forward2_iter,full,success,0.32455684600000007,,,,
x86_64-unknown-linux-gnu,memchr,2.8.1,memchr::tests::forward2_oneshot,full,success,0.33040230966666667,,,,
x86_64-unknown-linux-gnu,memchr,2.8.1,memchr::tests::forward3_iter,full,success,0.3645532706666667,,,,
x86_64-unknown-linux-gnu,memchr,2.8.1,memchr::tests::forward3_oneshot,full,success,0.3734349066666667,,,,
x86_64-unknown-linux-gnu,memchr,2.8.1,memchr::tests::reverse1_iter,full,success,0.279756909,,,,
x86_64-unknown-linux-gnu,memchr,2.8.1,memchr::tests::reverse1_oneshot,full,success,0.27714728566666663,,,,
x86_64-unknown-linux-gnu,memchr,2.8.1,memchr::tests::reverse2_iter,full,success,0.33118447100000004,,,,
x86_64-unknown-linux-gnu,memchr,2.8.1,memchr::tests::reverse2_oneshot,full,success,0.33345406266666666,,,,
x86_64-unknown-linux-gnu,memchr,2.8.1,memchr::tests::reverse3_iter,full,success,0.36719884799999997,,,,
x86_64-unknown-linux-gnu,memchr,2.8.1,memchr::tests::reverse3_oneshot,full,success,0.372816862,,,,
x86_64-unknown-linux-gnu,memchr,2.8.1,memchr::tests::sync_regression,full,success,0.11905709633333333,,,,
x86_64-unknown-linux-gnu,memchr,2.8.1,memmem::tests::forward,full,success,2.864182925,,,,
x86_64-unknown-linux-gnu,memchr,2.8.1,memmem::tests::reverse,full,success,2.7830358720000006,,,,
x86_64-unknown-linux-gnu,memchr,2.8.1,tests::byte_order,full,success,0.12140222433333332,,,,
x86_64-unknown-linux-gnu,memchr,2.8.1,tests::substring::naive::tests::forward,full,success,2.8471721446666667,,,,
x86_64-unknown-linux-gnu,memchr,2.8.1,tests::substring::naive::tests::reverse,full,success,2.8907732769999996,,,,
x86_64-unknown-linux-gnu,nu-ansi-term,0.50.3,ansi::test::black,full,success,0.13475706366666668,,,,
x86_64-unknown-linux-gnu,nu-ansi-term,0.50.3,ansi::test::blink,full,success,0.13897519300000002,,,,
x86_64-unknown-linux-gnu,nu-ansi-term,0.50.3,ansi::test::blue_on_rgb,full,success,0.135186877,,,,
x86_64-unknown-linux-gnu,nu-ansi-term,0.50.3,ansi::test::blue_underline,full,success,0.12907770033333335,,,,
x86_64-unknown-linux-gnu,nu-ansi-term,0.50.3,ansi::test::bold,full,success,0.13497793100000002,,,,
x86_64-unknown-linux-gnu,nu-ansi-term,0.50.3,ansi::test::bold_with_reset,full,success,0.13516724900000002,,,,
x86_64-unknown-linux-gnu,nu-ansi-term,0.50.3,ansi::test::bold_with_reset_2,full,success,0.13430856333333333,,,,
x86_64-unknown-linux-gnu,nu-ansi-term,0.50.3,ansi::test::bunderline,full,success,0.132819514,,,,
x86_64-unknown-linux-gnu,nu-ansi-term,0.50.3,ansi::test::cyan_bold_on_white,full,success,0.13378006,,,,
x86_64-unknown-linux-gnu,nu-ansi-term,0.50.3,ansi::test::cyan_bold_ul_on_white,full,success,0.132388794,,,,
x86_64-unknown-linux-gnu,nu-ansi-term,0.50.3,ansi::test::cyan_ul_bold_on_white,full,success,0.13913286900000002,,,,
x86_64-unknown-linux-gnu,nu-ansi-term,0.50.3,ansi::test::cyan_ul_on_white,full,success,0.13877539900000002,,,,
x86_64-unknown-linux-gnu,nu-ansi-term,0.50.3,ansi::test::dimmed,full,success,0.14038923233333336,,,,
x86_64-unknown-linux-gnu,nu-ansi-term,0.50.3,ansi::test::fixed,full,success,0.13204966333333334,,,,
x86_64-unknown-linux-gnu,nu-ansi-term,0.50.3,ansi::test::fixed_on_fixed,full,success,0.13666819733333335,,,,
x86_64-unknown-linux-gnu,nu-ansi-term,0.50.3,ansi::test::fixed_on_purple,full,success,0.13289689633333335,,,,
x86_64-unknown-linux-gnu,nu-ansi-term,0.50.3,ansi::test::green_bold_ul,full,success,0.139370918,,,,
x86_64-unknown-linux-gnu,nu-ansi-term,0.50.3,ansi::test::green_bold_ul_2,full,success,0.13174518333333332,,,,
x86_64-unknown-linux-gnu,nu-ansi-term,0.50.3,ansi::test::hidden,full,success,0.13356196766666667,,,,
x86_64-unknown-linux-gnu,nu-ansi-term,0.50.3,ansi::test::italic,full,success,0.13420169300000004,,,,
x86_64-unknown-linux-gnu,nu-ansi-term,0.50.3,ansi::test::lr_on_lr,full,success,0.131379296,,,,
x86_64-unknown-linux-gnu,nu-ansi-term,0.50.3,ansi::test::magenta_on_white,full,success,0.13490358433333335,,,,
x86_64-unknown-linux-gnu,nu-ansi-term,0.50.3,ansi::test::magenta_on_white_2,full,success,0.139431667,,,,
x86_64-unknown-linux-gnu,nu-ansi-term,0.50.3,ansi::test::plain,full,success,0.13142874033333335,,,,
x86_64-unknown-linux-gnu,nu-ansi-term,0.50.3,ansi::test::purple_on_white,full,success,0.13137569600000001,,,,
x86_64-unknown-linux-gnu,nu-ansi-term,0.50.3,ansi::test::purple_on_white_2,full,success,0.130062069,,,,
x86_64-unknown-linux-gnu,nu-ansi-term,0.50.3,ansi::test::red,full,success,0.14037023866666667,,,,
x86_64-unknown-linux-gnu,nu-ansi-term,0.50.3,ansi::test::reverse,full,success,0.147925419,,,,
x86_64-unknown-linux-gnu,nu-ansi-term,0.50.3,ansi::test::rgb,full,success,0.136530075,,,,
x86_64-unknown-linux-gnu,nu-ansi-term,0.50.3,ansi::test::rgb_on_blue,full,success,0.134714802,,,,
x86_64-unknown-linux-gnu,nu-ansi-term,0.50.3,ansi::test::rgb_on_rgb,full,success,0.13580133966666666,,,,
x86_64-unknown-linux-gnu,nu-ansi-term,0.50.3,ansi::test::stricken,full,success,0.14349048366666667,,,,
x86_64-unknown-linux-gnu,nu-ansi-term,0.50.3,ansi::test::test_infix,full,success,0.13693871466666666,,,,
x86_64-unknown-linux-gnu,nu-ansi-term,0.50.3,ansi::test::test_write_prefix_no_gnu_compat_order,full,success,0.14156059166666668,,,,
x86_64-unknown-linux-gnu,nu-ansi-term,0.50.3,ansi::test::underline,full,success,0.13070705800000001,,,,
x86_64-unknown-linux-gnu,nu-ansi-term,0.50.3,ansi::test::yellow_bold,full,success,0.13809654666666668,,,,
x86_64-unknown-linux-gnu,nu-ansi-term,0.50.3,ansi::test::yellow_bold_2,full,success,0.13270718566666667,,,,
x86_64-unknown-linux-gnu,nu-ansi-term,0.50.3,ansi::test::yellow_on_blue,full,success,0.13603891433333334,,,,
x86_64-unknown-linux-gnu,nu-ansi-term,0.50.3,ansi::test::yellow_on_blue_2,full,success,0.13575550033333336,,,,
x86_64-unknown-linux-gnu,nu-ansi-term,0.50.3,ansi::test::yellow_on_blue_reset,full,success,0.13342465666666667,,,,
x86_64-unknown-linux-gnu,nu-ansi-term,0.50.3,ansi::test::yellow_on_blue_reset_2,full,success,0.13397748633333334,,,,
x86_64-unknown-linux-gnu,nu-ansi-term,0.50.3,debug::test::bold,full,success,0.132866494,,,,
x86_64-unknown-linux-gnu,nu-ansi-term,0.50.3,debug::test::both,full,success,0.13222120933333334,,,,
x86_64-unknown-linux-gnu,nu-ansi-term,0.50.3,debug::test::empty,full,success,0.13090949466666668,,,,
x86_64-unknown-linux-gnu,nu-ansi-term,0.50.3,debug::test::everything,full,success,0.13145866733333333,,,,
x86_64-unknown-linux-gnu,nu-ansi-term,0.50.3,debug::test::italic,full,success,0.12907614,,,,
x86_64-unknown-linux-gnu,nu-ansi-term,0.50.3,debug::test::long_and_detailed,full,success,0.14576728400000002,,,,
x86_64-unknown-linux-gnu,nu-ansi-term,0.50.3,debug::test::red,full,success,0.12805952866666667,,,,
x86_64-unknown-linux-gnu,nu-ansi-term,0.50.3,debug::test::redblue,full,success,0.13496497733333335,,,,
x86_64-unknown-linux-gnu,nu-ansi-term,0.50.3,difference::test::addition_of_blink,full,success,0.12789798266666666,,,,
x86_64-unknown-linux-gnu,nu-ansi-term,0.50.3,difference::test::addition_of_dimmed,full,success,0.13313044633333335,,,,
x86_64-unknown-linux-gnu,nu-ansi-term,0.50.3,difference::test::addition_of_hidden,full,success,0.13231193266666666,,,,
x86_64-unknown-linux-gnu,nu-ansi-term,0.50.3,difference::test::addition_of_reverse,full,success,0.13151651033333334,,,,
x86_64-unknown-linux-gnu,nu-ansi-term,0.50.3,difference::test::addition_of_strikethrough,full,success,0.13856106233333335,,,,
x86_64-unknown-linux-gnu,nu-ansi-term,0.50.3,difference::test::color_change,full,success,0.13386833133333334,,,,
x86_64-unknown-linux-gnu,nu-ansi-term,0.50.3,difference::test::lowercase,full,success,0.12949123633333334,,,,
x86_64-unknown-linux-gnu,nu-ansi-term,0.50.3,difference::test::nothing,full,success,0.13321678066666667,,,,
x86_64-unknown-linux-gnu,nu-ansi-term,0.50.3,difference::test::nothing2,full,success,0.13045838233333332,,,,
x86_64-unknown-linux-gnu,nu-ansi-term,0.50.3,difference::test::removal_of_blink,full,success,0.13980720566666668,,,,
x86_64-unknown-linux-gnu,nu-ansi-term,0.50.3,difference::test::removal_of_dimmed,full,success,0.12844554433333333,,,,
x86_64-unknown-linux-gnu,nu-ansi-term,0.50.3,difference::test::removal_of_hidden,full,success,0.134455922,,,,
x86_64-unknown-linux-gnu,nu-ansi-term,0.50.3,difference::test::removal_of_reverse,full,success,0.12867548799999998,,,,
x86_64-unknown-linux-gnu,nu-ansi-term,0.50.3,difference::test::removal_of_strikethrough,full,success,0.12923213433333333,,,,
x86_64-unknown-linux-gnu,nu-ansi-term,0.50.3,difference::test::uppercase,full,success,0.13531069033333334,,,,
x86_64-unknown-linux-gnu,nu-ansi-term,0.50.3,display::tests::hyperlink,full,success,0.13107871466666665,,,,
x86_64-unknown-linux-gnu,nu-ansi-term,0.50.3,display::tests::hyperlinks,full,success,0.13910998933333335,,,,
x86_64-unknown-linux-gnu,nu-ansi-term,0.50.3,display::tests::no_control_codes_for_plain,full,success,0.13408411899999997,,,,
x86_64-unknown-linux-gnu,nu-ansi-term,0.50.3,display::tests::title,full,success,0.141833136,,,,
x86_64-unknown-linux-gnu,nu-ansi-term,0.50.3,util::test::test,full,success,0.136751357,,,,
x86_64-unknown-linux-gnu,num-bigint,0.4.6,bigint::test_assign_from_slice,full,success,0.134064908,,,,
x86_64-unknown-linux-gnu,num-bigint,0.4.6,bigint::test_from_biguint,full,success,0.13626004833333336,,,,
x86_64-unknown-linux-gnu,num-bigint,0.4.6,bigint::test_from_slice,full,success,0.13688352366666667,,,,
x86_64-unknown-linux-gnu,num-bigint,0.4.6,biguint::convert::test_half_radix_bases,full,success,0.14369666066666667,,,,
x86_64-unknown-linux-gnu,num-bigint,0.4.6,biguint::convert::test_radix_bases,full,success,0.14593166533333335,,,,
x86_64-unknown-linux-gnu,num-bigint,0.4.6,biguint::iter::test_iter_u32_digits,full,success,0.12899519,,,,
x86_64-unknown-linux-gnu,num-bigint,0.4.6,biguint::iter::test_iter_u32_digits_be,full,success,0.132886262,,,,
x86_64-unknown-linux-gnu,num-bigint,0.4.6,biguint::iter::test_iter_u64_digits,full,success,0.13215264633333335,,,,
x86_64-unknown-linux-gnu,num-bigint,0.4.6,biguint::iter::test_iter_u64_digits_be,full,success,0.13757776533333335,,,,
x86_64-unknown-linux-gnu,num-bigint,0.4.6,biguint::multiplication::test_sub_sign,full,success,0.14143592233333335,,,,
x86_64-unknown-linux-gnu,num-bigint,0.4.6,biguint::power::test_plain_modpow,full,success,3.377771183,,,,
x86_64-unknown-linux-gnu,num-bigint,0.4.6,biguint::power::test_pow_biguint,full,success,0.13056064033333334,,,,
x86_64-unknown-linux-gnu,num-bigint,0.4.6,biguint::test_from_slice,full,success,0.13296194333333333,,,,
x86_64-unknown-linux-gnu,num-bigint,0.4.6,biguint::test_u128_u32_roundtrip,full,success,0.13014327033333334,,,,
x86_64-unknown-linux-gnu,num-bigint,0.4.6,biguint::test_u32_u128,full,success,0.12874979266666667,,,,
x86_64-unknown-linux-gnu,num-complex,0.4.6,cast::test::test_as_primitive,full,success,0.129345456,,,,
x86_64-unknown-linux-gnu,num-complex,0.4.6,cast::test::test_from_primitive,full,success,0.12775306666666666,,,,
x86_64-unknown-linux-gnu,num-complex,0.4.6,cast::test::test_num_cast,full,success,0.13468886233333335,,,,
x86_64-unknown-linux-gnu,num-complex,0.4.6,cast::test::test_to_primitive,full,success,0.13608781866666667,,,,
x86_64-unknown-linux-gnu,num-complex,0.4.6,complex_float::test::test_arg,full,success,0.13274988333333335,,,,
x86_64-unknown-linux-gnu,num-complex,0.4.6,complex_float::test::test_conj,full,success,0.13126487666666667,,,,
x86_64-unknown-linux-gnu,num-complex,0.4.6,complex_float::test::test_exp,full,success,0.132630465,,,,
x86_64-unknown-linux-gnu,num-complex,0.4.6,complex_float::test::test_exp2,full,success,0.12931834433333333,,,,
x86_64-unknown-linux-gnu,num-complex,0.4.6,complex_float::test::test_is_finite,full,success,0.1285043206666667,,,,
x86_64-unknown-linux-gnu,num-complex,0.4.6,complex_float::test::test_is_infinite,full,success,0.1287389946666667,,,,
x86_64-unknown-linux-gnu,num-complex,0.4.6,complex_float::test::test_is_nan,full,success,0.130901046,,,,
x86_64-unknown-linux-gnu,num-complex,0.4.6,complex_float::test::test_is_normal,full,success,0.13162306,,,,
x86_64-unknown-linux-gnu,num-complex,0.4.6,complex_float::test::test_log10,full,success,0.13099363833333333,,,,
x86_64-unknown-linux-gnu,num-complex,0.4.6,complex_float::test::test_log2,full,success,0.128751248,,,,
x86_64-unknown-linux-gnu,num-complex,0.4.6,complex_float::test::test_powi,full,success,0.13037139233333336,,,,
x86_64-unknown-linux-gnu,num-complex,0.4.6,complex_float::test::test_powz,full,success,0.13141302666666665,,,,
x86_64-unknown-linux-gnu,num-complex,0.4.6,test::complex_arithmetic::test_add,full,success,0.13312899000000003,,,,
x86_64-unknown-linux-gnu,num-complex,0.4.6,test::complex_arithmetic::test_div,full,success,0.1310495916666667,,,,
x86_64-unknown-linux-gnu,num-complex,0.4.6,test::complex_arithmetic::test_mul,full,success,0.13464519533333333,,,,
x86_64-unknown-linux-gnu,num-complex,0.4.6,test::complex_arithmetic::test_mul_add,full,success,0.13828172700000002,,,,
x86_64-unknown-linux-gnu,num-complex,0.4.6,test::complex_arithmetic::test_mul_add_float,full,success,0.14665146000000004,,,,
x86_64-unknown-linux-gnu,num-complex,0.4.6,test::complex_arithmetic::test_neg,full,success,0.13001766066666667,,,,
x86_64-unknown-linux-gnu,num-complex,0.4.6,test::complex_arithmetic::test_rem,full,success,0.13137618166666667,,,,
x86_64-unknown-linux-gnu,num-complex,0.4.6,test::complex_arithmetic::test_sub,full,success,0.13021384266666666,,,,
x86_64-unknown-linux-gnu,num-complex,0.4.6,test::float::test_acos,full,success,0.13068346433333333,,,,
x86_64-unknown-linux-gnu,num-complex,0.4.6,test::float::test_acosh,full,success,0.13074910000000003,,,,
x86_64-unknown-linux-gnu,num-complex,0.4.6,test::float::test_arg,full,success,0.13039724766666666,,,,
x86_64-unknown-linux-gnu,num-complex,0.4.6,test::float::test_asin,full,success,0.13533254966666666,,,,
x86_64-unknown-linux-gnu,num-complex,0.4.6,test::float::test_asinh,full,success,0.130261976,,,,
x86_64-unknown-linux-gnu,num-complex,0.4.6,test::float::test_atan,full,success,0.1308385883333333,,,,
x86_64-unknown-linux-gnu,num-complex,0.4.6,test::float::test_atanh,full,success,0.13527431533333334,,,,
x86_64-unknown-linux-gnu,num-complex,0.4.6,test::float::test_cbrt,full,success,0.131703027,,,,
x86_64-unknown-linux-gnu,num-complex,0.4.6,test::float::test_cbrt_imag,full,success,0.13827825233333332,,,,
x86_64-unknown-linux-gnu,num-complex,0.4.6,test::float::test_cbrt_real,full,success,0.14146856933333332,,,,
x86_64-unknown-linux-gnu,num-complex,0.4.6,test::float::test_cis,full,success,0.143872691,,,,
x86_64-unknown-linux-gnu,num-complex,0.4.6,test::float::test_cos,full,success,0.13610141,,,,
x86_64-unknown-linux-gnu,num-complex,0.4.6,test::float::test_cosh,full,success,0.13036028033333333,,,,
x86_64-unknown-linux-gnu,num-complex,0.4.6,test::float::test_exp,full,success,0.12948833633333334,,,,
x86_64-unknown-linux-gnu,num-complex,0.4.6,test::float::test_exp2,full,success,0.13117740633333333,,,,
x86_64-unknown-linux-gnu,num-complex,0.4.6,test::float::test_exp2_log,full,success,0.13196151766666667,,,,
x86_64-unknown-linux-gnu,num-complex,0.4.6,test::float::test_exp_ln,full,success,0.13774179900000003,,,,
x86_64-unknown-linux-gnu,num-complex,0.4.6,test::float::test_hyperbolic_identites,full,success,0.13052812733333333,,,,
x86_64-unknown-linux-gnu,num-complex,0.4.6,test::float::test_ln,full,success,0.13546201133333335,,,,
x86_64-unknown-linux-gnu,num-complex,0.4.6,test::float::test_log,full,success,0.129867396,,,,
x86_64-unknown-linux-gnu,num-complex,0.4.6,test::float::test_log10,full,success,0.132051368,,,,
x86_64-unknown-linux-gnu,num-complex,0.4.6,test::float::test_log2,full,success,0.132987843,,,,
x86_64-unknown-linux-gnu,num-complex,0.4.6,test::float::test_norm,full,success,0.12890779033333333,,,,
x86_64-unknown-linux-gnu,num-complex,0.4.6,test::float::test_polar_conv,full,success,0.13483518033333333,,,,
x86_64-unknown-linux-gnu,num-complex,0.4.6,test::float::test_powc,full,success,0.12783365033333335,,,,
x86_64-unknown-linux-gnu,num-complex,0.4.6,test::float::test_powf,full,success,0.130482069,,,,
x86_64-unknown-linux-gnu,num-complex,0.4.6,test::float::test_sin,full,success,0.13701350433333334,,,,
x86_64-unknown-linux-gnu,num-complex,0.4.6,test::float::test_sinh,full,success,0.128439491,,,,
x86_64-unknown-linux-gnu,num-complex,0.4.6,test::float::test_some_expf_cases,full,success,0.13221806066666666,,,,
x86_64-unknown-linux-gnu,num-complex,0.4.6,test::float::test_sqrt,full,success,0.13160838233333336,,,,
x86_64-unknown-linux-gnu,num-complex,0.4.6,test::float::test_sqrt_imag,full,success,0.13713922433333334,,,,
x86_64-unknown-linux-gnu,num-complex,0.4.6,test::float::test_sqrt_real,full,success,0.13713413300000002,,,,
x86_64-unknown-linux-gnu,num-complex,0.4.6,test::float::test_tan,full,success,0.13599135066666668,,,,
x86_64-unknown-linux-gnu,num-complex,0.4.6,test::float::test_tanh,full,success,0.13279137900000001,,,,
x86_64-unknown-linux-gnu,num-complex,0.4.6,test::float::test_trig_identities,full,success,0.13277357566666667,,,,
x86_64-unknown-linux-gnu,num-complex,0.4.6,test::float::test_trig_to_hyperbolic,full,success,0.13954786966666666,,,,
x86_64-unknown-linux-gnu,num-complex,0.4.6,test::real_arithmetic::test_add,full,success,0.12956268666666668,,,,
x86_64-unknown-linux-gnu,num-complex,0.4.6,test::real_arithmetic::test_div,full,success,0.12873866066666664,,,,
x86_64-unknown-linux-gnu,num-complex,0.4.6,test::real_arithmetic::test_div_rem_gaussian,full,success,0.13234000200000004,,,,
x86_64-unknown-linux-gnu,num-complex,0.4.6,test::real_arithmetic::test_mul,full,success,0.12852776133333332,,,,
x86_64-unknown-linux-gnu,num-complex,0.4.6,test::real_arithmetic::test_rem,full,success,0.13341493699999998,,,,
x86_64-unknown-linux-gnu,num-complex,0.4.6,test::real_arithmetic::test_sub,full,success,0.13551706233333335,,,,
x86_64-unknown-linux-gnu,num-complex,0.4.6,test::test_conj,full,success,0.13083954733333333,,,,
x86_64-unknown-linux-gnu,num-complex,0.4.6,test::test_const,full,success,0.12932454166666665,,,,
x86_64-unknown-linux-gnu,num-complex,0.4.6,test::test_consts,full,success,0.13161321933333334,,,,
x86_64-unknown-linux-gnu,num-complex,0.4.6,test::test_divide_by_zero_natural,full,success,0.13080418900000002,,,,
x86_64-unknown-linux-gnu,num-complex,0.4.6,test::test_from_str,full,success,0.15961703866666668,,,,
x86_64-unknown-linux-gnu,num-complex,0.4.6,test::test_from_str_fail,full,success,0.13527072000000004,,,,
x86_64-unknown-linux-gnu,num-complex,0.4.6,test::test_from_str_radix,full,success,0.1353633426666667,,,,
x86_64-unknown-linux-gnu,num-complex,0.4.6,test::test_from_str_radix_fail,full,success,0.13311083933333334,,,,
x86_64-unknown-linux-gnu,num-complex,0.4.6,test::test_hash,full,success,0.12977473966666667,,,,
x86_64-unknown-linux-gnu,num-complex,0.4.6,test::test_hashset,full,success,0.13297201833333333,,,,
x86_64-unknown-linux-gnu,num-complex,0.4.6,test::test_inv,full,success,0.13055082466666668,,,,
x86_64-unknown-linux-gnu,num-complex,0.4.6,test::test_inv_zero,full,success,0.13013240166666665,,,,
x86_64-unknown-linux-gnu,num-complex,0.4.6,test::test_is_finite,full,success,0.12912511833333332,,,,
x86_64-unknown-linux-gnu,num-complex,0.4.6,test::test_is_infinite,full,success,0.13275982300000003,,,,
x86_64-unknown-linux-gnu,num-complex,0.4.6,test::test_is_nan,full,success,0.1301487686666667,,,,
x86_64-unknown-linux-gnu,num-complex,0.4.6,test::test_is_nan_special_cases,full,success,0.1286285566666667,,,,
x86_64-unknown-linux-gnu,num-complex,0.4.6,test::test_is_normal,full,success,0.13165613066666668,,,,
x86_64-unknown-linux-gnu,num-complex,0.4.6,test::test_l1_norm,full,success,0.13300153,,,,
x86_64-unknown-linux-gnu,num-complex,0.4.6,test::test_one,full,success,0.13149181733333334,,,,
x86_64-unknown-linux-gnu,num-complex,0.4.6,test::test_pow,full,success,0.15013112,,,,
x86_64-unknown-linux-gnu,num-complex,0.4.6,test::test_prod,full,success,0.127675217,,,,
x86_64-unknown-linux-gnu,num-complex,0.4.6,test::test_scale_unscale,full,success,0.133781236,,,,
x86_64-unknown-linux-gnu,num-complex,0.4.6,test::test_string_formatting,full,success,0.1485287896666667,,,,
x86_64-unknown-linux-gnu,num-complex,0.4.6,test::test_sum,full,success,0.1345443736666667,,,,
x86_64-unknown-linux-gnu,num-complex,0.4.6,test::test_to_string,full,success,0.14176233733333335,,,,
x86_64-unknown-linux-gnu,num-complex,0.4.6,test::test_zero,full,success,0.133048087,,,,
x86_64-unknown-linux-gnu,object,0.39.1,pod::tests::single,full,success,0.1318820066666667,,,,
x86_64-unknown-linux-gnu,object,0.39.1,pod::tests::slice,full,success,0.14502007466666667,,,,
x86_64-unknown-linux-gnu,object,0.39.1,pod::tests::slice_zero,full,success,0.12728145166666668,,,,
x86_64-unknown-linux-gnu,object,0.39.1,read::archive::tests::aix_names,full,success,0.12842323333333336,,,,
x86_64-unknown-linux-gnu,object,0.39.1,read::archive::tests::bsd_names,full,success,0.13125909033333336,,,,
x86_64-unknown-linux-gnu,object,0.39.1,read::archive::tests::gnu_names,full,success,0.13020791166666668,,,,
x86_64-unknown-linux-gnu,object,0.39.1,read::archive::tests::kind,full,success,0.1351922223333333,,,,
x86_64-unknown-linux-gnu,object,0.39.1,read::archive::tests::thin_gnu_names,full,success,0.12805846866666667,,,,
x86_64-unknown-linux-gnu,object,0.39.1,read::coff::section::tests::name_offset,full,success,0.13366396333333333,,,,
x86_64-unknown-linux-gnu,object,0.39.1,read::macho::load_command::tests::cmd_size_invalid,full,success,0.12757549966666668,,,,
x86_64-unknown-linux-gnu,object,0.39.1,read::macho::load_command::tests::function_starts_invalid_uleb128,full,success,0.1324406406666667,,,,
x86_64-unknown-linux-gnu,object,0.39.1,read::util::tests::bytes,full,success,0.13130787433333335,,,,
x86_64-unknown-linux-gnu,object,0.39.1,read::util::tests::bytes_debug,full,success,0.137628735,,,,
x86_64-unknown-linux-gnu,once_cell,1.21.4,imp::tests::poison_bad,full,success,0.08883486233333333,,,,
x86_64-unknown-linux-gnu,once_cell,1.21.4,imp::tests::smoke_once,full,success,0.08244892366666667,,,,
x86_64-unknown-linux-gnu,once_cell,1.21.4,imp::tests::stampede_once,full,success,0.10090556466666667,,,,
x86_64-unknown-linux-gnu,once_cell,1.21.4,imp::tests::test_size,full,success,0.09247032566666667,,,,
x86_64-unknown-linux-gnu,once_cell,1.21.4,imp::tests::wait_for_force_to_finish,full,success,0.09047692766666666,,,,
x86_64-unknown-linux-gnu,parking_lot_core,0.9.12,parking_lot::tests::unpark_all_hundred,full,success,25.305075820000003,,,,
x86_64-unknown-linux-gnu,parking_lot_core,0.9.12,parking_lot::tests::unpark_all_one,full,success,0.3963559160000001,,,,
x86_64-unknown-linux-gnu,parking_lot_core,0.9.12,parking_lot::tests::unpark_all_one_fast,full,success,2.850236695,,,,
x86_64-unknown-linux-gnu,parking_lot_core,0.9.12,parking_lot::tests::unpark_one_fifty,full,success,1.4121383013333333,,,,
x86_64-unknown-linux-gnu,parking_lot_core,0.9.12,parking_lot::tests::unpark_one_fifty_then_fifty_all,full,success,7.487705912,,,,
x86_64-unknown-linux-gnu,parking_lot_core,0.9.12,parking_lot::tests::unpark_one_hundred_fast,full,success,15.610382358666667,,,,
x86_64-unknown-linux-gnu,parking_lot_core,0.9.12,parking_lot::tests::unpark_one_one,full,success,0.26504744533333335,,,,
x86_64-unknown-linux-gnu,parking_lot_core,0.9.12,parking_lot::tests::unpark_one_one_fast,full,success,2.586098668,,,,
x86_64-unknown-linux-gnu,pem-rfc7468,1.0.0,decoder::tests::pkcs8_example,full,success,0.12903960733333333,,,,
x86_64-unknown-linux-gnu,pem-rfc7468,1.0.0,grammar::tests::split_label_empty,full,success,0.12784322833333334,,,,
x86_64-unknown-linux-gnu,pem-rfc7468,1.0.0,grammar::tests::split_label_with_repeat_wsp_is_err,full,success,0.12828252033333334,,,,
x86_64-unknown-linux-gnu,pem-rfc7468,1.0.0,grammar::tests::split_label_with_text,full,success,0.13684907933333335,,,,
x86_64-unknown-linux-gnu,pem-rfc7468,1.0.0,grammar::tests::validate_private_key_label,full,success,0.12606181433333333,,,,
x86_64-unknown-linux-gnu,pem-rfc7468,1.0.0,grammar::tests::validate_private_key_label_reject_double_space,full,success,0.12678488333333335,,,,
x86_64-unknown-linux-gnu,percent-encoding,2.3.2,ascii_set::tests::add_op,full,success,0.10962347733333333,,,,
x86_64-unknown-linux-gnu,percent-encoding,2.3.2,ascii_set::tests::complement,full,success,0.10379523433333333,,,,
x86_64-unknown-linux-gnu,percent-encoding,2.3.2,ascii_set::tests::not_op,full,success,0.10676136666666668,,,,
x86_64-unknown-linux-gnu,percent-encoding,2.3.2,ascii_set::tests::union,full,success,0.10669679466666666,,,,
x86_64-unknown-linux-gnu,percent-encoding,2.3.2,tests::percent_decode,full,success,0.10617568533333334,,,,
x86_64-unknown-linux-gnu,percent-encoding,2.3.2,tests::percent_decode_collect,full,success,0.104066169,,,,
x86_64-unknown-linux-gnu,percent-encoding,2.3.2,tests::percent_decode_cow,full,success,0.10512306066666667,,,,
x86_64-unknown-linux-gnu,percent-encoding,2.3.2,tests::percent_decode_invalid_utf8,full,success,0.10466177633333333,,,,
x86_64-unknown-linux-gnu,percent-encoding,2.3.2,tests::percent_decode_str,full,success,0.104931075,,,,
x86_64-unknown-linux-gnu,percent-encoding,2.3.2,tests::percent_decode_utf8_lossy,full,success,0.10570261266666668,,,,
x86_64-unknown-linux-gnu,percent-encoding,2.3.2,tests::percent_decode_utf8_lossy_invalid_utf8,full,success,0.10867679766666667,,,,
x86_64-unknown-linux-gnu,percent-encoding,2.3.2,tests::percent_encode_accepts_ascii_set_ref,full,success,0.10745930466666669,,,,
x86_64-unknown-linux-gnu,percent-encoding,2.3.2,tests::percent_encode_byte,full,success,0.17897496333333338,,,,
x86_64-unknown-linux-gnu,percent-encoding,2.3.2,tests::percent_encode_collect,full,success,0.110767008,,,,
x86_64-unknown-linux-gnu,percent-encoding,2.3.2,tests::percent_encode_cow,full,success,0.11151518100000002,,,,
x86_64-unknown-linux-gnu,percent-encoding,2.3.2,tests::percent_encode_display,full,success,0.110106223,,,,
x86_64-unknown-linux-gnu,percent-encoding,2.3.2,tests::utf8_percent_encode,full,success,0.10740398066666668,,,,
x86_64-unknown-linux-gnu,percent-encoding,2.3.2,tests::utf8_percent_encode_accepts_ascii_set_ref,full,success,0.10634863166666668,,,,
x86_64-unknown-linux-gnu,petgraph,0.8.3,acyclic::tests::test_acyclic_graph,full,success,0.12727635766666667,,,,
x86_64-unknown-linux-gnu,petgraph,0.8.3,acyclic::tests::test_acyclic_graph_add_remove,full,success,0.11969658966666667,,,,
x86_64-unknown-linux-gnu,petgraph,0.8.3,acyclic::tests::test_multiedge_allowed,full,success,0.11795459766666667,,,,
x86_64-unknown-linux-gnu,petgraph,0.8.3,algo::bridges::tests::test_bridges,full,success,0.13390631633333336,,,,
x86_64-unknown-linux-gnu,petgraph,0.8.3,algo::dominators::tests::test_iter_dominators,full,success,0.11287987033333334,,,,
x86_64-unknown-linux-gnu,petgraph,0.8.3,algo::simple_paths::test::test_all_simple_paths,full,success,0.22728682033333333,,,,
x86_64-unknown-linux-gnu,petgraph,0.8.3,algo::simple_paths::test::test_all_simple_paths_corner_cases,full,success,0.10782070666666667,,,,
x86_64-unknown-linux-gnu,petgraph,0.8.3,algo::simple_paths::test::test_all_simple_paths_directed,full,success,0.11618972433333334,,,,
x86_64-unknown-linux-gnu,petgraph,0.8.3,algo::simple_paths::test::test_all_simple_paths_empty,full,success,0.11088769566666667,,,,
x86_64-unknown-linux-gnu,petgraph,0.8.3,algo::simple_paths::test::test_all_simple_paths_ignores_cycle,full,success,0.12202303000000002,,,,
x86_64-unknown-linux-gnu,petgraph,0.8.3,algo::simple_paths::test::test_all_simple_paths_on_non_trivial_graph,full,success,0.16588390533333333,,,,
x86_64-unknown-linux-gnu,petgraph,0.8.3,algo::simple_paths::test::test_digraph_multi_target_paths,full,success,0.13167675466666667,,,,
x86_64-unknown-linux-gnu,petgraph,0.8.3,algo::simple_paths::test::test_digraph_multi_target_paths_cutoff,full,success,0.128561956,,,,
x86_64-unknown-linux-gnu,petgraph,0.8.3,algo::simple_paths::test::test_multi_target_paths,full,success,0.13563848833333333,,,,
x86_64-unknown-linux-gnu,petgraph,0.8.3,algo::simple_paths::test::test_multi_target_paths_cutoff,full,success,0.12995779333333332,,,,
x86_64-unknown-linux-gnu,petgraph,0.8.3,algo::simple_paths::test::test_multi_target_paths_in_cycle,full,success,0.129139488,,,,
x86_64-unknown-linux-gnu,petgraph,0.8.3,algo::simple_paths::test::test_multi_target_paths_inline,full,success,0.13157959900000002,,,,
x86_64-unknown-linux-gnu,petgraph,0.8.3,algo::simple_paths::test::test_multi_target_paths_min_intermediate_nodes,full,success,0.16609851133333334,,,,
x86_64-unknown-linux-gnu,petgraph,0.8.3,algo::simple_paths::test::test_multi_target_source_is_target,full,success,0.12087807499999999,,,,
x86_64-unknown-linux-gnu,petgraph,0.8.3,algo::simple_paths::test::test_no_simple_paths,full,success,0.12147440400000002,,,,
x86_64-unknown-linux-gnu,petgraph,0.8.3,algo::simple_paths::test::test_one_simple_path,full,success,0.11884159200000001,,,,
x86_64-unknown-linux-gnu,petgraph,0.8.3,algo::simple_paths::test::test_path_graph,full,success,0.11513621333333333,,,,
x86_64-unknown-linux-gnu,petgraph,0.8.3,algo::simple_paths::test::test_simple_path_source_target,full,success,0.11753907666666667,,,,
x86_64-unknown-linux-gnu,petgraph,0.8.3,algo::simple_paths::test::test_simple_paths_cutoff,full,success,0.13268591000000002,,,,
x86_64-unknown-linux-gnu,petgraph,0.8.3,algo::simple_paths::test::test_simple_paths_from_node_to_itself_in_complete_graph,full,success,0.114737304,,,,
x86_64-unknown-linux-gnu,petgraph,0.8.3,algo::simple_paths::test::test_simple_paths_min_intermediate_nodes,full,success,0.132674086,,,,
x86_64-unknown-linux-gnu,petgraph,0.8.3,algo::steiner_tree::test::test_compute_metric_closure,full,success,0.1670113626666667,,,,
x86_64-unknown-linux-gnu,petgraph,0.8.3,algo::steiner_tree::test::test_remove_non_terminal_nodes,full,success,0.143575249,,,,
x86_64-unknown-linux-gnu,petgraph,0.8.3,algo::steiner_tree::test::test_subgraph_from_metric_closure,full,success,0.265017573,,,,
x86_64-unknown-linux-gnu,petgraph,0.8.3,algo::tred::test_easy_tred,full,success,0.111657033,,,,
x86_64-unknown-linux-gnu,petgraph,0.8.3,csr::tests::csr1,full,success,0.125715287,,,,
x86_64-unknown-linux-gnu,petgraph,0.8.3,csr::tests::csr_dfs,full,success,0.13785281933333335,,,,
x86_64-unknown-linux-gnu,petgraph,0.8.3,csr::tests::csr_from,full,success,0.12088303533333335,,,,
x86_64-unknown-linux-gnu,petgraph,0.8.3,csr::tests::csr_from_error_1,full,success,0.10982969166666667,,,,
x86_64-unknown-linux-gnu,petgraph,0.8.3,csr::tests::csr_from_error_2,full,success,0.109915237,,,,
x86_64-unknown-linux-gnu,petgraph,0.8.3,csr::tests::csr_from_undirected,full,success,0.12327729066666666,,,,
x86_64-unknown-linux-gnu,petgraph,0.8.3,csr::tests::csr_tarjan,full,success,0.12837390066666668,,,,
x86_64-unknown-linux-gnu,petgraph,0.8.3,csr::tests::csr_undirected,full,success,0.12109986866666667,,,,
x86_64-unknown-linux-gnu,petgraph,0.8.3,csr::tests::test_add_node,full,success,0.11310839666666668,,,,
x86_64-unknown-linux-gnu,petgraph,0.8.3,csr::tests::test_add_node_with_existing_edges,full,success,0.11627994200000001,,,,
x86_64-unknown-linux-gnu,petgraph,0.8.3,csr::tests::test_bellman_ford,full,success,0.15056863566666667,,,,
x86_64-unknown-linux-gnu,petgraph,0.8.3,csr::tests::test_bellman_ford_neg_cycle,full,success,0.11796593200000001,,,,
x86_64-unknown-linux-gnu,petgraph,0.8.3,csr::tests::test_edge_references,full,success,0.14751153500000003,,,,
x86_64-unknown-linux-gnu,petgraph,0.8.3,csr::tests::test_find_neg_cycle1,full,success,0.11864918566666667,,,,
x86_64-unknown-linux-gnu,petgraph,0.8.3,csr::tests::test_find_neg_cycle2,full,success,0.11642160666666668,,,,
x86_64-unknown-linux-gnu,petgraph,0.8.3,csr::tests::test_find_neg_cycle3,full,success,0.11901868833333334,,,,
x86_64-unknown-linux-gnu,petgraph,0.8.3,csr::tests::test_find_neg_cycle4,full,success,0.10830860266666668,,,,
x86_64-unknown-linux-gnu,petgraph,0.8.3,csr::tests::test_node_references,full,success,0.10725161033333334,,,,
x86_64-unknown-linux-gnu,petgraph,0.8.3,dot::test::test_edgeindexlable_option,full,success,0.11247764666666667,,,,
x86_64-unknown-linux-gnu,petgraph,0.8.3,dot::test::test_edgenolable_option,full,success,0.11101922766666668,,,,
x86_64-unknown-linux-gnu,petgraph,0.8.3,dot::test::test_escape,full,success,0.10810905300000001,,,,
x86_64-unknown-linux-gnu,petgraph,0.8.3,dot::test::test_nodeindexlable_option,full,success,0.11159569766666666,,,,
x86_64-unknown-linux-gnu,petgraph,0.8.3,dot::test::test_nodenolable_option,full,success,0.11002650600000001,,,,
x86_64-unknown-linux-gnu,petgraph,0.8.3,dot::test::test_rankdir_bt_option,full,success,0.11586553000000001,,,,
x86_64-unknown-linux-gnu,petgraph,0.8.3,dot::test::test_rankdir_lr_option,full,success,0.11574203166666668,,,,
x86_64-unknown-linux-gnu,petgraph,0.8.3,dot::test::test_rankdir_rl_option,full,success,0.11287935333333333,,,,
x86_64-unknown-linux-gnu,petgraph,0.8.3,dot::test::test_rankdir_tb_option,full,success,0.11273971500000002,,,,
x86_64-unknown-linux-gnu,petgraph,0.8.3,dot::test::test_with_attr_getters,full,success,0.11076811900000001,,,,
x86_64-unknown-linux-gnu,petgraph,0.8.3,graph_impl::stable_graph::dfs,full,success,0.13867932133333336,,,,
x86_64-unknown-linux-gnu,petgraph,0.8.3,graph_impl::stable_graph::extend_with_edges,full,success,0.11219137933333334,,,,
x86_64-unknown-linux-gnu,petgraph,0.8.3,graph_impl::stable_graph::stable_graph,full,success,0.16795952500000003,,,,
x86_64-unknown-linux-gnu,petgraph,0.8.3,graph_impl::stable_graph::test_retain_nodes,full,success,0.12076667233333334,,,,
x86_64-unknown-linux-gnu,petgraph,0.8.3,graph_impl::stable_graph::test_reverse,full,success,0.11131225166666668,,,,
x86_64-unknown-linux-gnu,petgraph,0.8.3,graph_impl::stable_graph::test_reverse_after_remove_edges,full,success,0.110071552,,,,
x86_64-unknown-linux-gnu,petgraph,0.8.3,graph_impl::stable_graph::test_reverse_after_remove_nodes,full,success,0.10879087766666667,,,,
x86_64-unknown-linux-gnu,petgraph,0.8.3,matrix_graph::tests::test_add_edge,full,success,0.111044745,,,,
x86_64-unknown-linux-gnu,petgraph,0.8.3,matrix_graph::tests::test_add_edge_with_extension,full,success,0.11074135533333333,,,,
x86_64-unknown-linux-gnu,petgraph,0.8.3,matrix_graph::tests::test_add_edge_with_weights,full,success,0.10862318966666668,,,,
x86_64-unknown-linux-gnu,petgraph,0.8.3,matrix_graph::tests::test_add_edge_with_weights_undirected,full,success,0.11494318300000002,,,,
x86_64-unknown-linux-gnu,petgraph,0.8.3,matrix_graph::tests::test_add_or_update_edge,full,success,0.18374403733333336,,,,
x86_64-unknown-linux-gnu,petgraph,0.8.3,matrix_graph::tests::test_clear,full,success,0.11556347033333335,,,,
x86_64-unknown-linux-gnu,petgraph,0.8.3,matrix_graph::tests::test_clear_undirected,full,success,0.11046037433333335,,,,
x86_64-unknown-linux-gnu,petgraph,0.8.3,matrix_graph::tests::test_default,full,success,0.10475089133333333,,,,
x86_64-unknown-linux-gnu,petgraph,0.8.3,matrix_graph::tests::test_edge_references,full,success,0.113834104,,,,
x86_64-unknown-linux-gnu,petgraph,0.8.3,matrix_graph::tests::test_edge_references_undirected,full,success,0.12029997466666668,,,,
x86_64-unknown-linux-gnu,petgraph,0.8.3,matrix_graph::tests::test_edges_directed,full,success,0.11728631133333334,,,,
x86_64-unknown-linux-gnu,petgraph,0.8.3,matrix_graph::tests::test_edges_of_absent_node_is_empty_iterator,full,success,0.10426502766666668,,,,
x86_64-unknown-linux-gnu,petgraph,0.8.3,matrix_graph::tests::test_edges_undirected,full,success,0.11313330466666667,,,,
x86_64-unknown-linux-gnu,petgraph,0.8.3,matrix_graph::tests::test_has_edge,full,success,0.11614478766666668,,,,
x86_64-unknown-linux-gnu,petgraph,0.8.3,matrix_graph::tests::test_id_storage,full,success,0.11149038433333334,,,,
x86_64-unknown-linux-gnu,petgraph,0.8.3,matrix_graph::tests::test_kosaraju_scc_with_removed_node,full,success,0.11359351366666669,,,,
x86_64-unknown-linux-gnu,petgraph,0.8.3,matrix_graph::tests::test_matrix_resize,full,success,0.10750419933333334,,,,
x86_64-unknown-linux-gnu,petgraph,0.8.3,matrix_graph::tests::test_neighbors,full,success,0.10796311000000001,,,,
x86_64-unknown-linux-gnu,petgraph,0.8.3,matrix_graph::tests::test_neighbors_of_absent_node_is_empty_iterator,full,success,0.11522650200000001,,,,
x86_64-unknown-linux-gnu,petgraph,0.8.3,matrix_graph::tests::test_neighbors_undirected,full,success,0.10797958966666667,,,,
x86_64-unknown-linux-gnu,petgraph,0.8.3,matrix_graph::tests::test_new,full,success,0.10645160533333335,,,,
x86_64-unknown-linux-gnu,petgraph,0.8.3,matrix_graph::tests::test_node_identifiers,full,success,0.10768846266666667,,,,
x86_64-unknown-linux-gnu,petgraph,0.8.3,matrix_graph::tests::test_node_indexing,full,success,0.10630528400000001,,,,
x86_64-unknown-linux-gnu,petgraph,0.8.3,matrix_graph::tests::test_not_zero,full,success,0.11132504733333333,,,,
x86_64-unknown-linux-gnu,petgraph,0.8.3,matrix_graph::tests::test_not_zero_asserted,full,success,0.108594233,,,,
x86_64-unknown-linux-gnu,petgraph,0.8.3,matrix_graph::tests::test_not_zero_float,full,success,0.10735326,,,,
x86_64-unknown-linux-gnu,petgraph,0.8.3,matrix_graph::tests::test_remove_edge,full,success,0.11251289533333335,,,,
x86_64-unknown-linux-gnu,petgraph,0.8.3,matrix_graph::tests::test_remove_node,full,success,0.10642976966666666,,,,
x86_64-unknown-linux-gnu,petgraph,0.8.3,matrix_graph::tests::test_remove_node_and_edges,full,success,0.11292754500000002,,,,
x86_64-unknown-linux-gnu,petgraph,0.8.3,matrix_graph::tests::test_remove_node_and_edges_undirected,full,success,0.10994135166666667,,,,
x86_64-unknown-linux-gnu,petgraph,0.8.3,matrix_graph::tests::test_tarjan_scc_with_removed_node,full,success,0.11048693266666666,,,,
x86_64-unknown-linux-gnu,petgraph,0.8.3,matrix_graph::tests::test_try_add_node,full,success,4.730275668666667,,,,
x86_64-unknown-linux-gnu,petgraph,0.8.3,matrix_graph::tests::test_try_update_edge,full,success,0.10844789433333335,,,,
x86_64-unknown-linux-gnu,petgraph,0.8.3,matrix_graph::tests::test_with_capacity,full,success,0.10860386333333334,,,,
x86_64-unknown-linux-gnu,petgraph,0.8.3,visit::undirected_adaptor::tests::test_is_reachable,full,success,0.111759077,,,,
x86_64-unknown-linux-gnu,petgraph,0.8.3,visit::undirected_adaptor::tests::test_neighbors_count,full,success,0.11309955199999999,,,,
x86_64-unknown-linux-gnu,petgraph,0.8.3,visit::undirected_adaptor::tests::test_undirected_adaptor_can_traverse,full,success,0.12179425733333334,,,,
x86_64-unknown-linux-gnu,petgraph,0.8.3,visit::undirected_adaptor::tests::test_undirected_edge_refs_point_both_ways,full,success,0.12619624833333334,,,,
x86_64-unknown-linux-gnu,ppv-lite86,0.2.21,generic::test::test_bswap32,full,success,0.08693617133333335,,,,
x86_64-unknown-linux-gnu,ppv-lite86,0.2.21,generic::test_rotate_u128,full,success,0.08356311766666667,,,,
x86_64-unknown-linux-gnu,predicates,3.1.4,boolean::test_and::find_case_false,full,success,0.128559926,,,,
x86_64-unknown-linux-gnu,predicates,3.1.4,boolean::test_and::find_case_false_fails,full,success,0.1262271096666667,,,,
x86_64-unknown-linux-gnu,predicates,3.1.4,boolean::test_and::find_case_false_left_fail,full,success,0.12785225333333336,,,,
x86_64-unknown-linux-gnu,predicates,3.1.4,boolean::test_and::find_case_false_right_fail,full,success,0.12621546766666666,,,,
x86_64-unknown-linux-gnu,predicates,3.1.4,boolean::test_and::find_case_true,full,success,0.14297506666666668,,,,
x86_64-unknown-linux-gnu,predicates,3.1.4,boolean::test_and::find_case_true_fails,full,success,0.13040812999999998,,,,
x86_64-unknown-linux-gnu,predicates,3.1.4,boolean::test_and::find_case_true_left_fail,full,success,0.13026294033333333,,,,
x86_64-unknown-linux-gnu,predicates,3.1.4,boolean::test_and::find_case_true_right_fail,full,success,0.13228690366666668,,,,
x86_64-unknown-linux-gnu,predicates,3.1.4,boolean::test_or::find_case_false,full,success,0.12926010833333335,,,,
x86_64-unknown-linux-gnu,predicates,3.1.4,boolean::test_or::find_case_false_fails,full,success,0.13555182233333332,,,,
x86_64-unknown-linux-gnu,predicates,3.1.4,boolean::test_or::find_case_false_left_fail,full,success,0.12945808533333336,,,,
x86_64-unknown-linux-gnu,predicates,3.1.4,boolean::test_or::find_case_false_right_fail,full,success,0.132712536,,,,
x86_64-unknown-linux-gnu,predicates,3.1.4,boolean::test_or::find_case_true,full,success,0.12720670666666667,,,,
x86_64-unknown-linux-gnu,predicates,3.1.4,boolean::test_or::find_case_true_fails,full,success,0.12683593,,,,
x86_64-unknown-linux-gnu,predicates,3.1.4,boolean::test_or::find_case_true_left_fail,full,success,0.132153348,,,,
x86_64-unknown-linux-gnu,predicates,3.1.4,boolean::test_or::find_case_true_right_fail,full,success,0.12739220566666667,,,,
x86_64-unknown-linux-gnu,predicates,3.1.4,boxed::test::boxed_find_case,full,success,0.140580234,,,,
x86_64-unknown-linux-gnu,predicates,3.1.4,boxed::test::unsized_boxed,full,success,0.12739473333333334,,,,
x86_64-unknown-linux-gnu,predicates,3.1.4,function::str_function,full,success,0.14054492,,,,
x86_64-unknown-linux-gnu,quinn-udp,0.6.1,imp::gso::test::parse_current_kernel_version_release_string,full,success,0.09585237000000002,,,,
x86_64-unknown-linux-gnu,quinn-udp,0.6.1,imp::gso::test::parse_kernel_version_release_string,full,success,0.08884588466666667,,,,
x86_64-unknown-linux-gnu,quinn-udp,0.6.1,tests::effective_segment_size,full,success,0.08596985966666666,,,,
x86_64-unknown-linux-gnu,r-efi,6.0.0,base::tests::booleans,full,success,0.22190189433333332,,,,
x86_64-unknown-linux-gnu,r-efi,6.0.0,base::tests::eficall,full,success,0.13391844166666667,,,,
x86_64-unknown-linux-gnu,r-efi,6.0.0,base::tests::guid,full,success,0.134699054,,,,
x86_64-unknown-linux-gnu,r-efi,6.0.0,base::tests::type_size_and_alignment,full,success,0.13597043066666667,,,,
x86_64-unknown-linux-gnu,radium,1.1.1,tests::absent_traits,full,success,0.07913748933333332,,,,
x86_64-unknown-linux-gnu,radium,1.1.1,tests::always_alias,full,success,0.082023756,,,,
x86_64-unknown-linux-gnu,radium,1.1.1,tests::always_cell,full,success,0.08126047766666666,,,,
x86_64-unknown-linux-gnu,radium,1.1.1,tests::maybe_atom,full,success,0.08137564133333335,,,,
x86_64-unknown-linux-gnu,radium,1.1.1,tests::present_traits,full,success,0.07898132133333334,,,,
x86_64-unknown-linux-gnu,radium,1.1.1,types::tests::atom_impls,full,success,0.08539082566666667,,,,
x86_64-unknown-linux-gnu,radium,1.1.1,types::tests::isotope_atomic,full,success,0.08326594233333334,,,,
x86_64-unknown-linux-gnu,radium,1.1.1,types::tests::isotope_impls,full,success,0.07968601766666668,,,,
x86_64-unknown-linux-gnu,radium,1.1.1,types::tests::radon_impls,full,success,0.08017331000000001,,,,
x86_64-unknown-linux-gnu,rand,0.10.1,distr::bernoulli::test::bernoulli_distributions_can_be_compared,full,success,0.12576036066666668,,,,
x86_64-unknown-linux-gnu,rand,0.10.1,distr::bernoulli::test::test_trivial,full,success,0.13347333000000003,,,,
x86_64-unknown-linux-gnu,rand,0.10.1,distr::bernoulli::test::value_stability,full,success,0.12426366666666666,,,,
x86_64-unknown-linux-gnu,rand,0.10.1,distr::distribution::tests::test_dist_string,full,success,0.137010883,,,,
x86_64-unknown-linux-gnu,rand,0.10.1,distr::distribution::tests::test_distributions_iter,full,success,0.13356914433333333,,,,
x86_64-unknown-linux-gnu,rand,0.10.1,distr::distribution::tests::test_distributions_map,full,success,0.12503693266666668,,,,
x86_64-unknown-linux-gnu,rand,0.10.1,distr::distribution::tests::test_make_an_iter,full,success,0.12448174000000001,,,,
x86_64-unknown-linux-gnu,rand,0.10.1,distr::float::tests::f32_edge_cases,full,success,0.12565696433333332,,,,
x86_64-unknown-linux-gnu,rand,0.10.1,distr::float::tests::f64_edge_cases,full,success,0.12208601466666667,,,,
x86_64-unknown-linux-gnu,rand,0.10.1,distr::float::tests::value_stability,full,success,0.12984861266666667,,,,
x86_64-unknown-linux-gnu,rand,0.10.1,distr::integer::tests::test_integers,full,success,0.12457934799999999,,,,
x86_64-unknown-linux-gnu,rand,0.10.1,distr::integer::tests::value_stability,full,success,0.124285388,,,,
x86_64-unknown-linux-gnu,rand,0.10.1,distr::integer::tests::x86_integers,full,success,0.12979967466666667,,,,
x86_64-unknown-linux-gnu,rand,0.10.1,distr::other::tests::test_alphabetic,full,success,0.14040972433333335,,,,
x86_64-unknown-linux-gnu,rand,0.10.1,distr::other::tests::test_alphanumeric,full,success,0.13100710899999998,,,,
x86_64-unknown-linux-gnu,rand,0.10.1,distr::other::tests::test_chars,full,success,0.280865301,,,,
x86_64-unknown-linux-gnu,rand,0.10.1,distr::other::tests::test_misc,full,success,0.12980166766666668,,,,
x86_64-unknown-linux-gnu,rand,0.10.1,distr::other::tests::value_stability,full,success,0.128603206,,,,
x86_64-unknown-linux-gnu,rand,0.10.1,distr::slice::test::value_stability,full,success,0.13467160533333333,,,,
x86_64-unknown-linux-gnu,rand,0.10.1,distr::uniform::float::tests::test_float_assertions,full,success,0.12966627633333336,,,,
x86_64-unknown-linux-gnu,rand,0.10.1,distr::uniform::float::tests::test_float_overflow,full,success,0.12412522733333335,,,,
x86_64-unknown-linux-gnu,rand,0.10.1,distr::uniform::float::tests::test_float_overflow_single,full,success,0.13298271200000003,,,,
x86_64-unknown-linux-gnu,rand,0.10.1,distr::uniform::float::tests::test_uniform_from_std_range,full,success,0.12535631,,,,
x86_64-unknown-linux-gnu,rand,0.10.1,distr::uniform::float::tests::test_uniform_from_std_range_bad_limits,full,success,0.12413976300000001,,,,
x86_64-unknown-linux-gnu,rand,0.10.1,distr::uniform::float::tests::test_uniform_from_std_range_inclusive,full,success,0.135459645,,,,
x86_64-unknown-linux-gnu,rand,0.10.1,distr::uniform::float::tests::test_uniform_from_std_range_inclusive_bad_limits,full,success,0.12906259366666667,,,,
x86_64-unknown-linux-gnu,rand,0.10.1,distr::uniform::int::tests::test_uniform_bad_limits_equal_int,full,success,0.127069858,,,,
x86_64-unknown-linux-gnu,rand,0.10.1,distr::uniform::int::tests::test_uniform_bad_limits_flipped_int,full,success,0.12928217933333333,,,,
x86_64-unknown-linux-gnu,rand,0.10.1,distr::uniform::int::tests::test_uniform_from_std_range,full,success,0.12458018466666669,,,,
x86_64-unknown-linux-gnu,rand,0.10.1,distr::uniform::int::tests::test_uniform_from_std_range_bad_limits,full,success,0.12688572433333334,,,,
x86_64-unknown-linux-gnu,rand,0.10.1,distr::uniform::int::tests::test_uniform_from_std_range_inclusive,full,success,0.12638918466666668,,,,
x86_64-unknown-linux-gnu,rand,0.10.1,distr::uniform::int::tests::test_uniform_from_std_range_inclusive_bad_limits,full,success,0.12846589566666666,,,,
x86_64-unknown-linux-gnu,rand,0.10.1,distr::uniform::int::tests::test_uniform_good_limits_equal_int,full,success,0.13548341833333333,,,,
x86_64-unknown-linux-gnu,rand,0.10.1,distr::uniform::int::tests::test_uniform_usize_constructors,full,success,0.12722299233333334,,,,
x86_64-unknown-linux-gnu,rand,0.10.1,distr::uniform::int::tests::test_uniform_usize_empty_range,full,success,0.13398377533333336,,,,
x86_64-unknown-linux-gnu,rand,0.10.1,distr::uniform::int::tests::value_stability,full,success,0.13543245333333334,,,,
x86_64-unknown-linux-gnu,rand,0.10.1,distr::uniform::tests::test_custom_uniform,full,success,0.137938742,,,,
x86_64-unknown-linux-gnu,rand,0.10.1,distr::uniform::tests::uniform_distributions_can_be_compared,full,success,0.12625387233333332,,,,
x86_64-unknown-linux-gnu,rand,0.10.1,distr::uniform::tests::value_stability,full,success,0.12872010066666664,,,,
x86_64-unknown-linux-gnu,rand,0.10.1,distr::weighted::weighted_index::test::overflow,full,success,0.13011578066666665,,,,
x86_64-unknown-linux-gnu,rand,0.10.1,distr::weighted::weighted_index::test::test_accepting_nan,full,success,0.12318686366666669,,,,
x86_64-unknown-linux-gnu,rand,0.10.1,distr::weighted::weighted_index::test::test_update_weights,full,success,0.12858240366666665,,,,
x86_64-unknown-linux-gnu,rand,0.10.1,distr::weighted::weighted_index::test::test_update_weights_errors,full,success,0.12741491600000002,,,,
x86_64-unknown-linux-gnu,rand,0.10.1,distr::weighted::weighted_index::test::test_weight_at,full,success,0.129331457,,,,
x86_64-unknown-linux-gnu,rand,0.10.1,distr::weighted::weighted_index::test::test_weights,full,success,0.1416194636666667,,,,
x86_64-unknown-linux-gnu,rand,0.10.1,distr::weighted::weighted_index::test::value_stability,full,success,0.13423766466666667,,,,
x86_64-unknown-linux-gnu,rand,0.10.1,distr::weighted::weighted_index::test::weighted_index_distributions_can_be_compared,full,success,0.12425435633333333,,,,
x86_64-unknown-linux-gnu,rand,0.10.1,rng::test::test_fill,full,success,0.12713228899999998,,,,
x86_64-unknown-linux-gnu,rand,0.10.1,rng::test::test_fill_bytes_default,full,success,0.38124161,,,,
x86_64-unknown-linux-gnu,rand,0.10.1,rng::test::test_fill_empty,full,success,0.1290008246666667,,,,
x86_64-unknown-linux-gnu,rand,0.10.1,rng::test::test_random_bool,full,success,0.13258485933333333,,,,
x86_64-unknown-linux-gnu,rand,0.10.1,rng::test::test_random_range_float,full,success,0.6311537006666667,,,,
x86_64-unknown-linux-gnu,rand,0.10.1,rng::test::test_random_range_int,full,success,0.850151937,,,,
x86_64-unknown-linux-gnu,rand,0.10.1,rng::test::test_random_range_panic_int,full,success,0.13143380533333335,,,,
x86_64-unknown-linux-gnu,rand,0.10.1,rng::test::test_random_range_panic_usize,full,success,0.12674293500000003,,,,
x86_64-unknown-linux-gnu,rand,0.10.1,rng::test::test_rng_boxed_trait,full,success,0.12988416533333336,,,,
x86_64-unknown-linux-gnu,rand,0.10.1,rng::test::test_rng_mut_ref,full,success,0.13273210666666665,,,,
x86_64-unknown-linux-gnu,rand,0.10.1,rng::test::test_rng_trait_object,full,success,0.12415611433333335,,,,
x86_64-unknown-linux-gnu,rand,0.10.1,rngs::std::test::test_chacha_counter,full,success,0.3183683893333334,,,,
x86_64-unknown-linux-gnu,rand,0.10.1,rngs::std::test::test_chacha_true_values_1,full,success,0.16153314133333332,,,,
x86_64-unknown-linux-gnu,rand,0.10.1,rngs::std::test::test_chacha_true_values_2,full,success,0.15825868433333334,,,,
x86_64-unknown-linux-gnu,rand,0.10.1,rngs::std::test::test_chacha_true_values_3,full,success,0.1590028556666667,,,,
x86_64-unknown-linux-gnu,rand,0.10.1,rngs::std::test::test_chacha_true_values_8,full,success,0.16260262733333333,,,,
x86_64-unknown-linux-gnu,rand,0.10.1,rngs::std::test::test_stdrng_construction,full,success,0.15102239166666667,,,,
x86_64-unknown-linux-gnu,rand,0.10.1,rngs::thread::test::test_debug_output,full,success,0.12475652166666668,,,,
x86_64-unknown-linux-gnu,rand,0.10.1,rngs::thread::test::test_thread_rng,full,success,0.141748815,,,,
x86_64-unknown-linux-gnu,rand,0.10.1,rngs::xoshiro128plusplus::tests::reference,full,success,0.12629874966666668,,,,
x86_64-unknown-linux-gnu,rand,0.10.1,rngs::xoshiro128plusplus::tests::stable_seed_from_u64_and_from_seed,full,success,0.12940958533333333,,,,
x86_64-unknown-linux-gnu,rand,0.10.1,rngs::xoshiro256plusplus::tests::reference,full,success,0.12800082166666668,,,,
x86_64-unknown-linux-gnu,rand,0.10.1,rngs::xoshiro256plusplus::tests::stable_seed_from_u64_and_from_seed,full,success,0.12619054766666668,,,,
x86_64-unknown-linux-gnu,rand,0.10.1,seq::index_::test::test_sample_boundaries,full,success,0.13468257733333336,,,,
x86_64-unknown-linux-gnu,rand,0.10.1,seq::index_::test::test_sample_weighted,full,success,0.14491176333333333,,,,
x86_64-unknown-linux-gnu,rand,0.10.1,seq::index_::test::value_stability_sample,full,success,0.32986850933333334,,,,
x86_64-unknown-linux-gnu,rand,0.10.1,seq::iterator::test::test_sample_iter,full,success,0.20453300200000002,,,,
x86_64-unknown-linux-gnu,rand,0.10.1,seq::iterator::test::value_stability_choose,full,success,0.14575040033333334,,,,
x86_64-unknown-linux-gnu,rand,0.10.1,seq::iterator::test::value_stability_choose_stable,full,success,0.16747624933333335,,,,
x86_64-unknown-linux-gnu,rand,0.10.1,seq::iterator::test::value_stability_sample,full,success,0.147982281,,,,
x86_64-unknown-linux-gnu,rand,0.10.1,seq::slice::test::test_multiple_weighted_distributions,full,success,80.41652577533333,,,,
x86_64-unknown-linux-gnu,rand,0.10.1,seq::slice::test::test_multiple_weighted_edge_cases,full,success,0.46032703333333336,,,,
x86_64-unknown-linux-gnu,rand,0.10.1,seq::slice::test::test_partial_shuffle,full,success,0.12455758966666668,,,,
x86_64-unknown-linux-gnu,rand,0.10.1,seq::slice::test::test_slice_choose,full,success,0.575077045,,,,
x86_64-unknown-linux-gnu,rand,0.10.1,seq::slice::test::value_stability_slice,full,success,0.13574919933333332,,,,
x86_64-unknown-linux-gnu,rand,0.10.1,test::rng_reader,full,success,0.12371399733333334,,,,
x86_64-unknown-linux-gnu,rand,0.10.1,test::test_random,full,success,0.140074145,,,,
x86_64-unknown-linux-gnu,rand,0.10.1,test::test_range,full,success,0.14180467066666666,,,,
x86_64-unknown-linux-gnu,redox_syscall,0.8.0,sigabi::tests::singlethread_mask,full,success,0.15322597866666668,,,,
x86_64-unknown-linux-gnu,scopeguard,1.2.0,tests::test_defer,full,success,0.127794241,,,,
x86_64-unknown-linux-gnu,scopeguard,1.2.0,tests::test_defer_success_1,full,success,0.135545599,,,,
x86_64-unknown-linux-gnu,scopeguard,1.2.0,tests::test_defer_success_2,full,success,0.12844900433333334,,,,
x86_64-unknown-linux-gnu,scopeguard,1.2.0,tests::test_defer_unwind_1,full,success,0.13098088866666666,,,,
x86_64-unknown-linux-gnu,scopeguard,1.2.0,tests::test_defer_unwind_2,full,success,0.12781093466666668,,,,
x86_64-unknown-linux-gnu,scopeguard,1.2.0,tests::test_dropped_once_when_not_run,full,success,0.129435773,,,,
x86_64-unknown-linux-gnu,scopeguard,1.2.0,tests::test_into_inner,full,success,0.125445163,,,,
x86_64-unknown-linux-gnu,scopeguard,1.2.0,tests::test_only_dropped_by_closure_when_run,full,success,0.1266946116666667,,,,
x86_64-unknown-linux-gnu,serde_core,1.0.228,ser::impls::test_format_u8,full,success,0.10219668833333334,,,,
x86_64-unknown-linux-gnu,serde_with,3.20.0,utils::duration::test_parse_float_into_time_parts,full,success,0.135717277,,,,
x86_64-unknown-linux-gnu,shlex,2.0.1,bytes::test_invalid_utf8,full,success,0.13511803600000002,,,,
x86_64-unknown-linux-gnu,shlex,2.0.1,bytes::test_lineno,full,success,0.13768725533333334,,,,
x86_64-unknown-linux-gnu,shlex,2.0.1,bytes::test_split,full,success,0.15113339033333334,,,,
x86_64-unknown-linux-gnu,shlex,2.0.1,test_fallible,full,success,0.12941026166666666,,,,
x86_64-unknown-linux-gnu,shlex,2.0.1,test_lineno,full,success,0.13694363499999998,,,,
x86_64-unknown-linux-gnu,shlex,2.0.1,test_quote,full,success,0.4224131696666667,,,,
x86_64-unknown-linux-gnu,shlex,2.0.1,test_split,full,success,0.14975101566666668,,,,
x86_64-unknown-linux-gnu,simd-adler32,0.3.9,imp::avx2::tests::ones,full,success,0.4400926336666667,,,,
x86_64-unknown-linux-gnu,simd-adler32,0.3.9,imp::avx2::tests::wiki,full,success,0.130196885,,,,
x86_64-unknown-linux-gnu,simd-adler32,0.3.9,imp::avx2::tests::zeroes,full,success,0.44123439566666667,,,,
x86_64-unknown-linux-gnu,simd-adler32,0.3.9,imp::avx512::tests::ones,full,success,0.12823563966666665,,,,
x86_64-unknown-linux-gnu,simd-adler32,0.3.9,imp::avx512::tests::random,full,success,0.13010424266666668,,,,
x86_64-unknown-linux-gnu,simd-adler32,0.3.9,imp::avx512::tests::wiki,full,success,0.12760523966666668,,,,
x86_64-unknown-linux-gnu,simd-adler32,0.3.9,imp::avx512::tests::zeroes,full,success,0.12802603666666665,,,,
x86_64-unknown-linux-gnu,simd-adler32,0.3.9,imp::neon::tests::wiki,full,success,0.13792652933333335,,,,
x86_64-unknown-linux-gnu,simd-adler32,0.3.9,imp::scalar::tests::mixed_short,full,success,0.1343300186666667,,,,
x86_64-unknown-linux-gnu,simd-adler32,0.3.9,imp::scalar::tests::ones_short,full,success,0.18022698233333334,,,,
x86_64-unknown-linux-gnu,simd-adler32,0.3.9,imp::scalar::tests::wiki,full,success,0.13274243700000002,,,,
x86_64-unknown-linux-gnu,simd-adler32,0.3.9,imp::scalar::tests::zeroes_short,full,success,0.17322557533333335,,,,
x86_64-unknown-linux-gnu,simd-adler32,0.3.9,imp::sse2::tests::ones,full,success,0.4368234866666667,,,,
x86_64-unknown-linux-gnu,simd-adler32,0.3.9,imp::sse2::tests::wiki,full,success,0.13003472633333335,,,,
x86_64-unknown-linux-gnu,simd-adler32,0.3.9,imp::sse2::tests::zeroes,full,success,0.4402453683333334,,,,
x86_64-unknown-linux-gnu,simd-adler32,0.3.9,imp::ssse3::tests::ones,full,success,0.4404762553333333,,,,
x86_64-unknown-linux-gnu,simd-adler32,0.3.9,imp::ssse3::tests::wiki,full,success,0.12814465066666667,,,,
x86_64-unknown-linux-gnu,simd-adler32,0.3.9,imp::ssse3::tests::zeroes,full,success,0.44117916800000007,,,,
x86_64-unknown-linux-gnu,simd-adler32,0.3.9,imp::wasm::tests::ones,full,success,0.12803394833333334,,,,
x86_64-unknown-linux-gnu,simd-adler32,0.3.9,imp::wasm::tests::random,full,success,0.12856554833333333,,,,
x86_64-unknown-linux-gnu,simd-adler32,0.3.9,imp::wasm::tests::wiki,full,success,0.12580364633333332,,,,
x86_64-unknown-linux-gnu,simd-adler32,0.3.9,imp::wasm::tests::zeroes,full,success,0.1349260366666667,,,,
x86_64-unknown-linux-gnu,simd-adler32,0.3.9,tests::test_from_checksum,full,success,0.135476181,,,,
x86_64-unknown-linux-gnu,siphasher,1.0.3,tests128::test_siphash128_1_3,full,success,0.135099285,,,,
x86_64-unknown-linux-gnu,siphasher,1.0.3,tests128::test_siphash128_2_4,full,success,0.133347508,,,,
x86_64-unknown-linux-gnu,siphasher,1.0.3,tests128::test_siphash128_idempotent,full,success,0.13305510500000003,,,,
x86_64-unknown-linux-gnu,siphasher,1.0.3,tests128::test_siphash128_incremental,full,success,0.13594013966666665,,,,
x86_64-unknown-linux-gnu,siphasher,1.0.3,tests128::test_siphash128_simple,full,success,0.13256174833333334,,,,
x86_64-unknown-linux-gnu,siphasher,1.0.3,tests::test_hash_idempotent,full,success,0.13392982866666667,,,,
x86_64-unknown-linux-gnu,siphasher,1.0.3,tests::test_hash_incremental,full,success,0.134492422,,,,
x86_64-unknown-linux-gnu,siphasher,1.0.3,tests::test_hash_no_bytes_dropped_32,full,success,0.13459828433333335,,,,
x86_64-unknown-linux-gnu,siphasher,1.0.3,tests::test_hash_no_bytes_dropped_64,full,success,0.13808524233333333,,,,
x86_64-unknown-linux-gnu,siphasher,1.0.3,tests::test_hash_no_concat_alias,full,success,0.13958386000000003,,,,
x86_64-unknown-linux-gnu,siphasher,1.0.3,tests::test_hash_simple,full,success,0.133266531,,,,
x86_64-unknown-linux-gnu,siphasher,1.0.3,tests::test_siphash_1_3,full,success,0.20013931533333337,,,,
x86_64-unknown-linux-gnu,siphasher,1.0.3,tests::test_siphash_2_4,full,success,0.20483604233333333,,,,
x86_64-unknown-linux-gnu,smallvec,1.15.1,tests::drain,full,success,0.13393295600000002,,,,
x86_64-unknown-linux-gnu,smallvec,1.15.1,tests::drain_forget,full,success,0.12952203566666667,,,,
x86_64-unknown-linux-gnu,smallvec,1.15.1,tests::drain_overflow,full,success,0.13122150766666665,,,,
x86_64-unknown-linux-gnu,smallvec,1.15.1,tests::drain_rev,full,success,0.13259524433333333,,,,
x86_64-unknown-linux-gnu,smallvec,1.15.1,tests::empty_macro,full,success,0.130062652,,,,
x86_64-unknown-linux-gnu,smallvec,1.15.1,tests::grow_spilled_same_size,full,success,0.13107496333333332,,,,
x86_64-unknown-linux-gnu,smallvec,1.15.1,tests::grow_to_shrink,full,success,0.13297088233333335,,,,
x86_64-unknown-linux-gnu,smallvec,1.15.1,tests::insert_many_panic::panic_early_at_end,full,success,0.13486252733333334,,,,
x86_64-unknown-linux-gnu,smallvec,1.15.1,tests::insert_many_panic::panic_early_at_start,full,success,0.13475206766666667,,,,
x86_64-unknown-linux-gnu,smallvec,1.15.1,tests::insert_many_panic::panic_early_in_middle,full,success,0.14372662533333336,,,,
x86_64-unknown-linux-gnu,smallvec,1.15.1,tests::insert_many_panic::panic_late_at_end,full,success,0.135258817,,,,
x86_64-unknown-linux-gnu,smallvec,1.15.1,tests::insert_many_panic::panic_late_at_start,full,success,0.13816253033333334,,,,
x86_64-unknown-linux-gnu,smallvec,1.15.1,tests::into_iter,full,success,0.13163111066666666,,,,
x86_64-unknown-linux-gnu,smallvec,1.15.1,tests::into_iter_drop,full,success,0.13053675266666667,,,,
x86_64-unknown-linux-gnu,smallvec,1.15.1,tests::into_iter_rev,full,success,0.13003999533333335,,,,
x86_64-unknown-linux-gnu,smallvec,1.15.1,tests::issue_4,full,success,0.12907957666666667,,,,
x86_64-unknown-linux-gnu,smallvec,1.15.1,tests::issue_5,full,success,0.13058710399999998,,,,
x86_64-unknown-linux-gnu,smallvec,1.15.1,tests::max_dont_panic,full,success,0.13054452766666666,,,,
x86_64-unknown-linux-gnu,smallvec,1.15.1,tests::max_remove,full,success,0.13368105933333332,,,,
x86_64-unknown-linux-gnu,smallvec,1.15.1,tests::max_swap_remove,full,success,0.13399891333333333,,,,
x86_64-unknown-linux-gnu,smallvec,1.15.1,tests::resumable_extend,full,success,0.13226757466666667,,,,
x86_64-unknown-linux-gnu,smallvec,1.15.1,tests::shrink_to_fit_unspill,full,success,0.13141987400000002,,,,
x86_64-unknown-linux-gnu,smallvec,1.15.1,tests::test_as_mut,full,success,0.134680596,,,,
x86_64-unknown-linux-gnu,smallvec,1.15.1,tests::test_as_ref,full,success,0.1311854096666667,,,,
x86_64-unknown-linux-gnu,smallvec,1.15.1,tests::test_borrow,full,success,0.1300032216666667,,,,
x86_64-unknown-linux-gnu,smallvec,1.15.1,tests::test_borrow_mut,full,success,0.1336812666666667,,,,
x86_64-unknown-linux-gnu,smallvec,1.15.1,tests::test_capacity,full,success,0.134122909,,,,
x86_64-unknown-linux-gnu,smallvec,1.15.1,tests::test_clone_from,full,success,0.133855676,,,,
x86_64-unknown-linux-gnu,smallvec,1.15.1,tests::test_dedup,full,success,0.12948363400000001,,,,
x86_64-unknown-linux-gnu,smallvec,1.15.1,tests::test_double_spill,full,success,0.13292071233333333,,,,
x86_64-unknown-linux-gnu,smallvec,1.15.1,tests::test_drop_panic_smallvec,full,success,0.135405472,,,,
x86_64-unknown-linux-gnu,smallvec,1.15.1,tests::test_eq,full,success,0.129622814,,,,
x86_64-unknown-linux-gnu,smallvec,1.15.1,tests::test_exact_size_iterator,full,success,0.13201686033333335,,,,
x86_64-unknown-linux-gnu,smallvec,1.15.1,tests::test_extend_from_slice,full,success,0.13446720833333334,,,,
x86_64-unknown-linux-gnu,smallvec,1.15.1,tests::test_from,full,success,0.13142667766666669,,,,
x86_64-unknown-linux-gnu,smallvec,1.15.1,tests::test_from_slice,full,success,0.13580672133333335,,,,
x86_64-unknown-linux-gnu,smallvec,1.15.1,tests::test_from_vec,full,success,0.13398921933333333,,,,
x86_64-unknown-linux-gnu,smallvec,1.15.1,tests::test_hash,full,success,0.13370849233333335,,,,
x86_64-unknown-linux-gnu,smallvec,1.15.1,tests::test_inline,full,success,0.13094259066666666,,,,
x86_64-unknown-linux-gnu,smallvec,1.15.1,tests::test_insert_from_slice,full,success,0.13112810800000002,,,,
x86_64-unknown-linux-gnu,smallvec,1.15.1,tests::test_insert_many,full,success,0.13941030499999998,,,,
x86_64-unknown-linux-gnu,smallvec,1.15.1,tests::test_insert_many_long_hint,full,success,0.13177009333333334,,,,
x86_64-unknown-linux-gnu,smallvec,1.15.1,tests::test_insert_many_overflow,full,success,0.13232009466666667,,,,
x86_64-unknown-linux-gnu,smallvec,1.15.1,tests::test_insert_many_short_hint,full,success,0.13177412766666666,,,,
x86_64-unknown-linux-gnu,smallvec,1.15.1,tests::test_insert_out_of_bounds,full,success,0.1351688136666667,,,,
x86_64-unknown-linux-gnu,smallvec,1.15.1,tests::test_into_inner,full,success,0.13085105,,,,
x86_64-unknown-linux-gnu,smallvec,1.15.1,tests::test_into_iter_as_slice,full,success,0.136271211,,,,
x86_64-unknown-linux-gnu,smallvec,1.15.1,tests::test_into_iter_clone,full,success,0.13300661733333333,,,,
x86_64-unknown-linux-gnu,smallvec,1.15.1,tests::test_into_iter_clone_empty_smallvec,full,success,0.134381275,,,,
x86_64-unknown-linux-gnu,smallvec,1.15.1,tests::test_into_iter_clone_partially_consumed_iterator,full,success,0.134367777,,,,
x86_64-unknown-linux-gnu,smallvec,1.15.1,tests::test_into_vec,full,success,0.1328131756666667,,,,
x86_64-unknown-linux-gnu,smallvec,1.15.1,tests::test_invalid_grow,full,success,0.135105826,,,,
x86_64-unknown-linux-gnu,smallvec,1.15.1,tests::test_ord,full,success,0.13048991066666668,,,,
x86_64-unknown-linux-gnu,smallvec,1.15.1,tests::test_resize,full,success,0.13661758933333334,,,,
x86_64-unknown-linux-gnu,smallvec,1.15.1,tests::test_retain,full,success,0.13364738566666667,,,,
x86_64-unknown-linux-gnu,smallvec,1.15.1,tests::test_size,full,success,0.136607214,,,,
x86_64-unknown-linux-gnu,smallvec,1.15.1,tests::test_spill,full,success,0.13692552133333333,,,,
x86_64-unknown-linux-gnu,smallvec,1.15.1,tests::test_truncate,full,success,0.13297403833333332,,,,
x86_64-unknown-linux-gnu,smallvec,1.15.1,tests::test_with_capacity,full,success,0.13438834766666666,,,,
x86_64-unknown-linux-gnu,smallvec,1.15.1,tests::test_zero,full,success,0.12903405999999998,,,,
x86_64-unknown-linux-gnu,smallvec,1.15.1,tests::uninhabited,full,success,0.12742835033333333,,,,
x86_64-unknown-linux-gnu,smallvec,1.15.1,tests::zero_size_items,full,success,0.13585955200000002,,,,
x86_64-unknown-linux-gnu,socket2,0.6.2,sockaddr::tests::ipv4,full,success,0.13504113066666668,,,,
x86_64-unknown-linux-gnu,socket2,0.6.2,sockaddr::tests::ipv4_eq,full,success,0.13746499200000004,,,,
x86_64-unknown-linux-gnu,socket2,0.6.2,sockaddr::tests::ipv4_hash,full,success,0.14089413433333334,,,,
x86_64-unknown-linux-gnu,socket2,0.6.2,sockaddr::tests::ipv4_ipv6_eq,full,success,0.13491386133333336,,,,
x86_64-unknown-linux-gnu,socket2,0.6.2,sockaddr::tests::ipv4_ipv6_hash,full,success,0.14181021600000002,,,,
x86_64-unknown-linux-gnu,socket2,0.6.2,sockaddr::tests::ipv6,full,success,0.13493876900000001,,,,
x86_64-unknown-linux-gnu,socket2,0.6.2,sockaddr::tests::ipv6_eq,full,success,0.1378185416666667,,,,
x86_64-unknown-linux-gnu,socket2,0.6.2,sockaddr::tests::ipv6_hash,full,success,0.13774213766666665,,,,
x86_64-unknown-linux-gnu,socket2,0.6.2,sys::in6_addr_convertion,full,success,0.13502826333333337,,,,
x86_64-unknown-linux-gnu,socket2,0.6.2,sys::in_addr_convertion,full,success,0.13613103699999998,,,,
x86_64-unknown-linux-gnu,spin,0.12.0,barrier::tests::test_barrier,full,success,0.5448081633333334,,,,
x86_64-unknown-linux-gnu,spin,0.12.0,mutex::spin::tests::lots_and_lots,full,success,0.32269834500000005,,,,
x86_64-unknown-linux-gnu,spin,0.12.0,mutex::spin::tests::smoke,full,success,0.129198748,,,,
x86_64-unknown-linux-gnu,spin,0.12.0,mutex::spin::tests::test_into_inner,full,success,0.1317564706666667,,,,
x86_64-unknown-linux-gnu,spin,0.12.0,mutex::spin::tests::test_into_inner_drop,full,success,0.13408957200000002,,,,
x86_64-unknown-linux-gnu,spin,0.12.0,mutex::spin::tests::test_mutex_arc_access_in_unwind,full,success,0.13966420300000001,,,,
x86_64-unknown-linux-gnu,spin,0.12.0,mutex::spin::tests::test_mutex_arc_nested,full,success,0.1489843756666667,,,,
x86_64-unknown-linux-gnu,spin,0.12.0,mutex::spin::tests::test_mutex_force_lock,full,success,0.13490250066666667,,,,
x86_64-unknown-linux-gnu,spin,0.12.0,mutex::spin::tests::test_mutex_unsized,full,success,0.12977591033333333,,,,
x86_64-unknown-linux-gnu,spin,0.12.0,mutex::spin::tests::try_lock,full,success,0.1310558926666667,,,,
x86_64-unknown-linux-gnu,spin,0.12.0,once::tests::call_once_test,full,success,0.49208856900000003,,,,
x86_64-unknown-linux-gnu,spin,0.12.0,once::tests::drop_occurs_and_skip_uninit_drop,full,success,0.13866078433333334,,,,
x86_64-unknown-linux-gnu,spin,0.12.0,once::tests::get,full,success,0.13606250633333336,,,,
x86_64-unknown-linux-gnu,spin,0.12.0,once::tests::get_no_wait,full,success,3.1409837753333334,,,,
x86_64-unknown-linux-gnu,spin,0.12.0,once::tests::init_constant,full,success,0.13235894299999998,,,,
x86_64-unknown-linux-gnu,spin,0.12.0,once::tests::init_from_ref_basic,full,success,0.12772068533333333,,,,
x86_64-unknown-linux-gnu,spin,0.12.0,once::tests::panic,full,success,0.13350663633333335,,,,
x86_64-unknown-linux-gnu,spin,0.12.0,once::tests::poll,full,success,0.13012821000000002,,,,
x86_64-unknown-linux-gnu,spin,0.12.0,once::tests::smoke_once,full,success,0.129383408,,,,
x86_64-unknown-linux-gnu,spin,0.12.0,once::tests::smoke_once_value,full,success,0.12807162733333335,,,,
x86_64-unknown-linux-gnu,spin,0.12.0,once::tests::stampede_once,full,success,0.14686292533333334,,,,
x86_64-unknown-linux-gnu,spin,0.12.0,once::tests::try_call_once_err,full,success,0.18867362099999999,,,,
x86_64-unknown-linux-gnu,spin,0.12.0,once::tests::wait,full,success,0.13586279466666665,,,,
x86_64-unknown-linux-gnu,spin,0.12.0,rwlock::tests::smoke,full,success,0.12837309,,,,
x86_64-unknown-linux-gnu,spin,0.12.0,rwlock::tests::test_force_read_decrement,full,success,0.13254949933333335,,,,
x86_64-unknown-linux-gnu,spin,0.12.0,rwlock::tests::test_force_write_unlock,full,success,0.132032814,,,,
x86_64-unknown-linux-gnu,spin,0.12.0,rwlock::tests::test_into_inner,full,success,0.13096176300000004,,,,
x86_64-unknown-linux-gnu,spin,0.12.0,rwlock::tests::test_into_inner_drop,full,success,0.1326684956666667,,,,
x86_64-unknown-linux-gnu,spin,0.12.0,rwlock::tests::test_rw_access_in_unwind,full,success,0.13321338533333335,,,,
x86_64-unknown-linux-gnu,spin,0.12.0,rwlock::tests::test_rw_arc,full,success,0.14430695433333338,,,,
x86_64-unknown-linux-gnu,spin,0.12.0,rwlock::tests::test_rw_try_read,full,success,0.127991596,,,,
x86_64-unknown-linux-gnu,spin,0.12.0,rwlock::tests::test_rwlock_try_write,full,success,0.12856389599999998,,,,
x86_64-unknown-linux-gnu,spin,0.12.0,rwlock::tests::test_rwlock_unsized,full,success,0.13766937166666668,,,,
x86_64-unknown-linux-gnu,spin,0.12.0,rwlock::tests::test_upgrade_downgrade,full,success,0.13050151766666668,,,,
x86_64-unknown-linux-gnu,thread_local,1.1.9,tests::different_thread,full,success,0.145961051,,,,
x86_64-unknown-linux-gnu,thread_local,1.1.9,tests::is_sync,full,success,0.12824801900000002,,,,
x86_64-unknown-linux-gnu,thread_local,1.1.9,tests::iter,full,success,0.15246869166666668,,,,
x86_64-unknown-linux-gnu,thread_local,1.1.9,tests::miri_iter_soundness_check,full,success,0.14987505533333334,,,,
x86_64-unknown-linux-gnu,thread_local,1.1.9,tests::same_thread,full,success,0.155326703,,,,
x86_64-unknown-linux-gnu,thread_local,1.1.9,tests::test_drop,full,success,0.13892697566666667,,,,
x86_64-unknown-linux-gnu,thread_local,1.1.9,tests::test_earlyreturn_buckets,full,success,0.35220973600000005,,,,
x86_64-unknown-linux-gnu,thread_local,1.1.9,thread_id::test_thread,full,success,0.12708761733333332,,,,
x86_64-unknown-linux-gnu,tinystr,0.8.3,ascii::test::from_utf16_lossy_rejects_non_ascii_replacement,full,success,0.13012470066666668,,,,
x86_64-unknown-linux-gnu,tinystr,0.8.3,ascii::test::from_utf8_lossy_rejects_non_ascii_replacement,full,success,0.1378151586666667,,,,
x86_64-unknown-linux-gnu,tinystr,0.8.3,ascii::test::from_utf8_lossy_rejects_null_replacement,full,success,0.13463990333333334,,,,
x86_64-unknown-linux-gnu,tinystr,0.8.3,ascii::test::lossy_constructor,full,success,0.1279380396666667,,,,
x86_64-unknown-linux-gnu,tinystr,0.8.3,ascii::test::test_is_ascii_alphabetic,full,success,1.708738283,,,,
x86_64-unknown-linux-gnu,tinystr,0.8.3,ascii::test::test_is_ascii_alphabetic_lowercase,full,success,1.7142726146666665,,,,
x86_64-unknown-linux-gnu,tinystr,0.8.3,ascii::test::test_is_ascii_alphabetic_titlecase,full,success,1.7423299313333331,,,,
x86_64-unknown-linux-gnu,tinystr,0.8.3,ascii::test::test_is_ascii_alphabetic_uppercase,full,success,1.7100584906666667,,,,
x86_64-unknown-linux-gnu,tinystr,0.8.3,ascii::test::test_is_ascii_alphanumeric,full,success,1.7191401883333335,,,,
x86_64-unknown-linux-gnu,tinystr,0.8.3,ascii::test::test_is_ascii_lowercase,full,success,1.6681005793333334,,,,
x86_64-unknown-linux-gnu,tinystr,0.8.3,ascii::test::test_is_ascii_numeric,full,success,1.6696677596666667,,,,
x86_64-unknown-linux-gnu,tinystr,0.8.3,ascii::test::test_is_ascii_titlecase,full,success,1.6777908016666665,,,,
x86_64-unknown-linux-gnu,tinystr,0.8.3,ascii::test::test_is_ascii_uppercase,full,success,1.6849444013333332,,,,
x86_64-unknown-linux-gnu,tinystr,0.8.3,ascii::test::test_to_ascii_lowercase,full,success,2.2888260283333337,,,,
x86_64-unknown-linux-gnu,tinystr,0.8.3,ascii::test::test_to_ascii_titlecase,full,success,2.324835762333333,,,,
x86_64-unknown-linux-gnu,tinystr,0.8.3,ascii::test::test_to_ascii_uppercase,full,success,2.289302887333333,,,,
x86_64-unknown-linux-gnu,tinystr,0.8.3,macros::tests::test_macro_construction,full,success,0.132323164,,,,
x86_64-unknown-linux-gnu,tinystr,0.8.3,test_size,full,success,0.12867450733333333,,,,
x86_64-unknown-linux-gnu,tower-http,0.6.11,classify::grpc_errors_as_failures::tests::basic_error,full,success,0.14573913533333335,,,,
x86_64-unknown-linux-gnu,tower-http,0.6.11,classify::grpc_errors_as_failures::tests::basic_ok,full,success,0.134932614,,,,
x86_64-unknown-linux-gnu,tower-http,0.6.11,classify::grpc_errors_as_failures::tests::grpc_code_from_i32_known_codes,full,success,0.12786139666666668,,,,
x86_64-unknown-linux-gnu,tower-http,0.6.11,classify::grpc_errors_as_failures::tests::grpc_code_from_i32_unknown_codes,full,success,0.13088769566666666,,,,
x86_64-unknown-linux-gnu,tower-http,0.6.11,classify::grpc_errors_as_failures::tests::grpc_code_from_non_zero_i32,full,success,0.12932506233333332,,,,
x86_64-unknown-linux-gnu,tower-http,0.6.11,classify::grpc_errors_as_failures::tests::two_success_codes_first_matches,full,success,0.13422510466666668,,,,
x86_64-unknown-linux-gnu,tower-http,0.6.11,classify::grpc_errors_as_failures::tests::two_success_codes_none_matches,full,success,0.13794502766666666,,,,
x86_64-unknown-linux-gnu,tower-http,0.6.11,classify::grpc_errors_as_failures::tests::two_success_codes_second_matches,full,success,0.13230074300000003,,,,
x86_64-unknown-linux-gnu,tower-http,0.6.11,classify::status_in_range_is_error::tests::basic,full,success,0.12889589966666667,,,,
x86_64-unknown-linux-gnu,tracing-core,0.1.36,dispatcher::test::default_dispatch,full,success,0.08201369600000001,,,,
x86_64-unknown-linux-gnu,tracing-core,0.1.36,dispatcher::test::default_no_subscriber,full,success,0.084356416,,,,
x86_64-unknown-linux-gnu,tracing-core,0.1.36,dispatcher::test::dispatch_downcasts,full,success,0.08263429200000001,,,,
x86_64-unknown-linux-gnu,tracing-core,0.1.36,dispatcher::test::dispatch_is,full,success,0.08056572000000001,,,,
x86_64-unknown-linux-gnu,tracing-core,0.1.36,dispatcher::test::events_dont_infinite_loop,full,success,0.08153785533333334,,,,
x86_64-unknown-linux-gnu,tracing-core,0.1.36,dispatcher::test::spans_dont_infinite_loop,full,success,0.08241229300000001,,,,
x86_64-unknown-linux-gnu,tracing-core,0.1.36,field::test::empty_fields_are_skipped,full,success,0.082532595,,,,
x86_64-unknown-linux-gnu,tracing-core,0.1.36,field::test::empty_value_set_is_empty,full,success,0.081972432,,,,
x86_64-unknown-linux-gnu,tracing-core,0.1.36,field::test::fields_from_other_callsets_are_skipped,full,success,0.080572884,,,,
x86_64-unknown-linux-gnu,tracing-core,0.1.36,field::test::index_of_field_in_fieldset_is_correct,full,success,0.080450436,,,,
x86_64-unknown-linux-gnu,tracing-core,0.1.36,field::test::record_bytes,full,success,0.08518747166666667,,,,
x86_64-unknown-linux-gnu,tracing-core,0.1.36,field::test::record_debug_fn,full,success,0.085407548,,,,
x86_64-unknown-linux-gnu,tracing-core,0.1.36,field::test::record_error,full,success,0.08237715000000001,,,,
x86_64-unknown-linux-gnu,tracing-core,0.1.36,field::test::sparse_value_sets_are_not_empty,full,success,0.08924689400000001,,,,
x86_64-unknown-linux-gnu,tracing-core,0.1.36,field::test::value_set_with_no_values_is_empty,full,success,0.08317827633333334,,,,
x86_64-unknown-linux-gnu,tracing-core,0.1.36,field::test::value_sets_with_fields_from_other_callsites_are_empty,full,success,0.081836817,,,,
x86_64-unknown-linux-gnu,tracing-core,0.1.36,metadata::tests::filter_level_conversion,full,success,0.079936142,,,,
x86_64-unknown-linux-gnu,tracing-core,0.1.36,metadata::tests::level_filter_is_usize_sized,full,success,0.08409706766666668,,,,
x86_64-unknown-linux-gnu,tracing-core,0.1.36,metadata::tests::level_filter_reprs,full,test_failed,,assertion `left == right` failed: repr changed for LevelFilter::OFF,src/metadata.rs:1119:13,https://github.com/BorrowSanitizer/bsan/actions/runs/37150704742/job/111284731765,"thread 'metadata::tests::level_filter_reprs' (441) panicked at src/metadata.rs:1119:13:
assertion `left == right` failed: repr changed for LevelFilter::OFF
  left: 5
 right: 18446744073709551615
note: run with `RUST_BACKTRACE=1` environment variable to display a backtrace
test metadata::tests::level_filter_reprs ... FAILED

failures:

failures:
    metadata::tests::level_filter_reprs

test result: FAILED. 0 passed; 1 failed; 0 ignored; 0 measured; 19 filtered out; finished in 0.01s
"
x86_64-unknown-linux-gnu,tracing-core,0.1.36,metadata::tests::level_from_str,full,success,0.08252578433333334,,,,
x86_64-unknown-linux-gnu,tracing-log,0.2.0,test::debug_callsite_is_correct,full,success,0.11442672533333335,,,,
x86_64-unknown-linux-gnu,tracing-log,0.2.0,test::error_callsite_is_correct,full,success,0.10665401366666667,,,,
x86_64-unknown-linux-gnu,tracing-log,0.2.0,test::info_callsite_is_correct,full,success,0.113849847,,,,
x86_64-unknown-linux-gnu,tracing-log,0.2.0,test::trace_callsite_is_correct,full,success,0.11005670266666667,,,,
x86_64-unknown-linux-gnu,tracing-log,0.2.0,test::warn_callsite_is_correct,full,success,0.10819343233333334,,,,
x86_64-unknown-linux-gnu,tungstenite,0.29.0,buffer::tests::reading_in_chunks,full,success,0.13283212700000002,,,,
x86_64-unknown-linux-gnu,tungstenite,0.29.0,buffer::tests::simple_reading,full,success,0.131005108,,,,
x86_64-unknown-linux-gnu,tungstenite,0.29.0,error::test::error_size,full,success,0.1325224526666667,,,,
x86_64-unknown-linux-gnu,tungstenite,0.29.0,error::test::protocol_error_size,full,success,0.134533865,,,,
x86_64-unknown-linux-gnu,tungstenite,0.29.0,error::test::tls_error_size,full,success,0.13645080433333334,,,,
x86_64-unknown-linux-gnu,tungstenite,0.29.0,handshake::client::tests::invalid_custom_request,full,success,0.13357788133333334,,,,
x86_64-unknown-linux-gnu,tungstenite,0.29.0,handshake::client::tests::random_keys,full,success,0.16276908366666668,,,,
x86_64-unknown-linux-gnu,tungstenite,0.29.0,handshake::client::tests::request_formatting,full,success,0.1728474326666667,,,,
x86_64-unknown-linux-gnu,tungstenite,0.29.0,handshake::client::tests::request_formatting_with_at,full,success,0.177643941,,,,
x86_64-unknown-linux-gnu,tungstenite,0.29.0,handshake::client::tests::request_formatting_with_host,full,success,0.17353965366666668,,,,
x86_64-unknown-linux-gnu,tungstenite,0.29.0,handshake::client::tests::request_with_latin1_header,full,success,0.3162868496666667,,,,
x86_64-unknown-linux-gnu,tungstenite,0.29.0,handshake::client::tests::request_with_non_ascii_header,full,success,0.32706196266666665,,,,
x86_64-unknown-linux-gnu,tungstenite,0.29.0,handshake::client::tests::response_parsing,full,success,0.14596567366666668,,,,
x86_64-unknown-linux-gnu,tungstenite,0.29.0,handshake::headers::tests::headers,full,success,0.139497106,,,,
x86_64-unknown-linux-gnu,tungstenite,0.29.0,handshake::headers::tests::headers_incomplete,full,success,0.13143153433333335,,,,
x86_64-unknown-linux-gnu,tungstenite,0.29.0,handshake::headers::tests::headers_iter,full,success,0.15088696466666668,,,,
x86_64-unknown-linux-gnu,tungstenite,0.29.0,handshake::server::tests::request_parsing,full,success,0.13615124533333334,,,,
x86_64-unknown-linux-gnu,tungstenite,0.29.0,handshake::server::tests::request_replying,full,success,0.19517684866666665,,,,
x86_64-unknown-linux-gnu,tungstenite,0.29.0,handshake::tests::key_conversion,full,success,0.165509798,,,,
x86_64-unknown-linux-gnu,tungstenite,0.29.0,protocol::frame::coding::tests::closecode_from_u16,full,success,0.13095179433333334,,,,
x86_64-unknown-linux-gnu,tungstenite,0.29.0,protocol::frame::coding::tests::closecode_into_u16,full,success,0.13764106733333334,,,,
x86_64-unknown-linux-gnu,tungstenite,0.29.0,protocol::frame::coding::tests::opcode_from_u8,full,success,0.131214823,,,,
x86_64-unknown-linux-gnu,tungstenite,0.29.0,protocol::frame::coding::tests::opcode_into_u8,full,success,0.13740120433333333,,,,
x86_64-unknown-linux-gnu,tungstenite,0.29.0,protocol::frame::frame::tests::display,full,success,0.13765269633333332,,,,
x86_64-unknown-linux-gnu,tungstenite,0.29.0,protocol::frame::frame::tests::format,full,success,0.13073066333333336,,,,
x86_64-unknown-linux-gnu,tungstenite,0.29.0,protocol::frame::frame::tests::format_into_buf,full,success,0.13432529033333332,,,,
x86_64-unknown-linux-gnu,tungstenite,0.29.0,protocol::frame::frame::tests::parse,full,success,0.13147637533333334,,,,
x86_64-unknown-linux-gnu,tungstenite,0.29.0,protocol::frame::mask::tests::test_apply_mask,full,success,0.21667476100000002,,,,
x86_64-unknown-linux-gnu,tungstenite,0.29.0,protocol::frame::tests::from_partially_read,full,success,0.1355858626666667,,,,
x86_64-unknown-linux-gnu,tungstenite,0.29.0,protocol::frame::tests::parse_overflow,full,success,0.1341713316666667,,,,
x86_64-unknown-linux-gnu,tungstenite,0.29.0,protocol::frame::tests::read_frames,full,success,0.14382319433333335,,,,
x86_64-unknown-linux-gnu,tungstenite,0.29.0,protocol::frame::tests::size_limit_hit,full,success,0.13740601300000002,,,,
x86_64-unknown-linux-gnu,tungstenite,0.29.0,protocol::frame::tests::write_frames,full,success,0.15027835400000003,,,,
x86_64-unknown-linux-gnu,tungstenite,0.29.0,protocol::frame::utf8::tests::hash_consistency,full,success,0.13300151200000002,,,,
x86_64-unknown-linux-gnu,tungstenite,0.29.0,protocol::message::tests::binary_convert,full,success,0.13252997033333336,,,,
x86_64-unknown-linux-gnu,tungstenite,0.29.0,protocol::message::tests::binary_convert_bytes,full,success,0.12993417566666668,,,,
x86_64-unknown-linux-gnu,tungstenite,0.29.0,protocol::message::tests::binary_convert_into_bytes,full,success,0.12986720366666668,,,,
x86_64-unknown-linux-gnu,tungstenite,0.29.0,protocol::message::tests::binary_convert_vec,full,success,0.13402289033333334,,,,
x86_64-unknown-linux-gnu,tungstenite,0.29.0,protocol::message::tests::display,full,success,0.13491569566666667,,,,
x86_64-unknown-linux-gnu,tungstenite,0.29.0,protocol::message::tests::text_convert,full,success,0.13064568333333335,,,,
x86_64-unknown-linux-gnu,tungstenite,0.29.0,protocol::tests::receive_messages,full,success,0.149188349,,,,
x86_64-unknown-linux-gnu,tungstenite,0.29.0,protocol::tests::size_limiting_binary,full,success,0.13302506500000003,,,,
x86_64-unknown-linux-gnu,tungstenite,0.29.0,protocol::tests::size_limiting_text_fragmented,full,success,0.13629198833333334,,,,
x86_64-unknown-linux-gnu,twox-hash,2.1.2,xxhash32::random_impl::test::can_be_used_in_a_hashmap_with_a_random_seed,full,success,0.13389652900000001,,,,
x86_64-unknown-linux-gnu,twox-hash,2.1.2,xxhash32::test::can_be_used_in_a_hashmap_with_a_default_seed,full,success,0.129554195,,,,
x86_64-unknown-linux-gnu,twox-hash,2.1.2,xxhash32::test::hash_of_multiple_bytes_matches_c_implementation,full,success,0.12999490366666666,,,,
x86_64-unknown-linux-gnu,twox-hash,2.1.2,xxhash32::test::hash_of_multiple_chunks_matches_c_implementation,full,success,0.13787023766666667,,,,
x86_64-unknown-linux-gnu,twox-hash,2.1.2,xxhash32::test::hash_of_nothing_matches_c_implementation,full,success,0.13225130266666665,,,,
x86_64-unknown-linux-gnu,twox-hash,2.1.2,xxhash32::test::hash_of_single_byte_matches_c_implementation,full,success,0.13195178100000002,,,,
x86_64-unknown-linux-gnu,twox-hash,2.1.2,xxhash32::test::hash_with_different_seed_and_multiple_chunks_matches_c_implementation,full,success,0.14159066,,,,
x86_64-unknown-linux-gnu,twox-hash,2.1.2,xxhash32::test::hash_with_different_seed_matches_c_implementation,full,success,0.12966425733333334,,,,
x86_64-unknown-linux-gnu,twox-hash,2.1.2,xxhash32::test::ingesting_byte_by_byte_is_equivalent_to_large_chunks,full,success,0.16116962166666668,,,,
x86_64-unknown-linux-gnu,twox-hash,2.1.2,xxhash3::streaming::test::secret_buffer_allocate_default_is_valid,full,success,0.13293734599999998,,,,
x86_64-unknown-linux-gnu,twox-hash,2.1.2,xxhash3::streaming::test::secret_buffer_allocate_with_seed_is_valid,full,success,0.13955490233333334,,,,
x86_64-unknown-linux-gnu,twox-hash,2.1.2,xxhash3::streaming::test::secret_buffer_default_is_valid,full,success,0.12867506733333334,,,,
x86_64-unknown-linux-gnu,twox-hash,2.1.2,xxhash3::test::backported_as_chunks,full,success,0.12904399533333333,,,,
x86_64-unknown-linux-gnu,twox-hash,2.1.2,xxhash3::test::backported_as_rchunks,full,success,0.13877561233333335,,,,
x86_64-unknown-linux-gnu,twox-hash,2.1.2,xxhash3::test::default_secret_is_valid,full,success,0.13281960133333334,,,,
x86_64-unknown-linux-gnu,twox-hash,2.1.2,xxhash3_128::test::oneshot_129_to_240_bytes,full,success,0.26914652366666664,,,,
x86_64-unknown-linux-gnu,twox-hash,2.1.2,xxhash3_128::test::oneshot_17_to_128_bytes,full,success,0.19295815300000005,,,,
x86_64-unknown-linux-gnu,twox-hash,2.1.2,xxhash3_128::test::oneshot_1_to_3_bytes,full,success,0.13089194466666668,,,,
x86_64-unknown-linux-gnu,twox-hash,2.1.2,xxhash3_128::test::oneshot_241_plus_bytes,full,success,1.4953510796666667,,,,
x86_64-unknown-linux-gnu,twox-hash,2.1.2,xxhash3_128::test::oneshot_4_to_8_bytes,full,success,0.13868286233333335,,,,
x86_64-unknown-linux-gnu,twox-hash,2.1.2,xxhash3_128::test::oneshot_9_to_16_bytes,full,success,0.14013058333333336,,,,
x86_64-unknown-linux-gnu,twox-hash,2.1.2,xxhash3_128::test::oneshot_empty,full,success,0.12878751833333335,,,,
x86_64-unknown-linux-gnu,twox-hash,2.1.2,xxhash3_128::test::streaming_129_to_240_bytes,full,success,8.016363969666665,,,,
x86_64-unknown-linux-gnu,twox-hash,2.1.2,xxhash3_128::test::streaming_17_to_128_bytes,full,success,1.5745555486666667,,,,
x86_64-unknown-linux-gnu,twox-hash,2.1.2,xxhash3_128::test::streaming_1_to_3_bytes,full,success,0.13107757,,,,
x86_64-unknown-linux-gnu,twox-hash,2.1.2,xxhash3_128::test::streaming_4_to_8_bytes,full,success,0.14368853166666667,,,,
x86_64-unknown-linux-gnu,twox-hash,2.1.2,xxhash3_128::test::streaming_9_to_16_bytes,full,success,0.19725955533333336,,,,
x86_64-unknown-linux-gnu,twox-hash,2.1.2,xxhash3_128::test::streaming_empty,full,success,0.132469856,,,,
x86_64-unknown-linux-gnu,twox-hash,2.1.2,xxhash3_64::test::oneshot_129_to_240_bytes,full,success,0.252285115,,,,
x86_64-unknown-linux-gnu,twox-hash,2.1.2,xxhash3_64::test::oneshot_17_to_128_bytes,full,success,0.194378669,,,,
x86_64-unknown-linux-gnu,twox-hash,2.1.2,xxhash3_64::test::oneshot_1_to_3_bytes,full,success,0.13321686633333332,,,,
x86_64-unknown-linux-gnu,twox-hash,2.1.2,xxhash3_64::test::oneshot_241_plus_bytes,full,success,1.4868029023333333,,,,
x86_64-unknown-linux-gnu,twox-hash,2.1.2,xxhash3_64::test::oneshot_4_to_8_bytes,full,success,0.14326395033333336,,,,
x86_64-unknown-linux-gnu,twox-hash,2.1.2,xxhash3_64::test::oneshot_9_to_16_bytes,full,success,0.138917929,,,,
x86_64-unknown-linux-gnu,twox-hash,2.1.2,xxhash3_64::test::oneshot_empty,full,success,0.13121697000000002,,,,
x86_64-unknown-linux-gnu,twox-hash,2.1.2,xxhash3_64::test::oneshot_with_seed,full,success,0.29222366633333335,,,,
x86_64-unknown-linux-gnu,twox-hash,2.1.2,xxhash3_64::test::streaming_129_to_240_bytes,full,success,7.9552150416666665,,,,
x86_64-unknown-linux-gnu,twox-hash,2.1.2,xxhash3_64::test::streaming_17_to_128_bytes,full,success,1.5568355676666668,,,,
x86_64-unknown-linux-gnu,twox-hash,2.1.2,xxhash3_64::test::streaming_1_to_3_bytes,full,success,0.13782482399999998,,,,
x86_64-unknown-linux-gnu,twox-hash,2.1.2,xxhash3_64::test::streaming_4_to_8_bytes,full,success,0.14674302733333336,,,,
x86_64-unknown-linux-gnu,twox-hash,2.1.2,xxhash3_64::test::streaming_9_to_16_bytes,full,success,0.194044333,,,,
x86_64-unknown-linux-gnu,twox-hash,2.1.2,xxhash3_64::test::streaming_empty,full,success,0.12958174,,,,
x86_64-unknown-linux-gnu,twox-hash,2.1.2,xxhash64::random_impl::test::can_be_used_in_a_hashmap_with_a_random_seed,full,success,0.1386475806666667,,,,
x86_64-unknown-linux-gnu,twox-hash,2.1.2,xxhash64::test::can_be_used_in_a_hashmap_with_a_default_seed,full,success,0.13393917966666666,,,,
x86_64-unknown-linux-gnu,twox-hash,2.1.2,xxhash64::test::hash_of_multiple_bytes_matches_c_implementation,full,success,0.135024743,,,,
x86_64-unknown-linux-gnu,twox-hash,2.1.2,xxhash64::test::hash_of_multiple_chunks_matches_c_implementation,full,success,0.14206047833333335,,,,
x86_64-unknown-linux-gnu,twox-hash,2.1.2,xxhash64::test::hash_of_nothing_matches_c_implementation,full,success,0.131237014,,,,
x86_64-unknown-linux-gnu,twox-hash,2.1.2,xxhash64::test::hash_of_single_byte_matches_c_implementation,full,success,0.13707652933333336,,,,
x86_64-unknown-linux-gnu,twox-hash,2.1.2,xxhash64::test::hash_with_different_seed_and_multiple_chunks_matches_c_implementation,full,success,0.14208003433333335,,,,
x86_64-unknown-linux-gnu,twox-hash,2.1.2,xxhash64::test::hash_with_different_seed_matches_c_implementation,full,success,0.137329681,,,,
x86_64-unknown-linux-gnu,twox-hash,2.1.2,xxhash64::test::ingesting_byte_by_byte_is_equivalent_to_large_chunks,full,success,0.16480635066666668,,,,
x86_64-unknown-linux-gnu,unicode-bidi,0.3.18,char_data::tests::test_ascii,full,success,0.12896361733333334,,,,
x86_64-unknown-linux-gnu,unicode-bidi,0.3.18,char_data::tests::test_bmp,full,success,0.13383776900000002,,,,
x86_64-unknown-linux-gnu,unicode-bidi,0.3.18,char_data::tests::test_smp,full,success,0.12807812666666668,,,,
x86_64-unknown-linux-gnu,unicode-bidi,0.3.18,char_data::tests::test_unassigned_planes,full,success,0.13495828966666668,,,,
x86_64-unknown-linux-gnu,unicode-bidi,0.3.18,level::tests::test_has_rtl,full,success,0.131545761,,,,
x86_64-unknown-linux-gnu,unicode-bidi,0.3.18,level::tests::test_into,full,success,0.12841714033333335,,,,
x86_64-unknown-linux-gnu,unicode-bidi,0.3.18,level::tests::test_is_ltr,full,success,0.12852164166666669,,,,
x86_64-unknown-linux-gnu,unicode-bidi,0.3.18,level::tests::test_is_rtl,full,success,0.12804290066666668,,,,
x86_64-unknown-linux-gnu,unicode-bidi,0.3.18,level::tests::test_lower,full,success,0.12845362500000002,,,,
x86_64-unknown-linux-gnu,unicode-bidi,0.3.18,level::tests::test_new,full,success,0.12867462933333332,,,,
x86_64-unknown-linux-gnu,unicode-bidi,0.3.18,level::tests::test_new_explicit,full,success,0.12832368333333335,,,,
x86_64-unknown-linux-gnu,unicode-bidi,0.3.18,level::tests::test_raise,full,success,0.128721641,,,,
x86_64-unknown-linux-gnu,unicode-bidi,0.3.18,level::tests::test_raise_explicit,full,success,0.12840816766666666,,,,
x86_64-unknown-linux-gnu,unicode-bidi,0.3.18,level::tests::test_str_eq,full,success,0.13193252766666666,,,,
x86_64-unknown-linux-gnu,unicode-bidi,0.3.18,level::tests::test_string_eq,full,success,0.137891177,,,,
x86_64-unknown-linux-gnu,unicode-bidi,0.3.18,level::tests::test_vec,full,success,0.132599285,,,,
x86_64-unknown-linux-gnu,unicode-bidi,0.3.18,prepare::tests::test_isolating_run_sequences,full,success,0.16512127533333334,,,,
x86_64-unknown-linux-gnu,unicode-bidi,0.3.18,prepare::tests::test_isolating_run_sequences_sos_and_eos,full,success,0.154707585,,,,
x86_64-unknown-linux-gnu,unicode-bidi,0.3.18,prepare::tests::test_level_runs,full,success,0.12922263600000003,,,,
x86_64-unknown-linux-gnu,unicode-bidi,0.3.18,prepare::tests::test_not_removed_by_x9,full,success,0.13394711566666667,,,,
x86_64-unknown-linux-gnu,unicode-bidi,0.3.18,prepare::tests::test_removed_by_x9,full,success,0.12896633933333335,,,,
x86_64-unknown-linux-gnu,unicode-bidi,0.3.18,tests::test_bidi_info_has_rtl,full,success,0.332472953,,,,
x86_64-unknown-linux-gnu,unicode-bidi,0.3.18,tests::test_direction,full,success,0.23484314566666667,,,,
x86_64-unknown-linux-gnu,unicode-bidi,0.3.18,tests::test_edge_cases_direction,full,success,0.143843903,,,,
x86_64-unknown-linux-gnu,unicode-bidi,0.3.18,tests::test_get_base_direction,full,success,0.15520401833333333,,,,
x86_64-unknown-linux-gnu,unicode-bidi,0.3.18,tests::test_get_base_direction_full,full,success,0.16163286533333335,,,,
x86_64-unknown-linux-gnu,unicode-bidi,0.3.18,tests::test_initial_text_info,full,success,0.15823220866666668,,,,
x86_64-unknown-linux-gnu,unicode-bidi,0.3.18,tests::test_level_at,full,success,0.23078147433333332,,,,
x86_64-unknown-linux-gnu,unicode-bidi,0.3.18,tests::test_paragraph_bidi_info,full,success,0.21579864000000004,,,,
x86_64-unknown-linux-gnu,unicode-bidi,0.3.18,tests::test_paragraph_info_len,full,success,0.16205682733333335,,,,
x86_64-unknown-linux-gnu,unicode-bidi,0.3.18,tests::test_process_text,full,success,0.4041114243333333,,,,
x86_64-unknown-linux-gnu,unicode-bidi,0.3.18,tests::test_reorder_line,full,success,0.7170164656666667,,,,
x86_64-unknown-linux-gnu,unicode-bidi,0.3.18,tests::test_reordered_levels,full,success,0.2824734973333334,,,,
x86_64-unknown-linux-gnu,unicode-bidi,0.3.18,tests::test_reordered_levels_range,full,success,0.14411589700000002,,,,
x86_64-unknown-linux-gnu,unicode-bidi,0.3.18,tests::test_utf16_char_iter,full,success,0.13665689633333333,,,,
x86_64-unknown-linux-gnu,unicode-bidi,0.3.18,tests::test_utf16_text_source,full,success,0.13211723733333336,,,,
x86_64-unknown-linux-gnu,unicode-normalization,0.1.25,normalize::tests::test_hangul_composition,full,success,0.12584899833333332,,,,
x86_64-unknown-linux-gnu,unicode-normalization,0.1.25,quick_check::tests::test_stream_safe_nfc,full,success,0.13023286733333336,,,,
x86_64-unknown-linux-gnu,unicode-normalization,0.1.25,quick_check::tests::test_stream_safe_nfd,full,success,0.12967728033333334,,,,
x86_64-unknown-linux-gnu,unicode-normalization,0.1.25,stream_safe::tests::test_all_nonstarters,full,success,0.14047123266666667,,,,
x86_64-unknown-linux-gnu,unicode-normalization,0.1.25,stream_safe::tests::test_classify_nonstarters,full,success,58.172646936999996,,,,
x86_64-unknown-linux-gnu,unicode-normalization,0.1.25,stream_safe::tests::test_simple,full,success,0.15202190266666668,,,,
x86_64-unknown-linux-gnu,unicode-normalization,0.1.25,test::test_is_combining_mark_ascii,full,success,0.137288844,,,,
x86_64-unknown-linux-gnu,unicode-normalization,0.1.25,test::test_is_combining_mark_misc,full,success,0.129836995,,,,
x86_64-unknown-linux-gnu,unicode-normalization,0.1.25,test::test_nfc,full,success,0.16953062933333332,,,,
x86_64-unknown-linux-gnu,unicode-normalization,0.1.25,test::test_nfd,full,success,0.17024480533333333,,,,
x86_64-unknown-linux-gnu,unicode-normalization,0.1.25,test::test_nfkc,full,success,0.17741405366666665,,,,
x86_64-unknown-linux-gnu,unicode-normalization,0.1.25,test::test_nfkd,full,success,0.15525855066666666,,,,
x86_64-unknown-linux-gnu,unicode-normalization,0.1.25,test::test_normalize_char,full,success,0.13137427766666668,,,,
x86_64-unknown-linux-gnu,urlencoding,2.1.3,dec::dec_borrows,full,success,0.12749501700000002,,,,
x86_64-unknown-linux-gnu,urlencoding,2.1.3,tests::it_decodes_successfully,full,success,0.131149559,,,,
x86_64-unknown-linux-gnu,urlencoding,2.1.3,tests::it_decodes_successfully_emoji,full,success,0.13393326366666666,,,,
x86_64-unknown-linux-gnu,urlencoding,2.1.3,tests::it_decodes_unsuccessfully_emoji,full,success,0.129162345,,,,
x86_64-unknown-linux-gnu,urlencoding,2.1.3,tests::it_encodes_successfully,full,success,0.12944488166666668,,,,
x86_64-unknown-linux-gnu,urlencoding,2.1.3,tests::it_encodes_successfully_emoji,full,success,0.12854835766666667,,,,
x86_64-unknown-linux-gnu,urlencoding,2.1.3,tests::lazy_writer,full,success,0.13651105433333335,,,,
x86_64-unknown-linux-gnu,urlencoding,2.1.3,tests::misc,full,success,0.13984928266666666,,,,
x86_64-unknown-linux-gnu,urlencoding,2.1.3,tests::whatwg_examples,full,success,0.137128082,,,,
x86_64-unknown-linux-gnu,utf8_iter,1.0.4,report::tests::test_eq,full,success,0.12709975466666668,,,,
x86_64-unknown-linux-gnu,utf8_iter,1.0.4,report::tests::test_size,full,success,0.12851987433333334,,,,
x86_64-unknown-linux-gnu,uuid,1.23.2,fmt::tests::braced_ref_trailing,full,success,0.08275654366666668,,,,
x86_64-unknown-linux-gnu,uuid,1.23.2,fmt::tests::braced_to_inner,full,success,0.08103187533333334,,,,
x86_64-unknown-linux-gnu,uuid,1.23.2,fmt::tests::braced_too_small,full,success,0.08181181666666668,,,,
x86_64-unknown-linux-gnu,uuid,1.23.2,fmt::tests::braced_trailing,full,success,0.08575735433333333,,,,
x86_64-unknown-linux-gnu,uuid,1.23.2,fmt::tests::hyphenated_ref_trailing,full,success,0.08266830833333333,,,,
x86_64-unknown-linux-gnu,uuid,1.23.2,fmt::tests::hyphenated_to_inner,full,success,0.07919822366666668,,,,
x86_64-unknown-linux-gnu,uuid,1.23.2,fmt::tests::hyphenated_too_small,full,success,0.08141098100000001,,,,
x86_64-unknown-linux-gnu,uuid,1.23.2,fmt::tests::hyphenated_trailing,full,success,0.08258139866666668,,,,
x86_64-unknown-linux-gnu,uuid,1.23.2,fmt::tests::simple_ref_trailing,full,success,0.08414648566666667,,,,
x86_64-unknown-linux-gnu,uuid,1.23.2,fmt::tests::simple_to_inner,full,success,0.07830744700000002,,,,
x86_64-unknown-linux-gnu,uuid,1.23.2,fmt::tests::simple_too_small,full,success,0.08213192433333334,,,,
x86_64-unknown-linux-gnu,uuid,1.23.2,fmt::tests::simple_trailing,full,success,0.08255114000000001,,,,
x86_64-unknown-linux-gnu,uuid,1.23.2,fmt::tests::urn_ref_trailing,full,success,0.08228143766666667,,,,
x86_64-unknown-linux-gnu,uuid,1.23.2,fmt::tests::urn_to_inner,full,success,0.07882286666666667,,,,
x86_64-unknown-linux-gnu,uuid,1.23.2,fmt::tests::urn_too_small,full,success,0.08080356066666668,,,,
x86_64-unknown-linux-gnu,uuid,1.23.2,fmt::tests::urn_trailing,full,success,0.08140790966666668,,,,
x86_64-unknown-linux-gnu,uuid,1.23.2,non_nil::tests::test_non_nil,full,success,0.08038162433333335,,,,
x86_64-unknown-linux-gnu,uuid,1.23.2,non_nil::tests::test_non_nil_formatting,full,success,0.08467849100000001,,,,
x86_64-unknown-linux-gnu,uuid,1.23.2,non_nil::tests::test_non_nil_ord,full,success,0.07900487633333335,,,,
x86_64-unknown-linux-gnu,uuid,1.23.2,non_nil::tests::test_non_nil_with_option_size,full,success,0.07959987133333334,,,,
x86_64-unknown-linux-gnu,uuid,1.23.2,parser::tests::test_parse_invalid,full,success,0.09536423233333334,,,,
x86_64-unknown-linux-gnu,uuid,1.23.2,parser::tests::test_parse_valid,full,success,0.07805484466666668,,,,
x86_64-unknown-linux-gnu,uuid,1.23.2,parser::tests::test_roundtrip_braced,full,success,0.08176752433333333,,,,
x86_64-unknown-linux-gnu,uuid,1.23.2,parser::tests::test_roundtrip_default,full,success,0.08099753833333333,,,,
x86_64-unknown-linux-gnu,uuid,1.23.2,parser::tests::test_roundtrip_hyphenated,full,success,0.09141287266666666,,,,
x86_64-unknown-linux-gnu,uuid,1.23.2,parser::tests::test_roundtrip_parse_braced,full,success,0.08473336966666667,,,,
x86_64-unknown-linux-gnu,uuid,1.23.2,parser::tests::test_roundtrip_parse_urn,full,success,0.08375927833333334,,,,
x86_64-unknown-linux-gnu,uuid,1.23.2,parser::tests::test_roundtrip_simple,full,success,0.08422519766666668,,,,
x86_64-unknown-linux-gnu,uuid,1.23.2,parser::tests::test_roundtrip_urn,full,success,0.08721069866666668,,,,
x86_64-unknown-linux-gnu,uuid,1.23.2,parser::tests::test_try_parse_ascii_non_utf8,full,success,0.082100876,,,,
x86_64-unknown-linux-gnu,uuid,1.23.2,tests::test_as_bytes,full,success,0.08305589133333334,,,,
x86_64-unknown-linux-gnu,uuid,1.23.2,tests::test_bytes_le_roundtrip,full,success,0.08146919533333334,,,,
x86_64-unknown-linux-gnu,uuid,1.23.2,tests::test_bytes_roundtrip,full,success,0.07901406666666667,,,,
x86_64-unknown-linux-gnu,uuid,1.23.2,tests::test_compare,full,success,0.07934002366666666,,,,
x86_64-unknown-linux-gnu,uuid,1.23.2,tests::test_convert_vec,full,success,0.08056069266666667,,,,
x86_64-unknown-linux-gnu,uuid,1.23.2,tests::test_default,full,success,0.079637197,,,,
x86_64-unknown-linux-gnu,uuid,1.23.2,tests::test_display,full,success,0.108826192,,,,
x86_64-unknown-linux-gnu,uuid,1.23.2,tests::test_fields_le_are_actually_le,full,success,0.08671867366666668,,,,
x86_64-unknown-linux-gnu,uuid,1.23.2,tests::test_fields_le_roundtrip,full,success,0.08218416066666667,,,,
x86_64-unknown-linux-gnu,uuid,1.23.2,tests::test_fields_roundtrip,full,success,0.083618861,,,,
x86_64-unknown-linux-gnu,uuid,1.23.2,tests::test_from_bytes,full,success,0.08045963366666667,,,,
x86_64-unknown-linux-gnu,uuid,1.23.2,tests::test_from_fields,full,success,0.08689632333333334,,,,
x86_64-unknown-linux-gnu,uuid,1.23.2,tests::test_from_fields_le,full,success,0.08282677466666667,,,,
x86_64-unknown-linux-gnu,uuid,1.23.2,tests::test_from_slice,full,success,0.08094556233333335,,,,
x86_64-unknown-linux-gnu,uuid,1.23.2,tests::test_get_node_id_unsupported_version,full,success,0.08422714566666667,,,,
x86_64-unknown-linux-gnu,uuid,1.23.2,tests::test_get_timestamp_unsupported_version,full,success,0.08030559733333334,,,,
x86_64-unknown-linux-gnu,uuid,1.23.2,tests::test_get_variant,full,success,0.08196371300000001,,,,
x86_64-unknown-linux-gnu,uuid,1.23.2,tests::test_get_version,full,success,0.08389751666666667,,,,
x86_64-unknown-linux-gnu,uuid,1.23.2,tests::test_get_version_non_conforming,full,success,0.07985596600000001,,,,
x86_64-unknown-linux-gnu,uuid,1.23.2,tests::test_hyphenated_string,full,success,0.11274145833333334,,,,
x86_64-unknown-linux-gnu,uuid,1.23.2,tests::test_max,full,success,0.08230376366666668,,,,
x86_64-unknown-linux-gnu,uuid,1.23.2,tests::test_nil,full,success,0.07990122033333334,,,,
x86_64-unknown-linux-gnu,uuid,1.23.2,tests::test_predefined_namespaces,full,success,0.08045343433333334,,,,
x86_64-unknown-linux-gnu,uuid,1.23.2,tests::test_to_simple_string,full,success,0.09858567133333335,,,,
x86_64-unknown-linux-gnu,uuid,1.23.2,tests::test_to_urn_string,full,success,0.10693931966666669,,,,
x86_64-unknown-linux-gnu,uuid,1.23.2,tests::test_u128_le_is_actually_le,full,success,0.08461661300000001,,,,
x86_64-unknown-linux-gnu,uuid,1.23.2,tests::test_u128_le_roundtrip,full,success,0.07918273400000002,,,,
x86_64-unknown-linux-gnu,uuid,1.23.2,tests::test_u128_roundtrip,full,success,0.08298465333333334,,,,
x86_64-unknown-linux-gnu,uuid,1.23.2,tests::test_u64_pair_roundtrip,full,success,0.07974189200000001,,,,
x86_64-unknown-linux-gnu,uuid,1.23.2,tests::test_upper_lower_hex,full,success,0.4255052306666667,,,,
x86_64-unknown-linux-gnu,which,8.0.2,helper::test::test_extension_in_extension_vector,full,success,0.14521437866666667,,,,
x86_64-unknown-linux-gnu,which,8.0.2,helper::test::test_extension_not_in_extension_vector,full,success,0.14403596533333335,,,,
x86_64-unknown-linux-gnu,which,8.0.2,helper::test::test_invalid_exts,full,success,0.141424089,,,,
x86_64-unknown-linux-gnu,writeable,0.6.3,cmp::tests::test_mixed,full,success,0.16951255833333334,,,,
x86_64-unknown-linux-gnu,writeable,0.6.3,cmp::tests::test_write_char,full,success,0.185900592,,,,
x86_64-unknown-linux-gnu,writeable,0.6.3,cmp::tests::test_write_str,full,success,0.089949418,,,,
x86_64-unknown-linux-gnu,writeable,0.6.3,impls::test_string_impls,full,success,0.09018478933333333,,,,
x86_64-unknown-linux-gnu,writeable,0.6.3,impls::test_u128,full,success,0.8242033440000002,,,,
x86_64-unknown-linux-gnu,writeable,0.6.3,impls::test_u16,full,success,0.6825364986666668,,,,
x86_64-unknown-linux-gnu,writeable,0.6.3,impls::test_u32,full,success,0.85264996,,,,
x86_64-unknown-linux-gnu,writeable,0.6.3,impls::test_u64,full,success,1.4519812666666667,,,,
x86_64-unknown-linux-gnu,writeable,0.6.3,impls::test_u8,full,success,0.5913954250000001,,,,
x86_64-unknown-linux-gnu,writeable,0.6.3,impls::test_usize,full,success,0.10116195533333334,,,,
x86_64-unknown-linux-gnu,writeable,0.6.3,ops::tests::test_add,full,success,0.08450982733333334,,,,
x86_64-unknown-linux-gnu,writeable,0.6.3,ops::tests::test_bitor,full,success,0.08878860966666668,,,,
x86_64-unknown-linux-gnu,writeable,0.6.3,ops::tests::test_mul,full,success,0.08269632433333335,,,,
x86_64-unknown-linux-gnu,writeable,0.6.3,ops::tests::test_sum,full,success,0.08487896933333335,,,,
x86_64-unknown-linux-gnu,writeable,0.6.3,try_writeable::test_result_try_writeable,full,success,0.087982597,,,,
x86_64-unknown-linux-gnu,yoke,0.8.2,cartable_ptr::tests::test_new_rc,full,success,0.10271423166666667,,,,
x86_64-unknown-linux-gnu,yoke,0.8.2,cartable_ptr::tests::test_new_sentinel,full,success,0.11110137433333334,,,,
x86_64-unknown-linux-gnu,yoke,0.8.2,cartable_ptr::tests::test_rc_clone,full,success,0.10205791933333334,,,,
x86_64-unknown-linux-gnu,yoke,0.8.2,cartable_ptr::tests::test_sizes,full,success,0.10570485200000002,,,,
x86_64-unknown-linux-gnu,yoke,0.8.2,yoke::test_clone,full,success,0.10668361633333334,,,,
x86_64-unknown-linux-gnu,yoke,0.8.2,yoke::test_debug,full,success,0.10494578066666667,,,,
x86_64-unknown-linux-gnu,yoke,0.8.2,yoke::test_display,full,success,0.11740342633333334,,,,
x86_64-unknown-linux-gnu,yoke,0.8.2,yoke::test_eq_trait,full,success,0.10518036166666667,,,,
x86_64-unknown-linux-gnu,yoke,0.8.2,yoke::test_partialeq,full,success,0.11000928666666666,,,,
x86_64-unknown-linux-gnu,yoke,0.8.2,yoke::test_partialord_ord,full,success,0.107404605,,,,
