target,crate_name,version,test_name,mode,status,mean_exec_time_seconds,error_message,error_location,log_url,error_detail
aarch64-unknown-linux-gnu,aho-corasick,1.1.4,nfa::contiguous::tests::swar,full,success,0.10782694466666666,,,,
aarch64-unknown-linux-gnu,aho-corasick,1.1.4,packed::pattern::tests::equals_different_lengths,full,success,0.10765632966666668,,,,
aarch64-unknown-linux-gnu,aho-corasick,1.1.4,packed::pattern::tests::equals_mismatch,full,success,0.109570228,,,,
aarch64-unknown-linux-gnu,aho-corasick,1.1.4,packed::pattern::tests::equals_yes,full,success,0.10708202933333333,,,,
aarch64-unknown-linux-gnu,aho-corasick,1.1.4,packed::pattern::tests::prefix,full,success,0.10661586366666669,,,,
aarch64-unknown-linux-gnu,aho-corasick,1.1.4,packed::tests::search_default_leftmost_first,full,success,6.230597629666666,,,,
aarch64-unknown-linux-gnu,aho-corasick,1.1.4,packed::tests::search_default_leftmost_longest,full,success,6.374245970666666,,,,
aarch64-unknown-linux-gnu,aho-corasick,1.1.4,packed::tests::search_rabinkarp_leftmost_first,full,success,4.578638085333334,,,,
aarch64-unknown-linux-gnu,aho-corasick,1.1.4,packed::tests::search_rabinkarp_leftmost_longest,full,success,4.826852033333333,,,,
aarch64-unknown-linux-gnu,aho-corasick,1.1.4,packed::tests::search_teddy_avx2_leftmost_first,full,success,6.292687194333333,,,,
aarch64-unknown-linux-gnu,aho-corasick,1.1.4,packed::tests::search_teddy_avx2_leftmost_longest,full,success,6.414560491333333,,,,
aarch64-unknown-linux-gnu,aho-corasick,1.1.4,packed::tests::search_teddy_fat_leftmost_first,full,success,6.2938494406666665,,,,
aarch64-unknown-linux-gnu,aho-corasick,1.1.4,packed::tests::search_teddy_fat_leftmost_longest,full,success,6.412735462,,,,
aarch64-unknown-linux-gnu,aho-corasick,1.1.4,packed::tests::search_teddy_leftmost_first,full,success,6.340278969333333,,,,
aarch64-unknown-linux-gnu,aho-corasick,1.1.4,packed::tests::search_teddy_leftmost_longest,full,success,6.478582623,,,,
aarch64-unknown-linux-gnu,aho-corasick,1.1.4,packed::tests::search_teddy_ssse3_leftmost_first,full,success,6.336536640666668,,,,
aarch64-unknown-linux-gnu,aho-corasick,1.1.4,packed::tests::search_teddy_ssse3_leftmost_longest,full,success,6.484226290333333,,,,
aarch64-unknown-linux-gnu,aho-corasick,1.1.4,packed::tests::search_tests_have_unique_names,full,success,0.1952132626666667,,,,
aarch64-unknown-linux-gnu,aho-corasick,1.1.4,packed::vector::tests_aarch64_neon::example_vmaxvq_u8_non_zero,full,success,0.10816812199999999,,,,
aarch64-unknown-linux-gnu,aho-corasick,1.1.4,packed::vector::tests_aarch64_neon::example_vmaxvq_u8_zero,full,success,0.10758962100000001,,,,
aarch64-unknown-linux-gnu,aho-corasick,1.1.4,packed::vector::tests_aarch64_neon::example_vpmaxq_u8_non_zero,full,success,0.10714788600000001,,,,
aarch64-unknown-linux-gnu,aho-corasick,1.1.4,packed::vector::tests_aarch64_neon::example_vpmaxq_u8_other,full,success,0.10798000466666668,,,,
aarch64-unknown-linux-gnu,aho-corasick,1.1.4,packed::vector::tests_aarch64_neon::example_vpmaxq_u8_self,full,success,0.10738128433333334,,,,
aarch64-unknown-linux-gnu,aho-corasick,1.1.4,packed::vector::tests_aarch64_neon::vector_and,full,success,0.10764342366666668,,,,
aarch64-unknown-linux-gnu,aho-corasick,1.1.4,packed::vector::tests_aarch64_neon::vector_cmpeq,full,success,0.10829460833333333,,,,
aarch64-unknown-linux-gnu,aho-corasick,1.1.4,packed::vector::tests_aarch64_neon::vector_for_each_64bit_lane,full,success,0.10793016166666668,,,,
aarch64-unknown-linux-gnu,aho-corasick,1.1.4,packed::vector::tests_aarch64_neon::vector_is_zero,full,success,0.10677202633333334,,,,
aarch64-unknown-linux-gnu,aho-corasick,1.1.4,packed::vector::tests_aarch64_neon::vector_or,full,success,0.10739569633333335,,,,
aarch64-unknown-linux-gnu,aho-corasick,1.1.4,packed::vector::tests_aarch64_neon::vector_shift_8bit_lane_right,full,success,0.107147423,,,,
aarch64-unknown-linux-gnu,aho-corasick,1.1.4,packed::vector::tests_aarch64_neon::vector_shift_in_one_byte,full,success,0.10842334066666666,,,,
aarch64-unknown-linux-gnu,aho-corasick,1.1.4,packed::vector::tests_aarch64_neon::vector_shift_in_three_bytes,full,success,0.10853082866666668,,,,
aarch64-unknown-linux-gnu,aho-corasick,1.1.4,packed::vector::tests_aarch64_neon::vector_shift_in_two_bytes,full,success,0.10824127633333334,,,,
aarch64-unknown-linux-gnu,aho-corasick,1.1.4,packed::vector::tests_aarch64_neon::vector_shuffle_bytes,full,success,0.10810007300000002,,,,
aarch64-unknown-linux-gnu,aho-corasick,1.1.4,packed::vector::tests_aarch64_neon::vector_splat,full,success,0.10848893933333333,,,,
aarch64-unknown-linux-gnu,aho-corasick,1.1.4,testoibits::oibits_automaton,full,success,0.10785675966666668,,,,
aarch64-unknown-linux-gnu,aho-corasick,1.1.4,testoibits::oibits_main,full,success,0.10739585933333334,,,,
aarch64-unknown-linux-gnu,aho-corasick,1.1.4,testoibits::oibits_packed,full,success,0.10772010300000001,,,,
aarch64-unknown-linux-gnu,aho-corasick,1.1.4,tests::acasei_leftmost_first_default,full,success,12.594273337999999,,,,
aarch64-unknown-linux-gnu,aho-corasick,1.1.4,tests::acasei_leftmost_first_dfa_default,full,success,12.428831090666668,,,,
aarch64-unknown-linux-gnu,aho-corasick,1.1.4,tests::acasei_leftmost_first_nfa_contig_default,full,success,12.424904613999999,,,,
aarch64-unknown-linux-gnu,aho-corasick,1.1.4,tests::acasei_leftmost_first_nfa_noncontig_default,full,success,10.901074285333332,,,,
aarch64-unknown-linux-gnu,aho-corasick,1.1.4,tests::acasei_leftmost_longest_default,full,success,12.241880956000001,,,,
aarch64-unknown-linux-gnu,aho-corasick,1.1.4,tests::acasei_leftmost_longest_dfa_default,full,success,12.300655044333332,,,,
aarch64-unknown-linux-gnu,aho-corasick,1.1.4,tests::acasei_leftmost_longest_nfa_contig_default,full,success,12.260715919,,,,
aarch64-unknown-linux-gnu,aho-corasick,1.1.4,tests::acasei_leftmost_longest_nfa_noncontig_default,full,success,10.812839226333333,,,,
aarch64-unknown-linux-gnu,aho-corasick,1.1.4,tests::acasei_standard_default,full,success,7.161934835333334,,,,
aarch64-unknown-linux-gnu,aho-corasick,1.1.4,tests::acasei_standard_dfa_default,full,success,12.467295464666664,,,,
aarch64-unknown-linux-gnu,aho-corasick,1.1.4,tests::acasei_standard_nfa_contig_default,full,success,7.0555116086666665,,,,
aarch64-unknown-linux-gnu,aho-corasick,1.1.4,tests::acasei_standard_nfa_noncontig_default,full,success,6.2593132936666676,,,,
aarch64-unknown-linux-gnu,aho-corasick,1.1.4,tests::acasei_standard_overlapping_default,full,success,12.37585741,,,,
aarch64-unknown-linux-gnu,aho-corasick,1.1.4,tests::acasei_standard_overlapping_dfa_default,full,success,12.486545717,,,,
aarch64-unknown-linux-gnu,aho-corasick,1.1.4,tests::acasei_standard_overlapping_nfa_contig_default,full,success,12.006600491333332,,,,
aarch64-unknown-linux-gnu,aho-corasick,1.1.4,tests::acasei_standard_overlapping_nfa_noncontig_default,full,success,10.932400007,,,,
aarch64-unknown-linux-gnu,aho-corasick,1.1.4,tests::anchored_not_allowed_even_if_technically_available,full,success,4.607511031333334,,,,
aarch64-unknown-linux-gnu,aho-corasick,1.1.4,tests::overlapping_not_allowed_leftmost_first,full,success,1.547622101,,,,
aarch64-unknown-linux-gnu,aho-corasick,1.1.4,tests::overlapping_not_allowed_leftmost_longest,full,success,1.5446345350000001,,,,
aarch64-unknown-linux-gnu,aho-corasick,1.1.4,tests::prefilter_stays_in_bounds,full,success,2.8722544983333336,,,,
aarch64-unknown-linux-gnu,aho-corasick,1.1.4,tests::regression_ascii_case_insensitive_no_exponential,full,success,4.399258596666667,,,,
aarch64-unknown-linux-gnu,aho-corasick,1.1.4,tests::regression_rare_byte_prefilter,full,success,1.8265851423333332,,,,
aarch64-unknown-linux-gnu,aho-corasick,1.1.4,tests::search_standard_anchored_default,full,success,49.890200970666676,,,,
aarch64-unknown-linux-gnu,aho-corasick,1.1.4,tests::search_standard_anchored_dfa_default,full,success,49.55383406033334,,,,
aarch64-unknown-linux-gnu,aho-corasick,1.1.4,tests::search_standard_anchored_dfa_start_both,full,success,48.36367452466666,,,,
aarch64-unknown-linux-gnu,aho-corasick,1.1.4,tests::search_standard_anchored_nfa_noncontig_default,full,success,44.87780505433333,,,,
aarch64-unknown-linux-gnu,aho-corasick,1.1.4,tests::search_tests_have_unique_names,full,success,0.23720665700000002,,,,
aarch64-unknown-linux-gnu,aho-corasick,1.1.4,tests::stream_not_allowed_leftmost_first,full,success,1.5587458353333332,,,,
aarch64-unknown-linux-gnu,aho-corasick,1.1.4,tests::stream_not_allowed_leftmost_longest,full,success,1.5365166803333334,,,,
aarch64-unknown-linux-gnu,aho-corasick,1.1.4,tests::unanchored_not_allowed_even_if_technically_available,full,success,4.598208258666666,,,,
aarch64-unknown-linux-gnu,aho-corasick,1.1.4,util::alphabet::tests::byte_classes,full,success,0.17010705533333334,,,,
aarch64-unknown-linux-gnu,aho-corasick,1.1.4,util::alphabet::tests::elements_empty,full,success,0.14637307933333335,,,,
aarch64-unknown-linux-gnu,aho-corasick,1.1.4,util::alphabet::tests::elements_singletons,full,success,0.15325288266666667,,,,
aarch64-unknown-linux-gnu,aho-corasick,1.1.4,util::alphabet::tests::elements_typical,full,success,0.2304352166666667,,,,
aarch64-unknown-linux-gnu,aho-corasick,1.1.4,util::alphabet::tests::full_byte_classes,full,success,0.16284276500000003,,,,
aarch64-unknown-linux-gnu,ansi_term,0.12.1,ansi::test::black,full,success,0.11883379833333334,,,,
aarch64-unknown-linux-gnu,ansi_term,0.12.1,ansi::test::blink,full,success,0.11660493633333334,,,,
aarch64-unknown-linux-gnu,ansi_term,0.12.1,ansi::test::blue_on_rgb,full,success,0.11641810066666668,,,,
aarch64-unknown-linux-gnu,ansi_term,0.12.1,ansi::test::blue_underline,full,success,0.11595247933333334,,,,
aarch64-unknown-linux-gnu,ansi_term,0.12.1,ansi::test::bold,full,success,0.11723084,,,,
aarch64-unknown-linux-gnu,ansi_term,0.12.1,ansi::test::bunderline,full,success,0.116393767,,,,
aarch64-unknown-linux-gnu,ansi_term,0.12.1,ansi::test::cyan_bold_on_white,full,success,0.116086823,,,,
aarch64-unknown-linux-gnu,ansi_term,0.12.1,ansi::test::cyan_bold_ul_on_white,full,success,0.11612857700000001,,,,
aarch64-unknown-linux-gnu,ansi_term,0.12.1,ansi::test::cyan_ul_bold_on_white,full,success,0.116222296,,,,
aarch64-unknown-linux-gnu,ansi_term,0.12.1,ansi::test::cyan_ul_on_white,full,success,0.11635234633333334,,,,
aarch64-unknown-linux-gnu,ansi_term,0.12.1,ansi::test::dimmed,full,success,0.116526117,,,,
aarch64-unknown-linux-gnu,ansi_term,0.12.1,ansi::test::fixed,full,success,0.11749667500000001,,,,
aarch64-unknown-linux-gnu,ansi_term,0.12.1,ansi::test::fixed_on_fixed,full,success,0.11761008,,,,
aarch64-unknown-linux-gnu,ansi_term,0.12.1,ansi::test::fixed_on_purple,full,success,0.118610542,,,,
aarch64-unknown-linux-gnu,ansi_term,0.12.1,ansi::test::green_bold_ul,full,success,0.11711368200000001,,,,
aarch64-unknown-linux-gnu,ansi_term,0.12.1,ansi::test::green_bold_ul_2,full,success,0.11703396900000002,,,,
aarch64-unknown-linux-gnu,ansi_term,0.12.1,ansi::test::hidden,full,success,0.11749120800000001,,,,
aarch64-unknown-linux-gnu,ansi_term,0.12.1,ansi::test::italic,full,success,0.11632333800000001,,,,
aarch64-unknown-linux-gnu,ansi_term,0.12.1,ansi::test::plain,full,success,0.11360269966666668,,,,
aarch64-unknown-linux-gnu,ansi_term,0.12.1,ansi::test::purple_on_white,full,success,0.11525370933333334,,,,
aarch64-unknown-linux-gnu,ansi_term,0.12.1,ansi::test::purple_on_white_2,full,success,0.11432230133333333,,,,
aarch64-unknown-linux-gnu,ansi_term,0.12.1,ansi::test::red,full,success,0.11485419600000002,,,,
aarch64-unknown-linux-gnu,ansi_term,0.12.1,ansi::test::reverse,full,success,0.11640216866666668,,,,
aarch64-unknown-linux-gnu,ansi_term,0.12.1,ansi::test::rgb,full,success,0.11728126166666668,,,,
aarch64-unknown-linux-gnu,ansi_term,0.12.1,ansi::test::rgb_on_blue,full,success,0.11739141033333335,,,,
aarch64-unknown-linux-gnu,ansi_term,0.12.1,ansi::test::rgb_on_rgb,full,success,0.11927043066666669,,,,
aarch64-unknown-linux-gnu,ansi_term,0.12.1,ansi::test::stricken,full,success,0.116242628,,,,
aarch64-unknown-linux-gnu,ansi_term,0.12.1,ansi::test::test_infix,full,success,0.11782697466666668,,,,
aarch64-unknown-linux-gnu,ansi_term,0.12.1,ansi::test::underline,full,success,0.11614467966666668,,,,
aarch64-unknown-linux-gnu,ansi_term,0.12.1,ansi::test::yellow_bold,full,success,0.11609916466666668,,,,
aarch64-unknown-linux-gnu,ansi_term,0.12.1,ansi::test::yellow_bold_2,full,success,0.11630577900000001,,,,
aarch64-unknown-linux-gnu,ansi_term,0.12.1,ansi::test::yellow_on_blue,full,success,0.11600586666666668,,,,
aarch64-unknown-linux-gnu,ansi_term,0.12.1,ansi::test::yellow_on_blue_2,full,success,0.11475140633333335,,,,
aarch64-unknown-linux-gnu,ansi_term,0.12.1,debug::test::bold,full,success,0.11511570266666667,,,,
aarch64-unknown-linux-gnu,ansi_term,0.12.1,debug::test::both,full,success,0.11435439666666668,,,,
aarch64-unknown-linux-gnu,ansi_term,0.12.1,debug::test::empty,full,success,0.11589603400000002,,,,
aarch64-unknown-linux-gnu,ansi_term,0.12.1,debug::test::everything,full,success,0.11703500733333334,,,,
aarch64-unknown-linux-gnu,ansi_term,0.12.1,debug::test::italic,full,success,0.11368552700000001,,,,
aarch64-unknown-linux-gnu,ansi_term,0.12.1,debug::test::long_and_detailed,full,success,20.610979308,,,,
aarch64-unknown-linux-gnu,ansi_term,0.12.1,debug::test::red,full,success,0.11636422033333334,,,,
aarch64-unknown-linux-gnu,ansi_term,0.12.1,debug::test::redblue,full,success,0.11577003733333334,,,,
aarch64-unknown-linux-gnu,ansi_term,0.12.1,difference::test::addition_of_blink,full,success,0.114086884,,,,
aarch64-unknown-linux-gnu,ansi_term,0.12.1,difference::test::addition_of_dimmed,full,success,0.11405409933333334,,,,
aarch64-unknown-linux-gnu,ansi_term,0.12.1,difference::test::addition_of_hidden,full,success,0.11312683733333334,,,,
aarch64-unknown-linux-gnu,ansi_term,0.12.1,difference::test::addition_of_reverse,full,success,0.113530076,,,,
aarch64-unknown-linux-gnu,ansi_term,0.12.1,difference::test::addition_of_strikethrough,full,success,0.11249889666666668,,,,
aarch64-unknown-linux-gnu,ansi_term,0.12.1,difference::test::colour_change,full,success,0.11413562733333334,,,,
aarch64-unknown-linux-gnu,ansi_term,0.12.1,difference::test::lowercase,full,success,0.11288475566666667,,,,
aarch64-unknown-linux-gnu,ansi_term,0.12.1,difference::test::nothing,full,success,0.11188844633333334,,,,
aarch64-unknown-linux-gnu,ansi_term,0.12.1,difference::test::nothing2,full,success,0.11299554299999999,,,,
aarch64-unknown-linux-gnu,ansi_term,0.12.1,difference::test::removal_of_blink,full,success,0.11114828066666667,,,,
aarch64-unknown-linux-gnu,ansi_term,0.12.1,difference::test::removal_of_dimmed,full,success,0.11260403833333334,,,,
aarch64-unknown-linux-gnu,ansi_term,0.12.1,difference::test::removal_of_hidden,full,success,0.11044043600000002,,,,
aarch64-unknown-linux-gnu,ansi_term,0.12.1,difference::test::removal_of_reverse,full,success,0.11302204833333333,,,,
aarch64-unknown-linux-gnu,ansi_term,0.12.1,difference::test::removal_of_strikethrough,full,success,0.11278640333333334,,,,
aarch64-unknown-linux-gnu,ansi_term,0.12.1,difference::test::uppercase,full,success,0.11248956766666668,,,,
aarch64-unknown-linux-gnu,ansi_term,0.12.1,display::tests::no_control_codes_for_plain,full,success,0.112695999,,,,
aarch64-unknown-linux-gnu,ansi_term,0.12.1,util::test::test,full,success,0.11631594333333334,,,,
aarch64-unknown-linux-gnu,anstream,1.0.0,adapter::strip::test::test_strip_byte_del,full,success,0.10991478233333335,,,,
aarch64-unknown-linux-gnu,anstream,1.0.0,adapter::strip::test::test_strip_byte_multibyte,full,success,0.10952186000000001,,,,
aarch64-unknown-linux-gnu,anstream,1.0.0,adapter::strip::test::test_strip_bytes_multibyte,full,success,0.108876385,,,,
aarch64-unknown-linux-gnu,anstream,1.0.0,adapter::strip::test::test_strip_str_del,full,success,0.10797545766666666,,,,
aarch64-unknown-linux-gnu,anstream,1.0.0,adapter::strip::test::test_strip_str_handles_broken_sequence,full,success,0.108571431,,,,
aarch64-unknown-linux-gnu,anstream,1.0.0,adapter::wincon::test::ansi256_colors,full,success,0.11890899266666667,,,,
aarch64-unknown-linux-gnu,anstream,1.0.0,adapter::wincon::test::end,full,success,0.11955954933333335,,,,
aarch64-unknown-linux-gnu,anstream,1.0.0,adapter::wincon::test::middle,full,success,0.12003280966666667,,,,
aarch64-unknown-linux-gnu,anstream,1.0.0,adapter::wincon::test::start,full,success,0.11837373533333334,,,,
aarch64-unknown-linux-gnu,anstream,1.0.0,stream::tests::test,full,success,0.10890718633333334,,,,
aarch64-unknown-linux-gnu,anstyle-query,1.1.5,test::non_empty_empty,full,success,0.107197944,,,,
aarch64-unknown-linux-gnu,anstyle-query,1.1.5,test::non_empty_not_present,full,success,0.10744258000000001,,,,
aarch64-unknown-linux-gnu,anstyle-query,1.1.5,test::non_empty_texty,full,success,0.107976912,,,,
aarch64-unknown-linux-gnu,anstyle,1.0.14,color::test::max_display_buffer,full,success,0.10731097533333334,,,,
aarch64-unknown-linux-gnu,anstyle,1.0.14,color::test::no_align,full,success,0.11266125233333335,,,,
aarch64-unknown-linux-gnu,anstyle,1.0.14,color::test::print_size_of,full,success,0.10873501666666667,,,,
aarch64-unknown-linux-gnu,anstyle,1.0.14,effect::test::no_align,full,success,0.10828084033333334,,,,
aarch64-unknown-linux-gnu,anstyle,1.0.14,effect::test::print_size_of,full,success,0.10814508033333335,,,,
aarch64-unknown-linux-gnu,anstyle,1.0.14,reset::test::no_align,full,success,0.108893083,,,,
aarch64-unknown-linux-gnu,anstyle,1.0.14,reset::test::print_size_of,full,success,0.108360754,,,,
aarch64-unknown-linux-gnu,anstyle,1.0.14,style::print_size_of,full,success,0.10773820666666667,,,,
aarch64-unknown-linux-gnu,anyhow,1.0.102,fmt::tests::no_digits,full,success,0.10932516033333334,,,,
aarch64-unknown-linux-gnu,anyhow,1.0.102,fmt::tests::one_digit,full,success,0.10799375433333334,,,,
aarch64-unknown-linux-gnu,anyhow,1.0.102,fmt::tests::two_digits,full,success,0.10772178033333335,,,,
aarch64-unknown-linux-gnu,arc-swap,1.9.1,access::tests::constant,full,success,0.10953876800000001,,,,
aarch64-unknown-linux-gnu,arc-swap,1.9.1,access::tests::double_dyn_access_complex,full,success,0.10908280233333334,,,,
aarch64-unknown-linux-gnu,arc-swap,1.9.1,access::tests::dyn_dispatch,full,success,0.10963322966666667,,,,
aarch64-unknown-linux-gnu,arc-swap,1.9.1,access::tests::indirect,full,success,0.11016311500000002,,,,
aarch64-unknown-linux-gnu,arc-swap,1.9.1,access::tests::map,full,success,0.110038097,,,,
aarch64-unknown-linux-gnu,arc-swap,1.9.1,access::tests::map_option_none,full,success,0.110477667,,,,
aarch64-unknown-linux-gnu,arc-swap,1.9.1,access::tests::map_option_some,full,success,0.11097000900000002,,,,
aarch64-unknown-linux-gnu,arc-swap,1.9.1,access::tests::map_reload,full,success,0.11088394266666668,,,,
aarch64-unknown-linux-gnu,arc-swap,1.9.1,access::tests::static_dispatch,full,success,0.11062613866666667,,,,
aarch64-unknown-linux-gnu,arc-swap,1.9.1,access::tests::transition,full,success,0.10858929433333335,,,,
aarch64-unknown-linux-gnu,arc-swap,1.9.1,cache::tests::cache_option,full,success,0.11072103633333334,,,,
aarch64-unknown-linux-gnu,arc-swap,1.9.1,cache::tests::cached_through_arc,full,success,0.10910867833333333,,,,
aarch64-unknown-linux-gnu,arc-swap,1.9.1,cache::tests::cached_value,full,success,0.10984016566666667,,,,
aarch64-unknown-linux-gnu,arc-swap,1.9.1,cache::tests::map_cache,full,success,0.110675064,,,,
aarch64-unknown-linux-gnu,arc-swap,1.9.1,debt::list::tests::new_empty,full,success,0.10797871933333335,,,,
aarch64-unknown-linux-gnu,arc-swap,1.9.1,debt::tests::arc_zst,full,success,0.10701707166666667,,,,
aarch64-unknown-linux-gnu,arc-swap,1.9.1,ref_cnt::tests::pin::ref_cnt_pin_arc,full,success,0.10720369233333334,,,,
aarch64-unknown-linux-gnu,arc-swap,1.9.1,ref_cnt::tests::pin::ref_cnt_pin_rc,full,success,0.10801703266666668,,,,
aarch64-unknown-linux-gnu,arc-swap,1.9.1,ref_cnt::tests::ref_cnt_arc,full,success,0.10786720300000001,,,,
aarch64-unknown-linux-gnu,arc-swap,1.9.1,tests::lease_overflow,full,success,0.16739139833333336,,,,
aarch64-unknown-linux-gnu,arc-swap,1.9.1,tests::load_cnt,full,success,0.110804079,,,,
aarch64-unknown-linux-gnu,arc-swap,1.9.1,tests_default::cas_ref_cnt,full,success,0.17837082800000004,,,,
aarch64-unknown-linux-gnu,arc-swap,1.9.1,tests_default::debug_impl,full,success,0.11015167233333334,,,,
aarch64-unknown-linux-gnu,arc-swap,1.9.1,tests_default::display_impl,full,success,0.11023356033333336,,,,
aarch64-unknown-linux-gnu,arc-swap,1.9.1,tests_default::from_into,full,success,0.11005982633333335,,,,
aarch64-unknown-linux-gnu,arc-swap,1.9.1,tests_default::guard_drop_in_another_thread,full,success,0.15343811966666668,,,,
aarch64-unknown-linux-gnu,arc-swap,1.9.1,tests_default::guard_drop_in_thread,full,success,0.238233613,,,,
aarch64-unknown-linux-gnu,arc-swap,1.9.1,tests_default::load_null,full,success,0.11052984033333335,,,,
aarch64-unknown-linux-gnu,arc-swap,1.9.1,tests_default::load_option,full,success,0.110771361,,,,
aarch64-unknown-linux-gnu,arc-swap,1.9.1,tests_default::multi_writers,full,success,2.3364481473333334,,,,
aarch64-unknown-linux-gnu,arc-swap,1.9.1,tests_default::nulls,full,success,0.11318340066666667,,,,
aarch64-unknown-linux-gnu,arc-swap,1.9.1,tests_default::rcu,full,success,2.2314312416666664,,,,
aarch64-unknown-linux-gnu,arc-swap,1.9.1,tests_default::rcu_panic,full,success,0.117144029,,,,
aarch64-unknown-linux-gnu,arc-swap,1.9.1,tests_default::recursive,full,success,0.13387977066666668,,,,
aarch64-unknown-linux-gnu,arc-swap,1.9.1,tests_default::swap_load,full,success,0.42133716600000004,,,,
aarch64-unknown-linux-gnu,arrayvec,0.7.6,char::test_encode_utf8_oob,full,success,0.10949852166666667,,,,
aarch64-unknown-linux-gnu,base64ct,1.8.3,decoder::tests::decode_multiline_padded,full,success,33.21205071033334,,,,
aarch64-unknown-linux-gnu,base64ct,1.8.3,decoder::tests::decode_padded,full,success,4.740339191,,,,
aarch64-unknown-linux-gnu,base64ct,1.8.3,decoder::tests::decode_unpadded,full,success,1.0945170053333333,,,,
aarch64-unknown-linux-gnu,base64ct,1.8.3,encoder::tests::encode_padded,full,success,9.075396386333333,,,,
aarch64-unknown-linux-gnu,base64ct,1.8.3,encoder::tests::encode_unpadded,full,success,1.315837847,,,,
aarch64-unknown-linux-gnu,base64ct,1.8.3,encoder::tests::no_trailing_newline_when_aligned,full,success,0.12336441100000002,,,,
aarch64-unknown-linux-gnu,bincode,2.0.1,features::impl_alloc::test_cow_round_trip,full,success,0.108588317,,,,
aarch64-unknown-linux-gnu,bincode,2.0.1,varint::decode_unsigned::test_decode_u128,full,success,0.250879324,,,,
aarch64-unknown-linux-gnu,bincode,2.0.1,varint::decode_unsigned::test_decode_u16,full,success,0.11520190766666667,,,,
aarch64-unknown-linux-gnu,bincode,2.0.1,varint::decode_unsigned::test_decode_u32,full,success,0.11950832733333333,,,,
aarch64-unknown-linux-gnu,bincode,2.0.1,varint::decode_unsigned::test_decode_u64,full,success,0.12865729566666667,,,,
aarch64-unknown-linux-gnu,bincode,2.0.1,varint::encode_signed::test_encode_i128,full,success,0.11410623900000001,,,,
aarch64-unknown-linux-gnu,bincode,2.0.1,varint::encode_signed::test_encode_i16,full,success,0.109749207,,,,
aarch64-unknown-linux-gnu,bincode,2.0.1,varint::encode_signed::test_encode_i32,full,success,0.11118064400000001,,,,
aarch64-unknown-linux-gnu,bincode,2.0.1,varint::encode_signed::test_encode_i64,full,success,0.11268213166666669,,,,
aarch64-unknown-linux-gnu,bincode,2.0.1,varint::encode_unsigned::test_encode_u128,full,success,0.17581120166666667,,,,
aarch64-unknown-linux-gnu,bincode,2.0.1,varint::encode_unsigned::test_encode_u16,full,success,0.1567931796666667,,,,
aarch64-unknown-linux-gnu,bincode,2.0.1,varint::encode_unsigned::test_encode_u32,full,success,0.16414554433333337,,,,
aarch64-unknown-linux-gnu,bincode,2.0.1,varint::encode_unsigned::test_encode_u64,full,success,0.16822920833333335,,,,
aarch64-unknown-linux-gnu,bindgen,0.72.1,codegen::bitfield_unit_tests::bitfield_unit_get,full,success,0.8138020726666667,,,,
aarch64-unknown-linux-gnu,bindgen,0.72.1,codegen::bitfield_unit_tests::bitfield_unit_get_bit,full,success,0.12001916766666666,,,,
aarch64-unknown-linux-gnu,bindgen,0.72.1,codegen::bitfield_unit_tests::bitfield_unit_set,full,success,1.0497987250000003,,,,
aarch64-unknown-linux-gnu,bindgen,0.72.1,codegen::bitfield_unit_tests::bitfield_unit_set_bit,full,success,0.11343923833333334,,,,
aarch64-unknown-linux-gnu,bindgen,0.72.1,codegen::struct_layout::test_align_to,full,success,0.11304717766666668,,,,
aarch64-unknown-linux-gnu,bindgen,0.72.1,codegen::struct_layout::test_bytes_from_bits_pow2,full,success,0.11322907133333333,,,,
aarch64-unknown-linux-gnu,bindgen,0.72.1,commandline_flag_unit_test_function,full,success,0.20166703333333333,,,,
aarch64-unknown-linux-gnu,bindgen,0.72.1,deps::tests::escaping_depfile,full,success,0.13137452400000002,,,,
aarch64-unknown-linux-gnu,bindgen,0.72.1,features::test::invalid_targets,full,success,0.115744654,,,,
aarch64-unknown-linux-gnu,bindgen,0.72.1,features::test::release_versions_for_editions,full,success,0.11396690433333334,,,,
aarch64-unknown-linux-gnu,bindgen,0.72.1,features::test::target_features,full,success,0.11180148033333333,,,,
aarch64-unknown-linux-gnu,bindgen,0.72.1,features::test::valid_targets,full,success,0.11330421233333333,,,,
aarch64-unknown-linux-gnu,bindgen,0.72.1,ir::analysis::tests::monotone,full,success,0.6811520516666668,,,,
aarch64-unknown-linux-gnu,bindgen,0.72.1,ir::comment::test::picks_up_single_and_multi_line_doc_comments,full,success,0.11182688666666667,,,,
aarch64-unknown-linux-gnu,bindgen,0.72.1,ir::comment::test::processes_multi_lines_correctly,full,success,0.11938438633333333,,,,
aarch64-unknown-linux-gnu,bindgen,0.72.1,ir::comment::test::processes_single_lines_correctly,full,success,0.11438907766666667,,,,
aarch64-unknown-linux-gnu,bindgen,0.72.1,ir::layout::test_layout_for_size,full,success,0.10989910333333335,,,,
aarch64-unknown-linux-gnu,bindgen,0.72.1,ir::ty::is_invalid_type_param_empty_name,full,success,0.10947409200000001,,,,
aarch64-unknown-linux-gnu,bindgen,0.72.1,ir::ty::is_invalid_type_param_invalid_remaining,full,success,0.11077212966666666,,,,
aarch64-unknown-linux-gnu,bindgen,0.72.1,ir::ty::is_invalid_type_param_invalid_start,full,success,0.11124430833333333,,,,
aarch64-unknown-linux-gnu,bindgen,0.72.1,ir::ty::is_invalid_type_param_unnamed,full,success,0.11739597133333333,,,,
aarch64-unknown-linux-gnu,bindgen,0.72.1,ir::ty::is_invalid_type_param_valid,full,success,0.11126999966666667,,,,
aarch64-unknown-linux-gnu,bindgen,0.72.1,ir::ty::is_invalid_type_param_valid_underscore_and_numbers,full,success,0.11023867533333336,,,,
aarch64-unknown-linux-gnu,bindgen,0.72.1,ir::ty::is_invalid_type_param_valid_unnamed_kind,full,success,0.109833005,,,,
aarch64-unknown-linux-gnu,bindgen,0.72.1,test_rust_to_clang_target,full,success,0.11055490866666667,,,,
aarch64-unknown-linux-gnu,bindgen,0.72.1,test_rust_to_clang_target_espidf,full,success,0.11236369066666667,,,,
aarch64-unknown-linux-gnu,bindgen,0.72.1,test_rust_to_clang_target_riscv,full,success,0.12050036266666668,,,,
aarch64-unknown-linux-gnu,bindgen,0.72.1,test_rust_to_clang_target_simulator,full,success,0.11565269066666667,,,,
aarch64-unknown-linux-gnu,bit-set,0.10.0,tests::test_bit_set_basic,full,success,0.10984187299999999,,,,
aarch64-unknown-linux-gnu,bit-set,0.10.0,tests::test_bit_set_cmp,full,success,0.10953800566666667,,,,
aarch64-unknown-linux-gnu,bit-set,0.10.0,tests::test_bit_set_debug,full,success,0.11957949899999999,,,,
aarch64-unknown-linux-gnu,bit-set,0.10.0,tests::test_bit_set_difference,full,success,0.113936806,,,,
aarch64-unknown-linux-gnu,bit-set,0.10.0,tests::test_bit_set_difference_with,full,success,0.11108162466666667,,,,
aarch64-unknown-linux-gnu,bit-set,0.10.0,tests::test_bit_set_display,full,success,0.11050970733333336,,,,
aarch64-unknown-linux-gnu,bit-set,0.10.0,tests::test_bit_set_eq,full,success,0.11028261100000002,,,,
aarch64-unknown-linux-gnu,bit-set,0.10.0,tests::test_bit_set_from_usizes,full,success,0.110778203,,,,
aarch64-unknown-linux-gnu,bit-set,0.10.0,tests::test_bit_set_frombit_vec_init,full,success,0.11016656433333334,,,,
aarch64-unknown-linux-gnu,bit-set,0.10.0,tests::test_bit_set_intersect_with,full,success,0.11383688566666668,,,,
aarch64-unknown-linux-gnu,bit-set,0.10.0,tests::test_bit_set_intersection,full,success,0.11341008433333334,,,,
aarch64-unknown-linux-gnu,bit-set,0.10.0,tests::test_bit_set_is_disjoint,full,success,0.11047788333333335,,,,
aarch64-unknown-linux-gnu,bit-set,0.10.0,tests::test_bit_set_iterator,full,success,4.494307952333333,,,,
aarch64-unknown-linux-gnu,bit-set,0.10.0,tests::test_bit_set_shrink_to_fit,full,success,0.11931517000000001,,,,
aarch64-unknown-linux-gnu,bit-set,0.10.0,tests::test_bit_set_shrink_to_fit_new,full,success,0.11241553133333333,,,,
aarch64-unknown-linux-gnu,bit-set,0.10.0,tests::test_bit_set_subset,full,success,0.12582141633333335,,,,
aarch64-unknown-linux-gnu,bit-set,0.10.0,tests::test_bit_set_symmetric_difference,full,success,0.11538441733333334,,,,
aarch64-unknown-linux-gnu,bit-set,0.10.0,tests::test_bit_set_symmetric_difference_with,full,success,0.11719782333333334,,,,
aarch64-unknown-linux-gnu,bit-set,0.10.0,tests::test_bit_set_union,full,success,0.11596106300000002,,,,
aarch64-unknown-linux-gnu,bit-set,0.10.0,tests::test_bit_set_union_with,full,success,0.11442593133333334,,,,
aarch64-unknown-linux-gnu,bit-set,0.10.0,tests::test_bit_vec_clone,full,success,0.11849018533333333,,,,
aarch64-unknown-linux-gnu,bit-set,0.10.0,tests::test_bit_vec_masking,full,success,0.11197409333333334,,,,
aarch64-unknown-linux-gnu,bit-set,0.10.0,tests::test_bit_vec_remove,full,success,0.11645816966666667,,,,
aarch64-unknown-linux-gnu,bit-set,0.10.0,tests::test_truncate,full,success,0.12024734666666666,,,,
aarch64-unknown-linux-gnu,bit-vec,0.9.1,tests::iter,full,success,0.11019855900000002,,,,
aarch64-unknown-linux-gnu,bit-vec,0.9.1,tests::test_0_elements,full,success,0.11017918233333335,,,,
aarch64-unknown-linux-gnu,bit-vec,0.9.1,tests::test_10_elements,full,success,0.12520286433333336,,,,
aarch64-unknown-linux-gnu,bit-vec,0.9.1,tests::test_1_element,full,success,0.11249297133333334,,,,
aarch64-unknown-linux-gnu,bit-vec,0.9.1,tests::test_2_elements,full,success,0.10995562633333335,,,,
aarch64-unknown-linux-gnu,bit-vec,0.9.1,tests::test_31_elements,full,success,0.15586878333333334,,,,
aarch64-unknown-linux-gnu,bit-vec,0.9.1,tests::test_32_elements,full,success,0.144768647,,,,
aarch64-unknown-linux-gnu,bit-vec,0.9.1,tests::test_33_elements,full,success,0.16102007866666668,,,,
aarch64-unknown-linux-gnu,bit-vec,0.9.1,tests::test_big_bit_vec_tests,full,success,0.11518416666666668,,,,
aarch64-unknown-linux-gnu,bit-vec,0.9.1,tests::test_big_difference,full,success,0.11250958800000001,,,,
aarch64-unknown-linux-gnu,bit-vec,0.9.1,tests::test_big_fill,full,success,0.11249052066666666,,,,
aarch64-unknown-linux-gnu,bit-vec,0.9.1,tests::test_big_xnor,full,success,0.11444338266666669,,,,
aarch64-unknown-linux-gnu,bit-vec,0.9.1,tests::test_big_xor,full,success,0.11419126033333334,,,,
aarch64-unknown-linux-gnu,bit-vec,0.9.1,tests::test_bit_vec_append,full,success,0.14569761466666667,,,,
aarch64-unknown-linux-gnu,bit-vec,0.9.1,tests::test_bit_vec_append_aligned_to_unaligned,full,success,0.11823711466666668,,,,
aarch64-unknown-linux-gnu,bit-vec,0.9.1,tests::test_bit_vec_extend,full,success,0.11972620633333335,,,,
aarch64-unknown-linux-gnu,bit-vec,0.9.1,tests::test_bit_vec_grow,full,success,0.11635413466666668,,,,
aarch64-unknown-linux-gnu,bit-vec,0.9.1,tests::test_bit_vec_lt,full,success,0.12072734800000001,,,,
aarch64-unknown-linux-gnu,bit-vec,0.9.1,tests::test_bit_vec_push_pop,full,success,0.11410387433333334,,,,
aarch64-unknown-linux-gnu,bit-vec,0.9.1,tests::test_bit_vec_reserve,full,success,0.11262410333333334,,,,
aarch64-unknown-linux-gnu,bit-vec,0.9.1,tests::test_bit_vec_split_off,full,success,0.12975070233333333,,,,
aarch64-unknown-linux-gnu,bit-vec,0.9.1,tests::test_bit_vec_truncate,full,success,0.11248287233333333,,,,
aarch64-unknown-linux-gnu,bit-vec,0.9.1,tests::test_bit_vec_unaligned_large_append,full,success,0.134689425,,,,
aarch64-unknown-linux-gnu,bit-vec,0.9.1,tests::test_bit_vec_unaligned_small_append,full,success,0.11471285766666667,,,,
aarch64-unknown-linux-gnu,bit-vec,0.9.1,tests::test_count_ones,full,success,4.828449645333333,,,,
aarch64-unknown-linux-gnu,bit-vec,0.9.1,tests::test_count_zeros,full,success,4.834054021000001,,,,
aarch64-unknown-linux-gnu,bit-vec,0.9.1,tests::test_debug_output,full,success,0.13678901733333335,,,,
aarch64-unknown-linux-gnu,bit-vec,0.9.1,tests::test_display_output,full,success,0.11129204300000001,,,,
aarch64-unknown-linux-gnu,bit-vec,0.9.1,tests::test_equal_differing_sizes,full,success,0.10810684766666667,,,,
aarch64-unknown-linux-gnu,bit-vec,0.9.1,tests::test_equal_greatly_differing_sizes,full,success,0.10865423666666667,,,,
aarch64-unknown-linux-gnu,bit-vec,0.9.1,tests::test_equal_sneaky_big,full,success,0.14603641,,,,
aarch64-unknown-linux-gnu,bit-vec,0.9.1,tests::test_equal_sneaky_small,full,success,0.11032893466666667,,,,
aarch64-unknown-linux-gnu,bit-vec,0.9.1,tests::test_from_bools,full,success,0.11086369466666668,,,,
aarch64-unknown-linux-gnu,bit-vec,0.9.1,tests::test_from_bytes,full,success,0.11542885933333334,,,,
aarch64-unknown-linux-gnu,bit-vec,0.9.1,tests::test_get_mut,full,success,0.11059396766666667,,,,
aarch64-unknown-linux-gnu,bit-vec,0.9.1,tests::test_insert_at_block_boundaries,full,success,0.117196374,,,,
aarch64-unknown-linux-gnu,bit-vec,0.9.1,tests::test_insert_at_block_boundaries_1,full,success,0.12285449333333333,,,,
aarch64-unknown-linux-gnu,bit-vec,0.9.1,tests::test_insert_at_end,full,success,0.11309152100000001,,,,
aarch64-unknown-linux-gnu,bit-vec,0.9.1,tests::test_insert_at_zero,full,success,0.11195120233333333,,,,
aarch64-unknown-linux-gnu,bit-vec,0.9.1,tests::test_insert_remove,full,success,42.108571384,,,,
aarch64-unknown-linux-gnu,bit-vec,0.9.1,tests::test_into_iter,full,success,0.11311859133333335,,,,
aarch64-unknown-linux-gnu,bit-vec,0.9.1,tests::test_iter_mut,full,success,0.11720858500000002,,,,
aarch64-unknown-linux-gnu,bit-vec,0.9.1,tests::test_ord,full,success,0.11808728433333333,,,,
aarch64-unknown-linux-gnu,bit-vec,0.9.1,tests::test_push_within_capacity_at_brink,full,success,0.11159942533333334,,,,
aarch64-unknown-linux-gnu,bit-vec,0.9.1,tests::test_push_within_capacity_at_brink_with_mul_blocks,full,success,0.12054180766666667,,,,
aarch64-unknown-linux-gnu,bit-vec,0.9.1,tests::test_push_within_capacity_storage_push,full,success,0.11997876533333333,,,,
aarch64-unknown-linux-gnu,bit-vec,0.9.1,tests::test_push_within_capacity_with_suffice_cap,full,success,0.11148679300000001,,,,
aarch64-unknown-linux-gnu,bit-vec,0.9.1,tests::test_remove_all,full,success,0.38302964433333336,,,,
aarch64-unknown-linux-gnu,bit-vec,0.9.1,tests::test_remove_last,full,success,0.29894117600000003,,,,
aarch64-unknown-linux-gnu,bit-vec,0.9.1,tests::test_small_bit_vec_tests,full,success,0.11340293333333334,,,,
aarch64-unknown-linux-gnu,bit-vec,0.9.1,tests::test_small_difference,full,success,0.11046573100000001,,,,
aarch64-unknown-linux-gnu,bit-vec,0.9.1,tests::test_small_fill,full,success,0.11012885966666668,,,,
aarch64-unknown-linux-gnu,bit-vec,0.9.1,tests::test_small_nand,full,success,0.11006121266666667,,,,
aarch64-unknown-linux-gnu,bit-vec,0.9.1,tests::test_small_nor,full,success,0.10936599833333334,,,,
aarch64-unknown-linux-gnu,bit-vec,0.9.1,tests::test_small_xnor,full,success,0.11011542766666667,,,,
aarch64-unknown-linux-gnu,bit-vec,0.9.1,tests::test_small_xor,full,success,0.11033969566666668,,,,
aarch64-unknown-linux-gnu,bit-vec,0.9.1,tests::test_to_bools,full,success,0.12064929633333334,,,,
aarch64-unknown-linux-gnu,bit-vec,0.9.1,tests::test_to_bytes,full,success,0.11176064433333334,,,,
aarch64-unknown-linux-gnu,bumpalo,3.20.3,tests::allocated_bytes,full,success,0.10952993433333334,,,,
aarch64-unknown-linux-gnu,bumpalo,3.20.3,tests::chunk_footer_is_five_words,full,success,0.10888141466666668,,,,
aarch64-unknown-linux-gnu,bumpalo,3.20.3,tests::invalid_read,full,success,0.10899603666666667,,,,
aarch64-unknown-linux-gnu,bumpalo,3.20.3,tests::realloc_old_size_zero,full,success,0.109682709,,,,
aarch64-unknown-linux-gnu,bumpalo,3.20.3,tests::test_realloc,full,success,0.10845746766666668,,,,
aarch64-unknown-linux-gnu,byteorder,1.5.0,test::regression173_array_impl,full,success,0.10576491166666667,,,,
aarch64-unknown-linux-gnu,byteorder,1.5.0,test::slice_len_too_big_i128::read_big_endian,full,success,0.11113396933333335,,,,
aarch64-unknown-linux-gnu,byteorder,1.5.0,test::slice_len_too_big_i128::read_little_endian,full,success,0.11127858466666668,,,,
aarch64-unknown-linux-gnu,byteorder,1.5.0,test::slice_len_too_big_i128::read_native_endian,full,success,0.11149739000000002,,,,
aarch64-unknown-linux-gnu,byteorder,1.5.0,test::slice_len_too_big_i128::write_big_endian,full,success,0.11073804766666667,,,,
aarch64-unknown-linux-gnu,byteorder,1.5.0,test::slice_len_too_big_i128::write_little_endian,full,success,0.11132257933333334,,,,
aarch64-unknown-linux-gnu,byteorder,1.5.0,test::slice_len_too_big_i128::write_native_endian,full,success,0.11058773400000001,,,,
aarch64-unknown-linux-gnu,byteorder,1.5.0,test::slice_len_too_big_i16::read_big_endian,full,success,0.11173701233333333,,,,
aarch64-unknown-linux-gnu,byteorder,1.5.0,test::slice_len_too_big_i16::read_little_endian,full,success,0.11162181166666668,,,,
aarch64-unknown-linux-gnu,byteorder,1.5.0,test::slice_len_too_big_i16::read_native_endian,full,success,0.11131235066666667,,,,
aarch64-unknown-linux-gnu,byteorder,1.5.0,test::slice_len_too_big_i16::write_big_endian,full,success,0.112441939,,,,
aarch64-unknown-linux-gnu,byteorder,1.5.0,test::slice_len_too_big_i16::write_little_endian,full,success,0.111195326,,,,
aarch64-unknown-linux-gnu,byteorder,1.5.0,test::slice_len_too_big_i16::write_native_endian,full,success,0.11141257066666667,,,,
aarch64-unknown-linux-gnu,byteorder,1.5.0,test::slice_len_too_big_i32::read_big_endian,full,success,0.11092626466666668,,,,
aarch64-unknown-linux-gnu,byteorder,1.5.0,test::slice_len_too_big_i32::read_little_endian,full,success,0.11146948233333333,,,,
aarch64-unknown-linux-gnu,byteorder,1.5.0,test::slice_len_too_big_i32::read_native_endian,full,success,0.11142182,,,,
aarch64-unknown-linux-gnu,byteorder,1.5.0,test::slice_len_too_big_i32::write_big_endian,full,success,0.11185390266666669,,,,
aarch64-unknown-linux-gnu,byteorder,1.5.0,test::slice_len_too_big_i32::write_little_endian,full,success,0.11131436833333334,,,,
aarch64-unknown-linux-gnu,byteorder,1.5.0,test::slice_len_too_big_i32::write_native_endian,full,success,0.11167692400000001,,,,
aarch64-unknown-linux-gnu,byteorder,1.5.0,test::slice_len_too_big_i64::read_big_endian,full,success,0.11059484533333334,,,,
aarch64-unknown-linux-gnu,byteorder,1.5.0,test::slice_len_too_big_i64::read_little_endian,full,success,0.11175204466666668,,,,
aarch64-unknown-linux-gnu,byteorder,1.5.0,test::slice_len_too_big_i64::read_native_endian,full,success,0.11148364033333334,,,,
aarch64-unknown-linux-gnu,byteorder,1.5.0,test::slice_len_too_big_i64::write_big_endian,full,success,0.11212146733333335,,,,
aarch64-unknown-linux-gnu,byteorder,1.5.0,test::slice_len_too_big_i64::write_little_endian,full,success,0.11131065633333333,,,,
aarch64-unknown-linux-gnu,byteorder,1.5.0,test::slice_len_too_big_i64::write_native_endian,full,success,0.11094915366666667,,,,
aarch64-unknown-linux-gnu,byteorder,1.5.0,test::slice_len_too_big_u128::read_big_endian,full,success,0.111568555,,,,
aarch64-unknown-linux-gnu,byteorder,1.5.0,test::slice_len_too_big_u128::read_little_endian,full,success,0.111987833,,,,
aarch64-unknown-linux-gnu,byteorder,1.5.0,test::slice_len_too_big_u128::read_native_endian,full,success,0.11084609066666667,,,,
aarch64-unknown-linux-gnu,byteorder,1.5.0,test::slice_len_too_big_u128::write_big_endian,full,success,0.11190056366666667,,,,
aarch64-unknown-linux-gnu,byteorder,1.5.0,test::slice_len_too_big_u128::write_little_endian,full,success,0.11073715066666667,,,,
aarch64-unknown-linux-gnu,byteorder,1.5.0,test::slice_len_too_big_u128::write_native_endian,full,success,0.11207366766666667,,,,
aarch64-unknown-linux-gnu,byteorder,1.5.0,test::slice_len_too_big_u16::read_big_endian,full,success,0.11148458333333333,,,,
aarch64-unknown-linux-gnu,byteorder,1.5.0,test::slice_len_too_big_u16::read_little_endian,full,success,0.111682774,,,,
aarch64-unknown-linux-gnu,byteorder,1.5.0,test::slice_len_too_big_u16::read_native_endian,full,success,0.11103448933333333,,,,
aarch64-unknown-linux-gnu,byteorder,1.5.0,test::slice_len_too_big_u16::write_big_endian,full,success,0.11173614433333334,,,,
aarch64-unknown-linux-gnu,byteorder,1.5.0,test::slice_len_too_big_u16::write_little_endian,full,success,0.11119372500000002,,,,
aarch64-unknown-linux-gnu,byteorder,1.5.0,test::slice_len_too_big_u16::write_native_endian,full,success,0.111249188,,,,
aarch64-unknown-linux-gnu,byteorder,1.5.0,test::slice_len_too_big_u32::read_big_endian,full,success,0.11125557700000001,,,,
aarch64-unknown-linux-gnu,byteorder,1.5.0,test::slice_len_too_big_u32::read_little_endian,full,success,0.11259794699999999,,,,
aarch64-unknown-linux-gnu,byteorder,1.5.0,test::slice_len_too_big_u32::read_native_endian,full,success,0.11146458233333334,,,,
aarch64-unknown-linux-gnu,byteorder,1.5.0,test::slice_len_too_big_u32::write_big_endian,full,success,0.11135841000000002,,,,
aarch64-unknown-linux-gnu,byteorder,1.5.0,test::slice_len_too_big_u32::write_little_endian,full,success,0.11126069900000002,,,,
aarch64-unknown-linux-gnu,byteorder,1.5.0,test::slice_len_too_big_u32::write_native_endian,full,success,0.11091355833333334,,,,
aarch64-unknown-linux-gnu,byteorder,1.5.0,test::slice_len_too_big_u64::read_big_endian,full,success,0.11091701366666668,,,,
aarch64-unknown-linux-gnu,byteorder,1.5.0,test::slice_len_too_big_u64::read_little_endian,full,success,0.11088889566666667,,,,
aarch64-unknown-linux-gnu,byteorder,1.5.0,test::slice_len_too_big_u64::read_native_endian,full,success,0.11186733600000003,,,,
aarch64-unknown-linux-gnu,byteorder,1.5.0,test::slice_len_too_big_u64::write_big_endian,full,success,0.110861361,,,,
aarch64-unknown-linux-gnu,byteorder,1.5.0,test::slice_len_too_big_u64::write_little_endian,full,success,0.11130885366666667,,,,
aarch64-unknown-linux-gnu,byteorder,1.5.0,test::slice_len_too_big_u64::write_native_endian,full,success,0.11144854666666666,,,,
aarch64-unknown-linux-gnu,byteorder,1.5.0,test::slice_len_too_small_i128::read_big_endian,full,success,0.11213933333333333,,,,
aarch64-unknown-linux-gnu,byteorder,1.5.0,test::slice_len_too_small_i128::read_little_endian,full,success,0.110836425,,,,
aarch64-unknown-linux-gnu,byteorder,1.5.0,test::slice_len_too_small_i128::read_native_endian,full,success,0.11184331966666666,,,,
aarch64-unknown-linux-gnu,byteorder,1.5.0,test::slice_len_too_small_i128::write_big_endian,full,success,0.11228988866666667,,,,
aarch64-unknown-linux-gnu,byteorder,1.5.0,test::slice_len_too_small_i128::write_little_endian,full,success,0.11090831699999999,,,,
aarch64-unknown-linux-gnu,byteorder,1.5.0,test::slice_len_too_small_i128::write_native_endian,full,success,0.11176254033333333,,,,
aarch64-unknown-linux-gnu,byteorder,1.5.0,test::slice_len_too_small_i16::read_big_endian,full,success,0.11124493000000002,,,,
aarch64-unknown-linux-gnu,byteorder,1.5.0,test::slice_len_too_small_i16::read_little_endian,full,success,0.11156385666666667,,,,
aarch64-unknown-linux-gnu,byteorder,1.5.0,test::slice_len_too_small_i16::read_native_endian,full,success,0.11135327766666668,,,,
aarch64-unknown-linux-gnu,byteorder,1.5.0,test::slice_len_too_small_i16::write_big_endian,full,success,0.111877112,,,,
aarch64-unknown-linux-gnu,byteorder,1.5.0,test::slice_len_too_small_i16::write_little_endian,full,success,0.11169388633333333,,,,
aarch64-unknown-linux-gnu,byteorder,1.5.0,test::slice_len_too_small_i16::write_native_endian,full,success,0.11131420033333334,,,,
aarch64-unknown-linux-gnu,byteorder,1.5.0,test::slice_len_too_small_i32::read_big_endian,full,success,0.11147845099999999,,,,
aarch64-unknown-linux-gnu,byteorder,1.5.0,test::slice_len_too_small_i32::read_little_endian,full,success,0.11165135833333334,,,,
aarch64-unknown-linux-gnu,byteorder,1.5.0,test::slice_len_too_small_i32::read_native_endian,full,success,0.11158469300000001,,,,
aarch64-unknown-linux-gnu,byteorder,1.5.0,test::slice_len_too_small_i32::write_big_endian,full,success,0.11147031066666668,,,,
aarch64-unknown-linux-gnu,byteorder,1.5.0,test::slice_len_too_small_i32::write_little_endian,full,success,0.11122737066666667,,,,
aarch64-unknown-linux-gnu,byteorder,1.5.0,test::slice_len_too_small_i32::write_native_endian,full,success,0.11165878366666666,,,,
aarch64-unknown-linux-gnu,byteorder,1.5.0,test::slice_len_too_small_i64::read_big_endian,full,success,0.11103739800000001,,,,
aarch64-unknown-linux-gnu,byteorder,1.5.0,test::slice_len_too_small_i64::read_little_endian,full,success,0.11140077600000002,,,,
aarch64-unknown-linux-gnu,byteorder,1.5.0,test::slice_len_too_small_i64::read_native_endian,full,success,0.11142228400000002,,,,
aarch64-unknown-linux-gnu,byteorder,1.5.0,test::slice_len_too_small_i64::write_big_endian,full,success,0.11199028066666668,,,,
aarch64-unknown-linux-gnu,byteorder,1.5.0,test::slice_len_too_small_i64::write_little_endian,full,success,0.11197344966666667,,,,
aarch64-unknown-linux-gnu,byteorder,1.5.0,test::slice_len_too_small_i64::write_native_endian,full,success,0.1117150386666667,,,,
aarch64-unknown-linux-gnu,byteorder,1.5.0,test::slice_len_too_small_u128::read_big_endian,full,success,0.11180276933333334,,,,
aarch64-unknown-linux-gnu,byteorder,1.5.0,test::slice_len_too_small_u128::read_little_endian,full,success,0.11184467100000002,,,,
aarch64-unknown-linux-gnu,byteorder,1.5.0,test::slice_len_too_small_u128::read_native_endian,full,success,0.11087753333333335,,,,
aarch64-unknown-linux-gnu,byteorder,1.5.0,test::slice_len_too_small_u128::write_big_endian,full,success,0.11135953566666668,,,,
aarch64-unknown-linux-gnu,byteorder,1.5.0,test::slice_len_too_small_u128::write_little_endian,full,success,0.111521155,,,,
aarch64-unknown-linux-gnu,byteorder,1.5.0,test::slice_len_too_small_u128::write_native_endian,full,success,0.11150262266666668,,,,
aarch64-unknown-linux-gnu,byteorder,1.5.0,test::slice_len_too_small_u16::read_big_endian,full,success,0.111796767,,,,
aarch64-unknown-linux-gnu,byteorder,1.5.0,test::slice_len_too_small_u16::read_little_endian,full,success,0.11147454433333333,,,,
aarch64-unknown-linux-gnu,byteorder,1.5.0,test::slice_len_too_small_u16::read_native_endian,full,success,0.11225180033333333,,,,
aarch64-unknown-linux-gnu,byteorder,1.5.0,test::slice_len_too_small_u16::write_big_endian,full,success,0.11155773233333334,,,,
aarch64-unknown-linux-gnu,byteorder,1.5.0,test::slice_len_too_small_u16::write_little_endian,full,success,0.111788017,,,,
aarch64-unknown-linux-gnu,byteorder,1.5.0,test::slice_len_too_small_u16::write_native_endian,full,success,0.111037061,,,,
aarch64-unknown-linux-gnu,byteorder,1.5.0,test::slice_len_too_small_u32::read_big_endian,full,success,0.11207402600000001,,,,
aarch64-unknown-linux-gnu,byteorder,1.5.0,test::slice_len_too_small_u32::read_little_endian,full,success,0.11115514666666666,,,,
aarch64-unknown-linux-gnu,byteorder,1.5.0,test::slice_len_too_small_u32::read_native_endian,full,success,0.11197334399999999,,,,
aarch64-unknown-linux-gnu,byteorder,1.5.0,test::slice_len_too_small_u32::write_big_endian,full,success,0.11172778866666667,,,,
aarch64-unknown-linux-gnu,byteorder,1.5.0,test::slice_len_too_small_u32::write_little_endian,full,success,0.11254263999999999,,,,
aarch64-unknown-linux-gnu,byteorder,1.5.0,test::slice_len_too_small_u32::write_native_endian,full,success,0.11150631933333334,,,,
aarch64-unknown-linux-gnu,byteorder,1.5.0,test::slice_len_too_small_u64::read_big_endian,full,success,0.11179697633333334,,,,
aarch64-unknown-linux-gnu,byteorder,1.5.0,test::slice_len_too_small_u64::read_little_endian,full,success,0.111232014,,,,
aarch64-unknown-linux-gnu,byteorder,1.5.0,test::slice_len_too_small_u64::read_native_endian,full,success,0.11191965933333335,,,,
aarch64-unknown-linux-gnu,byteorder,1.5.0,test::slice_len_too_small_u64::write_big_endian,full,success,0.11132114166666666,,,,
aarch64-unknown-linux-gnu,byteorder,1.5.0,test::slice_len_too_small_u64::write_little_endian,full,success,0.11121325500000001,,,,
aarch64-unknown-linux-gnu,byteorder,1.5.0,test::slice_len_too_small_u64::write_native_endian,full,success,0.11159233033333334,,,,
aarch64-unknown-linux-gnu,byteorder,1.5.0,test::small_f32::read_big_endian,full,success,0.11198402866666668,,,,
aarch64-unknown-linux-gnu,byteorder,1.5.0,test::small_f32::read_little_endian,full,success,0.11091086766666668,,,,
aarch64-unknown-linux-gnu,byteorder,1.5.0,test::small_f32::read_native_endian,full,success,0.11177803100000001,,,,
aarch64-unknown-linux-gnu,byteorder,1.5.0,test::small_f32::write_big_endian,full,success,0.11172823666666666,,,,
aarch64-unknown-linux-gnu,byteorder,1.5.0,test::small_f32::write_little_endian,full,success,0.11193839166666668,,,,
aarch64-unknown-linux-gnu,byteorder,1.5.0,test::small_f32::write_native_endian,full,success,0.11089302933333334,,,,
aarch64-unknown-linux-gnu,byteorder,1.5.0,test::small_f64::read_big_endian,full,success,0.11125034500000001,,,,
aarch64-unknown-linux-gnu,byteorder,1.5.0,test::small_f64::read_little_endian,full,success,0.11153012733333334,,,,
aarch64-unknown-linux-gnu,byteorder,1.5.0,test::small_f64::read_native_endian,full,success,0.11137458500000001,,,,
aarch64-unknown-linux-gnu,byteorder,1.5.0,test::small_f64::write_big_endian,full,success,0.11200599500000001,,,,
aarch64-unknown-linux-gnu,byteorder,1.5.0,test::small_f64::write_little_endian,full,success,0.11037993433333333,,,,
aarch64-unknown-linux-gnu,byteorder,1.5.0,test::small_f64::write_native_endian,full,success,0.11182211633333335,,,,
aarch64-unknown-linux-gnu,byteorder,1.5.0,test::small_i128::read_big_endian,full,success,0.11105206700000002,,,,
aarch64-unknown-linux-gnu,byteorder,1.5.0,test::small_i128::read_little_endian,full,success,0.111927552,,,,
aarch64-unknown-linux-gnu,byteorder,1.5.0,test::small_i128::read_native_endian,full,success,0.11119868966666668,,,,
aarch64-unknown-linux-gnu,byteorder,1.5.0,test::small_i128::write_big_endian,full,success,0.11165071666666666,,,,
aarch64-unknown-linux-gnu,byteorder,1.5.0,test::small_i128::write_little_endian,full,success,0.110883459,,,,
aarch64-unknown-linux-gnu,byteorder,1.5.0,test::small_i128::write_native_endian,full,success,0.11164846566666668,,,,
aarch64-unknown-linux-gnu,byteorder,1.5.0,test::small_i16::read_big_endian,full,success,0.11083926766666667,,,,
aarch64-unknown-linux-gnu,byteorder,1.5.0,test::small_i16::read_little_endian,full,success,0.11189052033333335,,,,
aarch64-unknown-linux-gnu,byteorder,1.5.0,test::small_i16::read_native_endian,full,success,0.11092834966666666,,,,
aarch64-unknown-linux-gnu,byteorder,1.5.0,test::small_i16::write_big_endian,full,success,0.11133860733333334,,,,
aarch64-unknown-linux-gnu,byteorder,1.5.0,test::small_i16::write_little_endian,full,success,0.11100004433333334,,,,
aarch64-unknown-linux-gnu,byteorder,1.5.0,test::small_i16::write_native_endian,full,success,0.11156625500000002,,,,
aarch64-unknown-linux-gnu,byteorder,1.5.0,test::small_i32::read_big_endian,full,success,0.111033557,,,,
aarch64-unknown-linux-gnu,byteorder,1.5.0,test::small_i32::read_little_endian,full,success,0.11089014200000001,,,,
aarch64-unknown-linux-gnu,byteorder,1.5.0,test::small_i32::read_native_endian,full,success,0.11114736833333334,,,,
aarch64-unknown-linux-gnu,byteorder,1.5.0,test::small_i32::write_big_endian,full,success,0.11139014533333334,,,,
aarch64-unknown-linux-gnu,byteorder,1.5.0,test::small_i32::write_little_endian,full,success,0.11160464400000002,,,,
aarch64-unknown-linux-gnu,byteorder,1.5.0,test::small_i32::write_native_endian,full,success,0.11119614433333334,,,,
aarch64-unknown-linux-gnu,byteorder,1.5.0,test::small_i64::read_big_endian,full,success,0.11141401866666667,,,,
aarch64-unknown-linux-gnu,byteorder,1.5.0,test::small_i64::read_little_endian,full,success,0.111729362,,,,
aarch64-unknown-linux-gnu,byteorder,1.5.0,test::small_i64::read_native_endian,full,success,0.11224081033333333,,,,
aarch64-unknown-linux-gnu,byteorder,1.5.0,test::small_i64::write_big_endian,full,success,0.11090045866666669,,,,
aarch64-unknown-linux-gnu,byteorder,1.5.0,test::small_i64::write_little_endian,full,success,0.111293602,,,,
aarch64-unknown-linux-gnu,byteorder,1.5.0,test::small_i64::write_native_endian,full,success,0.11053568533333336,,,,
aarch64-unknown-linux-gnu,byteorder,1.5.0,test::small_int128_10::read_big_endian,full,success,0.10959992233333334,,,,
aarch64-unknown-linux-gnu,byteorder,1.5.0,test::small_int128_10::read_little_endian,full,success,0.10908546066666668,,,,
aarch64-unknown-linux-gnu,byteorder,1.5.0,test::small_int128_10::read_native_endian,full,success,0.11021344633333334,,,,
aarch64-unknown-linux-gnu,byteorder,1.5.0,test::small_int128_11::read_big_endian,full,success,0.110055544,,,,
aarch64-unknown-linux-gnu,byteorder,1.5.0,test::small_int128_11::read_little_endian,full,success,0.11165016500000001,,,,
aarch64-unknown-linux-gnu,byteorder,1.5.0,test::small_int128_11::read_native_endian,full,success,0.11010116266666668,,,,
aarch64-unknown-linux-gnu,byteorder,1.5.0,test::small_int128_12::read_big_endian,full,success,0.110987473,,,,
aarch64-unknown-linux-gnu,byteorder,1.5.0,test::small_int128_12::read_little_endian,full,success,0.11061823733333336,,,,
aarch64-unknown-linux-gnu,byteorder,1.5.0,test::small_int128_12::read_native_endian,full,success,0.111865173,,,,
aarch64-unknown-linux-gnu,byteorder,1.5.0,test::small_int128_13::read_big_endian,full,success,0.11048473600000001,,,,
aarch64-unknown-linux-gnu,byteorder,1.5.0,test::small_int128_13::read_little_endian,full,success,0.11088129000000001,,,,
aarch64-unknown-linux-gnu,byteorder,1.5.0,test::small_int128_13::read_native_endian,full,success,0.11069465933333335,,,,
aarch64-unknown-linux-gnu,byteorder,1.5.0,test::small_int128_14::read_big_endian,full,success,0.11138507766666667,,,,
aarch64-unknown-linux-gnu,byteorder,1.5.0,test::small_int128_14::read_little_endian,full,success,0.111106375,,,,
aarch64-unknown-linux-gnu,byteorder,1.5.0,test::small_int128_14::read_native_endian,full,success,0.11103540833333335,,,,
aarch64-unknown-linux-gnu,byteorder,1.5.0,test::small_int128_15::read_big_endian,full,success,0.11057892266666668,,,,
aarch64-unknown-linux-gnu,byteorder,1.5.0,test::small_int128_15::read_little_endian,full,success,0.11078837833333334,,,,
aarch64-unknown-linux-gnu,byteorder,1.5.0,test::small_int128_15::read_native_endian,full,success,0.11130749166666669,,,,
aarch64-unknown-linux-gnu,byteorder,1.5.0,test::small_int128_1::read_big_endian,full,success,0.11142576666666666,,,,
aarch64-unknown-linux-gnu,byteorder,1.5.0,test::small_int128_1::read_little_endian,full,success,0.11122909266666665,,,,
aarch64-unknown-linux-gnu,byteorder,1.5.0,test::small_int128_1::read_native_endian,full,success,0.110503486,,,,
aarch64-unknown-linux-gnu,byteorder,1.5.0,test::small_int128_2::read_big_endian,full,success,0.11090292933333334,,,,
aarch64-unknown-linux-gnu,byteorder,1.5.0,test::small_int128_2::read_little_endian,full,success,0.11020787100000001,,,,
aarch64-unknown-linux-gnu,byteorder,1.5.0,test::small_int128_2::read_native_endian,full,success,0.11140027400000001,,,,
aarch64-unknown-linux-gnu,byteorder,1.5.0,test::small_int128_3::read_big_endian,full,success,0.11119780133333335,,,,
aarch64-unknown-linux-gnu,byteorder,1.5.0,test::small_int128_3::read_little_endian,full,success,0.11095093133333334,,,,
aarch64-unknown-linux-gnu,byteorder,1.5.0,test::small_int128_3::read_native_endian,full,success,0.11107986433333335,,,,
aarch64-unknown-linux-gnu,byteorder,1.5.0,test::small_int128_4::read_big_endian,full,success,0.11188814533333334,,,,
aarch64-unknown-linux-gnu,byteorder,1.5.0,test::small_int128_4::read_little_endian,full,success,0.110943889,,,,
aarch64-unknown-linux-gnu,byteorder,1.5.0,test::small_int128_4::read_native_endian,full,success,0.110954491,,,,
aarch64-unknown-linux-gnu,byteorder,1.5.0,test::small_int128_5::read_big_endian,full,success,0.11113372766666667,,,,
aarch64-unknown-linux-gnu,byteorder,1.5.0,test::small_int128_5::read_little_endian,full,success,0.11091038733333335,,,,
aarch64-unknown-linux-gnu,byteorder,1.5.0,test::small_int128_5::read_native_endian,full,success,0.11067600966666669,,,,
aarch64-unknown-linux-gnu,byteorder,1.5.0,test::small_int128_6::read_big_endian,full,success,0.11093164066666666,,,,
aarch64-unknown-linux-gnu,byteorder,1.5.0,test::small_int128_6::read_little_endian,full,success,0.11112775400000001,,,,
aarch64-unknown-linux-gnu,byteorder,1.5.0,test::small_int128_6::read_native_endian,full,success,0.11077149633333334,,,,
aarch64-unknown-linux-gnu,byteorder,1.5.0,test::small_int128_7::read_big_endian,full,success,0.11115752766666669,,,,
aarch64-unknown-linux-gnu,byteorder,1.5.0,test::small_int128_7::read_little_endian,full,success,0.11057163333333335,,,,
aarch64-unknown-linux-gnu,byteorder,1.5.0,test::small_int128_7::read_native_endian,full,success,0.11100457500000001,,,,
aarch64-unknown-linux-gnu,byteorder,1.5.0,test::small_int128_8::read_big_endian,full,success,0.11059723733333333,,,,
aarch64-unknown-linux-gnu,byteorder,1.5.0,test::small_int128_8::read_little_endian,full,success,0.11125955066666667,,,,
aarch64-unknown-linux-gnu,byteorder,1.5.0,test::small_int128_8::read_native_endian,full,success,0.11095582833333333,,,,
aarch64-unknown-linux-gnu,byteorder,1.5.0,test::small_int128_9::read_big_endian,full,success,0.11215641466666666,,,,
aarch64-unknown-linux-gnu,byteorder,1.5.0,test::small_int128_9::read_little_endian,full,success,0.11006220966666667,,,,
aarch64-unknown-linux-gnu,byteorder,1.5.0,test::small_int128_9::read_native_endian,full,success,0.11116466833333334,,,,
aarch64-unknown-linux-gnu,byteorder,1.5.0,test::small_int_1::read_big_endian,full,success,0.11101658466666668,,,,
aarch64-unknown-linux-gnu,byteorder,1.5.0,test::small_int_1::read_little_endian,full,success,0.11184713800000001,,,,
aarch64-unknown-linux-gnu,byteorder,1.5.0,test::small_int_1::read_native_endian,full,success,0.111105843,,,,
aarch64-unknown-linux-gnu,byteorder,1.5.0,test::small_int_2::read_big_endian,full,success,0.11157903500000001,,,,
aarch64-unknown-linux-gnu,byteorder,1.5.0,test::small_int_2::read_little_endian,full,success,0.110697754,,,,
aarch64-unknown-linux-gnu,byteorder,1.5.0,test::small_int_2::read_native_endian,full,success,0.11088127566666667,,,,
aarch64-unknown-linux-gnu,byteorder,1.5.0,test::small_int_3::read_big_endian,full,success,0.11088924300000001,,,,
aarch64-unknown-linux-gnu,byteorder,1.5.0,test::small_int_3::read_little_endian,full,success,0.11135334933333334,,,,
aarch64-unknown-linux-gnu,byteorder,1.5.0,test::small_int_3::read_native_endian,full,success,0.11122520300000001,,,,
aarch64-unknown-linux-gnu,byteorder,1.5.0,test::small_int_4::read_big_endian,full,success,0.11132063400000002,,,,
aarch64-unknown-linux-gnu,byteorder,1.5.0,test::small_int_4::read_little_endian,full,success,0.11179282533333333,,,,
aarch64-unknown-linux-gnu,byteorder,1.5.0,test::small_int_4::read_native_endian,full,success,0.11118318966666667,,,,
aarch64-unknown-linux-gnu,byteorder,1.5.0,test::small_int_5::read_big_endian,full,success,0.11124904166666667,,,,
aarch64-unknown-linux-gnu,byteorder,1.5.0,test::small_int_5::read_little_endian,full,success,0.11152641566666667,,,,
aarch64-unknown-linux-gnu,byteorder,1.5.0,test::small_int_5::read_native_endian,full,success,0.111047409,,,,
aarch64-unknown-linux-gnu,byteorder,1.5.0,test::small_int_6::read_big_endian,full,success,0.11030162266666667,,,,
aarch64-unknown-linux-gnu,byteorder,1.5.0,test::small_int_6::read_little_endian,full,success,0.11139013066666668,,,,
aarch64-unknown-linux-gnu,byteorder,1.5.0,test::small_int_6::read_native_endian,full,success,0.11050143366666669,,,,
aarch64-unknown-linux-gnu,byteorder,1.5.0,test::small_int_7::read_big_endian,full,success,0.111373966,,,,
aarch64-unknown-linux-gnu,byteorder,1.5.0,test::small_int_7::read_little_endian,full,success,0.11120322333333332,,,,
aarch64-unknown-linux-gnu,byteorder,1.5.0,test::small_int_7::read_native_endian,full,success,0.11191777700000001,,,,
aarch64-unknown-linux-gnu,byteorder,1.5.0,test::small_u128::read_big_endian,full,success,0.11129334000000002,,,,
aarch64-unknown-linux-gnu,byteorder,1.5.0,test::small_u128::read_little_endian,full,success,0.11182444633333334,,,,
aarch64-unknown-linux-gnu,byteorder,1.5.0,test::small_u128::read_native_endian,full,success,0.11209722666666667,,,,
aarch64-unknown-linux-gnu,byteorder,1.5.0,test::small_u128::write_big_endian,full,success,0.11185921733333333,,,,
aarch64-unknown-linux-gnu,byteorder,1.5.0,test::small_u128::write_little_endian,full,success,0.11144986466666668,,,,
aarch64-unknown-linux-gnu,byteorder,1.5.0,test::small_u128::write_native_endian,full,success,0.11175673100000001,,,,
aarch64-unknown-linux-gnu,byteorder,1.5.0,test::small_u16::read_big_endian,full,success,0.11121446366666667,,,,
aarch64-unknown-linux-gnu,byteorder,1.5.0,test::small_u16::read_little_endian,full,success,0.11116671433333332,,,,
aarch64-unknown-linux-gnu,byteorder,1.5.0,test::small_u16::read_native_endian,full,success,0.11116082133333334,,,,
aarch64-unknown-linux-gnu,byteorder,1.5.0,test::small_u16::write_big_endian,full,success,0.11174072366666667,,,,
aarch64-unknown-linux-gnu,byteorder,1.5.0,test::small_u16::write_little_endian,full,success,0.11090908233333334,,,,
aarch64-unknown-linux-gnu,byteorder,1.5.0,test::small_u16::write_native_endian,full,success,0.112300633,,,,
aarch64-unknown-linux-gnu,byteorder,1.5.0,test::small_u32::read_big_endian,full,success,0.11208469133333333,,,,
aarch64-unknown-linux-gnu,byteorder,1.5.0,test::small_u32::read_little_endian,full,success,0.11150324766666668,,,,
aarch64-unknown-linux-gnu,byteorder,1.5.0,test::small_u32::read_native_endian,full,success,0.11210235966666666,,,,
aarch64-unknown-linux-gnu,byteorder,1.5.0,test::small_u32::write_big_endian,full,success,0.11082532266666667,,,,
aarch64-unknown-linux-gnu,byteorder,1.5.0,test::small_u32::write_little_endian,full,success,0.11234485666666667,,,,
aarch64-unknown-linux-gnu,byteorder,1.5.0,test::small_u32::write_native_endian,full,success,0.11148941000000001,,,,
aarch64-unknown-linux-gnu,byteorder,1.5.0,test::small_u64::read_big_endian,full,success,0.11188741966666667,,,,
aarch64-unknown-linux-gnu,byteorder,1.5.0,test::small_u64::read_little_endian,full,success,0.11129503266666667,,,,
aarch64-unknown-linux-gnu,byteorder,1.5.0,test::small_u64::read_native_endian,full,success,0.11137201733333334,,,,
aarch64-unknown-linux-gnu,byteorder,1.5.0,test::small_u64::write_big_endian,full,success,0.11120968633333334,,,,
aarch64-unknown-linux-gnu,byteorder,1.5.0,test::small_u64::write_little_endian,full,success,0.11167559066666667,,,,
aarch64-unknown-linux-gnu,byteorder,1.5.0,test::small_u64::write_native_endian,full,success,0.112105481,,,,
aarch64-unknown-linux-gnu,byteorder,1.5.0,test::small_uint128_10::read_big_endian,full,success,0.11096890666666666,,,,
aarch64-unknown-linux-gnu,byteorder,1.5.0,test::small_uint128_10::read_little_endian,full,success,0.11084522933333334,,,,
aarch64-unknown-linux-gnu,byteorder,1.5.0,test::small_uint128_10::read_native_endian,full,success,0.111550046,,,,
aarch64-unknown-linux-gnu,byteorder,1.5.0,test::small_uint128_11::read_big_endian,full,success,0.11089047966666667,,,,
aarch64-unknown-linux-gnu,byteorder,1.5.0,test::small_uint128_11::read_little_endian,full,success,0.111108954,,,,
aarch64-unknown-linux-gnu,byteorder,1.5.0,test::small_uint128_11::read_native_endian,full,success,0.11101437333333335,,,,
aarch64-unknown-linux-gnu,byteorder,1.5.0,test::small_uint128_12::read_big_endian,full,success,0.11085342066666666,,,,
aarch64-unknown-linux-gnu,byteorder,1.5.0,test::small_uint128_12::read_little_endian,full,success,0.11075000333333333,,,,
aarch64-unknown-linux-gnu,byteorder,1.5.0,test::small_uint128_12::read_native_endian,full,success,0.110772615,,,,
aarch64-unknown-linux-gnu,byteorder,1.5.0,test::small_uint128_13::read_big_endian,full,success,0.11108632333333333,,,,
aarch64-unknown-linux-gnu,byteorder,1.5.0,test::small_uint128_13::read_little_endian,full,success,0.11103206533333336,,,,
aarch64-unknown-linux-gnu,byteorder,1.5.0,test::small_uint128_13::read_native_endian,full,success,0.11124226766666667,,,,
aarch64-unknown-linux-gnu,byteorder,1.5.0,test::small_uint128_14::read_big_endian,full,success,0.11063588466666667,,,,
aarch64-unknown-linux-gnu,byteorder,1.5.0,test::small_uint128_14::read_little_endian,full,success,0.11088054166666667,,,,
aarch64-unknown-linux-gnu,byteorder,1.5.0,test::small_uint128_14::read_native_endian,full,success,0.11029173833333335,,,,
aarch64-unknown-linux-gnu,byteorder,1.5.0,test::small_uint128_15::read_big_endian,full,success,0.11119696133333334,,,,
aarch64-unknown-linux-gnu,byteorder,1.5.0,test::small_uint128_15::read_little_endian,full,success,0.11000987133333334,,,,
aarch64-unknown-linux-gnu,byteorder,1.5.0,test::small_uint128_15::read_native_endian,full,success,0.11078638166666667,,,,
aarch64-unknown-linux-gnu,byteorder,1.5.0,test::small_uint128_1::read_big_endian,full,success,0.11101262100000002,,,,
aarch64-unknown-linux-gnu,byteorder,1.5.0,test::small_uint128_1::read_little_endian,full,success,0.110947452,,,,
aarch64-unknown-linux-gnu,byteorder,1.5.0,test::small_uint128_1::read_native_endian,full,success,0.110343757,,,,
aarch64-unknown-linux-gnu,byteorder,1.5.0,test::small_uint128_2::read_big_endian,full,success,0.11135216233333334,,,,
aarch64-unknown-linux-gnu,byteorder,1.5.0,test::small_uint128_2::read_little_endian,full,success,0.11041740766666668,,,,
aarch64-unknown-linux-gnu,byteorder,1.5.0,test::small_uint128_2::read_native_endian,full,success,0.11113716533333334,,,,
aarch64-unknown-linux-gnu,byteorder,1.5.0,test::small_uint128_3::read_big_endian,full,success,0.11139011700000001,,,,
aarch64-unknown-linux-gnu,byteorder,1.5.0,test::small_uint128_3::read_little_endian,full,success,0.11068169533333334,,,,
aarch64-unknown-linux-gnu,byteorder,1.5.0,test::small_uint128_3::read_native_endian,full,success,0.11047167633333334,,,,
aarch64-unknown-linux-gnu,byteorder,1.5.0,test::small_uint128_4::read_big_endian,full,success,0.11157623566666668,,,,
aarch64-unknown-linux-gnu,byteorder,1.5.0,test::small_uint128_4::read_little_endian,full,success,0.110952173,,,,
aarch64-unknown-linux-gnu,byteorder,1.5.0,test::small_uint128_4::read_native_endian,full,success,0.110786386,,,,
aarch64-unknown-linux-gnu,byteorder,1.5.0,test::small_uint128_5::read_big_endian,full,success,0.11165268400000002,,,,
aarch64-unknown-linux-gnu,byteorder,1.5.0,test::small_uint128_5::read_little_endian,full,success,0.11099039766666667,,,,
aarch64-unknown-linux-gnu,byteorder,1.5.0,test::small_uint128_5::read_native_endian,full,success,0.11176758366666667,,,,
aarch64-unknown-linux-gnu,byteorder,1.5.0,test::small_uint128_6::read_big_endian,full,success,0.11114010066666667,,,,
aarch64-unknown-linux-gnu,byteorder,1.5.0,test::small_uint128_6::read_little_endian,full,success,0.11123864066666668,,,,
aarch64-unknown-linux-gnu,byteorder,1.5.0,test::small_uint128_6::read_native_endian,full,success,0.11081115000000001,,,,
aarch64-unknown-linux-gnu,byteorder,1.5.0,test::small_uint128_7::read_big_endian,full,success,0.11182048700000001,,,,
aarch64-unknown-linux-gnu,byteorder,1.5.0,test::small_uint128_7::read_little_endian,full,success,0.11059963033333335,,,,
aarch64-unknown-linux-gnu,byteorder,1.5.0,test::small_uint128_7::read_native_endian,full,success,0.11092196500000001,,,,
aarch64-unknown-linux-gnu,byteorder,1.5.0,test::small_uint128_8::read_big_endian,full,success,0.110850742,,,,
aarch64-unknown-linux-gnu,byteorder,1.5.0,test::small_uint128_8::read_little_endian,full,success,0.11080481466666668,,,,
aarch64-unknown-linux-gnu,byteorder,1.5.0,test::small_uint128_8::read_native_endian,full,success,0.11145107033333333,,,,
aarch64-unknown-linux-gnu,byteorder,1.5.0,test::small_uint128_9::read_big_endian,full,success,0.111846176,,,,
aarch64-unknown-linux-gnu,byteorder,1.5.0,test::small_uint128_9::read_little_endian,full,success,0.11154578500000001,,,,
aarch64-unknown-linux-gnu,byteorder,1.5.0,test::small_uint128_9::read_native_endian,full,success,0.11172135400000001,,,,
aarch64-unknown-linux-gnu,byteorder,1.5.0,test::small_uint_1::read_big_endian,full,success,0.11064976633333334,,,,
aarch64-unknown-linux-gnu,byteorder,1.5.0,test::small_uint_1::read_little_endian,full,success,0.11160992433333335,,,,
aarch64-unknown-linux-gnu,byteorder,1.5.0,test::small_uint_1::read_native_endian,full,success,0.111898071,,,,
aarch64-unknown-linux-gnu,byteorder,1.5.0,test::small_uint_2::read_big_endian,full,success,0.110809999,,,,
aarch64-unknown-linux-gnu,byteorder,1.5.0,test::small_uint_2::read_little_endian,full,success,0.111247816,,,,
aarch64-unknown-linux-gnu,byteorder,1.5.0,test::small_uint_2::read_native_endian,full,success,0.111493889,,,,
aarch64-unknown-linux-gnu,byteorder,1.5.0,test::small_uint_3::read_big_endian,full,success,0.111524876,,,,
aarch64-unknown-linux-gnu,byteorder,1.5.0,test::small_uint_3::read_little_endian,full,success,0.11008141566666667,,,,
aarch64-unknown-linux-gnu,byteorder,1.5.0,test::small_uint_3::read_native_endian,full,success,0.11094713433333335,,,,
aarch64-unknown-linux-gnu,byteorder,1.5.0,test::small_uint_4::read_big_endian,full,success,0.110347372,,,,
aarch64-unknown-linux-gnu,byteorder,1.5.0,test::small_uint_4::read_little_endian,full,success,0.11164308700000002,,,,
aarch64-unknown-linux-gnu,byteorder,1.5.0,test::small_uint_4::read_native_endian,full,success,0.11096337833333335,,,,
aarch64-unknown-linux-gnu,byteorder,1.5.0,test::small_uint_5::read_big_endian,full,success,0.11104321100000002,,,,
aarch64-unknown-linux-gnu,byteorder,1.5.0,test::small_uint_5::read_little_endian,full,success,0.11050967133333334,,,,
aarch64-unknown-linux-gnu,byteorder,1.5.0,test::small_uint_5::read_native_endian,full,success,0.11159754366666667,,,,
aarch64-unknown-linux-gnu,byteorder,1.5.0,test::small_uint_6::read_big_endian,full,success,0.11137794966666668,,,,
aarch64-unknown-linux-gnu,byteorder,1.5.0,test::small_uint_6::read_little_endian,full,success,0.11145624466666666,,,,
aarch64-unknown-linux-gnu,byteorder,1.5.0,test::small_uint_6::read_native_endian,full,success,0.11144284266666667,,,,
aarch64-unknown-linux-gnu,byteorder,1.5.0,test::small_uint_7::read_big_endian,full,success,0.11126823500000001,,,,
aarch64-unknown-linux-gnu,byteorder,1.5.0,test::small_uint_7::read_little_endian,full,success,0.11049791266666666,,,,
aarch64-unknown-linux-gnu,byteorder,1.5.0,test::small_uint_7::read_native_endian,full,success,0.11133942566666667,,,,
aarch64-unknown-linux-gnu,byteorder,1.5.0,test::uint_bigger_buffer,full,success,0.10508519866666667,,,,
aarch64-unknown-linux-gnu,bytes,1.11.1,bytes_mut::tests::test_original_capacity_from_repr,full,success,0.10495331566666666,,,,
aarch64-unknown-linux-gnu,bytes,1.11.1,bytes_mut::tests::test_original_capacity_to_repr,full,success,0.10610413566666667,,,,
aarch64-unknown-linux-gnu,camino,1.2.2,tests::test_borrowed_into,full,success,0.11060445200000002,,,,
aarch64-unknown-linux-gnu,camino,1.2.2,tests::test_deref_mut,full,success,0.10874651200000002,,,,
aarch64-unknown-linux-gnu,camino,1.2.2,tests::test_owned_into,full,success,0.11096383033333335,,,,
aarch64-unknown-linux-gnu,cc,1.2.63,flags::tests::all_rustc_flags,full,success,1.043244058,,,,
aarch64-unknown-linux-gnu,cc,1.2.63,flags::tests::codegen_type,full,success,0.10954141499999999,,,,
aarch64-unknown-linux-gnu,cc,1.2.63,flags::tests::precedence,full,success,0.10750332833333336,,,,
aarch64-unknown-linux-gnu,cc,1.2.63,flags::tests::stack_protector,full,success,0.10774127233333335,,,,
aarch64-unknown-linux-gnu,cc,1.2.63,flags::tests::three_valid_prefixes,full,success,0.10702520600000003,,,,
aarch64-unknown-linux-gnu,cc,1.2.63,flags::tests::two_valid_prefixes,full,success,0.10582329200000001,,,,
aarch64-unknown-linux-gnu,cc,1.2.63,target::llvm::tests::basic_llvm_triple_guessing,full,success,0.11238552200000002,,,,
aarch64-unknown-linux-gnu,cc,1.2.63,target::llvm::tests::llvm_version,full,success,0.109009588,,,,
aarch64-unknown-linux-gnu,cc,1.2.63,target::llvm::tests::test_old_ios_target,full,success,0.10613020266666666,,,,
aarch64-unknown-linux-gnu,cc,1.2.63,target::llvm::tests::uefi,full,success,0.10691227366666667,,,,
aarch64-unknown-linux-gnu,cc,1.2.63,target::parser::tests::parse_extra,full,success,0.12857511266666669,,,,
aarch64-unknown-linux-gnu,cc,1.2.63,target::parser::tests::parses_apple_envs_correctly,full,success,0.10839072933333334,,,,
aarch64-unknown-linux-gnu,cc,1.2.63,target::parser::tests::tier1,full,success,0.11562411866666666,,,,
aarch64-unknown-linux-gnu,cc,1.2.63,target::parser::tests::unknown_env_determined_as_unknown,full,success,0.10672136666666666,,,,
aarch64-unknown-linux-gnu,cc,1.2.63,tests::test_android_clang_compiler_uses_target_arg_internally,full,success,0.12601814433333333,,,,
aarch64-unknown-linux-gnu,colored,3.1.1,color::tests::closest_euclidean::almost_black,full,success,0.10701214533333335,,,,
aarch64-unknown-linux-gnu,colored,3.1.1,color::tests::closest_euclidean::almost_blue,full,success,0.10719795833333334,,,,
aarch64-unknown-linux-gnu,colored,3.1.1,color::tests::closest_euclidean::almost_cyan,full,success,0.10766821033333333,,,,
aarch64-unknown-linux-gnu,colored,3.1.1,color::tests::closest_euclidean::almost_green,full,success,0.10695505833333334,,,,
aarch64-unknown-linux-gnu,colored,3.1.1,color::tests::closest_euclidean::almost_magenta,full,success,0.10826179600000001,,,,
aarch64-unknown-linux-gnu,colored,3.1.1,color::tests::closest_euclidean::almost_red,full,success,0.10646192,,,,
aarch64-unknown-linux-gnu,colored,3.1.1,color::tests::closest_euclidean::almost_white,full,success,0.10723261500000002,,,,
aarch64-unknown-linux-gnu,colored,3.1.1,color::tests::closest_euclidean::almost_yellow,full,success,0.10709541,,,,
aarch64-unknown-linux-gnu,colored,3.1.1,color::tests::closest_euclidean::exact_black,full,success,0.10789426633333334,,,,
aarch64-unknown-linux-gnu,colored,3.1.1,color::tests::closest_euclidean::exact_blue,full,success,0.10681998366666667,,,,
aarch64-unknown-linux-gnu,colored,3.1.1,color::tests::closest_euclidean::exact_cyan,full,success,0.10746377433333336,,,,
aarch64-unknown-linux-gnu,colored,3.1.1,color::tests::closest_euclidean::exact_green,full,success,0.10691005833333334,,,,
aarch64-unknown-linux-gnu,colored,3.1.1,color::tests::closest_euclidean::exact_magenta,full,success,0.10711900066666667,,,,
aarch64-unknown-linux-gnu,colored,3.1.1,color::tests::closest_euclidean::exact_red,full,success,0.10760333666666667,,,,
aarch64-unknown-linux-gnu,colored,3.1.1,color::tests::closest_euclidean::exact_white,full,success,0.10783253533333333,,,,
aarch64-unknown-linux-gnu,colored,3.1.1,color::tests::closest_euclidean::exact_yellow,full,success,0.10694850566666668,,,,
aarch64-unknown-linux-gnu,colored,3.1.1,color::tests::from_str::black,full,success,0.106326098,,,,
aarch64-unknown-linux-gnu,colored,3.1.1,color::tests::from_str::blue,full,success,0.10691159033333335,,,,
aarch64-unknown-linux-gnu,colored,3.1.1,color::tests::from_str::brightblack,full,success,0.10701241099999999,,,,
aarch64-unknown-linux-gnu,colored,3.1.1,color::tests::from_str::brightblue,full,success,0.107428173,,,,
aarch64-unknown-linux-gnu,colored,3.1.1,color::tests::from_str::brightcyan,full,success,0.10708959066666668,,,,
aarch64-unknown-linux-gnu,colored,3.1.1,color::tests::from_str::brightgreen,full,success,0.10717338566666668,,,,
aarch64-unknown-linux-gnu,colored,3.1.1,color::tests::from_str::brightmagenta,full,success,0.10635021633333334,,,,
aarch64-unknown-linux-gnu,colored,3.1.1,color::tests::from_str::brightred,full,success,0.10744160966666667,,,,
aarch64-unknown-linux-gnu,colored,3.1.1,color::tests::from_str::brightwhite,full,success,0.10825875533333335,,,,
aarch64-unknown-linux-gnu,colored,3.1.1,color::tests::from_str::brightyellow,full,success,0.10841898266666668,,,,
aarch64-unknown-linux-gnu,colored,3.1.1,color::tests::from_str::capitalized,full,success,0.10748014333333333,,,,
aarch64-unknown-linux-gnu,colored,3.1.1,color::tests::from_str::cyan,full,success,0.106754291,,,,
aarch64-unknown-linux-gnu,colored,3.1.1,color::tests::from_str::green,full,success,0.10733947166666669,,,,
aarch64-unknown-linux-gnu,colored,3.1.1,color::tests::from_str::hex3_lower,full,success,0.10856306766666668,,,,
aarch64-unknown-linux-gnu,colored,3.1.1,color::tests::from_str::hex3_mixed,full,success,0.10944416933333334,,,,
aarch64-unknown-linux-gnu,colored,3.1.1,color::tests::from_str::hex3_upper,full,success,0.10776350633333333,,,,
aarch64-unknown-linux-gnu,colored,3.1.1,color::tests::from_str::hex6_lower,full,success,0.10735944200000001,,,,
aarch64-unknown-linux-gnu,colored,3.1.1,color::tests::from_str::hex6_mixed,full,success,0.10684572366666667,,,,
aarch64-unknown-linux-gnu,colored,3.1.1,color::tests::from_str::hex6_upper,full,success,0.10751249966666666,,,,
aarch64-unknown-linux-gnu,colored,3.1.1,color::tests::from_str::hex_invalid,full,success,0.10763068966666667,,,,
aarch64-unknown-linux-gnu,colored,3.1.1,color::tests::from_str::hex_too_long,full,success,0.108503062,,,,
aarch64-unknown-linux-gnu,colored,3.1.1,color::tests::from_str::hex_too_short,full,success,0.10837805333333334,,,,
aarch64-unknown-linux-gnu,colored,3.1.1,color::tests::from_str::invalid,full,success,0.10746423866666667,,,,
aarch64-unknown-linux-gnu,colored,3.1.1,color::tests::from_str::magenta,full,success,0.10662972300000001,,,,
aarch64-unknown-linux-gnu,colored,3.1.1,color::tests::from_str::mixed_case,full,success,0.10669389033333333,,,,
aarch64-unknown-linux-gnu,colored,3.1.1,color::tests::from_str::purple,full,success,0.10738485400000002,,,,
aarch64-unknown-linux-gnu,colored,3.1.1,color::tests::from_str::red,full,success,0.10728913166666669,,,,
aarch64-unknown-linux-gnu,colored,3.1.1,color::tests::from_str::white,full,success,0.10762224233333334,,,,
aarch64-unknown-linux-gnu,colored,3.1.1,color::tests::from_str::yellow,full,success,0.10754258633333334,,,,
aarch64-unknown-linux-gnu,colored,3.1.1,color::tests::from_string::black,full,success,0.10699694966666667,,,,
aarch64-unknown-linux-gnu,colored,3.1.1,color::tests::from_string::blue,full,success,0.10661050033333334,,,,
aarch64-unknown-linux-gnu,colored,3.1.1,color::tests::from_string::brightblack,full,success,0.10693715033333334,,,,
aarch64-unknown-linux-gnu,colored,3.1.1,color::tests::from_string::brightblue,full,success,0.10752554166666668,,,,
aarch64-unknown-linux-gnu,colored,3.1.1,color::tests::from_string::brightcyan,full,success,0.108522687,,,,
aarch64-unknown-linux-gnu,colored,3.1.1,color::tests::from_string::brightgreen,full,success,0.10738536033333335,,,,
aarch64-unknown-linux-gnu,colored,3.1.1,color::tests::from_string::brightmagenta,full,success,0.10760764833333335,,,,
aarch64-unknown-linux-gnu,colored,3.1.1,color::tests::from_string::brightred,full,success,0.10784591433333335,,,,
aarch64-unknown-linux-gnu,colored,3.1.1,color::tests::from_string::brightwhite,full,success,0.10651468200000001,,,,
aarch64-unknown-linux-gnu,colored,3.1.1,color::tests::from_string::brightyellow,full,success,0.10722183433333334,,,,
aarch64-unknown-linux-gnu,colored,3.1.1,color::tests::from_string::capitalized,full,success,0.107930965,,,,
aarch64-unknown-linux-gnu,colored,3.1.1,color::tests::from_string::cyan,full,success,0.10740154633333333,,,,
aarch64-unknown-linux-gnu,colored,3.1.1,color::tests::from_string::green,full,success,0.10731575700000001,,,,
aarch64-unknown-linux-gnu,colored,3.1.1,color::tests::from_string::hex3_lower,full,success,0.10764370233333335,,,,
aarch64-unknown-linux-gnu,colored,3.1.1,color::tests::from_string::hex3_mixed,full,success,0.11561769300000001,,,,
aarch64-unknown-linux-gnu,colored,3.1.1,color::tests::from_string::hex3_upper,full,success,0.11583073666666667,,,,
aarch64-unknown-linux-gnu,colored,3.1.1,color::tests::from_string::hex6_lower,full,success,0.11437131166666668,,,,
aarch64-unknown-linux-gnu,colored,3.1.1,color::tests::from_string::hex6_mixed,full,success,0.107656755,,,,
aarch64-unknown-linux-gnu,colored,3.1.1,color::tests::from_string::hex6_upper,full,success,0.10704638866666667,,,,
aarch64-unknown-linux-gnu,colored,3.1.1,color::tests::from_string::hex_invalid,full,success,0.10845461633333335,,,,
aarch64-unknown-linux-gnu,colored,3.1.1,color::tests::from_string::hex_too_long,full,success,0.10801491866666668,,,,
aarch64-unknown-linux-gnu,colored,3.1.1,color::tests::from_string::hex_too_short,full,success,0.10779671566666667,,,,
aarch64-unknown-linux-gnu,colored,3.1.1,color::tests::from_string::invalid,full,success,0.10709933366666669,,,,
aarch64-unknown-linux-gnu,colored,3.1.1,color::tests::from_string::magenta,full,success,0.10723742900000001,,,,
aarch64-unknown-linux-gnu,colored,3.1.1,color::tests::from_string::mixed_case,full,success,0.10743119366666669,,,,
aarch64-unknown-linux-gnu,colored,3.1.1,color::tests::from_string::red,full,success,0.10721904900000001,,,,
aarch64-unknown-linux-gnu,colored,3.1.1,color::tests::from_string::white,full,success,0.10766555800000001,,,,
aarch64-unknown-linux-gnu,colored,3.1.1,color::tests::from_string::yellow,full,success,0.10658076466666667,,,,
aarch64-unknown-linux-gnu,colored,3.1.1,color::tests::fromstr::error,full,success,0.10796410833333335,,,,
aarch64-unknown-linux-gnu,colored,3.1.1,color::tests::fromstr::parse,full,success,0.107353857,,,,
aarch64-unknown-linux-gnu,colored,3.1.1,control::specs::clicolor_behavior,full,success,0.42830072133333336,,,,
aarch64-unknown-linux-gnu,colored,3.1.1,customcolors::tests::from_tuple,full,success,0.10793288900000002,,,,
aarch64-unknown-linux-gnu,colored,3.1.1,customcolors::tests::main,full,test_failed,,snapshot assertion for 'main' failed in line 34,insta-1.46.1/src/runtime.rs:719:13,https://github.com/BorrowSanitizer/bsan/actions/runs/37491061334/job/112367570389,"thread 'customcolors::tests::main' (2682) panicked at /root/.cargo/registry/src/index.crates.io-1949cf8c6b5b557f/insta-1.46.1/src/runtime.rs:719:13:
snapshot assertion for 'main' failed in line 34
note: run with `RUST_BACKTRACE=1` environment variable to display a backtrace
test customcolors::tests::main ... FAILED

failures:

failures:
    customcolors::tests::main

test result: FAILED. 0 passed; 1 failed; 0 ignored; 0 measured; 127 filtered out; finished in 62.39s
"
aarch64-unknown-linux-gnu,colored,3.1.1,style::tests::style_bitwise_logic::assign_ops,full,success,0.10485743900000001,,,,
aarch64-unknown-linux-gnu,colored,3.1.1,style::tests::style_bitwise_logic::assign_ops_with_styles,full,success,0.10686863633333334,,,,
aarch64-unknown-linux-gnu,colored,3.1.1,style::tests::style_bitwise_logic::binops,full,success,0.10561373033333334,,,,
aarch64-unknown-linux-gnu,colored,3.1.1,style::tests::style_bitwise_logic::binops_with_styles,full,success,0.107364794,,,,
aarch64-unknown-linux-gnu,colored,3.1.1,style::tests::style_bitwise_logic::not,full,success,0.10665690800000001,,,,
aarch64-unknown-linux-gnu,colored,3.1.1,style::tests::style_bitwise_logic::styles_binops,full,success,0.10659365733333333,,,,
aarch64-unknown-linux-gnu,colored,3.1.1,style::tests::style_bitwise_logic::styles_not,full,success,0.106175462,,,,
aarch64-unknown-linux-gnu,colored,3.1.1,style::tests::styles_combine_complex::aggreg1,full,success,0.10742520766666667,,,,
aarch64-unknown-linux-gnu,colored,3.1.1,style::tests::styles_combine_complex::aggreg2,full,success,0.10847591866666667,,,,
aarch64-unknown-linux-gnu,colored,3.1.1,style::tests::styles_combine_complex::aggreg3,full,success,0.10756589566666667,,,,
aarch64-unknown-linux-gnu,colored,3.1.1,style::tests::styles_combine_complex::all,full,success,0.10910913366666668,,,,
aarch64-unknown-linux-gnu,colored,3.1.1,style::tests::styles_combine_complex::five,full,success,0.11104846566666667,,,,
aarch64-unknown-linux-gnu,colored,3.1.1,style::tests::styles_combine_complex::four,full,success,0.10683720633333334,,,,
aarch64-unknown-linux-gnu,colored,3.1.1,style::tests::styles_combine_complex::six,full,success,0.107674012,,,,
aarch64-unknown-linux-gnu,colored,3.1.1,style::tests::styles_combine_complex::three1,full,success,0.10786986666666669,,,,
aarch64-unknown-linux-gnu,colored,3.1.1,style::tests::styles_combine_complex::three2,full,success,0.10719362433333335,,,,
aarch64-unknown-linux-gnu,colored,3.1.1,style::tests::styles_combine_complex::two1,full,success,0.10752783700000001,,,,
aarch64-unknown-linux-gnu,colored,3.1.1,style::tests::styles_combine_complex::two2,full,success,0.10654228,,,,
aarch64-unknown-linux-gnu,colored,3.1.1,style::tests::styles_combine_complex::two3,full,success,0.10762347333333334,,,,
aarch64-unknown-linux-gnu,colored,3.1.1,style::tests::test_style_contains,full,success,0.105935375,,,,
aarch64-unknown-linux-gnu,colored,3.1.1,style::tests::u8_to_styles_invalid_is_none::empty_is_none,full,success,0.10661983533333334,,,,
aarch64-unknown-linux-gnu,colored,3.1.1,style::tests::u8_to_styles_isomorphism::blink,full,success,0.10766222333333335,,,,
aarch64-unknown-linux-gnu,colored,3.1.1,style::tests::u8_to_styles_isomorphism::bold,full,success,0.10700298233333334,,,,
aarch64-unknown-linux-gnu,colored,3.1.1,style::tests::u8_to_styles_isomorphism::dimmed,full,success,0.10758168933333334,,,,
aarch64-unknown-linux-gnu,colored,3.1.1,style::tests::u8_to_styles_isomorphism::hidden,full,success,0.106956732,,,,
aarch64-unknown-linux-gnu,colored,3.1.1,style::tests::u8_to_styles_isomorphism::italic,full,success,0.10744043700000001,,,,
aarch64-unknown-linux-gnu,colored,3.1.1,style::tests::u8_to_styles_isomorphism::reversed,full,success,0.106963604,,,,
aarch64-unknown-linux-gnu,colored,3.1.1,style::tests::u8_to_styles_isomorphism::strikethrough,full,success,0.10727297733333334,,,,
aarch64-unknown-linux-gnu,colored,3.1.1,style::tests::u8_to_styles_isomorphism::underline,full,success,0.10724588000000002,,,,
aarch64-unknown-linux-gnu,colored,3.1.1,tests::bright_color_fn,full,success,0.10668815366666667,,,,
aarch64-unknown-linux-gnu,colored,3.1.1,tests::color_fn,full,success,0.10749897966666667,,,,
aarch64-unknown-linux-gnu,colored,3.1.1,tests::compute_style_blue_bold,full,success,0.10868201033333334,,,,
aarch64-unknown-linux-gnu,colored,3.1.1,tests::compute_style_empty_string,full,success,0.107375721,,,,
aarch64-unknown-linux-gnu,colored,3.1.1,tests::escape_reset_sequence_spec_should_do_nothing_on_empty_strings,full,success,0.10612504333333334,,,,
aarch64-unknown-linux-gnu,colored,3.1.1,tests::escape_reset_sequence_spec_should_do_nothing_on_string_with_no_reset,full,success,0.10796636033333334,,,,
aarch64-unknown-linux-gnu,colored,3.1.1,tests::exposing_tests,full,success,0.10721732466666667,,,,
aarch64-unknown-linux-gnu,colored,3.1.1,tests::formatting,full,success,0.11451836466666666,,,,
aarch64-unknown-linux-gnu,colored,3.1.1,tests::it_works,full,test_failed,,snapshot assertion for 'it_works' failed in line 686,insta-1.46.1/src/runtime.rs:719:13,https://github.com/BorrowSanitizer/bsan/actions/runs/37491061334/job/112367570389,"thread 'tests::it_works' (3064) panicked at /root/.cargo/registry/src/index.crates.io-1949cf8c6b5b557f/insta-1.46.1/src/runtime.rs:719:13:
snapshot assertion for 'it_works' failed in line 686
note: run with `RUST_BACKTRACE=1` environment variable to display a backtrace
test tests::it_works ... FAILED

failures:

failures:
    tests::it_works

test result: FAILED. 0 passed; 1 failed; 0 ignored; 0 measured; 127 filtered out; finished in 68.64s
"
aarch64-unknown-linux-gnu,colored,3.1.1,tests::on_bright_color_fn,full,success,0.108283215,,,,
aarch64-unknown-linux-gnu,colored,3.1.1,tests::on_color_fn,full,success,0.10455384266666667,,,,
aarch64-unknown-linux-gnu,combine,4.6.7,error::tests_std::parse_clone_but_not_copy,full,success,0.11183576633333332,,,,
aarch64-unknown-linux-gnu,combine,4.6.7,parser::byte::num::tests::no_rangestream,full,success,0.12043571466666668,,,,
aarch64-unknown-linux-gnu,combine,4.6.7,parser::byte::tests::bytes_read_stream,full,success,0.112616278,,,,
aarch64-unknown-linux-gnu,combine,4.6.7,parser::byte::tests::memslice_basic,full,success,0.11107117200000001,,,,
aarch64-unknown-linux-gnu,combine,4.6.7,parser::char::tests::space_error,full,success,0.11242807466666667,,,,
aarch64-unknown-linux-gnu,combine,4.6.7,parser::char::tests::string_committed,full,success,0.11180898766666668,,,,
aarch64-unknown-linux-gnu,combine,4.6.7,parser::char::tests::string_error,full,success,0.11225736400000001,,,,
aarch64-unknown-linux-gnu,combine,4.6.7,parser::choice::tests::choice_single_parser,full,success,0.111332952,,,,
aarch64-unknown-linux-gnu,combine,4.6.7,parser::range::tests::range_string_no_char_boundary_error,full,success,0.11117931733333335,,,,
aarch64-unknown-linux-gnu,combine,4.6.7,parser::range::tests::take_until_range_1,full,success,0.11176092966666668,,,,
aarch64-unknown-linux-gnu,combine,4.6.7,parser::range::tests::take_until_range_2,full,success,0.11402685466666666,,,,
aarch64-unknown-linux-gnu,combine,4.6.7,parser::range::tests::take_until_range_unicode_1,full,success,0.11426539900000003,,,,
aarch64-unknown-linux-gnu,combine,4.6.7,parser::range::tests::take_until_range_unicode_2,full,success,0.11301216766666668,,,,
aarch64-unknown-linux-gnu,combine,4.6.7,parser::range::tests::take_while1_test,full,success,0.110868431,,,,
aarch64-unknown-linux-gnu,combine,4.6.7,parser::range::tests::take_while_test,full,success,0.111432313,,,,
aarch64-unknown-linux-gnu,combine,4.6.7,parser::sequence::tests::sequence_single_parser,full,success,0.11216597366666665,,,,
aarch64-unknown-linux-gnu,combine,4.6.7,std_tests::error_position,full,success,0.114426869,,,,
aarch64-unknown-linux-gnu,combine,4.6.7,std_tests::expression_basic,full,success,0.16285437833333336,,,,
aarch64-unknown-linux-gnu,combine,4.6.7,std_tests::expression_error,full,success,0.12472407033333334,,,,
aarch64-unknown-linux-gnu,combine,4.6.7,std_tests::extract_std_error,full,success,0.11584327766666669,,,,
aarch64-unknown-linux-gnu,combine,4.6.7,std_tests::field,full,success,0.11748871000000001,,,,
aarch64-unknown-linux-gnu,combine,4.6.7,std_tests::infinite_recursion_in_box_parser,full,success,0.11263068033333334,,,,
aarch64-unknown-linux-gnu,combine,4.6.7,std_tests::inner_error_consume,full,success,0.11682375299999999,,,,
aarch64-unknown-linux-gnu,combine,4.6.7,std_tests::iterator,full,success,0.11333291533333334,,,,
aarch64-unknown-linux-gnu,combine,4.6.7,std_tests::list,full,success,0.11794580633333335,,,,
aarch64-unknown-linux-gnu,combine,4.6.7,std_tests::operators,full,success,0.152722287,,,,
aarch64-unknown-linux-gnu,combine,4.6.7,std_tests::optional_error_consume,full,success,0.11214810833333333,,,,
aarch64-unknown-linux-gnu,combine,4.6.7,std_tests::sep_by_error_consume,full,success,0.11249941733333335,,,,
aarch64-unknown-linux-gnu,combine,4.6.7,std_tests::source_position,full,success,0.11712200333333334,,,,
aarch64-unknown-linux-gnu,combine,4.6.7,std_tests::std_error,full,success,0.11166541233333334,,,,
aarch64-unknown-linux-gnu,combine,4.6.7,std_tests::test_integer,full,success,0.11349022366666668,,,,
aarch64-unknown-linux-gnu,combine,4.6.7,std_tests::unsized_parser,full,success,0.11238582766666667,,,,
aarch64-unknown-linux-gnu,combine,4.6.7,stream::buf_reader::tests_sync::buf_reader,full,success,0.12271712733333334,,,,
aarch64-unknown-linux-gnu,combine,4.6.7,stream::buf_reader::tests_sync::buf_reader_extend_buf,full,success,0.12180436733333333,,,,
aarch64-unknown-linux-gnu,combine,4.6.7,stream::position::tests::test_positioner,full,success,0.11202006866666668,,,,
aarch64-unknown-linux-gnu,combine,4.6.7,stream::position::tests::test_range_positioner,full,success,0.11298887566666667,,,,
aarch64-unknown-linux-gnu,combine,4.6.7,stream::tests::larger_than_1_byte_items_return_correct_distance,full,success,0.112557004,,,,
aarch64-unknown-linux-gnu,combine,4.6.7,stream::tests::uncons_range_at_end,full,success,0.11134624333333336,,,,
aarch64-unknown-linux-gnu,combine,4.6.7,tests::chainl1_error_consume,full,success,0.112786014,,,,
aarch64-unknown-linux-gnu,combine,4.6.7,tests::choice_strings,full,success,0.12239570666666667,,,,
aarch64-unknown-linux-gnu,const-oid,0.10.2,encoder::tests::base128_byte,full,success,0.10915332333333333,,,,
aarch64-unknown-linux-gnu,const-oid,0.10.2,encoder::tests::encode,full,success,0.11034210166666668,,,,
aarch64-unknown-linux-gnu,const-oid,0.10.2,parser::tests::parse,full,success,0.11013790533333334,,,,
aarch64-unknown-linux-gnu,const-oid,0.10.2,parser::tests::reject_empty_string,full,success,0.10949248600000001,,,,
aarch64-unknown-linux-gnu,const-oid,0.10.2,parser::tests::reject_non_digits,full,success,0.11006249366666666,,,,
aarch64-unknown-linux-gnu,const-oid,0.10.2,parser::tests::reject_trailing_dot,full,success,0.110648708,,,,
aarch64-unknown-linux-gnu,core-foundation-sys,0.8.7,number::test::match_for_type_id_should_be_backwards_compatible,full,success,0.11030146366666667,,,,
aarch64-unknown-linux-gnu,crc32fast,1.5.0,baseline::test::fast_16_is_the_same_as_slow,full,success,3.096509835666667,,,,
aarch64-unknown-linux-gnu,crc32fast,1.5.0,baseline::test::slow,full,success,0.10970736600000001,,,,
aarch64-unknown-linux-gnu,crc32fast,1.5.0,combine::golden,full,success,0.1277562946666667,,,,
aarch64-unknown-linux-gnu,crc32fast,1.5.0,specialized::aarch64::test::check_against_baseline,full,success,160.044050912,,,,
aarch64-unknown-linux-gnu,crc32fast,1.5.0,test::combine,full,success,5.625591385333333,,,,
aarch64-unknown-linux-gnu,crc32fast,1.5.0,test::combine_from_len,full,success,5.274350836666667,,,,
aarch64-unknown-linux-gnu,crossbeam-utils,0.8.21,atomic::seq_lock::tests::test_abort,full,success,0.10566447000000001,,,,
aarch64-unknown-linux-gnu,crypto-bigint,0.7.3,checked::tests::checked_add,full,success,0.10896224933333333,,,,
aarch64-unknown-linux-gnu,crypto-bigint,0.7.3,checked::tests::checked_div,full,success,0.11016635400000001,,,,
aarch64-unknown-linux-gnu,crypto-bigint,0.7.3,checked::tests::checked_eq_select,full,success,0.107511835,,,,
aarch64-unknown-linux-gnu,crypto-bigint,0.7.3,checked::tests::checked_from,full,success,0.10692986433333335,,,,
aarch64-unknown-linux-gnu,crypto-bigint,0.7.3,checked::tests::checked_mul,full,success,0.10888846433333334,,,,
aarch64-unknown-linux-gnu,crypto-bigint,0.7.3,checked::tests::checked_new,full,success,0.10704731033333333,,,,
aarch64-unknown-linux-gnu,crypto-bigint,0.7.3,checked::tests::checked_sub,full,success,0.108800881,,,,
aarch64-unknown-linux-gnu,crypto-bigint,0.7.3,int::add::tests::checked_add,full,success,0.10873239233333336,,,,
aarch64-unknown-linux-gnu,crypto-bigint,0.7.3,int::add::tests::overflowing_add,full,success,0.10847658433333335,,,,
aarch64-unknown-linux-gnu,crypto-bigint,0.7.3,int::bit_and::tests::checked_and_ok,full,success,0.107628716,,,,
aarch64-unknown-linux-gnu,crypto-bigint,0.7.3,int::bit_and::tests::wrapping_and_ok,full,success,0.10721469166666668,,,,
aarch64-unknown-linux-gnu,crypto-bigint,0.7.3,int::bit_not::tests::bitnot_ok,full,success,0.10690413,,,,
aarch64-unknown-linux-gnu,crypto-bigint,0.7.3,int::bit_or::tests::checked_or_ok,full,success,0.10737696633333334,,,,
aarch64-unknown-linux-gnu,crypto-bigint,0.7.3,int::bit_or::tests::wrapping_or_ok,full,success,0.10774465000000001,,,,
aarch64-unknown-linux-gnu,crypto-bigint,0.7.3,int::bit_xor::tests::checked_xor_ok,full,success,0.10747004233333335,,,,
aarch64-unknown-linux-gnu,crypto-bigint,0.7.3,int::bit_xor::tests::wrapping_xor_ok,full,success,0.10681973033333335,,,,
aarch64-unknown-linux-gnu,crypto-bigint,0.7.3,int::cmp::tests::test_eq,full,success,0.1072742,,,,
aarch64-unknown-linux-gnu,crypto-bigint,0.7.3,int::cmp::tests::test_gt,full,success,0.10704991566666666,,,,
aarch64-unknown-linux-gnu,crypto-bigint,0.7.3,int::cmp::tests::test_is_nonzero,full,success,0.10693335466666666,,,,
aarch64-unknown-linux-gnu,crypto-bigint,0.7.3,int::cmp::tests::test_lt,full,success,0.10737721466666666,,,,
aarch64-unknown-linux-gnu,crypto-bigint,0.7.3,int::ct::tests::ct_gt,full,success,0.10800426533333334,,,,
aarch64-unknown-linux-gnu,crypto-bigint,0.7.3,int::ct::tests::ct_lt,full,success,0.10757740966666668,,,,
aarch64-unknown-linux-gnu,crypto-bigint,0.7.3,int::ct::tests::ct_select,full,success,0.10819993266666666,,,,
aarch64-unknown-linux-gnu,crypto-bigint,0.7.3,int::div::tests::div_vartime_through_trait,full,success,0.11033427933333334,,,,
aarch64-unknown-linux-gnu,crypto-bigint,0.7.3,int::div::tests::test_checked_div,full,success,0.11917770266666668,,,,
aarch64-unknown-linux-gnu,crypto-bigint,0.7.3,int::div::tests::test_checked_div_floor,full,success,0.10918347566666668,,,,
aarch64-unknown-linux-gnu,crypto-bigint,0.7.3,int::div::tests::test_checked_div_mod_floor,full,success,0.10824773300000001,,,,
aarch64-unknown-linux-gnu,crypto-bigint,0.7.3,int::div_unsigned::tests::test_div_ct_vs_vt,full,success,0.4353088333333334,,,,
aarch64-unknown-linux-gnu,crypto-bigint,0.7.3,int::div_unsigned::tests::test_div_floor_ct_vs_vt,full,success,0.4428926706666667,,,,
aarch64-unknown-linux-gnu,crypto-bigint,0.7.3,int::div_unsigned::tests::test_div_rem_floor_unsigned,full,success,0.11155179933333333,,,,
aarch64-unknown-linux-gnu,crypto-bigint,0.7.3,int::div_unsigned::tests::test_div_unsigned,full,success,0.11030677200000001,,,,
aarch64-unknown-linux-gnu,crypto-bigint,0.7.3,int::from::tests::from_i128,full,success,0.10747211033333333,,,,
aarch64-unknown-linux-gnu,crypto-bigint,0.7.3,int::from::tests::from_i16,full,success,0.10734623833333334,,,,
aarch64-unknown-linux-gnu,crypto-bigint,0.7.3,int::from::tests::from_i32,full,success,0.10719465000000002,,,,
aarch64-unknown-linux-gnu,crypto-bigint,0.7.3,int::from::tests::from_i64,full,success,0.10646689933333335,,,,
aarch64-unknown-linux-gnu,crypto-bigint,0.7.3,int::from::tests::from_i8,full,success,0.10645467633333335,,,,
aarch64-unknown-linux-gnu,crypto-bigint,0.7.3,int::invert_mod::tests::test_invert_even,full,success,0.27156878833333337,,,,
aarch64-unknown-linux-gnu,crypto-bigint,0.7.3,int::invert_mod::tests::test_invert_odd,full,success,0.4196408003333334,,,,
aarch64-unknown-linux-gnu,crypto-bigint,0.7.3,int::mod_symbol::tests::jacobi_int,full,success,0.44041594166666664,,,,
aarch64-unknown-linux-gnu,crypto-bigint,0.7.3,int::mod_symbol::tests::jacobi_neg_one,full,success,0.43843056100000005,,,,
aarch64-unknown-linux-gnu,crypto-bigint,0.7.3,int::mod_symbol::tests::jacobi_non_coprime,full,success,0.27747957800000006,,,,
aarch64-unknown-linux-gnu,crypto-bigint,0.7.3,int::mod_symbol::tests::jacobi_non_quad_residue,full,success,0.277030673,,,,
aarch64-unknown-linux-gnu,crypto-bigint,0.7.3,int::mod_symbol::tests::jacobi_quad_residue,full,success,0.27693106333333334,,,,
aarch64-unknown-linux-gnu,crypto-bigint,0.7.3,int::mod_symbol::tests::jacobi_zero,full,success,0.274636556,,,,
aarch64-unknown-linux-gnu,crypto-bigint,0.7.3,int::mul::tests::test_checked_mul,full,success,0.11145819400000001,,,,
aarch64-unknown-linux-gnu,crypto-bigint,0.7.3,int::mul::tests::test_checked_square,full,success,0.10721341499999999,,,,
aarch64-unknown-linux-gnu,crypto-bigint,0.7.3,int::mul::tests::test_concatenating_mul,full,success,0.11449424500000001,,,,
aarch64-unknown-linux-gnu,crypto-bigint,0.7.3,int::mul::tests::test_concatenating_square,full,success,0.10774003500000001,,,,
aarch64-unknown-linux-gnu,crypto-bigint,0.7.3,int::mul::tests::test_saturating_mul,full,success,0.10950415466666667,,,,
aarch64-unknown-linux-gnu,crypto-bigint,0.7.3,int::mul::tests::test_saturating_square,full,success,0.10698022466666668,,,,
aarch64-unknown-linux-gnu,crypto-bigint,0.7.3,int::mul::tests::test_wrapping_mul,full,success,0.10760513966666667,,,,
aarch64-unknown-linux-gnu,crypto-bigint,0.7.3,int::mul::tests::test_wrapping_mul_mixed,full,success,0.10979310433333334,,,,
aarch64-unknown-linux-gnu,crypto-bigint,0.7.3,int::mul::tests::test_wrapping_square,full,success,0.107763804,,,,
aarch64-unknown-linux-gnu,crypto-bigint,0.7.3,int::mul_unsigned::tests::test_checked_mul_unsigned,full,success,0.10894696333333333,,,,
aarch64-unknown-linux-gnu,crypto-bigint,0.7.3,int::mul_unsigned::tests::test_checked_mul_unsigned_right,full,success,0.10819257700000001,,,,
aarch64-unknown-linux-gnu,crypto-bigint,0.7.3,int::mul_unsigned::tests::test_concatenating_mul_unsigned,full,success,0.11135141266666666,,,,
aarch64-unknown-linux-gnu,crypto-bigint,0.7.3,int::neg::tests::checked_neg,full,success,0.10823163833333334,,,,
aarch64-unknown-linux-gnu,crypto-bigint,0.7.3,int::neg::tests::overflowing_neg,full,success,0.10755813733333335,,,,
aarch64-unknown-linux-gnu,crypto-bigint,0.7.3,int::neg::tests::wrapping_neg_if,full,success,0.10778022166666668,,,,
aarch64-unknown-linux-gnu,crypto-bigint,0.7.3,int::resize::tests::scale_down,full,success,0.10679155133333335,,,,
aarch64-unknown-linux-gnu,crypto-bigint,0.7.3,int::resize::tests::scale_up,full,success,0.10808816233333333,,,,
aarch64-unknown-linux-gnu,crypto-bigint,0.7.3,int::shl::tests::shl1,full,success,0.10713906366666666,,,,
aarch64-unknown-linux-gnu,crypto-bigint,0.7.3,int::shl::tests::shl2,full,success,0.10672658600000001,,,,
aarch64-unknown-linux-gnu,crypto-bigint,0.7.3,int::shl::tests::shl256_const,full,success,0.10697424533333333,,,,
aarch64-unknown-linux-gnu,crypto-bigint,0.7.3,int::shl::tests::shl64,full,success,0.10632033200000002,,,,
aarch64-unknown-linux-gnu,crypto-bigint,0.7.3,int::shl::tests::shl65,full,success,0.10600154699999999,,,,
aarch64-unknown-linux-gnu,crypto-bigint,0.7.3,int::shl::tests::shl88,full,success,0.10707347900000001,,,,
aarch64-unknown-linux-gnu,crypto-bigint,0.7.3,int::shl::tests::shl_bounds_panic,full,success,0.12076491500000001,,,,
aarch64-unknown-linux-gnu,crypto-bigint,0.7.3,int::shl::tests::shl_simple,full,success,0.11471469666666667,,,,
aarch64-unknown-linux-gnu,crypto-bigint,0.7.3,int::shl::tests::unbounded_shl,full,success,0.115434936,,,,
aarch64-unknown-linux-gnu,crypto-bigint,0.7.3,int::shl::tests::wrapping_shl,full,success,0.11489490666666669,,,,
aarch64-unknown-linux-gnu,crypto-bigint,0.7.3,int::shr::tests::overflowing_shr_vartime_zero_shift,full,success,0.10817706700000002,,,,
aarch64-unknown-linux-gnu,crypto-bigint,0.7.3,int::shr::tests::shr0,full,success,0.107782498,,,,
aarch64-unknown-linux-gnu,crypto-bigint,0.7.3,int::shr::tests::shr1,full,success,0.10834848633333334,,,,
aarch64-unknown-linux-gnu,crypto-bigint,0.7.3,int::shr::tests::shr256_const,full,success,0.10711420666666667,,,,
aarch64-unknown-linux-gnu,crypto-bigint,0.7.3,int::shr::tests::shr5,full,success,0.10851337933333334,,,,
aarch64-unknown-linux-gnu,crypto-bigint,0.7.3,int::shr::tests::shr7_vartime,full,success,0.10847612566666669,,,,
aarch64-unknown-linux-gnu,crypto-bigint,0.7.3,int::shr::tests::shr_bounds_panic,full,success,0.11647419833333335,,,,
aarch64-unknown-linux-gnu,crypto-bigint,0.7.3,int::shr::tests::shr_vartime_zero_shift,full,success,0.10853293266666668,,,,
aarch64-unknown-linux-gnu,crypto-bigint,0.7.3,int::shr::tests::unbounded_shr,full,success,0.10811634866666668,,,,
aarch64-unknown-linux-gnu,crypto-bigint,0.7.3,int::shr::tests::unbounded_shr_vartime_zero_shift,full,success,0.10845967900000002,,,,
aarch64-unknown-linux-gnu,crypto-bigint,0.7.3,int::shr::tests::wrapping_shr,full,success,0.10868448333333335,,,,
aarch64-unknown-linux-gnu,crypto-bigint,0.7.3,int::shr::tests::wrapping_shr_vartime_multiple_of_bits_is_identity,full,success,0.11404553699999999,,,,
aarch64-unknown-linux-gnu,crypto-bigint,0.7.3,int::sign::tests::is_negative,full,success,0.10693185866666667,,,,
aarch64-unknown-linux-gnu,crypto-bigint,0.7.3,int::sign::tests::is_positive,full,success,0.10713208333333334,,,,
aarch64-unknown-linux-gnu,crypto-bigint,0.7.3,int::sign::tests::new_from_abs_sign,full,success,0.10674602266666666,,,,
aarch64-unknown-linux-gnu,crypto-bigint,0.7.3,int::sqrt::tests::square_root_expected,full,success,0.125259274,,,,
aarch64-unknown-linux-gnu,crypto-bigint,0.7.3,int::sub::tests::checked_sub,full,success,0.10853470833333334,,,,
aarch64-unknown-linux-gnu,crypto-bigint,0.7.3,int::sub::tests::wrapping_sub,full,success,0.10757965733333334,,,,
aarch64-unknown-linux-gnu,crypto-bigint,0.7.3,int::tests::as_uint,full,success,0.10791712400000002,,,,
aarch64-unknown-linux-gnu,crypto-bigint,0.7.3,int::tests::as_words,full,success,0.10644128766666668,,,,
aarch64-unknown-linux-gnu,crypto-bigint,0.7.3,int::tests::as_words_mut,full,success,0.10679016666666667,,,,
aarch64-unknown-linux-gnu,crypto-bigint,0.7.3,int::tests::is_maximal,full,success,0.10684740233333334,,,,
aarch64-unknown-linux-gnu,crypto-bigint,0.7.3,int::tests::is_minimal,full,success,0.10693265866666668,,,,
aarch64-unknown-linux-gnu,crypto-bigint,0.7.3,int::tests::test_signed,full,success,0.19543245633333337,,,,
aarch64-unknown-linux-gnu,crypto-bigint,0.7.3,int::tests::to_uint,full,success,0.108289388,,,,
aarch64-unknown-linux-gnu,crypto-bigint,0.7.3,jacobi::tests::jacobi_eq,full,success,0.10736360433333335,,,,
aarch64-unknown-linux-gnu,crypto-bigint,0.7.3,jacobi::tests::jacobi_from,full,success,0.10685643100000002,,,,
aarch64-unknown-linux-gnu,crypto-bigint,0.7.3,jacobi::tests::jacobi_neg,full,success,0.10755009933333333,,,,
aarch64-unknown-linux-gnu,crypto-bigint,0.7.3,limb::add::tests::add_no_overflow,full,success,0.10637934700000001,,,,
aarch64-unknown-linux-gnu,crypto-bigint,0.7.3,limb::add::tests::add_with_overflow,full,success,0.112462349,,,,
aarch64-unknown-linux-gnu,crypto-bigint,0.7.3,limb::add::tests::carrying_add_no_carry,full,success,0.10732867066666667,,,,
aarch64-unknown-linux-gnu,crypto-bigint,0.7.3,limb::add::tests::carrying_add_with_carry,full,success,0.10774266533333333,,,,
aarch64-unknown-linux-gnu,crypto-bigint,0.7.3,limb::add::tests::checked_add,full,success,0.10686696933333334,,,,
aarch64-unknown-linux-gnu,crypto-bigint,0.7.3,limb::add::tests::checked_add_ok,full,success,0.10649517433333333,,,,
aarch64-unknown-linux-gnu,crypto-bigint,0.7.3,limb::add::tests::checked_add_overflow,full,success,0.10747388266666669,,,,
aarch64-unknown-linux-gnu,crypto-bigint,0.7.3,limb::add::tests::overflowing_add_no_carry,full,success,0.10791054833333334,,,,
aarch64-unknown-linux-gnu,crypto-bigint,0.7.3,limb::add::tests::overflowing_add_with_carry,full,success,0.10751654166666667,,,,
aarch64-unknown-linux-gnu,crypto-bigint,0.7.3,limb::add::tests::saturating_add,full,success,0.10766809633333334,,,,
aarch64-unknown-linux-gnu,crypto-bigint,0.7.3,limb::add::tests::wrapping_add_no_carry,full,success,0.10635046033333334,,,,
aarch64-unknown-linux-gnu,crypto-bigint,0.7.3,limb::add::tests::wrapping_add_with_carry,full,success,0.10689696433333333,,,,
aarch64-unknown-linux-gnu,crypto-bigint,0.7.3,limb::bit_xor::tests::bitxor,full,success,0.10709014700000001,,,,
aarch64-unknown-linux-gnu,crypto-bigint,0.7.3,limb::bit_xor::tests::bitxor_assign,full,success,0.10754834966666667,,,,
aarch64-unknown-linux-gnu,crypto-bigint,0.7.3,limb::bits::tests::bit,full,success,0.10729662133333334,,,,
aarch64-unknown-linux-gnu,crypto-bigint,0.7.3,limb::bits::tests::bit_vartime,full,success,0.10705909533333335,,,,
aarch64-unknown-linux-gnu,crypto-bigint,0.7.3,limb::bits::tests::leading_zeros,full,success,0.10689550066666668,,,,
aarch64-unknown-linux-gnu,crypto-bigint,0.7.3,limb::bits::tests::leading_zeros_vartime,full,success,0.10680258633333334,,,,
aarch64-unknown-linux-gnu,crypto-bigint,0.7.3,limb::bits::tests::set_bit,full,success,0.10692434666666667,,,,
aarch64-unknown-linux-gnu,crypto-bigint,0.7.3,limb::bits::tests::set_bit_vartime,full,success,0.10660633233333335,,,,
aarch64-unknown-linux-gnu,crypto-bigint,0.7.3,limb::bits::tests::trailing_ones,full,success,0.10650691466666667,,,,
aarch64-unknown-linux-gnu,crypto-bigint,0.7.3,limb::bits::tests::trailing_ones_vartime,full,success,0.10692874933333334,,,,
aarch64-unknown-linux-gnu,crypto-bigint,0.7.3,limb::bits::tests::trailing_zeros,full,success,0.10671993833333333,,,,
aarch64-unknown-linux-gnu,crypto-bigint,0.7.3,limb::bits::tests::trailing_zeros_vartime,full,success,0.10722704766666667,,,,
aarch64-unknown-linux-gnu,crypto-bigint,0.7.3,limb::cmp::tests::cmp,full,success,0.10696865900000001,,,,
aarch64-unknown-linux-gnu,crypto-bigint,0.7.3,limb::cmp::tests::ct_conditional_swap,full,success,0.10713833833333335,,,,
aarch64-unknown-linux-gnu,crypto-bigint,0.7.3,limb::cmp::tests::is_odd,full,success,0.107483652,,,,
aarch64-unknown-linux-gnu,crypto-bigint,0.7.3,limb::cmp::tests::is_zero,full,success,0.10710808166666667,,,,
aarch64-unknown-linux-gnu,crypto-bigint,0.7.3,limb::ct::tests::ct_eq,full,success,0.10708269666666669,,,,
aarch64-unknown-linux-gnu,crypto-bigint,0.7.3,limb::ct::tests::ct_gt,full,success,0.10647482833333334,,,,
aarch64-unknown-linux-gnu,crypto-bigint,0.7.3,limb::ct::tests::ct_lt,full,success,0.10602321966666668,,,,
aarch64-unknown-linux-gnu,crypto-bigint,0.7.3,limb::div::tests::checked_div,full,success,0.10629558933333334,,,,
aarch64-unknown-linux-gnu,crypto-bigint,0.7.3,limb::div::tests::checked_rem,full,success,0.107051877,,,,
aarch64-unknown-linux-gnu,crypto-bigint,0.7.3,limb::div::tests::div_assign_trait,full,success,0.10627055066666669,,,,
aarch64-unknown-linux-gnu,crypto-bigint,0.7.3,limb::div::tests::div_ref_zero,full,success,0.11236865,,,,
aarch64-unknown-linux-gnu,crypto-bigint,0.7.3,limb::div::tests::div_rem_ok,full,success,0.10616326433333334,,,,
aarch64-unknown-linux-gnu,crypto-bigint,0.7.3,limb::div::tests::div_trait,full,success,0.106146916,,,,
aarch64-unknown-linux-gnu,crypto-bigint,0.7.3,limb::div::tests::div_zero,full,success,0.11242946466666666,,,,
aarch64-unknown-linux-gnu,crypto-bigint,0.7.3,limb::div::tests::rem_assign_trait,full,success,0.106985124,,,,
aarch64-unknown-linux-gnu,crypto-bigint,0.7.3,limb::div::tests::rem_ref_zero,full,success,0.11252046700000001,,,,
aarch64-unknown-linux-gnu,crypto-bigint,0.7.3,limb::div::tests::rem_trait,full,success,0.10671938900000001,,,,
aarch64-unknown-linux-gnu,crypto-bigint,0.7.3,limb::div::tests::rem_zero,full,success,0.11211053600000002,,,,
aarch64-unknown-linux-gnu,crypto-bigint,0.7.3,limb::encoding::test::reverse,full,success,0.10631474566666667,,,,
aarch64-unknown-linux-gnu,crypto-bigint,0.7.3,limb::encoding::test::roundtrip,full,success,0.10631995566666667,,,,
aarch64-unknown-linux-gnu,crypto-bigint,0.7.3,limb::gcd::tests::gcd_expected,full,success,0.12903841433333335,,,,
aarch64-unknown-linux-gnu,crypto-bigint,0.7.3,limb::mul::tests::checked_mul_ok,full,success,0.10596997033333334,,,,
aarch64-unknown-linux-gnu,crypto-bigint,0.7.3,limb::mul::tests::checked_mul_overflow,full,success,0.106405559,,,,
aarch64-unknown-linux-gnu,crypto-bigint,0.7.3,limb::shl::tests::overflowing_shl,full,success,0.10678258800000001,,,,
aarch64-unknown-linux-gnu,crypto-bigint,0.7.3,limb::shl::tests::shl1,full,success,0.10679167033333332,,,,
aarch64-unknown-linux-gnu,crypto-bigint,0.7.3,limb::shl::tests::shl2,full,success,0.11358541066666666,,,,
aarch64-unknown-linux-gnu,crypto-bigint,0.7.3,limb::shl::tests::shl_assign1,full,success,0.10642880233333334,,,,
aarch64-unknown-linux-gnu,crypto-bigint,0.7.3,limb::shl::tests::shl_assign2,full,success,0.10648111633333335,,,,
aarch64-unknown-linux-gnu,crypto-bigint,0.7.3,limb::shl::tests::unbounded_shl,full,success,0.10671474433333333,,,,
aarch64-unknown-linux-gnu,crypto-bigint,0.7.3,limb::shl::tests::wrapping_shl,full,success,0.106607562,,,,
aarch64-unknown-linux-gnu,crypto-bigint,0.7.3,limb::shr::tests::overflowing_shr,full,success,0.10624348900000002,,,,
aarch64-unknown-linux-gnu,crypto-bigint,0.7.3,limb::shr::tests::shr1,full,success,0.10616860300000001,,,,
aarch64-unknown-linux-gnu,crypto-bigint,0.7.3,limb::shr::tests::shr2,full,success,0.10644027133333334,,,,
aarch64-unknown-linux-gnu,crypto-bigint,0.7.3,limb::shr::tests::shr_assign1,full,success,0.10633211266666669,,,,
aarch64-unknown-linux-gnu,crypto-bigint,0.7.3,limb::shr::tests::shr_assign2,full,success,0.10673310033333334,,,,
aarch64-unknown-linux-gnu,crypto-bigint,0.7.3,limb::shr::tests::unbounded_shr,full,success,0.10583313400000001,,,,
aarch64-unknown-linux-gnu,crypto-bigint,0.7.3,limb::shr::tests::wrapping_shr,full,success,0.10681460200000002,,,,
aarch64-unknown-linux-gnu,crypto-bigint,0.7.3,limb::sub::tests::borrowing_sub_no_borrow,full,success,0.10604431766666668,,,,
aarch64-unknown-linux-gnu,crypto-bigint,0.7.3,limb::sub::tests::borrowing_sub_with_borrow,full,success,0.10677469500000002,,,,
aarch64-unknown-linux-gnu,crypto-bigint,0.7.3,limb::sub::tests::checked_sub_ok,full,success,0.10628559500000001,,,,
aarch64-unknown-linux-gnu,crypto-bigint,0.7.3,limb::sub::tests::checked_sub_overflow,full,success,0.106066335,,,,
aarch64-unknown-linux-gnu,crypto-bigint,0.7.3,limb::sub::tests::wrapping_sub_no_borrow,full,success,0.10641122800000001,,,,
aarch64-unknown-linux-gnu,crypto-bigint,0.7.3,limb::sub::tests::wrapping_sub_with_borrow,full,success,0.10666245233333334,,,,
aarch64-unknown-linux-gnu,crypto-bigint,0.7.3,limb::tests::nlimbs_for_bits_macro,full,success,0.10641758466666666,,,,
aarch64-unknown-linux-gnu,crypto-bigint,0.7.3,limb::tests::test_unsigned,full,success,0.14561739133333332,,,,
aarch64-unknown-linux-gnu,crypto-bigint,0.7.3,modular::bingcd::compact::tests::test_compact,full,success,0.105862063,,,,
aarch64-unknown-linux-gnu,crypto-bigint,0.7.3,modular::bingcd::compact::tests::test_compact_vartime,full,success,0.10668807966666667,,,,
aarch64-unknown-linux-gnu,crypto-bigint,0.7.3,modular::bingcd::div_mod_2k::tests::test_carrying_mul_add_limb,full,success,0.10717223266666669,,,,
aarch64-unknown-linux-gnu,crypto-bigint,0.7.3,modular::bingcd::div_mod_2k::tests::test_limb_bounded_div2k_mod_q,full,success,0.10737628633333335,,,,
aarch64-unknown-linux-gnu,crypto-bigint,0.7.3,modular::bingcd::div_mod_2k::tests::test_uint_bounded_div2k_mod_q,full,success,0.10956328600000002,,,,
aarch64-unknown-linux-gnu,crypto-bigint,0.7.3,modular::bingcd::extension::tests::bounded_shr,full,success,0.10679201666666667,,,,
aarch64-unknown-linux-gnu,crypto-bigint,0.7.3,modular::bingcd::extension::tests::test_from_product,full,success,0.10692582733333333,,,,
aarch64-unknown-linux-gnu,crypto-bigint,0.7.3,modular::bingcd::extension::tests::test_wrapping_sub,full,success,0.10732342566666668,,,,
aarch64-unknown-linux-gnu,crypto-bigint,0.7.3,modular::bingcd::matrix::tests::test_conditional_add_right_column_to_left,full,success,0.10873667166666667,,,,
aarch64-unknown-linux-gnu,crypto-bigint,0.7.3,modular::bingcd::matrix::tests::test_conditional_double,full,success,0.10919305566666666,,,,
aarch64-unknown-linux-gnu,crypto-bigint,0.7.3,modular::bingcd::matrix::tests::test_conditional_subtract_bottom_row_from_top,full,success,0.10880981933333334,,,,
aarch64-unknown-linux-gnu,crypto-bigint,0.7.3,modular::bingcd::matrix::tests::test_conditional_subtract_right_column_from_left,full,success,0.10811527933333333,,,,
aarch64-unknown-linux-gnu,crypto-bigint,0.7.3,modular::bingcd::matrix::tests::test_conditional_swap,full,success,0.10890408200000001,,,,
aarch64-unknown-linux-gnu,crypto-bigint,0.7.3,modular::bingcd::matrix::tests::test_swap,full,success,0.10830690666666669,,,,
aarch64-unknown-linux-gnu,crypto-bigint,0.7.3,modular::bingcd::matrix::tests::test_wrapping_apply_to,full,success,0.10704223366666667,,,,
aarch64-unknown-linux-gnu,crypto-bigint,0.7.3,modular::const_monty_form::add::tests::add_overflow,full,success,0.107248713,,,,
aarch64-unknown-linux-gnu,crypto-bigint,0.7.3,modular::const_monty_form::invert::tests::test_self_inverse,full,success,0.15023111066666664,,,,
aarch64-unknown-linux-gnu,crypto-bigint,0.7.3,modular::const_monty_form::lincomb::tests::lincomb_expected,full,success,12.296735029999999,,,,
aarch64-unknown-linux-gnu,crypto-bigint,0.7.3,modular::const_monty_form::macros::tests::impl_modulus_with_valid_modulus,full,success,0.10623478966666666,,,,
aarch64-unknown-linux-gnu,crypto-bigint,0.7.3,modular::const_monty_form::macros::tests::new_params_with_valid_modulus,full,success,0.105864627,,,,
aarch64-unknown-linux-gnu,crypto-bigint,0.7.3,modular::const_monty_form::mod_symbol::tests::jacobi_quad_nonresidue,full,success,0.348622496,,,,
aarch64-unknown-linux-gnu,crypto-bigint,0.7.3,modular::const_monty_form::mod_symbol::tests::jacobi_quad_residue,full,success,0.34827240333333337,,,,
aarch64-unknown-linux-gnu,crypto-bigint,0.7.3,modular::const_monty_form::mul::tests::test_mul_eq_add,full,success,0.105552979,,,,
aarch64-unknown-linux-gnu,crypto-bigint,0.7.3,modular::const_monty_form::mul::tests::test_mul_one,full,success,0.10549555033333334,,,,
aarch64-unknown-linux-gnu,crypto-bigint,0.7.3,modular::const_monty_form::mul::tests::test_mul_zero,full,success,0.10648143700000001,,,,
aarch64-unknown-linux-gnu,crypto-bigint,0.7.3,modular::const_monty_form::mul::tests::test_square_eq_mul,full,success,0.106683605,,,,
aarch64-unknown-linux-gnu,crypto-bigint,0.7.3,modular::const_monty_form::mul::tests::test_square_repeat,full,success,0.10712766666666668,,,,
aarch64-unknown-linux-gnu,crypto-bigint,0.7.3,modular::const_monty_form::neg::tests::test_negate,full,success,0.10592829299999999,,,,
aarch64-unknown-linux-gnu,crypto-bigint,0.7.3,modular::const_monty_form::pow::tests::test_multi_exp_array,full,success,0.24584886100000003,,,,
aarch64-unknown-linux-gnu,crypto-bigint,0.7.3,modular::const_monty_form::pow::tests::test_powmod,full,success,0.15064572666666667,,,,
aarch64-unknown-linux-gnu,crypto-bigint,0.7.3,modular::const_monty_form::pow::tests::test_powmod_small_base,full,success,0.150078503,,,,
aarch64-unknown-linux-gnu,crypto-bigint,0.7.3,modular::const_monty_form::pow::tests::test_powmod_small_exponent,full,success,0.1374395966666667,,,,
aarch64-unknown-linux-gnu,crypto-bigint,0.7.3,modular::const_monty_form::pow::tests::test_powmod_zero,full,success,0.13475926166666666,,,,
aarch64-unknown-linux-gnu,crypto-bigint,0.7.3,modular::const_monty_form::sqrt::tests::check_sqrt,full,success,0.15481400333333334,,,,
aarch64-unknown-linux-gnu,crypto-bigint,0.7.3,modular::const_monty_form::sub::tests::sub_overflow,full,success,0.105943177,,,,
aarch64-unknown-linux-gnu,crypto-bigint,0.7.3,modular::fixed_monty_form::add::tests::add_overflow,full,success,0.10776553600000001,,,,
aarch64-unknown-linux-gnu,crypto-bigint,0.7.3,modular::fixed_monty_form::invert::tests::test_self_inverse,full,success,0.15194160533333334,,,,
aarch64-unknown-linux-gnu,crypto-bigint,0.7.3,modular::fixed_monty_form::lincomb::tests::lincomb_expected,full,success,25.253897657666666,,,,
aarch64-unknown-linux-gnu,crypto-bigint,0.7.3,modular::fixed_monty_form::mod_symbol::tests::jacobi_quad_nonresidue,full,success,0.349493472,,,,
aarch64-unknown-linux-gnu,crypto-bigint,0.7.3,modular::fixed_monty_form::mod_symbol::tests::jacobi_quad_residue,full,success,0.3471408716666667,,,,
aarch64-unknown-linux-gnu,crypto-bigint,0.7.3,modular::fixed_monty_form::mul::tests::test_mul_eq_add,full,success,0.10712733566666667,,,,
aarch64-unknown-linux-gnu,crypto-bigint,0.7.3,modular::fixed_monty_form::mul::tests::test_mul_one,full,success,0.10612489000000001,,,,
aarch64-unknown-linux-gnu,crypto-bigint,0.7.3,modular::fixed_monty_form::mul::tests::test_mul_zero,full,success,0.10580016933333335,,,,
aarch64-unknown-linux-gnu,crypto-bigint,0.7.3,modular::fixed_monty_form::mul::tests::test_square_eq_mul,full,success,0.10680760133333334,,,,
aarch64-unknown-linux-gnu,crypto-bigint,0.7.3,modular::fixed_monty_form::mul::tests::test_square_repeat,full,success,0.10985528966666668,,,,
aarch64-unknown-linux-gnu,crypto-bigint,0.7.3,modular::fixed_monty_form::pow::tests::test_multi_exp_array,full,success,0.3059545653333333,,,,
aarch64-unknown-linux-gnu,crypto-bigint,0.7.3,modular::fixed_monty_form::pow::tests::test_powmod,full,success,0.18043694733333335,,,,
aarch64-unknown-linux-gnu,crypto-bigint,0.7.3,modular::fixed_monty_form::pow::tests::test_powmod_small_base,full,success,0.17966565,,,,
aarch64-unknown-linux-gnu,crypto-bigint,0.7.3,modular::fixed_monty_form::pow::tests::test_powmod_small_exponent,full,success,0.15118088266666665,,,,
aarch64-unknown-linux-gnu,crypto-bigint,0.7.3,modular::fixed_monty_form::pow::tests::test_powmod_zero,full,success,0.14921964733333334,,,,
aarch64-unknown-linux-gnu,crypto-bigint,0.7.3,modular::fixed_monty_form::sub::tests::sub_overflow,full,success,0.10815958466666668,,,,
aarch64-unknown-linux-gnu,crypto-bigint,0.7.3,modular::fixed_monty_form::tests::new_params_with_valid_modulus,full,success,0.107054223,,,,
aarch64-unknown-linux-gnu,crypto-bigint,0.7.3,modular::prime_params::tests::check_equality,full,success,0.11009491466666667,,,,
aarch64-unknown-linux-gnu,crypto-bigint,0.7.3,modular::prime_params::tests::check_expected,full,success,0.10625545333333335,,,,
aarch64-unknown-linux-gnu,crypto-bigint,0.7.3,modular::prime_params::tests::check_invalid_generator,full,success,0.11211942366666668,,,,
aarch64-unknown-linux-gnu,crypto-bigint,0.7.3,modular::prime_params::tests::check_non_prime,full,success,0.12387930666666669,,,,
aarch64-unknown-linux-gnu,crypto-bigint,0.7.3,modular::safegcd::tests::invert,full,success,0.12715990833333332,,,,
aarch64-unknown-linux-gnu,crypto-bigint,0.7.3,modular::safegcd::tests::shr_wide,full,success,0.106440127,,,,
aarch64-unknown-linux-gnu,crypto-bigint,0.7.3,modular::sqrt::tests::mod_sqrt_s_1,full,success,0.18098408,,,,
aarch64-unknown-linux-gnu,crypto-bigint,0.7.3,modular::sqrt::tests::mod_sqrt_s_2,full,success,0.23216421166666668,,,,
aarch64-unknown-linux-gnu,crypto-bigint,0.7.3,modular::sqrt::tests::mod_sqrt_s_3,full,success,0.597219279,,,,
aarch64-unknown-linux-gnu,crypto-bigint,0.7.3,modular::sqrt::tests::mod_sqrt_s_4,full,success,0.23379124933333337,,,,
aarch64-unknown-linux-gnu,crypto-bigint,0.7.3,modular::sqrt::tests::mod_sqrt_s_6,full,success,0.2500341226666667,,,,
aarch64-unknown-linux-gnu,crypto-bigint,0.7.3,modular::tests::monty_mul_one_r,full,success,0.10597899133333333,,,,
aarch64-unknown-linux-gnu,crypto-bigint,0.7.3,modular::tests::monty_mul_r2,full,success,0.10633952099999999,,,,
aarch64-unknown-linux-gnu,crypto-bigint,0.7.3,modular::tests::monty_mul_r_r,full,success,0.10613990933333334,,,,
aarch64-unknown-linux-gnu,crypto-bigint,0.7.3,modular::tests::monty_mul_xr,full,success,0.10610951133333334,,,,
aarch64-unknown-linux-gnu,crypto-bigint,0.7.3,modular::tests::monty_mul_xr2,full,success,0.10643488000000001,,,,
aarch64-unknown-linux-gnu,crypto-bigint,0.7.3,modular::tests::monty_square_r,full,success,0.10675064433333332,,,,
aarch64-unknown-linux-gnu,crypto-bigint,0.7.3,modular::tests::test_montgomery_params,full,success,0.10664954366666668,,,,
aarch64-unknown-linux-gnu,crypto-bigint,0.7.3,modular::tests::test_new_retrieve,full,success,0.10638097933333333,,,,
aarch64-unknown-linux-gnu,crypto-bigint,0.7.3,modular::tests::test_reducing_one,full,success,0.106187109,,,,
aarch64-unknown-linux-gnu,crypto-bigint,0.7.3,modular::tests::test_reducing_r2,full,success,0.10545051900000002,,,,
aarch64-unknown-linux-gnu,crypto-bigint,0.7.3,modular::tests::test_reducing_r2_wide,full,success,0.10688027300000001,,,,
aarch64-unknown-linux-gnu,crypto-bigint,0.7.3,modular::tests::test_reducing_xr2_wide,full,success,0.10754370233333332,,,,
aarch64-unknown-linux-gnu,crypto-bigint,0.7.3,modular::tests::test_reducing_xr_wide,full,success,0.10719271466666667,,,,
aarch64-unknown-linux-gnu,crypto-bigint,0.7.3,non_zero::tests::default,full,success,0.10659249900000001,,,,
aarch64-unknown-linux-gnu,crypto-bigint,0.7.3,non_zero::tests::from_be_bytes,full,success,0.10670134566666667,,,,
aarch64-unknown-linux-gnu,crypto-bigint,0.7.3,non_zero::tests::from_be_hex_when_nonzero,full,success,0.106479765,,,,
aarch64-unknown-linux-gnu,crypto-bigint,0.7.3,non_zero::tests::from_be_hex_when_zero,full,success,0.11180015133333333,,,,
aarch64-unknown-linux-gnu,crypto-bigint,0.7.3,non_zero::tests::from_le_bytes,full,success,0.106466579,,,,
aarch64-unknown-linux-gnu,crypto-bigint,0.7.3,non_zero::tests::from_le_hex_when_nonzero,full,success,0.10712845933333333,,,,
aarch64-unknown-linux-gnu,crypto-bigint,0.7.3,non_zero::tests::from_le_hex_when_zero,full,success,0.11238002133333334,,,,
aarch64-unknown-linux-gnu,crypto-bigint,0.7.3,non_zero::tests::int_abs_sign,full,success,0.10616418966666667,,,,
aarch64-unknown-linux-gnu,crypto-bigint,0.7.3,non_zero::tests::one,full,success,0.10682243100000001,,,,
aarch64-unknown-linux-gnu,crypto-bigint,0.7.3,odd::tests::default,full,success,0.10622647166666667,,,,
aarch64-unknown-linux-gnu,crypto-bigint,0.7.3,odd::tests::from_be_hex_when_even,full,success,0.11113772166666668,,,,
aarch64-unknown-linux-gnu,crypto-bigint,0.7.3,odd::tests::from_be_hex_when_odd,full,success,0.10656663700000002,,,,
aarch64-unknown-linux-gnu,crypto-bigint,0.7.3,odd::tests::from_le_hex_when_even,full,success,0.11120282433333334,,,,
aarch64-unknown-linux-gnu,crypto-bigint,0.7.3,odd::tests::from_le_hex_when_odd,full,success,0.10618631133333334,,,,
aarch64-unknown-linux-gnu,crypto-bigint,0.7.3,odd::tests::not_odd_numbers,full,success,0.10605749333333335,,,,
aarch64-unknown-linux-gnu,crypto-bigint,0.7.3,primitives::tests::carrying_mul_add_cannot_overflow,full,success,0.10551578333333334,,,,
aarch64-unknown-linux-gnu,crypto-bigint,0.7.3,primitives::tests::test_u32_const_max,full,success,0.10564621766666667,,,,
aarch64-unknown-linux-gnu,crypto-bigint,0.7.3,primitives::tests::test_u32_const_min,full,success,0.106513352,,,,
aarch64-unknown-linux-gnu,crypto-bigint,0.7.3,primitives::tests::test_u32_const_rem,full,success,0.10620236933333334,,,,
aarch64-unknown-linux-gnu,crypto-bigint,0.7.3,uint::add::tests::carrying_add_no_carry,full,success,0.10560622333333335,,,,
aarch64-unknown-linux-gnu,crypto-bigint,0.7.3,uint::add::tests::carrying_add_with_carry,full,success,0.10638002666666667,,,,
aarch64-unknown-linux-gnu,crypto-bigint,0.7.3,uint::add::tests::checked_add_ok,full,success,0.10595433933333336,,,,
aarch64-unknown-linux-gnu,crypto-bigint,0.7.3,uint::add::tests::checked_add_overflow,full,success,0.10645328866666666,,,,
aarch64-unknown-linux-gnu,crypto-bigint,0.7.3,uint::add::tests::overflowing_add_limb,full,success,0.10639355166666668,,,,
aarch64-unknown-linux-gnu,crypto-bigint,0.7.3,uint::add::tests::saturating_add_no_carry,full,success,0.10620691500000001,,,,
aarch64-unknown-linux-gnu,crypto-bigint,0.7.3,uint::add::tests::saturating_add_with_carry,full,success,0.10625293366666667,,,,
aarch64-unknown-linux-gnu,crypto-bigint,0.7.3,uint::add::tests::wrapping_add_no_carry,full,success,0.10671313066666667,,,,
aarch64-unknown-linux-gnu,crypto-bigint,0.7.3,uint::add::tests::wrapping_add_with_carry,full,success,0.10563858066666669,,,,
aarch64-unknown-linux-gnu,crypto-bigint,0.7.3,uint::add_mod::tests::add_mod_nist_p256,full,success,0.10612268600000001,,,,
aarch64-unknown-linux-gnu,crypto-bigint,0.7.3,uint::add_mod::tests::add_mod_special,full,success,1.2245769406666667,,,,
aarch64-unknown-linux-gnu,crypto-bigint,0.7.3,uint::add_mod::tests::double_mod_expected,full,success,0.10585342333333335,,,,
aarch64-unknown-linux-gnu,crypto-bigint,0.7.3,uint::bit_and::tests::checked_and_ok,full,success,0.10641235033333335,,,,
aarch64-unknown-linux-gnu,crypto-bigint,0.7.3,uint::bit_and::tests::overlapping_and_ok,full,success,0.10638640266666667,,,,
aarch64-unknown-linux-gnu,crypto-bigint,0.7.3,uint::bit_not::tests::bitnot_ok,full,success,0.106406942,,,,
aarch64-unknown-linux-gnu,crypto-bigint,0.7.3,uint::bit_or::tests::checked_or_ok,full,success,0.105972837,,,,
aarch64-unknown-linux-gnu,crypto-bigint,0.7.3,uint::bit_or::tests::overlapping_or_ok,full,success,0.10597898566666668,,,,
aarch64-unknown-linux-gnu,crypto-bigint,0.7.3,uint::bit_xor::tests::checked_xor_ok,full,success,0.10689596966666669,,,,
aarch64-unknown-linux-gnu,crypto-bigint,0.7.3,uint::bit_xor::tests::overlapping_xor_ok,full,success,0.10660247666666667,,,,
aarch64-unknown-linux-gnu,crypto-bigint,0.7.3,uint::bits::tests::bit,full,success,0.10703714766666668,,,,
aarch64-unknown-linux-gnu,crypto-bigint,0.7.3,uint::bits::tests::bit_vartime,full,success,0.10741948633333336,,,,
aarch64-unknown-linux-gnu,crypto-bigint,0.7.3,uint::bits::tests::leading_zeros,full,success,0.10726650633333334,,,,
aarch64-unknown-linux-gnu,crypto-bigint,0.7.3,uint::bits::tests::leading_zeros_vartime,full,success,0.10574662733333334,,,,
aarch64-unknown-linux-gnu,crypto-bigint,0.7.3,uint::bits::tests::set_bit,full,success,0.10878137,,,,
aarch64-unknown-linux-gnu,crypto-bigint,0.7.3,uint::bits::tests::trailing_ones,full,success,0.10627249266666668,,,,
aarch64-unknown-linux-gnu,crypto-bigint,0.7.3,uint::bits::tests::trailing_ones_vartime,full,success,0.10614149833333335,,,,
aarch64-unknown-linux-gnu,crypto-bigint,0.7.3,uint::bits::tests::trailing_zeros,full,success,0.10602255666666667,,,,
aarch64-unknown-linux-gnu,crypto-bigint,0.7.3,uint::bits::tests::trailing_zeros_vartime,full,success,0.10646385366666666,,,,
aarch64-unknown-linux-gnu,crypto-bigint,0.7.3,uint::cmp::tests::cmp,full,success,0.10669004500000001,,,,
aarch64-unknown-linux-gnu,crypto-bigint,0.7.3,uint::cmp::tests::cmp_vartime,full,success,0.105689711,,,,
aarch64-unknown-linux-gnu,crypto-bigint,0.7.3,uint::cmp::tests::conditional_swap,full,success,0.10689357833333334,,,,
aarch64-unknown-linux-gnu,crypto-bigint,0.7.3,uint::cmp::tests::is_odd,full,success,0.105222933,,,,
aarch64-unknown-linux-gnu,crypto-bigint,0.7.3,uint::cmp::tests::is_zero,full,success,0.105514989,,,,
aarch64-unknown-linux-gnu,crypto-bigint,0.7.3,uint::cmp::tests::lte,full,success,0.106698412,,,,
aarch64-unknown-linux-gnu,crypto-bigint,0.7.3,uint::concat::tests::concat,full,success,0.10534068033333333,,,,
aarch64-unknown-linux-gnu,crypto-bigint,0.7.3,uint::concat::tests::concat_checked,full,success,0.105381768,,,,
aarch64-unknown-linux-gnu,crypto-bigint,0.7.3,uint::concat::tests::concat_mixed,full,success,0.10645753933333335,,,,
aarch64-unknown-linux-gnu,crypto-bigint,0.7.3,uint::concat::tests::concat_resize_large,full,success,0.10545656600000002,,,,
aarch64-unknown-linux-gnu,crypto-bigint,0.7.3,uint::concat::tests::concat_resize_small,full,success,0.106591318,,,,
aarch64-unknown-linux-gnu,crypto-bigint,0.7.3,uint::concat::tests::convert,full,success,0.10630546133333334,,,,
aarch64-unknown-linux-gnu,crypto-bigint,0.7.3,uint::concat::tests::infer_sizes,full,success,0.10656590866666667,,,,
aarch64-unknown-linux-gnu,crypto-bigint,0.7.3,uint::ct::tests::ct_eq,full,success,0.10611180666666668,,,,
aarch64-unknown-linux-gnu,crypto-bigint,0.7.3,uint::ct::tests::ct_gt,full,success,0.10698002666666667,,,,
aarch64-unknown-linux-gnu,crypto-bigint,0.7.3,uint::ct::tests::ct_lt,full,success,0.10655572533333334,,,,
aarch64-unknown-linux-gnu,crypto-bigint,0.7.3,uint::ct::tests::ct_select,full,success,0.10568463433333335,,,,
aarch64-unknown-linux-gnu,crypto-bigint,0.7.3,uint::div::tests::div,full,success,0.16387290200000001,,,,
aarch64-unknown-linux-gnu,crypto-bigint,0.7.3,uint::div::tests::div_assign_trait,full,success,0.10871615866666667,,,,
aarch64-unknown-linux-gnu,crypto-bigint,0.7.3,uint::div::tests::div_edge,full,success,0.11039604366666667,,,,
aarch64-unknown-linux-gnu,crypto-bigint,0.7.3,uint::div::tests::div_max,full,success,0.10750607866666667,,,,
aarch64-unknown-linux-gnu,crypto-bigint,0.7.3,uint::div::tests::div_one,full,success,0.107163199,,,,
aarch64-unknown-linux-gnu,crypto-bigint,0.7.3,uint::div::tests::div_ref_zero,full,success,0.11192240200000002,,,,
aarch64-unknown-linux-gnu,crypto-bigint,0.7.3,uint::div::tests::div_rem_larger_denominator,full,success,0.10701595500000001,,,,
aarch64-unknown-linux-gnu,crypto-bigint,0.7.3,uint::div::tests::div_rem_larger_numerator,full,success,0.11028353366666667,,,,
aarch64-unknown-linux-gnu,crypto-bigint,0.7.3,uint::div::tests::div_trait,full,success,0.11006024666666668,,,,
aarch64-unknown-linux-gnu,crypto-bigint,0.7.3,uint::div::tests::div_vartime_through_traits,full,success,0.10818070533333335,,,,
aarch64-unknown-linux-gnu,crypto-bigint,0.7.3,uint::div::tests::div_word,full,success,0.11818285633333335,,,,
aarch64-unknown-linux-gnu,crypto-bigint,0.7.3,uint::div::tests::div_zero,full,success,0.11170759200000001,,,,
aarch64-unknown-linux-gnu,crypto-bigint,0.7.3,uint::div::tests::reduce_max,full,success,0.10674710533333336,,,,
aarch64-unknown-linux-gnu,crypto-bigint,0.7.3,uint::div::tests::reduce_one,full,success,0.10645820666666668,,,,
aarch64-unknown-linux-gnu,crypto-bigint,0.7.3,uint::div::tests::reduce_tests,full,success,0.11078481200000001,,,,
aarch64-unknown-linux-gnu,crypto-bigint,0.7.3,uint::div::tests::reduce_tests_wide_zero_padded,full,success,0.11129320866666666,,,,
aarch64-unknown-linux-gnu,crypto-bigint,0.7.3,uint::div::tests::rem2krand,full,success,0.13073269833333334,,,,
aarch64-unknown-linux-gnu,crypto-bigint,0.7.3,uint::div::tests::rem_assign_trait,full,success,0.10897245733333334,,,,
aarch64-unknown-linux-gnu,crypto-bigint,0.7.3,uint::div::tests::rem_mixed,full,success,0.11102316200000001,,,,
aarch64-unknown-linux-gnu,crypto-bigint,0.7.3,uint::div::tests::rem_mixed_even,full,success,0.11115102533333333,,,,
aarch64-unknown-linux-gnu,crypto-bigint,0.7.3,uint::div::tests::rem_mixed_through_traits,full,success,0.10759277500000002,,,,
aarch64-unknown-linux-gnu,crypto-bigint,0.7.3,uint::div::tests::rem_ref_zero,full,success,0.11235263966666666,,,,
aarch64-unknown-linux-gnu,crypto-bigint,0.7.3,uint::div::tests::rem_trait,full,success,0.11050540000000002,,,,
aarch64-unknown-linux-gnu,crypto-bigint,0.7.3,uint::div::tests::rem_wide_corner_case,full,success,0.107763913,,,,
aarch64-unknown-linux-gnu,crypto-bigint,0.7.3,uint::div::tests::rem_zero,full,success,0.11220614500000002,,,,
aarch64-unknown-linux-gnu,crypto-bigint,0.7.3,uint::div_limb::tests::div2by1_overflow,full,success,0.10576438766666667,,,,
aarch64-unknown-linux-gnu,crypto-bigint,0.7.3,uint::encoding::tests::encode_be_hex,full,success,0.10621166566666668,,,,
aarch64-unknown-linux-gnu,crypto-bigint,0.7.3,uint::encoding::tests::from_be_hex,full,success,0.106950069,,,,
aarch64-unknown-linux-gnu,crypto-bigint,0.7.3,uint::encoding::tests::from_be_slice,full,success,0.10662030333333335,,,,
aarch64-unknown-linux-gnu,crypto-bigint,0.7.3,uint::encoding::tests::from_le_hex,full,success,0.10631684533333334,,,,
aarch64-unknown-linux-gnu,crypto-bigint,0.7.3,uint::encoding::tests::from_le_slice,full,success,0.10647436233333334,,,,
aarch64-unknown-linux-gnu,crypto-bigint,0.7.3,uint::encoding::tests::from_str_radix_10,full,success,0.10656538300000001,,,,
aarch64-unknown-linux-gnu,crypto-bigint,0.7.3,uint::encoding::tests::from_str_radix_2,full,success,0.3598883156666666,,,,
aarch64-unknown-linux-gnu,crypto-bigint,0.7.3,uint::encoding::tests::from_str_radix_5,full,success,0.14106358933333335,,,,
aarch64-unknown-linux-gnu,crypto-bigint,0.7.3,uint::encoding::tests::from_str_radix_disallowed,full,success,0.10739785000000002,,,,
aarch64-unknown-linux-gnu,crypto-bigint,0.7.3,uint::encoding::tests::infer_sizes,full,success,0.10598068933333334,,,,
aarch64-unknown-linux-gnu,crypto-bigint,0.7.3,uint::from::tests::array_round_trip,full,success,0.10621277633333333,,,,
aarch64-unknown-linux-gnu,crypto-bigint,0.7.3,uint::from::tests::concat_mixed,full,success,0.105843994,,,,
aarch64-unknown-linux-gnu,crypto-bigint,0.7.3,uint::from::tests::from_u128,full,success,0.10588092533333333,,,,
aarch64-unknown-linux-gnu,crypto-bigint,0.7.3,uint::from::tests::from_u16,full,success,0.10532284066666668,,,,
aarch64-unknown-linux-gnu,crypto-bigint,0.7.3,uint::from::tests::from_u64,full,success,0.10531908666666667,,,,
aarch64-unknown-linux-gnu,crypto-bigint,0.7.3,uint::from::tests::from_u8,full,success,0.106353154,,,,
aarch64-unknown-linux-gnu,crypto-bigint,0.7.3,uint::from::tests::split_mixed,full,success,0.10569767866666668,,,,
aarch64-unknown-linux-gnu,crypto-bigint,0.7.3,uint::invert_mod::tests::invert_mod2k,full,success,0.11658403566666668,,,,
aarch64-unknown-linux-gnu,crypto-bigint,0.7.3,uint::invert_mod::tests::invert_mod_precision,full,success,0.123409675,,,,
aarch64-unknown-linux-gnu,crypto-bigint,0.7.3,uint::invert_mod::tests::test_invert_edge,full,success,0.21471806700000004,,,,
aarch64-unknown-linux-gnu,crypto-bigint,0.7.3,uint::invert_mod::tests::test_invert_even,full,success,0.270002448,,,,
aarch64-unknown-linux-gnu,crypto-bigint,0.7.3,uint::invert_mod::tests::test_invert_odd,full,success,0.4202137426666667,,,,
aarch64-unknown-linux-gnu,crypto-bigint,0.7.3,uint::invert_mod::tests::test_invert_odd_no_inverse,full,success,0.128427784,,,,
aarch64-unknown-linux-gnu,crypto-bigint,0.7.3,uint::invert_mod::tests::test_invert_small,full,success,0.11155658933333334,,,,
aarch64-unknown-linux-gnu,crypto-bigint,0.7.3,uint::invert_mod::tests::test_no_inverse_small,full,success,0.112011542,,,,
aarch64-unknown-linux-gnu,crypto-bigint,0.7.3,uint::lcm::tests::lcm::lcm_sizes,full,success,0.5408164623333334,,,,
aarch64-unknown-linux-gnu,crypto-bigint,0.7.3,uint::mod_symbol::tests::jacobi_non_coprime,full,success,0.336333912,,,,
aarch64-unknown-linux-gnu,crypto-bigint,0.7.3,uint::mod_symbol::tests::jacobi_non_quad_residue,full,success,0.3370086366666667,,,,
aarch64-unknown-linux-gnu,crypto-bigint,0.7.3,uint::mod_symbol::tests::jacobi_one,full,success,0.3346898423333333,,,,
aarch64-unknown-linux-gnu,crypto-bigint,0.7.3,uint::mod_symbol::tests::jacobi_quad_residue,full,success,0.3364985866666667,,,,
aarch64-unknown-linux-gnu,crypto-bigint,0.7.3,uint::mod_symbol::tests::jacobi_zero,full,success,0.3331498876666667,,,,
aarch64-unknown-linux-gnu,crypto-bigint,0.7.3,uint::mul::karatsuba::tests::wrapping_mul_sizes,full,success,0.6567589576666667,,,,
aarch64-unknown-linux-gnu,crypto-bigint,0.7.3,uint::mul::karatsuba::tests::wrapping_square_sizes,full,success,0.5586324433333334,,,,
aarch64-unknown-linux-gnu,crypto-bigint,0.7.3,uint::mul::tests::checked_mul_ok,full,success,0.10677499800000001,,,,
aarch64-unknown-linux-gnu,crypto-bigint,0.7.3,uint::mul::tests::checked_mul_overflow,full,success,0.10664911300000002,,,,
aarch64-unknown-linux-gnu,crypto-bigint,0.7.3,uint::mul::tests::checked_mul_sizes,full,success,4.67585058,,,,
aarch64-unknown-linux-gnu,crypto-bigint,0.7.3,uint::mul::tests::checked_square,full,success,0.10660819166666669,,,,
aarch64-unknown-linux-gnu,crypto-bigint,0.7.3,uint::mul::tests::checked_square_sizes,full,success,0.20637077300000004,,,,
aarch64-unknown-linux-gnu,crypto-bigint,0.7.3,uint::mul::tests::concatenating_square,full,success,0.106179517,,,,
aarch64-unknown-linux-gnu,crypto-bigint,0.7.3,uint::mul::tests::concatenating_square_larger,full,success,0.10651382866666669,,,,
aarch64-unknown-linux-gnu,crypto-bigint,0.7.3,uint::mul::tests::mul_cmp,full,success,1.129980546,,,,
aarch64-unknown-linux-gnu,crypto-bigint,0.7.3,uint::mul::tests::mul_concat_even,full,success,0.10686505166666667,,,,
aarch64-unknown-linux-gnu,crypto-bigint,0.7.3,uint::mul::tests::mul_concat_mixed,full,success,0.10703966233333334,,,,
aarch64-unknown-linux-gnu,crypto-bigint,0.7.3,uint::mul::tests::overflowing_mul_limb,full,success,0.10648231366666668,,,,
aarch64-unknown-linux-gnu,crypto-bigint,0.7.3,uint::mul::tests::saturating_mul_no_overflow,full,success,0.105972098,,,,
aarch64-unknown-linux-gnu,crypto-bigint,0.7.3,uint::mul::tests::saturating_mul_overflow,full,success,0.10658665900000001,,,,
aarch64-unknown-linux-gnu,crypto-bigint,0.7.3,uint::mul::tests::saturating_square,full,success,0.10656102766666668,,,,
aarch64-unknown-linux-gnu,crypto-bigint,0.7.3,uint::mul::tests::widening_mul_lo_only,full,success,0.112828643,,,,
aarch64-unknown-linux-gnu,crypto-bigint,0.7.3,uint::mul::tests::widening_mul_zero_and_one,full,success,0.10649739266666668,,,,
aarch64-unknown-linux-gnu,crypto-bigint,0.7.3,uint::mul::tests::wrapping_mul_even,full,success,0.10594920366666667,,,,
aarch64-unknown-linux-gnu,crypto-bigint,0.7.3,uint::mul::tests::wrapping_mul_mixed,full,success,0.10614685600000001,,,,
aarch64-unknown-linux-gnu,crypto-bigint,0.7.3,uint::mul::tests::wrapping_square,full,success,0.10652944166666667,,,,
aarch64-unknown-linux-gnu,crypto-bigint,0.7.3,uint::mul_mod::tests::mul_mod_special,full,success,0.22874789466666667,,,,
aarch64-unknown-linux-gnu,crypto-bigint,0.7.3,uint::mul_signed::tests::checked_mul_signed,full,success,0.10648584166666668,,,,
aarch64-unknown-linux-gnu,crypto-bigint,0.7.3,uint::mul_signed::tests::concatenating_mul_signed,full,success,0.10656347666666667,,,,
aarch64-unknown-linux-gnu,crypto-bigint,0.7.3,uint::mul_signed::tests::widening_mul_signed,full,success,0.10617108633333334,,,,
aarch64-unknown-linux-gnu,crypto-bigint,0.7.3,uint::neg::tests::carrying_neg,full,success,0.10638530966666666,,,,
aarch64-unknown-linux-gnu,crypto-bigint,0.7.3,uint::neg::tests::wrapping_neg,full,success,0.10670655533333334,,,,
aarch64-unknown-linux-gnu,crypto-bigint,0.7.3,uint::neg::tests::wrapping_neg_if,full,success,0.107331511,,,,
aarch64-unknown-linux-gnu,crypto-bigint,0.7.3,uint::neg_mod::tests::neg_mod_random,full,success,0.10650762433333334,,,,
aarch64-unknown-linux-gnu,crypto-bigint,0.7.3,uint::neg_mod::tests::neg_mod_zero,full,success,0.10626550433333333,,,,
aarch64-unknown-linux-gnu,crypto-bigint,0.7.3,uint::pow::tests::checked_pow_expected,full,success,0.6978291163333333,,,,
aarch64-unknown-linux-gnu,crypto-bigint,0.7.3,uint::pow::tests::saturating_pow_expected,full,success,0.4246244753333334,,,,
aarch64-unknown-linux-gnu,crypto-bigint,0.7.3,uint::pow::tests::wrapping_pow_expected,full,success,0.6345372163333334,,,,
aarch64-unknown-linux-gnu,crypto-bigint,0.7.3,uint::rand::tests::random_bits,full,success,0.15849773233333334,,,,
aarch64-unknown-linux-gnu,crypto-bigint,0.7.3,uint::rand::tests::random_bits_4_bytes_sequential,full,success,0.157964561,,,,
aarch64-unknown-linux-gnu,crypto-bigint,0.7.3,uint::rand::tests::random_bits_platform_independence,full,success,0.11396068333333333,,,,
aarch64-unknown-linux-gnu,crypto-bigint,0.7.3,uint::rand::tests::random_mod_vartime,full,success,0.11105219666666667,,,,
aarch64-unknown-linux-gnu,crypto-bigint,0.7.3,uint::rand::tests::random_mod_vartime_platform_independence,full,success,0.11837193066666668,,,,
aarch64-unknown-linux-gnu,crypto-bigint,0.7.3,uint::rand::tests::random_platform_independence,full,success,0.10982970933333332,,,,
aarch64-unknown-linux-gnu,crypto-bigint,0.7.3,uint::ref_type::cmp::tests::cmp,full,success,0.10615765533333334,,,,
aarch64-unknown-linux-gnu,crypto-bigint,0.7.3,uint::ref_type::cmp::tests::lt,full,success,0.106439952,,,,
aarch64-unknown-linux-gnu,crypto-bigint,0.7.3,uint::ref_type::ct::tests::ct_eq,full,success,0.106696429,,,,
aarch64-unknown-linux-gnu,crypto-bigint,0.7.3,uint::ref_type::ct::tests::ct_lt,full,success,0.10573924200000001,,,,
aarch64-unknown-linux-gnu,crypto-bigint,0.7.3,uint::ref_type::invert_mod::tests::invert_mod_u64,full,success,0.106263771,,,,
aarch64-unknown-linux-gnu,crypto-bigint,0.7.3,uint::ref_type::shl::tests::compare_shl_assign,full,success,0.170259707,,,,
aarch64-unknown-linux-gnu,crypto-bigint,0.7.3,uint::ref_type::shl::tests::shl1_assign,full,success,0.10676174999999999,,,,
aarch64-unknown-linux-gnu,crypto-bigint,0.7.3,uint::ref_type::shl::tests::shl256,full,success,0.10586427366666668,,,,
aarch64-unknown-linux-gnu,crypto-bigint,0.7.3,uint::ref_type::shl::tests::shl_assign_limb,full,success,0.10763145200000002,,,,
aarch64-unknown-linux-gnu,crypto-bigint,0.7.3,uint::ref_type::shl::tests::unbounded_shl_by_limbs_vartime,full,success,0.10638348366666668,,,,
aarch64-unknown-linux-gnu,crypto-bigint,0.7.3,uint::ref_type::shr::tests::compare_shr_assign,full,success,0.17811885933333335,,,,
aarch64-unknown-linux-gnu,crypto-bigint,0.7.3,uint::ref_type::shr::tests::shr1_assign,full,success,0.10683232133333335,,,,
aarch64-unknown-linux-gnu,crypto-bigint,0.7.3,uint::ref_type::shr::tests::shr256,full,success,0.106717438,,,,
aarch64-unknown-linux-gnu,crypto-bigint,0.7.3,uint::ref_type::shr::tests::shr_assign_limb,full,success,0.10667438233333333,,,,
aarch64-unknown-linux-gnu,crypto-bigint,0.7.3,uint::ref_type::shr::tests::unbounded_shr_by_limbs_vartime,full,success,0.10714999933333336,,,,
aarch64-unknown-linux-gnu,crypto-bigint,0.7.3,uint::resize::tests::resize_larger,full,success,0.10620903833333334,,,,
aarch64-unknown-linux-gnu,crypto-bigint,0.7.3,uint::resize::tests::resize_smaller,full,success,0.10710825800000001,,,,
aarch64-unknown-linux-gnu,crypto-bigint,0.7.3,uint::root::tests::floor_root_vartime_expected,full,success,0.11193388933333336,,,,
aarch64-unknown-linux-gnu,crypto-bigint,0.7.3,uint::root::tests::fuzz,full,success,1.9901448660000003,,,,
aarch64-unknown-linux-gnu,crypto-bigint,0.7.3,uint::shl::tests::overflowing_shl,full,success,0.10725707366666666,,,,
aarch64-unknown-linux-gnu,crypto-bigint,0.7.3,uint::shl::tests::shl1,full,success,0.10683211366666667,,,,
aarch64-unknown-linux-gnu,crypto-bigint,0.7.3,uint::shl::tests::shl2,full,success,0.10647552633333335,,,,
aarch64-unknown-linux-gnu,crypto-bigint,0.7.3,uint::shl::tests::shl64,full,success,0.10607915133333334,,,,
aarch64-unknown-linux-gnu,crypto-bigint,0.7.3,uint::shl::tests::shl65,full,success,0.105669889,,,,
aarch64-unknown-linux-gnu,crypto-bigint,0.7.3,uint::shl::tests::shl88,full,success,0.10619037599999999,,,,
aarch64-unknown-linux-gnu,crypto-bigint,0.7.3,uint::shl::tests::shl_bounds,full,success,0.10661783966666667,,,,
aarch64-unknown-linux-gnu,crypto-bigint,0.7.3,uint::shl::tests::shl_bounds_panic,full,success,0.11096256533333333,,,,
aarch64-unknown-linux-gnu,crypto-bigint,0.7.3,uint::shl::tests::shl_by_limbs,full,success,0.10547559233333333,,,,
aarch64-unknown-linux-gnu,crypto-bigint,0.7.3,uint::shl::tests::shl_limb,full,success,0.10695394366666666,,,,
aarch64-unknown-linux-gnu,crypto-bigint,0.7.3,uint::shl::tests::shl_simple,full,success,0.10646932366666667,,,,
aarch64-unknown-linux-gnu,crypto-bigint,0.7.3,uint::shl::tests::shl_wide_1_1_128,full,success,0.10675292800000001,,,,
aarch64-unknown-linux-gnu,crypto-bigint,0.7.3,uint::shl::tests::shl_wide_max_0_1,full,success,0.10637518333333335,,,,
aarch64-unknown-linux-gnu,crypto-bigint,0.7.3,uint::shl::tests::shl_wide_max_max_256,full,success,0.10504006333333334,,,,
aarch64-unknown-linux-gnu,crypto-bigint,0.7.3,uint::shl::tests::unbounded_shl,full,success,0.10587475133333335,,,,
aarch64-unknown-linux-gnu,crypto-bigint,0.7.3,uint::shl::tests::wrapping_shl,full,success,0.106057588,,,,
aarch64-unknown-linux-gnu,crypto-bigint,0.7.3,uint::shr::tests::overflowing_shr,full,success,0.106487691,,,,
aarch64-unknown-linux-gnu,crypto-bigint,0.7.3,uint::shr::tests::shr1,full,success,0.10634895033333334,,,,
aarch64-unknown-linux-gnu,crypto-bigint,0.7.3,uint::shr::tests::shr_bounds,full,success,0.106240976,,,,
aarch64-unknown-linux-gnu,crypto-bigint,0.7.3,uint::shr::tests::shr_bounds_panic,full,success,0.11238485833333334,,,,
aarch64-unknown-linux-gnu,crypto-bigint,0.7.3,uint::shr::tests::shr_by_limbs,full,success,0.10582854100000001,,,,
aarch64-unknown-linux-gnu,crypto-bigint,0.7.3,uint::shr::tests::shr_limb_with_carry,full,success,0.10741520500000001,,,,
aarch64-unknown-linux-gnu,crypto-bigint,0.7.3,uint::shr::tests::shr_limb_with_carry_shift_too_large,full,success,0.11214090033333335,,,,
aarch64-unknown-linux-gnu,crypto-bigint,0.7.3,uint::shr::tests::shr_wide_0_max_1,full,success,0.106073139,,,,
aarch64-unknown-linux-gnu,crypto-bigint,0.7.3,uint::shr::tests::shr_wide_1_1_128,full,success,0.10676311333333333,,,,
aarch64-unknown-linux-gnu,crypto-bigint,0.7.3,uint::shr::tests::shr_wide_max_max_256,full,success,0.10604485233333334,,,,
aarch64-unknown-linux-gnu,crypto-bigint,0.7.3,uint::shr::tests::unbounded_shr,full,success,0.10732861566666668,,,,
aarch64-unknown-linux-gnu,crypto-bigint,0.7.3,uint::shr::tests::wrapping_shr,full,success,0.10746952166666668,,,,
aarch64-unknown-linux-gnu,crypto-bigint,0.7.3,uint::split::tests::infer_sizes,full,success,0.10702197000000001,,,,
aarch64-unknown-linux-gnu,crypto-bigint,0.7.3,uint::split::tests::split,full,success,0.10620310466666667,,,,
aarch64-unknown-linux-gnu,crypto-bigint,0.7.3,uint::split::tests::split_checked,full,success,0.106379581,,,,
aarch64-unknown-linux-gnu,crypto-bigint,0.7.3,uint::split::tests::split_resize_large,full,success,0.10617694833333335,,,,
aarch64-unknown-linux-gnu,crypto-bigint,0.7.3,uint::split::tests::split_resize_small,full,success,0.10626007933333333,,,,
aarch64-unknown-linux-gnu,crypto-bigint,0.7.3,uint::sqrt::tests::edge,full,success,0.13019960600000002,,,,
aarch64-unknown-linux-gnu,crypto-bigint,0.7.3,uint::sqrt::tests::edge_vartime,full,success,0.10714918566666669,,,,
aarch64-unknown-linux-gnu,crypto-bigint,0.7.3,uint::sqrt::tests::fuzz,full,success,1.6698612163333333,,,,
aarch64-unknown-linux-gnu,crypto-bigint,0.7.3,uint::sqrt::tests::nonsquares,full,success,0.141634509,,,,
aarch64-unknown-linux-gnu,crypto-bigint,0.7.3,uint::sqrt::tests::nonsquares_vartime,full,success,0.10776501433333334,,,,
aarch64-unknown-linux-gnu,crypto-bigint,0.7.3,uint::sqrt::tests::simple,full,success,0.205453476,,,,
aarch64-unknown-linux-gnu,crypto-bigint,0.7.3,uint::sub::tests::borrowing_sub_no_borrow,full,success,0.10588149666666667,,,,
aarch64-unknown-linux-gnu,crypto-bigint,0.7.3,uint::sub::tests::borrowing_sub_with_borrow,full,success,0.10586139700000001,,,,
aarch64-unknown-linux-gnu,crypto-bigint,0.7.3,uint::sub::tests::checked_sub_ok,full,success,0.10585346933333334,,,,
aarch64-unknown-linux-gnu,crypto-bigint,0.7.3,uint::sub::tests::checked_sub_overflow,full,success,0.10548871366666668,,,,
aarch64-unknown-linux-gnu,crypto-bigint,0.7.3,uint::sub::tests::conditional_borrowing_sub_borrow,full,success,0.10515268766666667,,,,
aarch64-unknown-linux-gnu,crypto-bigint,0.7.3,uint::sub::tests::conditional_borrowing_sub_no_borrow,full,success,0.106500577,,,,
aarch64-unknown-linux-gnu,crypto-bigint,0.7.3,uint::sub::tests::conditional_borrowing_sub_no_sub,full,success,0.10621734199999999,,,,
aarch64-unknown-linux-gnu,crypto-bigint,0.7.3,uint::sub::tests::saturating_sub_no_borrow,full,success,0.10629503833333333,,,,
aarch64-unknown-linux-gnu,crypto-bigint,0.7.3,uint::sub::tests::saturating_sub_with_borrow,full,success,0.10738951833333332,,,,
aarch64-unknown-linux-gnu,crypto-bigint,0.7.3,uint::sub::tests::wrapping_sub_no_borrow,full,success,0.10657865500000001,,,,
aarch64-unknown-linux-gnu,crypto-bigint,0.7.3,uint::sub::tests::wrapping_sub_with_borrow,full,success,0.10620012733333335,,,,
aarch64-unknown-linux-gnu,crypto-bigint,0.7.3,uint::sub_mod::tests::sub_mod,full,success,1.6894011626666667,,,,
aarch64-unknown-linux-gnu,crypto-bigint,0.7.3,uint::sub_mod::tests::sub_mod_nist_p256,full,success,0.10659456733333335,,,,
aarch64-unknown-linux-gnu,crypto-bigint,0.7.3,uint::sub_mod::tests::sub_mod_special,full,success,1.221902225,,,,
aarch64-unknown-linux-gnu,crypto-bigint,0.7.3,uint::tests::as_int,full,success,0.10755182433333334,,,,
aarch64-unknown-linux-gnu,crypto-bigint,0.7.3,uint::tests::as_words,full,success,0.106959614,,,,
aarch64-unknown-linux-gnu,crypto-bigint,0.7.3,uint::tests::as_words_mut,full,success,0.10545064133333333,,,,
aarch64-unknown-linux-gnu,crypto-bigint,0.7.3,uint::tests::from_bytes,full,success,0.10833118266666668,,,,
aarch64-unknown-linux-gnu,crypto-bigint,0.7.3,uint::tests::test_unsigned,full,success,0.19680454633333336,,,,
aarch64-unknown-linux-gnu,crypto-bigint,0.7.3,uint::tests::test_unsigned_monty_form,full,success,0.1684804636666667,,,,
aarch64-unknown-linux-gnu,crypto-bigint,0.7.3,uint::tests::to_int,full,success,0.10604322000000001,,,,
aarch64-unknown-linux-gnu,crypto-bigint,0.7.3,word::tests::choice_from_gt,full,success,0.10616546266666667,,,,
aarch64-unknown-linux-gnu,crypto-bigint,0.7.3,word::tests::choice_from_lt,full,success,0.10612829166666667,,,,
aarch64-unknown-linux-gnu,crypto-bigint,0.7.3,word::tests::choice_from_wide_le,full,success,0.10649343133333333,,,,
aarch64-unknown-linux-gnu,crypto-bigint,0.7.3,word::tests::select,full,success,0.10596455833333333,,,,
aarch64-unknown-linux-gnu,crypto-bigint,0.7.3,word::tests::select_wide,full,success,0.10608750966666668,,,,
aarch64-unknown-linux-gnu,crypto-bigint,0.7.3,wrapping::tests::wrapping_add,full,success,0.10644320733333335,,,,
aarch64-unknown-linux-gnu,crypto-bigint,0.7.3,wrapping::tests::wrapping_bitand,full,success,0.106814109,,,,
aarch64-unknown-linux-gnu,crypto-bigint,0.7.3,wrapping::tests::wrapping_bitnot,full,success,0.10576515733333332,,,,
aarch64-unknown-linux-gnu,crypto-bigint,0.7.3,wrapping::tests::wrapping_bitor,full,success,0.10706598099999999,,,,
aarch64-unknown-linux-gnu,crypto-bigint,0.7.3,wrapping::tests::wrapping_bitxor,full,success,0.10641066533333333,,,,
aarch64-unknown-linux-gnu,crypto-bigint,0.7.3,wrapping::tests::wrapping_eq_select,full,success,0.10609013900000001,,,,
aarch64-unknown-linux-gnu,crypto-bigint,0.7.3,wrapping::tests::wrapping_mul,full,success,0.10610145633333334,,,,
aarch64-unknown-linux-gnu,crypto-bigint,0.7.3,wrapping::tests::wrapping_neg,full,success,0.10577485800000001,,,,
aarch64-unknown-linux-gnu,crypto-bigint,0.7.3,wrapping::tests::wrapping_new,full,success,0.10567029166666668,,,,
aarch64-unknown-linux-gnu,crypto-bigint,0.7.3,wrapping::tests::wrapping_shift,full,success,0.10611363733333334,,,,
aarch64-unknown-linux-gnu,crypto-bigint,0.7.3,wrapping::tests::wrapping_sub,full,success,0.10637577333333335,,,,
aarch64-unknown-linux-gnu,csv,1.4.0,byte_record::tests::empty_field_1,full,success,0.10989759133333334,,,,
aarch64-unknown-linux-gnu,csv,1.4.0,byte_record::tests::empty_field_2,full,success,0.11145630333333334,,,,
aarch64-unknown-linux-gnu,csv,1.4.0,byte_record::tests::empty_record,full,success,0.10972280933333334,,,,
aarch64-unknown-linux-gnu,csv,1.4.0,byte_record::tests::empty_surround_1,full,success,0.11165884833333334,,,,
aarch64-unknown-linux-gnu,csv,1.4.0,byte_record::tests::empty_surround_2,full,success,0.11220998366666668,,,,
aarch64-unknown-linux-gnu,csv,1.4.0,byte_record::tests::eq_field_boundaries,full,success,0.11114263433333334,,,,
aarch64-unknown-linux-gnu,csv,1.4.0,byte_record::tests::eq_record_len,full,success,0.11123821900000001,,,,
aarch64-unknown-linux-gnu,csv,1.4.0,byte_record::tests::iter,full,success,0.11245357300000001,,,,
aarch64-unknown-linux-gnu,csv,1.4.0,byte_record::tests::iter_forward_and_reverse,full,success,0.11308323066666666,,,,
aarch64-unknown-linux-gnu,csv,1.4.0,byte_record::tests::iter_reverse,full,success,0.11387363533333333,,,,
aarch64-unknown-linux-gnu,csv,1.4.0,byte_record::tests::record_1,full,success,0.11001051733333334,,,,
aarch64-unknown-linux-gnu,csv,1.4.0,byte_record::tests::record_2,full,success,0.11012249466666668,,,,
aarch64-unknown-linux-gnu,csv,1.4.0,byte_record::tests::trim_back,full,success,0.11367500966666666,,,,
aarch64-unknown-linux-gnu,csv,1.4.0,byte_record::tests::trim_both,full,success,0.11277909833333334,,,,
aarch64-unknown-linux-gnu,csv,1.4.0,byte_record::tests::trim_does_not_panic_on_empty_records_1,full,success,0.10906862300000002,,,,
aarch64-unknown-linux-gnu,csv,1.4.0,byte_record::tests::trim_does_not_panic_on_empty_records_2,full,success,0.11060032066666668,,,,
aarch64-unknown-linux-gnu,csv,1.4.0,byte_record::tests::trim_does_not_panic_on_empty_records_3,full,success,0.108641951,,,,
aarch64-unknown-linux-gnu,csv,1.4.0,byte_record::tests::trim_front,full,success,0.11471081966666667,,,,
aarch64-unknown-linux-gnu,csv,1.4.0,byte_record::tests::trim_whitespace_only,full,success,0.11122472500000001,,,,
aarch64-unknown-linux-gnu,csv,1.4.0,byte_record::tests::utf8_clear_ok,full,success,0.11147972033333335,,,,
aarch64-unknown-linux-gnu,csv,1.4.0,byte_record::tests::utf8_error_1,full,success,0.11102544933333335,,,,
aarch64-unknown-linux-gnu,csv,1.4.0,byte_record::tests::utf8_error_2,full,success,0.11365566,,,,
aarch64-unknown-linux-gnu,csv,1.4.0,byte_record::tests::utf8_error_3,full,success,0.11190761133333334,,,,
aarch64-unknown-linux-gnu,csv,1.4.0,byte_record::tests::utf8_error_4,full,success,0.114156378,,,,
aarch64-unknown-linux-gnu,csv,1.4.0,byte_record::tests::utf8_error_5,full,success,0.11218824433333334,,,,
aarch64-unknown-linux-gnu,csv,1.4.0,byte_record::tests::utf8_error_6,full,success,0.11166222200000002,,,,
aarch64-unknown-linux-gnu,csv,1.4.0,deserializer::tests::adjacent_fixed_arrays,full,success,0.11457521,,,,
aarch64-unknown-linux-gnu,csv,1.4.0,deserializer::tests::bad_hex_seq,full,success,0.11161080133333334,,,,
aarch64-unknown-linux-gnu,csv,1.4.0,deserializer::tests::borrowed,full,success,0.11467312,,,,
aarch64-unknown-linux-gnu,csv,1.4.0,deserializer::tests::borrowed_map,full,success,0.12002958733333334,,,,
aarch64-unknown-linux-gnu,csv,1.4.0,deserializer::tests::borrowed_map_bytes,full,success,0.11902326400000002,,,,
aarch64-unknown-linux-gnu,csv,1.4.0,deserializer::tests::bytes,full,success,0.111311952,,,,
aarch64-unknown-linux-gnu,csv,1.4.0,deserializer::tests::enum_label_simple_tagged,full,success,0.11281535200000002,,,,
aarch64-unknown-linux-gnu,csv,1.4.0,deserializer::tests::enum_untagged,full,success,0.116457249,,,,
aarch64-unknown-linux-gnu,csv,1.4.0,deserializer::tests::flatten,full,success,0.11760256366666667,,,,
aarch64-unknown-linux-gnu,csv,1.4.0,deserializer::tests::map_headers,full,success,0.11686507800000001,,,,
aarch64-unknown-linux-gnu,csv,1.4.0,deserializer::tests::map_no_headers,full,success,0.11120855566666667,,,,
aarch64-unknown-linux-gnu,csv,1.4.0,deserializer::tests::mixed_hex_seq,full,success,0.113417102,,,,
aarch64-unknown-linux-gnu,csv,1.4.0,deserializer::tests::no_chars,full,success,0.11040090466666667,,,,
aarch64-unknown-linux-gnu,csv,1.4.0,deserializer::tests::no_fields,full,success,0.11103143233333335,,,,
aarch64-unknown-linux-gnu,csv,1.4.0,deserializer::tests::one_char,full,success,0.11064262700000001,,,,
aarch64-unknown-linux-gnu,csv,1.4.0,deserializer::tests::one_field,full,success,0.11128157933333334,,,,
aarch64-unknown-linux-gnu,csv,1.4.0,deserializer::tests::one_field_128,full,success,0.11252549166666669,,,,
aarch64-unknown-linux-gnu,csv,1.4.0,deserializer::tests::option_empty_field,full,success,0.11400096900000001,,,,
aarch64-unknown-linux-gnu,csv,1.4.0,deserializer::tests::option_invalid_field,full,success,0.11540056366666668,,,,
aarch64-unknown-linux-gnu,csv,1.4.0,deserializer::tests::partially_invalid_utf8,full,success,0.11479850133333334,,,,
aarch64-unknown-linux-gnu,csv,1.4.0,deserializer::tests::seq_in_struct,full,success,0.11239658833333334,,,,
aarch64-unknown-linux-gnu,csv,1.4.0,deserializer::tests::seq_in_struct_tail,full,success,0.11395778866666667,,,,
aarch64-unknown-linux-gnu,csv,1.4.0,deserializer::tests::simple_hex_seq,full,success,0.11321297266666668,,,,
aarch64-unknown-linux-gnu,csv,1.4.0,deserializer::tests::simple_seq,full,success,0.11176039666666666,,,,
aarch64-unknown-linux-gnu,csv,1.4.0,deserializer::tests::too_many_chars,full,success,0.110473361,,,,
aarch64-unknown-linux-gnu,csv,1.4.0,deserializer::tests::two_fields,full,success,0.11331659566666667,,,,
aarch64-unknown-linux-gnu,csv,1.4.0,deserializer::tests::two_fields_too_few,full,success,0.11164484766666667,,,,
aarch64-unknown-linux-gnu,csv,1.4.0,deserializer::tests::two_fields_too_many,full,success,0.11111210733333333,,,,
aarch64-unknown-linux-gnu,csv,1.4.0,deserializer::tests::with_header,full,success,0.11479779666666667,,,,
aarch64-unknown-linux-gnu,csv,1.4.0,deserializer::tests::with_header_empty,full,success,0.11031375633333333,,,,
aarch64-unknown-linux-gnu,csv,1.4.0,deserializer::tests::with_header_empty_ok,full,success,0.10943579666666668,,,,
aarch64-unknown-linux-gnu,csv,1.4.0,deserializer::tests::with_header_missing,full,success,0.11349260166666668,,,,
aarch64-unknown-linux-gnu,csv,1.4.0,deserializer::tests::with_header_missing_ok,full,success,0.11443807233333335,,,,
aarch64-unknown-linux-gnu,csv,1.4.0,deserializer::tests::with_header_no_fields,full,success,0.11129985533333335,,,,
aarch64-unknown-linux-gnu,csv,1.4.0,deserializer::tests::with_header_unknown,full,success,0.11482695700000001,,,,
aarch64-unknown-linux-gnu,csv,1.4.0,deserializer::tests::without_header,full,success,0.11318299666666669,,,,
aarch64-unknown-linux-gnu,csv,1.4.0,reader::tests::headers_on_empty_data,full,success,1.628969297,,,,
aarch64-unknown-linux-gnu,csv,1.4.0,reader::tests::no_headers_on_empty_data,full,success,1.6218875083333335,,,,
aarch64-unknown-linux-gnu,csv,1.4.0,reader::tests::no_headers_on_empty_data_after_headers,full,success,1.6324971873333336,,,,
aarch64-unknown-linux-gnu,csv,1.4.0,reader::tests::positions_headers,full,success,1.636703022,,,,
aarch64-unknown-linux-gnu,csv,1.4.0,reader::tests::positions_no_headers,full,success,1.6266285833333336,,,,
aarch64-unknown-linux-gnu,csv,1.4.0,reader::tests::read_byte_record,full,success,1.6357130653333332,,,,
aarch64-unknown-linux-gnu,csv,1.4.0,reader::tests::read_record_headers,full,success,1.649349282,,,,
aarch64-unknown-linux-gnu,csv,1.4.0,reader::tests::read_record_headers_invalid_utf8,full,success,1.6363762013333334,,,,
aarch64-unknown-linux-gnu,csv,1.4.0,reader::tests::read_record_no_headers_after,full,success,1.6323726713333333,,,,
aarch64-unknown-linux-gnu,csv,1.4.0,reader::tests::read_record_no_headers_before,full,success,1.6345283830000001,,,,
aarch64-unknown-linux-gnu,csv,1.4.0,reader::tests::read_record_unequal_continue,full,success,1.629782952,,,,
aarch64-unknown-linux-gnu,csv,1.4.0,reader::tests::read_record_unequal_fails,full,success,1.640622614,,,,
aarch64-unknown-linux-gnu,csv,1.4.0,reader::tests::read_record_unequal_ok,full,success,1.6321389333333336,,,,
aarch64-unknown-linux-gnu,csv,1.4.0,reader::tests::read_trimed_header_invalid_utf8,full,success,1.646779413,,,,
aarch64-unknown-linux-gnu,csv,1.4.0,reader::tests::read_trimmed_header,full,success,1.6320241196666665,,,,
aarch64-unknown-linux-gnu,csv,1.4.0,reader::tests::read_trimmed_records,full,success,1.633930454,,,,
aarch64-unknown-linux-gnu,csv,1.4.0,reader::tests::read_trimmed_records_and_headers,full,success,1.6486963946666666,,,,
aarch64-unknown-linux-gnu,csv,1.4.0,reader::tests::read_trimmed_records_without_headers,full,success,1.6407080753333332,,,,
aarch64-unknown-linux-gnu,csv,1.4.0,reader::tests::seek,full,success,1.6409376256666668,,,,
aarch64-unknown-linux-gnu,csv,1.4.0,reader::tests::seek_headers_after,full,success,1.6302208146666668,,,,
aarch64-unknown-linux-gnu,csv,1.4.0,reader::tests::seek_headers_before_after,full,success,1.6418257976666668,,,,
aarch64-unknown-linux-gnu,csv,1.4.0,reader::tests::seek_headers_no_actual_seek,full,success,1.6286543106666667,,,,
aarch64-unknown-linux-gnu,csv,1.4.0,serializer::tests::bool,full,success,0.10979757633333335,,,,
aarch64-unknown-linux-gnu,csv,1.4.0,serializer::tests::bytes,full,success,0.11108879233333334,,,,
aarch64-unknown-linux-gnu,csv,1.4.0,serializer::tests::char,full,success,0.10933461433333334,,,,
aarch64-unknown-linux-gnu,csv,1.4.0,serializer::tests::enum_newtypes,full,success,0.11439194466666668,,,,
aarch64-unknown-linux-gnu,csv,1.4.0,serializer::tests::enum_struct_variant,full,success,0.10913204166666667,,,,
aarch64-unknown-linux-gnu,csv,1.4.0,serializer::tests::enum_units,full,success,0.1129678406666667,,,,
aarch64-unknown-linux-gnu,csv,1.4.0,serializer::tests::float,full,success,0.10927983066666667,,,,
aarch64-unknown-linux-gnu,csv,1.4.0,serializer::tests::float_nan,full,success,0.11104762500000002,,,,
aarch64-unknown-linux-gnu,csv,1.4.0,serializer::tests::integer,full,success,0.11058060933333334,,,,
aarch64-unknown-linux-gnu,csv,1.4.0,serializer::tests::integer_i128,full,success,0.11083231666666667,,,,
aarch64-unknown-linux-gnu,csv,1.4.0,serializer::tests::integer_u128,full,success,0.11214727766666667,,,,
aarch64-unknown-linux-gnu,csv,1.4.0,serializer::tests::option,full,success,0.11082524900000001,,,,
aarch64-unknown-linux-gnu,csv,1.4.0,serializer::tests::seq,full,success,0.11094469066666668,,,,
aarch64-unknown-linux-gnu,csv,1.4.0,serializer::tests::str,full,success,0.10836719,,,,
aarch64-unknown-linux-gnu,csv,1.4.0,serializer::tests::struct_headers,full,success,0.11145618766666666,,,,
aarch64-unknown-linux-gnu,csv,1.4.0,serializer::tests::struct_headers_inside_nested_tuple_seq,full,success,0.11872674266666666,,,,
aarch64-unknown-linux-gnu,csv,1.4.0,serializer::tests::struct_headers_inside_seq,full,success,0.11561729333333333,,,,
aarch64-unknown-linux-gnu,csv,1.4.0,serializer::tests::struct_headers_inside_tuple,full,success,0.11733684366666668,,,,
aarch64-unknown-linux-gnu,csv,1.4.0,serializer::tests::struct_headers_inside_tuple_scalar_after,full,success,0.11210023366666666,,,,
aarch64-unknown-linux-gnu,csv,1.4.0,serializer::tests::struct_headers_inside_tuple_scalar_before,full,success,0.111598182,,,,
aarch64-unknown-linux-gnu,csv,1.4.0,serializer::tests::struct_headers_nested,full,success,0.11346566566666667,,,,
aarch64-unknown-linux-gnu,csv,1.4.0,serializer::tests::struct_headers_nested_seq,full,success,0.11321689200000001,,,,
aarch64-unknown-linux-gnu,csv,1.4.0,serializer::tests::struct_newtype,full,success,0.110608161,,,,
aarch64-unknown-linux-gnu,csv,1.4.0,serializer::tests::struct_no_headers,full,success,0.10950741266666668,,,,
aarch64-unknown-linux-gnu,csv,1.4.0,serializer::tests::struct_no_headers_128,full,success,0.11132276033333334,,,,
aarch64-unknown-linux-gnu,csv,1.4.0,serializer::tests::struct_unit,full,success,0.10874007266666667,,,,
aarch64-unknown-linux-gnu,csv,1.4.0,serializer::tests::tuple,full,success,0.11524370033333335,,,,
aarch64-unknown-linux-gnu,csv,1.4.0,serializer::tests::tuple_struct,full,success,0.11174104066666668,,,,
aarch64-unknown-linux-gnu,csv,1.4.0,serializer::tests::tuple_variant,full,success,0.10925782566666668,,,,
aarch64-unknown-linux-gnu,csv,1.4.0,serializer::tests::unit,full,success,0.11095744466666668,,,,
aarch64-unknown-linux-gnu,csv,1.4.0,string_record::tests::eq_field_boundaries,full,success,0.111521146,,,,
aarch64-unknown-linux-gnu,csv,1.4.0,string_record::tests::eq_record_len,full,success,0.11148269066666668,,,,
aarch64-unknown-linux-gnu,csv,1.4.0,string_record::tests::trim_back,full,success,0.11450216633333334,,,,
aarch64-unknown-linux-gnu,csv,1.4.0,string_record::tests::trim_both,full,success,0.11531546300000002,,,,
aarch64-unknown-linux-gnu,csv,1.4.0,string_record::tests::trim_does_not_panic_on_empty_records_1,full,success,0.110524259,,,,
aarch64-unknown-linux-gnu,csv,1.4.0,string_record::tests::trim_does_not_panic_on_empty_records_2,full,success,0.111288015,,,,
aarch64-unknown-linux-gnu,csv,1.4.0,string_record::tests::trim_does_not_panic_on_empty_records_3,full,success,0.10732302,,,,
aarch64-unknown-linux-gnu,csv,1.4.0,string_record::tests::trim_front,full,success,0.11586241966666666,,,,
aarch64-unknown-linux-gnu,csv,1.4.0,string_record::tests::trim_whitespace_only,full,success,0.12211829233333334,,,,
aarch64-unknown-linux-gnu,csv,1.4.0,writer::tests::comment_char_is_automatically_quoted,full,success,0.11083121033333333,,,,
aarch64-unknown-linux-gnu,csv,1.4.0,writer::tests::full_buffer_should_not_flush_underlying,full,success,0.11894520666666668,,,,
aarch64-unknown-linux-gnu,csv,1.4.0,writer::tests::one_byte_record,full,success,0.11331209733333335,,,,
aarch64-unknown-linux-gnu,csv,1.4.0,writer::tests::one_empty_record,full,success,0.10952781300000002,,,,
aarch64-unknown-linux-gnu,csv,1.4.0,writer::tests::one_record,full,success,0.11116452266666667,,,,
aarch64-unknown-linux-gnu,csv,1.4.0,writer::tests::one_string_record,full,success,0.11223889733333335,,,,
aarch64-unknown-linux-gnu,csv,1.4.0,writer::tests::raw_one_byte_record,full,success,0.112773907,,,,
aarch64-unknown-linux-gnu,csv,1.4.0,writer::tests::raw_one_empty_record,full,success,0.109799774,,,,
aarch64-unknown-linux-gnu,csv,1.4.0,writer::tests::raw_two_empty_records,full,success,0.11238880566666666,,,,
aarch64-unknown-linux-gnu,csv,1.4.0,writer::tests::raw_unequal_records_bad,full,success,0.11298036700000001,,,,
aarch64-unknown-linux-gnu,csv,1.4.0,writer::tests::raw_unequal_records_ok,full,success,0.11437936,,,,
aarch64-unknown-linux-gnu,csv,1.4.0,writer::tests::serialize_no_headers,full,success,0.11005009400000003,,,,
aarch64-unknown-linux-gnu,csv,1.4.0,writer::tests::serialize_no_headers_128,full,success,0.11206351766666667,,,,
aarch64-unknown-linux-gnu,csv,1.4.0,writer::tests::serialize_tuple,full,success,0.11169150566666668,,,,
aarch64-unknown-linux-gnu,csv,1.4.0,writer::tests::serialize_with_headers,full,success,0.11302405666666666,,,,
aarch64-unknown-linux-gnu,csv,1.4.0,writer::tests::two_empty_records,full,success,0.110395486,,,,
aarch64-unknown-linux-gnu,csv,1.4.0,writer::tests::unequal_records_bad,full,success,0.11376058666666666,,,,
aarch64-unknown-linux-gnu,csv,1.4.0,writer::tests::unequal_records_ok,full,success,0.11416894133333333,,,,
aarch64-unknown-linux-gnu,curve25519-dalek,4.1.3,backend::serial::u64::scalar::test::add,full,success,0.10737076100000002,,,,
aarch64-unknown-linux-gnu,curve25519-dalek,4.1.3,backend::serial::u64::scalar::test::from_bytes_wide,full,success,0.10952866000000001,,,,
aarch64-unknown-linux-gnu,curve25519-dalek,4.1.3,backend::serial::u64::scalar::test::montgomery_mul,full,success,0.10697706433333336,,,,
aarch64-unknown-linux-gnu,curve25519-dalek,4.1.3,backend::serial::u64::scalar::test::montgomery_mul_max,full,success,0.10718204733333335,,,,
aarch64-unknown-linux-gnu,curve25519-dalek,4.1.3,backend::serial::u64::scalar::test::montgomery_square_max,full,success,0.107221281,,,,
aarch64-unknown-linux-gnu,curve25519-dalek,4.1.3,backend::serial::u64::scalar::test::mul,full,success,0.10775797533333335,,,,
aarch64-unknown-linux-gnu,curve25519-dalek,4.1.3,backend::serial::u64::scalar::test::mul_max,full,success,0.10776203333333334,,,,
aarch64-unknown-linux-gnu,curve25519-dalek,4.1.3,backend::serial::u64::scalar::test::square_max,full,success,0.10752891166666667,,,,
aarch64-unknown-linux-gnu,curve25519-dalek,4.1.3,backend::serial::u64::scalar::test::sub,full,success,0.106545224,,,,
aarch64-unknown-linux-gnu,curve25519-dalek,4.1.3,constants::test::test_d_vs_ratio,full,success,0.11416803666666668,,,,
aarch64-unknown-linux-gnu,curve25519-dalek,4.1.3,constants::test::test_eight_torsion,full,success,0.19681930133333336,,,,
aarch64-unknown-linux-gnu,curve25519-dalek,4.1.3,constants::test::test_four_torsion,full,success,0.15194112133333335,,,,
aarch64-unknown-linux-gnu,curve25519-dalek,4.1.3,constants::test::test_sqrt_ad_minus_one,full,success,0.11035252866666667,,,,
aarch64-unknown-linux-gnu,curve25519-dalek,4.1.3,constants::test::test_sqrt_constants_sign,full,success,0.116940659,,,,
aarch64-unknown-linux-gnu,curve25519-dalek,4.1.3,constants::test::test_sqrt_minus_one,full,success,0.11026770433333334,,,,
aarch64-unknown-linux-gnu,curve25519-dalek,4.1.3,constants::test::test_two_torsion,full,success,0.12823047033333335,,,,
aarch64-unknown-linux-gnu,curve25519-dalek,4.1.3,edwards::test::basepoint16_vs_mul_by_pow_2_4,full,success,0.109244663,,,,
aarch64-unknown-linux-gnu,curve25519-dalek,4.1.3,edwards::test::basepoint_decompression_compression,full,success,0.12499529500000002,,,,
aarch64-unknown-linux-gnu,curve25519-dalek,4.1.3,edwards::test::basepoint_double_vs_basepoint2,full,success,0.10872521800000001,,,,
aarch64-unknown-linux-gnu,curve25519-dalek,4.1.3,edwards::test::basepoint_mult_by_basepoint_order,full,success,0.223646126,,,,
aarch64-unknown-linux-gnu,curve25519-dalek,4.1.3,edwards::test::basepoint_mult_one_vs_basepoint,full,success,0.21858119900000003,,,,
aarch64-unknown-linux-gnu,curve25519-dalek,4.1.3,edwards::test::basepoint_mult_two_vs_basepoint2,full,success,0.22393672866666667,,,,
aarch64-unknown-linux-gnu,curve25519-dalek,4.1.3,edwards::test::basepoint_mult_vs_ed25519py,full,success,0.21984974733333332,,,,
aarch64-unknown-linux-gnu,curve25519-dalek,4.1.3,edwards::test::basepoint_plus_basepoint_affine_niels_vs_basepoint2,full,success,0.10870954733333334,,,,
aarch64-unknown-linux-gnu,curve25519-dalek,4.1.3,edwards::test::basepoint_plus_basepoint_projective_niels_vs_basepoint2,full,success,0.10883750166666668,,,,
aarch64-unknown-linux-gnu,curve25519-dalek,4.1.3,edwards::test::basepoint_plus_basepoint_vs_basepoint2,full,success,0.10939207366666669,,,,
aarch64-unknown-linux-gnu,curve25519-dalek,4.1.3,edwards::test::basepoint_projective_extended_round_trip,full,success,0.10866536133333334,,,,
aarch64-unknown-linux-gnu,curve25519-dalek,4.1.3,edwards::test::basepoint_table_basepoint_function_correct,full,success,0.110529994,,,,
aarch64-unknown-linux-gnu,curve25519-dalek,4.1.3,edwards::test::basepoint_tables,full,success,10.562028304,,,,
aarch64-unknown-linux-gnu,curve25519-dalek,4.1.3,edwards::test::basepoint_tables_unreduced_scalar,full,success,10.48804923,,,,
aarch64-unknown-linux-gnu,curve25519-dalek,4.1.3,edwards::test::compressed_identity,full,success,0.10851300733333334,,,,
aarch64-unknown-linux-gnu,curve25519-dalek,4.1.3,edwards::test::conditional_assign_for_affine_niels_point,full,success,0.124331319,,,,
aarch64-unknown-linux-gnu,curve25519-dalek,4.1.3,edwards::test::decompression_sign_handling,full,success,0.12566943266666666,,,,
aarch64-unknown-linux-gnu,curve25519-dalek,4.1.3,edwards::test::extended_point_equality_handles_scaling,full,success,0.11365500333333334,,,,
aarch64-unknown-linux-gnu,curve25519-dalek,4.1.3,edwards::test::impl_sum,full,success,1.9847257983333335,,,,
aarch64-unknown-linux-gnu,curve25519-dalek,4.1.3,edwards::test::is_identity,full,success,0.11779657633333335,,,,
aarch64-unknown-linux-gnu,curve25519-dalek,4.1.3,edwards::test::is_small_order,full,success,0.16171540533333337,,,,
aarch64-unknown-linux-gnu,curve25519-dalek,4.1.3,edwards::test::scalar_mul_vs_ed25519py,full,success,0.4169161076666667,,,,
aarch64-unknown-linux-gnu,curve25519-dalek,4.1.3,edwards::test::scalarmult_extended_point_works_both_ways,full,success,0.7261791246666668,,,,
aarch64-unknown-linux-gnu,curve25519-dalek,4.1.3,edwards::test::test_precomputed_basepoint_mult,full,success,0.5309692600000001,,,,
aarch64-unknown-linux-gnu,curve25519-dalek,4.1.3,edwards::test::to_affine_niels_clears_denominators,full,success,0.22451673833333333,,,,
aarch64-unknown-linux-gnu,curve25519-dalek,4.1.3,edwards::test::vartime::double_scalar_mul_basepoint_vs_ed25519py,full,success,0.21563328633333334,,,,
aarch64-unknown-linux-gnu,curve25519-dalek,4.1.3,edwards::test::vartime::multiscalar_mul_vartime_vs_consttime,full,success,1.1267788226666668,,,,
aarch64-unknown-linux-gnu,curve25519-dalek,4.1.3,edwards::test::vartime::multiscalar_mul_vs_ed25519py,full,success,0.33968985600000007,,,,
aarch64-unknown-linux-gnu,curve25519-dalek,4.1.3,field::test::a_invert_vs_inverse_of_a_constant,full,success,0.11627954433333333,,,,
aarch64-unknown-linux-gnu,curve25519-dalek,4.1.3,field::test::a_mul_a_vs_a_squared_constant,full,success,0.11195933966666667,,,,
aarch64-unknown-linux-gnu,curve25519-dalek,4.1.3,field::test::a_p58_vs_ap58_constant,full,success,0.11266543966666669,,,,
aarch64-unknown-linux-gnu,curve25519-dalek,4.1.3,field::test::a_square2_vs_a_squared_constant,full,success,0.11217352600000001,,,,
aarch64-unknown-linux-gnu,curve25519-dalek,4.1.3,field::test::a_square_vs_a_squared_constant,full,success,0.111339856,,,,
aarch64-unknown-linux-gnu,curve25519-dalek,4.1.3,field::test::batch_invert_a_matches_nonbatched,full,success,0.16174917733333335,,,,
aarch64-unknown-linux-gnu,curve25519-dalek,4.1.3,field::test::batch_invert_empty,full,success,0.11116873266666667,,,,
aarch64-unknown-linux-gnu,curve25519-dalek,4.1.3,field::test::conditional_negate,full,success,0.11596315933333334,,,,
aarch64-unknown-linux-gnu,curve25519-dalek,4.1.3,field::test::encoding_is_canonical,full,success,0.11042769766666667,,,,
aarch64-unknown-linux-gnu,curve25519-dalek,4.1.3,field::test::equality,full,success,0.11538479166666667,,,,
aarch64-unknown-linux-gnu,curve25519-dalek,4.1.3,field::test::from_bytes_highbit_is_ignored,full,success,0.11172304033333334,,,,
aarch64-unknown-linux-gnu,curve25519-dalek,4.1.3,field::test::sqrt_ratio_behavior,full,success,0.16241220733333336,,,,
aarch64-unknown-linux-gnu,curve25519-dalek,4.1.3,montgomery::test::basepoint_edwards_to_montgomery,full,success,0.11082753766666666,,,,
aarch64-unknown-linux-gnu,curve25519-dalek,4.1.3,montgomery::test::basepoint_montgomery_to_edwards,full,success,0.13970451766666667,,,,
aarch64-unknown-linux-gnu,curve25519-dalek,4.1.3,montgomery::test::eq_defined_mod_p,full,success,0.111533795,,,,
aarch64-unknown-linux-gnu,curve25519-dalek,4.1.3,montgomery::test::identity_in_different_coordinates,full,success,0.11278750733333333,,,,
aarch64-unknown-linux-gnu,curve25519-dalek,4.1.3,montgomery::test::identity_in_different_models,full,success,0.11236956933333335,,,,
aarch64-unknown-linux-gnu,curve25519-dalek,4.1.3,montgomery::test::montgomery_elligator_correct,full,success,0.12017697166666667,,,,
aarch64-unknown-linux-gnu,curve25519-dalek,4.1.3,montgomery::test::montgomery_elligator_zero_zero,full,success,0.12039296166666669,,,,
aarch64-unknown-linux-gnu,curve25519-dalek,4.1.3,montgomery::test::montgomery_to_edwards_rejects_twist,full,success,0.124456354,,,,
aarch64-unknown-linux-gnu,curve25519-dalek,4.1.3,montgomery::test::mul_base_clamped,full,success,37.557457456,,,,
aarch64-unknown-linux-gnu,curve25519-dalek,4.1.3,ristretto::test::basepoint_roundtrip,full,success,0.12946796866666668,,,,
aarch64-unknown-linux-gnu,curve25519-dalek,4.1.3,ristretto::test::compress_id,full,success,0.11435714000000001,,,,
aarch64-unknown-linux-gnu,curve25519-dalek,4.1.3,ristretto::test::decompress_id,full,success,0.12247036633333334,,,,
aarch64-unknown-linux-gnu,curve25519-dalek,4.1.3,ristretto::test::decompress_negative_s_fails,full,success,0.10936317000000001,,,,
aarch64-unknown-linux-gnu,curve25519-dalek,4.1.3,ristretto::test::elligator_vs_ristretto_sage,full,success,0.3796913686666667,,,,
aarch64-unknown-linux-gnu,curve25519-dalek,4.1.3,ristretto::test::encodings_of_small_multiples_of_basepoint,full,success,0.2544881726666667,,,,
aarch64-unknown-linux-gnu,curve25519-dalek,4.1.3,ristretto::test::four_torsion_basepoint,full,success,0.1303805246666667,,,,
aarch64-unknown-linux-gnu,curve25519-dalek,4.1.3,ristretto::test::four_torsion_random,full,success,0.24416404733333333,,,,
aarch64-unknown-linux-gnu,curve25519-dalek,4.1.3,ristretto::test::impl_sum,full,success,1.9664879346666668,,,,
aarch64-unknown-linux-gnu,curve25519-dalek,4.1.3,ristretto::test::one_way_map,full,success,0.40288674733333335,,,,
aarch64-unknown-linux-gnu,curve25519-dalek,4.1.3,ristretto::test::random_roundtrip,full,success,14.300516198666665,,,,
aarch64-unknown-linux-gnu,curve25519-dalek,4.1.3,ristretto::test::scalarmult_ristrettopoint_works_both_ways,full,success,0.7366232636666666,,,,
aarch64-unknown-linux-gnu,curve25519-dalek,4.1.3,scalar::test::add_reduces,full,success,0.10966989566666667,,,,
aarch64-unknown-linux-gnu,curve25519-dalek,4.1.3,scalar::test::batch_invert_consistency,full,success,0.6498574820000002,,,,
aarch64-unknown-linux-gnu,curve25519-dalek,4.1.3,scalar::test::batch_invert_empty,full,success,0.2674619196666667,,,,
aarch64-unknown-linux-gnu,curve25519-dalek,4.1.3,scalar::test::batch_invert_with_a_zero_input_panics,full,success,0.14416716933333334,,,,
aarch64-unknown-linux-gnu,curve25519-dalek,4.1.3,scalar::test::canonical_decoding,full,success,0.118429436,,,,
aarch64-unknown-linux-gnu,curve25519-dalek,4.1.3,scalar::test::from_bytes_mod_order_wide,full,success,0.11123224666666666,,,,
aarch64-unknown-linux-gnu,curve25519-dalek,4.1.3,scalar::test::from_u64,full,success,0.10730420333333335,,,,
aarch64-unknown-linux-gnu,curve25519-dalek,4.1.3,scalar::test::fuzzer_testcase_reduction,full,success,0.12390206633333334,,,,
aarch64-unknown-linux-gnu,curve25519-dalek,4.1.3,scalar::test::impl_add,full,success,0.11314718266666668,,,,
aarch64-unknown-linux-gnu,curve25519-dalek,4.1.3,scalar::test::impl_mul,full,success,0.1122134,,,,
aarch64-unknown-linux-gnu,curve25519-dalek,4.1.3,scalar::test::impl_product,full,success,0.20107643,,,,
aarch64-unknown-linux-gnu,curve25519-dalek,4.1.3,scalar::test::impl_sum,full,success,0.173123841,,,,
aarch64-unknown-linux-gnu,curve25519-dalek,4.1.3,scalar::test::invert,full,success,0.2706366373333333,,,,
aarch64-unknown-linux-gnu,curve25519-dalek,4.1.3,scalar::test::montgomery_reduce_matches_from_bytes_mod_order_wide,full,success,0.11330988933333334,,,,
aarch64-unknown-linux-gnu,curve25519-dalek,4.1.3,scalar::test::neg_twice_is_identity,full,success,0.11621393366666667,,,,
aarch64-unknown-linux-gnu,curve25519-dalek,4.1.3,scalar::test::non_adjacent_form_test_vector,full,success,0.12425397,,,,
aarch64-unknown-linux-gnu,curve25519-dalek,4.1.3,scalar::test::reduce,full,success,0.11083300433333333,,,,
aarch64-unknown-linux-gnu,curve25519-dalek,4.1.3,scalar::test::scalar_mul_by_one,full,success,0.10944442366666668,,,,
aarch64-unknown-linux-gnu,curve25519-dalek,4.1.3,scalar::test::square,full,success,0.11126199366666667,,,,
aarch64-unknown-linux-gnu,curve25519-dalek,4.1.3,scalar::test::sub_reduces,full,success,0.10949137199999999,,,,
aarch64-unknown-linux-gnu,curve25519-dalek,4.1.3,scalar::test::test_mul_reduction_invariance,full,success,0.5967124363333333,,,,
aarch64-unknown-linux-gnu,curve25519-dalek,4.1.3,scalar::test::test_read_le_u64_into,full,success,0.10703917866666668,,,,
aarch64-unknown-linux-gnu,curve25519-dalek,4.1.3,scalar::test::test_read_le_u64_into_should_panic_on_bad_input,full,success,0.11368851633333334,,,,
aarch64-unknown-linux-gnu,curve25519-dalek,4.1.3,scalar::test::test_scalar_clamp,full,success,0.10812537333333334,,,,
aarch64-unknown-linux-gnu,curve25519-dalek,4.1.3,scalar::test::test_scalar_from_int,full,success,0.126802689,,,,
aarch64-unknown-linux-gnu,curve25519-dalek,4.1.3,scalar::test::to_bytes_from_bytes_roundtrips,full,success,0.10892504566666666,,,,
aarch64-unknown-linux-gnu,der,0.8.0,asn1::bit_string::tests::bitstring_valueord_value_cmp,full,success,0.10865546799999999,,,,
aarch64-unknown-linux-gnu,der,0.8.0,asn1::bit_string::tests::decode_bitstring_with_unused_bits,full,success,0.11065913200000001,,,,
aarch64-unknown-linux-gnu,der,0.8.0,asn1::bit_string::tests::decode_empty_bitstring,full,success,0.107683421,,,,
aarch64-unknown-linux-gnu,der,0.8.0,asn1::bit_string::tests::decode_non_empty_bitstring,full,success,0.10765602033333334,,,,
aarch64-unknown-linux-gnu,der,0.8.0,asn1::bit_string::tests::reject_unused_bits_in_empty_string,full,success,0.10687442766666667,,,,
aarch64-unknown-linux-gnu,der,0.8.0,asn1::boolean::tests::decode,full,success,0.10833013600000001,,,,
aarch64-unknown-linux-gnu,der,0.8.0,asn1::boolean::tests::encode,full,success,0.10770822800000002,,,,
aarch64-unknown-linux-gnu,der,0.8.0,asn1::boolean::tests::reject_non_canonical,full,success,0.10782479133333334,,,,
aarch64-unknown-linux-gnu,der,0.8.0,asn1::context_specific::tests::context_specific_not_skipping_unknown_field,full,success,0.10695368633333334,,,,
aarch64-unknown-linux-gnu,der,0.8.0,asn1::context_specific::tests::context_specific_returns_none_on_greater_tag_number,full,success,0.10748300000000001,,,,
aarch64-unknown-linux-gnu,der,0.8.0,asn1::context_specific::tests::context_specific_with_explicit_field,full,success,0.10846247400000002,,,,
aarch64-unknown-linux-gnu,der,0.8.0,asn1::context_specific::tests::context_specific_with_implicit_field,full,success,0.10833202633333334,,,,
aarch64-unknown-linux-gnu,der,0.8.0,asn1::context_specific::tests::round_trip,full,success,0.10867817933333335,,,,
aarch64-unknown-linux-gnu,der,0.8.0,asn1::generalized_time::tests::invalid_day_generalized_time,full,success,0.10761497033333334,,,,
aarch64-unknown-linux-gnu,der,0.8.0,asn1::generalized_time::tests::invalid_hour_generalized_time,full,success,0.10783416366666666,,,,
aarch64-unknown-linux-gnu,der,0.8.0,asn1::generalized_time::tests::invalid_minute_generalized_time,full,success,0.10826519899999999,,,,
aarch64-unknown-linux-gnu,der,0.8.0,asn1::generalized_time::tests::invalid_month_generalized_time,full,success,0.10837988200000002,,,,
aarch64-unknown-linux-gnu,der,0.8.0,asn1::generalized_time::tests::invalid_second_generalized_time,full,success,0.108192988,,,,
aarch64-unknown-linux-gnu,der,0.8.0,asn1::generalized_time::tests::invalid_year_generalized_time,full,success,0.10780557066666667,,,,
aarch64-unknown-linux-gnu,der,0.8.0,asn1::generalized_time::tests::max_valid_generalized_time,full,success,0.11070004466666668,,,,
aarch64-unknown-linux-gnu,der,0.8.0,asn1::generalized_time::tests::round_trip,full,success,0.110322123,,,,
aarch64-unknown-linux-gnu,der,0.8.0,asn1::ia5_string::tests::parse_bytes,full,success,0.10907109266666666,,,,
aarch64-unknown-linux-gnu,der,0.8.0,asn1::integer::int::tests::decode_intref,full,success,0.11077734400000001,,,,
aarch64-unknown-linux-gnu,der,0.8.0,asn1::integer::int::tests::encode_intref,full,success,0.11333030566666667,,,,
aarch64-unknown-linux-gnu,der,0.8.0,asn1::integer::int::tests::validate_canonical_err,full,success,0.10817741566666667,,,,
aarch64-unknown-linux-gnu,der,0.8.0,asn1::integer::int::tests::validate_canonical_ok,full,success,0.107823093,,,,
aarch64-unknown-linux-gnu,der,0.8.0,asn1::integer::tests::decode_i16,full,success,0.11166873100000001,,,,
aarch64-unknown-linux-gnu,der,0.8.0,asn1::integer::tests::decode_i8,full,success,0.11000335333333333,,,,
aarch64-unknown-linux-gnu,der,0.8.0,asn1::integer::tests::decode_u16,full,success,0.11110080600000001,,,,
aarch64-unknown-linux-gnu,der,0.8.0,asn1::integer::tests::decode_u8,full,success,0.10955289533333334,,,,
aarch64-unknown-linux-gnu,der,0.8.0,asn1::integer::tests::encode_i16,full,success,0.11230605133333334,,,,
aarch64-unknown-linux-gnu,der,0.8.0,asn1::integer::tests::encode_i8,full,success,0.10922475166666668,,,,
aarch64-unknown-linux-gnu,der,0.8.0,asn1::integer::tests::encode_u16,full,success,0.11216606300000002,,,,
aarch64-unknown-linux-gnu,der,0.8.0,asn1::integer::tests::encode_u8,full,success,0.10918132000000001,,,,
aarch64-unknown-linux-gnu,der,0.8.0,asn1::integer::tests::reject_empty,full,success,0.10930065333333333,,,,
aarch64-unknown-linux-gnu,der,0.8.0,asn1::integer::tests::reject_non_canonical,full,success,0.10960823833333333,,,,
aarch64-unknown-linux-gnu,der,0.8.0,asn1::integer::uint::tests::decode_to_array_extra_zero,full,success,0.108857227,,,,
aarch64-unknown-linux-gnu,der,0.8.0,asn1::integer::uint::tests::decode_to_array_leading_zero,full,success,0.10916920066666669,,,,
aarch64-unknown-linux-gnu,der,0.8.0,asn1::integer::uint::tests::decode_to_array_missing_zero,full,success,0.10896322466666668,,,,
aarch64-unknown-linux-gnu,der,0.8.0,asn1::integer::uint::tests::decode_to_array_no_leading_zero,full,success,0.10938561733333334,,,,
aarch64-unknown-linux-gnu,der,0.8.0,asn1::integer::uint::tests::decode_to_array_oversized_input,full,success,0.10948235499999999,,,,
aarch64-unknown-linux-gnu,der,0.8.0,asn1::integer::uint::tests::decode_uintref,full,success,0.11066793733333334,,,,
aarch64-unknown-linux-gnu,der,0.8.0,asn1::integer::uint::tests::encode_uintref,full,success,0.11321960966666667,,,,
aarch64-unknown-linux-gnu,der,0.8.0,asn1::integer::uint::tests::reject_oversize_without_extra_zero,full,success,0.10907875533333335,,,,
aarch64-unknown-linux-gnu,der,0.8.0,asn1::null::tests::decode,full,success,0.10860279766666665,,,,
aarch64-unknown-linux-gnu,der,0.8.0,asn1::null::tests::encode,full,success,0.10975129166666668,,,,
aarch64-unknown-linux-gnu,der,0.8.0,asn1::null::tests::reject_non_canonical,full,success,0.10918066333333333,,,,
aarch64-unknown-linux-gnu,der,0.8.0,asn1::octet_string::tests::octet_string_decode,full,success,0.10937160733333334,,,,
aarch64-unknown-linux-gnu,der,0.8.0,asn1::octet_string::tests::octet_string_decode_into,full,success,0.10939750466666669,,,,
aarch64-unknown-linux-gnu,der,0.8.0,asn1::printable_string::tests::parse_bytes,full,success,0.108949185,,,,
aarch64-unknown-linux-gnu,der,0.8.0,asn1::teletex_string::tests::parse_bytes,full,success,0.10860114466666666,,,,
aarch64-unknown-linux-gnu,der,0.8.0,asn1::utc_time::tests::round_trip_vector,full,success,0.11144518166666667,,,,
aarch64-unknown-linux-gnu,der,0.8.0,asn1::utf8_string::tests::parse_ascii_bytes,full,success,0.10801088533333335,,,,
aarch64-unknown-linux-gnu,der,0.8.0,asn1::utf8_string::tests::parse_utf8_bytes,full,success,0.10936646100000001,,,,
aarch64-unknown-linux-gnu,der,0.8.0,asn1::videotex_string::tests::parse_bytes,full,success,0.10894334566666668,,,,
aarch64-unknown-linux-gnu,der,0.8.0,datetime::tests::feb_leap_year_handling,full,success,0.107828594,,,,
aarch64-unknown-linux-gnu,der,0.8.0,datetime::tests::from_str,full,success,0.10923197800000001,,,,
aarch64-unknown-linux-gnu,der,0.8.0,datetime::tests::invalid_dates,full,success,0.10873563233333335,,,,
aarch64-unknown-linux-gnu,der,0.8.0,encoding_rules::tests::parse,full,success,0.10888941433333334,,,,
aarch64-unknown-linux-gnu,der,0.8.0,header::tests::negative_peek_overlength_header,full,success,0.10795253500000002,,,,
aarch64-unknown-linux-gnu,der,0.8.0,header::tests::peek,full,success,0.10932018533333333,,,,
aarch64-unknown-linux-gnu,der,0.8.0,header::tests::peek_max_header,full,success,0.11018232533333334,,,,
aarch64-unknown-linux-gnu,der,0.8.0,length::tests::add_overflows_when_max_length_exceeded,full,success,0.10990785033333335,,,,
aarch64-unknown-linux-gnu,der,0.8.0,length::tests::decode,full,success,0.11096016133333335,,,,
aarch64-unknown-linux-gnu,der,0.8.0,length::tests::der_ord,full,success,0.10855157533333333,,,,
aarch64-unknown-linux-gnu,der,0.8.0,length::tests::encode,full,success,0.11105125133333334,,,,
aarch64-unknown-linux-gnu,der,0.8.0,reader::slice::tests::empty_message,full,success,0.109117244,,,,
aarch64-unknown-linux-gnu,der,0.8.0,reader::slice::tests::invalid_field_length,full,success,0.10891657466666667,,,,
aarch64-unknown-linux-gnu,der,0.8.0,reader::slice::tests::trailing_data,full,success,0.11048850500000001,,,,
aarch64-unknown-linux-gnu,der,0.8.0,tag::tests::decoding,full,success,0.11010787133333333,,,,
aarch64-unknown-linux-gnu,der,0.8.0,tag::tests::negative_peek_long_tags,full,success,0.10921478166666666,,,,
aarch64-unknown-linux-gnu,der,0.8.0,tag::tests::peek,full,success,0.10840222133333333,,,,
aarch64-unknown-linux-gnu,der,0.8.0,tag::tests::peek_long_tags,full,success,0.109013819,,,,
aarch64-unknown-linux-gnu,der,0.8.0,tag::tests::tag_class,full,success,0.111428309,,,,
aarch64-unknown-linux-gnu,der,0.8.0,tag::tests::tag_order,full,success,0.10952535833333334,,,,
aarch64-unknown-linux-gnu,der,0.8.0,writer::slice::tests::overlength_message,full,success,0.10886150933333333,,,,
aarch64-unknown-linux-gnu,dirs-sys-next,0.1.2,xdg_user_dirs::tests::test_absolute_path_is_accepted,full,success,0.11495557966666668,,,,
aarch64-unknown-linux-gnu,dirs-sys-next,0.1.2,xdg_user_dirs::tests::test_disabled_directory,full,success,0.10913131600000002,,,,
aarch64-unknown-linux-gnu,dirs-sys-next,0.1.2,xdg_user_dirs::tests::test_parse_empty,full,success,0.10712460766666669,,,,
aarch64-unknown-linux-gnu,dirs-sys-next,0.1.2,xdg_user_dirs::tests::test_parse_user_dirs,full,success,0.20701234033333335,,,,
aarch64-unknown-linux-gnu,dirs-sys-next,0.1.2,xdg_user_dirs::tests::test_relative_path_is_rejected,full,success,0.10826565133333334,,,,
aarch64-unknown-linux-gnu,dirs-sys-next,0.1.2,xdg_user_dirs::tests::test_relative_to_home,full,success,0.11356197533333334,,,,
aarch64-unknown-linux-gnu,dirs-sys-next,0.1.2,xdg_user_dirs::tests::test_shell_unescape,full,success,0.10786161333333334,,,,
aarch64-unknown-linux-gnu,dirs-sys-next,0.1.2,xdg_user_dirs::tests::test_split_once,full,success,0.10700281500000001,,,,
aarch64-unknown-linux-gnu,dirs-sys-next,0.1.2,xdg_user_dirs::tests::test_trim_blank,full,success,0.10772888733333334,,,,
aarch64-unknown-linux-gnu,dirs-sys,0.5.0,xdg_user_dirs::tests::test_absolute_path_is_accepted,full,success,0.11193141566666666,,,,
aarch64-unknown-linux-gnu,dirs-sys,0.5.0,xdg_user_dirs::tests::test_disabled_directory,full,success,0.107350931,,,,
aarch64-unknown-linux-gnu,dirs-sys,0.5.0,xdg_user_dirs::tests::test_parse_empty,full,success,0.10638475433333333,,,,
aarch64-unknown-linux-gnu,dirs-sys,0.5.0,xdg_user_dirs::tests::test_parse_user_dirs,full,success,0.20497406966666668,,,,
aarch64-unknown-linux-gnu,dirs-sys,0.5.0,xdg_user_dirs::tests::test_relative_path_is_rejected,full,success,0.10855180600000001,,,,
aarch64-unknown-linux-gnu,dirs-sys,0.5.0,xdg_user_dirs::tests::test_relative_to_home,full,success,0.112746697,,,,
aarch64-unknown-linux-gnu,dirs-sys,0.5.0,xdg_user_dirs::tests::test_shell_unescape,full,success,0.10667220666666667,,,,
aarch64-unknown-linux-gnu,dirs-sys,0.5.0,xdg_user_dirs::tests::test_split_once,full,success,0.10663468533333335,,,,
aarch64-unknown-linux-gnu,dirs-sys,0.5.0,xdg_user_dirs::tests::test_trim_blank,full,success,0.10739172766666667,,,,
aarch64-unknown-linux-gnu,either,1.15.0,basic,full,success,0.105728436,,,,
aarch64-unknown-linux-gnu,either,1.15.0,deref,full,success,0.10736016933333335,,,,
aarch64-unknown-linux-gnu,either,1.15.0,error,full,success,0.10564111100000001,,,,
aarch64-unknown-linux-gnu,either,1.15.0,iter,full,success,0.10681348166666667,,,,
aarch64-unknown-linux-gnu,either,1.15.0,macros,full,success,0.10521126900000001,,,,
aarch64-unknown-linux-gnu,either,1.15.0,read_write,full,success,0.10500911666666668,,,,
aarch64-unknown-linux-gnu,either,1.15.0,seek,full,success,0.24263498133333336,,,,
aarch64-unknown-linux-gnu,encoding_rs,0.8.35,ascii::tests::test_ascii_to_ascii,full,success,0.22630709766666668,,,,
aarch64-unknown-linux-gnu,encoding_rs,0.8.35,ascii::tests::test_ascii_to_basic_latin,full,success,0.22642739366666667,,,,
aarch64-unknown-linux-gnu,encoding_rs,0.8.35,ascii::tests::test_basic_latin_to_ascii,full,success,0.22638165133333335,,,,
aarch64-unknown-linux-gnu,encoding_rs,0.8.35,big5::tests::test_big5_decode,full,success,0.845172428,,,,
aarch64-unknown-linux-gnu,encoding_rs,0.8.35,big5::tests::test_big5_encode,full,success,0.17918328000000003,,,,
aarch64-unknown-linux-gnu,encoding_rs,0.8.35,euc_jp::tests::test_euc_jp_decode,full,success,0.856345496,,,,
aarch64-unknown-linux-gnu,encoding_rs,0.8.35,euc_jp::tests::test_euc_jp_encode,full,success,0.238050511,,,,
aarch64-unknown-linux-gnu,encoding_rs,0.8.35,euc_kr::tests::test_euc_kr_decode,full,success,0.2632652256666667,,,,
aarch64-unknown-linux-gnu,encoding_rs,0.8.35,euc_kr::tests::test_euc_kr_encode,full,success,3.0888315326666667,,,,
aarch64-unknown-linux-gnu,encoding_rs,0.8.35,euc_kr::tests::test_euc_kr_encode_from_two_low_surrogates,full,success,0.11110275866666668,,,,
aarch64-unknown-linux-gnu,encoding_rs,0.8.35,gb18030::tests::test_gb18030_decode,full,success,1.0894187616666666,,,,
aarch64-unknown-linux-gnu,encoding_rs,0.8.35,gb18030::tests::test_gb18030_encode,full,success,8.205419382666667,,,,
aarch64-unknown-linux-gnu,encoding_rs,0.8.35,gb18030::tests::test_gb18030_encode_from_utf16_max_length,full,success,0.10949842633333334,,,,
aarch64-unknown-linux-gnu,encoding_rs,0.8.35,gb18030::tests::test_gbk_encode,full,success,8.17699833,,,,
aarch64-unknown-linux-gnu,encoding_rs,0.8.35,iso_2022_jp::tests::test_iso_2022_jp_decode,full,success,2.750742627333333,,,,
aarch64-unknown-linux-gnu,encoding_rs,0.8.35,iso_2022_jp::tests::test_iso_2022_jp_encode,full,success,7.487147038333333,,,,
aarch64-unknown-linux-gnu,encoding_rs,0.8.35,iso_2022_jp::tests::test_iso_2022_jp_encode_from_two_low_surrogates,full,success,0.10841966200000001,,,,
aarch64-unknown-linux-gnu,encoding_rs,0.8.35,iso_2022_jp::tests::test_iso_2022_jp_half_width_katakana_length,full,success,0.10861571966666668,,,,
aarch64-unknown-linux-gnu,encoding_rs,0.8.35,iso_2022_jp::tests::test_iso_2022_jp_length_after_escape,full,success,0.108072439,,,,
aarch64-unknown-linux-gnu,encoding_rs,0.8.35,mem::tests::test_check_str_for_latin1_and_bidi,full,success,0.10854201333333335,,,,
aarch64-unknown-linux-gnu,encoding_rs,0.8.35,mem::tests::test_check_utf16_for_latin1_and_bidi,full,success,0.10924952133333334,,,,
aarch64-unknown-linux-gnu,encoding_rs,0.8.35,mem::tests::test_check_utf8_for_latin1_and_bidi,full,success,0.109176159,,,,
aarch64-unknown-linux-gnu,encoding_rs,0.8.35,mem::tests::test_convert_latin1_to_utf16,full,success,0.17511751633333336,,,,
aarch64-unknown-linux-gnu,encoding_rs,0.8.35,mem::tests::test_convert_latin1_to_utf8,full,success,0.22306645133333336,,,,
aarch64-unknown-linux-gnu,encoding_rs,0.8.35,mem::tests::test_convert_latin1_to_utf8_partial,full,success,0.10894523333333334,,,,
aarch64-unknown-linux-gnu,encoding_rs,0.8.35,mem::tests::test_convert_str_to_utf16,full,success,0.11393097633333334,,,,
aarch64-unknown-linux-gnu,encoding_rs,0.8.35,mem::tests::test_convert_utf16_to_latin1_lossy,full,success,0.175954898,,,,
aarch64-unknown-linux-gnu,encoding_rs,0.8.35,mem::tests::test_convert_utf16_to_latin1_lossy_panics,full,success,0.10817481566666666,,,,
aarch64-unknown-linux-gnu,encoding_rs,0.8.35,mem::tests::test_convert_utf16_to_utf8,full,success,0.11452115700000003,,,,
aarch64-unknown-linux-gnu,encoding_rs,0.8.35,mem::tests::test_convert_utf16_to_utf8_partial,full,success,0.11692719400000001,,,,
aarch64-unknown-linux-gnu,encoding_rs,0.8.35,mem::tests::test_convert_utf8_to_latin1_lossy,full,success,0.244453743,,,,
aarch64-unknown-linux-gnu,encoding_rs,0.8.35,mem::tests::test_convert_utf8_to_latin1_lossy_panics,full,success,0.11423592833333335,,,,
aarch64-unknown-linux-gnu,encoding_rs,0.8.35,mem::tests::test_convert_utf8_to_utf16,full,success,0.11361815833333334,,,,
aarch64-unknown-linux-gnu,encoding_rs,0.8.35,mem::tests::test_convert_utf8_to_utf16_without_replacement,full,success,0.10981911,,,,
aarch64-unknown-linux-gnu,encoding_rs,0.8.35,mem::tests::test_decode_latin1,full,success,0.10889871000000001,,,,
aarch64-unknown-linux-gnu,encoding_rs,0.8.35,mem::tests::test_encode_latin1_lossy,full,success,0.10836217166666667,,,,
aarch64-unknown-linux-gnu,encoding_rs,0.8.35,mem::tests::test_ensure_utf16_validity,full,success,0.10995705333333335,,,,
aarch64-unknown-linux-gnu,encoding_rs,0.8.35,mem::tests::test_is_ascii_fail,full,success,0.444261016,,,,
aarch64-unknown-linux-gnu,encoding_rs,0.8.35,mem::tests::test_is_ascii_success,full,success,0.152573613,,,,
aarch64-unknown-linux-gnu,encoding_rs,0.8.35,mem::tests::test_is_basic_latin_fail,full,success,0.4395675976666667,,,,
aarch64-unknown-linux-gnu,encoding_rs,0.8.35,mem::tests::test_is_basic_latin_success,full,success,0.17065451333333334,,,,
aarch64-unknown-linux-gnu,encoding_rs,0.8.35,mem::tests::test_is_char_bidi,full,success,0.10898461966666668,,,,
aarch64-unknown-linux-gnu,encoding_rs,0.8.35,mem::tests::test_is_str_bidi,full,success,0.10786785966666668,,,,
aarch64-unknown-linux-gnu,encoding_rs,0.8.35,mem::tests::test_is_str_latin1_fail,full,success,1.157274834,,,,
aarch64-unknown-linux-gnu,encoding_rs,0.8.35,mem::tests::test_is_str_latin1_success,full,success,0.27917431333333337,,,,
aarch64-unknown-linux-gnu,encoding_rs,0.8.35,mem::tests::test_is_utf16_bidi,full,success,0.11148516600000002,,,,
aarch64-unknown-linux-gnu,encoding_rs,0.8.35,mem::tests::test_is_utf16_code_unit_bidi,full,success,0.10847445766666668,,,,
aarch64-unknown-linux-gnu,encoding_rs,0.8.35,mem::tests::test_is_utf16_latin1_fail,full,success,7.096714332333334,,,,
aarch64-unknown-linux-gnu,encoding_rs,0.8.35,mem::tests::test_is_utf16_latin1_success,full,success,0.317767607,,,,
aarch64-unknown-linux-gnu,encoding_rs,0.8.35,mem::tests::test_is_utf8_bidi,full,success,0.109636519,,,,
aarch64-unknown-linux-gnu,encoding_rs,0.8.35,mem::tests::test_is_utf8_bidi_edge_cases,full,success,0.10824230000000001,,,,
aarch64-unknown-linux-gnu,encoding_rs,0.8.35,mem::tests::test_is_utf8_latin1_fail,full,success,1.329490274,,,,
aarch64-unknown-linux-gnu,encoding_rs,0.8.35,mem::tests::test_is_utf8_latin1_invalid,full,success,0.109124223,,,,
aarch64-unknown-linux-gnu,encoding_rs,0.8.35,mem::tests::test_is_utf8_latin1_success,full,success,0.2786317683333333,,,,
aarch64-unknown-linux-gnu,encoding_rs,0.8.35,mem::tests::test_utf16_valid_up_to,full,success,0.10857913366666667,,,,
aarch64-unknown-linux-gnu,encoding_rs,0.8.35,replacement::tests::test_replacement_decode,full,success,0.11373462566666666,,,,
aarch64-unknown-linux-gnu,encoding_rs,0.8.35,replacement::tests::test_replacement_encode,full,success,0.136945644,,,,
aarch64-unknown-linux-gnu,encoding_rs,0.8.35,shift_jis::tests::test_shift_jis_decode,full,success,0.404239043,,,,
aarch64-unknown-linux-gnu,encoding_rs,0.8.35,shift_jis::tests::test_shift_jis_encode,full,success,4.015172094333333,,,,
aarch64-unknown-linux-gnu,encoding_rs,0.8.35,shift_jis::tests::test_shift_jis_half_width_katakana_length,full,success,0.10992284333333335,,,,
aarch64-unknown-linux-gnu,encoding_rs,0.8.35,single_byte::tests::test_ascii_punctuation,full,success,3.1193824163333326,,,,
aarch64-unknown-linux-gnu,encoding_rs,0.8.35,single_byte::tests::test_decode_malformed,full,success,0.16358837866666667,,,,
aarch64-unknown-linux-gnu,encoding_rs,0.8.35,single_byte::tests::test_encode_unmappables,full,success,0.20002337466666667,,,,
aarch64-unknown-linux-gnu,encoding_rs,0.8.35,single_byte::tests::test_encode_unpaired_surrogates,full,success,0.11720986433333334,,,,
aarch64-unknown-linux-gnu,encoding_rs,0.8.35,single_byte::tests::test_single_byte_decode,full,success,2.1980108796666666,,,,
aarch64-unknown-linux-gnu,encoding_rs,0.8.35,single_byte::tests::test_single_byte_encode,full,success,0.4366814483333334,,,,
aarch64-unknown-linux-gnu,encoding_rs,0.8.35,single_byte::tests::test_single_byte_from_two_low_surrogates,full,success,0.11042197200000002,,,,
aarch64-unknown-linux-gnu,encoding_rs,0.8.35,single_byte::tests::test_windows_1255_ca,full,success,0.13273732366666668,,,,
aarch64-unknown-linux-gnu,encoding_rs,0.8.35,test_labels_names::test_all_labels,full,success,0.6491986633333334,,,,
aarch64-unknown-linux-gnu,encoding_rs,0.8.35,tests::test_bom_sniffing,full,success,0.12008279300000002,,,,
aarch64-unknown-linux-gnu,encoding_rs,0.8.35,tests::test_buffer_end_iso_2022_jp_from_utf16,full,success,0.10976160666666668,,,,
aarch64-unknown-linux-gnu,encoding_rs,0.8.35,tests::test_buffer_end_iso_2022_jp_from_utf8,full,success,0.110288667,,,,
aarch64-unknown-linux-gnu,encoding_rs,0.8.35,tests::test_buffer_end_utf16be,full,success,0.10899585033333335,,,,
aarch64-unknown-linux-gnu,encoding_rs,0.8.35,tests::test_decode_ascii_only_windows_1257_to_cow,full,success,0.107957802,,,,
aarch64-unknown-linux-gnu,encoding_rs,0.8.35,tests::test_decode_ascii_only_windows_1257_to_cow_with_bom_removal,full,success,0.10840676633333335,,,,
aarch64-unknown-linux-gnu,encoding_rs,0.8.35,tests::test_decode_ascii_only_windows_1257_to_cow_without_bom_handling,full,success,0.10765657099999999,,,,
aarch64-unknown-linux-gnu,encoding_rs,0.8.35,tests::test_decode_ascii_only_windows_1257_to_cow_without_bom_handling_and_without_replacement,full,success,0.10855174466666667,,,,
aarch64-unknown-linux-gnu,encoding_rs,0.8.35,tests::test_decode_bomful_invalid_utf8_as_utf_8_to_cow,full,success,0.10770186,,,,
aarch64-unknown-linux-gnu,encoding_rs,0.8.35,tests::test_decode_bomful_invalid_utf8_as_windows_1257_to_cow,full,success,0.10845147233333334,,,,
aarch64-unknown-linux-gnu,encoding_rs,0.8.35,tests::test_decode_bomful_invalid_utf8_to_cow_without_bom_handling,full,success,0.10938925833333335,,,,
aarch64-unknown-linux-gnu,encoding_rs,0.8.35,tests::test_decode_bomful_invalid_utf8_to_cow_without_bom_handling_and_without_replacement,full,success,0.10896780133333334,,,,
aarch64-unknown-linux-gnu,encoding_rs,0.8.35,tests::test_decode_bomful_valid_utf8_as_utf_8_to_cow,full,success,0.108526152,,,,
aarch64-unknown-linux-gnu,encoding_rs,0.8.35,tests::test_decode_bomful_valid_utf8_as_utf_8_to_cow_with_bom_removal,full,success,0.10836742933333333,,,,
aarch64-unknown-linux-gnu,encoding_rs,0.8.35,tests::test_decode_bomful_valid_utf8_as_windows_1257_to_cow,full,success,0.10855435000000002,,,,
aarch64-unknown-linux-gnu,encoding_rs,0.8.35,tests::test_decode_bomful_valid_utf8_as_windows_1257_to_cow_with_bom_removal,full,success,0.11059476566666666,,,,
aarch64-unknown-linux-gnu,encoding_rs,0.8.35,tests::test_decode_bomful_valid_utf8_to_cow_without_bom_handling,full,success,0.107950869,,,,
aarch64-unknown-linux-gnu,encoding_rs,0.8.35,tests::test_decode_bomful_valid_utf8_to_cow_without_bom_handling_and_without_replacement,full,success,0.10899613400000001,,,,
aarch64-unknown-linux-gnu,encoding_rs,0.8.35,tests::test_decode_invalid_windows_1257_to_cow,full,success,0.10969579233333333,,,,
aarch64-unknown-linux-gnu,encoding_rs,0.8.35,tests::test_decode_invalid_windows_1257_to_cow_with_bom_removal,full,success,0.10874602666666666,,,,
aarch64-unknown-linux-gnu,encoding_rs,0.8.35,tests::test_decode_invalid_windows_1257_to_cow_without_bom_handling,full,success,0.10930441366666667,,,,
aarch64-unknown-linux-gnu,encoding_rs,0.8.35,tests::test_decode_invalid_windows_1257_to_cow_without_bom_handling_and_without_replacement,full,success,0.110112267,,,,
aarch64-unknown-linux-gnu,encoding_rs,0.8.35,tests::test_decode_valid_windows_1257_to_cow,full,success,0.11034166766666668,,,,
aarch64-unknown-linux-gnu,encoding_rs,0.8.35,tests::test_decode_valid_windows_1257_to_cow_with_bom_removal,full,success,0.11021355666666667,,,,
aarch64-unknown-linux-gnu,encoding_rs,0.8.35,tests::test_decode_valid_windows_1257_to_cow_without_bom_handling,full,success,0.10911522033333336,,,,
aarch64-unknown-linux-gnu,encoding_rs,0.8.35,tests::test_decode_valid_windows_1257_to_cow_without_bom_handling_and_without_replacement,full,success,0.10987865933333334,,,,
aarch64-unknown-linux-gnu,encoding_rs,0.8.35,tests::test_encode_ascii_only_windows_1257_to_cow,full,success,0.10981416433333334,,,,
aarch64-unknown-linux-gnu,encoding_rs,0.8.35,tests::test_encode_valid_windows_1257_to_cow,full,success,0.11107754066666668,,,,
aarch64-unknown-linux-gnu,encoding_rs,0.8.35,tests::test_hash,full,success,0.111356483,,,,
aarch64-unknown-linux-gnu,encoding_rs,0.8.35,tests::test_is_single_byte,full,success,0.10927189500000001,,,,
aarch64-unknown-linux-gnu,encoding_rs,0.8.35,tests::test_iso_2022_jp_ncr_extra_from_utf16,full,success,0.10946015466666666,,,,
aarch64-unknown-linux-gnu,encoding_rs,0.8.35,tests::test_iso_2022_jp_ncr_extra_from_utf8,full,success,0.10912850066666668,,,,
aarch64-unknown-linux-gnu,encoding_rs,0.8.35,tests::test_label_resolution,full,success,0.113639822,,,,
aarch64-unknown-linux-gnu,encoding_rs,0.8.35,tests::test_latin1_byte_compatible_up_to,full,success,0.109881057,,,,
aarch64-unknown-linux-gnu,encoding_rs,0.8.35,tests::test_max_length_with_bom_to_utf8,full,success,0.108895543,,,,
aarch64-unknown-linux-gnu,encoding_rs,0.8.35,tests::test_output_encoding,full,success,0.10843111666666667,,,,
aarch64-unknown-linux-gnu,encoding_rs,0.8.35,tests::test_too_short_buffer_with_iso_2022_jp_ascii_from_utf16,full,success,0.10954749600000001,,,,
aarch64-unknown-linux-gnu,encoding_rs,0.8.35,tests::test_too_short_buffer_with_iso_2022_jp_ascii_from_utf8,full,success,0.108663858,,,,
aarch64-unknown-linux-gnu,encoding_rs,0.8.35,tests::test_too_short_buffer_with_iso_2022_jp_roman_from_utf16,full,success,0.10773339966666667,,,,
aarch64-unknown-linux-gnu,encoding_rs,0.8.35,tests::test_too_short_buffer_with_iso_2022_jp_roman_from_utf8,full,success,0.108434196,,,,
aarch64-unknown-linux-gnu,encoding_rs,0.8.35,tests::test_utf16_space_with_one_bom_byte,full,success,0.10936892466666669,,,,
aarch64-unknown-linux-gnu,encoding_rs,0.8.35,tests::test_utf16_space_with_one_bom_byte_and_a_second_byte_in_same_call,full,success,0.10827886033333334,,,,
aarch64-unknown-linux-gnu,encoding_rs,0.8.35,tests::test_utf16_space_with_two_bom_bytes,full,success,0.10929986066666668,,,,
aarch64-unknown-linux-gnu,encoding_rs,0.8.35,tests::test_utf8_space_with_one_bom_byte,full,success,0.10923188,,,,
aarch64-unknown-linux-gnu,encoding_rs,0.8.35,tests::test_utf8_space_with_two_bom_bytes,full,success,0.10958327066666668,,,,
aarch64-unknown-linux-gnu,encoding_rs,0.8.35,utf_16::tests::test_utf_16_decode,full,success,3.2196151779999997,,,,
aarch64-unknown-linux-gnu,encoding_rs,0.8.35,utf_16::tests::test_utf_16_encode,full,success,0.167359801,,,,
aarch64-unknown-linux-gnu,encoding_rs,0.8.35,utf_16::tests::test_utf_16be_decode_bom_prefix,full,success,0.11013268733333333,,,,
aarch64-unknown-linux-gnu,encoding_rs,0.8.35,utf_16::tests::test_utf_16be_decode_bom_prefixed_split_byte_pair,full,success,0.10935688033333335,,,,
aarch64-unknown-linux-gnu,encoding_rs,0.8.35,utf_16::tests::test_utf_16be_decode_near_end,full,success,0.10919058933333332,,,,
aarch64-unknown-linux-gnu,encoding_rs,0.8.35,utf_16::tests::test_utf_16be_decode_one_by_one,full,success,0.10968402733333334,,,,
aarch64-unknown-linux-gnu,encoding_rs,0.8.35,utf_16::tests::test_utf_16be_decode_three_at_a_time,full,success,0.10999350633333334,,,,
aarch64-unknown-linux-gnu,encoding_rs,0.8.35,utf_16::tests::test_utf_16le_decode_bom_prefix,full,success,0.10996284166666666,,,,
aarch64-unknown-linux-gnu,encoding_rs,0.8.35,utf_16::tests::test_utf_16le_decode_bom_prefixed_split_byte_pair,full,success,0.10857896633333335,,,,
aarch64-unknown-linux-gnu,encoding_rs,0.8.35,utf_16::tests::test_utf_16le_decode_near_end,full,success,0.10907103600000001,,,,
aarch64-unknown-linux-gnu,encoding_rs,0.8.35,utf_16::tests::test_utf_16le_decode_one_by_one,full,success,0.11011254833333334,,,,
aarch64-unknown-linux-gnu,encoding_rs,0.8.35,utf_16::tests::test_utf_16le_decode_three_at_a_time,full,success,0.10922671033333335,,,,
aarch64-unknown-linux-gnu,encoding_rs,0.8.35,utf_8::tests::test_decode_bom_prefix,full,success,0.10890527566666668,,,,
aarch64-unknown-linux-gnu,encoding_rs,0.8.35,utf_8::tests::test_decode_bom_prefixed_split_byte_pair,full,success,0.10902155866666667,,,,
aarch64-unknown-linux-gnu,encoding_rs,0.8.35,utf_8::tests::test_decode_bom_prefixed_split_byte_triple,full,success,0.10881373533333334,,,,
aarch64-unknown-linux-gnu,encoding_rs,0.8.35,utf_8::tests::test_encode_utf8_from_utf16_with_output_limit,full,success,1.3558664920000003,,,,
aarch64-unknown-linux-gnu,encoding_rs,0.8.35,utf_8::tests::test_tail,full,success,0.10916499533333335,,,,
aarch64-unknown-linux-gnu,encoding_rs,0.8.35,utf_8::tests::test_utf8_decode,full,success,0.5770029893333333,,,,
aarch64-unknown-linux-gnu,encoding_rs,0.8.35,utf_8::tests::test_utf8_encode,full,success,0.11972243266666667,,,,
aarch64-unknown-linux-gnu,encoding_rs,0.8.35,utf_8::tests::test_utf8_max_length_from_utf16,full,success,0.10964770333333333,,,,
aarch64-unknown-linux-gnu,encoding_rs,0.8.35,x_user_defined::tests::test_x_user_defined_decode,full,success,0.779533651,,,,
aarch64-unknown-linux-gnu,encoding_rs,0.8.35,x_user_defined::tests::test_x_user_defined_encode,full,success,0.17545907633333335,,,,
aarch64-unknown-linux-gnu,encoding_rs,0.8.35,x_user_defined::tests::test_x_user_defined_from_two_low_surrogates,full,success,0.10864322100000001,,,,
aarch64-unknown-linux-gnu,erased-serde,0.4.10,de::tests::assert_deserializer,full,success,0.10935782866666666,,,,
aarch64-unknown-linux-gnu,erased-serde,0.4.10,de::tests::test_borrowed,full,success,0.11164448,,,,
aarch64-unknown-linux-gnu,erased-serde,0.4.10,de::tests::test_dangle,full,success,0.10932126833333333,,,,
aarch64-unknown-linux-gnu,erased-serde,0.4.10,de::tests::test_enum,full,success,0.13447338233333336,,,,
aarch64-unknown-linux-gnu,erased-serde,0.4.10,de::tests::test_struct,full,success,0.11302074466666667,,,,
aarch64-unknown-linux-gnu,erased-serde,0.4.10,de::tests::test_value,full,success,0.13003964166666668,,,,
aarch64-unknown-linux-gnu,erased-serde,0.4.10,macros::tests::test_generic_bound,full,success,0.109068865,,,,
aarch64-unknown-linux-gnu,erased-serde,0.4.10,macros::tests::test_plain,full,success,0.10915624900000002,,,,
aarch64-unknown-linux-gnu,erased-serde,0.4.10,macros::tests::test_type_parameter,full,success,0.110101868,,,,
aarch64-unknown-linux-gnu,erased-serde,0.4.10,macros::tests::test_where_clause,full,success,0.10947433300000002,,,,
aarch64-unknown-linux-gnu,erased-serde,0.4.10,ser::tests::assert_serialize,full,success,0.11017179966666668,,,,
aarch64-unknown-linux-gnu,erased-serde,0.4.10,ser::tests::test_dangle,full,success,0.10902093666666668,,,,
aarch64-unknown-linux-gnu,erased-serde,0.4.10,ser::tests::test_enum,full,success,0.12318041566666667,,,,
aarch64-unknown-linux-gnu,erased-serde,0.4.10,ser::tests::test_error_custom,full,success,0.11071931800000001,,,,
aarch64-unknown-linux-gnu,erased-serde,0.4.10,ser::tests::test_struct,full,success,0.11164087200000002,,,,
aarch64-unknown-linux-gnu,erased-serde,0.4.10,ser::tests::test_vec,full,success,0.113537598,,,,
aarch64-unknown-linux-gnu,errno,0.3.14,check_description,full,success,0.11023242433333334,,,,
aarch64-unknown-linux-gnu,errno,0.3.14,check_error_into_errno,full,success,0.10667758100000001,,,,
aarch64-unknown-linux-gnu,errno,0.3.14,it_works,full,success,0.10669170933333333,,,,
aarch64-unknown-linux-gnu,errno,0.3.14,it_works_with_to_string,full,success,0.10638732233333333,,,,
aarch64-unknown-linux-gnu,event-listener-strategy,0.5.4,send_and_sync,full,success,0.10696312666666667,,,,
aarch64-unknown-linux-gnu,event-listener,5.4.1,sys::tests::drop_non_notified,full,success,0.11008571699999999,,,,
aarch64-unknown-linux-gnu,event-listener,5.4.1,sys::tests::insert,full,success,0.11010164833333334,,,,
aarch64-unknown-linux-gnu,flate2,1.1.9,crc::tests::combine_matches_concatenation,full,success,0.11554706666666668,,,,
aarch64-unknown-linux-gnu,flate2,1.1.9,crc::tests::known_vector_hello,full,success,0.10872290133333334,,,,
aarch64-unknown-linux-gnu,flate2,1.1.9,crc::tests::known_vector_quick_brown_fox,full,success,0.10989451266666668,,,,
aarch64-unknown-linux-gnu,flate2,1.1.9,crc::tests::new_is_empty,full,success,0.10894477666666669,,,,
aarch64-unknown-linux-gnu,flate2,1.1.9,crc::tests::reset_restores_initial_state,full,success,0.108441281,,,,
aarch64-unknown-linux-gnu,flate2,1.1.9,crc::tests::update_is_streaming,full,success,0.10955435166666667,,,,
aarch64-unknown-linux-gnu,flate2,1.1.9,deflate::bufread::test::decode_extra_data,full,success,15.761522839333333,,,,
aarch64-unknown-linux-gnu,flate2,1.1.9,deflate::tests::drop_writes,full,success,15.408556471333332,,,,
aarch64-unknown-linux-gnu,flate2,1.1.9,deflate::write::tests::decode_extra_data,full,success,32.88461082166667,,,,
aarch64-unknown-linux-gnu,flate2,1.1.9,gz::bufread::test::decode_extra_data,full,success,16.300283351999997,,,,
aarch64-unknown-linux-gnu,flate2,1.1.9,gz::read::tests::blocked_partial_header_read,full,success,0.10976592800000001,,,,
aarch64-unknown-linux-gnu,flate2,1.1.9,gz::tests::fields,full,success,16.364862515666665,,,,
aarch64-unknown-linux-gnu,flate2,1.1.9,gz::tests::flush_after_write,full,success,5.658937846333333,,,,
aarch64-unknown-linux-gnu,flate2,1.1.9,gz::tests::keep_reading_after_end,full,success,16.81400323,,,,
aarch64-unknown-linux-gnu,flate2,1.1.9,gz::tests::read_decoder_detects_corrupted_crc,full,success,2.209884908,,,,
aarch64-unknown-linux-gnu,flate2,1.1.9,gz::tests::roundtrip,full,success,16.385334311333335,,,,
aarch64-unknown-linux-gnu,flate2,1.1.9,gz::tests::roundtrip_header,full,success,0.13636773233333332,,,,
aarch64-unknown-linux-gnu,flate2,1.1.9,gz::tests::roundtrip_zero,full,success,15.474131223333336,,,,
aarch64-unknown-linux-gnu,flate2,1.1.9,gz::tests::write_decoder_detects_corrupted_crc,full,success,2.1199036900000006,,,,
aarch64-unknown-linux-gnu,flate2,1.1.9,gz::write::tests::decode_extra_data,full,success,30.640230648,,,,
aarch64-unknown-linux-gnu,flate2,1.1.9,gz::write::tests::decode_multi_writer,full,success,56.808103487333334,,,,
aarch64-unknown-linux-gnu,flate2,1.1.9,gz::write::tests::decode_writer_exact_header,full,success,31.176120390333335,,,,
aarch64-unknown-linux-gnu,flate2,1.1.9,gz::write::tests::decode_writer_one_chunk,full,success,31.33951193333333,,,,
aarch64-unknown-linux-gnu,flate2,1.1.9,gz::write::tests::decode_writer_partial_crc,full,success,32.224233503,,,,
aarch64-unknown-linux-gnu,flate2,1.1.9,gz::write::tests::decode_writer_partial_header,full,success,30.938097337333335,,,,
aarch64-unknown-linux-gnu,flate2,1.1.9,gz::write::tests::decode_writer_partial_header_comment,full,success,29.732112520666664,,,,
aarch64-unknown-linux-gnu,flate2,1.1.9,gz::write::tests::decode_writer_partial_header_filename,full,success,29.022765086000003,,,,
aarch64-unknown-linux-gnu,flate2,1.1.9,mem::tests::issue51,full,success,15.287182893333332,,,,
aarch64-unknown-linux-gnu,flate2,1.1.9,mem::tests::reset,full,success,42.89457109933334,,,,
aarch64-unknown-linux-gnu,flate2,1.1.9,zlib::bufread::test::decode_extra_data,full,success,16.270331733333336,,,,
aarch64-unknown-linux-gnu,flate2,1.1.9,zlib::tests::bad_input,full,success,0.29144991400000003,,,,
aarch64-unknown-linux-gnu,flate2,1.1.9,zlib::tests::drop_writes,full,success,16.02173156166667,,,,
aarch64-unknown-linux-gnu,flate2,1.1.9,zlib::write::tests::decode_extra_data,full,success,34.41132170333333,,,,
aarch64-unknown-linux-gnu,futures-task,0.3.32,noop_waker::tests::issue_2091_cross_thread_segfault,full,success,0.11176932466666667,,,,
aarch64-unknown-linux-gnu,futures-util,0.3.32,lock::mutex::tests::test_mutex_guard_debug_not_recurse,full,success,0.10877935266666668,,,,
aarch64-unknown-linux-gnu,generic-array,1.4.3,impls::tests::test_from_inference,full,success,0.10443441433333334,,,,
aarch64-unknown-linux-gnu,generic-array,1.4.3,iter::test::test_send_iter,full,success,0.10470827233333335,,,,
aarch64-unknown-linux-gnu,generic-array,1.4.3,test::test_assembly,full,success,0.10544443133333332,,,,
aarch64-unknown-linux-gnu,gimli,0.33.0,arch::tests::test_aarch64_registers,full,success,0.24273880233333336,,,,
aarch64-unknown-linux-gnu,gimli,0.33.0,arch::tests::test_power64_registers,full,success,0.21004872633333335,,,,
aarch64-unknown-linux-gnu,gimli,0.33.0,case_fold::tests::test_case_fold,full,success,0.11124848033333334,,,,
aarch64-unknown-linux-gnu,gimli,0.33.0,case_fold::tests::test_case_folding_djb_hash,full,success,0.11333518800000002,,,,
aarch64-unknown-linux-gnu,gimli,0.33.0,constants::tests::test_dw_eh_pe_application,full,success,0.10917943666666667,,,,
aarch64-unknown-linux-gnu,gimli,0.33.0,constants::tests::test_dw_eh_pe_format,full,success,0.10961185666666667,,,,
aarch64-unknown-linux-gnu,gimli,0.33.0,constants::tests::test_dw_eh_pe_is_absent,full,success,0.10906671000000001,,,,
aarch64-unknown-linux-gnu,gimli,0.33.0,constants::tests::test_dw_eh_pe_is_valid_encoding_bad_application,full,success,0.11045963200000002,,,,
aarch64-unknown-linux-gnu,gimli,0.33.0,constants::tests::test_dw_eh_pe_is_valid_encoding_bad_format,full,success,0.10941323400000001,,,,
aarch64-unknown-linux-gnu,gimli,0.33.0,constants::tests::test_dw_eh_pe_is_valid_encoding_ok,full,success,0.10964830333333335,,,,
aarch64-unknown-linux-gnu,gimli,0.33.0,leb128::tests::test_low_bits_of_byte,full,success,0.11316858033333332,,,,
aarch64-unknown-linux-gnu,gimli,0.33.0,leb128::tests::test_low_bits_of_u64,full,success,0.11243040066666667,,,,
aarch64-unknown-linux-gnu,gimli,0.33.0,leb128::tests::test_read_multiple,full,success,0.11072458266666668,,,,
aarch64-unknown-linux-gnu,gimli,0.33.0,leb128::tests::test_read_signed,full,success,0.11093578700000001,,,,
aarch64-unknown-linux-gnu,gimli,0.33.0,leb128::tests::test_read_signed_63_bits,full,success,0.11032784366666666,,,,
aarch64-unknown-linux-gnu,gimli,0.33.0,leb128::tests::test_read_signed_not_enough_data,full,success,0.109966453,,,,
aarch64-unknown-linux-gnu,gimli,0.33.0,leb128::tests::test_read_signed_overflow,full,success,0.10894734900000001,,,,
aarch64-unknown-linux-gnu,gimli,0.33.0,leb128::tests::test_read_u16,full,success,0.11089731133333335,,,,
aarch64-unknown-linux-gnu,gimli,0.33.0,leb128::tests::test_read_unsigned,full,success,0.10977512066666667,,,,
aarch64-unknown-linux-gnu,gimli,0.33.0,leb128::tests::test_read_unsigned_invalid,full,success,0.10806948400000001,,,,
aarch64-unknown-linux-gnu,gimli,0.33.0,leb128::tests::test_read_unsigned_not_enough_data,full,success,0.10883881733333334,,,,
aarch64-unknown-linux-gnu,gimli,0.33.0,leb128::tests::test_read_unsigned_overflow,full,success,0.10937385666666667,,,,
aarch64-unknown-linux-gnu,gimli,0.33.0,leb128::tests::test_write_signed_not_enough_space,full,success,0.10853290866666669,,,,
aarch64-unknown-linux-gnu,gimli,0.33.0,leb128::tests::test_write_unsigned_not_enough_space,full,success,0.11041191566666668,,,,
aarch64-unknown-linux-gnu,gimli,0.33.0,read::abbrev::tests::test_abbreviations_insert,full,success,0.11729654066666667,,,,
aarch64-unknown-linux-gnu,gimli,0.33.0,read::abbrev::tests::test_debug_abbrev_ok,full,success,0.11628868733333335,,,,
aarch64-unknown-linux-gnu,gimli,0.33.0,read::abbrev::tests::test_get_abbrev_zero,full,success,0.10943826566666669,,,,
aarch64-unknown-linux-gnu,gimli,0.33.0,read::abbrev::tests::test_parse_abbreviation_has_children,full,success,0.10872035266666669,,,,
aarch64-unknown-linux-gnu,gimli,0.33.0,read::abbrev::tests::test_parse_abbreviation_implicit_const_no_const,full,success,0.111658845,,,,
aarch64-unknown-linux-gnu,gimli,0.33.0,read::abbrev::tests::test_parse_abbreviation_implicit_const_ok,full,success,0.112587031,,,,
aarch64-unknown-linux-gnu,gimli,0.33.0,read::abbrev::tests::test_parse_abbreviation_ok,full,success,0.11243042866666668,,,,
aarch64-unknown-linux-gnu,gimli,0.33.0,read::abbrev::tests::test_parse_abbreviation_tag_ok,full,success,0.109142258,,,,
aarch64-unknown-linux-gnu,gimli,0.33.0,read::abbrev::tests::test_parse_abbreviation_tag_zero,full,success,0.10951301733333334,,,,
aarch64-unknown-linux-gnu,gimli,0.33.0,read::abbrev::tests::test_parse_abbreviations_duplicate,full,success,0.11358675,,,,
aarch64-unknown-linux-gnu,gimli,0.33.0,read::abbrev::tests::test_parse_abbreviations_ok,full,success,0.11623685133333335,,,,
aarch64-unknown-linux-gnu,gimli,0.33.0,read::abbrev::tests::test_parse_attribute_specifications_form_zero,full,success,0.110300932,,,,
aarch64-unknown-linux-gnu,gimli,0.33.0,read::abbrev::tests::test_parse_attribute_specifications_name_zero,full,success,0.108910986,,,,
aarch64-unknown-linux-gnu,gimli,0.33.0,read::abbrev::tests::test_parse_null_abbreviation_ok,full,success,0.11059472066666669,,,,
aarch64-unknown-linux-gnu,gimli,0.33.0,read::abbrev::tests::test_parse_null_attribute_specification_ok,full,success,0.10985586866666668,,,,
aarch64-unknown-linux-gnu,gimli,0.33.0,read::addr::tests::test_get_address,full,success,0.154017024,,,,
aarch64-unknown-linux-gnu,gimli,0.33.0,read::addr::tests::test_iterator,full,success,0.12518295533333335,,,,
aarch64-unknown-linux-gnu,gimli,0.33.0,read::aranges::tests::test_iterate_headers,full,success,0.113181851,,,,
aarch64-unknown-linux-gnu,gimli,0.33.0,read::aranges::tests::test_parse_entry_ok,full,success,0.11014563300000002,,,,
aarch64-unknown-linux-gnu,gimli,0.33.0,read::aranges::tests::test_parse_entry_overflow_32,full,success,0.10926492033333335,,,,
aarch64-unknown-linux-gnu,gimli,0.33.0,read::aranges::tests::test_parse_entry_overflow_64,full,success,0.10951070233333333,,,,
aarch64-unknown-linux-gnu,gimli,0.33.0,read::aranges::tests::test_parse_entry_tombstone_32,full,success,0.11073251900000002,,,,
aarch64-unknown-linux-gnu,gimli,0.33.0,read::aranges::tests::test_parse_entry_tombstone_64,full,success,0.11073487866666669,,,,
aarch64-unknown-linux-gnu,gimli,0.33.0,read::aranges::tests::test_parse_entry_zero,full,success,0.110595858,,,,
aarch64-unknown-linux-gnu,gimli,0.33.0,read::aranges::tests::test_parse_header_div_by_zero_error,full,success,0.10964597599999999,,,,
aarch64-unknown-linux-gnu,gimli,0.33.0,read::aranges::tests::test_parse_header_ok,full,success,0.11048100366666669,,,,
aarch64-unknown-linux-gnu,gimli,0.33.0,read::aranges::tests::test_parse_header_overflow_error,full,success,0.11040030966666665,,,,
aarch64-unknown-linux-gnu,gimli,0.33.0,read::cfi::tests::iter_register_rules,full,success,0.11016675600000002,,,,
aarch64-unknown-linux-gnu,gimli,0.33.0,read::cfi::tests::register_rule_map_eq,full,success,0.11478451033333333,,,,
aarch64-unknown-linux-gnu,gimli,0.33.0,read::cfi::tests::size_of_register_rule_map,full,success,0.10919738233333333,,,,
aarch64-unknown-linux-gnu,gimli,0.33.0,read::cfi::tests::size_of_unwind_ctx,full,success,0.10894386166666668,,,,
aarch64-unknown-linux-gnu,gimli,0.33.0,read::cfi::tests::test_augmentation_parse_L,full,success,0.11150883800000001,,,,
aarch64-unknown-linux-gnu,gimli,0.33.0,read::cfi::tests::test_augmentation_parse_P,full,success,0.11231743333333334,,,,
aarch64-unknown-linux-gnu,gimli,0.33.0,read::cfi::tests::test_augmentation_parse_R,full,success,0.11140894566666666,,,,
aarch64-unknown-linux-gnu,gimli,0.33.0,read::cfi::tests::test_augmentation_parse_S,full,success,0.11235903866666667,,,,
aarch64-unknown-linux-gnu,gimli,0.33.0,read::cfi::tests::test_augmentation_parse_all,full,success,0.11278389633333334,,,,
aarch64-unknown-linux-gnu,gimli,0.33.0,read::cfi::tests::test_augmentation_parse_just_signal_trampoline,full,success,0.11084877133333333,,,,
aarch64-unknown-linux-gnu,gimli,0.33.0,read::cfi::tests::test_augmentation_parse_not_z_augmentation,full,success,0.11050862866666666,,,,
aarch64-unknown-linux-gnu,gimli,0.33.0,read::cfi::tests::test_augmentation_parse_unknown_part_of_z_augmentation,full,success,0.11176382133333333,,,,
aarch64-unknown-linux-gnu,gimli,0.33.0,read::cfi::tests::test_call_frame_instruction_iter_err,full,success,0.111256527,,,,
aarch64-unknown-linux-gnu,gimli,0.33.0,read::cfi::tests::test_call_frame_instruction_iter_ok,full,success,0.11804282533333334,,,,
aarch64-unknown-linux-gnu,gimli,0.33.0,read::cfi::tests::test_cfi_entries_iter,full,success,0.1470137406666667,,,,
aarch64-unknown-linux-gnu,gimli,0.33.0,read::cfi::tests::test_debug_frame_skips_zero_length,full,success,0.11866008366666668,,,,
aarch64-unknown-linux-gnu,gimli,0.33.0,read::cfi::tests::test_eh_frame_cie_personality_function_relative_bad_context,full,success,0.12321024266666668,,,,
aarch64-unknown-linux-gnu,gimli,0.33.0,read::cfi::tests::test_eh_frame_fde_empty_augmentation,full,success,0.11613962766666668,,,,
aarch64-unknown-linux-gnu,gimli,0.33.0,read::cfi::tests::test_eh_frame_fde_for_address_good,full,success,0.15094431300000002,,,,
aarch64-unknown-linux-gnu,gimli,0.33.0,read::cfi::tests::test_eh_frame_fde_lsda_augmentation,full,success,0.11802516633333333,,,,
aarch64-unknown-linux-gnu,gimli,0.33.0,read::cfi::tests::test_eh_frame_fde_lsda_function_relative,full,success,0.11812711633333334,,,,
aarch64-unknown-linux-gnu,gimli,0.33.0,read::cfi::tests::test_eh_frame_fde_no_augmentation,full,success,0.11723098966666667,,,,
aarch64-unknown-linux-gnu,gimli,0.33.0,read::cfi::tests::test_eh_frame_fde_ok,full,success,0.12611744533333333,,,,
aarch64-unknown-linux-gnu,gimli,0.33.0,read::cfi::tests::test_eh_frame_fde_out_of_bounds,full,success,0.12225742500000002,,,,
aarch64-unknown-linux-gnu,gimli,0.33.0,read::cfi::tests::test_eh_frame_hdr_good,full,success,0.11643466066666668,,,,
aarch64-unknown-linux-gnu,gimli,0.33.0,read::cfi::tests::test_eh_frame_hdr_indirect_length,full,success,0.11015979866666668,,,,
aarch64-unknown-linux-gnu,gimli,0.33.0,read::cfi::tests::test_eh_frame_hdr_indirect_ptrs,full,success,0.11231575933333333,,,,
aarch64-unknown-linux-gnu,gimli,0.33.0,read::cfi::tests::test_eh_frame_hdr_omit_count,full,success,0.11040266566666668,,,,
aarch64-unknown-linux-gnu,gimli,0.33.0,read::cfi::tests::test_eh_frame_hdr_omit_ehptr,full,success,0.11216656766666666,,,,
aarch64-unknown-linux-gnu,gimli,0.33.0,read::cfi::tests::test_eh_frame_hdr_omit_table,full,success,0.111719758,,,,
aarch64-unknown-linux-gnu,gimli,0.33.0,read::cfi::tests::test_eh_frame_hdr_unknown_version,full,success,0.11059735966666667,,,,
aarch64-unknown-linux-gnu,gimli,0.33.0,read::cfi::tests::test_eh_frame_hdr_varlen_table,full,success,0.11376411200000001,,,,
aarch64-unknown-linux-gnu,gimli,0.33.0,read::cfi::tests::test_eh_frame_resolve_cie_offset_ok,full,success,0.116979332,,,,
aarch64-unknown-linux-gnu,gimli,0.33.0,read::cfi::tests::test_eh_frame_resolve_cie_offset_out_of_bounds,full,success,0.11669011433333333,,,,
aarch64-unknown-linux-gnu,gimli,0.33.0,read::cfi::tests::test_eh_frame_resolve_cie_offset_underflow,full,success,0.11657448933333335,,,,
aarch64-unknown-linux-gnu,gimli,0.33.0,read::cfi::tests::test_eh_frame_stops_at_zero_length,full,success,0.11710352866666666,,,,
aarch64-unknown-linux-gnu,gimli,0.33.0,read::cfi::tests::test_eval_advance_loc,full,success,0.11288936466666666,,,,
aarch64-unknown-linux-gnu,gimli,0.33.0,read::cfi::tests::test_eval_advance_loc_overflow_32,full,success,0.11261110533333334,,,,
aarch64-unknown-linux-gnu,gimli,0.33.0,read::cfi::tests::test_eval_advance_loc_overflow_64,full,success,0.11229804966666668,,,,
aarch64-unknown-linux-gnu,gimli,0.33.0,read::cfi::tests::test_eval_def_cfa,full,success,0.11166321433333333,,,,
aarch64-unknown-linux-gnu,gimli,0.33.0,read::cfi::tests::test_eval_def_cfa_expression,full,success,0.11194278633333334,,,,
aarch64-unknown-linux-gnu,gimli,0.33.0,read::cfi::tests::test_eval_def_cfa_offset,full,success,0.11186033266666667,,,,
aarch64-unknown-linux-gnu,gimli,0.33.0,read::cfi::tests::test_eval_def_cfa_offset_invalid_context,full,success,0.11294437166666667,,,,
aarch64-unknown-linux-gnu,gimli,0.33.0,read::cfi::tests::test_eval_def_cfa_register,full,success,0.11244109333333334,,,,
aarch64-unknown-linux-gnu,gimli,0.33.0,read::cfi::tests::test_eval_def_cfa_register_invalid_context,full,success,0.11207576100000001,,,,
aarch64-unknown-linux-gnu,gimli,0.33.0,read::cfi::tests::test_eval_def_cfa_sf,full,success,0.11232447900000002,,,,
aarch64-unknown-linux-gnu,gimli,0.33.0,read::cfi::tests::test_eval_expression,full,success,0.114001735,,,,
aarch64-unknown-linux-gnu,gimli,0.33.0,read::cfi::tests::test_eval_negate_ra_state,full,success,0.12296351000000001,,,,
aarch64-unknown-linux-gnu,gimli,0.33.0,read::cfi::tests::test_eval_nop,full,success,0.11060885366666667,,,,
aarch64-unknown-linux-gnu,gimli,0.33.0,read::cfi::tests::test_eval_offset,full,success,0.11413413633333334,,,,
aarch64-unknown-linux-gnu,gimli,0.33.0,read::cfi::tests::test_eval_offset_extended_sf,full,success,0.11279352166666667,,,,
aarch64-unknown-linux-gnu,gimli,0.33.0,read::cfi::tests::test_eval_remember_state,full,success,0.11287692633333334,,,,
aarch64-unknown-linux-gnu,gimli,0.33.0,read::cfi::tests::test_eval_restore,full,success,0.11594112433333333,,,,
aarch64-unknown-linux-gnu,gimli,0.33.0,read::cfi::tests::test_eval_restore_havent_saved_initial_context,full,success,0.11210299166666667,,,,
aarch64-unknown-linux-gnu,gimli,0.33.0,read::cfi::tests::test_eval_restore_state,full,success,0.11548784033333333,,,,
aarch64-unknown-linux-gnu,gimli,0.33.0,read::cfi::tests::test_eval_same_value,full,success,0.11300487133333333,,,,
aarch64-unknown-linux-gnu,gimli,0.33.0,read::cfi::tests::test_eval_set_loc,full,success,0.11363796100000001,,,,
aarch64-unknown-linux-gnu,gimli,0.33.0,read::cfi::tests::test_eval_set_loc_backwards,full,success,0.11308896400000001,,,,
aarch64-unknown-linux-gnu,gimli,0.33.0,read::cfi::tests::test_eval_undefined,full,success,0.11320259466666667,,,,
aarch64-unknown-linux-gnu,gimli,0.33.0,read::cfi::tests::test_eval_val_expression,full,success,0.11471430933333333,,,,
aarch64-unknown-linux-gnu,gimli,0.33.0,read::cfi::tests::test_eval_val_offset,full,success,0.11428552700000001,,,,
aarch64-unknown-linux-gnu,gimli,0.33.0,read::cfi::tests::test_eval_val_offset_sf,full,success,0.11302643366666669,,,,
aarch64-unknown-linux-gnu,gimli,0.33.0,read::cfi::tests::test_parse_cfi_entry_on_cie_32_ok,full,success,0.11856861266666667,,,,
aarch64-unknown-linux-gnu,gimli,0.33.0,read::cfi::tests::test_parse_cfi_entry_on_fde_32_ok,full,success,0.11766929133333333,,,,
aarch64-unknown-linux-gnu,gimli,0.33.0,read::cfi::tests::test_parse_cfi_instruction_advance_loc,full,success,0.11128395666666668,,,,
aarch64-unknown-linux-gnu,gimli,0.33.0,read::cfi::tests::test_parse_cfi_instruction_advance_loc1,full,success,0.11069449666666668,,,,
aarch64-unknown-linux-gnu,gimli,0.33.0,read::cfi::tests::test_parse_cfi_instruction_advance_loc2,full,success,0.11069515766666667,,,,
aarch64-unknown-linux-gnu,gimli,0.33.0,read::cfi::tests::test_parse_cfi_instruction_advance_loc4,full,success,0.11114710366666668,,,,
aarch64-unknown-linux-gnu,gimli,0.33.0,read::cfi::tests::test_parse_cfi_instruction_def_cfa,full,success,0.11081864766666667,,,,
aarch64-unknown-linux-gnu,gimli,0.33.0,read::cfi::tests::test_parse_cfi_instruction_def_cfa_expression,full,success,0.11646871266666665,,,,
aarch64-unknown-linux-gnu,gimli,0.33.0,read::cfi::tests::test_parse_cfi_instruction_def_cfa_offset,full,success,0.11130724266666668,,,,
aarch64-unknown-linux-gnu,gimli,0.33.0,read::cfi::tests::test_parse_cfi_instruction_def_cfa_offset_sf,full,success,0.11063339333333333,,,,
aarch64-unknown-linux-gnu,gimli,0.33.0,read::cfi::tests::test_parse_cfi_instruction_def_cfa_register,full,success,0.11169426666666667,,,,
aarch64-unknown-linux-gnu,gimli,0.33.0,read::cfi::tests::test_parse_cfi_instruction_def_cfa_sf,full,success,0.11110023066666667,,,,
aarch64-unknown-linux-gnu,gimli,0.33.0,read::cfi::tests::test_parse_cfi_instruction_expression,full,success,0.11527670200000001,,,,
aarch64-unknown-linux-gnu,gimli,0.33.0,read::cfi::tests::test_parse_cfi_instruction_negate_ra_state,full,success,0.11081001833333333,,,,
aarch64-unknown-linux-gnu,gimli,0.33.0,read::cfi::tests::test_parse_cfi_instruction_nop,full,success,0.11078964433333334,,,,
aarch64-unknown-linux-gnu,gimli,0.33.0,read::cfi::tests::test_parse_cfi_instruction_offset,full,success,0.11084264866666667,,,,
aarch64-unknown-linux-gnu,gimli,0.33.0,read::cfi::tests::test_parse_cfi_instruction_offset_extended,full,success,0.11124347766666669,,,,
aarch64-unknown-linux-gnu,gimli,0.33.0,read::cfi::tests::test_parse_cfi_instruction_offset_extended_sf,full,success,0.11072200966666668,,,,
aarch64-unknown-linux-gnu,gimli,0.33.0,read::cfi::tests::test_parse_cfi_instruction_register,full,success,0.11052784333333333,,,,
aarch64-unknown-linux-gnu,gimli,0.33.0,read::cfi::tests::test_parse_cfi_instruction_remember_state,full,success,0.11020004566666668,,,,
aarch64-unknown-linux-gnu,gimli,0.33.0,read::cfi::tests::test_parse_cfi_instruction_restore,full,success,0.11120433533333335,,,,
aarch64-unknown-linux-gnu,gimli,0.33.0,read::cfi::tests::test_parse_cfi_instruction_restore_extended,full,success,0.11089048800000001,,,,
aarch64-unknown-linux-gnu,gimli,0.33.0,read::cfi::tests::test_parse_cfi_instruction_restore_state,full,success,0.110095405,,,,
aarch64-unknown-linux-gnu,gimli,0.33.0,read::cfi::tests::test_parse_cfi_instruction_same_value,full,success,0.10964489133333333,,,,
aarch64-unknown-linux-gnu,gimli,0.33.0,read::cfi::tests::test_parse_cfi_instruction_set_loc,full,success,0.11024880199999999,,,,
aarch64-unknown-linux-gnu,gimli,0.33.0,read::cfi::tests::test_parse_cfi_instruction_set_loc_encoding,full,success,0.11028001333333333,,,,
aarch64-unknown-linux-gnu,gimli,0.33.0,read::cfi::tests::test_parse_cfi_instruction_undefined,full,success,0.11005084966666667,,,,
aarch64-unknown-linux-gnu,gimli,0.33.0,read::cfi::tests::test_parse_cfi_instruction_unknown_instruction,full,success,0.110947383,,,,
aarch64-unknown-linux-gnu,gimli,0.33.0,read::cfi::tests::test_parse_cfi_instruction_val_expression,full,success,0.11618470033333334,,,,
aarch64-unknown-linux-gnu,gimli,0.33.0,read::cfi::tests::test_parse_cfi_instruction_val_offset,full,success,0.11059292266666669,,,,
aarch64-unknown-linux-gnu,gimli,0.33.0,read::cfi::tests::test_parse_cfi_instruction_val_offset_sf,full,success,0.11008699933333334,,,,
aarch64-unknown-linux-gnu,gimli,0.33.0,read::cfi::tests::test_parse_cie_32_bad_version,full,success,0.11611308166666667,,,,
aarch64-unknown-linux-gnu,gimli,0.33.0,read::cfi::tests::test_parse_cie_32_ok,full,success,0.14025093333333336,,,,
aarch64-unknown-linux-gnu,gimli,0.33.0,read::cfi::tests::test_parse_cie_64_ok,full,success,0.14250305666666666,,,,
aarch64-unknown-linux-gnu,gimli,0.33.0,read::cfi::tests::test_parse_cie_bad_id_32,full,success,0.11062200933333334,,,,
aarch64-unknown-linux-gnu,gimli,0.33.0,read::cfi::tests::test_parse_cie_from_offset,full,success,0.11994584300000001,,,,
aarch64-unknown-linux-gnu,gimli,0.33.0,read::cfi::tests::test_parse_cie_incomplete_id_32,full,success,0.11011946166666668,,,,
aarch64-unknown-linux-gnu,gimli,0.33.0,read::cfi::tests::test_parse_cie_incomplete_length_32,full,success,0.11051664033333335,,,,
aarch64-unknown-linux-gnu,gimli,0.33.0,read::cfi::tests::test_parse_cie_incomplete_length_64,full,success,0.11035263499999999,,,,
aarch64-unknown-linux-gnu,gimli,0.33.0,read::cfi::tests::test_parse_cie_length_too_big,full,success,0.11714248733333334,,,,
aarch64-unknown-linux-gnu,gimli,0.33.0,read::cfi::tests::test_parse_cie_unknown_augmentation,full,success,0.11897695933333334,,,,
aarch64-unknown-linux-gnu,gimli,0.33.0,read::cfi::tests::test_parse_encoded_pointer_absptr,full,success,0.11145554666666668,,,,
aarch64-unknown-linux-gnu,gimli,0.33.0,read::cfi::tests::test_parse_encoded_pointer_aligned,full,success,0.10910300866666667,,,,
aarch64-unknown-linux-gnu,gimli,0.33.0,read::cfi::tests::test_parse_encoded_pointer_bad_encoding,full,success,0.10993793133333334,,,,
aarch64-unknown-linux-gnu,gimli,0.33.0,read::cfi::tests::test_parse_encoded_pointer_datarel,full,success,0.11009467800000002,,,,
aarch64-unknown-linux-gnu,gimli,0.33.0,read::cfi::tests::test_parse_encoded_pointer_datarel_undefined,full,success,0.11089467566666666,,,,
aarch64-unknown-linux-gnu,gimli,0.33.0,read::cfi::tests::test_parse_encoded_pointer_funcrel,full,success,0.11062427200000001,,,,
aarch64-unknown-linux-gnu,gimli,0.33.0,read::cfi::tests::test_parse_encoded_pointer_funcrel_undefined,full,success,0.110606826,,,,
aarch64-unknown-linux-gnu,gimli,0.33.0,read::cfi::tests::test_parse_encoded_pointer_indirect,full,success,0.11032564066666668,,,,
aarch64-unknown-linux-gnu,gimli,0.33.0,read::cfi::tests::test_parse_encoded_pointer_omit,full,success,0.10974437833333334,,,,
aarch64-unknown-linux-gnu,gimli,0.33.0,read::cfi::tests::test_parse_encoded_pointer_pcrel,full,success,0.11234578333333334,,,,
aarch64-unknown-linux-gnu,gimli,0.33.0,read::cfi::tests::test_parse_encoded_pointer_pcrel_undefined,full,success,0.11076266333333334,,,,
aarch64-unknown-linux-gnu,gimli,0.33.0,read::cfi::tests::test_parse_encoded_pointer_sdata2,full,success,0.11042498,,,,
aarch64-unknown-linux-gnu,gimli,0.33.0,read::cfi::tests::test_parse_encoded_pointer_sdata4,full,success,0.11120829433333335,,,,
aarch64-unknown-linux-gnu,gimli,0.33.0,read::cfi::tests::test_parse_encoded_pointer_sdata8,full,success,0.11342284366666668,,,,
aarch64-unknown-linux-gnu,gimli,0.33.0,read::cfi::tests::test_parse_encoded_pointer_sleb128,full,success,0.11434809866666668,,,,
aarch64-unknown-linux-gnu,gimli,0.33.0,read::cfi::tests::test_parse_encoded_pointer_textrel,full,success,0.11277073900000001,,,,
aarch64-unknown-linux-gnu,gimli,0.33.0,read::cfi::tests::test_parse_encoded_pointer_textrel_undefined,full,success,0.11158441866666668,,,,
aarch64-unknown-linux-gnu,gimli,0.33.0,read::cfi::tests::test_parse_encoded_pointer_udata2,full,success,0.11083710866666667,,,,
aarch64-unknown-linux-gnu,gimli,0.33.0,read::cfi::tests::test_parse_encoded_pointer_udata4,full,success,0.11099646566666667,,,,
aarch64-unknown-linux-gnu,gimli,0.33.0,read::cfi::tests::test_parse_encoded_pointer_udata8,full,success,0.11085645200000001,,,,
aarch64-unknown-linux-gnu,gimli,0.33.0,read::cfi::tests::test_parse_encoded_pointer_uleb128,full,success,0.11194865133333336,,,,
aarch64-unknown-linux-gnu,gimli,0.33.0,read::cfi::tests::test_parse_fde_32_ok,full,success,0.11731292233333335,,,,
aarch64-unknown-linux-gnu,gimli,0.33.0,read::cfi::tests::test_parse_fde_64_ok,full,success,0.11713238233333334,,,,
aarch64-unknown-linux-gnu,gimli,0.33.0,read::cfi::tests::test_parse_fde_incomplete_cie_pointer_32,full,success,0.11077941000000001,,,,
aarch64-unknown-linux-gnu,gimli,0.33.0,read::cfi::tests::test_parse_fde_incomplete_length_32,full,success,0.11092051266666668,,,,
aarch64-unknown-linux-gnu,gimli,0.33.0,read::cfi::tests::test_parse_fde_incomplete_length_64,full,success,0.11178823566666667,,,,
aarch64-unknown-linux-gnu,gimli,0.33.0,read::cfi::tests::test_parse_pointer_encoding_bad_encoding,full,success,0.10884500066666668,,,,
aarch64-unknown-linux-gnu,gimli,0.33.0,read::cfi::tests::test_parse_pointer_encoding_ok,full,success,0.10982137466666668,,,,
aarch64-unknown-linux-gnu,gimli,0.33.0,read::cfi::tests::test_unwind_context_reuse,full,success,0.11048809566666666,,,,
aarch64-unknown-linux-gnu,gimli,0.33.0,read::cfi::tests::test_unwind_info_for_address_not_found,full,success,0.10989783333333335,,,,
aarch64-unknown-linux-gnu,gimli,0.33.0,read::cfi::tests::test_unwind_info_for_address_ok,full,success,0.15303449900000002,,,,
aarch64-unknown-linux-gnu,gimli,0.33.0,read::cfi::tests::test_unwind_table_cie_invalid_rule,full,success,0.11976186866666667,,,,
aarch64-unknown-linux-gnu,gimli,0.33.0,read::cfi::tests::test_unwind_table_cie_no_rule,full,success,0.12111616700000001,,,,
aarch64-unknown-linux-gnu,gimli,0.33.0,read::cfi::tests::test_unwind_table_cie_single_rule,full,success,0.12347959066666668,,,,
aarch64-unknown-linux-gnu,gimli,0.33.0,read::cfi::tests::test_unwind_table_next_row,full,success,0.14928970266666666,,,,
aarch64-unknown-linux-gnu,gimli,0.33.0,read::dwarf::tests::test_dwarf_unit_variance,full,success,0.11026499166666669,,,,
aarch64-unknown-linux-gnu,gimli,0.33.0,read::dwarf::tests::test_dwarf_variance,full,success,0.10866837866666668,,,,
aarch64-unknown-linux-gnu,gimli,0.33.0,read::dwarf::tests::test_format_error,full,success,0.11887616700000002,,,,
aarch64-unknown-linux-gnu,gimli,0.33.0,read::dwarf::tests::test_send,full,success,0.10944348666666666,,,,
aarch64-unknown-linux-gnu,gimli,0.33.0,read::endian_reader::tests::bytes_and_len_and_range_and_eq,full,success,0.10946575433333335,,,,
aarch64-unknown-linux-gnu,gimli,0.33.0,read::endian_reader::tests::empty,full,success,0.10913821266666668,,,,
aarch64-unknown-linux-gnu,gimli,0.33.0,read::endian_reader::tests::endian,full,success,0.10954561333333333,,,,
aarch64-unknown-linux-gnu,gimli,0.33.0,read::endian_reader::tests::find,full,success,0.10890526933333333,,,,
aarch64-unknown-linux-gnu,gimli,0.33.0,read::endian_reader::tests::indexing,full,success,0.11022884133333334,,,,
aarch64-unknown-linux-gnu,gimli,0.33.0,read::endian_reader::tests::indexing_out_of_bounds,full,success,0.11481604866666668,,,,
aarch64-unknown-linux-gnu,gimli,0.33.0,read::endian_reader::tests::offset_from,full,success,0.10927643333333335,,,,
aarch64-unknown-linux-gnu,gimli,0.33.0,read::endian_reader::tests::read_u8_array,full,success,0.11017313533333334,,,,
aarch64-unknown-linux-gnu,gimli,0.33.0,read::endian_reader::tests::skip,full,success,0.10981238466666667,,,,
aarch64-unknown-linux-gnu,gimli,0.33.0,read::endian_reader::tests::test_reader_split,full,success,0.10971550133333334,,,,
aarch64-unknown-linux-gnu,gimli,0.33.0,read::endian_reader::tests::test_reader_split_out_of_bounds,full,success,0.109750737,,,,
aarch64-unknown-linux-gnu,gimli,0.33.0,read::endian_reader::tests::to_slice,full,success,0.10977628000000002,,,,
aarch64-unknown-linux-gnu,gimli,0.33.0,read::endian_reader::tests::to_string_err,full,success,0.10920698833333332,,,,
aarch64-unknown-linux-gnu,gimli,0.33.0,read::endian_reader::tests::to_string_lossy,full,success,0.10954003233333333,,,,
aarch64-unknown-linux-gnu,gimli,0.33.0,read::endian_reader::tests::to_string_ok,full,success,0.10924863800000001,,,,
aarch64-unknown-linux-gnu,gimli,0.33.0,read::endian_reader::tests::truncate,full,success,0.11008135666666667,,,,
aarch64-unknown-linux-gnu,gimli,0.33.0,read::endian_slice::tests::test_endian_slice_split_at,full,success,0.10978140266666668,,,,
aarch64-unknown-linux-gnu,gimli,0.33.0,read::endian_slice::tests::test_endian_slice_split_at_out_of_bounds,full,success,0.11570759400000001,,,,
aarch64-unknown-linux-gnu,gimli,0.33.0,read::index::tests::test_cu_index,full,success,0.112933391,,,,
aarch64-unknown-linux-gnu,gimli,0.33.0,read::index::tests::test_empty,full,success,0.10962247466666668,,,,
aarch64-unknown-linux-gnu,gimli,0.33.0,read::index::tests::test_hash,full,success,0.11861352533333334,,,,
aarch64-unknown-linux-gnu,gimli,0.33.0,read::index::tests::test_tu_index,full,success,0.11229221266666667,,,,
aarch64-unknown-linux-gnu,gimli,0.33.0,read::index::tests::test_version_2,full,success,0.11158984466666667,,,,
aarch64-unknown-linux-gnu,gimli,0.33.0,read::index::tests::test_version_2_sections,full,success,0.12005941166666667,,,,
aarch64-unknown-linux-gnu,gimli,0.33.0,read::index::tests::test_version_5,full,success,0.11174140966666668,,,,
aarch64-unknown-linux-gnu,gimli,0.33.0,read::index::tests::test_version_5_invalid,full,success,0.11150851700000002,,,,
aarch64-unknown-linux-gnu,gimli,0.33.0,read::index::tests::test_version_5_sections,full,success,0.12018116533333334,,,,
aarch64-unknown-linux-gnu,gimli,0.33.0,read::index::tests::test_zero_slots,full,success,0.112077955,,,,
aarch64-unknown-linux-gnu,gimli,0.33.0,read::line::tests::test_exec_advance_line,full,success,0.11013493233333334,,,,
aarch64-unknown-linux-gnu,gimli,0.33.0,read::line::tests::test_exec_advance_line_overflow,full,success,0.10990832666666667,,,,
aarch64-unknown-linux-gnu,gimli,0.33.0,read::line::tests::test_exec_advance_pc,full,success,0.11030353466666669,,,,
aarch64-unknown-linux-gnu,gimli,0.33.0,read::line::tests::test_exec_advance_pc_overflow_32,full,success,0.11012782433333335,,,,
aarch64-unknown-linux-gnu,gimli,0.33.0,read::line::tests::test_exec_advance_pc_overflow_64,full,success,0.10898075133333335,,,,
aarch64-unknown-linux-gnu,gimli,0.33.0,read::line::tests::test_exec_const_add_pc,full,success,0.109846767,,,,
aarch64-unknown-linux-gnu,gimli,0.33.0,read::line::tests::test_exec_const_add_pc_overflow,full,success,0.11074145833333333,,,,
aarch64-unknown-linux-gnu,gimli,0.33.0,read::line::tests::test_exec_copy,full,success,0.10936502266666666,,,,
aarch64-unknown-linux-gnu,gimli,0.33.0,read::line::tests::test_exec_define_file,full,success,0.10996111466666668,,,,
aarch64-unknown-linux-gnu,gimli,0.33.0,read::line::tests::test_exec_end_sequence,full,success,0.10971283233333334,,,,
aarch64-unknown-linux-gnu,gimli,0.33.0,read::line::tests::test_exec_fixed_add_pc,full,success,0.11148299466666667,,,,
aarch64-unknown-linux-gnu,gimli,0.33.0,read::line::tests::test_exec_fixed_add_pc_overflow,full,success,0.10925093933333334,,,,
aarch64-unknown-linux-gnu,gimli,0.33.0,read::line::tests::test_exec_negate_statement,full,success,0.10929430333333334,,,,
aarch64-unknown-linux-gnu,gimli,0.33.0,read::line::tests::test_exec_set_address,full,success,0.11052000333333334,,,,
aarch64-unknown-linux-gnu,gimli,0.33.0,read::line::tests::test_exec_set_address_backwards,full,success,0.11042967766666667,,,,
aarch64-unknown-linux-gnu,gimli,0.33.0,read::line::tests::test_exec_set_address_tombstone,full,success,0.11094491866666667,,,,
aarch64-unknown-linux-gnu,gimli,0.33.0,read::line::tests::test_exec_set_basic_block,full,success,0.11032080166666668,,,,
aarch64-unknown-linux-gnu,gimli,0.33.0,read::line::tests::test_exec_set_column,full,success,0.11152507700000001,,,,
aarch64-unknown-linux-gnu,gimli,0.33.0,read::line::tests::test_exec_set_discriminator,full,success,0.11145931000000002,,,,
aarch64-unknown-linux-gnu,gimli,0.33.0,read::line::tests::test_exec_set_file_in_bounds,full,success,0.11105862133333334,,,,
aarch64-unknown-linux-gnu,gimli,0.33.0,read::line::tests::test_exec_set_file_out_of_bounds,full,success,0.11086484933333333,,,,
aarch64-unknown-linux-gnu,gimli,0.33.0,read::line::tests::test_exec_set_isa,full,success,0.11079657500000001,,,,
aarch64-unknown-linux-gnu,gimli,0.33.0,read::line::tests::test_exec_set_prologue_end,full,success,0.11039233733333333,,,,
aarch64-unknown-linux-gnu,gimli,0.33.0,read::line::tests::test_exec_special_line_underflow,full,success,0.11007442833333335,,,,
aarch64-unknown-linux-gnu,gimli,0.33.0,read::line::tests::test_exec_special_negative_line_advance,full,success,0.11058809633333333,,,,
aarch64-unknown-linux-gnu,gimli,0.33.0,read::line::tests::test_exec_special_noop,full,success,0.11086286566666666,,,,
aarch64-unknown-linux-gnu,gimli,0.33.0,read::line::tests::test_exec_special_positive_address_advance,full,success,0.11036522166666668,,,,
aarch64-unknown-linux-gnu,gimli,0.33.0,read::line::tests::test_exec_special_positive_address_and_line_advance,full,success,0.11119123133333335,,,,
aarch64-unknown-linux-gnu,gimli,0.33.0,read::line::tests::test_exec_special_positive_address_and_negative_line_advance,full,success,0.11040746633333333,,,,
aarch64-unknown-linux-gnu,gimli,0.33.0,read::line::tests::test_exec_special_positive_line_advance,full,success,0.11001198833333332,,,,
aarch64-unknown-linux-gnu,gimli,0.33.0,read::line::tests::test_exec_unknown_extended,full,success,0.11054687866666668,,,,
aarch64-unknown-linux-gnu,gimli,0.33.0,read::line::tests::test_exec_unknown_standard_0,full,success,0.10984422266666667,,,,
aarch64-unknown-linux-gnu,gimli,0.33.0,read::line::tests::test_exec_unknown_standard_1,full,success,0.11070830033333334,,,,
aarch64-unknown-linux-gnu,gimli,0.33.0,read::line::tests::test_exec_unknown_standard_n,full,success,0.11009736766666667,,,,
aarch64-unknown-linux-gnu,gimli,0.33.0,read::line::tests::test_file_entry_directory,full,success,0.10951235600000002,,,,
aarch64-unknown-linux-gnu,gimli,0.33.0,read::line::tests::test_file_entry_file_index_in_bounds,full,success,0.11005427200000001,,,,
aarch64-unknown-linux-gnu,gimli,0.33.0,read::line::tests::test_file_entry_file_index_out_of_bounds,full,success,0.10973981866666667,,,,
aarch64-unknown-linux-gnu,gimli,0.33.0,read::line::tests::test_parse_debug_line_32_ok,full,success,0.11834152433333334,,,,
aarch64-unknown-linux-gnu,gimli,0.33.0,read::line::tests::test_parse_debug_line_header_length_too_short,full,success,0.11363179733333335,,,,
aarch64-unknown-linux-gnu,gimli,0.33.0,read::line::tests::test_parse_debug_line_unit_length_too_short,full,success,0.109646429,,,,
aarch64-unknown-linux-gnu,gimli,0.33.0,read::line::tests::test_parse_debug_line_v5_ok,full,success,0.17725796233333335,,,,
aarch64-unknown-linux-gnu,gimli,0.33.0,read::line::tests::test_parse_extended_opcodes,full,success,0.114731333,,,,
aarch64-unknown-linux-gnu,gimli,0.33.0,read::line::tests::test_parse_special_opcodes,full,success,0.177059671,,,,
aarch64-unknown-linux-gnu,gimli,0.33.0,read::line::tests::test_parse_standard_opcodes,full,success,0.11536905866666668,,,,
aarch64-unknown-linux-gnu,gimli,0.33.0,read::line::tests::test_parse_unknown_standard_opcode_many_args,full,success,0.11067170033333333,,,,
aarch64-unknown-linux-gnu,gimli,0.33.0,read::line::tests::test_parse_unknown_standard_opcode_no_args,full,success,0.11014122133333333,,,,
aarch64-unknown-linux-gnu,gimli,0.33.0,read::line::tests::test_parse_unknown_standard_opcode_one_arg,full,success,0.11009065166666669,,,,
aarch64-unknown-linux-gnu,gimli,0.33.0,read::line::tests::test_sequences,full,success,0.14242960633333335,,,,
aarch64-unknown-linux-gnu,gimli,0.33.0,read::loclists::tests::test_get_offset,full,success,0.13201070666666667,,,,
aarch64-unknown-linux-gnu,gimli,0.33.0,read::loclists::tests::test_location_list,full,success,0.14898126733333333,,,,
aarch64-unknown-linux-gnu,gimli,0.33.0,read::loclists::tests::test_locations_invalid,full,success,0.112928119,,,,
aarch64-unknown-linux-gnu,gimli,0.33.0,read::loclists::tests::test_loclists,full,success,0.3318473236666667,,,,
aarch64-unknown-linux-gnu,gimli,0.33.0,read::loclists::tests::test_loclists_gnu_v4_split_dwarf,full,success,0.10931845866666667,,,,
aarch64-unknown-linux-gnu,gimli,0.33.0,read::macros::tests::get_macros_1,full,success,0.16389799100000002,,,,
aarch64-unknown-linux-gnu,gimli,0.33.0,read::macros::tests::get_macros_2,full,success,0.14750217433333335,,,,
aarch64-unknown-linux-gnu,gimli,0.33.0,read::macros::tests::test_get_macinfo,full,success,0.12087833900000002,,,,
aarch64-unknown-linux-gnu,gimli,0.33.0,read::names::tests::test_debug_names,full,success,0.31730908666666674,,,,
aarch64-unknown-linux-gnu,gimli,0.33.0,read::names::tests::test_debug_names_abbrev_table_empty,full,success,0.10890238266666667,,,,
aarch64-unknown-linux-gnu,gimli,0.33.0,read::names::tests::test_debug_names_abbrev_table_invalid,full,success,0.11502103500000001,,,,
aarch64-unknown-linux-gnu,gimli,0.33.0,read::names::tests::test_debug_names_augmentation,full,success,0.169586892,,,,
aarch64-unknown-linux-gnu,gimli,0.33.0,read::names::tests::test_debug_names_invalid_version,full,success,0.130626667,,,,
aarch64-unknown-linux-gnu,gimli,0.33.0,read::names::tests::test_debug_names_no_hash_table,full,success,0.15402283133333336,,,,
aarch64-unknown-linux-gnu,gimli,0.33.0,read::names::tests::test_debug_names_truncated,full,success,0.125101605,,,,
aarch64-unknown-linux-gnu,gimli,0.33.0,read::op::tests::test_compute_pc,full,success,0.11106578033333332,,,,
aarch64-unknown-linux-gnu,gimli,0.33.0,read::op::tests::test_eval_arith,full,success,0.291339972,,,,
aarch64-unknown-linux-gnu,gimli,0.33.0,read::op::tests::test_eval_arith64,full,success,0.19204095866666668,,,,
aarch64-unknown-linux-gnu,gimli,0.33.0,read::op::tests::test_eval_call,full,success,0.17937122833333333,,,,
aarch64-unknown-linux-gnu,gimli,0.33.0,read::op::tests::test_eval_compare,full,success,0.171510113,,,,
aarch64-unknown-linux-gnu,gimli,0.33.0,read::op::tests::test_eval_context,full,success,0.26930978499999997,,,,
aarch64-unknown-linux-gnu,gimli,0.33.0,read::op::tests::test_eval_empty_stack,full,success,0.1404153813333333,,,,
aarch64-unknown-linux-gnu,gimli,0.33.0,read::op::tests::test_eval_lit_and_reg,full,success,0.2708550876666667,,,,
aarch64-unknown-linux-gnu,gimli,0.33.0,read::op::tests::test_eval_max_iterations,full,success,0.20554638833333336,,,,
aarch64-unknown-linux-gnu,gimli,0.33.0,read::op::tests::test_eval_memory,full,success,0.22532725833333336,,,,
aarch64-unknown-linux-gnu,gimli,0.33.0,read::op::tests::test_eval_pieces,full,success,0.364042231,,,,
aarch64-unknown-linux-gnu,gimli,0.33.0,read::op::tests::test_eval_register,full,success,2.051100776666667,,,,
aarch64-unknown-linux-gnu,gimli,0.33.0,read::op::tests::test_eval_stack,full,success,0.15048919033333333,,,,
aarch64-unknown-linux-gnu,gimli,0.33.0,read::op::tests::test_eval_typed_stack,full,success,0.30102857633333335,,,,
aarch64-unknown-linux-gnu,gimli,0.33.0,read::op::tests::test_op_convert,full,success,0.11270852466666668,,,,
aarch64-unknown-linux-gnu,gimli,0.33.0,read::op::tests::test_op_parse_bit_piece,full,success,0.21362152700000003,,,,
aarch64-unknown-linux-gnu,gimli,0.33.0,read::op::tests::test_op_parse_bregx,full,success,0.29522452800000004,,,,
aarch64-unknown-linux-gnu,gimli,0.33.0,read::op::tests::test_op_parse_const_type,full,success,0.11722147333333334,,,,
aarch64-unknown-linux-gnu,gimli,0.33.0,read::op::tests::test_op_parse_deref_type,full,success,0.114629541,,,,
aarch64-unknown-linux-gnu,gimli,0.33.0,read::op::tests::test_op_parse_entry_value,full,success,0.11404038533333334,,,,
aarch64-unknown-linux-gnu,gimli,0.33.0,read::op::tests::test_op_parse_fivebyte,full,success,0.12170306366666668,,,,
aarch64-unknown-linux-gnu,gimli,0.33.0,read::op::tests::test_op_parse_gnu_parameter_ref,full,success,0.11153506966666667,,,,
aarch64-unknown-linux-gnu,gimli,0.33.0,read::op::tests::test_op_parse_implicit_pointer,full,success,0.140156247,,,,
aarch64-unknown-linux-gnu,gimli,0.33.0,read::op::tests::test_op_parse_implicit_value,full,success,0.11199635933333334,,,,
aarch64-unknown-linux-gnu,gimli,0.33.0,read::op::tests::test_op_parse_ninebyte,full,success,0.12270741433333333,,,,
aarch64-unknown-linux-gnu,gimli,0.33.0,read::op::tests::test_op_parse_onebyte,full,success,0.226569648,,,,
aarch64-unknown-linux-gnu,gimli,0.33.0,read::op::tests::test_op_parse_regval_type,full,success,0.113077388,,,,
aarch64-unknown-linux-gnu,gimli,0.33.0,read::op::tests::test_op_parse_sleb,full,success,1.301556173,,,,
aarch64-unknown-linux-gnu,gimli,0.33.0,read::op::tests::test_op_parse_threebyte,full,success,0.11909013400000001,,,,
aarch64-unknown-linux-gnu,gimli,0.33.0,read::op::tests::test_op_parse_twobyte,full,success,0.11693679466666668,,,,
aarch64-unknown-linux-gnu,gimli,0.33.0,read::op::tests::test_op_parse_uleb,full,success,0.16652687633333332,,,,
aarch64-unknown-linux-gnu,gimli,0.33.0,read::op::tests::test_op_reinterpret,full,success,0.11173332899999999,,,,
aarch64-unknown-linux-gnu,gimli,0.33.0,read::op::tests::test_op_wasm,full,success,0.11989241666666668,,,,
aarch64-unknown-linux-gnu,gimli,0.33.0,read::reader::test::test_min_tombstone,full,success,0.10934794233333334,,,,
aarch64-unknown-linux-gnu,gimli,0.33.0,read::rnglists::tests::test_get_offset,full,success,0.13169086966666668,,,,
aarch64-unknown-linux-gnu,gimli,0.33.0,read::rnglists::tests::test_ranges,full,success,0.13560197233333335,,,,
aarch64-unknown-linux-gnu,gimli,0.33.0,read::rnglists::tests::test_ranges_invalid,full,success,0.11224806633333334,,,,
aarch64-unknown-linux-gnu,gimli,0.33.0,read::rnglists::tests::test_raw_range,full,success,0.11119173466666667,,,,
aarch64-unknown-linux-gnu,gimli,0.33.0,read::rnglists::tests::test_rnglists,full,success,0.25032155666666667,,,,
aarch64-unknown-linux-gnu,gimli,0.33.0,read::str::tests::test_get_str_offset,full,success,0.13235426000000003,,,,
aarch64-unknown-linux-gnu,gimli,0.33.0,read::tests::test_parse_initial_length_32_ok,full,success,0.109668504,,,,
aarch64-unknown-linux-gnu,gimli,0.33.0,read::tests::test_parse_initial_length_64_incomplete,full,success,0.11068070833333334,,,,
aarch64-unknown-linux-gnu,gimli,0.33.0,read::tests::test_parse_initial_length_64_ok,full,success,0.11011923866666667,,,,
aarch64-unknown-linux-gnu,gimli,0.33.0,read::tests::test_parse_initial_length_incomplete,full,success,0.10962161700000002,,,,
aarch64-unknown-linux-gnu,gimli,0.33.0,read::tests::test_parse_initial_length_unknown_reserved_value,full,success,0.10958207200000002,,,,
aarch64-unknown-linux-gnu,gimli,0.33.0,read::tests::test_parse_offset_32,full,success,0.11042990000000001,,,,
aarch64-unknown-linux-gnu,gimli,0.33.0,read::tests::test_parse_offset_64_large,full,success,0.11028172966666668,,,,
aarch64-unknown-linux-gnu,gimli,0.33.0,read::tests::test_parse_offset_64_small,full,success,0.11099300133333334,,,,
aarch64-unknown-linux-gnu,gimli,0.33.0,read::unit::tests::test_attribute_udata_sdata_value,full,success,0.10967368766666669,,,,
aarch64-unknown-linux-gnu,gimli,0.33.0,read::unit::tests::test_attribute_value,full,success,0.11606550333333333,,,,
aarch64-unknown-linux-gnu,gimli,0.33.0,read::unit::tests::test_cursor_next_dfs,full,success,0.14445857133333334,,,,
aarch64-unknown-linux-gnu,gimli,0.33.0,read::unit::tests::test_cursor_next_entry,full,success,0.14417828733333335,,,,
aarch64-unknown-linux-gnu,gimli,0.33.0,read::unit::tests::test_cursor_next_entry_incomplete,full,success,0.12417220400000001,,,,
aarch64-unknown-linux-gnu,gimli,0.33.0,read::unit::tests::test_cursor_next_sibling_continuation,full,success,0.14592936733333337,,,,
aarch64-unknown-linux-gnu,gimli,0.33.0,read::unit::tests::test_cursor_next_sibling_no_sibling_ptr,full,success,0.14726562333333335,,,,
aarch64-unknown-linux-gnu,gimli,0.33.0,read::unit::tests::test_debug_info_next_sibling_with_ptr,full,success,0.15463441400000003,,,,
aarch64-unknown-linux-gnu,gimli,0.33.0,read::unit::tests::test_debug_info_offset,full,success,0.11553189300000001,,,,
aarch64-unknown-linux-gnu,gimli,0.33.0,read::unit::tests::test_debug_types_next_sibling_with_ptr,full,success,0.15460159133333332,,,,
aarch64-unknown-linux-gnu,gimli,0.33.0,read::unit::tests::test_debug_types_offset,full,success,0.117321406,,,,
aarch64-unknown-linux-gnu,gimli,0.33.0,read::unit::tests::test_entries_at_offset,full,success,0.12326827700000002,,,,
aarch64-unknown-linux-gnu,gimli,0.33.0,read::unit::tests::test_entries_raw,full,success,0.12943868333333333,,,,
aarch64-unknown-linux-gnu,gimli,0.33.0,read::unit::tests::test_entries_tree,full,success,0.18137922033333334,,,,
aarch64-unknown-linux-gnu,gimli,0.33.0,read::unit::tests::test_length_including_self,full,success,0.10934673633333335,,,,
aarch64-unknown-linux-gnu,gimli,0.33.0,read::unit::tests::test_parse_attribute_addr,full,success,0.10966400066666666,,,,
aarch64-unknown-linux-gnu,gimli,0.33.0,read::unit::tests::test_parse_attribute_addr8,full,success,0.11001354,,,,
aarch64-unknown-linux-gnu,gimli,0.33.0,read::unit::tests::test_parse_attribute_addrx,full,success,0.11069740300000001,,,,
aarch64-unknown-linux-gnu,gimli,0.33.0,read::unit::tests::test_parse_attribute_addrx1,full,success,0.11033306266666666,,,,
aarch64-unknown-linux-gnu,gimli,0.33.0,read::unit::tests::test_parse_attribute_addrx2,full,success,0.11035092233333334,,,,
aarch64-unknown-linux-gnu,gimli,0.33.0,read::unit::tests::test_parse_attribute_addrx3,full,success,0.11019211700000002,,,,
aarch64-unknown-linux-gnu,gimli,0.33.0,read::unit::tests::test_parse_attribute_addrx4,full,success,0.11064892999999999,,,,
aarch64-unknown-linux-gnu,gimli,0.33.0,read::unit::tests::test_parse_attribute_block,full,success,0.10991742833333334,,,,
aarch64-unknown-linux-gnu,gimli,0.33.0,read::unit::tests::test_parse_attribute_block1,full,success,0.109739454,,,,
aarch64-unknown-linux-gnu,gimli,0.33.0,read::unit::tests::test_parse_attribute_block2,full,success,0.11071625,,,,
aarch64-unknown-linux-gnu,gimli,0.33.0,read::unit::tests::test_parse_attribute_block4,full,success,0.11011272566666667,,,,
aarch64-unknown-linux-gnu,gimli,0.33.0,read::unit::tests::test_parse_attribute_data1,full,success,0.11111926866666667,,,,
aarch64-unknown-linux-gnu,gimli,0.33.0,read::unit::tests::test_parse_attribute_data16,full,success,0.11008682033333335,,,,
aarch64-unknown-linux-gnu,gimli,0.33.0,read::unit::tests::test_parse_attribute_data2,full,success,0.11086818266666666,,,,
aarch64-unknown-linux-gnu,gimli,0.33.0,read::unit::tests::test_parse_attribute_data4,full,success,0.10989691033333333,,,,
aarch64-unknown-linux-gnu,gimli,0.33.0,read::unit::tests::test_parse_attribute_data8,full,success,0.10973414999999999,,,,
aarch64-unknown-linux-gnu,gimli,0.33.0,read::unit::tests::test_parse_attribute_exprloc,full,success,0.11030749966666668,,,,
aarch64-unknown-linux-gnu,gimli,0.33.0,read::unit::tests::test_parse_attribute_flag_false,full,success,0.11065570366666667,,,,
aarch64-unknown-linux-gnu,gimli,0.33.0,read::unit::tests::test_parse_attribute_flag_present,full,success,0.10972591800000002,,,,
aarch64-unknown-linux-gnu,gimli,0.33.0,read::unit::tests::test_parse_attribute_flag_true,full,success,0.109165907,,,,
aarch64-unknown-linux-gnu,gimli,0.33.0,read::unit::tests::test_parse_attribute_gnu_ref_alt_32,full,success,0.10987590966666667,,,,
aarch64-unknown-linux-gnu,gimli,0.33.0,read::unit::tests::test_parse_attribute_gnu_ref_alt_64,full,success,0.11048708200000001,,,,
aarch64-unknown-linux-gnu,gimli,0.33.0,read::unit::tests::test_parse_attribute_gnu_strp_alt_32,full,success,0.10977701733333334,,,,
aarch64-unknown-linux-gnu,gimli,0.33.0,read::unit::tests::test_parse_attribute_gnu_strp_alt_64,full,success,0.11005019833333334,,,,
aarch64-unknown-linux-gnu,gimli,0.33.0,read::unit::tests::test_parse_attribute_indirect,full,success,0.11295036266666668,,,,
aarch64-unknown-linux-gnu,gimli,0.33.0,read::unit::tests::test_parse_attribute_indirect_implicit_const,full,success,0.11265736366666668,,,,
aarch64-unknown-linux-gnu,gimli,0.33.0,read::unit::tests::test_parse_attribute_loclistx,full,success,0.110360097,,,,
aarch64-unknown-linux-gnu,gimli,0.33.0,read::unit::tests::test_parse_attribute_ref1,full,success,0.10920215166666668,,,,
aarch64-unknown-linux-gnu,gimli,0.33.0,read::unit::tests::test_parse_attribute_ref2,full,success,0.10993889066666666,,,,
aarch64-unknown-linux-gnu,gimli,0.33.0,read::unit::tests::test_parse_attribute_ref4,full,success,0.11071100733333333,,,,
aarch64-unknown-linux-gnu,gimli,0.33.0,read::unit::tests::test_parse_attribute_ref8,full,success,0.10984281833333336,,,,
aarch64-unknown-linux-gnu,gimli,0.33.0,read::unit::tests::test_parse_attribute_ref_sup4,full,success,0.10944680766666666,,,,
aarch64-unknown-linux-gnu,gimli,0.33.0,read::unit::tests::test_parse_attribute_ref_sup8,full,success,0.10984719433333334,,,,
aarch64-unknown-linux-gnu,gimli,0.33.0,read::unit::tests::test_parse_attribute_refaddr8_version2,full,success,0.10945813900000001,,,,
aarch64-unknown-linux-gnu,gimli,0.33.0,read::unit::tests::test_parse_attribute_refaddr_32,full,success,0.10977977866666667,,,,
aarch64-unknown-linux-gnu,gimli,0.33.0,read::unit::tests::test_parse_attribute_refaddr_64,full,success,0.11143822633333333,,,,
aarch64-unknown-linux-gnu,gimli,0.33.0,read::unit::tests::test_parse_attribute_refaddr_version2,full,success,0.10983078333333333,,,,
aarch64-unknown-linux-gnu,gimli,0.33.0,read::unit::tests::test_parse_attribute_refsig8,full,success,0.10994004266666668,,,,
aarch64-unknown-linux-gnu,gimli,0.33.0,read::unit::tests::test_parse_attribute_refudata,full,success,0.10972292366666668,,,,
aarch64-unknown-linux-gnu,gimli,0.33.0,read::unit::tests::test_parse_attribute_rnglistx,full,success,0.110640291,,,,
aarch64-unknown-linux-gnu,gimli,0.33.0,read::unit::tests::test_parse_attribute_sdata,full,success,0.11055323333333333,,,,
aarch64-unknown-linux-gnu,gimli,0.33.0,read::unit::tests::test_parse_attribute_sec_offset_32,full,success,0.11026541233333335,,,,
aarch64-unknown-linux-gnu,gimli,0.33.0,read::unit::tests::test_parse_attribute_sec_offset_64,full,success,0.10961655866666668,,,,
aarch64-unknown-linux-gnu,gimli,0.33.0,read::unit::tests::test_parse_attribute_string,full,success,0.11020447233333334,,,,
aarch64-unknown-linux-gnu,gimli,0.33.0,read::unit::tests::test_parse_attribute_strp_32,full,success,0.110439213,,,,
aarch64-unknown-linux-gnu,gimli,0.33.0,read::unit::tests::test_parse_attribute_strp_64,full,success,0.11087875566666668,,,,
aarch64-unknown-linux-gnu,gimli,0.33.0,read::unit::tests::test_parse_attribute_strp_sup_32,full,success,0.11039478233333333,,,,
aarch64-unknown-linux-gnu,gimli,0.33.0,read::unit::tests::test_parse_attribute_strp_sup_64,full,success,0.11065955133333334,,,,
aarch64-unknown-linux-gnu,gimli,0.33.0,read::unit::tests::test_parse_attribute_strx,full,success,0.11146795433333334,,,,
aarch64-unknown-linux-gnu,gimli,0.33.0,read::unit::tests::test_parse_attribute_strx1,full,success,0.11055060900000001,,,,
aarch64-unknown-linux-gnu,gimli,0.33.0,read::unit::tests::test_parse_attribute_strx2,full,success,0.11109588033333334,,,,
aarch64-unknown-linux-gnu,gimli,0.33.0,read::unit::tests::test_parse_attribute_strx3,full,success,0.109144439,,,,
aarch64-unknown-linux-gnu,gimli,0.33.0,read::unit::tests::test_parse_attribute_strx4,full,success,0.11086461966666666,,,,
aarch64-unknown-linux-gnu,gimli,0.33.0,read::unit::tests::test_parse_attribute_udata,full,success,0.11088474033333333,,,,
aarch64-unknown-linux-gnu,gimli,0.33.0,read::unit::tests::test_parse_type_unit_abbrevs,full,success,0.11129294066666667,,,,
aarch64-unknown-linux-gnu,gimli,0.33.0,read::unit::tests::test_parse_type_unit_header_32_ok,full,success,0.11642056866666667,,,,
aarch64-unknown-linux-gnu,gimli,0.33.0,read::unit::tests::test_parse_type_unit_header_64_ok,full,success,0.11695975133333335,,,,
aarch64-unknown-linux-gnu,gimli,0.33.0,read::unit::tests::test_parse_unit_header_32_ok,full,success,0.11481602566666667,,,,
aarch64-unknown-linux-gnu,gimli,0.33.0,read::unit::tests::test_parse_unit_header_64_ok,full,success,0.11648088066666668,,,,
aarch64-unknown-linux-gnu,gimli,0.33.0,read::unit::tests::test_parse_v5_partial_unit_header_32_ok,full,success,0.11586555700000001,,,,
aarch64-unknown-linux-gnu,gimli,0.33.0,read::unit::tests::test_parse_v5_partial_unit_header_64_ok,full,success,0.11701107166666669,,,,
aarch64-unknown-linux-gnu,gimli,0.33.0,read::unit::tests::test_parse_v5_skeleton_unit_header_32_ok,full,success,0.11628019966666668,,,,
aarch64-unknown-linux-gnu,gimli,0.33.0,read::unit::tests::test_parse_v5_skeleton_unit_header_64_ok,full,success,0.118155739,,,,
aarch64-unknown-linux-gnu,gimli,0.33.0,read::unit::tests::test_parse_v5_split_compilation_unit_header_32_ok,full,success,0.11697276933333334,,,,
aarch64-unknown-linux-gnu,gimli,0.33.0,read::unit::tests::test_parse_v5_split_compilation_unit_header_64_ok,full,success,0.11691331133333334,,,,
aarch64-unknown-linux-gnu,gimli,0.33.0,read::unit::tests::test_parse_v5_split_type_unit_header_32_ok,full,success,0.11686714466666666,,,,
aarch64-unknown-linux-gnu,gimli,0.33.0,read::unit::tests::test_parse_v5_split_type_unit_header_64_ok,full,success,0.11768721700000001,,,,
aarch64-unknown-linux-gnu,gimli,0.33.0,read::unit::tests::test_parse_v5_type_unit_header_32_ok,full,success,0.119173362,,,,
aarch64-unknown-linux-gnu,gimli,0.33.0,read::unit::tests::test_parse_v5_type_unit_header_64_ok,full,success,0.11798721900000002,,,,
aarch64-unknown-linux-gnu,gimli,0.33.0,read::unit::tests::test_parse_v5_unit_header_32_ok,full,success,0.11728050466666667,,,,
aarch64-unknown-linux-gnu,gimli,0.33.0,read::unit::tests::test_parse_v5_unit_header_64_ok,full,success,0.11812146899999999,,,,
aarch64-unknown-linux-gnu,gimli,0.33.0,read::unit::tests::test_unit_header_variance,full,success,0.11043116066666668,,,,
aarch64-unknown-linux-gnu,gimli,0.33.0,read::unit::tests::test_unit_version_incomplete,full,success,0.11046511933333335,,,,
aarch64-unknown-linux-gnu,gimli,0.33.0,read::unit::tests::test_unit_version_unknown_version,full,success,0.11048011466666667,,,,
aarch64-unknown-linux-gnu,gimli,0.33.0,read::unit::tests::test_units,full,success,0.12247914366666668,,,,
aarch64-unknown-linux-gnu,gimli,0.33.0,read::value::tests::value_abs,full,success,0.11059392633333333,,,,
aarch64-unknown-linux-gnu,gimli,0.33.0,read::value::tests::value_add,full,success,0.11050132100000003,,,,
aarch64-unknown-linux-gnu,gimli,0.33.0,read::value::tests::value_and,full,success,0.11002842266666668,,,,
aarch64-unknown-linux-gnu,gimli,0.33.0,read::value::tests::value_convert,full,success,0.11042892700000001,,,,
aarch64-unknown-linux-gnu,gimli,0.33.0,read::value::tests::value_div,full,success,0.11019978333333336,,,,
aarch64-unknown-linux-gnu,gimli,0.33.0,read::value::tests::value_eq,full,success,0.109432024,,,,
aarch64-unknown-linux-gnu,gimli,0.33.0,read::value::tests::value_ge,full,success,0.11033442500000001,,,,
aarch64-unknown-linux-gnu,gimli,0.33.0,read::value::tests::value_gt,full,success,0.110336406,,,,
aarch64-unknown-linux-gnu,gimli,0.33.0,read::value::tests::value_le,full,success,0.10928329399999999,,,,
aarch64-unknown-linux-gnu,gimli,0.33.0,read::value::tests::value_lt,full,success,0.110092347,,,,
aarch64-unknown-linux-gnu,gimli,0.33.0,read::value::tests::value_mul,full,success,0.10975142633333335,,,,
aarch64-unknown-linux-gnu,gimli,0.33.0,read::value::tests::value_ne,full,success,0.11003944933333333,,,,
aarch64-unknown-linux-gnu,gimli,0.33.0,read::value::tests::value_neg,full,success,0.10929114733333334,,,,
aarch64-unknown-linux-gnu,gimli,0.33.0,read::value::tests::value_not,full,success,0.109354133,,,,
aarch64-unknown-linux-gnu,gimli,0.33.0,read::value::tests::value_or,full,success,0.11071552666666667,,,,
aarch64-unknown-linux-gnu,gimli,0.33.0,read::value::tests::value_reinterpret,full,success,0.11027427633333335,,,,
aarch64-unknown-linux-gnu,gimli,0.33.0,read::value::tests::value_rem,full,success,0.11055669633333333,,,,
aarch64-unknown-linux-gnu,gimli,0.33.0,read::value::tests::value_shl,full,success,0.110666836,,,,
aarch64-unknown-linux-gnu,gimli,0.33.0,read::value::tests::value_shr,full,success,0.11030513866666668,,,,
aarch64-unknown-linux-gnu,gimli,0.33.0,read::value::tests::value_shra,full,success,0.112559582,,,,
aarch64-unknown-linux-gnu,gimli,0.33.0,read::value::tests::value_sub,full,success,0.11023672533333334,,,,
aarch64-unknown-linux-gnu,gimli,0.33.0,read::value::tests::value_xor,full,success,0.10968403733333333,,,,
aarch64-unknown-linux-gnu,gimli,0.33.0,read::value::tests::valuetype_from_encoding,full,success,0.1272325036666667,,,,
aarch64-unknown-linux-gnu,gimli,0.33.0,write::abbrev::tests::test_abbreviation_table,full,success,0.12233423500000001,,,,
aarch64-unknown-linux-gnu,gimli,0.33.0,write::cfi::tests::test_frame_instruction,full,success,1.7043353943333333,,,,
aarch64-unknown-linux-gnu,gimli,0.33.0,write::cfi::tests::test_frame_table,full,success,1.5099045030000002,,,,
aarch64-unknown-linux-gnu,gimli,0.33.0,write::endian_vec::tests::test_endian_vec,full,success,0.11078273866666667,,,,
aarch64-unknown-linux-gnu,gimli,0.33.0,write::line::tests::test_file_source,full,success,0.9949305310000001,,,,
aarch64-unknown-linux-gnu,gimli,0.33.0,write::line::tests::test_line_instruction,full,success,7.009299840333334,,,,
aarch64-unknown-linux-gnu,gimli,0.33.0,write::line::tests::test_line_program,full,success,2.959098767,,,,
aarch64-unknown-linux-gnu,gimli,0.33.0,write::line::tests::test_line_row,full,success,17.98030011133333,,,,
aarch64-unknown-linux-gnu,gimli,0.33.0,write::line::tests::test_line_sequence,full,success,2.518436274,,,,
aarch64-unknown-linux-gnu,gimli,0.33.0,write::line::tests::test_line_string,full,success,0.5236471516666668,,,,
aarch64-unknown-linux-gnu,gimli,0.33.0,write::line::tests::test_missing_comp_dir,full,success,0.8394081936666667,,,,
aarch64-unknown-linux-gnu,gimli,0.33.0,write::line::tests::test_separate_working_dir,full,success,1.2049744836666667,,,,
aarch64-unknown-linux-gnu,gimli,0.33.0,write::loc::tests::test_loc_list,full,success,0.49077792333333337,,,,
aarch64-unknown-linux-gnu,gimli,0.33.0,write::op::tests::test_expression_as_raw,full,success,0.11242230233333335,,,,
aarch64-unknown-linux-gnu,gimli,0.33.0,write::op::tests::test_expression_raw,full,success,0.4548955896666667,,,,
aarch64-unknown-linux-gnu,gimli,0.33.0,write::op::tests::test_forward_ref,full,success,0.123996069,,,,
aarch64-unknown-linux-gnu,gimli,0.33.0,write::op::tests::test_missing_debuginfo_ref,full,success,0.12897099966666667,,,,
aarch64-unknown-linux-gnu,gimli,0.33.0,write::op::tests::test_missing_unit_ref,full,success,0.12359514833333334,,,,
aarch64-unknown-linux-gnu,gimli,0.33.0,write::op::tests::test_operation,full,success,6.293298028666666,,,,
aarch64-unknown-linux-gnu,gimli,0.33.0,write::range::tests::test_range,full,success,0.2889036493333334,,,,
aarch64-unknown-linux-gnu,gimli,0.33.0,write::relocate::tests::test_relocate_writer,full,success,0.114934537,,,,
aarch64-unknown-linux-gnu,gimli,0.33.0,write::str::tests::test_string_table,full,success,0.122671076,,,,
aarch64-unknown-linux-gnu,gimli,0.33.0,write::unit::tests::test_attribute_value,full,success,15.947830027666667,,,,
aarch64-unknown-linux-gnu,gimli,0.33.0,write::unit::tests::test_delete_child,full,success,0.14653462066666667,,,,
aarch64-unknown-linux-gnu,gimli,0.33.0,write::unit::tests::test_line_program_used,full,success,0.144641527,,,,
aarch64-unknown-linux-gnu,gimli,0.33.0,write::unit::tests::test_line_ref,full,success,1.621120683,,,,
aarch64-unknown-linux-gnu,gimli,0.33.0,write::unit::tests::test_missing_debuginfo_ref,full,success,0.12629364233333334,,,,
aarch64-unknown-linux-gnu,gimli,0.33.0,write::unit::tests::test_missing_unit_ref,full,success,0.12343024166666668,,,,
aarch64-unknown-linux-gnu,gimli,0.33.0,write::unit::tests::test_sibling,full,success,0.20891802133333334,,,,
aarch64-unknown-linux-gnu,gimli,0.33.0,write::unit::tests::test_unit_ref,full,success,0.20397791233333332,,,,
aarch64-unknown-linux-gnu,gimli,0.33.0,write::unit::tests::test_unit_table,full,success,0.20810293666666668,,,,
aarch64-unknown-linux-gnu,gimli,0.33.0,write::writer::tests::test_writer,full,success,0.11489574400000001,,,,
aarch64-unknown-linux-gnu,half,2.7.1,bfloat::test::formatting,full,success,0.13915504600000003,,,,
aarch64-unknown-linux-gnu,half,2.7.1,bfloat::test::qc_roundtrip_bf16_f32_is_identity,full,success,0.22357388133333334,,,,
aarch64-unknown-linux-gnu,half,2.7.1,bfloat::test::qc_roundtrip_bf16_f64_is_identity,full,success,0.21507718466666667,,,,
aarch64-unknown-linux-gnu,half,2.7.1,bfloat::test::test_bf16_consts_from_f32,full,success,0.11124440600000002,,,,
aarch64-unknown-linux-gnu,half,2.7.1,bfloat::test::test_bf16_consts_from_f64,full,success,0.11300789033333335,,,,
aarch64-unknown-linux-gnu,half,2.7.1,bfloat::test::test_bf16_to_f32,full,success,0.11282271733333334,,,,
aarch64-unknown-linux-gnu,half,2.7.1,bfloat::test::test_comparisons,full,success,0.11091526366666667,,,,
aarch64-unknown-linux-gnu,half,2.7.1,bfloat::test::test_max,full,success,0.10975470300000001,,,,
aarch64-unknown-linux-gnu,half,2.7.1,bfloat::test::test_min,full,success,0.11016483166666667,,,,
aarch64-unknown-linux-gnu,half,2.7.1,bfloat::test::test_nan_conversion_to_larger,full,success,0.110553499,,,,
aarch64-unknown-linux-gnu,half,2.7.1,bfloat::test::test_nan_conversion_to_smaller,full,success,0.11074257333333333,,,,
aarch64-unknown-linux-gnu,half,2.7.1,binary16::test::arithmetic,full,success,0.11131541100000002,,,,
aarch64-unknown-linux-gnu,half,2.7.1,binary16::test::formatting,full,success,0.13746709233333335,,,,
aarch64-unknown-linux-gnu,half,2.7.1,binary16::test::qc_roundtrip_f16_f32_is_identity,full,success,0.2197695276666667,,,,
aarch64-unknown-linux-gnu,half,2.7.1,binary16::test::qc_roundtrip_f16_f64_is_identity,full,success,0.21918233933333334,,,,
aarch64-unknown-linux-gnu,half,2.7.1,binary16::test::test_comparisons,full,success,0.11019497066666668,,,,
aarch64-unknown-linux-gnu,half,2.7.1,binary16::test::test_f16_consts_from_f32,full,success,0.11058482200000001,,,,
aarch64-unknown-linux-gnu,half,2.7.1,binary16::test::test_f16_consts_from_f64,full,success,0.11249703533333333,,,,
aarch64-unknown-linux-gnu,half,2.7.1,binary16::test::test_max,full,success,0.11112566000000001,,,,
aarch64-unknown-linux-gnu,half,2.7.1,binary16::test::test_min,full,success,0.11057782733333334,,,,
aarch64-unknown-linux-gnu,half,2.7.1,binary16::test::test_nan_conversion_to_larger,full,success,0.10980085933333333,,,,
aarch64-unknown-linux-gnu,half,2.7.1,binary16::test::test_nan_conversion_to_smaller,full,success,0.11037044800000001,,,,
aarch64-unknown-linux-gnu,half,2.7.1,leading_zeros::test::leading_zeros_u16_fallback,full,success,0.11015689733333334,,,,
aarch64-unknown-linux-gnu,half,2.7.1,slice::test::convert_from_f32_slice_len_mismatch_panics,full,success,0.117917667,,,,
aarch64-unknown-linux-gnu,half,2.7.1,slice::test::convert_from_f64_slice_len_mismatch_panics,full,success,0.118609955,,,,
aarch64-unknown-linux-gnu,half,2.7.1,slice::test::convert_to_f32_slice_len_mismatch_panics,full,success,0.11722924566666666,,,,
aarch64-unknown-linux-gnu,half,2.7.1,slice::test::convert_to_f64_slice_len_mismatch_panics,full,success,0.116610648,,,,
aarch64-unknown-linux-gnu,half,2.7.1,slice::test::slice_convert_bf16_f32,full,success,0.11416503500000001,,,,
aarch64-unknown-linux-gnu,half,2.7.1,slice::test::slice_convert_bf16_f64,full,success,0.11494273066666667,,,,
aarch64-unknown-linux-gnu,half,2.7.1,slice::test::slice_convert_f16_f32,full,success,0.11627459833333333,,,,
aarch64-unknown-linux-gnu,half,2.7.1,slice::test::slice_convert_f16_f64,full,success,0.11786819100000001,,,,
aarch64-unknown-linux-gnu,half,2.7.1,slice::test::test_mutablility_bf16,full,success,0.11011117333333333,,,,
aarch64-unknown-linux-gnu,half,2.7.1,slice::test::test_mutablility_f16,full,success,0.10995056933333335,,,,
aarch64-unknown-linux-gnu,half,2.7.1,slice::test::test_slice_conversions_bf16,full,success,0.11055621766666668,,,,
aarch64-unknown-linux-gnu,half,2.7.1,slice::test::test_slice_conversions_f16,full,success,0.10921174266666667,,,,
aarch64-unknown-linux-gnu,half,2.7.1,vec::test::test_vec_conversions_bf16,full,success,0.10888769233333334,,,,
aarch64-unknown-linux-gnu,half,2.7.1,vec::test::test_vec_conversions_f16,full,success,0.10899761033333333,,,,
aarch64-unknown-linux-gnu,hashbrown,0.17.0,map::test_map::test_allocation_info,full,success,0.10423172666666668,,,,
aarch64-unknown-linux-gnu,hashbrown,0.17.0,map::test_map::test_behavior_resize_policy,full,success,0.11695151133333333,,,,
aarch64-unknown-linux-gnu,hashbrown,0.17.0,map::test_map::test_capacity_not_less_than_len,full,success,0.36136750033333337,,,,
aarch64-unknown-linux-gnu,hashbrown,0.17.0,map::test_map::test_catch_panic_clone_from_when_len_is_equal,full,success,0.13681212333333334,,,,
aarch64-unknown-linux-gnu,hashbrown,0.17.0,map::test_map::test_catch_panic_clone_from_when_len_is_not_equal,full,success,0.12755735133333335,,,,
aarch64-unknown-linux-gnu,hashbrown,0.17.0,map::test_map::test_clone,full,success,0.10501972166666668,,,,
aarch64-unknown-linux-gnu,hashbrown,0.17.0,map::test_map::test_clone_from,full,success,0.10432987766666668,,,,
aarch64-unknown-linux-gnu,hashbrown,0.17.0,map::test_map::test_clone_from_double_drop,full,success,0.11692699733333334,,,,
aarch64-unknown-linux-gnu,hashbrown,0.17.0,map::test_map::test_clone_from_memory_leaks,full,success,0.11424808800000001,,,,
aarch64-unknown-linux-gnu,hashbrown,0.17.0,map::test_map::test_clone_memory_leaks_and_double_drop_one,full,success,0.12483103833333335,,,,
aarch64-unknown-linux-gnu,hashbrown,0.17.0,map::test_map::test_clone_memory_leaks_and_double_drop_two,full,success,0.12717715766666668,,,,
aarch64-unknown-linux-gnu,hashbrown,0.17.0,map::test_map::test_conflict_remove,full,success,0.10708782766666668,,,,
aarch64-unknown-linux-gnu,hashbrown,0.17.0,map::test_map::test_const_with_hasher,full,success,0.10336807766666667,,,,
aarch64-unknown-linux-gnu,hashbrown,0.17.0,map::test_map::test_create_capacity_zero,full,success,0.10375207833333333,,,,
aarch64-unknown-linux-gnu,hashbrown,0.17.0,map::test_map::test_drops,full,success,0.30475052933333335,,,,
aarch64-unknown-linux-gnu,hashbrown,0.17.0,map::test_map::test_empty_entry,full,success,0.10392076933333334,,,,
aarch64-unknown-linux-gnu,hashbrown,0.17.0,map::test_map::test_empty_entry_ref,full,success,0.10354747233333333,,,,
aarch64-unknown-linux-gnu,hashbrown,0.17.0,map::test_map::test_empty_iter,full,success,0.10364256266666667,,,,
aarch64-unknown-linux-gnu,hashbrown,0.17.0,map::test_map::test_empty_remove,full,success,0.10378246266666669,,,,
aarch64-unknown-linux-gnu,hashbrown,0.17.0,map::test_map::test_entry,full,success,0.107004347,,,,
aarch64-unknown-linux-gnu,hashbrown,0.17.0,map::test_map::test_entry_and_replace_entry_with,full,success,0.10551752866666668,,,,
aarch64-unknown-linux-gnu,hashbrown,0.17.0,map::test_map::test_entry_ref,full,success,0.11107422766666668,,,,
aarch64-unknown-linux-gnu,hashbrown,0.17.0,map::test_map::test_entry_ref_take_doesnt_corrupt,full,success,1.463742517,,,,
aarch64-unknown-linux-gnu,hashbrown,0.17.0,map::test_map::test_entry_take_doesnt_corrupt,full,success,0.7242841686666667,,,,
aarch64-unknown-linux-gnu,hashbrown,0.17.0,map::test_map::test_eq,full,success,0.106092318,,,,
aarch64-unknown-linux-gnu,hashbrown,0.17.0,map::test_map::test_expand,full,success,0.10354880433333334,,,,
aarch64-unknown-linux-gnu,hashbrown,0.17.0,map::test_map::test_extend_ref_k_ref_v,full,success,0.10661719200000001,,,,
aarch64-unknown-linux-gnu,hashbrown,0.17.0,map::test_map::test_extend_ref_kv_tuple,full,success,0.7831642133333334,,,,
aarch64-unknown-linux-gnu,hashbrown,0.17.0,map::test_map::test_extract_if,full,success,0.11166507533333335,,,,
aarch64-unknown-linux-gnu,hashbrown,0.17.0,map::test_map::test_find,full,success,0.10335331666666668,,,,
aarch64-unknown-linux-gnu,hashbrown,0.17.0,map::test_map::test_find_mut,full,success,0.104187773,,,,
aarch64-unknown-linux-gnu,hashbrown,0.17.0,map::test_map::test_from_iter,full,success,0.10623143900000002,,,,
aarch64-unknown-linux-gnu,hashbrown,0.17.0,map::test_map::test_get_disjoint_mut,full,success,0.11739272533333334,,,,
aarch64-unknown-linux-gnu,hashbrown,0.17.0,map::test_map::test_get_disjoint_mut_duplicate,full,success,0.11067012066666666,,,,
aarch64-unknown-linux-gnu,hashbrown,0.17.0,map::test_map::test_hashmap_into_iter_bug,full,success,0.11507706200000001,,,,
aarch64-unknown-linux-gnu,hashbrown,0.17.0,map::test_map::test_index,full,success,0.10382481866666667,,,,
aarch64-unknown-linux-gnu,hashbrown,0.17.0,map::test_map::test_index_nonexistent,full,success,0.11084413433333334,,,,
aarch64-unknown-linux-gnu,hashbrown,0.17.0,map::test_map::test_insert,full,success,0.10353758333333334,,,,
aarch64-unknown-linux-gnu,hashbrown,0.17.0,map::test_map::test_insert_conflicts,full,success,0.10478459366666666,,,,
aarch64-unknown-linux-gnu,hashbrown,0.17.0,map::test_map::test_insert_overwrite,full,success,0.10375052766666666,,,,
aarch64-unknown-linux-gnu,hashbrown,0.17.0,map::test_map::test_insert_unique_unchecked,full,success,0.10379229066666666,,,,
aarch64-unknown-linux-gnu,hashbrown,0.17.0,map::test_map::test_into_iter_drops,full,success,0.35103353900000006,,,,
aarch64-unknown-linux-gnu,hashbrown,0.17.0,map::test_map::test_into_keys,full,success,0.104510162,,,,
aarch64-unknown-linux-gnu,hashbrown,0.17.0,map::test_map::test_into_values,full,success,0.104883057,,,,
aarch64-unknown-linux-gnu,hashbrown,0.17.0,map::test_map::test_is_empty,full,success,0.10394499066666667,,,,
aarch64-unknown-linux-gnu,hashbrown,0.17.0,map::test_map::test_iter_len,full,success,0.10647122633333335,,,,
aarch64-unknown-linux-gnu,hashbrown,0.17.0,map::test_map::test_iter_mut_len,full,success,0.10557832233333335,,,,
aarch64-unknown-linux-gnu,hashbrown,0.17.0,map::test_map::test_iterate,full,success,0.13816792833333333,,,,
aarch64-unknown-linux-gnu,hashbrown,0.17.0,map::test_map::test_keys,full,success,0.10439649899999999,,,,
aarch64-unknown-linux-gnu,hashbrown,0.17.0,map::test_map::test_mut_size_hint,full,success,0.10556778600000001,,,,
aarch64-unknown-linux-gnu,hashbrown,0.17.0,map::test_map::test_occupied_entry_key,full,success,0.10463126100000002,,,,
aarch64-unknown-linux-gnu,hashbrown,0.17.0,map::test_map::test_occupied_entry_ref_key,full,success,0.10556405866666668,,,,
aarch64-unknown-linux-gnu,hashbrown,0.17.0,map::test_map::test_occupied_entry_replace_entry_with,full,success,0.10601946433333333,,,,
aarch64-unknown-linux-gnu,hashbrown,0.17.0,map::test_map::test_remove,full,success,0.103475469,,,,
aarch64-unknown-linux-gnu,hashbrown,0.17.0,map::test_map::test_remove_entry,full,success,0.10470391266666668,,,,
aarch64-unknown-linux-gnu,hashbrown,0.17.0,map::test_map::test_replace_entry_with_doesnt_corrupt,full,success,0.753218708,,,,
aarch64-unknown-linux-gnu,hashbrown,0.17.0,map::test_map::test_reserve_shrink_to_fit,full,success,0.6706760296666667,,,,
aarch64-unknown-linux-gnu,hashbrown,0.17.0,map::test_map::test_retain,full,success,0.160364547,,,,
aarch64-unknown-linux-gnu,hashbrown,0.17.0,map::test_map::test_show,full,success,0.10587863599999998,,,,
aarch64-unknown-linux-gnu,hashbrown,0.17.0,map::test_map::test_size_hint,full,success,0.105523404,,,,
aarch64-unknown-linux-gnu,hashbrown,0.17.0,map::test_map::test_vacant_entry_key,full,success,0.10497372766666668,,,,
aarch64-unknown-linux-gnu,hashbrown,0.17.0,map::test_map::test_vacant_entry_ref_key,full,success,0.10425268366666667,,,,
aarch64-unknown-linux-gnu,hashbrown,0.17.0,map::test_map::test_values,full,success,0.10419550833333335,,,,
aarch64-unknown-linux-gnu,hashbrown,0.17.0,map::test_map::test_values_mut,full,success,0.10490278166666667,,,,
aarch64-unknown-linux-gnu,hashbrown,0.17.0,map::test_map::test_zero_capacities,full,success,0.10560221233333333,,,,
aarch64-unknown-linux-gnu,hashbrown,0.17.0,map::test_map_with_mmap_allocations::test_tiny_allocation_gets_rounded_to_page_size,full,success,0.28219027933333335,,,,
aarch64-unknown-linux-gnu,hashbrown,0.17.0,raw::test_map::rehash,full,success,0.6831864813333334,,,,
aarch64-unknown-linux-gnu,hashbrown,0.17.0,raw::test_map::test_catch_panic_clone_from,full,success,0.12626294533333335,,,,
aarch64-unknown-linux-gnu,hashbrown,0.17.0,raw::test_map::test_drop_uninitialized,full,success,0.103649314,,,,
aarch64-unknown-linux-gnu,hashbrown,0.17.0,raw::test_map::test_drop_zero_items,full,success,0.103745041,,,,
aarch64-unknown-linux-gnu,hashbrown,0.17.0,raw::test_map::test_minimum_capacity_for_small_types,full,success,0.10391752433333334,,,,
aarch64-unknown-linux-gnu,hashbrown,0.17.0,raw::test_map::test_prev_pow2,full,success,0.10492541333333334,,,,
aarch64-unknown-linux-gnu,hashbrown,0.17.0,raw_entry::test_map::test_key_without_hash_impl,full,success,0.10737490500000002,,,,
aarch64-unknown-linux-gnu,hashbrown,0.17.0,raw_entry::test_map::test_raw_entry,full,success,0.12842857900000001,,,,
aarch64-unknown-linux-gnu,hashbrown,0.17.0,raw_entry::test_map::test_raw_entry_and_replace_entry_with,full,success,0.10657371433333333,,,,
aarch64-unknown-linux-gnu,hashbrown,0.17.0,raw_entry::test_map::test_raw_occupied_entry_replace_entry_with,full,success,0.10703230366666668,,,,
aarch64-unknown-linux-gnu,hashbrown,0.17.0,set::test_set::collect,full,success,0.1035607,,,,
aarch64-unknown-linux-gnu,hashbrown,0.17.0,set::test_set::duplicate_insert,full,success,0.10436744533333335,,,,
aarch64-unknown-linux-gnu,hashbrown,0.17.0,set::test_set::rehash_in_place,full,success,1.5949496836666668,,,,
aarch64-unknown-linux-gnu,hashbrown,0.17.0,set::test_set::some_invalid_equivalent,full,success,0.11129165400000002,,,,
aarch64-unknown-linux-gnu,hashbrown,0.17.0,set::test_set::test_allocation_info,full,success,0.10399655400000002,,,,
aarch64-unknown-linux-gnu,hashbrown,0.17.0,set::test_set::test_const_with_hasher,full,success,0.10419173366666667,,,,
aarch64-unknown-linux-gnu,hashbrown,0.17.0,set::test_set::test_difference,full,success,0.10873605200000001,,,,
aarch64-unknown-linux-gnu,hashbrown,0.17.0,set::test_set::test_disjoint,full,success,0.112635885,,,,
aarch64-unknown-linux-gnu,hashbrown,0.17.0,set::test_set::test_drain,full,success,1.0680132043333332,,,,
aarch64-unknown-linux-gnu,hashbrown,0.17.0,set::test_set::test_eq,full,success,0.10827673833333334,,,,
aarch64-unknown-linux-gnu,hashbrown,0.17.0,set::test_set::test_extend_ref,full,success,0.11094989100000001,,,,
aarch64-unknown-linux-gnu,hashbrown,0.17.0,set::test_set::test_extract_if,full,success,0.11280330533333334,,,,
aarch64-unknown-linux-gnu,hashbrown,0.17.0,set::test_set::test_from_iter,full,success,0.11059864666666668,,,,
aarch64-unknown-linux-gnu,hashbrown,0.17.0,set::test_set::test_from_map,full,success,0.10444928466666666,,,,
aarch64-unknown-linux-gnu,hashbrown,0.17.0,set::test_set::test_intersection,full,success,0.11372038200000001,,,,
aarch64-unknown-linux-gnu,hashbrown,0.17.0,set::test_set::test_iterate,full,success,0.13916961566666666,,,,
aarch64-unknown-linux-gnu,hashbrown,0.17.0,set::test_set::test_move_iter,full,success,0.10423635266666668,,,,
aarch64-unknown-linux-gnu,hashbrown,0.17.0,set::test_set::test_replace,full,success,0.104358591,,,,
aarch64-unknown-linux-gnu,hashbrown,0.17.0,set::test_set::test_retain,full,success,0.106475839,,,,
aarch64-unknown-linux-gnu,hashbrown,0.17.0,set::test_set::test_show,full,success,0.10527078833333332,,,,
aarch64-unknown-linux-gnu,hashbrown,0.17.0,set::test_set::test_sub_assign,full,success,0.10920400433333334,,,,
aarch64-unknown-linux-gnu,hashbrown,0.17.0,set::test_set::test_subset_and_superset,full,success,0.11557809333333335,,,,
aarch64-unknown-linux-gnu,hashbrown,0.17.0,set::test_set::test_symmetric_difference,full,success,0.113447055,,,,
aarch64-unknown-linux-gnu,hashbrown,0.17.0,set::test_set::test_trivial_drain,full,success,0.10425985133333333,,,,
aarch64-unknown-linux-gnu,hashbrown,0.17.0,set::test_set::test_union,full,success,0.11925444,,,,
aarch64-unknown-linux-gnu,hashbrown,0.17.0,set::test_set::test_zero_capacities,full,success,0.10552226400000002,,,,
aarch64-unknown-linux-gnu,hashbrown,0.17.0,table::tests::test_allocation_info,full,success,0.10439868066666667,,,,
aarch64-unknown-linux-gnu,hostname,0.4.2,nix::tests::test_empty_buffer,full,success,0.10641387533333334,,,,
aarch64-unknown-linux-gnu,hostname,0.4.2,nix::tests::test_filled_with_null_buffer,full,success,0.10643328966666667,,,,
aarch64-unknown-linux-gnu,hostname,0.4.2,nix::tests::test_non_overflowed_buffer,full,success,0.105468324,,,,
aarch64-unknown-linux-gnu,hostname,0.4.2,nix::tests::test_overflowed_buffer,full,success,0.10542202233333335,,,,
aarch64-unknown-linux-gnu,httparse,1.10.1,simd::swar::test_is_header_value_block,full,success,0.114214877,,,,
aarch64-unknown-linux-gnu,httparse,1.10.1,simd::swar::test_is_uri_block,full,success,0.11456922366666666,,,,
aarch64-unknown-linux-gnu,httparse,1.10.1,simd::swar::test_offsetnz,full,success,0.10736533266666669,,,,
aarch64-unknown-linux-gnu,httparse,1.10.1,tests::partial_permutations,full,success,0.10992845366666666,,,,
aarch64-unknown-linux-gnu,httparse,1.10.1,tests::test_allow_request_with_multiple_space_delimiters,full,success,0.106612678,,,,
aarch64-unknown-linux-gnu,httparse,1.10.1,tests::test_allow_response_response_with_space_before_first_header,full,success,0.10869080766666667,,,,
aarch64-unknown-linux-gnu,httparse,1.10.1,tests::test_allow_response_with_multiple_space_delimiters,full,success,0.10644569666666666,,,,
aarch64-unknown-linux-gnu,httparse,1.10.1,tests::test_allow_response_with_obsolete_line_folding_at_end,full,success,0.10772807933333334,,,,
aarch64-unknown-linux-gnu,httparse,1.10.1,tests::test_allow_response_with_obsolete_line_folding_at_start,full,success,0.10849570033333335,,,,
aarch64-unknown-linux-gnu,httparse,1.10.1,tests::test_allow_response_with_obsolete_line_folding_in_empty_header,full,success,0.10783091,,,,
aarch64-unknown-linux-gnu,httparse,1.10.1,tests::test_allow_response_with_obsolete_line_folding_in_middle,full,success,0.10845126033333334,,,,
aarch64-unknown-linux-gnu,httparse,1.10.1,tests::test_allow_response_with_whitespace_between_header_name_and_colon,full,success,0.11013226333333333,,,,
aarch64-unknown-linux-gnu,httparse,1.10.1,tests::test_bad_utf8_in_path,full,success,0.10625568433333334,,,,
aarch64-unknown-linux-gnu,httparse,1.10.1,tests::test_chunk_size,full,success,0.10853485233333333,,,,
aarch64-unknown-linux-gnu,httparse,1.10.1,tests::test_forbid_request_with_multiple_space_delimiters,full,success,0.106693407,,,,
aarch64-unknown-linux-gnu,httparse,1.10.1,tests::test_forbid_request_with_weird_whitespace_delimiters,full,success,0.10710590266666668,,,,
aarch64-unknown-linux-gnu,httparse,1.10.1,tests::test_forbid_request_with_whitespace_between_header_name_and_colon,full,success,0.10660489733333334,,,,
aarch64-unknown-linux-gnu,httparse,1.10.1,tests::test_forbid_response_with_multiple_space_delimiters,full,success,0.10566709633333334,,,,
aarch64-unknown-linux-gnu,httparse,1.10.1,tests::test_forbid_response_with_obsolete_line_folding_at_end,full,success,0.10746816666666668,,,,
aarch64-unknown-linux-gnu,httparse,1.10.1,tests::test_forbid_response_with_obsolete_line_folding_at_start,full,success,0.10707144533333335,,,,
aarch64-unknown-linux-gnu,httparse,1.10.1,tests::test_forbid_response_with_obsolete_line_folding_in_empty_header,full,success,0.107111199,,,,
aarch64-unknown-linux-gnu,httparse,1.10.1,tests::test_forbid_response_with_obsolete_line_folding_in_middle,full,success,0.10766565233333332,,,,
aarch64-unknown-linux-gnu,httparse,1.10.1,tests::test_forbid_response_with_space_before_first_header,full,success,0.10755699066666667,,,,
aarch64-unknown-linux-gnu,httparse,1.10.1,tests::test_forbid_response_with_weird_whitespace_delimiters,full,success,0.10687166599999999,,,,
aarch64-unknown-linux-gnu,httparse,1.10.1,tests::test_forbid_response_with_whitespace_between_header_name_and_colon,full,success,0.10856922366666667,,,,
aarch64-unknown-linux-gnu,httparse,1.10.1,tests::test_header_with_cr_in_header_name,full,success,0.11192132333333334,,,,
aarch64-unknown-linux-gnu,httparse,1.10.1,tests::test_header_with_invalid_char_in_value,full,success,0.11554367433333335,,,,
aarch64-unknown-linux-gnu,httparse,1.10.1,tests::test_header_with_invalid_char_in_value_with_folding,full,success,0.11775690166666668,,,,
aarch64-unknown-linux-gnu,httparse,1.10.1,tests::test_header_with_nul_in_value,full,success,0.11472088600000001,,,,
aarch64-unknown-linux-gnu,httparse,1.10.1,tests::test_header_with_nul_in_whitespace_before_colon,full,success,0.11190891033333335,,,,
aarch64-unknown-linux-gnu,httparse,1.10.1,tests::test_ignore_header_line_with_missing_colon_in_request,full,success,0.11070976700000001,,,,
aarch64-unknown-linux-gnu,httparse,1.10.1,tests::test_ignore_header_line_with_missing_colon_in_response,full,success,0.11034482900000002,,,,
aarch64-unknown-linux-gnu,httparse,1.10.1,tests::test_ignore_header_line_with_whitespaces_after_header_name_in_request,full,success,0.10820782333333334,,,,
aarch64-unknown-linux-gnu,httparse,1.10.1,tests::test_ignore_header_line_with_whitespaces_after_header_name_in_response,full,success,0.108847347,,,,
aarch64-unknown-linux-gnu,httparse,1.10.1,tests::test_method_within_buffer,full,success,0.10691131766666667,,,,
aarch64-unknown-linux-gnu,httparse,1.10.1,tests::test_no_space_after_colon,full,success,0.10769431933333334,,,,
aarch64-unknown-linux-gnu,httparse,1.10.1,tests::test_request_empty_lines_prefix,full,success,0.10637513800000002,,,,
aarch64-unknown-linux-gnu,httparse,1.10.1,tests::test_request_empty_lines_prefix_lf_only,full,success,0.106504534,,,,
aarch64-unknown-linux-gnu,httparse,1.10.1,tests::test_request_header_no_space_after_colon,full,success,0.10766320866666668,,,,
aarch64-unknown-linux-gnu,httparse,1.10.1,tests::test_request_header_value_htab_long,full,success,0.10758587766666666,,,,
aarch64-unknown-linux-gnu,httparse,1.10.1,tests::test_request_header_value_htab_med,full,success,0.10670142466666667,,,,
aarch64-unknown-linux-gnu,httparse,1.10.1,tests::test_request_header_value_htab_short,full,success,0.10709080766666668,,,,
aarch64-unknown-linux-gnu,httparse,1.10.1,tests::test_request_header_with_missing_colon_with_folding,full,success,0.11019134866666667,,,,
aarch64-unknown-linux-gnu,httparse,1.10.1,tests::test_request_header_with_nul_in_header_name,full,success,0.10936648500000001,,,,
aarch64-unknown-linux-gnu,httparse,1.10.1,tests::test_request_headers,full,success,0.107480263,,,,
aarch64-unknown-linux-gnu,httparse,1.10.1,tests::test_request_headers_max,full,success,0.107843562,,,,
aarch64-unknown-linux-gnu,httparse,1.10.1,tests::test_request_headers_optional_whitespace,full,success,0.107947181,,,,
aarch64-unknown-linux-gnu,httparse,1.10.1,tests::test_request_method_no_delimiter,full,success,0.10594253933333335,,,,
aarch64-unknown-linux-gnu,httparse,1.10.1,tests::test_request_method_only,full,success,0.106264933,,,,
aarch64-unknown-linux-gnu,httparse,1.10.1,tests::test_request_method_path_no_delimiter,full,success,0.10700857400000001,,,,
aarch64-unknown-linux-gnu,httparse,1.10.1,tests::test_request_method_path_only,full,success,0.106384582,,,,
aarch64-unknown-linux-gnu,httparse,1.10.1,tests::test_request_multibyte,full,success,0.10822055466666668,,,,
aarch64-unknown-linux-gnu,httparse,1.10.1,tests::test_request_newlines,full,success,0.10755592433333333,,,,
aarch64-unknown-linux-gnu,httparse,1.10.1,tests::test_request_one_byte_method,full,success,0.10677365466666666,,,,
aarch64-unknown-linux-gnu,httparse,1.10.1,tests::test_request_partial,full,success,0.10747389233333333,,,,
aarch64-unknown-linux-gnu,httparse,1.10.1,tests::test_request_partial_method,full,success,0.10609028966666667,,,,
aarch64-unknown-linux-gnu,httparse,1.10.1,tests::test_request_partial_parses_headers_as_much_as_it_can,full,success,0.10792445533333334,,,,
aarch64-unknown-linux-gnu,httparse,1.10.1,tests::test_request_partial_version,full,success,0.10681296566666669,,,,
aarch64-unknown-linux-gnu,httparse,1.10.1,tests::test_request_path_backslash,full,success,0.106881877,,,,
aarch64-unknown-linux-gnu,httparse,1.10.1,tests::test_request_simple,full,success,0.10641648666666666,,,,
aarch64-unknown-linux-gnu,httparse,1.10.1,tests::test_request_simple_with_query_params,full,success,0.10721963866666667,,,,
aarch64-unknown-linux-gnu,httparse,1.10.1,tests::test_request_simple_with_whatwg_query_params,full,success,0.107094093,,,,
aarch64-unknown-linux-gnu,httparse,1.10.1,tests::test_request_with_del_in_path,full,success,0.10576446233333332,,,,
aarch64-unknown-linux-gnu,httparse,1.10.1,tests::test_request_with_empty_header_name,full,success,0.10796463366666668,,,,
aarch64-unknown-linux-gnu,httparse,1.10.1,tests::test_request_with_empty_method,full,success,0.10701583966666668,,,,
aarch64-unknown-linux-gnu,httparse,1.10.1,tests::test_request_with_empty_method_and_path,full,success,0.10642317633333336,,,,
aarch64-unknown-linux-gnu,httparse,1.10.1,tests::test_request_with_empty_path,full,success,0.10702558633333333,,,,
aarch64-unknown-linux-gnu,httparse,1.10.1,tests::test_request_with_invalid_but_short_version,full,success,0.10585108666666666,,,,
aarch64-unknown-linux-gnu,httparse,1.10.1,tests::test_request_with_invalid_char_between_header_name_and_colon,full,success,0.11094541466666667,,,,
aarch64-unknown-linux-gnu,httparse,1.10.1,tests::test_request_with_invalid_method,full,success,0.105600122,,,,
aarch64-unknown-linux-gnu,httparse,1.10.1,tests::test_request_with_invalid_token_delimiter,full,success,0.10710815966666669,,,,
aarch64-unknown-linux-gnu,httparse,1.10.1,tests::test_request_with_leading_space,full,success,0.106411421,,,,
aarch64-unknown-linux-gnu,httparse,1.10.1,tests::test_request_with_multiple_spaces_and_bad_path,full,success,0.10610672366666667,,,,
aarch64-unknown-linux-gnu,httparse,1.10.1,tests::test_request_with_whitespace_between_header_name_and_colon,full,success,0.11004454766666667,,,,
aarch64-unknown-linux-gnu,httparse,1.10.1,tests::test_response_code_missing_space,full,success,0.10560001000000001,,,,
aarch64-unknown-linux-gnu,httparse,1.10.1,tests::test_response_empty_lines_prefix_lf_only,full,success,0.106076605,,,,
aarch64-unknown-linux-gnu,httparse,1.10.1,tests::test_response_header_with_missing_colon_with_folding,full,success,0.11073425333333335,,,,
aarch64-unknown-linux-gnu,httparse,1.10.1,tests::test_response_header_with_nul_in_header_name,full,success,0.11008592566666668,,,,
aarch64-unknown-linux-gnu,httparse,1.10.1,tests::test_response_newlines,full,success,0.107577501,,,,
aarch64-unknown-linux-gnu,httparse,1.10.1,tests::test_response_no_cr,full,success,0.10734129399999999,,,,
aarch64-unknown-linux-gnu,httparse,1.10.1,tests::test_response_partial_parses_headers_as_much_as_it_can,full,success,0.10798545733333335,,,,
aarch64-unknown-linux-gnu,httparse,1.10.1,tests::test_response_reason_missing,full,success,0.10643988,,,,
aarch64-unknown-linux-gnu,httparse,1.10.1,tests::test_response_reason_missing_no_space,full,success,0.10649330000000001,,,,
aarch64-unknown-linux-gnu,httparse,1.10.1,tests::test_response_reason_missing_no_space_with_headers,full,success,0.10734404066666668,,,,
aarch64-unknown-linux-gnu,httparse,1.10.1,tests::test_response_reason_with_nul_byte,full,success,0.10544706,,,,
aarch64-unknown-linux-gnu,httparse,1.10.1,tests::test_response_reason_with_obsolete_text_byte,full,success,0.10636436033333334,,,,
aarch64-unknown-linux-gnu,httparse,1.10.1,tests::test_response_reason_with_space_and_tab,full,success,0.10631716933333334,,,,
aarch64-unknown-linux-gnu,httparse,1.10.1,tests::test_response_simple,full,success,0.10571674833333335,,,,
aarch64-unknown-linux-gnu,httparse,1.10.1,tests::test_response_version_missing_space,full,success,0.10579989266666667,,,,
aarch64-unknown-linux-gnu,httparse,1.10.1,tests::test_response_with_empty_header_name,full,success,0.106760044,,,,
aarch64-unknown-linux-gnu,httparse,1.10.1,tests::test_response_with_invalid_char_between_header_name_and_colon,full,success,0.11096212566666667,,,,
aarch64-unknown-linux-gnu,httparse,1.10.1,tests::test_response_with_spaces_in_code,full,success,0.10645624000000002,,,,
aarch64-unknown-linux-gnu,httparse,1.10.1,tests::test_still_forbid_request_with_weird_whitespace_delimiters,full,success,0.10610846666666668,,,,
aarch64-unknown-linux-gnu,httparse,1.10.1,tests::test_still_forbid_response_with_weird_whitespace_delimiters,full,success,0.10648763866666668,,,,
aarch64-unknown-linux-gnu,httparse,1.10.1,tests::test_utf8_in_path_ok,full,success,0.10782905333333333,,,,
aarch64-unknown-linux-gnu,hyper,1.10.1,error::tests::error_satisfies_send_sync,full,success,0.10523868600000001,,,,
aarch64-unknown-linux-gnu,hyper,1.10.1,error::tests::error_size_of,full,success,0.10476191966666666,,,,
aarch64-unknown-linux-gnu,indexmap,2.14.0,inner::assert_send_sync,full,success,0.11226657333333334,,,,
aarch64-unknown-linux-gnu,indexmap,2.14.0,map::entry::assert_send_sync,full,success,0.11195609200000001,,,,
aarch64-unknown-linux-gnu,indexmap,2.14.0,map::raw_entry_v1::assert_send_sync,full,success,0.11398296866666668,,,,
aarch64-unknown-linux-gnu,indexmap,2.14.0,map::slice::tests::slice_get_index_mut,full,success,0.12127537066666667,,,,
aarch64-unknown-linux-gnu,indexmap,2.14.0,map::slice::tests::slice_get_range,full,success,0.12175407466666667,,,,
aarch64-unknown-linux-gnu,indexmap,2.14.0,map::slice::tests::slice_index,full,success,0.8395013913333335,,,,
aarch64-unknown-linux-gnu,indexmap,2.14.0,map::slice::tests::slice_index_mut,full,success,0.646209231,,,,
aarch64-unknown-linux-gnu,indexmap,2.14.0,map::slice::tests::slice_new,full,success,0.11225574833333335,,,,
aarch64-unknown-linux-gnu,indexmap,2.14.0,map::slice::tests::slice_new_mut,full,success,0.11142546333333335,,,,
aarch64-unknown-linux-gnu,indexmap,2.14.0,map::slice::tests::slice_split_first,full,success,0.11980082866666668,,,,
aarch64-unknown-linux-gnu,indexmap,2.14.0,map::slice::tests::slice_split_first_mut,full,success,0.120751707,,,,
aarch64-unknown-linux-gnu,indexmap,2.14.0,map::slice::tests::slice_split_last,full,success,0.12018928066666668,,,,
aarch64-unknown-linux-gnu,indexmap,2.14.0,map::slice::tests::slice_split_last_mut,full,success,0.12007835366666668,,,,
aarch64-unknown-linux-gnu,indexmap,2.14.0,map::tests::clear,full,success,0.11675819999999999,,,,
aarch64-unknown-linux-gnu,indexmap,2.14.0,map::tests::disjoint_indices_mut_empty,full,success,0.11293924933333334,,,,
aarch64-unknown-linux-gnu,indexmap,2.14.0,map::tests::disjoint_indices_mut_fail_duplicate,full,success,0.11409286600000001,,,,
aarch64-unknown-linux-gnu,indexmap,2.14.0,map::tests::disjoint_indices_mut_fail_oob,full,success,0.11446490333333333,,,,
aarch64-unknown-linux-gnu,indexmap,2.14.0,map::tests::disjoint_indices_mut_success,full,success,0.11763406100000001,,,,
aarch64-unknown-linux-gnu,indexmap,2.14.0,map::tests::disjoint_mut_empty_map,full,success,0.11435696499999999,,,,
aarch64-unknown-linux-gnu,indexmap,2.14.0,map::tests::disjoint_mut_empty_param,full,success,0.11404443800000001,,,,
aarch64-unknown-linux-gnu,indexmap,2.14.0,map::tests::disjoint_mut_multi_fail_duplicate_panic,full,success,0.12102847166666668,,,,
aarch64-unknown-linux-gnu,indexmap,2.14.0,map::tests::disjoint_mut_multi_fail_missing,full,success,0.123441757,,,,
aarch64-unknown-linux-gnu,indexmap,2.14.0,map::tests::disjoint_mut_multi_success,full,success,0.12807616533333332,,,,
aarch64-unknown-linux-gnu,indexmap,2.14.0,map::tests::disjoint_mut_multi_success_borrow_key,full,success,0.13201134800000003,,,,
aarch64-unknown-linux-gnu,indexmap,2.14.0,map::tests::disjoint_mut_multi_success_unsized_key,full,success,0.12923139100000003,,,,
aarch64-unknown-linux-gnu,indexmap,2.14.0,map::tests::disjoint_mut_single_fail,full,success,0.11343053166666668,,,,
aarch64-unknown-linux-gnu,indexmap,2.14.0,map::tests::disjoint_mut_single_success,full,success,0.114386082,,,,
aarch64-unknown-linux-gnu,indexmap,2.14.0,map::tests::drain_range,full,success,0.9695302950000001,,,,
aarch64-unknown-linux-gnu,indexmap,2.14.0,map::tests::entry,full,success,0.11591036733333333,,,,
aarch64-unknown-linux-gnu,indexmap,2.14.0,map::tests::entry_and_modify,full,success,0.11496835233333334,,,,
aarch64-unknown-linux-gnu,indexmap,2.14.0,map::tests::entry_or_default,full,success,0.11446523400000001,,,,
aarch64-unknown-linux-gnu,indexmap,2.14.0,map::tests::extend,full,success,0.11562198733333334,,,,
aarch64-unknown-linux-gnu,indexmap,2.14.0,map::tests::from_array,full,success,0.11622408899999999,,,,
aarch64-unknown-linux-gnu,indexmap,2.14.0,map::tests::from_entries,full,success,0.11660552133333335,,,,
aarch64-unknown-linux-gnu,indexmap,2.14.0,map::tests::get_index_entry,full,success,0.11899334433333335,,,,
aarch64-unknown-linux-gnu,indexmap,2.14.0,map::tests::get_index_mut2,full,success,0.11347717000000002,,,,
aarch64-unknown-linux-gnu,indexmap,2.14.0,map::tests::get_range,full,success,0.11649489466666667,,,,
aarch64-unknown-linux-gnu,indexmap,2.14.0,map::tests::get_range_mut,full,success,0.11662952466666666,,,,
aarch64-unknown-linux-gnu,indexmap,2.14.0,map::tests::grow,full,success,0.47673095633333334,,,,
aarch64-unknown-linux-gnu,indexmap,2.14.0,map::tests::insert,full,success,0.1360892426666667,,,,
aarch64-unknown-linux-gnu,indexmap,2.14.0,map::tests::insert_2,full,success,1.6616891976666668,,,,
aarch64-unknown-linux-gnu,indexmap,2.14.0,map::tests::insert_before_oob,full,success,0.12145525400000001,,,,
aarch64-unknown-linux-gnu,indexmap,2.14.0,map::tests::insert_full,full,success,0.12780221266666666,,,,
aarch64-unknown-linux-gnu,indexmap,2.14.0,map::tests::insert_order,full,success,0.13533433933333336,,,,
aarch64-unknown-linux-gnu,indexmap,2.14.0,map::tests::insert_sorted_bad,full,success,0.14048057666666666,,,,
aarch64-unknown-linux-gnu,indexmap,2.14.0,map::tests::insert_sorted_by,full,success,0.1264792246666667,,,,
aarch64-unknown-linux-gnu,indexmap,2.14.0,map::tests::insert_sorted_by_key,full,success,0.12269318966666669,,,,
aarch64-unknown-linux-gnu,indexmap,2.14.0,map::tests::into_boxed_slice,full,success,0.11514353633333334,,,,
aarch64-unknown-linux-gnu,indexmap,2.14.0,map::tests::into_keys,full,success,0.11562021833333334,,,,
aarch64-unknown-linux-gnu,indexmap,2.14.0,map::tests::into_values,full,success,0.11550794133333335,,,,
aarch64-unknown-linux-gnu,indexmap,2.14.0,map::tests::is_sorted,full,success,0.15576016266666667,,,,
aarch64-unknown-linux-gnu,indexmap,2.14.0,map::tests::is_sorted_trivial,full,success,0.11940903133333335,,,,
aarch64-unknown-linux-gnu,indexmap,2.14.0,map::tests::it_works,full,success,0.11630606266666667,,,,
aarch64-unknown-linux-gnu,indexmap,2.14.0,map::tests::iter_default,full,success,0.11491357733333334,,,,
aarch64-unknown-linux-gnu,indexmap,2.14.0,map::tests::keys,full,success,0.11646863466666668,,,,
aarch64-unknown-linux-gnu,indexmap,2.14.0,map::tests::last_mut,full,success,0.11662763233333334,,,,
aarch64-unknown-linux-gnu,indexmap,2.14.0,map::tests::new,full,success,0.11408147000000002,,,,
aarch64-unknown-linux-gnu,indexmap,2.14.0,map::tests::occupied_entry_key,full,success,0.11512995566666667,,,,
aarch64-unknown-linux-gnu,indexmap,2.14.0,map::tests::partial_eq_and_eq,full,success,0.12113627833333333,,,,
aarch64-unknown-linux-gnu,indexmap,2.14.0,map::tests::remove,full,success,0.165451712,,,,
aarch64-unknown-linux-gnu,indexmap,2.14.0,map::tests::remove_to_empty,full,success,0.11851217566666666,,,,
aarch64-unknown-linux-gnu,indexmap,2.14.0,map::tests::reserve,full,success,0.44628326766666665,,,,
aarch64-unknown-linux-gnu,indexmap,2.14.0,map::tests::shift_insert,full,success,0.157224303,,,,
aarch64-unknown-linux-gnu,indexmap,2.14.0,map::tests::shift_insert_oob,full,success,0.12503157366666667,,,,
aarch64-unknown-linux-gnu,indexmap,2.14.0,map::tests::shift_remove_entry,full,success,0.124544628,,,,
aarch64-unknown-linux-gnu,indexmap,2.14.0,map::tests::shift_remove_full,full,success,0.12323451733333333,,,,
aarch64-unknown-linux-gnu,indexmap,2.14.0,map::tests::shift_shift_remove_index,full,success,0.12431056400000001,,,,
aarch64-unknown-linux-gnu,indexmap,2.14.0,map::tests::shrink_to_fit,full,success,0.5190371843333333,,,,
aarch64-unknown-linux-gnu,indexmap,2.14.0,map::tests::sorted_unstable_by,full,success,0.12106766933333335,,,,
aarch64-unknown-linux-gnu,indexmap,2.14.0,map::tests::swap_remove_index,full,success,0.13794080133333333,,,,
aarch64-unknown-linux-gnu,indexmap,2.14.0,map::tests::test_binary_search_by,full,success,0.152363997,,,,
aarch64-unknown-linux-gnu,indexmap,2.14.0,map::tests::test_binary_search_by_key,full,success,0.15296947400000002,,,,
aarch64-unknown-linux-gnu,indexmap,2.14.0,map::tests::test_move_index_out_of_bounds_0_10,full,success,0.13019607533333333,,,,
aarch64-unknown-linux-gnu,indexmap,2.14.0,map::tests::test_move_index_out_of_bounds_0_max,full,success,0.13075163333333337,,,,
aarch64-unknown-linux-gnu,indexmap,2.14.0,map::tests::test_move_index_out_of_bounds_10_0,full,success,0.12944344333333335,,,,
aarch64-unknown-linux-gnu,indexmap,2.14.0,map::tests::test_move_index_out_of_bounds_max_0,full,success,0.13113223866666668,,,,
aarch64-unknown-linux-gnu,indexmap,2.14.0,map::tests::test_partition_point,full,success,0.15231760600000002,,,,
aarch64-unknown-linux-gnu,indexmap,2.14.0,map::tests::try_reserve,full,success,0.12140959600000001,,,,
aarch64-unknown-linux-gnu,indexmap,2.14.0,map::tests::values,full,success,0.11766556566666668,,,,
aarch64-unknown-linux-gnu,indexmap,2.14.0,map::tests::values_mut,full,success,0.11667074466666667,,,,
aarch64-unknown-linux-gnu,indexmap,2.14.0,set::slice::tests::slice_index,full,success,0.32216113566666665,,,,
aarch64-unknown-linux-gnu,indexmap,2.14.0,set::tests::binary_search,full,success,0.11852194866666667,,,,
aarch64-unknown-linux-gnu,indexmap,2.14.0,set::tests::comparisons,full,success,0.14939219033333334,,,,
aarch64-unknown-linux-gnu,indexmap,2.14.0,set::tests::drain,full,success,0.11854509800000002,,,,
aarch64-unknown-linux-gnu,indexmap,2.14.0,set::tests::extend,full,success,0.12058874933333334,,,,
aarch64-unknown-linux-gnu,indexmap,2.14.0,set::tests::first,full,success,0.11607337766666669,,,,
aarch64-unknown-linux-gnu,indexmap,2.14.0,set::tests::from_array,full,success,0.12436113466666669,,,,
aarch64-unknown-linux-gnu,indexmap,2.14.0,set::tests::get_range,full,success,0.11929985833333334,,,,
aarch64-unknown-linux-gnu,indexmap,2.14.0,set::tests::grow,full,success,0.4275868016666667,,,,
aarch64-unknown-linux-gnu,indexmap,2.14.0,set::tests::insert,full,success,0.13208092800000001,,,,
aarch64-unknown-linux-gnu,indexmap,2.14.0,set::tests::insert_2,full,success,2.0142379696666666,,,,
aarch64-unknown-linux-gnu,indexmap,2.14.0,set::tests::insert_dup,full,success,0.1194947916666667,,,,
aarch64-unknown-linux-gnu,indexmap,2.14.0,set::tests::insert_full,full,success,0.12927912500000002,,,,
aarch64-unknown-linux-gnu,indexmap,2.14.0,set::tests::insert_order,full,success,0.13916647933333334,,,,
aarch64-unknown-linux-gnu,indexmap,2.14.0,set::tests::insert_sorted,full,success,0.117520894,,,,
aarch64-unknown-linux-gnu,indexmap,2.14.0,set::tests::is_sorted,full,success,0.13330182033333335,,,,
aarch64-unknown-linux-gnu,indexmap,2.14.0,set::tests::is_sorted_trivial,full,success,0.11776757666666669,,,,
aarch64-unknown-linux-gnu,indexmap,2.14.0,set::tests::it_works,full,success,0.115576624,,,,
aarch64-unknown-linux-gnu,indexmap,2.14.0,set::tests::iter_comparisons,full,success,0.22992226200000002,,,,
aarch64-unknown-linux-gnu,indexmap,2.14.0,set::tests::iter_default,full,success,0.11275918366666667,,,,
aarch64-unknown-linux-gnu,indexmap,2.14.0,set::tests::last,full,success,0.11944090233333333,,,,
aarch64-unknown-linux-gnu,indexmap,2.14.0,set::tests::new,full,success,0.11269285933333334,,,,
aarch64-unknown-linux-gnu,indexmap,2.14.0,set::tests::ops,full,success,0.479736433,,,,
aarch64-unknown-linux-gnu,indexmap,2.14.0,set::tests::partial_eq_and_eq,full,success,0.118491146,,,,
aarch64-unknown-linux-gnu,indexmap,2.14.0,set::tests::remove,full,success,0.15805916366666664,,,,
aarch64-unknown-linux-gnu,indexmap,2.14.0,set::tests::replace,full,success,0.129748238,,,,
aarch64-unknown-linux-gnu,indexmap,2.14.0,set::tests::replace_2,full,success,1.9874507703333333,,,,
aarch64-unknown-linux-gnu,indexmap,2.14.0,set::tests::replace_change,full,success,0.11394373166666667,,,,
aarch64-unknown-linux-gnu,indexmap,2.14.0,set::tests::replace_dup,full,success,0.11804339666666668,,,,
aarch64-unknown-linux-gnu,indexmap,2.14.0,set::tests::replace_full,full,success,0.128099833,,,,
aarch64-unknown-linux-gnu,indexmap,2.14.0,set::tests::replace_order,full,success,0.13615419866666667,,,,
aarch64-unknown-linux-gnu,indexmap,2.14.0,set::tests::reserve,full,success,0.4695086523333334,,,,
aarch64-unknown-linux-gnu,indexmap,2.14.0,set::tests::retain,full,success,0.1273207236666667,,,,
aarch64-unknown-linux-gnu,indexmap,2.14.0,set::tests::shift_insert,full,success,0.15258845333333335,,,,
aarch64-unknown-linux-gnu,indexmap,2.14.0,set::tests::shift_remove_full,full,success,0.12252742700000001,,,,
aarch64-unknown-linux-gnu,indexmap,2.14.0,set::tests::shift_remove_index,full,success,0.12207659666666666,,,,
aarch64-unknown-linux-gnu,indexmap,2.14.0,set::tests::shift_take,full,success,0.12207476,,,,
aarch64-unknown-linux-gnu,indexmap,2.14.0,set::tests::shrink_to_fit,full,success,0.527522468,,,,
aarch64-unknown-linux-gnu,indexmap,2.14.0,set::tests::sort_by,full,success,0.11729977833333334,,,,
aarch64-unknown-linux-gnu,indexmap,2.14.0,set::tests::sort_by_cached_key,full,success,0.12105921433333333,,,,
aarch64-unknown-linux-gnu,indexmap,2.14.0,set::tests::sort_by_key,full,success,0.12079693200000001,,,,
aarch64-unknown-linux-gnu,indexmap,2.14.0,set::tests::sort_unstable,full,success,0.117366857,,,,
aarch64-unknown-linux-gnu,indexmap,2.14.0,set::tests::sort_unstable_by,full,success,0.13284651433333336,,,,
aarch64-unknown-linux-gnu,indexmap,2.14.0,set::tests::sort_unstable_by_key,full,success,0.11999504933333334,,,,
aarch64-unknown-linux-gnu,indexmap,2.14.0,set::tests::sorted_unstable_by,full,success,0.13258619366666669,,,,
aarch64-unknown-linux-gnu,indexmap,2.14.0,set::tests::split_off,full,success,0.121619368,,,,
aarch64-unknown-linux-gnu,indexmap,2.14.0,set::tests::swap_remove_index,full,success,0.13899083666666667,,,,
aarch64-unknown-linux-gnu,indexmap,2.14.0,set::tests::swap_take,full,success,0.120133343,,,,
aarch64-unknown-linux-gnu,indexmap,2.14.0,set::tests::take,full,success,0.11340719,,,,
aarch64-unknown-linux-gnu,indexmap,2.14.0,set::tests::test_binary_search_by,full,success,0.14589130566666667,,,,
aarch64-unknown-linux-gnu,indexmap,2.14.0,set::tests::test_binary_search_by_key,full,success,0.1466618496666667,,,,
aarch64-unknown-linux-gnu,indexmap,2.14.0,set::tests::test_partition_point,full,success,0.14538640233333336,,,,
aarch64-unknown-linux-gnu,indexmap,2.14.0,set::tests::try_reserve,full,success,0.11282901000000001,,,,
aarch64-unknown-linux-gnu,indexmap,2.14.0,set::tests::try_reserve_exact,full,success,0.11550332166666667,,,,
aarch64-unknown-linux-gnu,is-terminal,0.4.17,tests::stderr,full,success,0.10415932366666668,,,,
aarch64-unknown-linux-gnu,is-terminal,0.4.17,tests::stderr_vs_libc,full,success,0.10414729266666667,,,,
aarch64-unknown-linux-gnu,is-terminal,0.4.17,tests::stdin,full,success,0.10425583933333334,,,,
aarch64-unknown-linux-gnu,is-terminal,0.4.17,tests::stdin_vs_libc,full,success,0.10404073433333334,,,,
aarch64-unknown-linux-gnu,is-terminal,0.4.17,tests::stdout,full,success,0.10429782366666668,,,,
aarch64-unknown-linux-gnu,is-terminal,0.4.17,tests::stdout_vs_libc,full,success,0.10459537733333334,,,,
aarch64-unknown-linux-gnu,lazycell,1.3.0,tests::atomic_replace,full,success,0.10477081033333335,,,,
aarch64-unknown-linux-gnu,lazycell,1.3.0,tests::clone,full,success,0.10382768133333335,,,,
aarch64-unknown-linux-gnu,lazycell,1.3.0,tests::clone_atomic,full,success,0.10369498300000002,,,,
aarch64-unknown-linux-gnu,lazycell,1.3.0,tests::default,full,success,0.10499993566666667,,,,
aarch64-unknown-linux-gnu,lazycell,1.3.0,tests::normal_replace,full,success,0.10302670400000001,,,,
aarch64-unknown-linux-gnu,lazycell,1.3.0,tests::test_already_filled_error,full,success,0.10325388533333335,,,,
aarch64-unknown-linux-gnu,lazycell,1.3.0,tests::test_atomic_already_filled_panic,full,success,0.10361660466666667,,,,
aarch64-unknown-linux-gnu,lazycell,1.3.0,tests::test_atomic_borrow_from_empty,full,success,0.10414060433333333,,,,
aarch64-unknown-linux-gnu,lazycell,1.3.0,tests::test_atomic_fill_and_borrow,full,success,0.10370183666666666,,,,
aarch64-unknown-linux-gnu,lazycell,1.3.0,tests::test_atomic_into_inner,full,success,0.103874161,,,,
aarch64-unknown-linux-gnu,lazycell,1.3.0,tests::test_borrow_from_empty,full,success,0.10406342666666668,,,,
aarch64-unknown-linux-gnu,lazycell,1.3.0,tests::test_borrow_mut,full,success,0.10410190500000001,,,,
aarch64-unknown-linux-gnu,lazycell,1.3.0,tests::test_borrow_mut_with,full,success,0.104339577,,,,
aarch64-unknown-linux-gnu,lazycell,1.3.0,tests::test_borrow_mut_with_already_filled,full,success,0.10359070633333334,,,,
aarch64-unknown-linux-gnu,lazycell,1.3.0,tests::test_borrow_mut_with_not_called_when_filled,full,success,0.10411140166666667,,,,
aarch64-unknown-linux-gnu,lazycell,1.3.0,tests::test_borrow_with,full,success,0.10396705266666667,,,,
aarch64-unknown-linux-gnu,lazycell,1.3.0,tests::test_borrow_with_already_filled,full,success,0.10397319933333334,,,,
aarch64-unknown-linux-gnu,lazycell,1.3.0,tests::test_borrow_with_not_called_when_filled,full,success,0.10366068966666668,,,,
aarch64-unknown-linux-gnu,lazycell,1.3.0,tests::test_borrow_with_sound_with_reentrancy,full,success,0.10967666266666666,,,,
aarch64-unknown-linux-gnu,lazycell,1.3.0,tests::test_fill_and_borrow,full,success,0.10338635233333333,,,,
aarch64-unknown-linux-gnu,lazycell,1.3.0,tests::test_into_inner,full,success,0.10435538300000001,,,,
aarch64-unknown-linux-gnu,lazycell,1.3.0,tests::test_try_borrow_mut_with_already_filled,full,success,0.10380735633333334,,,,
aarch64-unknown-linux-gnu,lazycell,1.3.0,tests::test_try_borrow_mut_with_err,full,success,0.10390172466666665,,,,
aarch64-unknown-linux-gnu,lazycell,1.3.0,tests::test_try_borrow_mut_with_ok,full,success,0.10389508233333333,,,,
aarch64-unknown-linux-gnu,lazycell,1.3.0,tests::test_try_borrow_with_already_filled,full,success,0.103377936,,,,
aarch64-unknown-linux-gnu,lazycell,1.3.0,tests::test_try_borrow_with_err,full,success,0.10377868633333336,,,,
aarch64-unknown-linux-gnu,lazycell,1.3.0,tests::test_try_borrow_with_ok,full,success,0.10433321733333334,,,,
aarch64-unknown-linux-gnu,lazycell,1.3.0,tests::test_try_borrow_with_sound_with_reentrancy,full,success,0.11008328666666667,,,,
aarch64-unknown-linux-gnu,libc,0.2.186,macros::tests::c_enum_basic,full,success,0.10543936233333334,,,,
aarch64-unknown-linux-gnu,libc,0.2.186,macros::tests::c_enum_multiple_set_value,full,success,0.10539618466666667,,,,
aarch64-unknown-linux-gnu,libc,0.2.186,macros::tests::c_enum_repr,full,success,0.10568716366666668,,,,
aarch64-unknown-linux-gnu,libc,0.2.186,macros::tests::c_enum_set_value,full,success,0.10595350933333335,,,,
aarch64-unknown-linux-gnu,libc,0.2.186,macros::tests::c_enum_vis,full,success,0.10538617766666668,,,,
aarch64-unknown-linux-gnu,libc,0.2.186,macros::tests::test_offset_of,full,success,0.10553586933333335,,,,
aarch64-unknown-linux-gnu,log,0.4.29,tests::test_cross_cmp,full,success,0.10742553933333333,,,,
aarch64-unknown-linux-gnu,log,0.4.29,tests::test_cross_eq,full,success,0.10783523466666667,,,,
aarch64-unknown-linux-gnu,log,0.4.29,tests::test_foreign_impl,full,success,0.10766919666666667,,,,
aarch64-unknown-linux-gnu,log,0.4.29,tests::test_level_as_str,full,success,0.10713608600000002,,,,
aarch64-unknown-linux-gnu,log,0.4.29,tests::test_level_down,full,success,0.10692965666666666,,,,
aarch64-unknown-linux-gnu,log,0.4.29,tests::test_level_filter_as_str,full,success,0.10718387133333335,,,,
aarch64-unknown-linux-gnu,log,0.4.29,tests::test_level_filter_down,full,success,0.10711265166666667,,,,
aarch64-unknown-linux-gnu,log,0.4.29,tests::test_level_filter_up,full,success,0.10744772833333334,,,,
aarch64-unknown-linux-gnu,log,0.4.29,tests::test_level_from_str,full,success,0.108457464,,,,
aarch64-unknown-linux-gnu,log,0.4.29,tests::test_level_show,full,success,0.107593069,,,,
aarch64-unknown-linux-gnu,log,0.4.29,tests::test_level_up,full,success,0.107087178,,,,
aarch64-unknown-linux-gnu,log,0.4.29,tests::test_levelfilter_from_str,full,success,0.10937918933333335,,,,
aarch64-unknown-linux-gnu,log,0.4.29,tests::test_levelfilter_show,full,success,0.10824978833333333,,,,
aarch64-unknown-linux-gnu,log,0.4.29,tests::test_metadata_builder,full,success,0.10767228866666667,,,,
aarch64-unknown-linux-gnu,log,0.4.29,tests::test_metadata_convenience_builder,full,success,0.10725213433333335,,,,
aarch64-unknown-linux-gnu,log,0.4.29,tests::test_record_builder,full,success,0.107185237,,,,
aarch64-unknown-linux-gnu,log,0.4.29,tests::test_record_complete_builder,full,success,0.10817400533333334,,,,
aarch64-unknown-linux-gnu,log,0.4.29,tests::test_record_convenience_builder,full,success,0.10819828766666668,,,,
aarch64-unknown-linux-gnu,log,0.4.29,tests::test_static_max_level_debug,full,success,0.10803709666666668,,,,
aarch64-unknown-linux-gnu,log,0.4.29,tests::test_to_level,full,success,0.10813676300000001,,,,
aarch64-unknown-linux-gnu,log,0.4.29,tests::test_to_level_filter,full,success,0.10836936400000001,,,,
aarch64-unknown-linux-gnu,lru,0.18.0,tests::iter_mut_stacked_borrows_violation,full,success,0.11145613300000001,,,,
aarch64-unknown-linux-gnu,lru,0.18.0,tests::test_clear,full,success,0.110471975,,,,
aarch64-unknown-linux-gnu,lru,0.18.0,tests::test_clone,full,success,0.11397717733333335,,,,
aarch64-unknown-linux-gnu,lru,0.18.0,tests::test_clone_unbounded,full,success,0.11355244000000002,,,,
aarch64-unknown-linux-gnu,lru,0.18.0,tests::test_contains,full,success,0.110041942,,,,
aarch64-unknown-linux-gnu,lru,0.18.0,tests::test_get_key_value,full,success,0.10775480366666668,,,,
aarch64-unknown-linux-gnu,lru,0.18.0,tests::test_get_key_value_mut,full,success,0.10811445800000001,,,,
aarch64-unknown-linux-gnu,lru,0.18.0,tests::test_get_mut_and_update,full,success,0.10834544400000001,,,,
aarch64-unknown-linux-gnu,lru,0.18.0,tests::test_get_mut_with_borrow,full,success,0.110998388,,,,
aarch64-unknown-linux-gnu,lru,0.18.0,tests::test_get_or_insert_mut_ref,full,success,0.11058195133333333,,,,
aarch64-unknown-linux-gnu,lru,0.18.0,tests::test_get_or_insert_ref,full,success,0.110148009,,,,
aarch64-unknown-linux-gnu,lru,0.18.0,tests::test_get_with_borrow,full,success,0.10943975099999999,,,,
aarch64-unknown-linux-gnu,lru,0.18.0,tests::test_into_iter,full,success,0.11042438866666666,,,,
aarch64-unknown-linux-gnu,lru,0.18.0,tests::test_iter_backwards,full,success,0.11067110766666667,,,,
aarch64-unknown-linux-gnu,lru,0.18.0,tests::test_iter_clone,full,success,0.10961021166666667,,,,
aarch64-unknown-linux-gnu,lru,0.18.0,tests::test_iter_forwards,full,success,0.10957047333333335,,,,
aarch64-unknown-linux-gnu,lru,0.18.0,tests::test_iter_forwards_and_backwards,full,success,0.10929346366666666,,,,
aarch64-unknown-linux-gnu,lru,0.18.0,tests::test_iter_multiple_threads,full,success,0.11726051733333333,,,,
aarch64-unknown-linux-gnu,lru,0.18.0,tests::test_multiple_threads,full,success,0.115637374,,,,
aarch64-unknown-linux-gnu,lru,0.18.0,tests::test_no_memory_leaks,full,success,12.306814715666667,,,,
aarch64-unknown-linux-gnu,lru,0.18.0,tests::test_no_memory_leaks_with_clear,full,success,12.361143844333334,,,,
aarch64-unknown-linux-gnu,lru,0.18.0,tests::test_no_memory_leaks_with_pop,full,success,11.851555055333334,,,,
aarch64-unknown-linux-gnu,lru,0.18.0,tests::test_no_memory_leaks_with_resize,full,success,12.374834133666667,,,,
aarch64-unknown-linux-gnu,lru,0.18.0,tests::test_peek,full,success,0.10935795066666666,,,,
aarch64-unknown-linux-gnu,lru,0.18.0,tests::test_peek_lru,full,success,0.10901618600000001,,,,
aarch64-unknown-linux-gnu,lru,0.18.0,tests::test_peek_mru,full,success,0.108343578,,,,
aarch64-unknown-linux-gnu,lru,0.18.0,tests::test_peek_mut,full,success,0.11105865433333334,,,,
aarch64-unknown-linux-gnu,lru,0.18.0,tests::test_pop,full,success,0.10859112033333335,,,,
aarch64-unknown-linux-gnu,lru,0.18.0,tests::test_pop_entry,full,success,0.10906741366666667,,,,
aarch64-unknown-linux-gnu,lru,0.18.0,tests::test_pop_lru,full,success,0.4764490743333334,,,,
aarch64-unknown-linux-gnu,lru,0.18.0,tests::test_pop_mru,full,success,0.478526791,,,,
aarch64-unknown-linux-gnu,lru,0.18.0,tests::test_promote_and_demote,full,success,0.11481354166666669,,,,
aarch64-unknown-linux-gnu,lru,0.18.0,tests::test_put_and_get,full,success,0.10769598500000001,,,,
aarch64-unknown-linux-gnu,lru,0.18.0,tests::test_put_and_get_mut,full,success,0.108335943,,,,
aarch64-unknown-linux-gnu,lru,0.18.0,tests::test_put_and_get_or_insert,full,success,0.10984124,,,,
aarch64-unknown-linux-gnu,lru,0.18.0,tests::test_put_and_get_or_insert_mut,full,success,0.11062971966666667,,,,
aarch64-unknown-linux-gnu,lru,0.18.0,tests::test_put_and_get_or_insert_mut_with_key,full,success,0.11005833100000001,,,,
aarch64-unknown-linux-gnu,lru,0.18.0,tests::test_put_and_get_or_insert_with_key,full,success,0.10973370633333335,,,,
aarch64-unknown-linux-gnu,lru,0.18.0,tests::test_put_removes_oldest,full,success,0.11354376433333335,,,,
aarch64-unknown-linux-gnu,lru,0.18.0,tests::test_put_update,full,success,0.107749619,,,,
aarch64-unknown-linux-gnu,lru,0.18.0,tests::test_resize_larger,full,success,0.11152723000000002,,,,
aarch64-unknown-linux-gnu,lru,0.18.0,tests::test_resize_smaller,full,success,0.11180193233333334,,,,
aarch64-unknown-linux-gnu,lru,0.18.0,tests::test_send,full,success,0.10829061700000002,,,,
aarch64-unknown-linux-gnu,lru,0.18.0,tests::test_that_pop_actually_detaches_node,full,success,0.11137911733333335,,,,
aarch64-unknown-linux-gnu,lru,0.18.0,tests::test_try_get_or_insert,full,success,0.10867730933333335,,,,
aarch64-unknown-linux-gnu,lru,0.18.0,tests::test_try_get_or_insert_mut,full,success,0.11014551833333334,,,,
aarch64-unknown-linux-gnu,lru,0.18.0,tests::test_try_get_or_insert_mut_ref,full,success,0.10880191633333335,,,,
aarch64-unknown-linux-gnu,lru,0.18.0,tests::test_try_get_or_insert_mut_with_key,full,success,0.11014429133333335,,,,
aarch64-unknown-linux-gnu,lru,0.18.0,tests::test_try_get_or_insert_ref,full,success,0.10985206466666668,,,,
aarch64-unknown-linux-gnu,lru,0.18.0,tests::test_try_get_or_insert_with_key,full,success,0.107861483,,,,
aarch64-unknown-linux-gnu,lru,0.18.0,tests::test_unbounded,full,success,20.595716232,,,,
aarch64-unknown-linux-gnu,lru,0.18.0,tests::test_with_hasher,full,success,12.876797621,,,,
aarch64-unknown-linux-gnu,matchers,0.2.0,test::anchored::debug_explicitly_unanchored,full,success,10.325423738666666,,,,
aarch64-unknown-linux-gnu,matchers,0.2.0,test::anchored::debug_is_anchored,full,success,0.51611576,,,,
aarch64-unknown-linux-gnu,matchers,0.2.0,test::anchored::debug_matches,full,success,24.541910240666667,,,,
aarch64-unknown-linux-gnu,matchers,0.2.0,test::anchored::debug_rep_patterns,full,success,0.5196194300000001,,,,
aarch64-unknown-linux-gnu,matchers,0.2.0,test::anchored::display_explicitly_unanchored,full,success,10.524885069333335,,,,
aarch64-unknown-linux-gnu,matchers,0.2.0,test::anchored::display_is_anchored,full,success,0.5282189723333334,,,,
aarch64-unknown-linux-gnu,matchers,0.2.0,test::anchored::display_matches,full,success,23.938223777333334,,,,
aarch64-unknown-linux-gnu,matchers,0.2.0,test::anchored::reader_explicitly_unanchored,full,success,10.383537439,,,,
aarch64-unknown-linux-gnu,matchers,0.2.0,test::anchored::reader_is_anchored,full,success,0.5152413450000001,,,,
aarch64-unknown-linux-gnu,matchers,0.2.0,test::anchored::reader_matches,full,success,24.198222413333337,,,,
aarch64-unknown-linux-gnu,matchers,0.2.0,test::unanchored::debug_is_unanchored,full,success,0.5164649849999999,,,,
aarch64-unknown-linux-gnu,matchers,0.2.0,test::unanchored::debug_matches,full,success,23.838610688666666,,,,
aarch64-unknown-linux-gnu,matchers,0.2.0,test::unanchored::debug_rep_patterns,full,success,0.5153514336666666,,,,
aarch64-unknown-linux-gnu,matchers,0.2.0,test::unanchored::display_is_unanchored,full,success,0.5160693033333333,,,,
aarch64-unknown-linux-gnu,matchers,0.2.0,test::unanchored::display_matches,full,success,24.072945950999998,,,,
aarch64-unknown-linux-gnu,matchers,0.2.0,test::unanchored::reader_is_unanchored,full,success,0.5197243340000001,,,,
aarch64-unknown-linux-gnu,matchers,0.2.0,test::unanchored::reader_matches,full,success,24.174263348666667,,,,
aarch64-unknown-linux-gnu,memchr,2.8.1,arch::aarch64::neon::memchr::tests::count_one,full,success,0.23933307366666667,,,,
aarch64-unknown-linux-gnu,memchr,2.8.1,arch::aarch64::neon::memchr::tests::forward_one,full,success,0.26077734,,,,
aarch64-unknown-linux-gnu,memchr,2.8.1,arch::aarch64::neon::memchr::tests::forward_three,full,success,0.348925605,,,,
aarch64-unknown-linux-gnu,memchr,2.8.1,arch::aarch64::neon::memchr::tests::forward_two,full,success,0.30891694933333336,,,,
aarch64-unknown-linux-gnu,memchr,2.8.1,arch::aarch64::neon::memchr::tests::reverse_one,full,success,0.2677984836666667,,,,
aarch64-unknown-linux-gnu,memchr,2.8.1,arch::aarch64::neon::memchr::tests::reverse_three,full,success,0.350381687,,,,
aarch64-unknown-linux-gnu,memchr,2.8.1,arch::aarch64::neon::memchr::tests::reverse_two,full,success,0.3116054203333334,,,,
aarch64-unknown-linux-gnu,memchr,2.8.1,arch::aarch64::neon::packedpair::tests::forward_packedpair,full,success,5.313554251333334,,,,
aarch64-unknown-linux-gnu,memchr,2.8.1,arch::aarch64::neon::packedpair::tests::forward_packedpair_prefilter,full,success,5.318200859,,,,
aarch64-unknown-linux-gnu,memchr,2.8.1,arch::aarch64::neon::packedpair::tests::forward_substring,full,success,2.35600575,,,,
aarch64-unknown-linux-gnu,memchr,2.8.1,arch::all::memchr::tests::count_one,full,success,0.23502324500000005,,,,
aarch64-unknown-linux-gnu,memchr,2.8.1,arch::all::memchr::tests::forward_one,full,success,0.263600292,,,,
aarch64-unknown-linux-gnu,memchr,2.8.1,arch::all::memchr::tests::forward_three,full,success,0.34812708533333336,,,,
aarch64-unknown-linux-gnu,memchr,2.8.1,arch::all::memchr::tests::forward_two,full,success,0.30797371433333337,,,,
aarch64-unknown-linux-gnu,memchr,2.8.1,arch::all::memchr::tests::regression_big_endian1,full,success,0.10728143233333336,,,,
aarch64-unknown-linux-gnu,memchr,2.8.1,arch::all::memchr::tests::regression_big_endian2,full,success,0.107627947,,,,
aarch64-unknown-linux-gnu,memchr,2.8.1,arch::all::memchr::tests::regression_count_new_lines,full,success,0.10758523733333335,,,,
aarch64-unknown-linux-gnu,memchr,2.8.1,arch::all::memchr::tests::regression_double_ended_iterator,full,success,0.10798174666666667,,,,
aarch64-unknown-linux-gnu,memchr,2.8.1,arch::all::memchr::tests::reverse_one,full,success,0.2701795546666667,,,,
aarch64-unknown-linux-gnu,memchr,2.8.1,arch::all::memchr::tests::reverse_three,full,success,0.3494762046666667,,,,
aarch64-unknown-linux-gnu,memchr,2.8.1,arch::all::memchr::tests::reverse_two,full,success,0.31178160833333335,,,,
aarch64-unknown-linux-gnu,memchr,2.8.1,arch::all::packedpair::tests::forward_packedpair,full,success,5.090737602333333,,,,
aarch64-unknown-linux-gnu,memchr,2.8.1,arch::all::rabinkarp::tests::forward,full,success,2.8745271470000002,,,,
aarch64-unknown-linux-gnu,memchr,2.8.1,arch::all::rabinkarp::tests::reverse,full,success,2.874451905333333,,,,
aarch64-unknown-linux-gnu,memchr,2.8.1,arch::all::shiftor::tests::forward,full,success,3.1693637666666667,,,,
aarch64-unknown-linux-gnu,memchr,2.8.1,arch::all::tests::equals_different_lengths,full,success,0.10739440833333334,,,,
aarch64-unknown-linux-gnu,memchr,2.8.1,arch::all::tests::equals_mismatch,full,success,0.10887786366666669,,,,
aarch64-unknown-linux-gnu,memchr,2.8.1,arch::all::tests::equals_yes,full,success,0.10853037366666668,,,,
aarch64-unknown-linux-gnu,memchr,2.8.1,arch::all::tests::prefix,full,success,0.10736432233333333,,,,
aarch64-unknown-linux-gnu,memchr,2.8.1,arch::all::tests::suffix,full,success,0.10727245600000002,,,,
aarch64-unknown-linux-gnu,memchr,2.8.1,arch::all::twoway::tests::forward,full,success,2.6603386909999998,,,,
aarch64-unknown-linux-gnu,memchr,2.8.1,arch::all::twoway::tests::regression_rev_small_period,full,success,0.10856310733333334,,,,
aarch64-unknown-linux-gnu,memchr,2.8.1,arch::all::twoway::tests::reverse,full,success,2.4807067203333335,,,,
aarch64-unknown-linux-gnu,memchr,2.8.1,arch::all::twoway::tests::suffix_forward,full,success,0.10805216233333333,,,,
aarch64-unknown-linux-gnu,memchr,2.8.1,arch::all::twoway::tests::suffix_reverse,full,success,0.10814940700000002,,,,
aarch64-unknown-linux-gnu,memchr,2.8.1,memchr::tests::count1_iter,full,success,0.238409228,,,,
aarch64-unknown-linux-gnu,memchr,2.8.1,memchr::tests::forward1_iter,full,success,0.2595966336666667,,,,
aarch64-unknown-linux-gnu,memchr,2.8.1,memchr::tests::forward1_oneshot,full,success,0.25645054066666667,,,,
aarch64-unknown-linux-gnu,memchr,2.8.1,memchr::tests::forward2_iter,full,success,0.30740824833333336,,,,
aarch64-unknown-linux-gnu,memchr,2.8.1,memchr::tests::forward2_oneshot,full,success,0.31027841033333337,,,,
aarch64-unknown-linux-gnu,memchr,2.8.1,memchr::tests::forward3_iter,full,success,0.349135884,,,,
aarch64-unknown-linux-gnu,memchr,2.8.1,memchr::tests::forward3_oneshot,full,success,0.3545608793333334,,,,
aarch64-unknown-linux-gnu,memchr,2.8.1,memchr::tests::reverse1_iter,full,success,0.26471459966666666,,,,
aarch64-unknown-linux-gnu,memchr,2.8.1,memchr::tests::reverse1_oneshot,full,success,0.26253213466666664,,,,
aarch64-unknown-linux-gnu,memchr,2.8.1,memchr::tests::reverse2_iter,full,success,0.31069685,,,,
aarch64-unknown-linux-gnu,memchr,2.8.1,memchr::tests::reverse2_oneshot,full,success,0.313781529,,,,
aarch64-unknown-linux-gnu,memchr,2.8.1,memchr::tests::reverse3_iter,full,success,0.3526200566666667,,,,
aarch64-unknown-linux-gnu,memchr,2.8.1,memchr::tests::reverse3_oneshot,full,success,0.35589991633333334,,,,
aarch64-unknown-linux-gnu,memchr,2.8.1,memchr::tests::sync_regression,full,success,0.10932382733333335,,,,
aarch64-unknown-linux-gnu,memchr,2.8.1,memmem::tests::forward,full,success,2.7205682030000005,,,,
aarch64-unknown-linux-gnu,memchr,2.8.1,memmem::tests::reverse,full,success,2.7315593926666666,,,,
aarch64-unknown-linux-gnu,memchr,2.8.1,tests::byte_order,full,success,0.10811501,,,,
aarch64-unknown-linux-gnu,memchr,2.8.1,tests::substring::naive::tests::forward,full,success,2.8192215610000004,,,,
aarch64-unknown-linux-gnu,memchr,2.8.1,tests::substring::naive::tests::reverse,full,success,2.863299703333333,,,,
aarch64-unknown-linux-gnu,nu-ansi-term,0.50.3,ansi::test::black,full,success,0.11022331566666667,,,,
aarch64-unknown-linux-gnu,nu-ansi-term,0.50.3,ansi::test::blink,full,success,0.10970980666666667,,,,
aarch64-unknown-linux-gnu,nu-ansi-term,0.50.3,ansi::test::blue_on_rgb,full,success,0.11164764666666667,,,,
aarch64-unknown-linux-gnu,nu-ansi-term,0.50.3,ansi::test::blue_underline,full,success,0.110362044,,,,
aarch64-unknown-linux-gnu,nu-ansi-term,0.50.3,ansi::test::bold,full,success,0.11033436533333335,,,,
aarch64-unknown-linux-gnu,nu-ansi-term,0.50.3,ansi::test::bold_with_reset,full,success,0.11058712666666669,,,,
aarch64-unknown-linux-gnu,nu-ansi-term,0.50.3,ansi::test::bold_with_reset_2,full,success,0.111303581,,,,
aarch64-unknown-linux-gnu,nu-ansi-term,0.50.3,ansi::test::bunderline,full,success,0.11094721266666668,,,,
aarch64-unknown-linux-gnu,nu-ansi-term,0.50.3,ansi::test::cyan_bold_on_white,full,success,0.11171400266666669,,,,
aarch64-unknown-linux-gnu,nu-ansi-term,0.50.3,ansi::test::cyan_bold_ul_on_white,full,success,0.11186073800000002,,,,
aarch64-unknown-linux-gnu,nu-ansi-term,0.50.3,ansi::test::cyan_ul_bold_on_white,full,success,0.11250722866666667,,,,
aarch64-unknown-linux-gnu,nu-ansi-term,0.50.3,ansi::test::cyan_ul_on_white,full,success,0.11090198033333333,,,,
aarch64-unknown-linux-gnu,nu-ansi-term,0.50.3,ansi::test::dimmed,full,success,0.11064747266666668,,,,
aarch64-unknown-linux-gnu,nu-ansi-term,0.50.3,ansi::test::fixed,full,success,0.11084332766666667,,,,
aarch64-unknown-linux-gnu,nu-ansi-term,0.50.3,ansi::test::fixed_on_fixed,full,success,0.11194173033333334,,,,
aarch64-unknown-linux-gnu,nu-ansi-term,0.50.3,ansi::test::fixed_on_purple,full,success,0.11193909366666666,,,,
aarch64-unknown-linux-gnu,nu-ansi-term,0.50.3,ansi::test::green_bold_ul,full,success,0.11183378100000001,,,,
aarch64-unknown-linux-gnu,nu-ansi-term,0.50.3,ansi::test::green_bold_ul_2,full,success,0.11254247833333335,,,,
aarch64-unknown-linux-gnu,nu-ansi-term,0.50.3,ansi::test::hidden,full,success,0.11165715333333333,,,,
aarch64-unknown-linux-gnu,nu-ansi-term,0.50.3,ansi::test::italic,full,success,0.11099833566666668,,,,
aarch64-unknown-linux-gnu,nu-ansi-term,0.50.3,ansi::test::lr_on_lr,full,success,0.11142902033333334,,,,
aarch64-unknown-linux-gnu,nu-ansi-term,0.50.3,ansi::test::magenta_on_white,full,success,0.11152906766666669,,,,
aarch64-unknown-linux-gnu,nu-ansi-term,0.50.3,ansi::test::magenta_on_white_2,full,success,0.11202732133333333,,,,
aarch64-unknown-linux-gnu,nu-ansi-term,0.50.3,ansi::test::plain,full,success,0.110208981,,,,
aarch64-unknown-linux-gnu,nu-ansi-term,0.50.3,ansi::test::purple_on_white,full,success,0.11123005533333334,,,,
aarch64-unknown-linux-gnu,nu-ansi-term,0.50.3,ansi::test::purple_on_white_2,full,success,0.11210381266666668,,,,
aarch64-unknown-linux-gnu,nu-ansi-term,0.50.3,ansi::test::red,full,success,0.11061344866666668,,,,
aarch64-unknown-linux-gnu,nu-ansi-term,0.50.3,ansi::test::reverse,full,success,0.11148478766666665,,,,
aarch64-unknown-linux-gnu,nu-ansi-term,0.50.3,ansi::test::rgb,full,success,0.11310822433333334,,,,
aarch64-unknown-linux-gnu,nu-ansi-term,0.50.3,ansi::test::rgb_on_blue,full,success,0.114590704,,,,
aarch64-unknown-linux-gnu,nu-ansi-term,0.50.3,ansi::test::rgb_on_rgb,full,success,0.11420582233333333,,,,
aarch64-unknown-linux-gnu,nu-ansi-term,0.50.3,ansi::test::stricken,full,success,0.11210867933333335,,,,
aarch64-unknown-linux-gnu,nu-ansi-term,0.50.3,ansi::test::test_infix,full,success,0.11220551766666668,,,,
aarch64-unknown-linux-gnu,nu-ansi-term,0.50.3,ansi::test::test_write_prefix_no_gnu_compat_order,full,success,0.11115633100000001,,,,
aarch64-unknown-linux-gnu,nu-ansi-term,0.50.3,ansi::test::underline,full,success,0.11191362833333333,,,,
aarch64-unknown-linux-gnu,nu-ansi-term,0.50.3,ansi::test::yellow_bold,full,success,0.112200796,,,,
aarch64-unknown-linux-gnu,nu-ansi-term,0.50.3,ansi::test::yellow_bold_2,full,success,0.111813805,,,,
aarch64-unknown-linux-gnu,nu-ansi-term,0.50.3,ansi::test::yellow_on_blue,full,success,0.11247431366666667,,,,
aarch64-unknown-linux-gnu,nu-ansi-term,0.50.3,ansi::test::yellow_on_blue_2,full,success,0.11247027866666666,,,,
aarch64-unknown-linux-gnu,nu-ansi-term,0.50.3,ansi::test::yellow_on_blue_reset,full,success,0.11161620833333334,,,,
aarch64-unknown-linux-gnu,nu-ansi-term,0.50.3,ansi::test::yellow_on_blue_reset_2,full,success,0.11231476,,,,
aarch64-unknown-linux-gnu,nu-ansi-term,0.50.3,debug::test::bold,full,success,0.11023880833333333,,,,
aarch64-unknown-linux-gnu,nu-ansi-term,0.50.3,debug::test::both,full,success,0.11096074233333335,,,,
aarch64-unknown-linux-gnu,nu-ansi-term,0.50.3,debug::test::empty,full,success,0.11044915566666667,,,,
aarch64-unknown-linux-gnu,nu-ansi-term,0.50.3,debug::test::everything,full,success,0.11249491700000001,,,,
aarch64-unknown-linux-gnu,nu-ansi-term,0.50.3,debug::test::italic,full,success,0.11058959600000001,,,,
aarch64-unknown-linux-gnu,nu-ansi-term,0.50.3,debug::test::long_and_detailed,full,success,0.122906071,,,,
aarch64-unknown-linux-gnu,nu-ansi-term,0.50.3,debug::test::red,full,success,0.11003048166666667,,,,
aarch64-unknown-linux-gnu,nu-ansi-term,0.50.3,debug::test::redblue,full,success,0.111401042,,,,
aarch64-unknown-linux-gnu,nu-ansi-term,0.50.3,difference::test::addition_of_blink,full,success,0.10989871600000001,,,,
aarch64-unknown-linux-gnu,nu-ansi-term,0.50.3,difference::test::addition_of_dimmed,full,success,0.11065756633333335,,,,
aarch64-unknown-linux-gnu,nu-ansi-term,0.50.3,difference::test::addition_of_hidden,full,success,0.10927542533333334,,,,
aarch64-unknown-linux-gnu,nu-ansi-term,0.50.3,difference::test::addition_of_reverse,full,success,0.11051464133333333,,,,
aarch64-unknown-linux-gnu,nu-ansi-term,0.50.3,difference::test::addition_of_strikethrough,full,success,0.109463393,,,,
aarch64-unknown-linux-gnu,nu-ansi-term,0.50.3,difference::test::color_change,full,success,0.11037262533333335,,,,
aarch64-unknown-linux-gnu,nu-ansi-term,0.50.3,difference::test::lowercase,full,success,0.11085573333333336,,,,
aarch64-unknown-linux-gnu,nu-ansi-term,0.50.3,difference::test::nothing,full,success,0.10991072166666667,,,,
aarch64-unknown-linux-gnu,nu-ansi-term,0.50.3,difference::test::nothing2,full,success,0.11019862766666667,,,,
aarch64-unknown-linux-gnu,nu-ansi-term,0.50.3,difference::test::removal_of_blink,full,success,0.11088870466666667,,,,
aarch64-unknown-linux-gnu,nu-ansi-term,0.50.3,difference::test::removal_of_dimmed,full,success,0.10991369766666666,,,,
aarch64-unknown-linux-gnu,nu-ansi-term,0.50.3,difference::test::removal_of_hidden,full,success,0.11007400299999999,,,,
aarch64-unknown-linux-gnu,nu-ansi-term,0.50.3,difference::test::removal_of_reverse,full,success,0.11045740433333334,,,,
aarch64-unknown-linux-gnu,nu-ansi-term,0.50.3,difference::test::removal_of_strikethrough,full,success,0.11023491633333334,,,,
aarch64-unknown-linux-gnu,nu-ansi-term,0.50.3,difference::test::uppercase,full,success,0.110180365,,,,
aarch64-unknown-linux-gnu,nu-ansi-term,0.50.3,display::tests::hyperlink,full,success,0.110862389,,,,
aarch64-unknown-linux-gnu,nu-ansi-term,0.50.3,display::tests::hyperlinks,full,success,0.11874739333333334,,,,
aarch64-unknown-linux-gnu,nu-ansi-term,0.50.3,display::tests::no_control_codes_for_plain,full,success,0.11088095166666667,,,,
aarch64-unknown-linux-gnu,nu-ansi-term,0.50.3,display::tests::title,full,success,0.119441798,,,,
aarch64-unknown-linux-gnu,nu-ansi-term,0.50.3,util::test::test,full,success,0.11307074766666668,,,,
aarch64-unknown-linux-gnu,num-bigint,0.4.6,bigint::test_assign_from_slice,full,success,0.10950682099999999,,,,
aarch64-unknown-linux-gnu,num-bigint,0.4.6,bigint::test_from_biguint,full,success,0.10809043466666668,,,,
aarch64-unknown-linux-gnu,num-bigint,0.4.6,bigint::test_from_slice,full,success,0.10952901966666667,,,,
aarch64-unknown-linux-gnu,num-bigint,0.4.6,biguint::convert::test_half_radix_bases,full,success,0.11879308466666667,,,,
aarch64-unknown-linux-gnu,num-bigint,0.4.6,biguint::convert::test_radix_bases,full,success,0.11979962966666668,,,,
aarch64-unknown-linux-gnu,num-bigint,0.4.6,biguint::iter::test_iter_u32_digits,full,success,0.107812749,,,,
aarch64-unknown-linux-gnu,num-bigint,0.4.6,biguint::iter::test_iter_u32_digits_be,full,success,0.10829249933333333,,,,
aarch64-unknown-linux-gnu,num-bigint,0.4.6,biguint::iter::test_iter_u64_digits,full,success,0.10835190133333335,,,,
aarch64-unknown-linux-gnu,num-bigint,0.4.6,biguint::iter::test_iter_u64_digits_be,full,success,0.108833105,,,,
aarch64-unknown-linux-gnu,num-bigint,0.4.6,biguint::multiplication::test_sub_sign,full,success,0.12023708333333334,,,,
aarch64-unknown-linux-gnu,num-bigint,0.4.6,biguint::power::test_plain_modpow,full,success,3.1553670073333335,,,,
aarch64-unknown-linux-gnu,num-bigint,0.4.6,biguint::power::test_pow_biguint,full,success,0.10647263633333333,,,,
aarch64-unknown-linux-gnu,num-bigint,0.4.6,biguint::test_from_slice,full,success,0.10909070266666666,,,,
aarch64-unknown-linux-gnu,num-bigint,0.4.6,biguint::test_u128_u32_roundtrip,full,success,0.10646859866666668,,,,
aarch64-unknown-linux-gnu,num-bigint,0.4.6,biguint::test_u32_u128,full,success,0.10687832033333333,,,,
aarch64-unknown-linux-gnu,num-complex,0.4.6,cast::test::test_as_primitive,full,success,0.10796486833333334,,,,
aarch64-unknown-linux-gnu,num-complex,0.4.6,cast::test::test_from_primitive,full,success,0.106376439,,,,
aarch64-unknown-linux-gnu,num-complex,0.4.6,cast::test::test_num_cast,full,success,0.10647769266666667,,,,
aarch64-unknown-linux-gnu,num-complex,0.4.6,cast::test::test_to_primitive,full,success,0.10563894633333333,,,,
aarch64-unknown-linux-gnu,num-complex,0.4.6,complex_float::test::test_arg,full,success,0.106068485,,,,
aarch64-unknown-linux-gnu,num-complex,0.4.6,complex_float::test::test_conj,full,success,0.106230269,,,,
aarch64-unknown-linux-gnu,num-complex,0.4.6,complex_float::test::test_exp,full,success,0.105644365,,,,
aarch64-unknown-linux-gnu,num-complex,0.4.6,complex_float::test::test_exp2,full,success,0.10686381500000001,,,,
aarch64-unknown-linux-gnu,num-complex,0.4.6,complex_float::test::test_is_finite,full,success,0.105812157,,,,
aarch64-unknown-linux-gnu,num-complex,0.4.6,complex_float::test::test_is_infinite,full,success,0.10607570399999999,,,,
aarch64-unknown-linux-gnu,num-complex,0.4.6,complex_float::test::test_is_nan,full,success,0.10634895300000001,,,,
aarch64-unknown-linux-gnu,num-complex,0.4.6,complex_float::test::test_is_normal,full,success,0.10711778733333334,,,,
aarch64-unknown-linux-gnu,num-complex,0.4.6,complex_float::test::test_log10,full,success,0.10710638466666667,,,,
aarch64-unknown-linux-gnu,num-complex,0.4.6,complex_float::test::test_log2,full,success,0.10652723066666668,,,,
aarch64-unknown-linux-gnu,num-complex,0.4.6,complex_float::test::test_powi,full,success,0.10657228200000002,,,,
aarch64-unknown-linux-gnu,num-complex,0.4.6,complex_float::test::test_powz,full,success,0.10659792833333336,,,,
aarch64-unknown-linux-gnu,num-complex,0.4.6,test::complex_arithmetic::test_add,full,success,0.10790173566666668,,,,
aarch64-unknown-linux-gnu,num-complex,0.4.6,test::complex_arithmetic::test_div,full,success,0.10672938333333333,,,,
aarch64-unknown-linux-gnu,num-complex,0.4.6,test::complex_arithmetic::test_mul,full,success,0.108212135,,,,
aarch64-unknown-linux-gnu,num-complex,0.4.6,test::complex_arithmetic::test_mul_add,full,success,0.11515533500000001,,,,
aarch64-unknown-linux-gnu,num-complex,0.4.6,test::complex_arithmetic::test_mul_add_float,full,success,0.115047305,,,,
aarch64-unknown-linux-gnu,num-complex,0.4.6,test::complex_arithmetic::test_neg,full,success,0.10795083066666666,,,,
aarch64-unknown-linux-gnu,num-complex,0.4.6,test::complex_arithmetic::test_rem,full,success,0.10763073266666667,,,,
aarch64-unknown-linux-gnu,num-complex,0.4.6,test::complex_arithmetic::test_sub,full,success,0.10797479133333333,,,,
aarch64-unknown-linux-gnu,num-complex,0.4.6,test::float::test_acos,full,success,0.10788164466666667,,,,
aarch64-unknown-linux-gnu,num-complex,0.4.6,test::float::test_acosh,full,success,0.10798151966666668,,,,
aarch64-unknown-linux-gnu,num-complex,0.4.6,test::float::test_arg,full,success,0.10784083266666666,,,,
aarch64-unknown-linux-gnu,num-complex,0.4.6,test::float::test_asin,full,success,0.10844824666666668,,,,
aarch64-unknown-linux-gnu,num-complex,0.4.6,test::float::test_asinh,full,success,0.10718515300000002,,,,
aarch64-unknown-linux-gnu,num-complex,0.4.6,test::float::test_atan,full,success,0.10865134933333333,,,,
aarch64-unknown-linux-gnu,num-complex,0.4.6,test::float::test_atanh,full,success,0.10736083333333335,,,,
aarch64-unknown-linux-gnu,num-complex,0.4.6,test::float::test_cbrt,full,success,0.10691752233333333,,,,
aarch64-unknown-linux-gnu,num-complex,0.4.6,test::float::test_cbrt_imag,full,success,0.11378720866666668,,,,
aarch64-unknown-linux-gnu,num-complex,0.4.6,test::float::test_cbrt_real,full,success,0.11304963800000001,,,,
aarch64-unknown-linux-gnu,num-complex,0.4.6,test::float::test_cis,full,success,0.10732930633333333,,,,
aarch64-unknown-linux-gnu,num-complex,0.4.6,test::float::test_cos,full,success,0.10789791666666666,,,,
aarch64-unknown-linux-gnu,num-complex,0.4.6,test::float::test_cosh,full,success,0.10678664900000001,,,,
aarch64-unknown-linux-gnu,num-complex,0.4.6,test::float::test_exp,full,success,0.10724874066666668,,,,
aarch64-unknown-linux-gnu,num-complex,0.4.6,test::float::test_exp2,full,success,0.10599705533333335,,,,
aarch64-unknown-linux-gnu,num-complex,0.4.6,test::float::test_exp2_log,full,success,0.108005853,,,,
aarch64-unknown-linux-gnu,num-complex,0.4.6,test::float::test_exp_ln,full,success,0.106333992,,,,
aarch64-unknown-linux-gnu,num-complex,0.4.6,test::float::test_hyperbolic_identites,full,success,0.10878524066666667,,,,
aarch64-unknown-linux-gnu,num-complex,0.4.6,test::float::test_ln,full,success,0.10738813233333333,,,,
aarch64-unknown-linux-gnu,num-complex,0.4.6,test::float::test_log,full,success,0.10718514966666666,,,,
aarch64-unknown-linux-gnu,num-complex,0.4.6,test::float::test_log10,full,success,0.10589300700000003,,,,
aarch64-unknown-linux-gnu,num-complex,0.4.6,test::float::test_log2,full,success,0.10632359933333335,,,,
aarch64-unknown-linux-gnu,num-complex,0.4.6,test::float::test_norm,full,success,0.10811798966666668,,,,
aarch64-unknown-linux-gnu,num-complex,0.4.6,test::float::test_polar_conv,full,success,0.10752634200000001,,,,
aarch64-unknown-linux-gnu,num-complex,0.4.6,test::float::test_powc,full,success,0.10761424400000001,,,,
aarch64-unknown-linux-gnu,num-complex,0.4.6,test::float::test_powf,full,success,0.10775581366666669,,,,
aarch64-unknown-linux-gnu,num-complex,0.4.6,test::float::test_sin,full,success,0.10735253433333335,,,,
aarch64-unknown-linux-gnu,num-complex,0.4.6,test::float::test_sinh,full,success,0.10735644333333334,,,,
aarch64-unknown-linux-gnu,num-complex,0.4.6,test::float::test_some_expf_cases,full,success,0.10700032533333333,,,,
aarch64-unknown-linux-gnu,num-complex,0.4.6,test::float::test_sqrt,full,success,0.10727010533333335,,,,
aarch64-unknown-linux-gnu,num-complex,0.4.6,test::float::test_sqrt_imag,full,success,0.11355967066666667,,,,
aarch64-unknown-linux-gnu,num-complex,0.4.6,test::float::test_sqrt_real,full,success,0.11341585566666668,,,,
aarch64-unknown-linux-gnu,num-complex,0.4.6,test::float::test_tan,full,success,0.10683872300000001,,,,
aarch64-unknown-linux-gnu,num-complex,0.4.6,test::float::test_tanh,full,success,0.10676130966666668,,,,
aarch64-unknown-linux-gnu,num-complex,0.4.6,test::float::test_trig_identities,full,success,0.10826429433333334,,,,
aarch64-unknown-linux-gnu,num-complex,0.4.6,test::float::test_trig_to_hyperbolic,full,success,0.10693248033333334,,,,
aarch64-unknown-linux-gnu,num-complex,0.4.6,test::real_arithmetic::test_add,full,success,0.10767300033333334,,,,
aarch64-unknown-linux-gnu,num-complex,0.4.6,test::real_arithmetic::test_div,full,success,0.10643351833333335,,,,
aarch64-unknown-linux-gnu,num-complex,0.4.6,test::real_arithmetic::test_div_rem_gaussian,full,success,0.10634218699999999,,,,
aarch64-unknown-linux-gnu,num-complex,0.4.6,test::real_arithmetic::test_mul,full,success,0.10719126766666669,,,,
aarch64-unknown-linux-gnu,num-complex,0.4.6,test::real_arithmetic::test_rem,full,success,0.10734398166666669,,,,
aarch64-unknown-linux-gnu,num-complex,0.4.6,test::real_arithmetic::test_sub,full,success,0.10801628566666667,,,,
aarch64-unknown-linux-gnu,num-complex,0.4.6,test::test_conj,full,success,0.10781780466666668,,,,
aarch64-unknown-linux-gnu,num-complex,0.4.6,test::test_const,full,success,0.10636686966666668,,,,
aarch64-unknown-linux-gnu,num-complex,0.4.6,test::test_consts,full,success,0.10723061233333335,,,,
aarch64-unknown-linux-gnu,num-complex,0.4.6,test::test_divide_by_zero_natural,full,success,0.11286389533333334,,,,
aarch64-unknown-linux-gnu,num-complex,0.4.6,test::test_from_str,full,success,0.12818723566666668,,,,
aarch64-unknown-linux-gnu,num-complex,0.4.6,test::test_from_str_fail,full,success,0.11021154333333334,,,,
aarch64-unknown-linux-gnu,num-complex,0.4.6,test::test_from_str_radix,full,success,0.11163375966666668,,,,
aarch64-unknown-linux-gnu,num-complex,0.4.6,test::test_from_str_radix_fail,full,success,0.11219924466666668,,,,
aarch64-unknown-linux-gnu,num-complex,0.4.6,test::test_hash,full,success,0.108916283,,,,
aarch64-unknown-linux-gnu,num-complex,0.4.6,test::test_hashset,full,success,0.11186878800000001,,,,
aarch64-unknown-linux-gnu,num-complex,0.4.6,test::test_inv,full,success,0.10814187666666668,,,,
aarch64-unknown-linux-gnu,num-complex,0.4.6,test::test_inv_zero,full,success,0.10846644633333334,,,,
aarch64-unknown-linux-gnu,num-complex,0.4.6,test::test_is_finite,full,success,0.10835658166666667,,,,
aarch64-unknown-linux-gnu,num-complex,0.4.6,test::test_is_infinite,full,success,0.10709930433333333,,,,
aarch64-unknown-linux-gnu,num-complex,0.4.6,test::test_is_nan,full,success,0.10713378566666666,,,,
aarch64-unknown-linux-gnu,num-complex,0.4.6,test::test_is_nan_special_cases,full,success,0.10663975666666665,,,,
aarch64-unknown-linux-gnu,num-complex,0.4.6,test::test_is_normal,full,success,0.10685497833333335,,,,
aarch64-unknown-linux-gnu,num-complex,0.4.6,test::test_l1_norm,full,success,0.10627624233333334,,,,
aarch64-unknown-linux-gnu,num-complex,0.4.6,test::test_one,full,success,0.10734871700000002,,,,
aarch64-unknown-linux-gnu,num-complex,0.4.6,test::test_pow,full,success,0.12603534533333335,,,,
aarch64-unknown-linux-gnu,num-complex,0.4.6,test::test_prod,full,success,0.106435061,,,,
aarch64-unknown-linux-gnu,num-complex,0.4.6,test::test_scale_unscale,full,success,0.10603103733333334,,,,
aarch64-unknown-linux-gnu,num-complex,0.4.6,test::test_string_formatting,full,success,0.12405885800000001,,,,
aarch64-unknown-linux-gnu,num-complex,0.4.6,test::test_sum,full,success,0.10851661266666668,,,,
aarch64-unknown-linux-gnu,num-complex,0.4.6,test::test_to_string,full,success,0.11543378100000001,,,,
aarch64-unknown-linux-gnu,num-complex,0.4.6,test::test_zero,full,success,0.10820350366666666,,,,
aarch64-unknown-linux-gnu,object,0.39.1,pod::tests::single,full,success,0.10507575266666667,,,,
aarch64-unknown-linux-gnu,object,0.39.1,pod::tests::slice,full,success,0.10385354066666667,,,,
aarch64-unknown-linux-gnu,object,0.39.1,pod::tests::slice_zero,full,success,0.10421117266666667,,,,
aarch64-unknown-linux-gnu,object,0.39.1,read::archive::tests::aix_names,full,success,0.10499738733333334,,,,
aarch64-unknown-linux-gnu,object,0.39.1,read::archive::tests::bsd_names,full,success,0.105297176,,,,
aarch64-unknown-linux-gnu,object,0.39.1,read::archive::tests::gnu_names,full,success,0.104764148,,,,
aarch64-unknown-linux-gnu,object,0.39.1,read::archive::tests::kind,full,success,0.10721982333333334,,,,
aarch64-unknown-linux-gnu,object,0.39.1,read::archive::tests::thin_gnu_names,full,success,0.10512835933333335,,,,
aarch64-unknown-linux-gnu,object,0.39.1,read::coff::section::tests::name_offset,full,success,0.10496847200000002,,,,
aarch64-unknown-linux-gnu,object,0.39.1,read::macho::load_command::tests::cmd_size_invalid,full,success,0.10427746766666668,,,,
aarch64-unknown-linux-gnu,object,0.39.1,read::macho::load_command::tests::function_starts_invalid_uleb128,full,success,0.10415505866666668,,,,
aarch64-unknown-linux-gnu,object,0.39.1,read::util::tests::bytes,full,success,0.105434764,,,,
aarch64-unknown-linux-gnu,object,0.39.1,read::util::tests::bytes_debug,full,success,0.112335474,,,,
aarch64-unknown-linux-gnu,once_cell,1.21.4,imp::tests::poison_bad,full,success,0.11212794,,,,
aarch64-unknown-linux-gnu,once_cell,1.21.4,imp::tests::smoke_once,full,success,0.107143861,,,,
aarch64-unknown-linux-gnu,once_cell,1.21.4,imp::tests::stampede_once,full,success,0.11671204800000001,,,,
aarch64-unknown-linux-gnu,once_cell,1.21.4,imp::tests::test_size,full,success,0.106728108,,,,
aarch64-unknown-linux-gnu,once_cell,1.21.4,imp::tests::wait_for_force_to_finish,full,success,0.11874589566666667,,,,
aarch64-unknown-linux-gnu,parking_lot_core,0.9.12,parking_lot::tests::unpark_all_hundred,full,success,19.052931059333332,,,,
aarch64-unknown-linux-gnu,parking_lot_core,0.9.12,parking_lot::tests::unpark_all_one,full,success,0.3578163060000001,,,,
aarch64-unknown-linux-gnu,parking_lot_core,0.9.12,parking_lot::tests::unpark_all_one_fast,full,success,2.5993883859999998,,,,
aarch64-unknown-linux-gnu,parking_lot_core,0.9.12,parking_lot::tests::unpark_one_fifty,full,success,1.1279808666666666,,,,
aarch64-unknown-linux-gnu,parking_lot_core,0.9.12,parking_lot::tests::unpark_one_fifty_then_fifty_all,full,success,5.275554603333334,,,,
aarch64-unknown-linux-gnu,parking_lot_core,0.9.12,parking_lot::tests::unpark_one_hundred_fast,full,success,20.063760352333333,,,,
aarch64-unknown-linux-gnu,parking_lot_core,0.9.12,parking_lot::tests::unpark_one_one,full,success,0.23188618633333333,,,,
aarch64-unknown-linux-gnu,parking_lot_core,0.9.12,parking_lot::tests::unpark_one_one_fast,full,success,2.5044493780000003,,,,
aarch64-unknown-linux-gnu,pem-rfc7468,1.0.0,decoder::tests::pkcs8_example,full,success,0.10794918666666668,,,,
aarch64-unknown-linux-gnu,pem-rfc7468,1.0.0,grammar::tests::split_label_empty,full,success,0.10702822000000001,,,,
aarch64-unknown-linux-gnu,pem-rfc7468,1.0.0,grammar::tests::split_label_with_repeat_wsp_is_err,full,success,0.107295056,,,,
aarch64-unknown-linux-gnu,pem-rfc7468,1.0.0,grammar::tests::split_label_with_text,full,success,0.10722264966666667,,,,
aarch64-unknown-linux-gnu,pem-rfc7468,1.0.0,grammar::tests::validate_private_key_label,full,success,0.10746386100000001,,,,
aarch64-unknown-linux-gnu,pem-rfc7468,1.0.0,grammar::tests::validate_private_key_label_reject_double_space,full,success,0.10702660966666666,,,,
aarch64-unknown-linux-gnu,percent-encoding,2.3.2,ascii_set::tests::add_op,full,success,0.10620927333333334,,,,
aarch64-unknown-linux-gnu,percent-encoding,2.3.2,ascii_set::tests::complement,full,success,0.10610594666666669,,,,
aarch64-unknown-linux-gnu,percent-encoding,2.3.2,ascii_set::tests::not_op,full,success,0.106443845,,,,
aarch64-unknown-linux-gnu,percent-encoding,2.3.2,ascii_set::tests::union,full,success,0.10574513533333334,,,,
aarch64-unknown-linux-gnu,percent-encoding,2.3.2,tests::percent_decode,full,success,0.10652537633333332,,,,
aarch64-unknown-linux-gnu,percent-encoding,2.3.2,tests::percent_decode_collect,full,success,0.10604203899999999,,,,
aarch64-unknown-linux-gnu,percent-encoding,2.3.2,tests::percent_decode_cow,full,success,0.107244617,,,,
aarch64-unknown-linux-gnu,percent-encoding,2.3.2,tests::percent_decode_invalid_utf8,full,success,0.10660949000000002,,,,
aarch64-unknown-linux-gnu,percent-encoding,2.3.2,tests::percent_decode_str,full,success,0.10671312566666667,,,,
aarch64-unknown-linux-gnu,percent-encoding,2.3.2,tests::percent_decode_utf8_lossy,full,success,0.10702183400000002,,,,
aarch64-unknown-linux-gnu,percent-encoding,2.3.2,tests::percent_decode_utf8_lossy_invalid_utf8,full,success,0.10738463966666667,,,,
aarch64-unknown-linux-gnu,percent-encoding,2.3.2,tests::percent_encode_accepts_ascii_set_ref,full,success,0.107076169,,,,
aarch64-unknown-linux-gnu,percent-encoding,2.3.2,tests::percent_encode_byte,full,success,0.18630944366666669,,,,
aarch64-unknown-linux-gnu,percent-encoding,2.3.2,tests::percent_encode_collect,full,success,0.10760406766666668,,,,
aarch64-unknown-linux-gnu,percent-encoding,2.3.2,tests::percent_encode_cow,full,success,0.10638149433333333,,,,
aarch64-unknown-linux-gnu,percent-encoding,2.3.2,tests::percent_encode_display,full,success,0.106850613,,,,
aarch64-unknown-linux-gnu,percent-encoding,2.3.2,tests::utf8_percent_encode,full,success,0.10570385900000001,,,,
aarch64-unknown-linux-gnu,percent-encoding,2.3.2,tests::utf8_percent_encode_accepts_ascii_set_ref,full,success,0.10680746133333335,,,,
aarch64-unknown-linux-gnu,petgraph,0.8.3,acyclic::tests::test_acyclic_graph,full,success,0.13571747433333337,,,,
aarch64-unknown-linux-gnu,petgraph,0.8.3,acyclic::tests::test_acyclic_graph_add_remove,full,success,0.12681686366666667,,,,
aarch64-unknown-linux-gnu,petgraph,0.8.3,acyclic::tests::test_multiedge_allowed,full,success,0.12316781566666668,,,,
aarch64-unknown-linux-gnu,petgraph,0.8.3,algo::bridges::tests::test_bridges,full,success,0.14370605733333333,,,,
aarch64-unknown-linux-gnu,petgraph,0.8.3,algo::dominators::tests::test_iter_dominators,full,success,0.11366788,,,,
aarch64-unknown-linux-gnu,petgraph,0.8.3,algo::simple_paths::test::test_all_simple_paths,full,success,0.250875675,,,,
aarch64-unknown-linux-gnu,petgraph,0.8.3,algo::simple_paths::test::test_all_simple_paths_corner_cases,full,success,0.11348977366666667,,,,
aarch64-unknown-linux-gnu,petgraph,0.8.3,algo::simple_paths::test::test_all_simple_paths_directed,full,success,0.11959560566666667,,,,
aarch64-unknown-linux-gnu,petgraph,0.8.3,algo::simple_paths::test::test_all_simple_paths_empty,full,success,0.11601813333333333,,,,
aarch64-unknown-linux-gnu,petgraph,0.8.3,algo::simple_paths::test::test_all_simple_paths_ignores_cycle,full,success,0.11929860800000001,,,,
aarch64-unknown-linux-gnu,petgraph,0.8.3,algo::simple_paths::test::test_all_simple_paths_on_non_trivial_graph,full,success,0.16979421833333333,,,,
aarch64-unknown-linux-gnu,petgraph,0.8.3,algo::simple_paths::test::test_digraph_multi_target_paths,full,success,0.13449228000000002,,,,
aarch64-unknown-linux-gnu,petgraph,0.8.3,algo::simple_paths::test::test_digraph_multi_target_paths_cutoff,full,success,0.13498004866666666,,,,
aarch64-unknown-linux-gnu,petgraph,0.8.3,algo::simple_paths::test::test_multi_target_paths,full,success,0.13810751666666668,,,,
aarch64-unknown-linux-gnu,petgraph,0.8.3,algo::simple_paths::test::test_multi_target_paths_cutoff,full,success,0.13728095166666668,,,,
aarch64-unknown-linux-gnu,petgraph,0.8.3,algo::simple_paths::test::test_multi_target_paths_in_cycle,full,success,0.12988387433333334,,,,
aarch64-unknown-linux-gnu,petgraph,0.8.3,algo::simple_paths::test::test_multi_target_paths_inline,full,success,0.12967261333333333,,,,
aarch64-unknown-linux-gnu,petgraph,0.8.3,algo::simple_paths::test::test_multi_target_paths_min_intermediate_nodes,full,success,0.16776422766666665,,,,
aarch64-unknown-linux-gnu,petgraph,0.8.3,algo::simple_paths::test::test_multi_target_source_is_target,full,success,0.125571976,,,,
aarch64-unknown-linux-gnu,petgraph,0.8.3,algo::simple_paths::test::test_no_simple_paths,full,success,0.12381968333333333,,,,
aarch64-unknown-linux-gnu,petgraph,0.8.3,algo::simple_paths::test::test_one_simple_path,full,success,0.12149037466666668,,,,
aarch64-unknown-linux-gnu,petgraph,0.8.3,algo::simple_paths::test::test_path_graph,full,success,0.11975978366666667,,,,
aarch64-unknown-linux-gnu,petgraph,0.8.3,algo::simple_paths::test::test_simple_path_source_target,full,success,0.12117349633333334,,,,
aarch64-unknown-linux-gnu,petgraph,0.8.3,algo::simple_paths::test::test_simple_paths_cutoff,full,success,0.1364110186666667,,,,
aarch64-unknown-linux-gnu,petgraph,0.8.3,algo::simple_paths::test::test_simple_paths_from_node_to_itself_in_complete_graph,full,success,0.11869779600000001,,,,
aarch64-unknown-linux-gnu,petgraph,0.8.3,algo::simple_paths::test::test_simple_paths_min_intermediate_nodes,full,success,0.136805126,,,,
aarch64-unknown-linux-gnu,petgraph,0.8.3,algo::steiner_tree::test::test_compute_metric_closure,full,success,0.176914515,,,,
aarch64-unknown-linux-gnu,petgraph,0.8.3,algo::steiner_tree::test::test_remove_non_terminal_nodes,full,success,0.15245989533333335,,,,
aarch64-unknown-linux-gnu,petgraph,0.8.3,algo::steiner_tree::test::test_subgraph_from_metric_closure,full,success,0.29288532666666667,,,,
aarch64-unknown-linux-gnu,petgraph,0.8.3,algo::tred::test_easy_tred,full,success,0.11471107433333334,,,,
aarch64-unknown-linux-gnu,petgraph,0.8.3,csr::tests::csr1,full,success,0.12621732833333335,,,,
aarch64-unknown-linux-gnu,petgraph,0.8.3,csr::tests::csr_dfs,full,success,0.14620907433333333,,,,
aarch64-unknown-linux-gnu,petgraph,0.8.3,csr::tests::csr_from,full,success,0.12661831566666668,,,,
aarch64-unknown-linux-gnu,petgraph,0.8.3,csr::tests::csr_from_error_1,full,success,0.11872975766666667,,,,
aarch64-unknown-linux-gnu,petgraph,0.8.3,csr::tests::csr_from_error_2,full,success,0.11915215600000001,,,,
aarch64-unknown-linux-gnu,petgraph,0.8.3,csr::tests::csr_from_undirected,full,success,0.1308370386666667,,,,
aarch64-unknown-linux-gnu,petgraph,0.8.3,csr::tests::csr_tarjan,full,success,0.13957904533333335,,,,
aarch64-unknown-linux-gnu,petgraph,0.8.3,csr::tests::csr_undirected,full,success,0.12465542833333333,,,,
aarch64-unknown-linux-gnu,petgraph,0.8.3,csr::tests::test_add_node,full,success,0.12064005166666668,,,,
aarch64-unknown-linux-gnu,petgraph,0.8.3,csr::tests::test_add_node_with_existing_edges,full,success,0.11813581833333335,,,,
aarch64-unknown-linux-gnu,petgraph,0.8.3,csr::tests::test_bellman_ford,full,success,0.16434839933333334,,,,
aarch64-unknown-linux-gnu,petgraph,0.8.3,csr::tests::test_bellman_ford_neg_cycle,full,success,0.12396266433333335,,,,
aarch64-unknown-linux-gnu,petgraph,0.8.3,csr::tests::test_edge_references,full,success,0.1631305326666667,,,,
aarch64-unknown-linux-gnu,petgraph,0.8.3,csr::tests::test_find_neg_cycle1,full,success,0.12426216899999999,,,,
aarch64-unknown-linux-gnu,petgraph,0.8.3,csr::tests::test_find_neg_cycle2,full,success,0.11899286900000001,,,,
aarch64-unknown-linux-gnu,petgraph,0.8.3,csr::tests::test_find_neg_cycle3,full,success,0.12304642066666667,,,,
aarch64-unknown-linux-gnu,petgraph,0.8.3,csr::tests::test_find_neg_cycle4,full,success,0.110530531,,,,
aarch64-unknown-linux-gnu,petgraph,0.8.3,csr::tests::test_node_references,full,success,0.10952697400000001,,,,
aarch64-unknown-linux-gnu,petgraph,0.8.3,dot::test::test_edgeindexlable_option,full,success,0.11380501666666669,,,,
aarch64-unknown-linux-gnu,petgraph,0.8.3,dot::test::test_edgenolable_option,full,success,0.112990463,,,,
aarch64-unknown-linux-gnu,petgraph,0.8.3,dot::test::test_escape,full,success,0.10886077100000001,,,,
aarch64-unknown-linux-gnu,petgraph,0.8.3,dot::test::test_nodeindexlable_option,full,success,0.11456884433333335,,,,
aarch64-unknown-linux-gnu,petgraph,0.8.3,dot::test::test_nodenolable_option,full,success,0.11308517266666668,,,,
aarch64-unknown-linux-gnu,petgraph,0.8.3,dot::test::test_rankdir_bt_option,full,success,0.11650548666666667,,,,
aarch64-unknown-linux-gnu,petgraph,0.8.3,dot::test::test_rankdir_lr_option,full,success,0.11685878733333334,,,,
aarch64-unknown-linux-gnu,petgraph,0.8.3,dot::test::test_rankdir_rl_option,full,success,0.11616624200000002,,,,
aarch64-unknown-linux-gnu,petgraph,0.8.3,dot::test::test_rankdir_tb_option,full,success,0.11611199500000001,,,,
aarch64-unknown-linux-gnu,petgraph,0.8.3,dot::test::test_with_attr_getters,full,success,0.11309551933333334,,,,
aarch64-unknown-linux-gnu,petgraph,0.8.3,graph_impl::stable_graph::dfs,full,success,0.143293327,,,,
aarch64-unknown-linux-gnu,petgraph,0.8.3,graph_impl::stable_graph::extend_with_edges,full,success,0.11451949100000001,,,,
aarch64-unknown-linux-gnu,petgraph,0.8.3,graph_impl::stable_graph::stable_graph,full,success,0.17210365566666666,,,,
aarch64-unknown-linux-gnu,petgraph,0.8.3,graph_impl::stable_graph::test_retain_nodes,full,success,0.12239950200000001,,,,
aarch64-unknown-linux-gnu,petgraph,0.8.3,graph_impl::stable_graph::test_reverse,full,success,0.11111537433333334,,,,
aarch64-unknown-linux-gnu,petgraph,0.8.3,graph_impl::stable_graph::test_reverse_after_remove_edges,full,success,0.11117025333333334,,,,
aarch64-unknown-linux-gnu,petgraph,0.8.3,graph_impl::stable_graph::test_reverse_after_remove_nodes,full,success,0.11015925333333336,,,,
aarch64-unknown-linux-gnu,petgraph,0.8.3,matrix_graph::tests::test_add_edge,full,success,0.109328294,,,,
aarch64-unknown-linux-gnu,petgraph,0.8.3,matrix_graph::tests::test_add_edge_with_extension,full,success,0.112781342,,,,
aarch64-unknown-linux-gnu,petgraph,0.8.3,matrix_graph::tests::test_add_edge_with_weights,full,success,0.11059762633333332,,,,
aarch64-unknown-linux-gnu,petgraph,0.8.3,matrix_graph::tests::test_add_edge_with_weights_undirected,full,success,0.112005205,,,,
aarch64-unknown-linux-gnu,petgraph,0.8.3,matrix_graph::tests::test_add_or_update_edge,full,success,0.1879785283333333,,,,
aarch64-unknown-linux-gnu,petgraph,0.8.3,matrix_graph::tests::test_clear,full,success,0.11325450233333334,,,,
aarch64-unknown-linux-gnu,petgraph,0.8.3,matrix_graph::tests::test_clear_undirected,full,success,0.11228058633333333,,,,
aarch64-unknown-linux-gnu,petgraph,0.8.3,matrix_graph::tests::test_default,full,success,0.10775830266666668,,,,
aarch64-unknown-linux-gnu,petgraph,0.8.3,matrix_graph::tests::test_edge_references,full,success,0.11780163733333333,,,,
aarch64-unknown-linux-gnu,petgraph,0.8.3,matrix_graph::tests::test_edge_references_undirected,full,success,0.11541392633333335,,,,
aarch64-unknown-linux-gnu,petgraph,0.8.3,matrix_graph::tests::test_edges_directed,full,success,0.12146154666666668,,,,
aarch64-unknown-linux-gnu,petgraph,0.8.3,matrix_graph::tests::test_edges_of_absent_node_is_empty_iterator,full,success,0.108649548,,,,
aarch64-unknown-linux-gnu,petgraph,0.8.3,matrix_graph::tests::test_edges_undirected,full,success,0.11792571833333336,,,,
aarch64-unknown-linux-gnu,petgraph,0.8.3,matrix_graph::tests::test_has_edge,full,success,0.11147954666666667,,,,
aarch64-unknown-linux-gnu,petgraph,0.8.3,matrix_graph::tests::test_id_storage,full,success,0.11418549600000001,,,,
aarch64-unknown-linux-gnu,petgraph,0.8.3,matrix_graph::tests::test_kosaraju_scc_with_removed_node,full,success,0.11557162433333334,,,,
aarch64-unknown-linux-gnu,petgraph,0.8.3,matrix_graph::tests::test_matrix_resize,full,success,0.113223845,,,,
aarch64-unknown-linux-gnu,petgraph,0.8.3,matrix_graph::tests::test_neighbors,full,success,0.11203061333333335,,,,
aarch64-unknown-linux-gnu,petgraph,0.8.3,matrix_graph::tests::test_neighbors_of_absent_node_is_empty_iterator,full,success,0.11073618166666667,,,,
aarch64-unknown-linux-gnu,petgraph,0.8.3,matrix_graph::tests::test_neighbors_undirected,full,success,0.11285608200000001,,,,
aarch64-unknown-linux-gnu,petgraph,0.8.3,matrix_graph::tests::test_new,full,success,0.11036671200000002,,,,
aarch64-unknown-linux-gnu,petgraph,0.8.3,matrix_graph::tests::test_node_identifiers,full,success,0.11296307500000001,,,,
aarch64-unknown-linux-gnu,petgraph,0.8.3,matrix_graph::tests::test_node_indexing,full,success,0.11193341066666668,,,,
aarch64-unknown-linux-gnu,petgraph,0.8.3,matrix_graph::tests::test_not_zero,full,success,0.11152164133333335,,,,
aarch64-unknown-linux-gnu,petgraph,0.8.3,matrix_graph::tests::test_not_zero_asserted,full,success,0.11791193666666666,,,,
aarch64-unknown-linux-gnu,petgraph,0.8.3,matrix_graph::tests::test_not_zero_float,full,success,0.11280242966666669,,,,
aarch64-unknown-linux-gnu,petgraph,0.8.3,matrix_graph::tests::test_remove_edge,full,success,0.112636911,,,,
aarch64-unknown-linux-gnu,petgraph,0.8.3,matrix_graph::tests::test_remove_node,full,success,0.11123446633333334,,,,
aarch64-unknown-linux-gnu,petgraph,0.8.3,matrix_graph::tests::test_remove_node_and_edges,full,success,0.11569376433333334,,,,
aarch64-unknown-linux-gnu,petgraph,0.8.3,matrix_graph::tests::test_remove_node_and_edges_undirected,full,success,0.11498767500000001,,,,
aarch64-unknown-linux-gnu,petgraph,0.8.3,matrix_graph::tests::test_tarjan_scc_with_removed_node,full,success,0.11640227033333334,,,,
aarch64-unknown-linux-gnu,petgraph,0.8.3,matrix_graph::tests::test_try_add_node,full,success,5.338822225666667,,,,
aarch64-unknown-linux-gnu,petgraph,0.8.3,matrix_graph::tests::test_try_update_edge,full,success,0.11092475466666668,,,,
aarch64-unknown-linux-gnu,petgraph,0.8.3,matrix_graph::tests::test_with_capacity,full,success,0.11020608666666666,,,,
aarch64-unknown-linux-gnu,petgraph,0.8.3,visit::undirected_adaptor::tests::test_is_reachable,full,success,0.11476142666666667,,,,
aarch64-unknown-linux-gnu,petgraph,0.8.3,visit::undirected_adaptor::tests::test_neighbors_count,full,success,0.11293325933333333,,,,
aarch64-unknown-linux-gnu,petgraph,0.8.3,visit::undirected_adaptor::tests::test_undirected_adaptor_can_traverse,full,success,0.12436081633333335,,,,
aarch64-unknown-linux-gnu,petgraph,0.8.3,visit::undirected_adaptor::tests::test_undirected_edge_refs_point_both_ways,full,success,0.1254651276666667,,,,
aarch64-unknown-linux-gnu,ppv-lite86,0.2.21,generic::test::test_bswap32,full,success,0.11038858033333333,,,,
aarch64-unknown-linux-gnu,ppv-lite86,0.2.21,generic::test_rotate_u128,full,success,0.10899585333333334,,,,
aarch64-unknown-linux-gnu,predicates,3.1.4,boolean::test_and::find_case_false,full,success,0.10678002433333333,,,,
aarch64-unknown-linux-gnu,predicates,3.1.4,boolean::test_and::find_case_false_fails,full,success,0.107240399,,,,
aarch64-unknown-linux-gnu,predicates,3.1.4,boolean::test_and::find_case_false_left_fail,full,success,0.10742006866666666,,,,
aarch64-unknown-linux-gnu,predicates,3.1.4,boolean::test_and::find_case_false_right_fail,full,success,0.10786649733333335,,,,
aarch64-unknown-linux-gnu,predicates,3.1.4,boolean::test_and::find_case_true,full,success,0.10733169233333334,,,,
aarch64-unknown-linux-gnu,predicates,3.1.4,boolean::test_and::find_case_true_fails,full,success,0.10737565,,,,
aarch64-unknown-linux-gnu,predicates,3.1.4,boolean::test_and::find_case_true_left_fail,full,success,0.10686815266666667,,,,
aarch64-unknown-linux-gnu,predicates,3.1.4,boolean::test_and::find_case_true_right_fail,full,success,0.10783703266666667,,,,
aarch64-unknown-linux-gnu,predicates,3.1.4,boolean::test_or::find_case_false,full,success,0.10707374233333333,,,,
aarch64-unknown-linux-gnu,predicates,3.1.4,boolean::test_or::find_case_false_fails,full,success,0.106587636,,,,
aarch64-unknown-linux-gnu,predicates,3.1.4,boolean::test_or::find_case_false_left_fail,full,success,0.10734151866666668,,,,
aarch64-unknown-linux-gnu,predicates,3.1.4,boolean::test_or::find_case_false_right_fail,full,success,0.10807963400000002,,,,
aarch64-unknown-linux-gnu,predicates,3.1.4,boolean::test_or::find_case_true,full,success,0.10715588999999999,,,,
aarch64-unknown-linux-gnu,predicates,3.1.4,boolean::test_or::find_case_true_fails,full,success,0.10713561666666667,,,,
aarch64-unknown-linux-gnu,predicates,3.1.4,boolean::test_or::find_case_true_left_fail,full,success,0.10683700566666667,,,,
aarch64-unknown-linux-gnu,predicates,3.1.4,boolean::test_or::find_case_true_right_fail,full,success,0.10708299566666667,,,,
aarch64-unknown-linux-gnu,predicates,3.1.4,boxed::test::boxed_find_case,full,success,0.11570164633333334,,,,
aarch64-unknown-linux-gnu,predicates,3.1.4,boxed::test::unsized_boxed,full,success,0.10692116,,,,
aarch64-unknown-linux-gnu,predicates,3.1.4,function::str_function,full,success,0.106179757,,,,
aarch64-unknown-linux-gnu,quinn-udp,0.6.1,imp::gso::test::parse_current_kernel_version_release_string,full,success,0.10978367433333334,,,,
aarch64-unknown-linux-gnu,quinn-udp,0.6.1,imp::gso::test::parse_kernel_version_release_string,full,success,0.10840329933333333,,,,
aarch64-unknown-linux-gnu,quinn-udp,0.6.1,tests::effective_segment_size,full,success,0.10755027933333335,,,,
aarch64-unknown-linux-gnu,r-efi,6.0.0,base::tests::booleans,full,success,0.1785608736666667,,,,
aarch64-unknown-linux-gnu,r-efi,6.0.0,base::tests::eficall,full,success,0.10678670833333333,,,,
aarch64-unknown-linux-gnu,r-efi,6.0.0,base::tests::guid,full,success,0.10591364233333334,,,,
aarch64-unknown-linux-gnu,r-efi,6.0.0,base::tests::type_size_and_alignment,full,success,0.10728408033333332,,,,
aarch64-unknown-linux-gnu,radium,1.1.1,tests::absent_traits,full,success,0.10614712333333333,,,,
aarch64-unknown-linux-gnu,radium,1.1.1,tests::always_alias,full,success,0.10502228133333334,,,,
aarch64-unknown-linux-gnu,radium,1.1.1,tests::always_cell,full,success,0.10522516533333333,,,,
aarch64-unknown-linux-gnu,radium,1.1.1,tests::maybe_atom,full,success,0.10568865000000001,,,,
aarch64-unknown-linux-gnu,radium,1.1.1,tests::present_traits,full,success,0.10548853000000001,,,,
aarch64-unknown-linux-gnu,radium,1.1.1,types::tests::atom_impls,full,success,0.105181969,,,,
aarch64-unknown-linux-gnu,radium,1.1.1,types::tests::isotope_atomic,full,success,0.10546125433333335,,,,
aarch64-unknown-linux-gnu,radium,1.1.1,types::tests::isotope_impls,full,success,0.10593858300000002,,,,
aarch64-unknown-linux-gnu,radium,1.1.1,types::tests::radon_impls,full,success,0.10517410266666667,,,,
aarch64-unknown-linux-gnu,rand,0.10.1,distr::bernoulli::test::bernoulli_distributions_can_be_compared,full,success,0.10669988833333334,,,,
aarch64-unknown-linux-gnu,rand,0.10.1,distr::bernoulli::test::test_trivial,full,success,0.10731363433333334,,,,
aarch64-unknown-linux-gnu,rand,0.10.1,distr::bernoulli::test::value_stability,full,success,0.10766100266666667,,,,
aarch64-unknown-linux-gnu,rand,0.10.1,distr::distribution::tests::test_dist_string,full,success,0.11574954966666667,,,,
aarch64-unknown-linux-gnu,rand,0.10.1,distr::distribution::tests::test_distributions_iter,full,success,0.11187531766666668,,,,
aarch64-unknown-linux-gnu,rand,0.10.1,distr::distribution::tests::test_distributions_map,full,success,0.10693656333333335,,,,
aarch64-unknown-linux-gnu,rand,0.10.1,distr::distribution::tests::test_make_an_iter,full,success,0.10794117200000002,,,,
aarch64-unknown-linux-gnu,rand,0.10.1,distr::float::tests::f32_edge_cases,full,success,0.10665830066666666,,,,
aarch64-unknown-linux-gnu,rand,0.10.1,distr::float::tests::f64_edge_cases,full,success,0.108216982,,,,
aarch64-unknown-linux-gnu,rand,0.10.1,distr::float::tests::value_stability,full,success,0.10838972466666667,,,,
aarch64-unknown-linux-gnu,rand,0.10.1,distr::integer::tests::test_integers,full,success,0.107051326,,,,
aarch64-unknown-linux-gnu,rand,0.10.1,distr::integer::tests::value_stability,full,success,0.10732600333333335,,,,
aarch64-unknown-linux-gnu,rand,0.10.1,distr::other::tests::test_alphabetic,full,success,0.11626261100000002,,,,
aarch64-unknown-linux-gnu,rand,0.10.1,distr::other::tests::test_alphanumeric,full,success,0.11124992966666668,,,,
aarch64-unknown-linux-gnu,rand,0.10.1,distr::other::tests::test_chars,full,success,0.2517302856666667,,,,
aarch64-unknown-linux-gnu,rand,0.10.1,distr::other::tests::test_misc,full,success,0.107590831,,,,
aarch64-unknown-linux-gnu,rand,0.10.1,distr::other::tests::value_stability,full,success,0.11052853600000001,,,,
aarch64-unknown-linux-gnu,rand,0.10.1,distr::slice::test::value_stability,full,success,0.10874509733333333,,,,
aarch64-unknown-linux-gnu,rand,0.10.1,distr::uniform::float::tests::test_float_assertions,full,success,0.10889215933333334,,,,
aarch64-unknown-linux-gnu,rand,0.10.1,distr::uniform::float::tests::test_float_overflow,full,success,0.10723146566666668,,,,
aarch64-unknown-linux-gnu,rand,0.10.1,distr::uniform::float::tests::test_float_overflow_single,full,success,0.11306468133333335,,,,
aarch64-unknown-linux-gnu,rand,0.10.1,distr::uniform::float::tests::test_uniform_from_std_range,full,success,0.10718095733333334,,,,
aarch64-unknown-linux-gnu,rand,0.10.1,distr::uniform::float::tests::test_uniform_from_std_range_bad_limits,full,success,0.108389627,,,,
aarch64-unknown-linux-gnu,rand,0.10.1,distr::uniform::float::tests::test_uniform_from_std_range_inclusive,full,success,0.10914572300000001,,,,
aarch64-unknown-linux-gnu,rand,0.10.1,distr::uniform::float::tests::test_uniform_from_std_range_inclusive_bad_limits,full,success,0.10987029333333333,,,,
aarch64-unknown-linux-gnu,rand,0.10.1,distr::uniform::int::tests::test_uniform_bad_limits_equal_int,full,success,0.10984084166666667,,,,
aarch64-unknown-linux-gnu,rand,0.10.1,distr::uniform::int::tests::test_uniform_bad_limits_flipped_int,full,success,0.108885622,,,,
aarch64-unknown-linux-gnu,rand,0.10.1,distr::uniform::int::tests::test_uniform_from_std_range,full,success,0.109563796,,,,
aarch64-unknown-linux-gnu,rand,0.10.1,distr::uniform::int::tests::test_uniform_from_std_range_bad_limits,full,success,0.109338065,,,,
aarch64-unknown-linux-gnu,rand,0.10.1,distr::uniform::int::tests::test_uniform_from_std_range_inclusive,full,success,0.10982292533333333,,,,
aarch64-unknown-linux-gnu,rand,0.10.1,distr::uniform::int::tests::test_uniform_from_std_range_inclusive_bad_limits,full,success,0.10965461933333336,,,,
aarch64-unknown-linux-gnu,rand,0.10.1,distr::uniform::int::tests::test_uniform_good_limits_equal_int,full,success,0.11023772466666666,,,,
aarch64-unknown-linux-gnu,rand,0.10.1,distr::uniform::int::tests::test_uniform_usize_constructors,full,success,0.10969008733333334,,,,
aarch64-unknown-linux-gnu,rand,0.10.1,distr::uniform::int::tests::test_uniform_usize_empty_range,full,success,0.10992014900000001,,,,
aarch64-unknown-linux-gnu,rand,0.10.1,distr::uniform::int::tests::value_stability,full,success,0.12015708233333333,,,,
aarch64-unknown-linux-gnu,rand,0.10.1,distr::uniform::tests::test_custom_uniform,full,success,0.11813534399999999,,,,
aarch64-unknown-linux-gnu,rand,0.10.1,distr::uniform::tests::uniform_distributions_can_be_compared,full,success,0.10994660566666668,,,,
aarch64-unknown-linux-gnu,rand,0.10.1,distr::uniform::tests::value_stability,full,success,0.11202390466666667,,,,
aarch64-unknown-linux-gnu,rand,0.10.1,distr::weighted::weighted_index::test::overflow,full,success,0.11071251266666667,,,,
aarch64-unknown-linux-gnu,rand,0.10.1,distr::weighted::weighted_index::test::test_accepting_nan,full,success,0.11094182733333335,,,,
aarch64-unknown-linux-gnu,rand,0.10.1,distr::weighted::weighted_index::test::test_update_weights,full,success,0.11590359566666668,,,,
aarch64-unknown-linux-gnu,rand,0.10.1,distr::weighted::weighted_index::test::test_update_weights_errors,full,success,0.11156993366666668,,,,
aarch64-unknown-linux-gnu,rand,0.10.1,distr::weighted::weighted_index::test::test_weight_at,full,success,0.11373765800000002,,,,
aarch64-unknown-linux-gnu,rand,0.10.1,distr::weighted::weighted_index::test::test_weights,full,success,0.11547841866666668,,,,
aarch64-unknown-linux-gnu,rand,0.10.1,distr::weighted::weighted_index::test::value_stability,full,success,0.11833752666666668,,,,
aarch64-unknown-linux-gnu,rand,0.10.1,distr::weighted::weighted_index::test::weighted_index_distributions_can_be_compared,full,success,0.11065493433333334,,,,
aarch64-unknown-linux-gnu,rand,0.10.1,rng::test::test_fill,full,success,0.11069797266666669,,,,
aarch64-unknown-linux-gnu,rand,0.10.1,rng::test::test_fill_bytes_default,full,success,0.30825825300000004,,,,
aarch64-unknown-linux-gnu,rand,0.10.1,rng::test::test_fill_empty,full,success,0.109690788,,,,
aarch64-unknown-linux-gnu,rand,0.10.1,rng::test::test_random_bool,full,success,0.11051242433333335,,,,
aarch64-unknown-linux-gnu,rand,0.10.1,rng::test::test_random_range_float,full,success,0.5932920906666667,,,,
aarch64-unknown-linux-gnu,rand,0.10.1,rng::test::test_random_range_int,full,success,0.8066403970000001,,,,
aarch64-unknown-linux-gnu,rand,0.10.1,rng::test::test_random_range_panic_int,full,success,0.114218418,,,,
aarch64-unknown-linux-gnu,rand,0.10.1,rng::test::test_random_range_panic_usize,full,success,0.11432113533333334,,,,
aarch64-unknown-linux-gnu,rand,0.10.1,rng::test::test_rng_boxed_trait,full,success,0.108921765,,,,
aarch64-unknown-linux-gnu,rand,0.10.1,rng::test::test_rng_mut_ref,full,success,0.10870737766666667,,,,
aarch64-unknown-linux-gnu,rand,0.10.1,rng::test::test_rng_trait_object,full,success,0.10837905566666668,,,,
aarch64-unknown-linux-gnu,rand,0.10.1,rngs::std::test::test_chacha_counter,full,success,0.29167298199999997,,,,
aarch64-unknown-linux-gnu,rand,0.10.1,rngs::std::test::test_chacha_true_values_1,full,success,0.14301428100000002,,,,
aarch64-unknown-linux-gnu,rand,0.10.1,rngs::std::test::test_chacha_true_values_2,full,success,0.14191160333333336,,,,
aarch64-unknown-linux-gnu,rand,0.10.1,rngs::std::test::test_chacha_true_values_3,full,success,0.14195654033333335,,,,
aarch64-unknown-linux-gnu,rand,0.10.1,rngs::std::test::test_chacha_true_values_8,full,success,0.14101314633333334,,,,
aarch64-unknown-linux-gnu,rand,0.10.1,rngs::std::test::test_stdrng_construction,full,success,0.12670928,,,,
aarch64-unknown-linux-gnu,rand,0.10.1,rngs::thread::test::test_debug_output,full,success,0.11060830033333334,,,,
aarch64-unknown-linux-gnu,rand,0.10.1,rngs::thread::test::test_thread_rng,full,success,0.11978829766666667,,,,
aarch64-unknown-linux-gnu,rand,0.10.1,rngs::xoshiro128plusplus::tests::reference,full,success,0.10884654733333333,,,,
aarch64-unknown-linux-gnu,rand,0.10.1,rngs::xoshiro128plusplus::tests::stable_seed_from_u64_and_from_seed,full,success,0.10925192,,,,
aarch64-unknown-linux-gnu,rand,0.10.1,rngs::xoshiro256plusplus::tests::reference,full,success,0.10931005966666668,,,,
aarch64-unknown-linux-gnu,rand,0.10.1,rngs::xoshiro256plusplus::tests::stable_seed_from_u64_and_from_seed,full,success,0.10916410966666668,,,,
aarch64-unknown-linux-gnu,rand,0.10.1,seq::index_::test::test_sample_boundaries,full,success,0.11703995,,,,
aarch64-unknown-linux-gnu,rand,0.10.1,seq::index_::test::test_sample_weighted,full,success,0.121355086,,,,
aarch64-unknown-linux-gnu,rand,0.10.1,seq::index_::test::value_stability_sample,full,success,0.297123852,,,,
aarch64-unknown-linux-gnu,rand,0.10.1,seq::iterator::test::test_sample_iter,full,success,0.16461008966666668,,,,
aarch64-unknown-linux-gnu,rand,0.10.1,seq::iterator::test::value_stability_choose,full,success,0.12277702800000001,,,,
aarch64-unknown-linux-gnu,rand,0.10.1,seq::iterator::test::value_stability_choose_stable,full,success,0.14227959599999998,,,,
aarch64-unknown-linux-gnu,rand,0.10.1,seq::iterator::test::value_stability_sample,full,success,0.12824443533333332,,,,
aarch64-unknown-linux-gnu,rand,0.10.1,seq::slice::test::test_multiple_weighted_distributions,full,success,247.88271514566668,,,,
aarch64-unknown-linux-gnu,rand,0.10.1,seq::slice::test::test_multiple_weighted_edge_cases,full,success,0.40334780499999995,,,,
aarch64-unknown-linux-gnu,rand,0.10.1,seq::slice::test::test_partial_shuffle,full,success,0.10745090433333333,,,,
aarch64-unknown-linux-gnu,rand,0.10.1,seq::slice::test::test_slice_choose,full,success,0.559670161,,,,
aarch64-unknown-linux-gnu,rand,0.10.1,seq::slice::test::value_stability_slice,full,success,0.11800452533333335,,,,
aarch64-unknown-linux-gnu,rand,0.10.1,test::rng_reader,full,success,0.10821407933333334,,,,
aarch64-unknown-linux-gnu,rand,0.10.1,test::test_random,full,success,0.11910665599999999,,,,
aarch64-unknown-linux-gnu,rand,0.10.1,test::test_range,full,success,0.118754341,,,,
aarch64-unknown-linux-gnu,redox_syscall,0.8.0,sigabi::tests::singlethread_mask,full,success,0.12872416966666667,,,,
aarch64-unknown-linux-gnu,scopeguard,1.2.0,tests::test_defer,full,success,0.104905801,,,,
aarch64-unknown-linux-gnu,scopeguard,1.2.0,tests::test_defer_success_1,full,success,0.10458122866666668,,,,
aarch64-unknown-linux-gnu,scopeguard,1.2.0,tests::test_defer_success_2,full,success,0.10934975300000001,,,,
aarch64-unknown-linux-gnu,scopeguard,1.2.0,tests::test_defer_unwind_1,full,success,0.10903972833333335,,,,
aarch64-unknown-linux-gnu,scopeguard,1.2.0,tests::test_defer_unwind_2,full,success,0.10390320533333335,,,,
aarch64-unknown-linux-gnu,scopeguard,1.2.0,tests::test_dropped_once_when_not_run,full,success,0.10402141400000002,,,,
aarch64-unknown-linux-gnu,scopeguard,1.2.0,tests::test_into_inner,full,success,0.10452269600000001,,,,
aarch64-unknown-linux-gnu,scopeguard,1.2.0,tests::test_only_dropped_by_closure_when_run,full,success,0.10439296533333335,,,,
aarch64-unknown-linux-gnu,serde_core,1.0.228,ser::impls::test_format_u8,full,success,0.143784822,,,,
aarch64-unknown-linux-gnu,serde_with,3.20.0,utils::duration::test_parse_float_into_time_parts,full,success,0.11033920433333333,,,,
aarch64-unknown-linux-gnu,shlex,2.0.1,bytes::test_invalid_utf8,full,success,0.10844748033333335,,,,
aarch64-unknown-linux-gnu,shlex,2.0.1,bytes::test_lineno,full,success,0.108213214,,,,
aarch64-unknown-linux-gnu,shlex,2.0.1,bytes::test_split,full,success,0.12284933133333335,,,,
aarch64-unknown-linux-gnu,shlex,2.0.1,test_fallible,full,success,0.10766485600000002,,,,
aarch64-unknown-linux-gnu,shlex,2.0.1,test_lineno,full,success,0.10879384800000001,,,,
aarch64-unknown-linux-gnu,shlex,2.0.1,test_quote,full,success,0.35350868333333335,,,,
aarch64-unknown-linux-gnu,shlex,2.0.1,test_split,full,success,0.122930206,,,,
aarch64-unknown-linux-gnu,simd-adler32,0.3.9,imp::avx2::tests::ones,full,success,0.10576381133333333,,,,
aarch64-unknown-linux-gnu,simd-adler32,0.3.9,imp::avx2::tests::wiki,full,success,0.10555222233333333,,,,
aarch64-unknown-linux-gnu,simd-adler32,0.3.9,imp::avx2::tests::zeroes,full,success,0.10474272533333334,,,,
aarch64-unknown-linux-gnu,simd-adler32,0.3.9,imp::avx512::tests::ones,full,success,0.104083309,,,,
aarch64-unknown-linux-gnu,simd-adler32,0.3.9,imp::avx512::tests::random,full,success,0.10574554766666666,,,,
aarch64-unknown-linux-gnu,simd-adler32,0.3.9,imp::avx512::tests::wiki,full,success,0.10641350766666668,,,,
aarch64-unknown-linux-gnu,simd-adler32,0.3.9,imp::avx512::tests::zeroes,full,success,0.10501508733333335,,,,
aarch64-unknown-linux-gnu,simd-adler32,0.3.9,imp::neon::tests::wiki,full,success,0.10578604933333334,,,,
aarch64-unknown-linux-gnu,simd-adler32,0.3.9,imp::scalar::tests::mixed_short,full,success,0.10526265033333333,,,,
aarch64-unknown-linux-gnu,simd-adler32,0.3.9,imp::scalar::tests::ones_short,full,success,0.13941931166666668,,,,
aarch64-unknown-linux-gnu,simd-adler32,0.3.9,imp::scalar::tests::wiki,full,success,0.10443182433333335,,,,
aarch64-unknown-linux-gnu,simd-adler32,0.3.9,imp::scalar::tests::zeroes_short,full,success,0.14030909766666666,,,,
aarch64-unknown-linux-gnu,simd-adler32,0.3.9,imp::sse2::tests::ones,full,success,0.104666564,,,,
aarch64-unknown-linux-gnu,simd-adler32,0.3.9,imp::sse2::tests::wiki,full,success,0.10487073433333334,,,,
aarch64-unknown-linux-gnu,simd-adler32,0.3.9,imp::sse2::tests::zeroes,full,success,0.10427405099999999,,,,
aarch64-unknown-linux-gnu,simd-adler32,0.3.9,imp::ssse3::tests::ones,full,success,0.10459275133333334,,,,
aarch64-unknown-linux-gnu,simd-adler32,0.3.9,imp::ssse3::tests::wiki,full,success,0.104639565,,,,
aarch64-unknown-linux-gnu,simd-adler32,0.3.9,imp::ssse3::tests::zeroes,full,success,0.10477579266666666,,,,
aarch64-unknown-linux-gnu,simd-adler32,0.3.9,imp::wasm::tests::ones,full,success,0.10514783300000001,,,,
aarch64-unknown-linux-gnu,simd-adler32,0.3.9,imp::wasm::tests::random,full,success,0.10503702066666666,,,,
aarch64-unknown-linux-gnu,simd-adler32,0.3.9,imp::wasm::tests::wiki,full,success,0.10546947266666667,,,,
aarch64-unknown-linux-gnu,simd-adler32,0.3.9,imp::wasm::tests::zeroes,full,success,0.10553712500000001,,,,
aarch64-unknown-linux-gnu,simd-adler32,0.3.9,tests::test_from_checksum,full,success,0.10759543100000002,,,,
aarch64-unknown-linux-gnu,siphasher,1.0.3,tests128::test_siphash128_1_3,full,success,0.11001724666666668,,,,
aarch64-unknown-linux-gnu,siphasher,1.0.3,tests128::test_siphash128_2_4,full,success,0.10914969600000002,,,,
aarch64-unknown-linux-gnu,siphasher,1.0.3,tests128::test_siphash128_idempotent,full,success,0.10991184,,,,
aarch64-unknown-linux-gnu,siphasher,1.0.3,tests128::test_siphash128_incremental,full,success,0.10995069466666667,,,,
aarch64-unknown-linux-gnu,siphasher,1.0.3,tests128::test_siphash128_simple,full,success,0.10978438766666666,,,,
aarch64-unknown-linux-gnu,siphasher,1.0.3,tests::test_hash_idempotent,full,success,0.10960601566666667,,,,
aarch64-unknown-linux-gnu,siphasher,1.0.3,tests::test_hash_incremental,full,success,0.10871093133333336,,,,
aarch64-unknown-linux-gnu,siphasher,1.0.3,tests::test_hash_no_bytes_dropped_32,full,success,0.11015180033333334,,,,
aarch64-unknown-linux-gnu,siphasher,1.0.3,tests::test_hash_no_bytes_dropped_64,full,success,0.11072484933333333,,,,
aarch64-unknown-linux-gnu,siphasher,1.0.3,tests::test_hash_no_concat_alias,full,success,0.11188059700000001,,,,
aarch64-unknown-linux-gnu,siphasher,1.0.3,tests::test_hash_simple,full,success,0.10913800666666668,,,,
aarch64-unknown-linux-gnu,siphasher,1.0.3,tests::test_siphash_1_3,full,success,0.17169386566666667,,,,
aarch64-unknown-linux-gnu,siphasher,1.0.3,tests::test_siphash_2_4,full,success,0.174958592,,,,
aarch64-unknown-linux-gnu,smallvec,1.15.1,tests::drain,full,success,0.10724564133333335,,,,
aarch64-unknown-linux-gnu,smallvec,1.15.1,tests::drain_forget,full,success,0.10631584,,,,
aarch64-unknown-linux-gnu,smallvec,1.15.1,tests::drain_overflow,full,success,0.11266965200000001,,,,
aarch64-unknown-linux-gnu,smallvec,1.15.1,tests::drain_rev,full,success,0.10713183466666669,,,,
aarch64-unknown-linux-gnu,smallvec,1.15.1,tests::empty_macro,full,success,0.105774906,,,,
aarch64-unknown-linux-gnu,smallvec,1.15.1,tests::grow_spilled_same_size,full,success,0.10608882166666667,,,,
aarch64-unknown-linux-gnu,smallvec,1.15.1,tests::grow_to_shrink,full,success,0.106639884,,,,
aarch64-unknown-linux-gnu,smallvec,1.15.1,tests::insert_many_panic::panic_early_at_end,full,success,0.11377883466666668,,,,
aarch64-unknown-linux-gnu,smallvec,1.15.1,tests::insert_many_panic::panic_early_at_start,full,success,0.11242131100000001,,,,
aarch64-unknown-linux-gnu,smallvec,1.15.1,tests::insert_many_panic::panic_early_in_middle,full,success,0.11299880366666666,,,,
aarch64-unknown-linux-gnu,smallvec,1.15.1,tests::insert_many_panic::panic_late_at_end,full,success,0.11365478733333334,,,,
aarch64-unknown-linux-gnu,smallvec,1.15.1,tests::insert_many_panic::panic_late_at_start,full,success,0.11379228833333334,,,,
aarch64-unknown-linux-gnu,smallvec,1.15.1,tests::into_iter,full,success,0.10654625899999999,,,,
aarch64-unknown-linux-gnu,smallvec,1.15.1,tests::into_iter_drop,full,success,0.10739591133333333,,,,
aarch64-unknown-linux-gnu,smallvec,1.15.1,tests::into_iter_rev,full,success,0.10672838866666667,,,,
aarch64-unknown-linux-gnu,smallvec,1.15.1,tests::issue_4,full,success,0.10571353366666668,,,,
aarch64-unknown-linux-gnu,smallvec,1.15.1,tests::issue_5,full,success,0.10650646600000001,,,,
aarch64-unknown-linux-gnu,smallvec,1.15.1,tests::max_dont_panic,full,success,0.10609006466666666,,,,
aarch64-unknown-linux-gnu,smallvec,1.15.1,tests::max_remove,full,success,0.11236565000000003,,,,
aarch64-unknown-linux-gnu,smallvec,1.15.1,tests::max_swap_remove,full,success,0.11357596900000001,,,,
aarch64-unknown-linux-gnu,smallvec,1.15.1,tests::resumable_extend,full,success,0.10606672933333333,,,,
aarch64-unknown-linux-gnu,smallvec,1.15.1,tests::shrink_to_fit_unspill,full,success,0.10553176233333333,,,,
aarch64-unknown-linux-gnu,smallvec,1.15.1,tests::test_as_mut,full,success,0.10631295566666667,,,,
aarch64-unknown-linux-gnu,smallvec,1.15.1,tests::test_as_ref,full,success,0.10593605633333335,,,,
aarch64-unknown-linux-gnu,smallvec,1.15.1,tests::test_borrow,full,success,0.10528201166666666,,,,
aarch64-unknown-linux-gnu,smallvec,1.15.1,tests::test_borrow_mut,full,success,0.10487005,,,,
aarch64-unknown-linux-gnu,smallvec,1.15.1,tests::test_capacity,full,success,0.10610184133333334,,,,
aarch64-unknown-linux-gnu,smallvec,1.15.1,tests::test_clone_from,full,success,0.10711204566666667,,,,
aarch64-unknown-linux-gnu,smallvec,1.15.1,tests::test_dedup,full,success,0.10714615833333334,,,,
aarch64-unknown-linux-gnu,smallvec,1.15.1,tests::test_double_spill,full,success,0.10841798566666667,,,,
aarch64-unknown-linux-gnu,smallvec,1.15.1,tests::test_drop_panic_smallvec,full,success,0.11171554133333333,,,,
aarch64-unknown-linux-gnu,smallvec,1.15.1,tests::test_eq,full,success,0.10551377466666667,,,,
aarch64-unknown-linux-gnu,smallvec,1.15.1,tests::test_exact_size_iterator,full,success,0.10717588500000001,,,,
aarch64-unknown-linux-gnu,smallvec,1.15.1,tests::test_extend_from_slice,full,success,0.10628188266666667,,,,
aarch64-unknown-linux-gnu,smallvec,1.15.1,tests::test_from,full,success,0.105852347,,,,
aarch64-unknown-linux-gnu,smallvec,1.15.1,tests::test_from_slice,full,success,0.10565045933333335,,,,
aarch64-unknown-linux-gnu,smallvec,1.15.1,tests::test_from_vec,full,success,0.10585580500000001,,,,
aarch64-unknown-linux-gnu,smallvec,1.15.1,tests::test_hash,full,success,0.10663522800000001,,,,
aarch64-unknown-linux-gnu,smallvec,1.15.1,tests::test_inline,full,success,0.10587981433333334,,,,
aarch64-unknown-linux-gnu,smallvec,1.15.1,tests::test_insert_from_slice,full,success,0.106959485,,,,
aarch64-unknown-linux-gnu,smallvec,1.15.1,tests::test_insert_many,full,success,0.10560578066666666,,,,
aarch64-unknown-linux-gnu,smallvec,1.15.1,tests::test_insert_many_long_hint,full,success,0.10639515566666667,,,,
aarch64-unknown-linux-gnu,smallvec,1.15.1,tests::test_insert_many_overflow,full,success,0.10541224566666667,,,,
aarch64-unknown-linux-gnu,smallvec,1.15.1,tests::test_insert_many_short_hint,full,success,0.10595998,,,,
aarch64-unknown-linux-gnu,smallvec,1.15.1,tests::test_insert_out_of_bounds,full,success,0.11149283433333335,,,,
aarch64-unknown-linux-gnu,smallvec,1.15.1,tests::test_into_inner,full,success,0.10670885200000002,,,,
aarch64-unknown-linux-gnu,smallvec,1.15.1,tests::test_into_iter_as_slice,full,success,0.10683554166666669,,,,
aarch64-unknown-linux-gnu,smallvec,1.15.1,tests::test_into_iter_clone,full,success,0.10640444633333335,,,,
aarch64-unknown-linux-gnu,smallvec,1.15.1,tests::test_into_iter_clone_empty_smallvec,full,success,0.105671898,,,,
aarch64-unknown-linux-gnu,smallvec,1.15.1,tests::test_into_iter_clone_partially_consumed_iterator,full,success,0.10835185233333333,,,,
aarch64-unknown-linux-gnu,smallvec,1.15.1,tests::test_into_vec,full,success,0.11386822333333335,,,,
aarch64-unknown-linux-gnu,smallvec,1.15.1,tests::test_invalid_grow,full,success,0.11111970133333333,,,,
aarch64-unknown-linux-gnu,smallvec,1.15.1,tests::test_ord,full,success,0.10713145366666667,,,,
aarch64-unknown-linux-gnu,smallvec,1.15.1,tests::test_resize,full,success,0.10618635033333335,,,,
aarch64-unknown-linux-gnu,smallvec,1.15.1,tests::test_retain,full,success,0.10808105800000001,,,,
aarch64-unknown-linux-gnu,smallvec,1.15.1,tests::test_size,full,success,0.10602601299999999,,,,
aarch64-unknown-linux-gnu,smallvec,1.15.1,tests::test_spill,full,success,0.10702003533333333,,,,
aarch64-unknown-linux-gnu,smallvec,1.15.1,tests::test_truncate,full,success,0.10735617500000001,,,,
aarch64-unknown-linux-gnu,smallvec,1.15.1,tests::test_with_capacity,full,success,0.10501591266666667,,,,
aarch64-unknown-linux-gnu,smallvec,1.15.1,tests::test_zero,full,success,0.10508585666666669,,,,
aarch64-unknown-linux-gnu,smallvec,1.15.1,tests::uninhabited,full,success,0.10560976333333334,,,,
aarch64-unknown-linux-gnu,smallvec,1.15.1,tests::zero_size_items,full,success,0.10471078166666668,,,,
aarch64-unknown-linux-gnu,socket2,0.6.2,sockaddr::tests::ipv4,full,success,0.10949385500000001,,,,
aarch64-unknown-linux-gnu,socket2,0.6.2,sockaddr::tests::ipv4_eq,full,success,0.10902696533333334,,,,
aarch64-unknown-linux-gnu,socket2,0.6.2,sockaddr::tests::ipv4_hash,full,success,0.10956175333333334,,,,
aarch64-unknown-linux-gnu,socket2,0.6.2,sockaddr::tests::ipv4_ipv6_eq,full,success,0.10895426933333334,,,,
aarch64-unknown-linux-gnu,socket2,0.6.2,sockaddr::tests::ipv4_ipv6_hash,full,success,0.11205210466666667,,,,
aarch64-unknown-linux-gnu,socket2,0.6.2,sockaddr::tests::ipv6,full,success,0.10895658733333335,,,,
aarch64-unknown-linux-gnu,socket2,0.6.2,sockaddr::tests::ipv6_eq,full,success,0.10876708000000002,,,,
aarch64-unknown-linux-gnu,socket2,0.6.2,sockaddr::tests::ipv6_hash,full,success,0.11055983866666667,,,,
aarch64-unknown-linux-gnu,socket2,0.6.2,sys::in6_addr_convertion,full,success,0.10888760633333333,,,,
aarch64-unknown-linux-gnu,socket2,0.6.2,sys::in_addr_convertion,full,success,0.10877500033333336,,,,
aarch64-unknown-linux-gnu,spin,0.12.0,barrier::tests::test_barrier,full,success,3.259773287666667,,,,
aarch64-unknown-linux-gnu,spin,0.12.0,mutex::spin::tests::lots_and_lots,full,success,0.23939449833333334,,,,
aarch64-unknown-linux-gnu,spin,0.12.0,mutex::spin::tests::smoke,full,success,0.10675686133333334,,,,
aarch64-unknown-linux-gnu,spin,0.12.0,mutex::spin::tests::test_into_inner,full,success,0.10876172433333335,,,,
aarch64-unknown-linux-gnu,spin,0.12.0,mutex::spin::tests::test_into_inner_drop,full,success,0.10686660733333335,,,,
aarch64-unknown-linux-gnu,spin,0.12.0,mutex::spin::tests::test_mutex_arc_access_in_unwind,full,success,0.11422280933333334,,,,
aarch64-unknown-linux-gnu,spin,0.12.0,mutex::spin::tests::test_mutex_arc_nested,full,success,0.11145006533333335,,,,
aarch64-unknown-linux-gnu,spin,0.12.0,mutex::spin::tests::test_mutex_force_lock,full,success,0.10737506433333334,,,,
aarch64-unknown-linux-gnu,spin,0.12.0,mutex::spin::tests::test_mutex_unsized,full,success,0.106382194,,,,
aarch64-unknown-linux-gnu,spin,0.12.0,mutex::spin::tests::try_lock,full,success,0.10725129600000001,,,,
aarch64-unknown-linux-gnu,spin,0.12.0,once::tests::call_once_test,full,success,0.42918067433333335,,,,
aarch64-unknown-linux-gnu,spin,0.12.0,once::tests::drop_occurs_and_skip_uninit_drop,full,success,0.10832061633333334,,,,
aarch64-unknown-linux-gnu,spin,0.12.0,once::tests::get,full,success,0.10741842900000002,,,,
aarch64-unknown-linux-gnu,spin,0.12.0,once::tests::get_no_wait,full,success,3.111326972666667,,,,
aarch64-unknown-linux-gnu,spin,0.12.0,once::tests::init_constant,full,success,0.10723094633333334,,,,
aarch64-unknown-linux-gnu,spin,0.12.0,once::tests::init_from_ref_basic,full,success,0.10633870200000001,,,,
aarch64-unknown-linux-gnu,spin,0.12.0,once::tests::panic,full,success,0.11631339766666667,,,,
aarch64-unknown-linux-gnu,spin,0.12.0,once::tests::poll,full,success,0.10668859533333334,,,,
aarch64-unknown-linux-gnu,spin,0.12.0,once::tests::smoke_once,full,success,0.10640402700000001,,,,
aarch64-unknown-linux-gnu,spin,0.12.0,once::tests::smoke_once_value,full,success,0.10721072766666667,,,,
aarch64-unknown-linux-gnu,spin,0.12.0,once::tests::stampede_once,full,success,0.118488777,,,,
aarch64-unknown-linux-gnu,spin,0.12.0,once::tests::try_call_once_err,full,success,0.16307574466666666,,,,
aarch64-unknown-linux-gnu,spin,0.12.0,once::tests::wait,full,success,0.107894057,,,,
aarch64-unknown-linux-gnu,spin,0.12.0,rwlock::tests::smoke,full,success,0.106298634,,,,
aarch64-unknown-linux-gnu,spin,0.12.0,rwlock::tests::test_force_read_decrement,full,success,0.10538013000000002,,,,
aarch64-unknown-linux-gnu,spin,0.12.0,rwlock::tests::test_force_write_unlock,full,success,0.104909809,,,,
aarch64-unknown-linux-gnu,spin,0.12.0,rwlock::tests::test_into_inner,full,success,0.10630906833333333,,,,
aarch64-unknown-linux-gnu,spin,0.12.0,rwlock::tests::test_into_inner_drop,full,success,0.10741753133333333,,,,
aarch64-unknown-linux-gnu,spin,0.12.0,rwlock::tests::test_rw_access_in_unwind,full,success,0.11329112866666667,,,,
aarch64-unknown-linux-gnu,spin,0.12.0,rwlock::tests::test_rw_arc,full,success,0.11541631100000001,,,,
aarch64-unknown-linux-gnu,spin,0.12.0,rwlock::tests::test_rw_try_read,full,success,0.10650204833333334,,,,
aarch64-unknown-linux-gnu,spin,0.12.0,rwlock::tests::test_rwlock_try_write,full,success,0.10718463633333335,,,,
aarch64-unknown-linux-gnu,spin,0.12.0,rwlock::tests::test_rwlock_unsized,full,success,0.10711858433333334,,,,
aarch64-unknown-linux-gnu,spin,0.12.0,rwlock::tests::test_upgrade_downgrade,full,success,0.10695567666666668,,,,
aarch64-unknown-linux-gnu,thread_local,1.1.9,tests::different_thread,full,success,0.12128264966666669,,,,
aarch64-unknown-linux-gnu,thread_local,1.1.9,tests::is_sync,full,success,0.10834107966666667,,,,
aarch64-unknown-linux-gnu,thread_local,1.1.9,tests::iter,full,success,0.125831479,,,,
aarch64-unknown-linux-gnu,thread_local,1.1.9,tests::miri_iter_soundness_check,full,success,0.12647600933333333,,,,
aarch64-unknown-linux-gnu,thread_local,1.1.9,tests::same_thread,full,success,0.13221749366666669,,,,
aarch64-unknown-linux-gnu,thread_local,1.1.9,tests::test_drop,full,success,0.11846745633333335,,,,
aarch64-unknown-linux-gnu,thread_local,1.1.9,tests::test_earlyreturn_buckets,full,success,0.2022853836666667,,,,
aarch64-unknown-linux-gnu,thread_local,1.1.9,thread_id::test_thread,full,success,0.10721310166666669,,,,
aarch64-unknown-linux-gnu,tinystr,0.8.3,ascii::test::from_utf16_lossy_rejects_non_ascii_replacement,full,success,0.11563101966666667,,,,
aarch64-unknown-linux-gnu,tinystr,0.8.3,ascii::test::from_utf8_lossy_rejects_non_ascii_replacement,full,success,0.11476235566666669,,,,
aarch64-unknown-linux-gnu,tinystr,0.8.3,ascii::test::from_utf8_lossy_rejects_null_replacement,full,success,0.11530469700000001,,,,
aarch64-unknown-linux-gnu,tinystr,0.8.3,ascii::test::lossy_constructor,full,success,0.11056350333333335,,,,
aarch64-unknown-linux-gnu,tinystr,0.8.3,ascii::test::test_is_ascii_alphabetic,full,success,1.5529658006666667,,,,
aarch64-unknown-linux-gnu,tinystr,0.8.3,ascii::test::test_is_ascii_alphabetic_lowercase,full,success,1.5712088383333331,,,,
aarch64-unknown-linux-gnu,tinystr,0.8.3,ascii::test::test_is_ascii_alphabetic_titlecase,full,success,1.5610571933333333,,,,
aarch64-unknown-linux-gnu,tinystr,0.8.3,ascii::test::test_is_ascii_alphabetic_uppercase,full,success,1.560184188,,,,
aarch64-unknown-linux-gnu,tinystr,0.8.3,ascii::test::test_is_ascii_alphanumeric,full,success,1.5438735606666665,,,,
aarch64-unknown-linux-gnu,tinystr,0.8.3,ascii::test::test_is_ascii_lowercase,full,success,1.5206264566666665,,,,
aarch64-unknown-linux-gnu,tinystr,0.8.3,ascii::test::test_is_ascii_numeric,full,success,1.5160960276666666,,,,
aarch64-unknown-linux-gnu,tinystr,0.8.3,ascii::test::test_is_ascii_titlecase,full,success,1.5161043603333333,,,,
aarch64-unknown-linux-gnu,tinystr,0.8.3,ascii::test::test_is_ascii_uppercase,full,success,1.4989851926666669,,,,
aarch64-unknown-linux-gnu,tinystr,0.8.3,ascii::test::test_to_ascii_lowercase,full,success,2.076538622,,,,
aarch64-unknown-linux-gnu,tinystr,0.8.3,ascii::test::test_to_ascii_titlecase,full,success,2.0800214366666663,,,,
aarch64-unknown-linux-gnu,tinystr,0.8.3,ascii::test::test_to_ascii_uppercase,full,success,2.07305382,,,,
aarch64-unknown-linux-gnu,tinystr,0.8.3,macros::tests::test_macro_construction,full,success,0.10800159633333334,,,,
aarch64-unknown-linux-gnu,tinystr,0.8.3,test_size,full,success,0.10907598566666667,,,,
aarch64-unknown-linux-gnu,tower-http,0.6.11,classify::grpc_errors_as_failures::tests::basic_error,full,success,0.11126310233333335,,,,
aarch64-unknown-linux-gnu,tower-http,0.6.11,classify::grpc_errors_as_failures::tests::basic_ok,full,success,0.11208146633333334,,,,
aarch64-unknown-linux-gnu,tower-http,0.6.11,classify::grpc_errors_as_failures::tests::grpc_code_from_i32_known_codes,full,success,0.10669976433333335,,,,
aarch64-unknown-linux-gnu,tower-http,0.6.11,classify::grpc_errors_as_failures::tests::grpc_code_from_i32_unknown_codes,full,success,0.108262017,,,,
aarch64-unknown-linux-gnu,tower-http,0.6.11,classify::grpc_errors_as_failures::tests::grpc_code_from_non_zero_i32,full,success,0.107629115,,,,
aarch64-unknown-linux-gnu,tower-http,0.6.11,classify::grpc_errors_as_failures::tests::two_success_codes_first_matches,full,success,0.11147649100000001,,,,
aarch64-unknown-linux-gnu,tower-http,0.6.11,classify::grpc_errors_as_failures::tests::two_success_codes_none_matches,full,success,0.11177064666666665,,,,
aarch64-unknown-linux-gnu,tower-http,0.6.11,classify::grpc_errors_as_failures::tests::two_success_codes_second_matches,full,success,0.11181905666666665,,,,
aarch64-unknown-linux-gnu,tower-http,0.6.11,classify::status_in_range_is_error::tests::basic,full,success,0.10795013533333335,,,,
aarch64-unknown-linux-gnu,tracing-core,0.1.36,dispatcher::test::default_dispatch,full,success,0.11058518433333335,,,,
aarch64-unknown-linux-gnu,tracing-core,0.1.36,dispatcher::test::default_no_subscriber,full,success,0.10978601266666667,,,,
aarch64-unknown-linux-gnu,tracing-core,0.1.36,dispatcher::test::dispatch_downcasts,full,success,0.11104517833333334,,,,
aarch64-unknown-linux-gnu,tracing-core,0.1.36,dispatcher::test::dispatch_is,full,success,0.10936691999999999,,,,
aarch64-unknown-linux-gnu,tracing-core,0.1.36,dispatcher::test::events_dont_infinite_loop,full,success,0.11022757066666666,,,,
aarch64-unknown-linux-gnu,tracing-core,0.1.36,dispatcher::test::spans_dont_infinite_loop,full,success,0.11201255266666667,,,,
aarch64-unknown-linux-gnu,tracing-core,0.1.36,field::test::empty_fields_are_skipped,full,success,0.10981877133333334,,,,
aarch64-unknown-linux-gnu,tracing-core,0.1.36,field::test::empty_value_set_is_empty,full,success,0.11064961300000002,,,,
aarch64-unknown-linux-gnu,tracing-core,0.1.36,field::test::fields_from_other_callsets_are_skipped,full,success,0.108935975,,,,
aarch64-unknown-linux-gnu,tracing-core,0.1.36,field::test::index_of_field_in_fieldset_is_correct,full,success,0.110631777,,,,
aarch64-unknown-linux-gnu,tracing-core,0.1.36,field::test::record_bytes,full,success,0.11221014766666666,,,,
aarch64-unknown-linux-gnu,tracing-core,0.1.36,field::test::record_debug_fn,full,success,0.11137709866666667,,,,
aarch64-unknown-linux-gnu,tracing-core,0.1.36,field::test::record_error,full,success,0.11037192033333333,,,,
aarch64-unknown-linux-gnu,tracing-core,0.1.36,field::test::sparse_value_sets_are_not_empty,full,success,0.10845007066666668,,,,
aarch64-unknown-linux-gnu,tracing-core,0.1.36,field::test::value_set_with_no_values_is_empty,full,success,0.10978877066666666,,,,
aarch64-unknown-linux-gnu,tracing-core,0.1.36,field::test::value_sets_with_fields_from_other_callsites_are_empty,full,success,0.109621812,,,,
aarch64-unknown-linux-gnu,tracing-core,0.1.36,metadata::tests::filter_level_conversion,full,success,0.11055643966666667,,,,
aarch64-unknown-linux-gnu,tracing-core,0.1.36,metadata::tests::level_filter_is_usize_sized,full,success,0.11044806200000001,,,,
aarch64-unknown-linux-gnu,tracing-core,0.1.36,metadata::tests::level_from_str,full,success,0.11071773966666669,,,,
aarch64-unknown-linux-gnu,tracing-log,0.2.0,test::debug_callsite_is_correct,full,success,0.11070919066666668,,,,
aarch64-unknown-linux-gnu,tracing-log,0.2.0,test::error_callsite_is_correct,full,success,0.11110571033333333,,,,
aarch64-unknown-linux-gnu,tracing-log,0.2.0,test::info_callsite_is_correct,full,success,0.11000260433333335,,,,
aarch64-unknown-linux-gnu,tracing-log,0.2.0,test::trace_callsite_is_correct,full,success,0.10898535000000002,,,,
aarch64-unknown-linux-gnu,tracing-log,0.2.0,test::warn_callsite_is_correct,full,success,0.10994650400000001,,,,
aarch64-unknown-linux-gnu,tungstenite,0.29.0,buffer::tests::reading_in_chunks,full,success,0.10981483800000001,,,,
aarch64-unknown-linux-gnu,tungstenite,0.29.0,buffer::tests::simple_reading,full,success,0.10782566533333333,,,,
aarch64-unknown-linux-gnu,tungstenite,0.29.0,error::test::error_size,full,success,0.10613932,,,,
aarch64-unknown-linux-gnu,tungstenite,0.29.0,error::test::protocol_error_size,full,success,0.106763622,,,,
aarch64-unknown-linux-gnu,tungstenite,0.29.0,error::test::tls_error_size,full,success,0.107005843,,,,
aarch64-unknown-linux-gnu,tungstenite,0.29.0,handshake::client::tests::invalid_custom_request,full,success,0.10987360433333333,,,,
aarch64-unknown-linux-gnu,tungstenite,0.29.0,handshake::client::tests::random_keys,full,success,0.1309746516666667,,,,
aarch64-unknown-linux-gnu,tungstenite,0.29.0,handshake::client::tests::request_formatting,full,success,0.1475940056666667,,,,
aarch64-unknown-linux-gnu,tungstenite,0.29.0,handshake::client::tests::request_formatting_with_at,full,success,0.14807128166666667,,,,
aarch64-unknown-linux-gnu,tungstenite,0.29.0,handshake::client::tests::request_formatting_with_host,full,success,0.14630364733333331,,,,
aarch64-unknown-linux-gnu,tungstenite,0.29.0,handshake::client::tests::request_with_latin1_header,full,success,0.2781395216666667,,,,
aarch64-unknown-linux-gnu,tungstenite,0.29.0,handshake::client::tests::request_with_non_ascii_header,full,success,0.2900308493333333,,,,
aarch64-unknown-linux-gnu,tungstenite,0.29.0,handshake::client::tests::response_parsing,full,success,0.11265552866666667,,,,
aarch64-unknown-linux-gnu,tungstenite,0.29.0,handshake::headers::tests::headers,full,success,0.11634533300000001,,,,
aarch64-unknown-linux-gnu,tungstenite,0.29.0,handshake::headers::tests::headers_incomplete,full,success,0.10837876333333334,,,,
aarch64-unknown-linux-gnu,tungstenite,0.29.0,handshake::headers::tests::headers_iter,full,success,0.12407564633333334,,,,
aarch64-unknown-linux-gnu,tungstenite,0.29.0,handshake::server::tests::request_parsing,full,success,0.11073643700000001,,,,
aarch64-unknown-linux-gnu,tungstenite,0.29.0,handshake::server::tests::request_replying,full,success,0.160525098,,,,
aarch64-unknown-linux-gnu,tungstenite,0.29.0,handshake::tests::key_conversion,full,success,0.130616251,,,,
aarch64-unknown-linux-gnu,tungstenite,0.29.0,protocol::frame::coding::tests::closecode_from_u16,full,success,0.10744238033333335,,,,
aarch64-unknown-linux-gnu,tungstenite,0.29.0,protocol::frame::coding::tests::closecode_into_u16,full,success,0.10675505466666668,,,,
aarch64-unknown-linux-gnu,tungstenite,0.29.0,protocol::frame::coding::tests::opcode_from_u8,full,success,0.106844278,,,,
aarch64-unknown-linux-gnu,tungstenite,0.29.0,protocol::frame::coding::tests::opcode_into_u8,full,success,0.107061534,,,,
aarch64-unknown-linux-gnu,tungstenite,0.29.0,protocol::frame::frame::tests::display,full,success,0.111628061,,,,
aarch64-unknown-linux-gnu,tungstenite,0.29.0,protocol::frame::frame::tests::format,full,success,0.10907884166666666,,,,
aarch64-unknown-linux-gnu,tungstenite,0.29.0,protocol::frame::frame::tests::format_into_buf,full,success,0.10789101166666666,,,,
aarch64-unknown-linux-gnu,tungstenite,0.29.0,protocol::frame::frame::tests::parse,full,success,0.10643791333333334,,,,
aarch64-unknown-linux-gnu,tungstenite,0.29.0,protocol::frame::mask::tests::test_apply_mask,full,success,0.179261945,,,,
aarch64-unknown-linux-gnu,tungstenite,0.29.0,protocol::frame::tests::from_partially_read,full,success,0.10923869933333334,,,,
aarch64-unknown-linux-gnu,tungstenite,0.29.0,protocol::frame::tests::parse_overflow,full,success,0.10868571733333333,,,,
aarch64-unknown-linux-gnu,tungstenite,0.29.0,protocol::frame::tests::read_frames,full,success,0.11122638233333333,,,,
aarch64-unknown-linux-gnu,tungstenite,0.29.0,protocol::frame::tests::size_limit_hit,full,success,0.108518988,,,,
aarch64-unknown-linux-gnu,tungstenite,0.29.0,protocol::frame::tests::write_frames,full,success,0.10926082833333334,,,,
aarch64-unknown-linux-gnu,tungstenite,0.29.0,protocol::frame::utf8::tests::hash_consistency,full,success,0.10750804466666668,,,,
aarch64-unknown-linux-gnu,tungstenite,0.29.0,protocol::message::tests::binary_convert,full,success,0.10692187233333335,,,,
aarch64-unknown-linux-gnu,tungstenite,0.29.0,protocol::message::tests::binary_convert_bytes,full,success,0.10803063666666668,,,,
aarch64-unknown-linux-gnu,tungstenite,0.29.0,protocol::message::tests::binary_convert_into_bytes,full,success,0.107057724,,,,
aarch64-unknown-linux-gnu,tungstenite,0.29.0,protocol::message::tests::binary_convert_vec,full,success,0.10832831333333333,,,,
aarch64-unknown-linux-gnu,tungstenite,0.29.0,protocol::message::tests::display,full,success,0.10837104533333335,,,,
aarch64-unknown-linux-gnu,tungstenite,0.29.0,protocol::message::tests::text_convert,full,success,0.10733073366666668,,,,
aarch64-unknown-linux-gnu,tungstenite,0.29.0,protocol::tests::receive_messages,full,success,0.11902174766666668,,,,
aarch64-unknown-linux-gnu,tungstenite,0.29.0,protocol::tests::size_limiting_binary,full,success,0.11047729933333335,,,,
aarch64-unknown-linux-gnu,tungstenite,0.29.0,protocol::tests::size_limiting_text_fragmented,full,success,0.11107313566666667,,,,
aarch64-unknown-linux-gnu,twox-hash,2.1.2,xxhash32::random_impl::test::can_be_used_in_a_hashmap_with_a_random_seed,full,success,0.11427840500000001,,,,
aarch64-unknown-linux-gnu,twox-hash,2.1.2,xxhash32::test::can_be_used_in_a_hashmap_with_a_default_seed,full,success,0.109097399,,,,
aarch64-unknown-linux-gnu,twox-hash,2.1.2,xxhash32::test::hash_of_multiple_bytes_matches_c_implementation,full,success,0.10838750800000001,,,,
aarch64-unknown-linux-gnu,twox-hash,2.1.2,xxhash32::test::hash_of_multiple_chunks_matches_c_implementation,full,success,0.12009083933333335,,,,
aarch64-unknown-linux-gnu,twox-hash,2.1.2,xxhash32::test::hash_of_nothing_matches_c_implementation,full,success,0.10897493500000001,,,,
aarch64-unknown-linux-gnu,twox-hash,2.1.2,xxhash32::test::hash_of_single_byte_matches_c_implementation,full,success,0.110779401,,,,
aarch64-unknown-linux-gnu,twox-hash,2.1.2,xxhash32::test::hash_with_different_seed_and_multiple_chunks_matches_c_implementation,full,success,0.11992155700000001,,,,
aarch64-unknown-linux-gnu,twox-hash,2.1.2,xxhash32::test::hash_with_different_seed_matches_c_implementation,full,success,0.11054694800000002,,,,
aarch64-unknown-linux-gnu,twox-hash,2.1.2,xxhash32::test::ingesting_byte_by_byte_is_equivalent_to_large_chunks,full,success,0.1326720176666667,,,,
aarch64-unknown-linux-gnu,twox-hash,2.1.2,xxhash3::streaming::test::secret_buffer_allocate_default_is_valid,full,success,0.112020995,,,,
aarch64-unknown-linux-gnu,twox-hash,2.1.2,xxhash3::streaming::test::secret_buffer_allocate_with_seed_is_valid,full,success,0.11153435833333335,,,,
aarch64-unknown-linux-gnu,twox-hash,2.1.2,xxhash3::streaming::test::secret_buffer_default_is_valid,full,success,0.110552855,,,,
aarch64-unknown-linux-gnu,twox-hash,2.1.2,xxhash3::test::backported_as_chunks,full,success,0.11344181400000002,,,,
aarch64-unknown-linux-gnu,twox-hash,2.1.2,xxhash3::test::backported_as_rchunks,full,success,0.11237962000000001,,,,
aarch64-unknown-linux-gnu,twox-hash,2.1.2,xxhash3::test::default_secret_is_valid,full,success,0.109315167,,,,
aarch64-unknown-linux-gnu,twox-hash,2.1.2,xxhash3_128::test::oneshot_129_to_240_bytes,full,success,0.24165992633333336,,,,
aarch64-unknown-linux-gnu,twox-hash,2.1.2,xxhash3_128::test::oneshot_17_to_128_bytes,full,success,0.17609038899999999,,,,
aarch64-unknown-linux-gnu,twox-hash,2.1.2,xxhash3_128::test::oneshot_1_to_3_bytes,full,success,0.11331097400000001,,,,
aarch64-unknown-linux-gnu,twox-hash,2.1.2,xxhash3_128::test::oneshot_241_plus_bytes,full,success,1.3967691186666666,,,,
aarch64-unknown-linux-gnu,twox-hash,2.1.2,xxhash3_128::test::oneshot_4_to_8_bytes,full,success,0.11409067533333334,,,,
aarch64-unknown-linux-gnu,twox-hash,2.1.2,xxhash3_128::test::oneshot_9_to_16_bytes,full,success,0.117389904,,,,
aarch64-unknown-linux-gnu,twox-hash,2.1.2,xxhash3_128::test::oneshot_empty,full,success,0.11026414366666666,,,,
aarch64-unknown-linux-gnu,twox-hash,2.1.2,xxhash3_128::test::streaming_129_to_240_bytes,full,success,7.317756998666667,,,,
aarch64-unknown-linux-gnu,twox-hash,2.1.2,xxhash3_128::test::streaming_17_to_128_bytes,full,success,1.452235875666667,,,,
aarch64-unknown-linux-gnu,twox-hash,2.1.2,xxhash3_128::test::streaming_1_to_3_bytes,full,success,0.110817758,,,,
aarch64-unknown-linux-gnu,twox-hash,2.1.2,xxhash3_128::test::streaming_4_to_8_bytes,full,success,0.12263481566666667,,,,
aarch64-unknown-linux-gnu,twox-hash,2.1.2,xxhash3_128::test::streaming_9_to_16_bytes,full,success,0.161586131,,,,
aarch64-unknown-linux-gnu,twox-hash,2.1.2,xxhash3_128::test::streaming_empty,full,success,0.10900964833333333,,,,
aarch64-unknown-linux-gnu,twox-hash,2.1.2,xxhash3_64::test::oneshot_129_to_240_bytes,full,success,0.22638036133333336,,,,
aarch64-unknown-linux-gnu,twox-hash,2.1.2,xxhash3_64::test::oneshot_17_to_128_bytes,full,success,0.16469987333333333,,,,
aarch64-unknown-linux-gnu,twox-hash,2.1.2,xxhash3_64::test::oneshot_1_to_3_bytes,full,success,0.10810402000000001,,,,
aarch64-unknown-linux-gnu,twox-hash,2.1.2,xxhash3_64::test::oneshot_241_plus_bytes,full,success,1.3743830476666667,,,,
aarch64-unknown-linux-gnu,twox-hash,2.1.2,xxhash3_64::test::oneshot_4_to_8_bytes,full,success,0.11196308033333335,,,,
aarch64-unknown-linux-gnu,twox-hash,2.1.2,xxhash3_64::test::oneshot_9_to_16_bytes,full,success,0.11608924800000002,,,,
aarch64-unknown-linux-gnu,twox-hash,2.1.2,xxhash3_64::test::oneshot_empty,full,success,0.10808524200000001,,,,
aarch64-unknown-linux-gnu,twox-hash,2.1.2,xxhash3_64::test::oneshot_with_seed,full,success,0.260743027,,,,
aarch64-unknown-linux-gnu,twox-hash,2.1.2,xxhash3_64::test::streaming_129_to_240_bytes,full,success,7.239471945000001,,,,
aarch64-unknown-linux-gnu,twox-hash,2.1.2,xxhash3_64::test::streaming_17_to_128_bytes,full,success,1.422425821,,,,
aarch64-unknown-linux-gnu,twox-hash,2.1.2,xxhash3_64::test::streaming_1_to_3_bytes,full,success,0.10989468033333334,,,,
aarch64-unknown-linux-gnu,twox-hash,2.1.2,xxhash3_64::test::streaming_4_to_8_bytes,full,success,0.12224379266666667,,,,
aarch64-unknown-linux-gnu,twox-hash,2.1.2,xxhash3_64::test::streaming_9_to_16_bytes,full,success,0.16335367466666667,,,,
aarch64-unknown-linux-gnu,twox-hash,2.1.2,xxhash3_64::test::streaming_empty,full,success,0.10846678566666668,,,,
aarch64-unknown-linux-gnu,twox-hash,2.1.2,xxhash64::random_impl::test::can_be_used_in_a_hashmap_with_a_random_seed,full,success,0.111557321,,,,
aarch64-unknown-linux-gnu,twox-hash,2.1.2,xxhash64::test::can_be_used_in_a_hashmap_with_a_default_seed,full,success,0.10757625100000001,,,,
aarch64-unknown-linux-gnu,twox-hash,2.1.2,xxhash64::test::hash_of_multiple_bytes_matches_c_implementation,full,success,0.10769454600000002,,,,
aarch64-unknown-linux-gnu,twox-hash,2.1.2,xxhash64::test::hash_of_multiple_chunks_matches_c_implementation,full,success,0.11561385133333335,,,,
aarch64-unknown-linux-gnu,twox-hash,2.1.2,xxhash64::test::hash_of_nothing_matches_c_implementation,full,success,0.10665565266666667,,,,
aarch64-unknown-linux-gnu,twox-hash,2.1.2,xxhash64::test::hash_of_single_byte_matches_c_implementation,full,success,0.10622319433333334,,,,
aarch64-unknown-linux-gnu,twox-hash,2.1.2,xxhash64::test::hash_with_different_seed_and_multiple_chunks_matches_c_implementation,full,success,0.11568446700000001,,,,
aarch64-unknown-linux-gnu,twox-hash,2.1.2,xxhash64::test::hash_with_different_seed_matches_c_implementation,full,success,0.10786570666666667,,,,
aarch64-unknown-linux-gnu,twox-hash,2.1.2,xxhash64::test::ingesting_byte_by_byte_is_equivalent_to_large_chunks,full,success,0.130926027,,,,
aarch64-unknown-linux-gnu,unicode-bidi,0.3.18,char_data::tests::test_ascii,full,success,0.10906324666666667,,,,
aarch64-unknown-linux-gnu,unicode-bidi,0.3.18,char_data::tests::test_bmp,full,success,0.11326750466666667,,,,
aarch64-unknown-linux-gnu,unicode-bidi,0.3.18,char_data::tests::test_smp,full,success,0.10832395733333333,,,,
aarch64-unknown-linux-gnu,unicode-bidi,0.3.18,char_data::tests::test_unassigned_planes,full,success,0.10827232066666666,,,,
aarch64-unknown-linux-gnu,unicode-bidi,0.3.18,level::tests::test_has_rtl,full,success,0.10869560366666668,,,,
aarch64-unknown-linux-gnu,unicode-bidi,0.3.18,level::tests::test_into,full,success,0.10879601066666666,,,,
aarch64-unknown-linux-gnu,unicode-bidi,0.3.18,level::tests::test_is_ltr,full,success,0.108641865,,,,
aarch64-unknown-linux-gnu,unicode-bidi,0.3.18,level::tests::test_is_rtl,full,success,0.10759364100000002,,,,
aarch64-unknown-linux-gnu,unicode-bidi,0.3.18,level::tests::test_lower,full,success,0.10919139700000001,,,,
aarch64-unknown-linux-gnu,unicode-bidi,0.3.18,level::tests::test_new,full,success,0.10763365800000001,,,,
aarch64-unknown-linux-gnu,unicode-bidi,0.3.18,level::tests::test_new_explicit,full,success,0.10911909433333333,,,,
aarch64-unknown-linux-gnu,unicode-bidi,0.3.18,level::tests::test_raise,full,success,0.10873358233333334,,,,
aarch64-unknown-linux-gnu,unicode-bidi,0.3.18,level::tests::test_raise_explicit,full,success,0.10883731533333334,,,,
aarch64-unknown-linux-gnu,unicode-bidi,0.3.18,level::tests::test_str_eq,full,success,0.10976753800000001,,,,
aarch64-unknown-linux-gnu,unicode-bidi,0.3.18,level::tests::test_string_eq,full,success,0.11025645966666668,,,,
aarch64-unknown-linux-gnu,unicode-bidi,0.3.18,level::tests::test_vec,full,success,0.10749810766666668,,,,
aarch64-unknown-linux-gnu,unicode-bidi,0.3.18,prepare::tests::test_isolating_run_sequences,full,success,0.13618054400000001,,,,
aarch64-unknown-linux-gnu,unicode-bidi,0.3.18,prepare::tests::test_isolating_run_sequences_sos_and_eos,full,success,0.12365435100000001,,,,
aarch64-unknown-linux-gnu,unicode-bidi,0.3.18,prepare::tests::test_level_runs,full,success,0.11015183933333335,,,,
aarch64-unknown-linux-gnu,unicode-bidi,0.3.18,prepare::tests::test_not_removed_by_x9,full,success,0.10854491100000001,,,,
aarch64-unknown-linux-gnu,unicode-bidi,0.3.18,prepare::tests::test_removed_by_x9,full,success,0.10900331166666667,,,,
aarch64-unknown-linux-gnu,unicode-bidi,0.3.18,tests::test_bidi_info_has_rtl,full,success,0.2865947783333333,,,,
aarch64-unknown-linux-gnu,unicode-bidi,0.3.18,tests::test_direction,full,success,0.20624902433333336,,,,
aarch64-unknown-linux-gnu,unicode-bidi,0.3.18,tests::test_edge_cases_direction,full,success,0.12117612733333334,,,,
aarch64-unknown-linux-gnu,unicode-bidi,0.3.18,tests::test_get_base_direction,full,success,0.12855626533333334,,,,
aarch64-unknown-linux-gnu,unicode-bidi,0.3.18,tests::test_get_base_direction_full,full,success,0.135134792,,,,
aarch64-unknown-linux-gnu,unicode-bidi,0.3.18,tests::test_initial_text_info,full,success,0.12750933200000003,,,,
aarch64-unknown-linux-gnu,unicode-bidi,0.3.18,tests::test_level_at,full,success,0.20051850033333332,,,,
aarch64-unknown-linux-gnu,unicode-bidi,0.3.18,tests::test_paragraph_bidi_info,full,success,0.18511447366666667,,,,
aarch64-unknown-linux-gnu,unicode-bidi,0.3.18,tests::test_paragraph_info_len,full,success,0.13678284033333335,,,,
aarch64-unknown-linux-gnu,unicode-bidi,0.3.18,tests::test_process_text,full,success,0.35005573633333337,,,,
aarch64-unknown-linux-gnu,unicode-bidi,0.3.18,tests::test_reorder_line,full,success,0.6465436766666667,,,,
aarch64-unknown-linux-gnu,unicode-bidi,0.3.18,tests::test_reordered_levels,full,success,0.23881410300000003,,,,
aarch64-unknown-linux-gnu,unicode-bidi,0.3.18,tests::test_reordered_levels_range,full,success,0.12201758000000001,,,,
aarch64-unknown-linux-gnu,unicode-bidi,0.3.18,tests::test_utf16_char_iter,full,success,0.107794185,,,,
aarch64-unknown-linux-gnu,unicode-bidi,0.3.18,tests::test_utf16_text_source,full,success,0.10828929100000001,,,,
aarch64-unknown-linux-gnu,unicode-normalization,0.1.25,normalize::tests::test_hangul_composition,full,success,0.10502696900000001,,,,
aarch64-unknown-linux-gnu,unicode-normalization,0.1.25,quick_check::tests::test_stream_safe_nfc,full,success,0.10750638966666666,,,,
aarch64-unknown-linux-gnu,unicode-normalization,0.1.25,quick_check::tests::test_stream_safe_nfd,full,success,0.10773649066666668,,,,
aarch64-unknown-linux-gnu,unicode-normalization,0.1.25,stream_safe::tests::test_all_nonstarters,full,success,0.11169932333333334,,,,
aarch64-unknown-linux-gnu,unicode-normalization,0.1.25,stream_safe::tests::test_classify_nonstarters,full,success,48.37657152633333,,,,
aarch64-unknown-linux-gnu,unicode-normalization,0.1.25,stream_safe::tests::test_simple,full,success,0.126286987,,,,
aarch64-unknown-linux-gnu,unicode-normalization,0.1.25,test::test_is_combining_mark_ascii,full,success,0.10795746566666668,,,,
aarch64-unknown-linux-gnu,unicode-normalization,0.1.25,test::test_is_combining_mark_misc,full,success,0.10550574233333333,,,,
aarch64-unknown-linux-gnu,unicode-normalization,0.1.25,test::test_nfc,full,success,0.14033233933333333,,,,
aarch64-unknown-linux-gnu,unicode-normalization,0.1.25,test::test_nfd,full,success,0.14031817633333335,,,,
aarch64-unknown-linux-gnu,unicode-normalization,0.1.25,test::test_nfkc,full,success,0.14368162366666667,,,,
aarch64-unknown-linux-gnu,unicode-normalization,0.1.25,test::test_nfkd,full,success,0.12658163133333333,,,,
aarch64-unknown-linux-gnu,unicode-normalization,0.1.25,test::test_normalize_char,full,success,0.10637668066666667,,,,
aarch64-unknown-linux-gnu,urlencoding,2.1.3,dec::dec_borrows,full,success,0.11109204733333333,,,,
aarch64-unknown-linux-gnu,urlencoding,2.1.3,tests::it_decodes_successfully,full,success,0.10921676400000001,,,,
aarch64-unknown-linux-gnu,urlencoding,2.1.3,tests::it_decodes_successfully_emoji,full,success,0.11151007366666667,,,,
aarch64-unknown-linux-gnu,urlencoding,2.1.3,tests::it_decodes_unsuccessfully_emoji,full,success,0.10823450400000001,,,,
aarch64-unknown-linux-gnu,urlencoding,2.1.3,tests::it_encodes_successfully,full,success,0.10874205266666669,,,,
aarch64-unknown-linux-gnu,urlencoding,2.1.3,tests::it_encodes_successfully_emoji,full,success,0.11009827366666668,,,,
aarch64-unknown-linux-gnu,urlencoding,2.1.3,tests::lazy_writer,full,success,0.11098049066666667,,,,
aarch64-unknown-linux-gnu,urlencoding,2.1.3,tests::misc,full,success,0.11932689366666667,,,,
aarch64-unknown-linux-gnu,urlencoding,2.1.3,tests::whatwg_examples,full,success,0.11259917533333334,,,,
aarch64-unknown-linux-gnu,utf8_iter,1.0.4,report::tests::test_eq,full,success,0.10602449033333335,,,,
aarch64-unknown-linux-gnu,utf8_iter,1.0.4,report::tests::test_size,full,success,0.10602362133333336,,,,
aarch64-unknown-linux-gnu,uuid,1.23.2,fmt::tests::braced_ref_trailing,full,success,0.11198667033333333,,,,
aarch64-unknown-linux-gnu,uuid,1.23.2,fmt::tests::braced_to_inner,full,success,0.10747382933333334,,,,
aarch64-unknown-linux-gnu,uuid,1.23.2,fmt::tests::braced_too_small,full,success,0.1132624,,,,
aarch64-unknown-linux-gnu,uuid,1.23.2,fmt::tests::braced_trailing,full,success,0.11191517133333334,,,,
aarch64-unknown-linux-gnu,uuid,1.23.2,fmt::tests::hyphenated_ref_trailing,full,success,0.11242699433333335,,,,
aarch64-unknown-linux-gnu,uuid,1.23.2,fmt::tests::hyphenated_to_inner,full,success,0.10690721366666667,,,,
aarch64-unknown-linux-gnu,uuid,1.23.2,fmt::tests::hyphenated_too_small,full,success,0.11318933200000002,,,,
aarch64-unknown-linux-gnu,uuid,1.23.2,fmt::tests::hyphenated_trailing,full,success,0.11189452666666667,,,,
aarch64-unknown-linux-gnu,uuid,1.23.2,fmt::tests::simple_ref_trailing,full,success,0.11251247233333334,,,,
aarch64-unknown-linux-gnu,uuid,1.23.2,fmt::tests::simple_to_inner,full,success,0.10611299333333334,,,,
aarch64-unknown-linux-gnu,uuid,1.23.2,fmt::tests::simple_too_small,full,success,0.11295403066666666,,,,
aarch64-unknown-linux-gnu,uuid,1.23.2,fmt::tests::simple_trailing,full,success,0.11268948300000002,,,,
aarch64-unknown-linux-gnu,uuid,1.23.2,fmt::tests::urn_ref_trailing,full,success,0.11103035233333335,,,,
aarch64-unknown-linux-gnu,uuid,1.23.2,fmt::tests::urn_to_inner,full,success,0.106909292,,,,
aarch64-unknown-linux-gnu,uuid,1.23.2,fmt::tests::urn_too_small,full,success,0.11353164833333335,,,,
aarch64-unknown-linux-gnu,uuid,1.23.2,fmt::tests::urn_trailing,full,success,0.11175340966666668,,,,
aarch64-unknown-linux-gnu,uuid,1.23.2,non_nil::tests::test_non_nil,full,success,0.10675977966666668,,,,
aarch64-unknown-linux-gnu,uuid,1.23.2,non_nil::tests::test_non_nil_formatting,full,success,0.10906172566666668,,,,
aarch64-unknown-linux-gnu,uuid,1.23.2,non_nil::tests::test_non_nil_ord,full,success,0.10609339266666667,,,,
aarch64-unknown-linux-gnu,uuid,1.23.2,non_nil::tests::test_non_nil_with_option_size,full,success,0.107264192,,,,
aarch64-unknown-linux-gnu,uuid,1.23.2,parser::tests::test_parse_invalid,full,success,0.13494511466666667,,,,
aarch64-unknown-linux-gnu,uuid,1.23.2,parser::tests::test_parse_valid,full,success,0.10762264333333334,,,,
aarch64-unknown-linux-gnu,uuid,1.23.2,parser::tests::test_roundtrip_braced,full,success,0.11143970166666667,,,,
aarch64-unknown-linux-gnu,uuid,1.23.2,parser::tests::test_roundtrip_default,full,success,0.11191982866666667,,,,
aarch64-unknown-linux-gnu,uuid,1.23.2,parser::tests::test_roundtrip_hyphenated,full,success,0.11098582633333333,,,,
aarch64-unknown-linux-gnu,uuid,1.23.2,parser::tests::test_roundtrip_parse_braced,full,success,0.11024569299999999,,,,
aarch64-unknown-linux-gnu,uuid,1.23.2,parser::tests::test_roundtrip_parse_urn,full,success,0.11106914166666666,,,,
aarch64-unknown-linux-gnu,uuid,1.23.2,parser::tests::test_roundtrip_simple,full,success,0.111718435,,,,
aarch64-unknown-linux-gnu,uuid,1.23.2,parser::tests::test_roundtrip_urn,full,success,0.11235920100000002,,,,
aarch64-unknown-linux-gnu,uuid,1.23.2,parser::tests::test_try_parse_ascii_non_utf8,full,success,0.10787466899999999,,,,
aarch64-unknown-linux-gnu,uuid,1.23.2,tests::test_as_bytes,full,success,0.10872197566666668,,,,
aarch64-unknown-linux-gnu,uuid,1.23.2,tests::test_bytes_le_roundtrip,full,success,0.10823498433333334,,,,
aarch64-unknown-linux-gnu,uuid,1.23.2,tests::test_bytes_roundtrip,full,success,0.10759884000000002,,,,
aarch64-unknown-linux-gnu,uuid,1.23.2,tests::test_compare,full,success,0.10807941733333333,,,,
aarch64-unknown-linux-gnu,uuid,1.23.2,tests::test_convert_vec,full,success,0.10853591633333333,,,,
aarch64-unknown-linux-gnu,uuid,1.23.2,tests::test_default,full,success,0.10615789133333335,,,,
aarch64-unknown-linux-gnu,uuid,1.23.2,tests::test_display,full,success,0.14833353733333335,,,,
aarch64-unknown-linux-gnu,uuid,1.23.2,tests::test_fields_le_are_actually_le,full,success,0.107322135,,,,
aarch64-unknown-linux-gnu,uuid,1.23.2,tests::test_fields_le_roundtrip,full,success,0.10768597966666667,,,,
aarch64-unknown-linux-gnu,uuid,1.23.2,tests::test_fields_roundtrip,full,success,0.10745399633333334,,,,
aarch64-unknown-linux-gnu,uuid,1.23.2,tests::test_from_bytes,full,success,0.10740996966666667,,,,
aarch64-unknown-linux-gnu,uuid,1.23.2,tests::test_from_fields,full,success,0.10699147733333335,,,,
aarch64-unknown-linux-gnu,uuid,1.23.2,tests::test_from_fields_le,full,success,0.10699906033333334,,,,
aarch64-unknown-linux-gnu,uuid,1.23.2,tests::test_from_slice,full,success,0.108169607,,,,
aarch64-unknown-linux-gnu,uuid,1.23.2,tests::test_get_node_id_unsupported_version,full,success,0.10735756233333334,,,,
aarch64-unknown-linux-gnu,uuid,1.23.2,tests::test_get_timestamp_unsupported_version,full,success,0.10771705266666666,,,,
aarch64-unknown-linux-gnu,uuid,1.23.2,tests::test_get_variant,full,success,0.107232756,,,,
aarch64-unknown-linux-gnu,uuid,1.23.2,tests::test_get_version,full,success,0.10815358733333334,,,,
aarch64-unknown-linux-gnu,uuid,1.23.2,tests::test_get_version_non_conforming,full,success,0.10716905333333333,,,,
aarch64-unknown-linux-gnu,uuid,1.23.2,tests::test_hyphenated_string,full,success,0.13964152900000001,,,,
aarch64-unknown-linux-gnu,uuid,1.23.2,tests::test_max,full,success,0.10665125433333333,,,,
aarch64-unknown-linux-gnu,uuid,1.23.2,tests::test_nil,full,success,0.10783094700000001,,,,
aarch64-unknown-linux-gnu,uuid,1.23.2,tests::test_predefined_namespaces,full,success,0.10818838000000001,,,,
aarch64-unknown-linux-gnu,uuid,1.23.2,tests::test_to_simple_string,full,success,0.133715725,,,,
aarch64-unknown-linux-gnu,uuid,1.23.2,tests::test_to_urn_string,full,success,0.14794651133333334,,,,
aarch64-unknown-linux-gnu,uuid,1.23.2,tests::test_u128_le_is_actually_le,full,success,0.10622703333333333,,,,
aarch64-unknown-linux-gnu,uuid,1.23.2,tests::test_u128_le_roundtrip,full,success,0.10711217233333332,,,,
aarch64-unknown-linux-gnu,uuid,1.23.2,tests::test_u128_roundtrip,full,success,0.10702376866666667,,,,
aarch64-unknown-linux-gnu,uuid,1.23.2,tests::test_u64_pair_roundtrip,full,success,0.10637155866666666,,,,
aarch64-unknown-linux-gnu,uuid,1.23.2,tests::test_upper_lower_hex,full,success,0.5798561296666667,,,,
aarch64-unknown-linux-gnu,which,8.0.2,helper::test::test_extension_in_extension_vector,full,success,0.10810317966666667,,,,
aarch64-unknown-linux-gnu,which,8.0.2,helper::test::test_extension_not_in_extension_vector,full,success,0.10683139433333333,,,,
aarch64-unknown-linux-gnu,which,8.0.2,helper::test::test_invalid_exts,full,success,0.10706043100000001,,,,
aarch64-unknown-linux-gnu,writeable,0.6.3,cmp::tests::test_mixed,full,success,0.24400893600000004,,,,
aarch64-unknown-linux-gnu,writeable,0.6.3,cmp::tests::test_write_char,full,success,0.26887917933333333,,,,
aarch64-unknown-linux-gnu,writeable,0.6.3,cmp::tests::test_write_str,full,success,0.12029127733333334,,,,
aarch64-unknown-linux-gnu,writeable,0.6.3,impls::test_string_impls,full,success,0.11963069,,,,
aarch64-unknown-linux-gnu,writeable,0.6.3,impls::test_u128,full,success,1.2889914986666666,,,,
aarch64-unknown-linux-gnu,writeable,0.6.3,impls::test_u16,full,success,1.0694484613333335,,,,
aarch64-unknown-linux-gnu,writeable,0.6.3,impls::test_u32,full,success,1.4343419586666668,,,,
aarch64-unknown-linux-gnu,writeable,0.6.3,impls::test_u64,full,success,2.47039277,,,,
aarch64-unknown-linux-gnu,writeable,0.6.3,impls::test_u8,full,success,0.9461254213333333,,,,
aarch64-unknown-linux-gnu,writeable,0.6.3,impls::test_usize,full,success,0.1284515456666667,,,,
aarch64-unknown-linux-gnu,writeable,0.6.3,ops::tests::test_add,full,success,0.11677206900000002,,,,
aarch64-unknown-linux-gnu,writeable,0.6.3,ops::tests::test_bitor,full,success,0.116333684,,,,
aarch64-unknown-linux-gnu,writeable,0.6.3,ops::tests::test_mul,full,success,0.111804951,,,,
aarch64-unknown-linux-gnu,writeable,0.6.3,ops::tests::test_sum,full,success,0.116698533,,,,
aarch64-unknown-linux-gnu,writeable,0.6.3,try_writeable::test_result_try_writeable,full,success,0.10880882033333333,,,,
aarch64-unknown-linux-gnu,yoke,0.8.2,cartable_ptr::tests::test_new_rc,full,success,0.10884716666666668,,,,
aarch64-unknown-linux-gnu,yoke,0.8.2,cartable_ptr::tests::test_new_sentinel,full,success,0.10791931233333334,,,,
aarch64-unknown-linux-gnu,yoke,0.8.2,cartable_ptr::tests::test_rc_clone,full,success,0.10825141066666667,,,,
aarch64-unknown-linux-gnu,yoke,0.8.2,cartable_ptr::tests::test_sizes,full,success,0.10674792900000002,,,,
aarch64-unknown-linux-gnu,yoke,0.8.2,yoke::test_clone,full,success,0.10948792833333336,,,,
aarch64-unknown-linux-gnu,yoke,0.8.2,yoke::test_debug,full,success,0.10960058233333335,,,,
aarch64-unknown-linux-gnu,yoke,0.8.2,yoke::test_display,full,success,0.10762531800000001,,,,
aarch64-unknown-linux-gnu,yoke,0.8.2,yoke::test_eq_trait,full,success,0.10812910133333335,,,,
aarch64-unknown-linux-gnu,yoke,0.8.2,yoke::test_partialeq,full,success,0.10782947233333334,,,,
aarch64-unknown-linux-gnu,yoke,0.8.2,yoke::test_partialord_ord,full,success,0.10746180566666667,,,,
x86_64-unknown-linux-gnu,aho-corasick,1.1.4,nfa::contiguous::tests::swar,full,success,0.13663744600000002,,,,
x86_64-unknown-linux-gnu,aho-corasick,1.1.4,packed::pattern::tests::equals_different_lengths,full,success,0.14760810300000002,,,,
x86_64-unknown-linux-gnu,aho-corasick,1.1.4,packed::pattern::tests::equals_mismatch,full,success,0.13540731900000003,,,,
x86_64-unknown-linux-gnu,aho-corasick,1.1.4,packed::pattern::tests::equals_yes,full,success,0.13397207766666666,,,,
x86_64-unknown-linux-gnu,aho-corasick,1.1.4,packed::pattern::tests::prefix,full,success,0.13248681200000004,,,,
x86_64-unknown-linux-gnu,aho-corasick,1.1.4,packed::tests::search_default_leftmost_first,full,success,9.016006941,,,,
x86_64-unknown-linux-gnu,aho-corasick,1.1.4,packed::tests::search_default_leftmost_longest,full,success,9.256515415,,,,
x86_64-unknown-linux-gnu,aho-corasick,1.1.4,packed::tests::search_rabinkarp_leftmost_first,full,success,5.088984070666666,,,,
x86_64-unknown-linux-gnu,aho-corasick,1.1.4,packed::tests::search_rabinkarp_leftmost_longest,full,success,5.268761318,,,,
x86_64-unknown-linux-gnu,aho-corasick,1.1.4,packed::tests::search_teddy_avx2_leftmost_first,full,success,9.020947702333332,,,,
x86_64-unknown-linux-gnu,aho-corasick,1.1.4,packed::tests::search_teddy_avx2_leftmost_longest,full,success,9.243819261333334,,,,
x86_64-unknown-linux-gnu,aho-corasick,1.1.4,packed::tests::search_teddy_fat_leftmost_first,full,success,7.606139023666667,,,,
x86_64-unknown-linux-gnu,aho-corasick,1.1.4,packed::tests::search_teddy_fat_leftmost_longest,full,success,7.762074377333334,,,,
x86_64-unknown-linux-gnu,aho-corasick,1.1.4,packed::tests::search_teddy_leftmost_first,full,success,9.020301839333333,,,,
x86_64-unknown-linux-gnu,aho-corasick,1.1.4,packed::tests::search_teddy_leftmost_longest,full,success,9.189196763,,,,
x86_64-unknown-linux-gnu,aho-corasick,1.1.4,packed::tests::search_teddy_ssse3_leftmost_first,full,success,7.0361340409999995,,,,
x86_64-unknown-linux-gnu,aho-corasick,1.1.4,packed::tests::search_teddy_ssse3_leftmost_longest,full,success,7.182253076333333,,,,
x86_64-unknown-linux-gnu,aho-corasick,1.1.4,packed::tests::search_tests_have_unique_names,full,success,0.23642327900000004,,,,
x86_64-unknown-linux-gnu,aho-corasick,1.1.4,packed::vector::tests_x86_64_avx2::fat_vector_for_each_low_64bit_lane,full,success,0.13252107300000002,,,,
x86_64-unknown-linux-gnu,aho-corasick,1.1.4,packed::vector::tests_x86_64_avx2::fat_vector_half_shift_in_one_byte,full,success,0.133465627,,,,
x86_64-unknown-linux-gnu,aho-corasick,1.1.4,packed::vector::tests_x86_64_avx2::fat_vector_half_shift_in_three_bytes,full,success,0.131313948,,,,
x86_64-unknown-linux-gnu,aho-corasick,1.1.4,packed::vector::tests_x86_64_avx2::fat_vector_half_shift_in_two_bytes,full,success,0.13429956900000004,,,,
x86_64-unknown-linux-gnu,aho-corasick,1.1.4,packed::vector::tests_x86_64_avx2::fat_vector_interleave_high_8bit_lanes,full,success,0.13377661100000002,,,,
x86_64-unknown-linux-gnu,aho-corasick,1.1.4,packed::vector::tests_x86_64_avx2::fat_vector_interleave_low_8bit_lanes,full,success,0.13935295633333336,,,,
x86_64-unknown-linux-gnu,aho-corasick,1.1.4,packed::vector::tests_x86_64_avx2::fat_vector_swap_halves,full,success,0.13838414266666668,,,,
x86_64-unknown-linux-gnu,aho-corasick,1.1.4,packed::vector::tests_x86_64_avx2::vector_and,full,success,0.13455475500000003,,,,
x86_64-unknown-linux-gnu,aho-corasick,1.1.4,packed::vector::tests_x86_64_avx2::vector_cmpeq,full,success,0.14418148166666667,,,,
x86_64-unknown-linux-gnu,aho-corasick,1.1.4,packed::vector::tests_x86_64_avx2::vector_for_each_64bit_lane,full,success,0.13675551333333336,,,,
x86_64-unknown-linux-gnu,aho-corasick,1.1.4,packed::vector::tests_x86_64_avx2::vector_is_zero,full,success,0.13312755966666667,,,,
x86_64-unknown-linux-gnu,aho-corasick,1.1.4,packed::vector::tests_x86_64_avx2::vector_or,full,success,0.1335691026666667,,,,
x86_64-unknown-linux-gnu,aho-corasick,1.1.4,packed::vector::tests_x86_64_avx2::vector_shift_8bit_lane_right,full,success,0.13501607766666668,,,,
x86_64-unknown-linux-gnu,aho-corasick,1.1.4,packed::vector::tests_x86_64_avx2::vector_shift_in_one_byte,full,success,0.13512254033333335,,,,
x86_64-unknown-linux-gnu,aho-corasick,1.1.4,packed::vector::tests_x86_64_avx2::vector_shift_in_three_bytes,full,success,0.14431012900000004,,,,
x86_64-unknown-linux-gnu,aho-corasick,1.1.4,packed::vector::tests_x86_64_avx2::vector_shift_in_two_bytes,full,success,0.133793446,,,,
x86_64-unknown-linux-gnu,aho-corasick,1.1.4,packed::vector::tests_x86_64_avx2::vector_shuffle_bytes,full,success,0.13800865933333337,,,,
x86_64-unknown-linux-gnu,aho-corasick,1.1.4,packed::vector::tests_x86_64_avx2::vector_splat,full,success,0.13315185266666668,,,,
x86_64-unknown-linux-gnu,aho-corasick,1.1.4,packed::vector::tests_x86_64_ssse3::vector_and,full,success,0.13569845500000002,,,,
x86_64-unknown-linux-gnu,aho-corasick,1.1.4,packed::vector::tests_x86_64_ssse3::vector_cmpeq,full,success,0.13380524333333335,,,,
x86_64-unknown-linux-gnu,aho-corasick,1.1.4,packed::vector::tests_x86_64_ssse3::vector_for_each_64bit_lane,full,success,0.13545352433333335,,,,
x86_64-unknown-linux-gnu,aho-corasick,1.1.4,packed::vector::tests_x86_64_ssse3::vector_is_zero,full,success,0.13429399733333336,,,,
x86_64-unknown-linux-gnu,aho-corasick,1.1.4,packed::vector::tests_x86_64_ssse3::vector_or,full,success,0.135949704,,,,
x86_64-unknown-linux-gnu,aho-corasick,1.1.4,packed::vector::tests_x86_64_ssse3::vector_shift_8bit_lane_right,full,success,0.13514844666666667,,,,
x86_64-unknown-linux-gnu,aho-corasick,1.1.4,packed::vector::tests_x86_64_ssse3::vector_shift_in_one_byte,full,success,0.1341740836666667,,,,
x86_64-unknown-linux-gnu,aho-corasick,1.1.4,packed::vector::tests_x86_64_ssse3::vector_shift_in_three_bytes,full,success,0.133974441,,,,
x86_64-unknown-linux-gnu,aho-corasick,1.1.4,packed::vector::tests_x86_64_ssse3::vector_shift_in_two_bytes,full,success,0.13331910733333333,,,,
x86_64-unknown-linux-gnu,aho-corasick,1.1.4,packed::vector::tests_x86_64_ssse3::vector_shuffle_bytes,full,success,0.133899888,,,,
x86_64-unknown-linux-gnu,aho-corasick,1.1.4,packed::vector::tests_x86_64_ssse3::vector_splat,full,success,0.13970573166666667,,,,
x86_64-unknown-linux-gnu,aho-corasick,1.1.4,testoibits::oibits_automaton,full,success,0.13736184366666668,,,,
x86_64-unknown-linux-gnu,aho-corasick,1.1.4,testoibits::oibits_main,full,success,0.14295486466666668,,,,
x86_64-unknown-linux-gnu,aho-corasick,1.1.4,testoibits::oibits_packed,full,success,0.133237904,,,,
x86_64-unknown-linux-gnu,aho-corasick,1.1.4,tests::acasei_leftmost_first_default,full,success,15.534037587666667,,,,
x86_64-unknown-linux-gnu,aho-corasick,1.1.4,tests::acasei_leftmost_first_dfa_default,full,success,15.649194306666667,,,,
x86_64-unknown-linux-gnu,aho-corasick,1.1.4,tests::acasei_leftmost_first_nfa_contig_default,full,success,15.697948295333333,,,,
x86_64-unknown-linux-gnu,aho-corasick,1.1.4,tests::acasei_leftmost_first_nfa_noncontig_default,full,success,14.187880233000001,,,,
x86_64-unknown-linux-gnu,aho-corasick,1.1.4,tests::acasei_leftmost_longest_default,full,success,15.516558636666666,,,,
x86_64-unknown-linux-gnu,aho-corasick,1.1.4,tests::acasei_leftmost_longest_dfa_default,full,success,15.649170071,,,,
x86_64-unknown-linux-gnu,aho-corasick,1.1.4,tests::acasei_leftmost_longest_nfa_contig_default,full,success,15.672895486666668,,,,
x86_64-unknown-linux-gnu,aho-corasick,1.1.4,tests::acasei_leftmost_longest_nfa_noncontig_default,full,success,14.144454003666667,,,,
x86_64-unknown-linux-gnu,aho-corasick,1.1.4,tests::acasei_standard_default,full,success,9.140967370666665,,,,
x86_64-unknown-linux-gnu,aho-corasick,1.1.4,tests::acasei_standard_dfa_default,full,success,15.272135361666669,,,,
x86_64-unknown-linux-gnu,aho-corasick,1.1.4,tests::acasei_standard_nfa_contig_default,full,success,9.056514212666668,,,,
x86_64-unknown-linux-gnu,aho-corasick,1.1.4,tests::acasei_standard_nfa_noncontig_default,full,success,8.180251872,,,,
x86_64-unknown-linux-gnu,aho-corasick,1.1.4,tests::acasei_standard_overlapping_default,full,success,15.349492151666666,,,,
x86_64-unknown-linux-gnu,aho-corasick,1.1.4,tests::acasei_standard_overlapping_dfa_default,full,success,15.576497019,,,,
x86_64-unknown-linux-gnu,aho-corasick,1.1.4,tests::acasei_standard_overlapping_nfa_contig_default,full,success,15.462871052666666,,,,
x86_64-unknown-linux-gnu,aho-corasick,1.1.4,tests::acasei_standard_overlapping_nfa_noncontig_default,full,success,13.936311769,,,,
x86_64-unknown-linux-gnu,aho-corasick,1.1.4,tests::anchored_not_allowed_even_if_technically_available,full,success,5.754966191333334,,,,
x86_64-unknown-linux-gnu,aho-corasick,1.1.4,tests::overlapping_not_allowed_leftmost_first,full,success,1.961944127,,,,
x86_64-unknown-linux-gnu,aho-corasick,1.1.4,tests::overlapping_not_allowed_leftmost_longest,full,success,1.962840836,,,,
x86_64-unknown-linux-gnu,aho-corasick,1.1.4,tests::prefilter_stays_in_bounds,full,success,3.628639707,,,,
x86_64-unknown-linux-gnu,aho-corasick,1.1.4,tests::regression_ascii_case_insensitive_no_exponential,full,success,5.19778217,,,,
x86_64-unknown-linux-gnu,aho-corasick,1.1.4,tests::regression_rare_byte_prefilter,full,success,2.471588571,,,,
x86_64-unknown-linux-gnu,aho-corasick,1.1.4,tests::search_standard_anchored_default,full,success,62.37317841266667,,,,
x86_64-unknown-linux-gnu,aho-corasick,1.1.4,tests::search_standard_anchored_dfa_default,full,success,62.30906426833334,,,,
x86_64-unknown-linux-gnu,aho-corasick,1.1.4,tests::search_standard_anchored_dfa_start_both,full,success,61.847024170666664,,,,
x86_64-unknown-linux-gnu,aho-corasick,1.1.4,tests::search_standard_anchored_nfa_noncontig_default,full,success,58.108832621333335,,,,
x86_64-unknown-linux-gnu,aho-corasick,1.1.4,tests::search_tests_have_unique_names,full,success,0.2902259486666667,,,,
x86_64-unknown-linux-gnu,aho-corasick,1.1.4,tests::stream_not_allowed_leftmost_first,full,success,1.957139924,,,,
x86_64-unknown-linux-gnu,aho-corasick,1.1.4,tests::stream_not_allowed_leftmost_longest,full,success,1.960297615,,,,
x86_64-unknown-linux-gnu,aho-corasick,1.1.4,tests::unanchored_not_allowed_even_if_technically_available,full,success,5.7556669949999995,,,,
x86_64-unknown-linux-gnu,aho-corasick,1.1.4,util::alphabet::tests::byte_classes,full,success,0.20747628833333334,,,,
x86_64-unknown-linux-gnu,aho-corasick,1.1.4,util::alphabet::tests::elements_empty,full,success,0.18356450266666668,,,,
x86_64-unknown-linux-gnu,aho-corasick,1.1.4,util::alphabet::tests::elements_singletons,full,success,0.18968310133333335,,,,
x86_64-unknown-linux-gnu,aho-corasick,1.1.4,util::alphabet::tests::elements_typical,full,success,0.28136161800000004,,,,
x86_64-unknown-linux-gnu,aho-corasick,1.1.4,util::alphabet::tests::full_byte_classes,full,success,0.20090352033333336,,,,
x86_64-unknown-linux-gnu,ansi_term,0.12.1,ansi::test::black,full,success,0.1361534246666667,,,,
x86_64-unknown-linux-gnu,ansi_term,0.12.1,ansi::test::blink,full,success,0.14373384600000003,,,,
x86_64-unknown-linux-gnu,ansi_term,0.12.1,ansi::test::blue_on_rgb,full,success,0.1388828696666667,,,,
x86_64-unknown-linux-gnu,ansi_term,0.12.1,ansi::test::blue_underline,full,success,0.13644113866666666,,,,
x86_64-unknown-linux-gnu,ansi_term,0.12.1,ansi::test::bold,full,success,0.139217259,,,,
x86_64-unknown-linux-gnu,ansi_term,0.12.1,ansi::test::bunderline,full,success,0.13829861300000001,,,,
x86_64-unknown-linux-gnu,ansi_term,0.12.1,ansi::test::cyan_bold_on_white,full,success,0.13704759766666666,,,,
x86_64-unknown-linux-gnu,ansi_term,0.12.1,ansi::test::cyan_bold_ul_on_white,full,success,0.14326034533333334,,,,
x86_64-unknown-linux-gnu,ansi_term,0.12.1,ansi::test::cyan_ul_bold_on_white,full,success,0.13926702766666668,,,,
x86_64-unknown-linux-gnu,ansi_term,0.12.1,ansi::test::cyan_ul_on_white,full,success,0.14201301966666668,,,,
x86_64-unknown-linux-gnu,ansi_term,0.12.1,ansi::test::dimmed,full,success,0.1378202076666667,,,,
x86_64-unknown-linux-gnu,ansi_term,0.12.1,ansi::test::fixed,full,success,0.14692886833333335,,,,
x86_64-unknown-linux-gnu,ansi_term,0.12.1,ansi::test::fixed_on_fixed,full,success,0.1393195526666667,,,,
x86_64-unknown-linux-gnu,ansi_term,0.12.1,ansi::test::fixed_on_purple,full,success,0.13909283566666666,,,,
x86_64-unknown-linux-gnu,ansi_term,0.12.1,ansi::test::green_bold_ul,full,success,0.13987762100000004,,,,
x86_64-unknown-linux-gnu,ansi_term,0.12.1,ansi::test::green_bold_ul_2,full,success,0.13738140866666668,,,,
x86_64-unknown-linux-gnu,ansi_term,0.12.1,ansi::test::hidden,full,success,0.14174978266666668,,,,
x86_64-unknown-linux-gnu,ansi_term,0.12.1,ansi::test::italic,full,success,0.136507613,,,,
x86_64-unknown-linux-gnu,ansi_term,0.12.1,ansi::test::plain,full,success,0.13625643266666668,,,,
x86_64-unknown-linux-gnu,ansi_term,0.12.1,ansi::test::purple_on_white,full,success,0.14265382833333332,,,,
x86_64-unknown-linux-gnu,ansi_term,0.12.1,ansi::test::purple_on_white_2,full,success,0.13685191733333335,,,,
x86_64-unknown-linux-gnu,ansi_term,0.12.1,ansi::test::red,full,success,0.13598266800000003,,,,
x86_64-unknown-linux-gnu,ansi_term,0.12.1,ansi::test::reverse,full,success,0.13601086333333334,,,,
x86_64-unknown-linux-gnu,ansi_term,0.12.1,ansi::test::rgb,full,success,0.14122079266666668,,,,
x86_64-unknown-linux-gnu,ansi_term,0.12.1,ansi::test::rgb_on_blue,full,success,0.138830015,,,,
x86_64-unknown-linux-gnu,ansi_term,0.12.1,ansi::test::rgb_on_rgb,full,success,0.14013710533333334,,,,
x86_64-unknown-linux-gnu,ansi_term,0.12.1,ansi::test::stricken,full,success,0.13834518633333334,,,,
x86_64-unknown-linux-gnu,ansi_term,0.12.1,ansi::test::test_infix,full,success,0.136565537,,,,
x86_64-unknown-linux-gnu,ansi_term,0.12.1,ansi::test::underline,full,success,0.14374550200000002,,,,
x86_64-unknown-linux-gnu,ansi_term,0.12.1,ansi::test::yellow_bold,full,success,0.136122398,,,,
x86_64-unknown-linux-gnu,ansi_term,0.12.1,ansi::test::yellow_bold_2,full,success,0.139566869,,,,
x86_64-unknown-linux-gnu,ansi_term,0.12.1,ansi::test::yellow_on_blue,full,success,0.14408234633333336,,,,
x86_64-unknown-linux-gnu,ansi_term,0.12.1,ansi::test::yellow_on_blue_2,full,success,0.143485038,,,,
x86_64-unknown-linux-gnu,ansi_term,0.12.1,debug::test::bold,full,success,0.13536320899999998,,,,
x86_64-unknown-linux-gnu,ansi_term,0.12.1,debug::test::both,full,success,0.139805917,,,,
x86_64-unknown-linux-gnu,ansi_term,0.12.1,debug::test::empty,full,success,0.14298342433333333,,,,
x86_64-unknown-linux-gnu,ansi_term,0.12.1,debug::test::everything,full,success,0.14206614566666667,,,,
x86_64-unknown-linux-gnu,ansi_term,0.12.1,debug::test::italic,full,success,0.13494761800000002,,,,
x86_64-unknown-linux-gnu,ansi_term,0.12.1,debug::test::long_and_detailed,full,success,18.154359954,,,,
x86_64-unknown-linux-gnu,ansi_term,0.12.1,debug::test::red,full,success,0.13709380966666665,,,,
x86_64-unknown-linux-gnu,ansi_term,0.12.1,debug::test::redblue,full,success,0.13610189566666667,,,,
x86_64-unknown-linux-gnu,ansi_term,0.12.1,difference::test::addition_of_blink,full,success,0.13380645000000002,,,,
x86_64-unknown-linux-gnu,ansi_term,0.12.1,difference::test::addition_of_dimmed,full,success,0.136759701,,,,
x86_64-unknown-linux-gnu,ansi_term,0.12.1,difference::test::addition_of_hidden,full,success,0.1366704,,,,
x86_64-unknown-linux-gnu,ansi_term,0.12.1,difference::test::addition_of_reverse,full,success,0.13441850300000002,,,,
x86_64-unknown-linux-gnu,ansi_term,0.12.1,difference::test::addition_of_strikethrough,full,success,0.13899526533333334,,,,
x86_64-unknown-linux-gnu,ansi_term,0.12.1,difference::test::colour_change,full,success,0.13529887566666668,,,,
x86_64-unknown-linux-gnu,ansi_term,0.12.1,difference::test::lowercase,full,success,0.13351063266666666,,,,
x86_64-unknown-linux-gnu,ansi_term,0.12.1,difference::test::nothing,full,success,0.13666701766666667,,,,
x86_64-unknown-linux-gnu,ansi_term,0.12.1,difference::test::nothing2,full,success,0.135684659,,,,
x86_64-unknown-linux-gnu,ansi_term,0.12.1,difference::test::removal_of_blink,full,success,0.141005288,,,,
x86_64-unknown-linux-gnu,ansi_term,0.12.1,difference::test::removal_of_dimmed,full,success,0.13503223533333333,,,,
x86_64-unknown-linux-gnu,ansi_term,0.12.1,difference::test::removal_of_hidden,full,success,0.13595067833333335,,,,
x86_64-unknown-linux-gnu,ansi_term,0.12.1,difference::test::removal_of_reverse,full,success,0.13416842133333337,,,,
x86_64-unknown-linux-gnu,ansi_term,0.12.1,difference::test::removal_of_strikethrough,full,success,0.135519474,,,,
x86_64-unknown-linux-gnu,ansi_term,0.12.1,difference::test::uppercase,full,success,0.13865256733333334,,,,
x86_64-unknown-linux-gnu,ansi_term,0.12.1,display::tests::no_control_codes_for_plain,full,success,0.13562568700000002,,,,
x86_64-unknown-linux-gnu,ansi_term,0.12.1,util::test::test,full,success,0.14009604900000003,,,,
x86_64-unknown-linux-gnu,anstream,1.0.0,adapter::strip::test::test_strip_byte_del,full,success,0.13359984766666666,,,,
x86_64-unknown-linux-gnu,anstream,1.0.0,adapter::strip::test::test_strip_byte_multibyte,full,success,0.14282894533333335,,,,
x86_64-unknown-linux-gnu,anstream,1.0.0,adapter::strip::test::test_strip_bytes_multibyte,full,success,0.13491039533333335,,,,
x86_64-unknown-linux-gnu,anstream,1.0.0,adapter::strip::test::test_strip_str_del,full,success,0.135518269,,,,
x86_64-unknown-linux-gnu,anstream,1.0.0,adapter::strip::test::test_strip_str_handles_broken_sequence,full,success,0.14253269666666668,,,,
x86_64-unknown-linux-gnu,anstream,1.0.0,adapter::wincon::test::ansi256_colors,full,success,0.1461464716666667,,,,
x86_64-unknown-linux-gnu,anstream,1.0.0,adapter::wincon::test::end,full,success,0.151329645,,,,
x86_64-unknown-linux-gnu,anstream,1.0.0,adapter::wincon::test::middle,full,success,0.1465131276666667,,,,
x86_64-unknown-linux-gnu,anstream,1.0.0,adapter::wincon::test::start,full,success,0.15162295866666667,,,,
x86_64-unknown-linux-gnu,anstream,1.0.0,stream::tests::test,full,success,0.13344879866666667,,,,
x86_64-unknown-linux-gnu,anstyle-query,1.1.5,test::non_empty_empty,full,success,0.137233087,,,,
x86_64-unknown-linux-gnu,anstyle-query,1.1.5,test::non_empty_not_present,full,success,0.13588297933333335,,,,
x86_64-unknown-linux-gnu,anstyle-query,1.1.5,test::non_empty_texty,full,success,0.137473043,,,,
x86_64-unknown-linux-gnu,anstyle,1.0.14,color::test::max_display_buffer,full,success,0.136855461,,,,
x86_64-unknown-linux-gnu,anstyle,1.0.14,color::test::no_align,full,success,0.14774204500000002,,,,
x86_64-unknown-linux-gnu,anstyle,1.0.14,color::test::print_size_of,full,success,0.13633842233333335,,,,
x86_64-unknown-linux-gnu,anstyle,1.0.14,effect::test::no_align,full,success,0.13635558066666667,,,,
x86_64-unknown-linux-gnu,anstyle,1.0.14,effect::test::print_size_of,full,success,0.13946709766666668,,,,
x86_64-unknown-linux-gnu,anstyle,1.0.14,reset::test::no_align,full,success,0.13637208166666667,,,,
x86_64-unknown-linux-gnu,anstyle,1.0.14,reset::test::print_size_of,full,success,0.13656722133333335,,,,
x86_64-unknown-linux-gnu,anstyle,1.0.14,style::print_size_of,full,success,0.13642151733333333,,,,
x86_64-unknown-linux-gnu,anyhow,1.0.102,fmt::tests::no_digits,full,success,0.13782885033333334,,,,
x86_64-unknown-linux-gnu,anyhow,1.0.102,fmt::tests::one_digit,full,success,0.136840131,,,,
x86_64-unknown-linux-gnu,anyhow,1.0.102,fmt::tests::two_digits,full,success,0.13488716700000003,,,,
x86_64-unknown-linux-gnu,arc-swap,1.9.1,access::tests::constant,full,success,0.11367216933333334,,,,
x86_64-unknown-linux-gnu,arc-swap,1.9.1,access::tests::double_dyn_access_complex,full,success,0.09832909266666667,,,,
x86_64-unknown-linux-gnu,arc-swap,1.9.1,access::tests::dyn_dispatch,full,success,0.10643288633333332,,,,
x86_64-unknown-linux-gnu,arc-swap,1.9.1,access::tests::indirect,full,success,0.09641067966666668,,,,
x86_64-unknown-linux-gnu,arc-swap,1.9.1,access::tests::map,full,success,0.09408895533333334,,,,
x86_64-unknown-linux-gnu,arc-swap,1.9.1,access::tests::map_option_none,full,success,0.09162696466666669,,,,
x86_64-unknown-linux-gnu,arc-swap,1.9.1,access::tests::map_option_some,full,success,0.09220214866666669,,,,
x86_64-unknown-linux-gnu,arc-swap,1.9.1,access::tests::map_reload,full,success,0.09122188000000002,,,,
x86_64-unknown-linux-gnu,arc-swap,1.9.1,access::tests::static_dispatch,full,success,0.08933050800000002,,,,
x86_64-unknown-linux-gnu,arc-swap,1.9.1,access::tests::transition,full,success,0.09300657633333335,,,,
x86_64-unknown-linux-gnu,arc-swap,1.9.1,cache::tests::cache_option,full,success,0.10425362433333334,,,,
x86_64-unknown-linux-gnu,arc-swap,1.9.1,cache::tests::cached_through_arc,full,success,0.09652682566666666,,,,
x86_64-unknown-linux-gnu,arc-swap,1.9.1,cache::tests::cached_value,full,success,0.09125792733333334,,,,
x86_64-unknown-linux-gnu,arc-swap,1.9.1,cache::tests::map_cache,full,success,0.09423544466666667,,,,
x86_64-unknown-linux-gnu,arc-swap,1.9.1,debt::list::tests::new_empty,full,success,0.09691016200000001,,,,
x86_64-unknown-linux-gnu,arc-swap,1.9.1,debt::tests::arc_zst,full,success,0.10785868433333334,,,,
x86_64-unknown-linux-gnu,arc-swap,1.9.1,ref_cnt::tests::pin::ref_cnt_pin_arc,full,success,0.08904647266666667,,,,
x86_64-unknown-linux-gnu,arc-swap,1.9.1,ref_cnt::tests::pin::ref_cnt_pin_rc,full,success,0.08852226133333334,,,,
x86_64-unknown-linux-gnu,arc-swap,1.9.1,ref_cnt::tests::ref_cnt_arc,full,success,0.08790177833333335,,,,
x86_64-unknown-linux-gnu,arc-swap,1.9.1,tests::lease_overflow,full,success,0.13756135733333333,,,,
x86_64-unknown-linux-gnu,arc-swap,1.9.1,tests::load_cnt,full,success,0.09693381833333332,,,,
x86_64-unknown-linux-gnu,arc-swap,1.9.1,tests_default::cas_ref_cnt,full,success,0.15058337300000002,,,,
x86_64-unknown-linux-gnu,arc-swap,1.9.1,tests_default::debug_impl,full,success,0.09693266433333332,,,,
x86_64-unknown-linux-gnu,arc-swap,1.9.1,tests_default::display_impl,full,success,0.09291249333333333,,,,
x86_64-unknown-linux-gnu,arc-swap,1.9.1,tests_default::from_into,full,success,0.09319585933333334,,,,
x86_64-unknown-linux-gnu,arc-swap,1.9.1,tests_default::guard_drop_in_another_thread,full,success,0.13531739166666665,,,,
x86_64-unknown-linux-gnu,arc-swap,1.9.1,tests_default::guard_drop_in_thread,full,success,0.21522016466666669,,,,
x86_64-unknown-linux-gnu,arc-swap,1.9.1,tests_default::load_null,full,success,0.09032400733333334,,,,
x86_64-unknown-linux-gnu,arc-swap,1.9.1,tests_default::load_option,full,success,0.09745958733333333,,,,
x86_64-unknown-linux-gnu,arc-swap,1.9.1,tests_default::multi_writers,full,success,2.129921668,,,,
x86_64-unknown-linux-gnu,arc-swap,1.9.1,tests_default::nulls,full,success,0.09527711333333333,,,,
x86_64-unknown-linux-gnu,arc-swap,1.9.1,tests_default::rcu,full,success,2.466230557,,,,
x86_64-unknown-linux-gnu,arc-swap,1.9.1,tests_default::rcu_panic,full,success,0.10083593333333334,,,,
x86_64-unknown-linux-gnu,arc-swap,1.9.1,tests_default::recursive,full,success,0.12372818366666667,,,,
x86_64-unknown-linux-gnu,arc-swap,1.9.1,tests_default::swap_load,full,success,0.3276953333333334,,,,
x86_64-unknown-linux-gnu,arrayvec,0.7.6,char::test_encode_utf8_oob,full,success,0.12414367966666666,,,,
x86_64-unknown-linux-gnu,base64ct,1.8.3,decoder::tests::decode_multiline_padded,full,success,40.70391118733334,,,,
x86_64-unknown-linux-gnu,base64ct,1.8.3,decoder::tests::decode_padded,full,success,5.955795400333334,,,,
x86_64-unknown-linux-gnu,base64ct,1.8.3,decoder::tests::decode_unpadded,full,success,1.3151246820000002,,,,
x86_64-unknown-linux-gnu,base64ct,1.8.3,encoder::tests::encode_padded,full,success,10.564670860666666,,,,
x86_64-unknown-linux-gnu,base64ct,1.8.3,encoder::tests::encode_unpadded,full,success,1.388320921,,,,
x86_64-unknown-linux-gnu,base64ct,1.8.3,encoder::tests::no_trailing_newline_when_aligned,full,success,0.14402056366666668,,,,
x86_64-unknown-linux-gnu,bincode,2.0.1,features::impl_alloc::test_cow_round_trip,full,success,0.11988993233333334,,,,
x86_64-unknown-linux-gnu,bincode,2.0.1,varint::decode_unsigned::test_decode_u128,full,success,0.23194108633333335,,,,
x86_64-unknown-linux-gnu,bincode,2.0.1,varint::decode_unsigned::test_decode_u16,full,success,0.11803057466666667,,,,
x86_64-unknown-linux-gnu,bincode,2.0.1,varint::decode_unsigned::test_decode_u32,full,success,0.12245656100000002,,,,
x86_64-unknown-linux-gnu,bincode,2.0.1,varint::decode_unsigned::test_decode_u64,full,success,0.12466653833333334,,,,
x86_64-unknown-linux-gnu,bincode,2.0.1,varint::encode_signed::test_encode_i128,full,success,0.11850501266666667,,,,
x86_64-unknown-linux-gnu,bincode,2.0.1,varint::encode_signed::test_encode_i16,full,success,0.10808538733333334,,,,
x86_64-unknown-linux-gnu,bincode,2.0.1,varint::encode_signed::test_encode_i32,full,success,0.10834164466666668,,,,
x86_64-unknown-linux-gnu,bincode,2.0.1,varint::encode_signed::test_encode_i64,full,success,0.11083950933333335,,,,
x86_64-unknown-linux-gnu,bincode,2.0.1,varint::encode_unsigned::test_encode_u128,full,success,0.16489665966666667,,,,
x86_64-unknown-linux-gnu,bincode,2.0.1,varint::encode_unsigned::test_encode_u16,full,success,0.149041164,,,,
x86_64-unknown-linux-gnu,bincode,2.0.1,varint::encode_unsigned::test_encode_u32,full,success,0.15809863833333335,,,,
x86_64-unknown-linux-gnu,bincode,2.0.1,varint::encode_unsigned::test_encode_u64,full,success,0.161436411,,,,
x86_64-unknown-linux-gnu,bindgen,0.72.1,codegen::bitfield_unit_tests::bitfield_unit_get,full,success,0.8328571303333333,,,,
x86_64-unknown-linux-gnu,bindgen,0.72.1,codegen::bitfield_unit_tests::bitfield_unit_get_bit,full,success,0.1390774446666667,,,,
x86_64-unknown-linux-gnu,bindgen,0.72.1,codegen::bitfield_unit_tests::bitfield_unit_set,full,success,1.107081995,,,,
x86_64-unknown-linux-gnu,bindgen,0.72.1,codegen::bitfield_unit_tests::bitfield_unit_set_bit,full,success,0.13778042233333335,,,,
x86_64-unknown-linux-gnu,bindgen,0.72.1,codegen::struct_layout::test_align_to,full,success,0.13340073266666666,,,,
x86_64-unknown-linux-gnu,bindgen,0.72.1,codegen::struct_layout::test_bytes_from_bits_pow2,full,success,0.12963460733333335,,,,
x86_64-unknown-linux-gnu,bindgen,0.72.1,commandline_flag_unit_test_function,full,success,0.231948034,,,,
x86_64-unknown-linux-gnu,bindgen,0.72.1,deps::tests::escaping_depfile,full,success,0.15388624033333334,,,,
x86_64-unknown-linux-gnu,bindgen,0.72.1,features::test::invalid_targets,full,success,0.14735557400000002,,,,
x86_64-unknown-linux-gnu,bindgen,0.72.1,features::test::release_versions_for_editions,full,success,0.13491132233333333,,,,
x86_64-unknown-linux-gnu,bindgen,0.72.1,features::test::target_features,full,success,0.13577624066666666,,,,
x86_64-unknown-linux-gnu,bindgen,0.72.1,features::test::valid_targets,full,success,0.13676409600000003,,,,
x86_64-unknown-linux-gnu,bindgen,0.72.1,ir::analysis::tests::monotone,full,success,0.7316412900000001,,,,
x86_64-unknown-linux-gnu,bindgen,0.72.1,ir::comment::test::picks_up_single_and_multi_line_doc_comments,full,success,0.13845462833333336,,,,
x86_64-unknown-linux-gnu,bindgen,0.72.1,ir::comment::test::processes_multi_lines_correctly,full,success,0.14236107066666667,,,,
x86_64-unknown-linux-gnu,bindgen,0.72.1,ir::comment::test::processes_single_lines_correctly,full,success,0.13648969566666666,,,,
x86_64-unknown-linux-gnu,bindgen,0.72.1,ir::layout::test_layout_for_size,full,success,0.14317129000000003,,,,
x86_64-unknown-linux-gnu,bindgen,0.72.1,ir::ty::is_invalid_type_param_empty_name,full,success,0.13444118233333335,,,,
x86_64-unknown-linux-gnu,bindgen,0.72.1,ir::ty::is_invalid_type_param_invalid_remaining,full,success,0.13551336700000002,,,,
x86_64-unknown-linux-gnu,bindgen,0.72.1,ir::ty::is_invalid_type_param_invalid_start,full,success,0.13017682100000003,,,,
x86_64-unknown-linux-gnu,bindgen,0.72.1,ir::ty::is_invalid_type_param_unnamed,full,success,0.134652985,,,,
x86_64-unknown-linux-gnu,bindgen,0.72.1,ir::ty::is_invalid_type_param_valid,full,success,0.13149446966666667,,,,
x86_64-unknown-linux-gnu,bindgen,0.72.1,ir::ty::is_invalid_type_param_valid_underscore_and_numbers,full,success,0.13509363866666668,,,,
x86_64-unknown-linux-gnu,bindgen,0.72.1,ir::ty::is_invalid_type_param_valid_unnamed_kind,full,success,0.1288411416666667,,,,
x86_64-unknown-linux-gnu,bindgen,0.72.1,test_rust_to_clang_target,full,success,0.1363225876666667,,,,
x86_64-unknown-linux-gnu,bindgen,0.72.1,test_rust_to_clang_target_espidf,full,success,0.13994685266666665,,,,
x86_64-unknown-linux-gnu,bindgen,0.72.1,test_rust_to_clang_target_riscv,full,success,0.14209338233333332,,,,
x86_64-unknown-linux-gnu,bindgen,0.72.1,test_rust_to_clang_target_simulator,full,success,0.1441273,,,,
x86_64-unknown-linux-gnu,bit-set,0.10.0,tests::test_bit_set_basic,full,success,0.13929061766666667,,,,
x86_64-unknown-linux-gnu,bit-set,0.10.0,tests::test_bit_set_cmp,full,success,0.13063065100000001,,,,
x86_64-unknown-linux-gnu,bit-set,0.10.0,tests::test_bit_set_debug,full,success,0.14974201033333334,,,,
x86_64-unknown-linux-gnu,bit-set,0.10.0,tests::test_bit_set_difference,full,success,0.14191339800000002,,,,
x86_64-unknown-linux-gnu,bit-set,0.10.0,tests::test_bit_set_difference_with,full,success,0.1339333196666667,,,,
x86_64-unknown-linux-gnu,bit-set,0.10.0,tests::test_bit_set_display,full,success,0.13481633833333334,,,,
x86_64-unknown-linux-gnu,bit-set,0.10.0,tests::test_bit_set_eq,full,success,0.13237247933333338,,,,
x86_64-unknown-linux-gnu,bit-set,0.10.0,tests::test_bit_set_from_usizes,full,success,0.13901503033333332,,,,
x86_64-unknown-linux-gnu,bit-set,0.10.0,tests::test_bit_set_frombit_vec_init,full,success,0.1342384826666667,,,,
x86_64-unknown-linux-gnu,bit-set,0.10.0,tests::test_bit_set_intersect_with,full,success,0.14620678033333334,,,,
x86_64-unknown-linux-gnu,bit-set,0.10.0,tests::test_bit_set_intersection,full,success,0.149255739,,,,
x86_64-unknown-linux-gnu,bit-set,0.10.0,tests::test_bit_set_is_disjoint,full,success,0.13328115566666668,,,,
x86_64-unknown-linux-gnu,bit-set,0.10.0,tests::test_bit_set_iterator,full,success,4.520749653,,,,
x86_64-unknown-linux-gnu,bit-set,0.10.0,tests::test_bit_set_shrink_to_fit,full,success,0.13969761533333333,,,,
x86_64-unknown-linux-gnu,bit-set,0.10.0,tests::test_bit_set_shrink_to_fit_new,full,success,0.130314899,,,,
x86_64-unknown-linux-gnu,bit-set,0.10.0,tests::test_bit_set_subset,full,success,0.14491891,,,,
x86_64-unknown-linux-gnu,bit-set,0.10.0,tests::test_bit_set_symmetric_difference,full,success,0.132345083,,,,
x86_64-unknown-linux-gnu,bit-set,0.10.0,tests::test_bit_set_symmetric_difference_with,full,success,0.13710529933333335,,,,
x86_64-unknown-linux-gnu,bit-set,0.10.0,tests::test_bit_set_union,full,success,0.138049576,,,,
x86_64-unknown-linux-gnu,bit-set,0.10.0,tests::test_bit_set_union_with,full,success,0.137171073,,,,
x86_64-unknown-linux-gnu,bit-set,0.10.0,tests::test_bit_vec_clone,full,success,0.142225115,,,,
x86_64-unknown-linux-gnu,bit-set,0.10.0,tests::test_bit_vec_masking,full,success,0.13639571900000003,,,,
x86_64-unknown-linux-gnu,bit-set,0.10.0,tests::test_bit_vec_remove,full,success,0.13989161866666666,,,,
x86_64-unknown-linux-gnu,bit-set,0.10.0,tests::test_truncate,full,success,0.138936238,,,,
x86_64-unknown-linux-gnu,bit-vec,0.9.1,tests::iter,full,success,0.087365239,,,,
x86_64-unknown-linux-gnu,bit-vec,0.9.1,tests::test_0_elements,full,success,0.08780913400000001,,,,
x86_64-unknown-linux-gnu,bit-vec,0.9.1,tests::test_10_elements,full,success,0.09925686366666668,,,,
x86_64-unknown-linux-gnu,bit-vec,0.9.1,tests::test_1_element,full,success,0.08912148233333334,,,,
x86_64-unknown-linux-gnu,bit-vec,0.9.1,tests::test_2_elements,full,success,0.09161221566666668,,,,
x86_64-unknown-linux-gnu,bit-vec,0.9.1,tests::test_31_elements,full,success,0.13355836000000001,,,,
x86_64-unknown-linux-gnu,bit-vec,0.9.1,tests::test_32_elements,full,success,0.10320655266666667,,,,
x86_64-unknown-linux-gnu,bit-vec,0.9.1,tests::test_33_elements,full,success,0.12938474700000002,,,,
x86_64-unknown-linux-gnu,bit-vec,0.9.1,tests::test_big_bit_vec_tests,full,success,0.09074736066666667,,,,
x86_64-unknown-linux-gnu,bit-vec,0.9.1,tests::test_big_difference,full,success,0.09051291300000001,,,,
x86_64-unknown-linux-gnu,bit-vec,0.9.1,tests::test_big_fill,full,success,0.08886535266666667,,,,
x86_64-unknown-linux-gnu,bit-vec,0.9.1,tests::test_big_xnor,full,success,0.089887677,,,,
x86_64-unknown-linux-gnu,bit-vec,0.9.1,tests::test_big_xor,full,success,0.090124719,,,,
x86_64-unknown-linux-gnu,bit-vec,0.9.1,tests::test_bit_vec_append,full,success,0.11579073833333335,,,,
x86_64-unknown-linux-gnu,bit-vec,0.9.1,tests::test_bit_vec_append_aligned_to_unaligned,full,success,0.09546961600000002,,,,
x86_64-unknown-linux-gnu,bit-vec,0.9.1,tests::test_bit_vec_extend,full,success,0.09402197533333334,,,,
x86_64-unknown-linux-gnu,bit-vec,0.9.1,tests::test_bit_vec_grow,full,success,0.09320962833333334,,,,
x86_64-unknown-linux-gnu,bit-vec,0.9.1,tests::test_bit_vec_lt,full,success,0.09482061833333333,,,,
x86_64-unknown-linux-gnu,bit-vec,0.9.1,tests::test_bit_vec_push_pop,full,success,0.09211624433333333,,,,
x86_64-unknown-linux-gnu,bit-vec,0.9.1,tests::test_bit_vec_reserve,full,success,0.09291638266666669,,,,
x86_64-unknown-linux-gnu,bit-vec,0.9.1,tests::test_bit_vec_split_off,full,success,0.108367632,,,,
x86_64-unknown-linux-gnu,bit-vec,0.9.1,tests::test_bit_vec_truncate,full,success,0.10655045766666667,,,,
x86_64-unknown-linux-gnu,bit-vec,0.9.1,tests::test_bit_vec_unaligned_large_append,full,success,0.10823827866666667,,,,
x86_64-unknown-linux-gnu,bit-vec,0.9.1,tests::test_bit_vec_unaligned_small_append,full,success,0.09040437066666666,,,,
x86_64-unknown-linux-gnu,bit-vec,0.9.1,tests::test_count_ones,full,success,3.0880784573333333,,,,
x86_64-unknown-linux-gnu,bit-vec,0.9.1,tests::test_count_zeros,full,success,3.1545912216666667,,,,
x86_64-unknown-linux-gnu,bit-vec,0.9.1,tests::test_debug_output,full,success,0.11078346600000001,,,,
x86_64-unknown-linux-gnu,bit-vec,0.9.1,tests::test_display_output,full,success,0.08961432166666666,,,,
x86_64-unknown-linux-gnu,bit-vec,0.9.1,tests::test_equal_differing_sizes,full,success,0.09258967966666666,,,,
x86_64-unknown-linux-gnu,bit-vec,0.9.1,tests::test_equal_greatly_differing_sizes,full,success,0.091554894,,,,
x86_64-unknown-linux-gnu,bit-vec,0.9.1,tests::test_equal_sneaky_big,full,success,0.11163095033333335,,,,
x86_64-unknown-linux-gnu,bit-vec,0.9.1,tests::test_equal_sneaky_small,full,success,0.09313560733333333,,,,
x86_64-unknown-linux-gnu,bit-vec,0.9.1,tests::test_from_bools,full,success,0.09195570266666668,,,,
x86_64-unknown-linux-gnu,bit-vec,0.9.1,tests::test_from_bytes,full,success,0.09852612300000001,,,,
x86_64-unknown-linux-gnu,bit-vec,0.9.1,tests::test_get_mut,full,success,0.08848167966666666,,,,
x86_64-unknown-linux-gnu,bit-vec,0.9.1,tests::test_insert_at_block_boundaries,full,success,0.09264777966666667,,,,
x86_64-unknown-linux-gnu,bit-vec,0.9.1,tests::test_insert_at_block_boundaries_1,full,success,0.10899864166666667,,,,
x86_64-unknown-linux-gnu,bit-vec,0.9.1,tests::test_insert_at_end,full,success,0.09132181266666667,,,,
x86_64-unknown-linux-gnu,bit-vec,0.9.1,tests::test_insert_at_zero,full,success,0.09612085533333332,,,,
x86_64-unknown-linux-gnu,bit-vec,0.9.1,tests::test_insert_remove,full,success,17.356461923,,,,
x86_64-unknown-linux-gnu,bit-vec,0.9.1,tests::test_into_iter,full,success,0.09768654366666667,,,,
x86_64-unknown-linux-gnu,bit-vec,0.9.1,tests::test_iter_mut,full,success,0.09389036766666668,,,,
x86_64-unknown-linux-gnu,bit-vec,0.9.1,tests::test_ord,full,success,0.09289069066666666,,,,
x86_64-unknown-linux-gnu,bit-vec,0.9.1,tests::test_push_within_capacity_at_brink,full,success,0.09050265266666668,,,,
x86_64-unknown-linux-gnu,bit-vec,0.9.1,tests::test_push_within_capacity_at_brink_with_mul_blocks,full,success,0.09738637300000001,,,,
x86_64-unknown-linux-gnu,bit-vec,0.9.1,tests::test_push_within_capacity_storage_push,full,success,0.09871170966666666,,,,
x86_64-unknown-linux-gnu,bit-vec,0.9.1,tests::test_push_within_capacity_with_suffice_cap,full,success,0.09068498600000001,,,,
x86_64-unknown-linux-gnu,bit-vec,0.9.1,tests::test_remove_all,full,success,0.2591442696666667,,,,
x86_64-unknown-linux-gnu,bit-vec,0.9.1,tests::test_remove_last,full,success,0.20521577366666668,,,,
x86_64-unknown-linux-gnu,bit-vec,0.9.1,tests::test_small_bit_vec_tests,full,success,0.09138658266666666,,,,
x86_64-unknown-linux-gnu,bit-vec,0.9.1,tests::test_small_difference,full,success,0.10231278866666667,,,,
x86_64-unknown-linux-gnu,bit-vec,0.9.1,tests::test_small_fill,full,success,0.08901056866666666,,,,
x86_64-unknown-linux-gnu,bit-vec,0.9.1,tests::test_small_nand,full,success,0.08932817233333334,,,,
x86_64-unknown-linux-gnu,bit-vec,0.9.1,tests::test_small_nor,full,success,0.09427211033333334,,,,
x86_64-unknown-linux-gnu,bit-vec,0.9.1,tests::test_small_xnor,full,success,0.091747922,,,,
x86_64-unknown-linux-gnu,bit-vec,0.9.1,tests::test_small_xor,full,success,0.09706899566666667,,,,
x86_64-unknown-linux-gnu,bit-vec,0.9.1,tests::test_to_bools,full,success,0.09271892066666666,,,,
x86_64-unknown-linux-gnu,bit-vec,0.9.1,tests::test_to_bytes,full,success,0.09226889500000002,,,,
x86_64-unknown-linux-gnu,bumpalo,3.20.3,tests::allocated_bytes,full,success,0.13447928766666667,,,,
x86_64-unknown-linux-gnu,bumpalo,3.20.3,tests::chunk_footer_is_five_words,full,success,0.1387332676666667,,,,
x86_64-unknown-linux-gnu,bumpalo,3.20.3,tests::invalid_read,full,success,0.13745621666666666,,,,
x86_64-unknown-linux-gnu,bumpalo,3.20.3,tests::realloc_old_size_zero,full,success,0.14183075033333337,,,,
x86_64-unknown-linux-gnu,bumpalo,3.20.3,tests::test_realloc,full,success,0.138609645,,,,
x86_64-unknown-linux-gnu,byteorder,1.5.0,test::regression173_array_impl,full,success,0.135916475,,,,
x86_64-unknown-linux-gnu,byteorder,1.5.0,test::slice_len_too_big_i128::read_big_endian,full,success,0.14886043333333335,,,,
x86_64-unknown-linux-gnu,byteorder,1.5.0,test::slice_len_too_big_i128::read_little_endian,full,success,0.14673952233333334,,,,
x86_64-unknown-linux-gnu,byteorder,1.5.0,test::slice_len_too_big_i128::read_native_endian,full,success,0.13758594433333335,,,,
x86_64-unknown-linux-gnu,byteorder,1.5.0,test::slice_len_too_big_i128::write_big_endian,full,success,0.1514959366666667,,,,
x86_64-unknown-linux-gnu,byteorder,1.5.0,test::slice_len_too_big_i128::write_little_endian,full,success,0.14403137266666666,,,,
x86_64-unknown-linux-gnu,byteorder,1.5.0,test::slice_len_too_big_i128::write_native_endian,full,success,0.143802344,,,,
x86_64-unknown-linux-gnu,byteorder,1.5.0,test::slice_len_too_big_i16::read_big_endian,full,success,0.14824686566666667,,,,
x86_64-unknown-linux-gnu,byteorder,1.5.0,test::slice_len_too_big_i16::read_little_endian,full,success,0.13757570533333333,,,,
x86_64-unknown-linux-gnu,byteorder,1.5.0,test::slice_len_too_big_i16::read_native_endian,full,success,0.14455626466666668,,,,
x86_64-unknown-linux-gnu,byteorder,1.5.0,test::slice_len_too_big_i16::write_big_endian,full,success,0.14925573033333334,,,,
x86_64-unknown-linux-gnu,byteorder,1.5.0,test::slice_len_too_big_i16::write_little_endian,full,success,0.13808240100000002,,,,
x86_64-unknown-linux-gnu,byteorder,1.5.0,test::slice_len_too_big_i16::write_native_endian,full,success,0.13977293433333335,,,,
x86_64-unknown-linux-gnu,byteorder,1.5.0,test::slice_len_too_big_i32::read_big_endian,full,success,0.14096637166666667,,,,
x86_64-unknown-linux-gnu,byteorder,1.5.0,test::slice_len_too_big_i32::read_little_endian,full,success,0.13648855533333334,,,,
x86_64-unknown-linux-gnu,byteorder,1.5.0,test::slice_len_too_big_i32::read_native_endian,full,success,0.14093349433333335,,,,
x86_64-unknown-linux-gnu,byteorder,1.5.0,test::slice_len_too_big_i32::write_big_endian,full,success,0.14049697066666667,,,,
x86_64-unknown-linux-gnu,byteorder,1.5.0,test::slice_len_too_big_i32::write_little_endian,full,success,0.1450182226666667,,,,
x86_64-unknown-linux-gnu,byteorder,1.5.0,test::slice_len_too_big_i32::write_native_endian,full,success,0.13962675633333335,,,,
x86_64-unknown-linux-gnu,byteorder,1.5.0,test::slice_len_too_big_i64::read_big_endian,full,success,0.14906216666666666,,,,
x86_64-unknown-linux-gnu,byteorder,1.5.0,test::slice_len_too_big_i64::read_little_endian,full,success,0.14034027733333335,,,,
x86_64-unknown-linux-gnu,byteorder,1.5.0,test::slice_len_too_big_i64::read_native_endian,full,success,0.13975134066666667,,,,
x86_64-unknown-linux-gnu,byteorder,1.5.0,test::slice_len_too_big_i64::write_big_endian,full,success,0.1371500666666667,,,,
x86_64-unknown-linux-gnu,byteorder,1.5.0,test::slice_len_too_big_i64::write_little_endian,full,success,0.1405921476666667,,,,
x86_64-unknown-linux-gnu,byteorder,1.5.0,test::slice_len_too_big_i64::write_native_endian,full,success,0.146292684,,,,
x86_64-unknown-linux-gnu,byteorder,1.5.0,test::slice_len_too_big_u128::read_big_endian,full,success,0.14544610700000002,,,,
x86_64-unknown-linux-gnu,byteorder,1.5.0,test::slice_len_too_big_u128::read_little_endian,full,success,0.14143183233333334,,,,
x86_64-unknown-linux-gnu,byteorder,1.5.0,test::slice_len_too_big_u128::read_native_endian,full,success,0.14124296233333333,,,,
x86_64-unknown-linux-gnu,byteorder,1.5.0,test::slice_len_too_big_u128::write_big_endian,full,success,0.140173291,,,,
x86_64-unknown-linux-gnu,byteorder,1.5.0,test::slice_len_too_big_u128::write_little_endian,full,success,0.14256807433333335,,,,
x86_64-unknown-linux-gnu,byteorder,1.5.0,test::slice_len_too_big_u128::write_native_endian,full,success,0.14812650433333333,,,,
x86_64-unknown-linux-gnu,byteorder,1.5.0,test::slice_len_too_big_u16::read_big_endian,full,success,0.14087608866666668,,,,
x86_64-unknown-linux-gnu,byteorder,1.5.0,test::slice_len_too_big_u16::read_little_endian,full,success,0.1462623736666667,,,,
x86_64-unknown-linux-gnu,byteorder,1.5.0,test::slice_len_too_big_u16::read_native_endian,full,success,0.14316677066666667,,,,
x86_64-unknown-linux-gnu,byteorder,1.5.0,test::slice_len_too_big_u16::write_big_endian,full,success,0.13813441766666668,,,,
x86_64-unknown-linux-gnu,byteorder,1.5.0,test::slice_len_too_big_u16::write_little_endian,full,success,0.13721762933333334,,,,
x86_64-unknown-linux-gnu,byteorder,1.5.0,test::slice_len_too_big_u16::write_native_endian,full,success,0.13693186499999999,,,,
x86_64-unknown-linux-gnu,byteorder,1.5.0,test::slice_len_too_big_u32::read_big_endian,full,success,0.146658541,,,,
x86_64-unknown-linux-gnu,byteorder,1.5.0,test::slice_len_too_big_u32::read_little_endian,full,success,0.14083635800000002,,,,
x86_64-unknown-linux-gnu,byteorder,1.5.0,test::slice_len_too_big_u32::read_native_endian,full,success,0.14342667500000003,,,,
x86_64-unknown-linux-gnu,byteorder,1.5.0,test::slice_len_too_big_u32::write_big_endian,full,success,0.1427946996666667,,,,
x86_64-unknown-linux-gnu,byteorder,1.5.0,test::slice_len_too_big_u32::write_little_endian,full,success,0.14339450466666667,,,,
x86_64-unknown-linux-gnu,byteorder,1.5.0,test::slice_len_too_big_u32::write_native_endian,full,success,0.13855771166666667,,,,
x86_64-unknown-linux-gnu,byteorder,1.5.0,test::slice_len_too_big_u64::read_big_endian,full,success,0.14563824766666666,,,,
x86_64-unknown-linux-gnu,byteorder,1.5.0,test::slice_len_too_big_u64::read_little_endian,full,success,0.14146532666666667,,,,
x86_64-unknown-linux-gnu,byteorder,1.5.0,test::slice_len_too_big_u64::read_native_endian,full,success,0.15054880500000004,,,,
x86_64-unknown-linux-gnu,byteorder,1.5.0,test::slice_len_too_big_u64::write_big_endian,full,success,0.14236415100000002,,,,
x86_64-unknown-linux-gnu,byteorder,1.5.0,test::slice_len_too_big_u64::write_little_endian,full,success,0.14894000966666668,,,,
x86_64-unknown-linux-gnu,byteorder,1.5.0,test::slice_len_too_big_u64::write_native_endian,full,success,0.137107617,,,,
x86_64-unknown-linux-gnu,byteorder,1.5.0,test::slice_len_too_small_i128::read_big_endian,full,success,0.13709832600000002,,,,
x86_64-unknown-linux-gnu,byteorder,1.5.0,test::slice_len_too_small_i128::read_little_endian,full,success,0.13971524933333335,,,,
x86_64-unknown-linux-gnu,byteorder,1.5.0,test::slice_len_too_small_i128::read_native_endian,full,success,0.14329301866666666,,,,
x86_64-unknown-linux-gnu,byteorder,1.5.0,test::slice_len_too_small_i128::write_big_endian,full,success,0.14162848166666667,,,,
x86_64-unknown-linux-gnu,byteorder,1.5.0,test::slice_len_too_small_i128::write_little_endian,full,success,0.14412404433333334,,,,
x86_64-unknown-linux-gnu,byteorder,1.5.0,test::slice_len_too_small_i128::write_native_endian,full,success,0.144071994,,,,
x86_64-unknown-linux-gnu,byteorder,1.5.0,test::slice_len_too_small_i16::read_big_endian,full,success,0.14029441366666665,,,,
x86_64-unknown-linux-gnu,byteorder,1.5.0,test::slice_len_too_small_i16::read_little_endian,full,success,0.14171909733333335,,,,
x86_64-unknown-linux-gnu,byteorder,1.5.0,test::slice_len_too_small_i16::read_native_endian,full,success,0.144978933,,,,
x86_64-unknown-linux-gnu,byteorder,1.5.0,test::slice_len_too_small_i16::write_big_endian,full,success,0.14032176100000002,,,,
x86_64-unknown-linux-gnu,byteorder,1.5.0,test::slice_len_too_small_i16::write_little_endian,full,success,0.14662902833333333,,,,
x86_64-unknown-linux-gnu,byteorder,1.5.0,test::slice_len_too_small_i16::write_native_endian,full,success,0.15354882300000003,,,,
x86_64-unknown-linux-gnu,byteorder,1.5.0,test::slice_len_too_small_i32::read_big_endian,full,success,0.13854648100000003,,,,
x86_64-unknown-linux-gnu,byteorder,1.5.0,test::slice_len_too_small_i32::read_little_endian,full,success,0.14278190633333335,,,,
x86_64-unknown-linux-gnu,byteorder,1.5.0,test::slice_len_too_small_i32::read_native_endian,full,success,0.139228876,,,,
x86_64-unknown-linux-gnu,byteorder,1.5.0,test::slice_len_too_small_i32::write_big_endian,full,success,0.14168756000000002,,,,
x86_64-unknown-linux-gnu,byteorder,1.5.0,test::slice_len_too_small_i32::write_little_endian,full,success,0.15676582,,,,
x86_64-unknown-linux-gnu,byteorder,1.5.0,test::slice_len_too_small_i32::write_native_endian,full,success,0.141315992,,,,
x86_64-unknown-linux-gnu,byteorder,1.5.0,test::slice_len_too_small_i64::read_big_endian,full,success,0.15721965000000002,,,,
x86_64-unknown-linux-gnu,byteorder,1.5.0,test::slice_len_too_small_i64::read_little_endian,full,success,0.14133332133333334,,,,
x86_64-unknown-linux-gnu,byteorder,1.5.0,test::slice_len_too_small_i64::read_native_endian,full,success,0.144051004,,,,
x86_64-unknown-linux-gnu,byteorder,1.5.0,test::slice_len_too_small_i64::write_big_endian,full,success,0.1415784476666667,,,,
x86_64-unknown-linux-gnu,byteorder,1.5.0,test::slice_len_too_small_i64::write_little_endian,full,success,0.13887702833333335,,,,
x86_64-unknown-linux-gnu,byteorder,1.5.0,test::slice_len_too_small_i64::write_native_endian,full,success,0.14115807933333335,,,,
x86_64-unknown-linux-gnu,byteorder,1.5.0,test::slice_len_too_small_u128::read_big_endian,full,success,0.14347891433333335,,,,
x86_64-unknown-linux-gnu,byteorder,1.5.0,test::slice_len_too_small_u128::read_little_endian,full,success,0.14367104900000002,,,,
x86_64-unknown-linux-gnu,byteorder,1.5.0,test::slice_len_too_small_u128::read_native_endian,full,success,0.14720784033333334,,,,
x86_64-unknown-linux-gnu,byteorder,1.5.0,test::slice_len_too_small_u128::write_big_endian,full,success,0.13840611233333333,,,,
x86_64-unknown-linux-gnu,byteorder,1.5.0,test::slice_len_too_small_u128::write_little_endian,full,success,0.14589648433333333,,,,
x86_64-unknown-linux-gnu,byteorder,1.5.0,test::slice_len_too_small_u128::write_native_endian,full,success,0.13867377300000003,,,,
x86_64-unknown-linux-gnu,byteorder,1.5.0,test::slice_len_too_small_u16::read_big_endian,full,success,0.14517027066666666,,,,
x86_64-unknown-linux-gnu,byteorder,1.5.0,test::slice_len_too_small_u16::read_little_endian,full,success,0.142635484,,,,
x86_64-unknown-linux-gnu,byteorder,1.5.0,test::slice_len_too_small_u16::read_native_endian,full,success,0.14500484300000002,,,,
x86_64-unknown-linux-gnu,byteorder,1.5.0,test::slice_len_too_small_u16::write_big_endian,full,success,0.141789845,,,,
x86_64-unknown-linux-gnu,byteorder,1.5.0,test::slice_len_too_small_u16::write_little_endian,full,success,0.140545247,,,,
x86_64-unknown-linux-gnu,byteorder,1.5.0,test::slice_len_too_small_u16::write_native_endian,full,success,0.1438026536666667,,,,
x86_64-unknown-linux-gnu,byteorder,1.5.0,test::slice_len_too_small_u32::read_big_endian,full,success,0.14734175433333332,,,,
x86_64-unknown-linux-gnu,byteorder,1.5.0,test::slice_len_too_small_u32::read_little_endian,full,success,0.14040934,,,,
x86_64-unknown-linux-gnu,byteorder,1.5.0,test::slice_len_too_small_u32::read_native_endian,full,success,0.1426838526666667,,,,
x86_64-unknown-linux-gnu,byteorder,1.5.0,test::slice_len_too_small_u32::write_big_endian,full,success,0.14163697266666667,,,,
x86_64-unknown-linux-gnu,byteorder,1.5.0,test::slice_len_too_small_u32::write_little_endian,full,success,0.138468311,,,,
x86_64-unknown-linux-gnu,byteorder,1.5.0,test::slice_len_too_small_u32::write_native_endian,full,success,0.138806954,,,,
x86_64-unknown-linux-gnu,byteorder,1.5.0,test::slice_len_too_small_u64::read_big_endian,full,success,0.14478621733333333,,,,
x86_64-unknown-linux-gnu,byteorder,1.5.0,test::slice_len_too_small_u64::read_little_endian,full,success,0.14283591866666667,,,,
x86_64-unknown-linux-gnu,byteorder,1.5.0,test::slice_len_too_small_u64::read_native_endian,full,success,0.1379310546666667,,,,
x86_64-unknown-linux-gnu,byteorder,1.5.0,test::slice_len_too_small_u64::write_big_endian,full,success,0.14072723966666667,,,,
x86_64-unknown-linux-gnu,byteorder,1.5.0,test::slice_len_too_small_u64::write_little_endian,full,success,0.14175891266666668,,,,
x86_64-unknown-linux-gnu,byteorder,1.5.0,test::slice_len_too_small_u64::write_native_endian,full,success,0.1395850226666667,,,,
x86_64-unknown-linux-gnu,byteorder,1.5.0,test::small_f32::read_big_endian,full,success,0.14518804333333332,,,,
x86_64-unknown-linux-gnu,byteorder,1.5.0,test::small_f32::read_little_endian,full,success,0.14794985633333335,,,,
x86_64-unknown-linux-gnu,byteorder,1.5.0,test::small_f32::read_native_endian,full,success,0.14784447800000003,,,,
x86_64-unknown-linux-gnu,byteorder,1.5.0,test::small_f32::write_big_endian,full,success,0.14889542233333333,,,,
x86_64-unknown-linux-gnu,byteorder,1.5.0,test::small_f32::write_little_endian,full,success,0.14531841966666667,,,,
x86_64-unknown-linux-gnu,byteorder,1.5.0,test::small_f32::write_native_endian,full,success,0.14666641400000002,,,,
x86_64-unknown-linux-gnu,byteorder,1.5.0,test::small_f64::read_big_endian,full,success,0.14050083433333335,,,,
x86_64-unknown-linux-gnu,byteorder,1.5.0,test::small_f64::read_little_endian,full,success,0.15039928533333335,,,,
x86_64-unknown-linux-gnu,byteorder,1.5.0,test::small_f64::read_native_endian,full,success,0.14766712133333335,,,,
x86_64-unknown-linux-gnu,byteorder,1.5.0,test::small_f64::write_big_endian,full,success,0.15200649866666668,,,,
x86_64-unknown-linux-gnu,byteorder,1.5.0,test::small_f64::write_little_endian,full,success,0.14251089500000003,,,,
x86_64-unknown-linux-gnu,byteorder,1.5.0,test::small_f64::write_native_endian,full,success,0.1590169876666667,,,,
x86_64-unknown-linux-gnu,byteorder,1.5.0,test::small_i128::read_big_endian,full,success,0.14160901366666667,,,,
x86_64-unknown-linux-gnu,byteorder,1.5.0,test::small_i128::read_little_endian,full,success,0.14479755366666666,,,,
x86_64-unknown-linux-gnu,byteorder,1.5.0,test::small_i128::read_native_endian,full,success,0.14068470833333335,,,,
x86_64-unknown-linux-gnu,byteorder,1.5.0,test::small_i128::write_big_endian,full,success,0.138754825,,,,
x86_64-unknown-linux-gnu,byteorder,1.5.0,test::small_i128::write_little_endian,full,success,0.140022044,,,,
x86_64-unknown-linux-gnu,byteorder,1.5.0,test::small_i128::write_native_endian,full,success,0.14621546600000002,,,,
x86_64-unknown-linux-gnu,byteorder,1.5.0,test::small_i16::read_big_endian,full,success,0.14522531566666666,,,,
x86_64-unknown-linux-gnu,byteorder,1.5.0,test::small_i16::read_little_endian,full,success,0.14343936533333335,,,,
x86_64-unknown-linux-gnu,byteorder,1.5.0,test::small_i16::read_native_endian,full,success,0.13748330666666667,,,,
x86_64-unknown-linux-gnu,byteorder,1.5.0,test::small_i16::write_big_endian,full,success,0.13871402500000005,,,,
x86_64-unknown-linux-gnu,byteorder,1.5.0,test::small_i16::write_little_endian,full,success,0.13819000133333334,,,,
x86_64-unknown-linux-gnu,byteorder,1.5.0,test::small_i16::write_native_endian,full,success,0.14127661833333335,,,,
x86_64-unknown-linux-gnu,byteorder,1.5.0,test::small_i32::read_big_endian,full,success,0.13723111133333332,,,,
x86_64-unknown-linux-gnu,byteorder,1.5.0,test::small_i32::read_little_endian,full,success,0.14164397833333334,,,,
x86_64-unknown-linux-gnu,byteorder,1.5.0,test::small_i32::read_native_endian,full,success,0.13840245833333334,,,,
x86_64-unknown-linux-gnu,byteorder,1.5.0,test::small_i32::write_big_endian,full,success,0.13959831266666667,,,,
x86_64-unknown-linux-gnu,byteorder,1.5.0,test::small_i32::write_little_endian,full,success,0.14518245800000004,,,,
x86_64-unknown-linux-gnu,byteorder,1.5.0,test::small_i32::write_native_endian,full,success,0.138736667,,,,
x86_64-unknown-linux-gnu,byteorder,1.5.0,test::small_i64::read_big_endian,full,success,0.13766927366666667,,,,
x86_64-unknown-linux-gnu,byteorder,1.5.0,test::small_i64::read_little_endian,full,success,0.1436606016666667,,,,
x86_64-unknown-linux-gnu,byteorder,1.5.0,test::small_i64::read_native_endian,full,success,0.14369511000000001,,,,
x86_64-unknown-linux-gnu,byteorder,1.5.0,test::small_i64::write_big_endian,full,success,0.14518558733333334,,,,
x86_64-unknown-linux-gnu,byteorder,1.5.0,test::small_i64::write_little_endian,full,success,0.14154731633333337,,,,
x86_64-unknown-linux-gnu,byteorder,1.5.0,test::small_i64::write_native_endian,full,success,0.14456186266666668,,,,
x86_64-unknown-linux-gnu,byteorder,1.5.0,test::small_int128_10::read_big_endian,full,success,0.13984942366666667,,,,
x86_64-unknown-linux-gnu,byteorder,1.5.0,test::small_int128_10::read_little_endian,full,success,0.14388701766666667,,,,
x86_64-unknown-linux-gnu,byteorder,1.5.0,test::small_int128_10::read_native_endian,full,success,0.13651376433333332,,,,
x86_64-unknown-linux-gnu,byteorder,1.5.0,test::small_int128_11::read_big_endian,full,success,0.1371202056666667,,,,
x86_64-unknown-linux-gnu,byteorder,1.5.0,test::small_int128_11::read_little_endian,full,success,0.13789899533333336,,,,
x86_64-unknown-linux-gnu,byteorder,1.5.0,test::small_int128_11::read_native_endian,full,success,0.13902959666666667,,,,
x86_64-unknown-linux-gnu,byteorder,1.5.0,test::small_int128_12::read_big_endian,full,success,0.14030843499999998,,,,
x86_64-unknown-linux-gnu,byteorder,1.5.0,test::small_int128_12::read_little_endian,full,success,0.13979247366666667,,,,
x86_64-unknown-linux-gnu,byteorder,1.5.0,test::small_int128_12::read_native_endian,full,success,0.14439808233333334,,,,
x86_64-unknown-linux-gnu,byteorder,1.5.0,test::small_int128_13::read_big_endian,full,success,0.138939146,,,,
x86_64-unknown-linux-gnu,byteorder,1.5.0,test::small_int128_13::read_little_endian,full,success,0.13841868466666665,,,,
x86_64-unknown-linux-gnu,byteorder,1.5.0,test::small_int128_13::read_native_endian,full,success,0.143860067,,,,
x86_64-unknown-linux-gnu,byteorder,1.5.0,test::small_int128_14::read_big_endian,full,success,0.14323927133333336,,,,
x86_64-unknown-linux-gnu,byteorder,1.5.0,test::small_int128_14::read_little_endian,full,success,0.14372261466666666,,,,
x86_64-unknown-linux-gnu,byteorder,1.5.0,test::small_int128_14::read_native_endian,full,success,0.13945717300000002,,,,
x86_64-unknown-linux-gnu,byteorder,1.5.0,test::small_int128_15::read_big_endian,full,success,0.1432630526666667,,,,
x86_64-unknown-linux-gnu,byteorder,1.5.0,test::small_int128_15::read_little_endian,full,success,0.14354722666666667,,,,
x86_64-unknown-linux-gnu,byteorder,1.5.0,test::small_int128_15::read_native_endian,full,success,0.1353464166666667,,,,
x86_64-unknown-linux-gnu,byteorder,1.5.0,test::small_int128_1::read_big_endian,full,success,0.14074541833333334,,,,
x86_64-unknown-linux-gnu,byteorder,1.5.0,test::small_int128_1::read_little_endian,full,success,0.14563748366666665,,,,
x86_64-unknown-linux-gnu,byteorder,1.5.0,test::small_int128_1::read_native_endian,full,success,0.14041254066666667,,,,
x86_64-unknown-linux-gnu,byteorder,1.5.0,test::small_int128_2::read_big_endian,full,success,0.141311603,,,,
x86_64-unknown-linux-gnu,byteorder,1.5.0,test::small_int128_2::read_little_endian,full,success,0.14669532633333335,,,,
x86_64-unknown-linux-gnu,byteorder,1.5.0,test::small_int128_2::read_native_endian,full,success,0.13857025866666664,,,,
x86_64-unknown-linux-gnu,byteorder,1.5.0,test::small_int128_3::read_big_endian,full,success,0.14600523066666668,,,,
x86_64-unknown-linux-gnu,byteorder,1.5.0,test::small_int128_3::read_little_endian,full,success,0.1488218576666667,,,,
x86_64-unknown-linux-gnu,byteorder,1.5.0,test::small_int128_3::read_native_endian,full,success,0.13499852833333334,,,,
x86_64-unknown-linux-gnu,byteorder,1.5.0,test::small_int128_4::read_big_endian,full,success,0.13919030166666668,,,,
x86_64-unknown-linux-gnu,byteorder,1.5.0,test::small_int128_4::read_little_endian,full,success,0.14348092033333334,,,,
x86_64-unknown-linux-gnu,byteorder,1.5.0,test::small_int128_4::read_native_endian,full,success,0.14257941933333337,,,,
x86_64-unknown-linux-gnu,byteorder,1.5.0,test::small_int128_5::read_big_endian,full,success,0.13565392033333334,,,,
x86_64-unknown-linux-gnu,byteorder,1.5.0,test::small_int128_5::read_little_endian,full,success,0.137375159,,,,
x86_64-unknown-linux-gnu,byteorder,1.5.0,test::small_int128_5::read_native_endian,full,success,0.1370649833333333,,,,
x86_64-unknown-linux-gnu,byteorder,1.5.0,test::small_int128_6::read_big_endian,full,success,0.13698823000000002,,,,
x86_64-unknown-linux-gnu,byteorder,1.5.0,test::small_int128_6::read_little_endian,full,success,0.13608873766666665,,,,
x86_64-unknown-linux-gnu,byteorder,1.5.0,test::small_int128_6::read_native_endian,full,success,0.144858878,,,,
x86_64-unknown-linux-gnu,byteorder,1.5.0,test::small_int128_7::read_big_endian,full,success,0.13824293099999999,,,,
x86_64-unknown-linux-gnu,byteorder,1.5.0,test::small_int128_7::read_little_endian,full,success,0.13829563166666667,,,,
x86_64-unknown-linux-gnu,byteorder,1.5.0,test::small_int128_7::read_native_endian,full,success,0.13857875500000003,,,,
x86_64-unknown-linux-gnu,byteorder,1.5.0,test::small_int128_8::read_big_endian,full,success,0.1418080446666667,,,,
x86_64-unknown-linux-gnu,byteorder,1.5.0,test::small_int128_8::read_little_endian,full,success,0.14874084,,,,
x86_64-unknown-linux-gnu,byteorder,1.5.0,test::small_int128_8::read_native_endian,full,success,0.1483162856666667,,,,
x86_64-unknown-linux-gnu,byteorder,1.5.0,test::small_int128_9::read_big_endian,full,success,0.14546669333333337,,,,
x86_64-unknown-linux-gnu,byteorder,1.5.0,test::small_int128_9::read_little_endian,full,success,0.1369546,,,,
x86_64-unknown-linux-gnu,byteorder,1.5.0,test::small_int128_9::read_native_endian,full,success,0.13626334066666668,,,,
x86_64-unknown-linux-gnu,byteorder,1.5.0,test::small_int_1::read_big_endian,full,success,0.139958622,,,,
x86_64-unknown-linux-gnu,byteorder,1.5.0,test::small_int_1::read_little_endian,full,success,0.14910539966666667,,,,
x86_64-unknown-linux-gnu,byteorder,1.5.0,test::small_int_1::read_native_endian,full,success,0.13735665233333336,,,,
x86_64-unknown-linux-gnu,byteorder,1.5.0,test::small_int_2::read_big_endian,full,success,0.136650865,,,,
x86_64-unknown-linux-gnu,byteorder,1.5.0,test::small_int_2::read_little_endian,full,success,0.13659716800000002,,,,
x86_64-unknown-linux-gnu,byteorder,1.5.0,test::small_int_2::read_native_endian,full,success,0.13701562833333333,,,,
x86_64-unknown-linux-gnu,byteorder,1.5.0,test::small_int_3::read_big_endian,full,success,0.13819214900000001,,,,
x86_64-unknown-linux-gnu,byteorder,1.5.0,test::small_int_3::read_little_endian,full,success,0.14604372766666668,,,,
x86_64-unknown-linux-gnu,byteorder,1.5.0,test::small_int_3::read_native_endian,full,success,0.13746540966666668,,,,
x86_64-unknown-linux-gnu,byteorder,1.5.0,test::small_int_4::read_big_endian,full,success,0.13673152133333336,,,,
x86_64-unknown-linux-gnu,byteorder,1.5.0,test::small_int_4::read_little_endian,full,success,0.14074706666666667,,,,
x86_64-unknown-linux-gnu,byteorder,1.5.0,test::small_int_4::read_native_endian,full,success,0.13642500766666668,,,,
x86_64-unknown-linux-gnu,byteorder,1.5.0,test::small_int_5::read_big_endian,full,success,0.143258797,,,,
x86_64-unknown-linux-gnu,byteorder,1.5.0,test::small_int_5::read_little_endian,full,success,0.14590552966666667,,,,
x86_64-unknown-linux-gnu,byteorder,1.5.0,test::small_int_5::read_native_endian,full,success,0.14244886233333334,,,,
x86_64-unknown-linux-gnu,byteorder,1.5.0,test::small_int_6::read_big_endian,full,success,0.14375594666666666,,,,
x86_64-unknown-linux-gnu,byteorder,1.5.0,test::small_int_6::read_little_endian,full,success,0.142139868,,,,
x86_64-unknown-linux-gnu,byteorder,1.5.0,test::small_int_6::read_native_endian,full,success,0.14101080666666668,,,,
x86_64-unknown-linux-gnu,byteorder,1.5.0,test::small_int_7::read_big_endian,full,success,0.14633921633333336,,,,
x86_64-unknown-linux-gnu,byteorder,1.5.0,test::small_int_7::read_little_endian,full,success,0.14571738733333336,,,,
x86_64-unknown-linux-gnu,byteorder,1.5.0,test::small_int_7::read_native_endian,full,success,0.142900896,,,,
x86_64-unknown-linux-gnu,byteorder,1.5.0,test::small_u128::read_big_endian,full,success,0.14913992466666667,,,,
x86_64-unknown-linux-gnu,byteorder,1.5.0,test::small_u128::read_little_endian,full,success,0.14292471833333334,,,,
x86_64-unknown-linux-gnu,byteorder,1.5.0,test::small_u128::read_native_endian,full,success,0.14051790333333336,,,,
x86_64-unknown-linux-gnu,byteorder,1.5.0,test::small_u128::write_big_endian,full,success,0.141111854,,,,
x86_64-unknown-linux-gnu,byteorder,1.5.0,test::small_u128::write_little_endian,full,success,0.14700408300000004,,,,
x86_64-unknown-linux-gnu,byteorder,1.5.0,test::small_u128::write_native_endian,full,success,0.13843940333333335,,,,
x86_64-unknown-linux-gnu,byteorder,1.5.0,test::small_u16::read_big_endian,full,success,0.14222290533333334,,,,
x86_64-unknown-linux-gnu,byteorder,1.5.0,test::small_u16::read_little_endian,full,success,0.13632651433333332,,,,
x86_64-unknown-linux-gnu,byteorder,1.5.0,test::small_u16::read_native_endian,full,success,0.14894435866666667,,,,
x86_64-unknown-linux-gnu,byteorder,1.5.0,test::small_u16::write_big_endian,full,success,0.14845048866666666,,,,
x86_64-unknown-linux-gnu,byteorder,1.5.0,test::small_u16::write_little_endian,full,success,0.14218960933333336,,,,
x86_64-unknown-linux-gnu,byteorder,1.5.0,test::small_u16::write_native_endian,full,success,0.14007757633333334,,,,
x86_64-unknown-linux-gnu,byteorder,1.5.0,test::small_u32::read_big_endian,full,success,0.142725577,,,,
x86_64-unknown-linux-gnu,byteorder,1.5.0,test::small_u32::read_little_endian,full,success,0.14359730766666667,,,,
x86_64-unknown-linux-gnu,byteorder,1.5.0,test::small_u32::read_native_endian,full,success,0.138412306,,,,
x86_64-unknown-linux-gnu,byteorder,1.5.0,test::small_u32::write_big_endian,full,success,0.13952120633333334,,,,
x86_64-unknown-linux-gnu,byteorder,1.5.0,test::small_u32::write_little_endian,full,success,0.13843196500000002,,,,
x86_64-unknown-linux-gnu,byteorder,1.5.0,test::small_u32::write_native_endian,full,success,0.13657755200000002,,,,
x86_64-unknown-linux-gnu,byteorder,1.5.0,test::small_u64::read_big_endian,full,success,0.140542465,,,,
x86_64-unknown-linux-gnu,byteorder,1.5.0,test::small_u64::read_little_endian,full,success,0.13994229666666666,,,,
x86_64-unknown-linux-gnu,byteorder,1.5.0,test::small_u64::read_native_endian,full,success,0.14271099733333337,,,,
x86_64-unknown-linux-gnu,byteorder,1.5.0,test::small_u64::write_big_endian,full,success,0.137982456,,,,
x86_64-unknown-linux-gnu,byteorder,1.5.0,test::small_u64::write_little_endian,full,success,0.14003341333333333,,,,
x86_64-unknown-linux-gnu,byteorder,1.5.0,test::small_u64::write_native_endian,full,success,0.1449748316666667,,,,
x86_64-unknown-linux-gnu,byteorder,1.5.0,test::small_uint128_10::read_big_endian,full,success,0.13762208166666667,,,,
x86_64-unknown-linux-gnu,byteorder,1.5.0,test::small_uint128_10::read_little_endian,full,success,0.13934534466666668,,,,
x86_64-unknown-linux-gnu,byteorder,1.5.0,test::small_uint128_10::read_native_endian,full,success,0.14717252666666666,,,,
x86_64-unknown-linux-gnu,byteorder,1.5.0,test::small_uint128_11::read_big_endian,full,success,0.14035239133333333,,,,
x86_64-unknown-linux-gnu,byteorder,1.5.0,test::small_uint128_11::read_little_endian,full,success,0.13844834033333334,,,,
x86_64-unknown-linux-gnu,byteorder,1.5.0,test::small_uint128_11::read_native_endian,full,success,0.14399857333333335,,,,
x86_64-unknown-linux-gnu,byteorder,1.5.0,test::small_uint128_12::read_big_endian,full,success,0.13848039,,,,
x86_64-unknown-linux-gnu,byteorder,1.5.0,test::small_uint128_12::read_little_endian,full,success,0.1434037576666667,,,,
x86_64-unknown-linux-gnu,byteorder,1.5.0,test::small_uint128_12::read_native_endian,full,success,0.14789987000000002,,,,
x86_64-unknown-linux-gnu,byteorder,1.5.0,test::small_uint128_13::read_big_endian,full,success,0.14065687433333332,,,,
x86_64-unknown-linux-gnu,byteorder,1.5.0,test::small_uint128_13::read_little_endian,full,success,0.1397084536666667,,,,
x86_64-unknown-linux-gnu,byteorder,1.5.0,test::small_uint128_13::read_native_endian,full,success,0.150952612,,,,
x86_64-unknown-linux-gnu,byteorder,1.5.0,test::small_uint128_14::read_big_endian,full,success,0.13812248700000002,,,,
x86_64-unknown-linux-gnu,byteorder,1.5.0,test::small_uint128_14::read_little_endian,full,success,0.14667445433333334,,,,
x86_64-unknown-linux-gnu,byteorder,1.5.0,test::small_uint128_14::read_native_endian,full,success,0.150286968,,,,
x86_64-unknown-linux-gnu,byteorder,1.5.0,test::small_uint128_15::read_big_endian,full,success,0.14459471766666665,,,,
x86_64-unknown-linux-gnu,byteorder,1.5.0,test::small_uint128_15::read_little_endian,full,success,0.1435036696666667,,,,
x86_64-unknown-linux-gnu,byteorder,1.5.0,test::small_uint128_15::read_native_endian,full,success,0.143870952,,,,
x86_64-unknown-linux-gnu,byteorder,1.5.0,test::small_uint128_1::read_big_endian,full,success,0.13994402500000003,,,,
x86_64-unknown-linux-gnu,byteorder,1.5.0,test::small_uint128_1::read_little_endian,full,success,0.139499531,,,,
x86_64-unknown-linux-gnu,byteorder,1.5.0,test::small_uint128_1::read_native_endian,full,success,0.14583828266666668,,,,
x86_64-unknown-linux-gnu,byteorder,1.5.0,test::small_uint128_2::read_big_endian,full,success,0.14451571,,,,
x86_64-unknown-linux-gnu,byteorder,1.5.0,test::small_uint128_2::read_little_endian,full,success,0.13892256333333333,,,,
x86_64-unknown-linux-gnu,byteorder,1.5.0,test::small_uint128_2::read_native_endian,full,success,0.14508493433333333,,,,
x86_64-unknown-linux-gnu,byteorder,1.5.0,test::small_uint128_3::read_big_endian,full,success,0.145894886,,,,
x86_64-unknown-linux-gnu,byteorder,1.5.0,test::small_uint128_3::read_little_endian,full,success,0.14523283133333334,,,,
x86_64-unknown-linux-gnu,byteorder,1.5.0,test::small_uint128_3::read_native_endian,full,success,0.14436148666666668,,,,
x86_64-unknown-linux-gnu,byteorder,1.5.0,test::small_uint128_4::read_big_endian,full,success,0.14243406900000002,,,,
x86_64-unknown-linux-gnu,byteorder,1.5.0,test::small_uint128_4::read_little_endian,full,success,0.1407074766666667,,,,
x86_64-unknown-linux-gnu,byteorder,1.5.0,test::small_uint128_4::read_native_endian,full,success,0.14561881066666668,,,,
x86_64-unknown-linux-gnu,byteorder,1.5.0,test::small_uint128_5::read_big_endian,full,success,0.14095855966666668,,,,
x86_64-unknown-linux-gnu,byteorder,1.5.0,test::small_uint128_5::read_little_endian,full,success,0.140671152,,,,
x86_64-unknown-linux-gnu,byteorder,1.5.0,test::small_uint128_5::read_native_endian,full,success,0.14310108800000002,,,,
x86_64-unknown-linux-gnu,byteorder,1.5.0,test::small_uint128_6::read_big_endian,full,success,0.14056358433333335,,,,
x86_64-unknown-linux-gnu,byteorder,1.5.0,test::small_uint128_6::read_little_endian,full,success,0.14118814266666668,,,,
x86_64-unknown-linux-gnu,byteorder,1.5.0,test::small_uint128_6::read_native_endian,full,success,0.14138320366666668,,,,
x86_64-unknown-linux-gnu,byteorder,1.5.0,test::small_uint128_7::read_big_endian,full,success,0.13880486766666666,,,,
x86_64-unknown-linux-gnu,byteorder,1.5.0,test::small_uint128_7::read_little_endian,full,success,0.139253696,,,,
x86_64-unknown-linux-gnu,byteorder,1.5.0,test::small_uint128_7::read_native_endian,full,success,0.14540340200000001,,,,
x86_64-unknown-linux-gnu,byteorder,1.5.0,test::small_uint128_8::read_big_endian,full,success,0.14232273433333334,,,,
x86_64-unknown-linux-gnu,byteorder,1.5.0,test::small_uint128_8::read_little_endian,full,success,0.1418920496666667,,,,
x86_64-unknown-linux-gnu,byteorder,1.5.0,test::small_uint128_8::read_native_endian,full,success,0.13817469333333335,,,,
x86_64-unknown-linux-gnu,byteorder,1.5.0,test::small_uint128_9::read_big_endian,full,success,0.14635752366666668,,,,
x86_64-unknown-linux-gnu,byteorder,1.5.0,test::small_uint128_9::read_little_endian,full,success,0.14403220533333336,,,,
x86_64-unknown-linux-gnu,byteorder,1.5.0,test::small_uint128_9::read_native_endian,full,success,0.141255239,,,,
x86_64-unknown-linux-gnu,byteorder,1.5.0,test::small_uint_1::read_big_endian,full,success,0.14630690566666668,,,,
x86_64-unknown-linux-gnu,byteorder,1.5.0,test::small_uint_1::read_little_endian,full,success,0.14156579066666666,,,,
x86_64-unknown-linux-gnu,byteorder,1.5.0,test::small_uint_1::read_native_endian,full,success,0.14237266233333334,,,,
x86_64-unknown-linux-gnu,byteorder,1.5.0,test::small_uint_2::read_big_endian,full,success,0.14252949266666667,,,,
x86_64-unknown-linux-gnu,byteorder,1.5.0,test::small_uint_2::read_little_endian,full,success,0.143815854,,,,
x86_64-unknown-linux-gnu,byteorder,1.5.0,test::small_uint_2::read_native_endian,full,success,0.14181361966666667,,,,
x86_64-unknown-linux-gnu,byteorder,1.5.0,test::small_uint_3::read_big_endian,full,success,0.13785693466666668,,,,
x86_64-unknown-linux-gnu,byteorder,1.5.0,test::small_uint_3::read_little_endian,full,success,0.13927875033333334,,,,
x86_64-unknown-linux-gnu,byteorder,1.5.0,test::small_uint_3::read_native_endian,full,success,0.145205366,,,,
x86_64-unknown-linux-gnu,byteorder,1.5.0,test::small_uint_4::read_big_endian,full,success,0.13977388566666668,,,,
x86_64-unknown-linux-gnu,byteorder,1.5.0,test::small_uint_4::read_little_endian,full,success,0.13844772433333333,,,,
x86_64-unknown-linux-gnu,byteorder,1.5.0,test::small_uint_4::read_native_endian,full,success,0.141112849,,,,
x86_64-unknown-linux-gnu,byteorder,1.5.0,test::small_uint_5::read_big_endian,full,success,0.14230254066666667,,,,
x86_64-unknown-linux-gnu,byteorder,1.5.0,test::small_uint_5::read_little_endian,full,success,0.140159422,,,,
x86_64-unknown-linux-gnu,byteorder,1.5.0,test::small_uint_5::read_native_endian,full,success,0.14495357900000003,,,,
x86_64-unknown-linux-gnu,byteorder,1.5.0,test::small_uint_6::read_big_endian,full,success,0.14167718466666668,,,,
x86_64-unknown-linux-gnu,byteorder,1.5.0,test::small_uint_6::read_little_endian,full,success,0.14152198766666668,,,,
x86_64-unknown-linux-gnu,byteorder,1.5.0,test::small_uint_6::read_native_endian,full,success,0.14781146,,,,
x86_64-unknown-linux-gnu,byteorder,1.5.0,test::small_uint_7::read_big_endian,full,success,0.1402411286666667,,,,
x86_64-unknown-linux-gnu,byteorder,1.5.0,test::small_uint_7::read_little_endian,full,success,0.14432553066666667,,,,
x86_64-unknown-linux-gnu,byteorder,1.5.0,test::small_uint_7::read_native_endian,full,success,0.14283064600000003,,,,
x86_64-unknown-linux-gnu,byteorder,1.5.0,test::uint_bigger_buffer,full,success,0.14700125100000003,,,,
x86_64-unknown-linux-gnu,bytes,1.11.1,bytes_mut::tests::test_original_capacity_from_repr,full,success,0.130580072,,,,
x86_64-unknown-linux-gnu,bytes,1.11.1,bytes_mut::tests::test_original_capacity_to_repr,full,success,0.13265455933333334,,,,
x86_64-unknown-linux-gnu,camino,1.2.2,tests::test_borrowed_into,full,success,0.12943864100000002,,,,
x86_64-unknown-linux-gnu,camino,1.2.2,tests::test_deref_mut,full,success,0.13081231666666668,,,,
x86_64-unknown-linux-gnu,camino,1.2.2,tests::test_owned_into,full,success,0.13788009466666667,,,,
x86_64-unknown-linux-gnu,cc,1.2.63,flags::tests::all_rustc_flags,full,success,1.2560342913333333,,,,
x86_64-unknown-linux-gnu,cc,1.2.63,flags::tests::codegen_type,full,success,0.13251578433333333,,,,
x86_64-unknown-linux-gnu,cc,1.2.63,flags::tests::precedence,full,success,0.1329353246666667,,,,
x86_64-unknown-linux-gnu,cc,1.2.63,flags::tests::stack_protector,full,success,0.13867862433333333,,,,
x86_64-unknown-linux-gnu,cc,1.2.63,flags::tests::three_valid_prefixes,full,success,0.13115908466666668,,,,
x86_64-unknown-linux-gnu,cc,1.2.63,flags::tests::two_valid_prefixes,full,success,0.13210939466666669,,,,
x86_64-unknown-linux-gnu,cc,1.2.63,target::llvm::tests::basic_llvm_triple_guessing,full,success,0.13761692133333336,,,,
x86_64-unknown-linux-gnu,cc,1.2.63,target::llvm::tests::llvm_version,full,success,0.13856818366666668,,,,
x86_64-unknown-linux-gnu,cc,1.2.63,target::llvm::tests::test_old_ios_target,full,success,0.13422514500000002,,,,
x86_64-unknown-linux-gnu,cc,1.2.63,target::llvm::tests::uefi,full,success,0.130966781,,,,
x86_64-unknown-linux-gnu,cc,1.2.63,target::parser::tests::parse_extra,full,success,0.16654191733333334,,,,
x86_64-unknown-linux-gnu,cc,1.2.63,target::parser::tests::parses_apple_envs_correctly,full,success,0.137962353,,,,
x86_64-unknown-linux-gnu,cc,1.2.63,target::parser::tests::tier1,full,success,0.14672018566666667,,,,
x86_64-unknown-linux-gnu,cc,1.2.63,target::parser::tests::unknown_env_determined_as_unknown,full,success,0.13316934166666666,,,,
x86_64-unknown-linux-gnu,cc,1.2.63,tests::test_android_clang_compiler_uses_target_arg_internally,full,success,0.15842864400000004,,,,
x86_64-unknown-linux-gnu,colored,3.1.1,color::tests::closest_euclidean::almost_black,full,success,0.13909413033333332,,,,
x86_64-unknown-linux-gnu,colored,3.1.1,color::tests::closest_euclidean::almost_blue,full,success,0.13598197666666667,,,,
x86_64-unknown-linux-gnu,colored,3.1.1,color::tests::closest_euclidean::almost_cyan,full,success,0.1393285516666667,,,,
x86_64-unknown-linux-gnu,colored,3.1.1,color::tests::closest_euclidean::almost_green,full,success,0.137107341,,,,
x86_64-unknown-linux-gnu,colored,3.1.1,color::tests::closest_euclidean::almost_magenta,full,success,0.13700619800000002,,,,
x86_64-unknown-linux-gnu,colored,3.1.1,color::tests::closest_euclidean::almost_red,full,success,0.137291511,,,,
x86_64-unknown-linux-gnu,colored,3.1.1,color::tests::closest_euclidean::almost_white,full,success,0.13614261833333333,,,,
x86_64-unknown-linux-gnu,colored,3.1.1,color::tests::closest_euclidean::almost_yellow,full,success,0.13649846633333332,,,,
x86_64-unknown-linux-gnu,colored,3.1.1,color::tests::closest_euclidean::exact_black,full,success,0.13823335066666667,,,,
x86_64-unknown-linux-gnu,colored,3.1.1,color::tests::closest_euclidean::exact_blue,full,success,0.14105778733333332,,,,
x86_64-unknown-linux-gnu,colored,3.1.1,color::tests::closest_euclidean::exact_cyan,full,success,0.13903213266666667,,,,
x86_64-unknown-linux-gnu,colored,3.1.1,color::tests::closest_euclidean::exact_green,full,success,0.14328618833333334,,,,
x86_64-unknown-linux-gnu,colored,3.1.1,color::tests::closest_euclidean::exact_magenta,full,success,0.13925406299999998,,,,
x86_64-unknown-linux-gnu,colored,3.1.1,color::tests::closest_euclidean::exact_red,full,success,0.13670887466666667,,,,
x86_64-unknown-linux-gnu,colored,3.1.1,color::tests::closest_euclidean::exact_white,full,success,0.142189428,,,,
x86_64-unknown-linux-gnu,colored,3.1.1,color::tests::closest_euclidean::exact_yellow,full,success,0.13723960166666668,,,,
x86_64-unknown-linux-gnu,colored,3.1.1,color::tests::from_str::black,full,success,0.13931346833333336,,,,
x86_64-unknown-linux-gnu,colored,3.1.1,color::tests::from_str::blue,full,success,0.13934496266666666,,,,
x86_64-unknown-linux-gnu,colored,3.1.1,color::tests::from_str::brightblack,full,success,0.1350532316666667,,,,
x86_64-unknown-linux-gnu,colored,3.1.1,color::tests::from_str::brightblue,full,success,0.139562057,,,,
x86_64-unknown-linux-gnu,colored,3.1.1,color::tests::from_str::brightcyan,full,success,0.13944715333333332,,,,
x86_64-unknown-linux-gnu,colored,3.1.1,color::tests::from_str::brightgreen,full,success,0.14519443366666668,,,,
x86_64-unknown-linux-gnu,colored,3.1.1,color::tests::from_str::brightmagenta,full,success,0.13860961666666669,,,,
x86_64-unknown-linux-gnu,colored,3.1.1,color::tests::from_str::brightred,full,success,0.14690904433333332,,,,
x86_64-unknown-linux-gnu,colored,3.1.1,color::tests::from_str::brightwhite,full,success,0.1388432576666667,,,,
x86_64-unknown-linux-gnu,colored,3.1.1,color::tests::from_str::brightyellow,full,success,0.13697190699999998,,,,
x86_64-unknown-linux-gnu,colored,3.1.1,color::tests::from_str::capitalized,full,success,0.132689563,,,,
x86_64-unknown-linux-gnu,colored,3.1.1,color::tests::from_str::cyan,full,success,0.139113247,,,,
x86_64-unknown-linux-gnu,colored,3.1.1,color::tests::from_str::green,full,success,0.13192958033333335,,,,
x86_64-unknown-linux-gnu,colored,3.1.1,color::tests::from_str::hex3_lower,full,success,0.1375327066666667,,,,
x86_64-unknown-linux-gnu,colored,3.1.1,color::tests::from_str::hex3_mixed,full,success,0.13905839066666667,,,,
x86_64-unknown-linux-gnu,colored,3.1.1,color::tests::from_str::hex3_upper,full,success,0.13302558633333336,,,,
x86_64-unknown-linux-gnu,colored,3.1.1,color::tests::from_str::hex6_lower,full,success,0.13297863766666668,,,,
x86_64-unknown-linux-gnu,colored,3.1.1,color::tests::from_str::hex6_mixed,full,success,0.13381861266666667,,,,
x86_64-unknown-linux-gnu,colored,3.1.1,color::tests::from_str::hex6_upper,full,success,0.13420532466666665,,,,
x86_64-unknown-linux-gnu,colored,3.1.1,color::tests::from_str::hex_invalid,full,success,0.137325465,,,,
x86_64-unknown-linux-gnu,colored,3.1.1,color::tests::from_str::hex_too_long,full,success,0.13926494166666667,,,,
x86_64-unknown-linux-gnu,colored,3.1.1,color::tests::from_str::hex_too_short,full,success,0.14026819033333335,,,,
x86_64-unknown-linux-gnu,colored,3.1.1,color::tests::from_str::invalid,full,success,0.13655190366666667,,,,
x86_64-unknown-linux-gnu,colored,3.1.1,color::tests::from_str::magenta,full,success,0.13551008833333333,,,,
x86_64-unknown-linux-gnu,colored,3.1.1,color::tests::from_str::mixed_case,full,success,0.13699841366666668,,,,
x86_64-unknown-linux-gnu,colored,3.1.1,color::tests::from_str::purple,full,success,0.13959250866666667,,,,
x86_64-unknown-linux-gnu,colored,3.1.1,color::tests::from_str::red,full,success,0.13318668266666667,,,,
x86_64-unknown-linux-gnu,colored,3.1.1,color::tests::from_str::white,full,success,0.13707706533333333,,,,
x86_64-unknown-linux-gnu,colored,3.1.1,color::tests::from_str::yellow,full,success,0.13697005966666667,,,,
x86_64-unknown-linux-gnu,colored,3.1.1,color::tests::from_string::black,full,success,0.13623993633333334,,,,
x86_64-unknown-linux-gnu,colored,3.1.1,color::tests::from_string::blue,full,success,0.13712768366666667,,,,
x86_64-unknown-linux-gnu,colored,3.1.1,color::tests::from_string::brightblack,full,success,0.140898026,,,,
x86_64-unknown-linux-gnu,colored,3.1.1,color::tests::from_string::brightblue,full,success,0.13747271533333333,,,,
x86_64-unknown-linux-gnu,colored,3.1.1,color::tests::from_string::brightcyan,full,success,0.13910323200000002,,,,
x86_64-unknown-linux-gnu,colored,3.1.1,color::tests::from_string::brightgreen,full,success,0.13460560233333332,,,,
x86_64-unknown-linux-gnu,colored,3.1.1,color::tests::from_string::brightmagenta,full,success,0.13612280733333335,,,,
x86_64-unknown-linux-gnu,colored,3.1.1,color::tests::from_string::brightred,full,success,0.140463266,,,,
x86_64-unknown-linux-gnu,colored,3.1.1,color::tests::from_string::brightwhite,full,success,0.14510817166666667,,,,
x86_64-unknown-linux-gnu,colored,3.1.1,color::tests::from_string::brightyellow,full,success,0.13999908800000002,,,,
x86_64-unknown-linux-gnu,colored,3.1.1,color::tests::from_string::capitalized,full,success,0.15166148766666668,,,,
x86_64-unknown-linux-gnu,colored,3.1.1,color::tests::from_string::cyan,full,success,0.13733941233333335,,,,
x86_64-unknown-linux-gnu,colored,3.1.1,color::tests::from_string::green,full,success,0.13391475566666666,,,,
x86_64-unknown-linux-gnu,colored,3.1.1,color::tests::from_string::hex3_lower,full,success,0.14863661033333336,,,,
x86_64-unknown-linux-gnu,colored,3.1.1,color::tests::from_string::hex3_mixed,full,success,0.14413357000000002,,,,
x86_64-unknown-linux-gnu,colored,3.1.1,color::tests::from_string::hex3_upper,full,success,0.14213139100000002,,,,
x86_64-unknown-linux-gnu,colored,3.1.1,color::tests::from_string::hex6_lower,full,success,0.14017750266666665,,,,
x86_64-unknown-linux-gnu,colored,3.1.1,color::tests::from_string::hex6_mixed,full,success,0.14241704633333332,,,,
x86_64-unknown-linux-gnu,colored,3.1.1,color::tests::from_string::hex6_upper,full,success,0.14463447,,,,
x86_64-unknown-linux-gnu,colored,3.1.1,color::tests::from_string::hex_invalid,full,success,0.136708138,,,,
x86_64-unknown-linux-gnu,colored,3.1.1,color::tests::from_string::hex_too_long,full,success,0.13981493600000003,,,,
x86_64-unknown-linux-gnu,colored,3.1.1,color::tests::from_string::hex_too_short,full,success,0.13894502600000003,,,,
x86_64-unknown-linux-gnu,colored,3.1.1,color::tests::from_string::invalid,full,success,0.13628139766666666,,,,
x86_64-unknown-linux-gnu,colored,3.1.1,color::tests::from_string::magenta,full,success,0.1433411356666667,,,,
x86_64-unknown-linux-gnu,colored,3.1.1,color::tests::from_string::mixed_case,full,success,0.1355476966666667,,,,
x86_64-unknown-linux-gnu,colored,3.1.1,color::tests::from_string::red,full,success,0.14017698966666667,,,,
x86_64-unknown-linux-gnu,colored,3.1.1,color::tests::from_string::white,full,success,0.13651674700000002,,,,
x86_64-unknown-linux-gnu,colored,3.1.1,color::tests::from_string::yellow,full,success,0.13740704233333337,,,,
x86_64-unknown-linux-gnu,colored,3.1.1,color::tests::fromstr::error,full,success,0.14644719933333336,,,,
x86_64-unknown-linux-gnu,colored,3.1.1,color::tests::fromstr::parse,full,success,0.13930251166666668,,,,
x86_64-unknown-linux-gnu,colored,3.1.1,control::specs::clicolor_behavior,full,test_failed,,error: Undefined Behavior: an access of size 80b at offset 0xbe27a9f82f8 is out of bounds for alloc13034 of size 10b.,rayon-core-1.13.0/src/job.rs:117:20,https://github.com/BorrowSanitizer/bsan/actions/runs/37491061334/job/112367580990,"error: Undefined Behavior: an access of size 80b at offset 0xbe27a9f82f8 is out of bounds for alloc13034 of size 10b.
   --> /root/.cargo/registry/src/index.crates.io-1949cf8c6b5b557f/rayon-core-1.13.0/src/job.rs:117:20
    |
117 | let this = &*(this as *const Self);
    |            ^

stack backtrace:
0: <rayon_core::job::StackJob<rayon_core::latch::SpinLatch, rayon_core::join::join_context::call_b<rayon::iter::collect::consumer::CollectResult<rspec::report::BlockReport>, rayon::iter::plumbing::bridge_producer_consumer::helper<rayon::slice::IterProducer<rspec::block::Block<()>>, rayon::iter::map::MapConsumer<rayon::iter::collect::consumer::CollectConsumer<rspec::report::BlockReport>, <rspec::runner::Runner>::evaluate_blocks_parallel<()>::{closure#0}>>::{closure#1}>::{closure#0}, rayon::iter::collect::consumer::CollectResult<rspec::report::BlockReport>> as rayon_core::job::Job>::execute
      at /root/.cargo/registry/src/index.crates.io-1949cf8c6b5b557f/rayon-core-1.13.0/src/job.rs:117:20
1: <rayon_core::job::JobRef>::execute
      at /root/.cargo/registry/src/index.crates.io-1949cf8c6b5b557f/rayon-core-1.13.0/src/job.rs:64:9
2: <rayon_core::registry::WorkerThread>::execute
      at /root/.cargo/registry/src/index.crates.io-1949cf8c6b5b557f/rayon-core-1.13.0/src/registry.rs:866:13

note: stack trace was truncated after 3 frames; set stacktrace_max_len (e.g. BSAN_OPTIONS=stacktrace_max_len=32) to capture more."
x86_64-unknown-linux-gnu,colored,3.1.1,customcolors::tests::from_tuple,full,success,0.13894106066666667,,,,
x86_64-unknown-linux-gnu,colored,3.1.1,customcolors::tests::main,full,test_failed,,snapshot assertion for 'main' failed in line 34,insta-1.46.1/src/runtime.rs:719:13,https://github.com/BorrowSanitizer/bsan/actions/runs/37491061334/job/112367580990,"thread 'customcolors::tests::main' (2753) panicked at /root/.cargo/registry/src/index.crates.io-1949cf8c6b5b557f/insta-1.46.1/src/runtime.rs:719:13:
snapshot assertion for 'main' failed in line 34
note: run with `RUST_BACKTRACE=1` environment variable to display a backtrace
test customcolors::tests::main ... FAILED

failures:

failures:
    customcolors::tests::main

test result: FAILED. 0 passed; 1 failed; 0 ignored; 0 measured; 127 filtered out; finished in 59.40s
"
x86_64-unknown-linux-gnu,colored,3.1.1,style::tests::style_bitwise_logic::assign_ops,full,success,0.14713047133333335,,,,
x86_64-unknown-linux-gnu,colored,3.1.1,style::tests::style_bitwise_logic::assign_ops_with_styles,full,success,0.13713807433333333,,,,
x86_64-unknown-linux-gnu,colored,3.1.1,style::tests::style_bitwise_logic::binops,full,success,0.138556271,,,,
x86_64-unknown-linux-gnu,colored,3.1.1,style::tests::style_bitwise_logic::binops_with_styles,full,success,0.13984266566666667,,,,
x86_64-unknown-linux-gnu,colored,3.1.1,style::tests::style_bitwise_logic::not,full,success,0.13848622433333332,,,,
x86_64-unknown-linux-gnu,colored,3.1.1,style::tests::style_bitwise_logic::styles_binops,full,success,0.13251878833333333,,,,
x86_64-unknown-linux-gnu,colored,3.1.1,style::tests::style_bitwise_logic::styles_not,full,success,0.14483072666666666,,,,
x86_64-unknown-linux-gnu,colored,3.1.1,style::tests::styles_combine_complex::aggreg1,full,success,0.13935423066666666,,,,
x86_64-unknown-linux-gnu,colored,3.1.1,style::tests::styles_combine_complex::aggreg2,full,success,0.14170287966666667,,,,
x86_64-unknown-linux-gnu,colored,3.1.1,style::tests::styles_combine_complex::aggreg3,full,success,0.13966789333333335,,,,
x86_64-unknown-linux-gnu,colored,3.1.1,style::tests::styles_combine_complex::all,full,success,0.1420286013333333,,,,
x86_64-unknown-linux-gnu,colored,3.1.1,style::tests::styles_combine_complex::five,full,success,0.13840169900000002,,,,
x86_64-unknown-linux-gnu,colored,3.1.1,style::tests::styles_combine_complex::four,full,success,0.13385708966666668,,,,
x86_64-unknown-linux-gnu,colored,3.1.1,style::tests::styles_combine_complex::six,full,success,0.14079603766666668,,,,
x86_64-unknown-linux-gnu,colored,3.1.1,style::tests::styles_combine_complex::three1,full,success,0.14067572066666667,,,,
x86_64-unknown-linux-gnu,colored,3.1.1,style::tests::styles_combine_complex::three2,full,success,0.13870298066666667,,,,
x86_64-unknown-linux-gnu,colored,3.1.1,style::tests::styles_combine_complex::two1,full,success,0.13766003133333335,,,,
x86_64-unknown-linux-gnu,colored,3.1.1,style::tests::styles_combine_complex::two2,full,success,0.13622880866666667,,,,
x86_64-unknown-linux-gnu,colored,3.1.1,style::tests::styles_combine_complex::two3,full,success,0.15129565,,,,
x86_64-unknown-linux-gnu,colored,3.1.1,style::tests::test_style_contains,full,success,0.136976837,,,,
x86_64-unknown-linux-gnu,colored,3.1.1,style::tests::u8_to_styles_invalid_is_none::empty_is_none,full,success,0.14084098666666667,,,,
x86_64-unknown-linux-gnu,colored,3.1.1,style::tests::u8_to_styles_isomorphism::blink,full,success,0.13743514666666667,,,,
x86_64-unknown-linux-gnu,colored,3.1.1,style::tests::u8_to_styles_isomorphism::bold,full,success,0.14329071633333335,,,,
x86_64-unknown-linux-gnu,colored,3.1.1,style::tests::u8_to_styles_isomorphism::dimmed,full,success,0.13851981333333335,,,,
x86_64-unknown-linux-gnu,colored,3.1.1,style::tests::u8_to_styles_isomorphism::hidden,full,success,0.13610085766666669,,,,
x86_64-unknown-linux-gnu,colored,3.1.1,style::tests::u8_to_styles_isomorphism::italic,full,success,0.13909510133333333,,,,
x86_64-unknown-linux-gnu,colored,3.1.1,style::tests::u8_to_styles_isomorphism::reversed,full,success,0.14070429133333334,,,,
x86_64-unknown-linux-gnu,colored,3.1.1,style::tests::u8_to_styles_isomorphism::strikethrough,full,success,0.13903500233333335,,,,
x86_64-unknown-linux-gnu,colored,3.1.1,style::tests::u8_to_styles_isomorphism::underline,full,success,0.13978648066666668,,,,
x86_64-unknown-linux-gnu,colored,3.1.1,tests::bright_color_fn,full,success,0.14033316133333334,,,,
x86_64-unknown-linux-gnu,colored,3.1.1,tests::color_fn,full,success,0.13933302233333336,,,,
x86_64-unknown-linux-gnu,colored,3.1.1,tests::compute_style_blue_bold,full,success,0.148011545,,,,
x86_64-unknown-linux-gnu,colored,3.1.1,tests::compute_style_empty_string,full,success,0.14344264466666667,,,,
x86_64-unknown-linux-gnu,colored,3.1.1,tests::escape_reset_sequence_spec_should_do_nothing_on_empty_strings,full,success,0.13821697733333335,,,,
x86_64-unknown-linux-gnu,colored,3.1.1,tests::escape_reset_sequence_spec_should_do_nothing_on_string_with_no_reset,full,success,0.14416365,,,,
x86_64-unknown-linux-gnu,colored,3.1.1,tests::exposing_tests,full,success,0.13724612300000003,,,,
x86_64-unknown-linux-gnu,colored,3.1.1,tests::formatting,full,success,0.1455935296666667,,,,
x86_64-unknown-linux-gnu,colored,3.1.1,tests::it_works,full,test_failed,,snapshot assertion for 'it_works' failed in line 686,insta-1.46.1/src/runtime.rs:719:13,https://github.com/BorrowSanitizer/bsan/actions/runs/37491061334/job/112367580990,"thread 'tests::it_works' (3135) panicked at /root/.cargo/registry/src/index.crates.io-1949cf8c6b5b557f/insta-1.46.1/src/runtime.rs:719:13:
snapshot assertion for 'it_works' failed in line 686
note: run with `RUST_BACKTRACE=1` environment variable to display a backtrace
test tests::it_works ... FAILED

failures:

failures:
    tests::it_works

test result: FAILED. 0 passed; 1 failed; 0 ignored; 0 measured; 127 filtered out; finished in 61.69s
"
x86_64-unknown-linux-gnu,colored,3.1.1,tests::on_bright_color_fn,full,success,0.13673064833333334,,,,
x86_64-unknown-linux-gnu,colored,3.1.1,tests::on_color_fn,full,success,0.14041122233333334,,,,
x86_64-unknown-linux-gnu,combine,4.6.7,error::tests_std::parse_clone_but_not_copy,full,success,0.1348180436666667,,,,
x86_64-unknown-linux-gnu,combine,4.6.7,parser::byte::num::tests::no_rangestream,full,success,0.141568336,,,,
x86_64-unknown-linux-gnu,combine,4.6.7,parser::byte::tests::bytes_read_stream,full,success,0.13248678166666666,,,,
x86_64-unknown-linux-gnu,combine,4.6.7,parser::byte::tests::memslice_basic,full,success,0.13658126366666667,,,,
x86_64-unknown-linux-gnu,combine,4.6.7,parser::char::tests::space_error,full,success,0.135145218,,,,
x86_64-unknown-linux-gnu,combine,4.6.7,parser::char::tests::string_committed,full,success,0.131588065,,,,
x86_64-unknown-linux-gnu,combine,4.6.7,parser::char::tests::string_error,full,success,0.13615208633333334,,,,
x86_64-unknown-linux-gnu,combine,4.6.7,parser::choice::tests::choice_single_parser,full,success,0.132843143,,,,
x86_64-unknown-linux-gnu,combine,4.6.7,parser::range::tests::range_string_no_char_boundary_error,full,success,0.13540266433333334,,,,
x86_64-unknown-linux-gnu,combine,4.6.7,parser::range::tests::take_until_range_1,full,success,0.13302095133333333,,,,
x86_64-unknown-linux-gnu,combine,4.6.7,parser::range::tests::take_until_range_2,full,success,0.141849424,,,,
x86_64-unknown-linux-gnu,combine,4.6.7,parser::range::tests::take_until_range_unicode_1,full,success,0.134397052,,,,
x86_64-unknown-linux-gnu,combine,4.6.7,parser::range::tests::take_until_range_unicode_2,full,success,0.13728559366666668,,,,
x86_64-unknown-linux-gnu,combine,4.6.7,parser::range::tests::take_while1_test,full,success,0.13104699266666667,,,,
x86_64-unknown-linux-gnu,combine,4.6.7,parser::range::tests::take_while_test,full,success,0.135561872,,,,
x86_64-unknown-linux-gnu,combine,4.6.7,parser::sequence::tests::sequence_single_parser,full,success,0.14953868766666667,,,,
x86_64-unknown-linux-gnu,combine,4.6.7,std_tests::error_position,full,success,0.14212074633333335,,,,
x86_64-unknown-linux-gnu,combine,4.6.7,std_tests::expression_basic,full,success,0.19374142800000002,,,,
x86_64-unknown-linux-gnu,combine,4.6.7,std_tests::expression_error,full,success,0.1503321946666667,,,,
x86_64-unknown-linux-gnu,combine,4.6.7,std_tests::extract_std_error,full,success,0.13769890466666668,,,,
x86_64-unknown-linux-gnu,combine,4.6.7,std_tests::field,full,success,0.14104156666666667,,,,
x86_64-unknown-linux-gnu,combine,4.6.7,std_tests::infinite_recursion_in_box_parser,full,success,0.13170193766666669,,,,
x86_64-unknown-linux-gnu,combine,4.6.7,std_tests::inner_error_consume,full,success,0.14371081633333335,,,,
x86_64-unknown-linux-gnu,combine,4.6.7,std_tests::iterator,full,success,0.13635960666666666,,,,
x86_64-unknown-linux-gnu,combine,4.6.7,std_tests::list,full,success,0.1428071803333333,,,,
x86_64-unknown-linux-gnu,combine,4.6.7,std_tests::operators,full,success,0.1799286316666667,,,,
x86_64-unknown-linux-gnu,combine,4.6.7,std_tests::optional_error_consume,full,success,0.13215472233333334,,,,
x86_64-unknown-linux-gnu,combine,4.6.7,std_tests::sep_by_error_consume,full,success,0.13629319266666667,,,,
x86_64-unknown-linux-gnu,combine,4.6.7,std_tests::source_position,full,success,0.14222683133333336,,,,
x86_64-unknown-linux-gnu,combine,4.6.7,std_tests::std_error,full,success,0.13507170366666668,,,,
x86_64-unknown-linux-gnu,combine,4.6.7,std_tests::test_integer,full,success,0.13338211533333333,,,,
x86_64-unknown-linux-gnu,combine,4.6.7,std_tests::unsized_parser,full,success,0.14111306333333332,,,,
x86_64-unknown-linux-gnu,combine,4.6.7,stream::buf_reader::tests_sync::buf_reader,full,success,0.14401044566666668,,,,
x86_64-unknown-linux-gnu,combine,4.6.7,stream::buf_reader::tests_sync::buf_reader_extend_buf,full,success,0.14427356600000005,,,,
x86_64-unknown-linux-gnu,combine,4.6.7,stream::position::tests::test_positioner,full,success,0.13555873933333337,,,,
x86_64-unknown-linux-gnu,combine,4.6.7,stream::position::tests::test_range_positioner,full,success,0.137971029,,,,
x86_64-unknown-linux-gnu,combine,4.6.7,stream::tests::larger_than_1_byte_items_return_correct_distance,full,success,0.14000414833333336,,,,
x86_64-unknown-linux-gnu,combine,4.6.7,stream::tests::uncons_range_at_end,full,success,0.131546037,,,,
x86_64-unknown-linux-gnu,combine,4.6.7,tests::chainl1_error_consume,full,success,0.13725121333333334,,,,
x86_64-unknown-linux-gnu,combine,4.6.7,tests::choice_strings,full,success,0.1496328166666667,,,,
x86_64-unknown-linux-gnu,const-oid,0.10.2,encoder::tests::base128_byte,full,success,0.131199007,,,,
x86_64-unknown-linux-gnu,const-oid,0.10.2,encoder::tests::encode,full,success,0.13775558400000001,,,,
x86_64-unknown-linux-gnu,const-oid,0.10.2,parser::tests::parse,full,success,0.129903268,,,,
x86_64-unknown-linux-gnu,const-oid,0.10.2,parser::tests::reject_empty_string,full,success,0.13072568466666667,,,,
x86_64-unknown-linux-gnu,const-oid,0.10.2,parser::tests::reject_non_digits,full,success,0.133854457,,,,
x86_64-unknown-linux-gnu,const-oid,0.10.2,parser::tests::reject_trailing_dot,full,success,0.141015874,,,,
x86_64-unknown-linux-gnu,core-foundation-sys,0.8.7,number::test::match_for_type_id_should_be_backwards_compatible,full,success,0.10508908566666668,,,,
x86_64-unknown-linux-gnu,crc32fast,1.5.0,baseline::test::fast_16_is_the_same_as_slow,full,success,3.696940134666667,,,,
x86_64-unknown-linux-gnu,crc32fast,1.5.0,baseline::test::slow,full,success,0.14404445433333335,,,,
x86_64-unknown-linux-gnu,crc32fast,1.5.0,combine::golden,full,success,0.15914939500000003,,,,
x86_64-unknown-linux-gnu,crc32fast,1.5.0,test::combine,full,success,6.799090324666667,,,,
x86_64-unknown-linux-gnu,crc32fast,1.5.0,test::combine_from_len,full,success,6.6628820153333335,,,,
x86_64-unknown-linux-gnu,crossbeam-utils,0.8.21,atomic::seq_lock::tests::test_abort,full,success,0.08433292266666668,,,,
x86_64-unknown-linux-gnu,crypto-bigint,0.7.3,checked::tests::checked_add,full,success,0.13681305566666668,,,,
x86_64-unknown-linux-gnu,crypto-bigint,0.7.3,checked::tests::checked_div,full,success,0.13914816133333335,,,,
x86_64-unknown-linux-gnu,crypto-bigint,0.7.3,checked::tests::checked_eq_select,full,success,0.13399802566666666,,,,
x86_64-unknown-linux-gnu,crypto-bigint,0.7.3,checked::tests::checked_from,full,success,0.133499854,,,,
x86_64-unknown-linux-gnu,crypto-bigint,0.7.3,checked::tests::checked_mul,full,success,0.13760675666666666,,,,
x86_64-unknown-linux-gnu,crypto-bigint,0.7.3,checked::tests::checked_new,full,success,0.13188397033333335,,,,
x86_64-unknown-linux-gnu,crypto-bigint,0.7.3,checked::tests::checked_sub,full,success,0.1357201876666667,,,,
x86_64-unknown-linux-gnu,crypto-bigint,0.7.3,int::add::tests::checked_add,full,success,0.137552045,,,,
x86_64-unknown-linux-gnu,crypto-bigint,0.7.3,int::add::tests::overflowing_add,full,success,0.13833993133333336,,,,
x86_64-unknown-linux-gnu,crypto-bigint,0.7.3,int::bit_and::tests::checked_and_ok,full,success,0.13265281533333334,,,,
x86_64-unknown-linux-gnu,crypto-bigint,0.7.3,int::bit_and::tests::wrapping_and_ok,full,success,0.13279521166666666,,,,
x86_64-unknown-linux-gnu,crypto-bigint,0.7.3,int::bit_not::tests::bitnot_ok,full,success,0.13306136300000002,,,,
x86_64-unknown-linux-gnu,crypto-bigint,0.7.3,int::bit_or::tests::checked_or_ok,full,success,0.13649700766666664,,,,
x86_64-unknown-linux-gnu,crypto-bigint,0.7.3,int::bit_or::tests::wrapping_or_ok,full,success,0.137178198,,,,
x86_64-unknown-linux-gnu,crypto-bigint,0.7.3,int::bit_xor::tests::checked_xor_ok,full,success,0.13273239299999998,,,,
x86_64-unknown-linux-gnu,crypto-bigint,0.7.3,int::bit_xor::tests::wrapping_xor_ok,full,success,0.13573280833333334,,,,
x86_64-unknown-linux-gnu,crypto-bigint,0.7.3,int::cmp::tests::test_eq,full,success,0.13399764266666667,,,,
x86_64-unknown-linux-gnu,crypto-bigint,0.7.3,int::cmp::tests::test_gt,full,success,0.1430097886666667,,,,
x86_64-unknown-linux-gnu,crypto-bigint,0.7.3,int::cmp::tests::test_is_nonzero,full,success,0.1386892366666667,,,,
x86_64-unknown-linux-gnu,crypto-bigint,0.7.3,int::cmp::tests::test_lt,full,success,0.13441923733333336,,,,
x86_64-unknown-linux-gnu,crypto-bigint,0.7.3,int::ct::tests::ct_gt,full,success,0.13222166200000002,,,,
x86_64-unknown-linux-gnu,crypto-bigint,0.7.3,int::ct::tests::ct_lt,full,success,0.13451645066666665,,,,
x86_64-unknown-linux-gnu,crypto-bigint,0.7.3,int::ct::tests::ct_select,full,success,0.13124531900000003,,,,
x86_64-unknown-linux-gnu,crypto-bigint,0.7.3,int::div::tests::div_vartime_through_trait,full,success,0.137917229,,,,
x86_64-unknown-linux-gnu,crypto-bigint,0.7.3,int::div::tests::test_checked_div,full,success,0.15637307233333334,,,,
x86_64-unknown-linux-gnu,crypto-bigint,0.7.3,int::div::tests::test_checked_div_floor,full,success,0.13598461000000003,,,,
x86_64-unknown-linux-gnu,crypto-bigint,0.7.3,int::div::tests::test_checked_div_mod_floor,full,success,0.13716849166666667,,,,
x86_64-unknown-linux-gnu,crypto-bigint,0.7.3,int::div_unsigned::tests::test_div_ct_vs_vt,full,success,0.592914075,,,,
x86_64-unknown-linux-gnu,crypto-bigint,0.7.3,int::div_unsigned::tests::test_div_floor_ct_vs_vt,full,success,0.6001513286666668,,,,
x86_64-unknown-linux-gnu,crypto-bigint,0.7.3,int::div_unsigned::tests::test_div_rem_floor_unsigned,full,success,0.13830957866666668,,,,
x86_64-unknown-linux-gnu,crypto-bigint,0.7.3,int::div_unsigned::tests::test_div_unsigned,full,success,0.134216518,,,,
x86_64-unknown-linux-gnu,crypto-bigint,0.7.3,int::from::tests::from_i128,full,success,0.13119299733333334,,,,
x86_64-unknown-linux-gnu,crypto-bigint,0.7.3,int::from::tests::from_i16,full,success,0.13756148233333332,,,,
x86_64-unknown-linux-gnu,crypto-bigint,0.7.3,int::from::tests::from_i32,full,success,0.13440319366666667,,,,
x86_64-unknown-linux-gnu,crypto-bigint,0.7.3,int::from::tests::from_i64,full,success,0.134196833,,,,
x86_64-unknown-linux-gnu,crypto-bigint,0.7.3,int::from::tests::from_i8,full,success,0.13810026033333336,,,,
x86_64-unknown-linux-gnu,crypto-bigint,0.7.3,int::invert_mod::tests::test_invert_even,full,success,0.3161429426666667,,,,
x86_64-unknown-linux-gnu,crypto-bigint,0.7.3,int::invert_mod::tests::test_invert_odd,full,success,0.4640215623333334,,,,
x86_64-unknown-linux-gnu,crypto-bigint,0.7.3,int::mod_symbol::tests::jacobi_int,full,success,0.4993495843333333,,,,
x86_64-unknown-linux-gnu,crypto-bigint,0.7.3,int::mod_symbol::tests::jacobi_neg_one,full,success,0.4966797063333334,,,,
x86_64-unknown-linux-gnu,crypto-bigint,0.7.3,int::mod_symbol::tests::jacobi_non_coprime,full,success,0.32156920066666667,,,,
x86_64-unknown-linux-gnu,crypto-bigint,0.7.3,int::mod_symbol::tests::jacobi_non_quad_residue,full,success,0.314686701,,,,
x86_64-unknown-linux-gnu,crypto-bigint,0.7.3,int::mod_symbol::tests::jacobi_quad_residue,full,success,0.3244952446666667,,,,
x86_64-unknown-linux-gnu,crypto-bigint,0.7.3,int::mod_symbol::tests::jacobi_zero,full,success,0.313285582,,,,
x86_64-unknown-linux-gnu,crypto-bigint,0.7.3,int::mul::tests::test_checked_mul,full,success,0.14587879233333337,,,,
x86_64-unknown-linux-gnu,crypto-bigint,0.7.3,int::mul::tests::test_checked_square,full,success,0.13473665166666668,,,,
x86_64-unknown-linux-gnu,crypto-bigint,0.7.3,int::mul::tests::test_concatenating_mul,full,success,0.13985232066666667,,,,
x86_64-unknown-linux-gnu,crypto-bigint,0.7.3,int::mul::tests::test_concatenating_square,full,success,0.13328502766666667,,,,
x86_64-unknown-linux-gnu,crypto-bigint,0.7.3,int::mul::tests::test_saturating_mul,full,success,0.14055540833333335,,,,
x86_64-unknown-linux-gnu,crypto-bigint,0.7.3,int::mul::tests::test_saturating_square,full,success,0.13473422033333335,,,,
x86_64-unknown-linux-gnu,crypto-bigint,0.7.3,int::mul::tests::test_wrapping_mul,full,success,0.13729362766666667,,,,
x86_64-unknown-linux-gnu,crypto-bigint,0.7.3,int::mul::tests::test_wrapping_mul_mixed,full,success,0.13527725533333335,,,,
x86_64-unknown-linux-gnu,crypto-bigint,0.7.3,int::mul::tests::test_wrapping_square,full,success,0.137392386,,,,
x86_64-unknown-linux-gnu,crypto-bigint,0.7.3,int::mul_unsigned::tests::test_checked_mul_unsigned,full,success,0.14769100766666668,,,,
x86_64-unknown-linux-gnu,crypto-bigint,0.7.3,int::mul_unsigned::tests::test_checked_mul_unsigned_right,full,success,0.1336654846666667,,,,
x86_64-unknown-linux-gnu,crypto-bigint,0.7.3,int::mul_unsigned::tests::test_concatenating_mul_unsigned,full,success,0.13748614133333334,,,,
x86_64-unknown-linux-gnu,crypto-bigint,0.7.3,int::neg::tests::checked_neg,full,success,0.1348197886666667,,,,
x86_64-unknown-linux-gnu,crypto-bigint,0.7.3,int::neg::tests::overflowing_neg,full,success,0.14130445533333333,,,,
x86_64-unknown-linux-gnu,crypto-bigint,0.7.3,int::neg::tests::wrapping_neg_if,full,success,0.139244685,,,,
x86_64-unknown-linux-gnu,crypto-bigint,0.7.3,int::resize::tests::scale_down,full,success,0.140882643,,,,
x86_64-unknown-linux-gnu,crypto-bigint,0.7.3,int::resize::tests::scale_up,full,success,0.13454171833333334,,,,
x86_64-unknown-linux-gnu,crypto-bigint,0.7.3,int::shl::tests::shl1,full,success,0.144613657,,,,
x86_64-unknown-linux-gnu,crypto-bigint,0.7.3,int::shl::tests::shl2,full,success,0.13353248333333334,,,,
x86_64-unknown-linux-gnu,crypto-bigint,0.7.3,int::shl::tests::shl256_const,full,success,0.13175283233333335,,,,
x86_64-unknown-linux-gnu,crypto-bigint,0.7.3,int::shl::tests::shl64,full,success,0.135546413,,,,
x86_64-unknown-linux-gnu,crypto-bigint,0.7.3,int::shl::tests::shl65,full,success,0.13388949033333333,,,,
x86_64-unknown-linux-gnu,crypto-bigint,0.7.3,int::shl::tests::shl88,full,success,0.1335637556666667,,,,
x86_64-unknown-linux-gnu,crypto-bigint,0.7.3,int::shl::tests::shl_bounds_panic,full,success,0.147121587,,,,
x86_64-unknown-linux-gnu,crypto-bigint,0.7.3,int::shl::tests::shl_simple,full,success,0.13324712166666666,,,,
x86_64-unknown-linux-gnu,crypto-bigint,0.7.3,int::shl::tests::unbounded_shl,full,success,0.13666710266666668,,,,
x86_64-unknown-linux-gnu,crypto-bigint,0.7.3,int::shl::tests::wrapping_shl,full,success,0.13271144266666668,,,,
x86_64-unknown-linux-gnu,crypto-bigint,0.7.3,int::shr::tests::overflowing_shr_vartime_zero_shift,full,success,0.13779688133333334,,,,
x86_64-unknown-linux-gnu,crypto-bigint,0.7.3,int::shr::tests::shr0,full,success,0.13468898400000004,,,,
x86_64-unknown-linux-gnu,crypto-bigint,0.7.3,int::shr::tests::shr1,full,success,0.13484915733333336,,,,
x86_64-unknown-linux-gnu,crypto-bigint,0.7.3,int::shr::tests::shr256_const,full,success,0.130283739,,,,
x86_64-unknown-linux-gnu,crypto-bigint,0.7.3,int::shr::tests::shr5,full,success,0.141128401,,,,
x86_64-unknown-linux-gnu,crypto-bigint,0.7.3,int::shr::tests::shr7_vartime,full,success,0.1359303646666667,,,,
x86_64-unknown-linux-gnu,crypto-bigint,0.7.3,int::shr::tests::shr_bounds_panic,full,success,0.133803864,,,,
x86_64-unknown-linux-gnu,crypto-bigint,0.7.3,int::shr::tests::shr_vartime_zero_shift,full,success,0.13264535833333332,,,,
x86_64-unknown-linux-gnu,crypto-bigint,0.7.3,int::shr::tests::unbounded_shr,full,success,0.13567741333333336,,,,
x86_64-unknown-linux-gnu,crypto-bigint,0.7.3,int::shr::tests::unbounded_shr_vartime_zero_shift,full,success,0.13727734466666666,,,,
x86_64-unknown-linux-gnu,crypto-bigint,0.7.3,int::shr::tests::wrapping_shr,full,success,0.13788897033333336,,,,
x86_64-unknown-linux-gnu,crypto-bigint,0.7.3,int::shr::tests::wrapping_shr_vartime_multiple_of_bits_is_identity,full,success,0.164721369,,,,
x86_64-unknown-linux-gnu,crypto-bigint,0.7.3,int::sign::tests::is_negative,full,success,0.13705898,,,,
x86_64-unknown-linux-gnu,crypto-bigint,0.7.3,int::sign::tests::is_positive,full,success,0.13825183933333332,,,,
x86_64-unknown-linux-gnu,crypto-bigint,0.7.3,int::sign::tests::new_from_abs_sign,full,success,0.13678339466666667,,,,
x86_64-unknown-linux-gnu,crypto-bigint,0.7.3,int::sqrt::tests::square_root_expected,full,success,0.15582006366666667,,,,
x86_64-unknown-linux-gnu,crypto-bigint,0.7.3,int::sub::tests::checked_sub,full,success,0.1382793956666667,,,,
x86_64-unknown-linux-gnu,crypto-bigint,0.7.3,int::sub::tests::wrapping_sub,full,success,0.133643026,,,,
x86_64-unknown-linux-gnu,crypto-bigint,0.7.3,int::tests::as_uint,full,success,0.13444562700000004,,,,
x86_64-unknown-linux-gnu,crypto-bigint,0.7.3,int::tests::as_words,full,success,0.13659295433333332,,,,
x86_64-unknown-linux-gnu,crypto-bigint,0.7.3,int::tests::as_words_mut,full,success,0.132580574,,,,
x86_64-unknown-linux-gnu,crypto-bigint,0.7.3,int::tests::is_maximal,full,success,0.13355428066666666,,,,
x86_64-unknown-linux-gnu,crypto-bigint,0.7.3,int::tests::is_minimal,full,success,0.13254918533333335,,,,
x86_64-unknown-linux-gnu,crypto-bigint,0.7.3,int::tests::test_signed,full,success,0.23513505300000004,,,,
x86_64-unknown-linux-gnu,crypto-bigint,0.7.3,int::tests::to_uint,full,success,0.132718145,,,,
x86_64-unknown-linux-gnu,crypto-bigint,0.7.3,jacobi::tests::jacobi_eq,full,success,0.13434848766666665,,,,
x86_64-unknown-linux-gnu,crypto-bigint,0.7.3,jacobi::tests::jacobi_from,full,success,0.13492310366666668,,,,
x86_64-unknown-linux-gnu,crypto-bigint,0.7.3,jacobi::tests::jacobi_neg,full,success,0.1375981136666667,,,,
x86_64-unknown-linux-gnu,crypto-bigint,0.7.3,limb::add::tests::add_no_overflow,full,success,0.133251469,,,,
x86_64-unknown-linux-gnu,crypto-bigint,0.7.3,limb::add::tests::add_with_overflow,full,success,0.137293078,,,,
x86_64-unknown-linux-gnu,crypto-bigint,0.7.3,limb::add::tests::carrying_add_no_carry,full,success,0.13157255600000003,,,,
x86_64-unknown-linux-gnu,crypto-bigint,0.7.3,limb::add::tests::carrying_add_with_carry,full,success,0.13768586733333332,,,,
x86_64-unknown-linux-gnu,crypto-bigint,0.7.3,limb::add::tests::checked_add,full,success,0.13534450066666667,,,,
x86_64-unknown-linux-gnu,crypto-bigint,0.7.3,limb::add::tests::checked_add_ok,full,success,0.13608153933333333,,,,
x86_64-unknown-linux-gnu,crypto-bigint,0.7.3,limb::add::tests::checked_add_overflow,full,success,0.14095750133333332,,,,
x86_64-unknown-linux-gnu,crypto-bigint,0.7.3,limb::add::tests::overflowing_add_no_carry,full,success,0.13406690466666668,,,,
x86_64-unknown-linux-gnu,crypto-bigint,0.7.3,limb::add::tests::overflowing_add_with_carry,full,success,0.1396622776666667,,,,
x86_64-unknown-linux-gnu,crypto-bigint,0.7.3,limb::add::tests::saturating_add,full,success,0.143082304,,,,
x86_64-unknown-linux-gnu,crypto-bigint,0.7.3,limb::add::tests::wrapping_add_no_carry,full,success,0.13470633766666665,,,,
x86_64-unknown-linux-gnu,crypto-bigint,0.7.3,limb::add::tests::wrapping_add_with_carry,full,success,0.13613715199999998,,,,
x86_64-unknown-linux-gnu,crypto-bigint,0.7.3,limb::bit_xor::tests::bitxor,full,success,0.131820604,,,,
x86_64-unknown-linux-gnu,crypto-bigint,0.7.3,limb::bit_xor::tests::bitxor_assign,full,success,0.13780543133333337,,,,
x86_64-unknown-linux-gnu,crypto-bigint,0.7.3,limb::bits::tests::bit,full,success,0.13324587500000004,,,,
x86_64-unknown-linux-gnu,crypto-bigint,0.7.3,limb::bits::tests::bit_vartime,full,success,0.13830271933333335,,,,
x86_64-unknown-linux-gnu,crypto-bigint,0.7.3,limb::bits::tests::leading_zeros,full,success,0.13424491600000002,,,,
x86_64-unknown-linux-gnu,crypto-bigint,0.7.3,limb::bits::tests::leading_zeros_vartime,full,success,0.133804585,,,,
x86_64-unknown-linux-gnu,crypto-bigint,0.7.3,limb::bits::tests::set_bit,full,success,0.131004152,,,,
x86_64-unknown-linux-gnu,crypto-bigint,0.7.3,limb::bits::tests::set_bit_vartime,full,success,0.13792868533333336,,,,
x86_64-unknown-linux-gnu,crypto-bigint,0.7.3,limb::bits::tests::trailing_ones,full,success,0.137836498,,,,
x86_64-unknown-linux-gnu,crypto-bigint,0.7.3,limb::bits::tests::trailing_ones_vartime,full,success,0.13381642933333335,,,,
x86_64-unknown-linux-gnu,crypto-bigint,0.7.3,limb::bits::tests::trailing_zeros,full,success,0.13540266,,,,
x86_64-unknown-linux-gnu,crypto-bigint,0.7.3,limb::bits::tests::trailing_zeros_vartime,full,success,0.13367915633333333,,,,
x86_64-unknown-linux-gnu,crypto-bigint,0.7.3,limb::cmp::tests::cmp,full,success,0.13489548966666667,,,,
x86_64-unknown-linux-gnu,crypto-bigint,0.7.3,limb::cmp::tests::ct_conditional_swap,full,success,0.13441445266666666,,,,
x86_64-unknown-linux-gnu,crypto-bigint,0.7.3,limb::cmp::tests::is_odd,full,success,0.13920912133333332,,,,
x86_64-unknown-linux-gnu,crypto-bigint,0.7.3,limb::cmp::tests::is_zero,full,success,0.13079846,,,,
x86_64-unknown-linux-gnu,crypto-bigint,0.7.3,limb::ct::tests::ct_eq,full,success,0.13367940966666667,,,,
x86_64-unknown-linux-gnu,crypto-bigint,0.7.3,limb::ct::tests::ct_gt,full,success,0.13366174333333336,,,,
x86_64-unknown-linux-gnu,crypto-bigint,0.7.3,limb::ct::tests::ct_lt,full,success,0.1362325196666667,,,,
x86_64-unknown-linux-gnu,crypto-bigint,0.7.3,limb::div::tests::checked_div,full,success,0.14032487766666668,,,,
x86_64-unknown-linux-gnu,crypto-bigint,0.7.3,limb::div::tests::checked_rem,full,success,0.13533685933333336,,,,
x86_64-unknown-linux-gnu,crypto-bigint,0.7.3,limb::div::tests::div_assign_trait,full,success,0.13514439566666667,,,,
x86_64-unknown-linux-gnu,crypto-bigint,0.7.3,limb::div::tests::div_ref_zero,full,success,0.13646302433333335,,,,
x86_64-unknown-linux-gnu,crypto-bigint,0.7.3,limb::div::tests::div_rem_ok,full,success,0.13217897566666667,,,,
x86_64-unknown-linux-gnu,crypto-bigint,0.7.3,limb::div::tests::div_trait,full,success,0.13884769966666666,,,,
x86_64-unknown-linux-gnu,crypto-bigint,0.7.3,limb::div::tests::div_zero,full,success,0.13802928433333336,,,,
x86_64-unknown-linux-gnu,crypto-bigint,0.7.3,limb::div::tests::rem_assign_trait,full,success,0.135886553,,,,
x86_64-unknown-linux-gnu,crypto-bigint,0.7.3,limb::div::tests::rem_ref_zero,full,success,0.13647110066666668,,,,
x86_64-unknown-linux-gnu,crypto-bigint,0.7.3,limb::div::tests::rem_trait,full,success,0.13291883066666668,,,,
x86_64-unknown-linux-gnu,crypto-bigint,0.7.3,limb::div::tests::rem_zero,full,success,0.13680024666666668,,,,
x86_64-unknown-linux-gnu,crypto-bigint,0.7.3,limb::encoding::test::reverse,full,success,0.13622231800000004,,,,
x86_64-unknown-linux-gnu,crypto-bigint,0.7.3,limb::encoding::test::roundtrip,full,success,0.13450422166666667,,,,
x86_64-unknown-linux-gnu,crypto-bigint,0.7.3,limb::gcd::tests::gcd_expected,full,success,0.15907351300000003,,,,
x86_64-unknown-linux-gnu,crypto-bigint,0.7.3,limb::mul::tests::checked_mul_ok,full,success,0.13613614733333335,,,,
x86_64-unknown-linux-gnu,crypto-bigint,0.7.3,limb::mul::tests::checked_mul_overflow,full,success,0.13380466866666668,,,,
x86_64-unknown-linux-gnu,crypto-bigint,0.7.3,limb::shl::tests::overflowing_shl,full,success,0.13365267433333336,,,,
x86_64-unknown-linux-gnu,crypto-bigint,0.7.3,limb::shl::tests::shl1,full,success,0.13383050033333335,,,,
x86_64-unknown-linux-gnu,crypto-bigint,0.7.3,limb::shl::tests::shl2,full,success,0.13539403133333333,,,,
x86_64-unknown-linux-gnu,crypto-bigint,0.7.3,limb::shl::tests::shl_assign1,full,success,0.134263282,,,,
x86_64-unknown-linux-gnu,crypto-bigint,0.7.3,limb::shl::tests::shl_assign2,full,success,0.14545898033333335,,,,
x86_64-unknown-linux-gnu,crypto-bigint,0.7.3,limb::shl::tests::unbounded_shl,full,success,0.13277859966666666,,,,
x86_64-unknown-linux-gnu,crypto-bigint,0.7.3,limb::shl::tests::wrapping_shl,full,success,0.14293656533333335,,,,
x86_64-unknown-linux-gnu,crypto-bigint,0.7.3,limb::shr::tests::overflowing_shr,full,success,0.13149060333333334,,,,
x86_64-unknown-linux-gnu,crypto-bigint,0.7.3,limb::shr::tests::shr1,full,success,0.136237902,,,,
x86_64-unknown-linux-gnu,crypto-bigint,0.7.3,limb::shr::tests::shr2,full,success,0.1322354026666667,,,,
x86_64-unknown-linux-gnu,crypto-bigint,0.7.3,limb::shr::tests::shr_assign1,full,success,0.13552101000000003,,,,
x86_64-unknown-linux-gnu,crypto-bigint,0.7.3,limb::shr::tests::shr_assign2,full,success,0.13436650500000002,,,,
x86_64-unknown-linux-gnu,crypto-bigint,0.7.3,limb::shr::tests::unbounded_shr,full,success,0.13487766533333334,,,,
x86_64-unknown-linux-gnu,crypto-bigint,0.7.3,limb::shr::tests::wrapping_shr,full,success,0.132807143,,,,
x86_64-unknown-linux-gnu,crypto-bigint,0.7.3,limb::sub::tests::borrowing_sub_no_borrow,full,success,0.13712778966666667,,,,
x86_64-unknown-linux-gnu,crypto-bigint,0.7.3,limb::sub::tests::borrowing_sub_with_borrow,full,success,0.13642759000000002,,,,
x86_64-unknown-linux-gnu,crypto-bigint,0.7.3,limb::sub::tests::checked_sub_ok,full,success,0.14870807833333333,,,,
x86_64-unknown-linux-gnu,crypto-bigint,0.7.3,limb::sub::tests::checked_sub_overflow,full,success,0.14745703866666668,,,,
x86_64-unknown-linux-gnu,crypto-bigint,0.7.3,limb::sub::tests::wrapping_sub_no_borrow,full,success,0.13701307766666668,,,,
x86_64-unknown-linux-gnu,crypto-bigint,0.7.3,limb::sub::tests::wrapping_sub_with_borrow,full,success,0.13532612866666668,,,,
x86_64-unknown-linux-gnu,crypto-bigint,0.7.3,limb::tests::nlimbs_for_bits_macro,full,success,0.13847971566666664,,,,
x86_64-unknown-linux-gnu,crypto-bigint,0.7.3,limb::tests::test_unsigned,full,success,0.18976621333333332,,,,
x86_64-unknown-linux-gnu,crypto-bigint,0.7.3,modular::bingcd::compact::tests::test_compact,full,success,0.13535967066666668,,,,
x86_64-unknown-linux-gnu,crypto-bigint,0.7.3,modular::bingcd::compact::tests::test_compact_vartime,full,success,0.13461650433333336,,,,
x86_64-unknown-linux-gnu,crypto-bigint,0.7.3,modular::bingcd::div_mod_2k::tests::test_carrying_mul_add_limb,full,success,0.13374175700000002,,,,
x86_64-unknown-linux-gnu,crypto-bigint,0.7.3,modular::bingcd::div_mod_2k::tests::test_limb_bounded_div2k_mod_q,full,success,0.13406558999999998,,,,
x86_64-unknown-linux-gnu,crypto-bigint,0.7.3,modular::bingcd::div_mod_2k::tests::test_uint_bounded_div2k_mod_q,full,success,0.137486213,,,,
x86_64-unknown-linux-gnu,crypto-bigint,0.7.3,modular::bingcd::extension::tests::bounded_shr,full,success,0.1391733846666667,,,,
x86_64-unknown-linux-gnu,crypto-bigint,0.7.3,modular::bingcd::extension::tests::test_from_product,full,success,0.14212919366666665,,,,
x86_64-unknown-linux-gnu,crypto-bigint,0.7.3,modular::bingcd::extension::tests::test_wrapping_sub,full,success,0.13502292066666668,,,,
x86_64-unknown-linux-gnu,crypto-bigint,0.7.3,modular::bingcd::matrix::tests::test_conditional_add_right_column_to_left,full,success,0.13856187533333333,,,,
x86_64-unknown-linux-gnu,crypto-bigint,0.7.3,modular::bingcd::matrix::tests::test_conditional_double,full,success,0.1427119606666667,,,,
x86_64-unknown-linux-gnu,crypto-bigint,0.7.3,modular::bingcd::matrix::tests::test_conditional_subtract_bottom_row_from_top,full,success,0.13594330899999998,,,,
x86_64-unknown-linux-gnu,crypto-bigint,0.7.3,modular::bingcd::matrix::tests::test_conditional_subtract_right_column_from_left,full,success,0.13724056166666668,,,,
x86_64-unknown-linux-gnu,crypto-bigint,0.7.3,modular::bingcd::matrix::tests::test_conditional_swap,full,success,0.141568358,,,,
x86_64-unknown-linux-gnu,crypto-bigint,0.7.3,modular::bingcd::matrix::tests::test_swap,full,success,0.14527988433333333,,,,
x86_64-unknown-linux-gnu,crypto-bigint,0.7.3,modular::bingcd::matrix::tests::test_wrapping_apply_to,full,success,0.14227663033333335,,,,
x86_64-unknown-linux-gnu,crypto-bigint,0.7.3,modular::const_monty_form::add::tests::add_overflow,full,success,0.14120469466666666,,,,
x86_64-unknown-linux-gnu,crypto-bigint,0.7.3,modular::const_monty_form::invert::tests::test_self_inverse,full,success,0.18583332333333336,,,,
x86_64-unknown-linux-gnu,crypto-bigint,0.7.3,modular::const_monty_form::lincomb::tests::lincomb_expected,full,success,15.346954747,,,,
x86_64-unknown-linux-gnu,crypto-bigint,0.7.3,modular::const_monty_form::macros::tests::impl_modulus_with_valid_modulus,full,success,0.13638275466666666,,,,
x86_64-unknown-linux-gnu,crypto-bigint,0.7.3,modular::const_monty_form::macros::tests::new_params_with_valid_modulus,full,success,0.13186545166666666,,,,
x86_64-unknown-linux-gnu,crypto-bigint,0.7.3,modular::const_monty_form::mod_symbol::tests::jacobi_quad_nonresidue,full,success,0.4044247816666667,,,,
x86_64-unknown-linux-gnu,crypto-bigint,0.7.3,modular::const_monty_form::mod_symbol::tests::jacobi_quad_residue,full,success,0.40571703733333336,,,,
x86_64-unknown-linux-gnu,crypto-bigint,0.7.3,modular::const_monty_form::mul::tests::test_mul_eq_add,full,success,0.136533762,,,,
x86_64-unknown-linux-gnu,crypto-bigint,0.7.3,modular::const_monty_form::mul::tests::test_mul_one,full,success,0.13559870133333332,,,,
x86_64-unknown-linux-gnu,crypto-bigint,0.7.3,modular::const_monty_form::mul::tests::test_mul_zero,full,success,0.13522811566666668,,,,
x86_64-unknown-linux-gnu,crypto-bigint,0.7.3,modular::const_monty_form::mul::tests::test_square_eq_mul,full,success,0.13846112433333335,,,,
x86_64-unknown-linux-gnu,crypto-bigint,0.7.3,modular::const_monty_form::mul::tests::test_square_repeat,full,success,0.13429856866666667,,,,
x86_64-unknown-linux-gnu,crypto-bigint,0.7.3,modular::const_monty_form::neg::tests::test_negate,full,success,0.13764913666666667,,,,
x86_64-unknown-linux-gnu,crypto-bigint,0.7.3,modular::const_monty_form::pow::tests::test_multi_exp_array,full,success,0.2935256023333333,,,,
x86_64-unknown-linux-gnu,crypto-bigint,0.7.3,modular::const_monty_form::pow::tests::test_powmod,full,success,0.18114145766666667,,,,
x86_64-unknown-linux-gnu,crypto-bigint,0.7.3,modular::const_monty_form::pow::tests::test_powmod_small_base,full,success,0.18232689266666668,,,,
x86_64-unknown-linux-gnu,crypto-bigint,0.7.3,modular::const_monty_form::pow::tests::test_powmod_small_exponent,full,success,0.17057459933333333,,,,
x86_64-unknown-linux-gnu,crypto-bigint,0.7.3,modular::const_monty_form::pow::tests::test_powmod_zero,full,success,0.16689479166666665,,,,
x86_64-unknown-linux-gnu,crypto-bigint,0.7.3,modular::const_monty_form::sqrt::tests::check_sqrt,full,success,0.19663911733333336,,,,
x86_64-unknown-linux-gnu,crypto-bigint,0.7.3,modular::const_monty_form::sub::tests::sub_overflow,full,success,0.13641865066666667,,,,
x86_64-unknown-linux-gnu,crypto-bigint,0.7.3,modular::fixed_monty_form::add::tests::add_overflow,full,success,0.13755430033333335,,,,
x86_64-unknown-linux-gnu,crypto-bigint,0.7.3,modular::fixed_monty_form::invert::tests::test_self_inverse,full,success,0.18446668366666671,,,,
x86_64-unknown-linux-gnu,crypto-bigint,0.7.3,modular::fixed_monty_form::lincomb::tests::lincomb_expected,full,success,25.897000034,,,,
x86_64-unknown-linux-gnu,crypto-bigint,0.7.3,modular::fixed_monty_form::mod_symbol::tests::jacobi_quad_nonresidue,full,success,0.40988381766666676,,,,
x86_64-unknown-linux-gnu,crypto-bigint,0.7.3,modular::fixed_monty_form::mod_symbol::tests::jacobi_quad_residue,full,success,0.4021532603333334,,,,
x86_64-unknown-linux-gnu,crypto-bigint,0.7.3,modular::fixed_monty_form::mul::tests::test_mul_eq_add,full,success,0.132193576,,,,
x86_64-unknown-linux-gnu,crypto-bigint,0.7.3,modular::fixed_monty_form::mul::tests::test_mul_one,full,success,0.133860802,,,,
x86_64-unknown-linux-gnu,crypto-bigint,0.7.3,modular::fixed_monty_form::mul::tests::test_mul_zero,full,success,0.13699813900000002,,,,
x86_64-unknown-linux-gnu,crypto-bigint,0.7.3,modular::fixed_monty_form::mul::tests::test_square_eq_mul,full,success,0.13736442233333335,,,,
x86_64-unknown-linux-gnu,crypto-bigint,0.7.3,modular::fixed_monty_form::mul::tests::test_square_repeat,full,success,0.13600959433333334,,,,
x86_64-unknown-linux-gnu,crypto-bigint,0.7.3,modular::fixed_monty_form::pow::tests::test_multi_exp_array,full,success,0.35025632400000006,,,,
x86_64-unknown-linux-gnu,crypto-bigint,0.7.3,modular::fixed_monty_form::pow::tests::test_powmod,full,success,0.21621676733333337,,,,
x86_64-unknown-linux-gnu,crypto-bigint,0.7.3,modular::fixed_monty_form::pow::tests::test_powmod_small_base,full,success,0.21415308866666669,,,,
x86_64-unknown-linux-gnu,crypto-bigint,0.7.3,modular::fixed_monty_form::pow::tests::test_powmod_small_exponent,full,success,0.194398716,,,,
x86_64-unknown-linux-gnu,crypto-bigint,0.7.3,modular::fixed_monty_form::pow::tests::test_powmod_zero,full,success,0.18172118666666667,,,,
x86_64-unknown-linux-gnu,crypto-bigint,0.7.3,modular::fixed_monty_form::sub::tests::sub_overflow,full,success,0.14321027700000002,,,,
x86_64-unknown-linux-gnu,crypto-bigint,0.7.3,modular::fixed_monty_form::tests::new_params_with_valid_modulus,full,success,0.14504626466666667,,,,
x86_64-unknown-linux-gnu,crypto-bigint,0.7.3,modular::prime_params::tests::check_equality,full,success,0.14577182933333335,,,,
x86_64-unknown-linux-gnu,crypto-bigint,0.7.3,modular::prime_params::tests::check_expected,full,success,0.135964422,,,,
x86_64-unknown-linux-gnu,crypto-bigint,0.7.3,modular::prime_params::tests::check_invalid_generator,full,success,0.15212267999999998,,,,
x86_64-unknown-linux-gnu,crypto-bigint,0.7.3,modular::prime_params::tests::check_non_prime,full,success,0.15832223933333334,,,,
x86_64-unknown-linux-gnu,crypto-bigint,0.7.3,modular::safegcd::tests::invert,full,success,0.159928604,,,,
x86_64-unknown-linux-gnu,crypto-bigint,0.7.3,modular::safegcd::tests::shr_wide,full,success,0.13392366200000003,,,,
x86_64-unknown-linux-gnu,crypto-bigint,0.7.3,modular::sqrt::tests::mod_sqrt_s_1,full,success,0.21965185733333334,,,,
x86_64-unknown-linux-gnu,crypto-bigint,0.7.3,modular::sqrt::tests::mod_sqrt_s_2,full,success,0.2758163726666667,,,,
x86_64-unknown-linux-gnu,crypto-bigint,0.7.3,modular::sqrt::tests::mod_sqrt_s_3,full,success,0.66985165,,,,
x86_64-unknown-linux-gnu,crypto-bigint,0.7.3,modular::sqrt::tests::mod_sqrt_s_4,full,success,0.271091834,,,,
x86_64-unknown-linux-gnu,crypto-bigint,0.7.3,modular::sqrt::tests::mod_sqrt_s_6,full,success,0.292123222,,,,
x86_64-unknown-linux-gnu,crypto-bigint,0.7.3,modular::tests::monty_mul_one_r,full,success,0.1381501966666667,,,,
x86_64-unknown-linux-gnu,crypto-bigint,0.7.3,modular::tests::monty_mul_r2,full,success,0.14647587266666667,,,,
x86_64-unknown-linux-gnu,crypto-bigint,0.7.3,modular::tests::monty_mul_r_r,full,success,0.13311901666666667,,,,
x86_64-unknown-linux-gnu,crypto-bigint,0.7.3,modular::tests::monty_mul_xr,full,success,0.13169214066666668,,,,
x86_64-unknown-linux-gnu,crypto-bigint,0.7.3,modular::tests::monty_mul_xr2,full,success,0.13653184833333332,,,,
x86_64-unknown-linux-gnu,crypto-bigint,0.7.3,modular::tests::monty_square_r,full,success,0.14304883100000002,,,,
x86_64-unknown-linux-gnu,crypto-bigint,0.7.3,modular::tests::test_montgomery_params,full,success,0.13403736800000002,,,,
x86_64-unknown-linux-gnu,crypto-bigint,0.7.3,modular::tests::test_new_retrieve,full,success,0.13324506400000002,,,,
x86_64-unknown-linux-gnu,crypto-bigint,0.7.3,modular::tests::test_reducing_one,full,success,0.13642469466666665,,,,
x86_64-unknown-linux-gnu,crypto-bigint,0.7.3,modular::tests::test_reducing_r2,full,success,0.14033013033333333,,,,
x86_64-unknown-linux-gnu,crypto-bigint,0.7.3,modular::tests::test_reducing_r2_wide,full,success,0.1454139356666667,,,,
x86_64-unknown-linux-gnu,crypto-bigint,0.7.3,modular::tests::test_reducing_xr2_wide,full,success,0.13542399400000002,,,,
x86_64-unknown-linux-gnu,crypto-bigint,0.7.3,modular::tests::test_reducing_xr_wide,full,success,0.1382561276666667,,,,
x86_64-unknown-linux-gnu,crypto-bigint,0.7.3,non_zero::tests::default,full,success,0.13520051900000002,,,,
x86_64-unknown-linux-gnu,crypto-bigint,0.7.3,non_zero::tests::from_be_bytes,full,success,0.1336532606666667,,,,
x86_64-unknown-linux-gnu,crypto-bigint,0.7.3,non_zero::tests::from_be_hex_when_nonzero,full,success,0.13361224600000002,,,,
x86_64-unknown-linux-gnu,crypto-bigint,0.7.3,non_zero::tests::from_be_hex_when_zero,full,success,0.13704802100000002,,,,
x86_64-unknown-linux-gnu,crypto-bigint,0.7.3,non_zero::tests::from_le_bytes,full,success,0.14292326,,,,
x86_64-unknown-linux-gnu,crypto-bigint,0.7.3,non_zero::tests::from_le_hex_when_nonzero,full,success,0.14378410733333336,,,,
x86_64-unknown-linux-gnu,crypto-bigint,0.7.3,non_zero::tests::from_le_hex_when_zero,full,success,0.137150003,,,,
x86_64-unknown-linux-gnu,crypto-bigint,0.7.3,non_zero::tests::int_abs_sign,full,success,0.1364958076666667,,,,
x86_64-unknown-linux-gnu,crypto-bigint,0.7.3,non_zero::tests::one,full,success,0.13477096766666669,,,,
x86_64-unknown-linux-gnu,crypto-bigint,0.7.3,odd::tests::default,full,success,0.13257903366666668,,,,
x86_64-unknown-linux-gnu,crypto-bigint,0.7.3,odd::tests::from_be_hex_when_even,full,success,0.13765378466666667,,,,
x86_64-unknown-linux-gnu,crypto-bigint,0.7.3,odd::tests::from_be_hex_when_odd,full,success,0.14128830533333334,,,,
x86_64-unknown-linux-gnu,crypto-bigint,0.7.3,odd::tests::from_le_hex_when_even,full,success,0.14660985033333335,,,,
x86_64-unknown-linux-gnu,crypto-bigint,0.7.3,odd::tests::from_le_hex_when_odd,full,success,0.13622739133333334,,,,
x86_64-unknown-linux-gnu,crypto-bigint,0.7.3,odd::tests::not_odd_numbers,full,success,0.13899830000000002,,,,
x86_64-unknown-linux-gnu,crypto-bigint,0.7.3,primitives::tests::carrying_mul_add_cannot_overflow,full,success,0.137706943,,,,
x86_64-unknown-linux-gnu,crypto-bigint,0.7.3,primitives::tests::test_u32_const_max,full,success,0.14036819033333334,,,,
x86_64-unknown-linux-gnu,crypto-bigint,0.7.3,primitives::tests::test_u32_const_min,full,success,0.13379861733333334,,,,
x86_64-unknown-linux-gnu,crypto-bigint,0.7.3,primitives::tests::test_u32_const_rem,full,success,0.136826111,,,,
x86_64-unknown-linux-gnu,crypto-bigint,0.7.3,uint::add::tests::carrying_add_no_carry,full,success,0.14525771766666667,,,,
x86_64-unknown-linux-gnu,crypto-bigint,0.7.3,uint::add::tests::carrying_add_with_carry,full,success,0.14321644166666667,,,,
x86_64-unknown-linux-gnu,crypto-bigint,0.7.3,uint::add::tests::checked_add_ok,full,success,0.13776043066666666,,,,
x86_64-unknown-linux-gnu,crypto-bigint,0.7.3,uint::add::tests::checked_add_overflow,full,success,0.137590549,,,,
x86_64-unknown-linux-gnu,crypto-bigint,0.7.3,uint::add::tests::overflowing_add_limb,full,success,0.135756397,,,,
x86_64-unknown-linux-gnu,crypto-bigint,0.7.3,uint::add::tests::saturating_add_no_carry,full,success,0.13678799733333333,,,,
x86_64-unknown-linux-gnu,crypto-bigint,0.7.3,uint::add::tests::saturating_add_with_carry,full,success,0.13588090233333336,,,,
x86_64-unknown-linux-gnu,crypto-bigint,0.7.3,uint::add::tests::wrapping_add_no_carry,full,success,0.137869224,,,,
x86_64-unknown-linux-gnu,crypto-bigint,0.7.3,uint::add::tests::wrapping_add_with_carry,full,success,0.14099921966666665,,,,
x86_64-unknown-linux-gnu,crypto-bigint,0.7.3,uint::add_mod::tests::add_mod_nist_p256,full,success,0.14312848533333333,,,,
x86_64-unknown-linux-gnu,crypto-bigint,0.7.3,uint::add_mod::tests::add_mod_special,full,success,1.6364453613333332,,,,
x86_64-unknown-linux-gnu,crypto-bigint,0.7.3,uint::add_mod::tests::double_mod_expected,full,success,0.1448935776666667,,,,
x86_64-unknown-linux-gnu,crypto-bigint,0.7.3,uint::bit_and::tests::checked_and_ok,full,success,0.13509831166666667,,,,
x86_64-unknown-linux-gnu,crypto-bigint,0.7.3,uint::bit_and::tests::overlapping_and_ok,full,success,0.13802250400000002,,,,
x86_64-unknown-linux-gnu,crypto-bigint,0.7.3,uint::bit_not::tests::bitnot_ok,full,success,0.13827331166666668,,,,
x86_64-unknown-linux-gnu,crypto-bigint,0.7.3,uint::bit_or::tests::checked_or_ok,full,success,0.13320648933333334,,,,
x86_64-unknown-linux-gnu,crypto-bigint,0.7.3,uint::bit_or::tests::overlapping_or_ok,full,success,0.13575882200000003,,,,
x86_64-unknown-linux-gnu,crypto-bigint,0.7.3,uint::bit_xor::tests::checked_xor_ok,full,success,0.13646061166666668,,,,
x86_64-unknown-linux-gnu,crypto-bigint,0.7.3,uint::bit_xor::tests::overlapping_xor_ok,full,success,0.1413486686666667,,,,
x86_64-unknown-linux-gnu,crypto-bigint,0.7.3,uint::bits::tests::bit,full,success,0.133970319,,,,
x86_64-unknown-linux-gnu,crypto-bigint,0.7.3,uint::bits::tests::bit_vartime,full,success,0.13597878033333335,,,,
x86_64-unknown-linux-gnu,crypto-bigint,0.7.3,uint::bits::tests::leading_zeros,full,success,0.14087501233333335,,,,
x86_64-unknown-linux-gnu,crypto-bigint,0.7.3,uint::bits::tests::leading_zeros_vartime,full,success,0.14312027700000002,,,,
x86_64-unknown-linux-gnu,crypto-bigint,0.7.3,uint::bits::tests::set_bit,full,success,0.13506630633333336,,,,
x86_64-unknown-linux-gnu,crypto-bigint,0.7.3,uint::bits::tests::trailing_ones,full,success,0.14337617933333333,,,,
x86_64-unknown-linux-gnu,crypto-bigint,0.7.3,uint::bits::tests::trailing_ones_vartime,full,success,0.13368183533333336,,,,
x86_64-unknown-linux-gnu,crypto-bigint,0.7.3,uint::bits::tests::trailing_zeros,full,success,0.1349671206666667,,,,
x86_64-unknown-linux-gnu,crypto-bigint,0.7.3,uint::bits::tests::trailing_zeros_vartime,full,success,0.14159993933333334,,,,
x86_64-unknown-linux-gnu,crypto-bigint,0.7.3,uint::cmp::tests::cmp,full,success,0.13700341933333335,,,,
x86_64-unknown-linux-gnu,crypto-bigint,0.7.3,uint::cmp::tests::cmp_vartime,full,success,0.13641536633333337,,,,
x86_64-unknown-linux-gnu,crypto-bigint,0.7.3,uint::cmp::tests::conditional_swap,full,success,0.13658394266666665,,,,
x86_64-unknown-linux-gnu,crypto-bigint,0.7.3,uint::cmp::tests::is_odd,full,success,0.13341562333333334,,,,
x86_64-unknown-linux-gnu,crypto-bigint,0.7.3,uint::cmp::tests::is_zero,full,success,0.14333422966666667,,,,
x86_64-unknown-linux-gnu,crypto-bigint,0.7.3,uint::cmp::tests::lte,full,success,0.14123343800000002,,,,
x86_64-unknown-linux-gnu,crypto-bigint,0.7.3,uint::concat::tests::concat,full,success,0.13337299866666666,,,,
x86_64-unknown-linux-gnu,crypto-bigint,0.7.3,uint::concat::tests::concat_checked,full,success,0.14228954666666668,,,,
x86_64-unknown-linux-gnu,crypto-bigint,0.7.3,uint::concat::tests::concat_mixed,full,success,0.13696048933333335,,,,
x86_64-unknown-linux-gnu,crypto-bigint,0.7.3,uint::concat::tests::concat_resize_large,full,success,0.13677825500000002,,,,
x86_64-unknown-linux-gnu,crypto-bigint,0.7.3,uint::concat::tests::concat_resize_small,full,success,0.13686543433333334,,,,
x86_64-unknown-linux-gnu,crypto-bigint,0.7.3,uint::concat::tests::convert,full,success,0.133886808,,,,
x86_64-unknown-linux-gnu,crypto-bigint,0.7.3,uint::concat::tests::infer_sizes,full,success,0.14095051366666667,,,,
x86_64-unknown-linux-gnu,crypto-bigint,0.7.3,uint::ct::tests::ct_eq,full,success,0.1350628633333333,,,,
x86_64-unknown-linux-gnu,crypto-bigint,0.7.3,uint::ct::tests::ct_gt,full,success,0.13754723100000002,,,,
x86_64-unknown-linux-gnu,crypto-bigint,0.7.3,uint::ct::tests::ct_lt,full,success,0.13679271733333334,,,,
x86_64-unknown-linux-gnu,crypto-bigint,0.7.3,uint::ct::tests::ct_select,full,success,0.133247258,,,,
x86_64-unknown-linux-gnu,crypto-bigint,0.7.3,uint::div::tests::div,full,success,0.218047829,,,,
x86_64-unknown-linux-gnu,crypto-bigint,0.7.3,uint::div::tests::div_assign_trait,full,success,0.13682115066666667,,,,
x86_64-unknown-linux-gnu,crypto-bigint,0.7.3,uint::div::tests::div_edge,full,success,0.139390645,,,,
x86_64-unknown-linux-gnu,crypto-bigint,0.7.3,uint::div::tests::div_max,full,success,0.135102573,,,,
x86_64-unknown-linux-gnu,crypto-bigint,0.7.3,uint::div::tests::div_one,full,success,0.13831458766666668,,,,
x86_64-unknown-linux-gnu,crypto-bigint,0.7.3,uint::div::tests::div_ref_zero,full,success,0.13641509500000001,,,,
x86_64-unknown-linux-gnu,crypto-bigint,0.7.3,uint::div::tests::div_rem_larger_denominator,full,success,0.13582511066666667,,,,
x86_64-unknown-linux-gnu,crypto-bigint,0.7.3,uint::div::tests::div_rem_larger_numerator,full,success,0.138328518,,,,
x86_64-unknown-linux-gnu,crypto-bigint,0.7.3,uint::div::tests::div_trait,full,success,0.13867165166666667,,,,
x86_64-unknown-linux-gnu,crypto-bigint,0.7.3,uint::div::tests::div_vartime_through_traits,full,success,0.13756705333333333,,,,
x86_64-unknown-linux-gnu,crypto-bigint,0.7.3,uint::div::tests::div_word,full,success,0.155500408,,,,
x86_64-unknown-linux-gnu,crypto-bigint,0.7.3,uint::div::tests::div_zero,full,success,0.13688425299999998,,,,
x86_64-unknown-linux-gnu,crypto-bigint,0.7.3,uint::div::tests::reduce_max,full,success,0.13889484800000004,,,,
x86_64-unknown-linux-gnu,crypto-bigint,0.7.3,uint::div::tests::reduce_one,full,success,0.13898926466666667,,,,
x86_64-unknown-linux-gnu,crypto-bigint,0.7.3,uint::div::tests::reduce_tests,full,success,0.13921407133333336,,,,
x86_64-unknown-linux-gnu,crypto-bigint,0.7.3,uint::div::tests::reduce_tests_wide_zero_padded,full,success,0.14234783333333334,,,,
x86_64-unknown-linux-gnu,crypto-bigint,0.7.3,uint::div::tests::rem2krand,full,success,0.171791679,,,,
x86_64-unknown-linux-gnu,crypto-bigint,0.7.3,uint::div::tests::rem_assign_trait,full,success,0.13757947333333334,,,,
x86_64-unknown-linux-gnu,crypto-bigint,0.7.3,uint::div::tests::rem_mixed,full,success,0.14017774100000002,,,,
x86_64-unknown-linux-gnu,crypto-bigint,0.7.3,uint::div::tests::rem_mixed_even,full,success,0.140124833,,,,
x86_64-unknown-linux-gnu,crypto-bigint,0.7.3,uint::div::tests::rem_mixed_through_traits,full,success,0.1404610716666667,,,,
x86_64-unknown-linux-gnu,crypto-bigint,0.7.3,uint::div::tests::rem_ref_zero,full,success,0.13783974066666668,,,,
x86_64-unknown-linux-gnu,crypto-bigint,0.7.3,uint::div::tests::rem_trait,full,success,0.1399617546666667,,,,
x86_64-unknown-linux-gnu,crypto-bigint,0.7.3,uint::div::tests::rem_wide_corner_case,full,success,0.13880934533333336,,,,
x86_64-unknown-linux-gnu,crypto-bigint,0.7.3,uint::div::tests::rem_zero,full,success,0.13731482566666667,,,,
x86_64-unknown-linux-gnu,crypto-bigint,0.7.3,uint::div_limb::tests::div2by1_overflow,full,success,0.13819979500000001,,,,
x86_64-unknown-linux-gnu,crypto-bigint,0.7.3,uint::encoding::tests::encode_be_hex,full,success,0.1380238056666667,,,,
x86_64-unknown-linux-gnu,crypto-bigint,0.7.3,uint::encoding::tests::from_be_hex,full,success,0.13499307500000002,,,,
x86_64-unknown-linux-gnu,crypto-bigint,0.7.3,uint::encoding::tests::from_be_slice,full,success,0.13282462133333336,,,,
x86_64-unknown-linux-gnu,crypto-bigint,0.7.3,uint::encoding::tests::from_le_hex,full,success,0.13458276533333333,,,,
x86_64-unknown-linux-gnu,crypto-bigint,0.7.3,uint::encoding::tests::from_le_slice,full,success,0.134979694,,,,
x86_64-unknown-linux-gnu,crypto-bigint,0.7.3,uint::encoding::tests::from_str_radix_10,full,success,0.14060496133333333,,,,
x86_64-unknown-linux-gnu,crypto-bigint,0.7.3,uint::encoding::tests::from_str_radix_2,full,success,0.4220747536666667,,,,
x86_64-unknown-linux-gnu,crypto-bigint,0.7.3,uint::encoding::tests::from_str_radix_5,full,success,0.17610526766666668,,,,
x86_64-unknown-linux-gnu,crypto-bigint,0.7.3,uint::encoding::tests::from_str_radix_disallowed,full,success,0.13718528333333335,,,,
x86_64-unknown-linux-gnu,crypto-bigint,0.7.3,uint::encoding::tests::infer_sizes,full,success,0.1328086106666667,,,,
x86_64-unknown-linux-gnu,crypto-bigint,0.7.3,uint::from::tests::array_round_trip,full,success,0.13239444233333333,,,,
x86_64-unknown-linux-gnu,crypto-bigint,0.7.3,uint::from::tests::concat_mixed,full,success,0.14226679200000003,,,,
x86_64-unknown-linux-gnu,crypto-bigint,0.7.3,uint::from::tests::from_u128,full,success,0.13534945433333334,,,,
x86_64-unknown-linux-gnu,crypto-bigint,0.7.3,uint::from::tests::from_u16,full,success,0.13422786633333333,,,,
x86_64-unknown-linux-gnu,crypto-bigint,0.7.3,uint::from::tests::from_u64,full,success,0.13552903900000002,,,,
x86_64-unknown-linux-gnu,crypto-bigint,0.7.3,uint::from::tests::from_u8,full,success,0.13248789400000002,,,,
x86_64-unknown-linux-gnu,crypto-bigint,0.7.3,uint::from::tests::split_mixed,full,success,0.13671218766666668,,,,
x86_64-unknown-linux-gnu,crypto-bigint,0.7.3,uint::invert_mod::tests::invert_mod2k,full,success,0.14298410833333333,,,,
x86_64-unknown-linux-gnu,crypto-bigint,0.7.3,uint::invert_mod::tests::invert_mod_precision,full,success,0.15903446100000002,,,,
x86_64-unknown-linux-gnu,crypto-bigint,0.7.3,uint::invert_mod::tests::test_invert_edge,full,success,0.25673147599999996,,,,
x86_64-unknown-linux-gnu,crypto-bigint,0.7.3,uint::invert_mod::tests::test_invert_even,full,success,0.3121077116666667,,,,
x86_64-unknown-linux-gnu,crypto-bigint,0.7.3,uint::invert_mod::tests::test_invert_odd,full,success,0.473500311,,,,
x86_64-unknown-linux-gnu,crypto-bigint,0.7.3,uint::invert_mod::tests::test_invert_odd_no_inverse,full,success,0.16440474600000002,,,,
x86_64-unknown-linux-gnu,crypto-bigint,0.7.3,uint::invert_mod::tests::test_invert_small,full,success,0.14042243966666668,,,,
x86_64-unknown-linux-gnu,crypto-bigint,0.7.3,uint::invert_mod::tests::test_no_inverse_small,full,success,0.14200545500000003,,,,
x86_64-unknown-linux-gnu,crypto-bigint,0.7.3,uint::lcm::tests::lcm::lcm_sizes,full,success,0.639581802,,,,
x86_64-unknown-linux-gnu,crypto-bigint,0.7.3,uint::mod_symbol::tests::jacobi_non_coprime,full,success,0.3919484043333334,,,,
x86_64-unknown-linux-gnu,crypto-bigint,0.7.3,uint::mod_symbol::tests::jacobi_non_quad_residue,full,success,0.39472577233333334,,,,
x86_64-unknown-linux-gnu,crypto-bigint,0.7.3,uint::mod_symbol::tests::jacobi_one,full,success,0.386997556,,,,
x86_64-unknown-linux-gnu,crypto-bigint,0.7.3,uint::mod_symbol::tests::jacobi_quad_residue,full,success,0.3883941946666667,,,,
x86_64-unknown-linux-gnu,crypto-bigint,0.7.3,uint::mod_symbol::tests::jacobi_zero,full,success,0.3911878276666667,,,,
x86_64-unknown-linux-gnu,crypto-bigint,0.7.3,uint::mul::karatsuba::tests::wrapping_mul_sizes,full,success,0.897184334,,,,
x86_64-unknown-linux-gnu,crypto-bigint,0.7.3,uint::mul::karatsuba::tests::wrapping_square_sizes,full,success,0.726536805,,,,
x86_64-unknown-linux-gnu,crypto-bigint,0.7.3,uint::mul::tests::checked_mul_ok,full,success,0.13869853066666668,,,,
x86_64-unknown-linux-gnu,crypto-bigint,0.7.3,uint::mul::tests::checked_mul_overflow,full,success,0.1378222636666667,,,,
x86_64-unknown-linux-gnu,crypto-bigint,0.7.3,uint::mul::tests::checked_mul_sizes,full,success,5.019793164,,,,
x86_64-unknown-linux-gnu,crypto-bigint,0.7.3,uint::mul::tests::checked_square,full,success,0.13101326733333332,,,,
x86_64-unknown-linux-gnu,crypto-bigint,0.7.3,uint::mul::tests::checked_square_sizes,full,success,0.24211138033333335,,,,
x86_64-unknown-linux-gnu,crypto-bigint,0.7.3,uint::mul::tests::concatenating_square,full,success,0.14159821233333336,,,,
x86_64-unknown-linux-gnu,crypto-bigint,0.7.3,uint::mul::tests::concatenating_square_larger,full,success,0.13944002566666666,,,,
x86_64-unknown-linux-gnu,crypto-bigint,0.7.3,uint::mul::tests::mul_cmp,full,success,1.2901824103333335,,,,
x86_64-unknown-linux-gnu,crypto-bigint,0.7.3,uint::mul::tests::mul_concat_even,full,success,0.13439402033333334,,,,
x86_64-unknown-linux-gnu,crypto-bigint,0.7.3,uint::mul::tests::mul_concat_mixed,full,success,0.13699314166666665,,,,
x86_64-unknown-linux-gnu,crypto-bigint,0.7.3,uint::mul::tests::overflowing_mul_limb,full,success,0.13153886633333334,,,,
x86_64-unknown-linux-gnu,crypto-bigint,0.7.3,uint::mul::tests::saturating_mul_no_overflow,full,success,0.13063936366666667,,,,
x86_64-unknown-linux-gnu,crypto-bigint,0.7.3,uint::mul::tests::saturating_mul_overflow,full,success,0.133426547,,,,
x86_64-unknown-linux-gnu,crypto-bigint,0.7.3,uint::mul::tests::saturating_square,full,success,0.13190702333333335,,,,
x86_64-unknown-linux-gnu,crypto-bigint,0.7.3,uint::mul::tests::widening_mul_lo_only,full,success,0.13850972466666667,,,,
x86_64-unknown-linux-gnu,crypto-bigint,0.7.3,uint::mul::tests::widening_mul_zero_and_one,full,success,0.13773600433333336,,,,
x86_64-unknown-linux-gnu,crypto-bigint,0.7.3,uint::mul::tests::wrapping_mul_even,full,success,0.13151580666666665,,,,
x86_64-unknown-linux-gnu,crypto-bigint,0.7.3,uint::mul::tests::wrapping_mul_mixed,full,success,0.13790757866666667,,,,
x86_64-unknown-linux-gnu,crypto-bigint,0.7.3,uint::mul::tests::wrapping_square,full,success,0.13100613533333336,,,,
x86_64-unknown-linux-gnu,crypto-bigint,0.7.3,uint::mul_mod::tests::mul_mod_special,full,success,0.2953355066666667,,,,
x86_64-unknown-linux-gnu,crypto-bigint,0.7.3,uint::mul_signed::tests::checked_mul_signed,full,success,0.130591967,,,,
x86_64-unknown-linux-gnu,crypto-bigint,0.7.3,uint::mul_signed::tests::concatenating_mul_signed,full,success,0.13058202366666669,,,,
x86_64-unknown-linux-gnu,crypto-bigint,0.7.3,uint::mul_signed::tests::widening_mul_signed,full,success,0.13000658266666665,,,,
x86_64-unknown-linux-gnu,crypto-bigint,0.7.3,uint::neg::tests::carrying_neg,full,success,0.13832061766666667,,,,
x86_64-unknown-linux-gnu,crypto-bigint,0.7.3,uint::neg::tests::wrapping_neg,full,success,0.130924509,,,,
x86_64-unknown-linux-gnu,crypto-bigint,0.7.3,uint::neg::tests::wrapping_neg_if,full,success,0.13540860333333335,,,,
x86_64-unknown-linux-gnu,crypto-bigint,0.7.3,uint::neg_mod::tests::neg_mod_random,full,success,0.13306147966666668,,,,
x86_64-unknown-linux-gnu,crypto-bigint,0.7.3,uint::neg_mod::tests::neg_mod_zero,full,success,0.13256920200000002,,,,
x86_64-unknown-linux-gnu,crypto-bigint,0.7.3,uint::pow::tests::checked_pow_expected,full,success,0.7785325146666667,,,,
x86_64-unknown-linux-gnu,crypto-bigint,0.7.3,uint::pow::tests::saturating_pow_expected,full,success,0.47549551733333334,,,,
x86_64-unknown-linux-gnu,crypto-bigint,0.7.3,uint::pow::tests::wrapping_pow_expected,full,success,0.7335692763333334,,,,
x86_64-unknown-linux-gnu,crypto-bigint,0.7.3,uint::rand::tests::random_bits,full,success,0.203450342,,,,
x86_64-unknown-linux-gnu,crypto-bigint,0.7.3,uint::rand::tests::random_bits_4_bytes_sequential,full,success,0.20539038433333334,,,,
x86_64-unknown-linux-gnu,crypto-bigint,0.7.3,uint::rand::tests::random_bits_platform_independence,full,success,0.14495960166666666,,,,
x86_64-unknown-linux-gnu,crypto-bigint,0.7.3,uint::rand::tests::random_mod_vartime,full,success,0.14326454200000002,,,,
x86_64-unknown-linux-gnu,crypto-bigint,0.7.3,uint::rand::tests::random_mod_vartime_platform_independence,full,success,0.149761687,,,,
x86_64-unknown-linux-gnu,crypto-bigint,0.7.3,uint::rand::tests::random_platform_independence,full,success,0.14535310599999998,,,,
x86_64-unknown-linux-gnu,crypto-bigint,0.7.3,uint::ref_type::cmp::tests::cmp,full,success,0.13420373033333335,,,,
x86_64-unknown-linux-gnu,crypto-bigint,0.7.3,uint::ref_type::cmp::tests::lt,full,success,0.137735743,,,,
x86_64-unknown-linux-gnu,crypto-bigint,0.7.3,uint::ref_type::ct::tests::ct_eq,full,success,0.13655882633333336,,,,
x86_64-unknown-linux-gnu,crypto-bigint,0.7.3,uint::ref_type::ct::tests::ct_lt,full,success,0.14042255566666664,,,,
x86_64-unknown-linux-gnu,crypto-bigint,0.7.3,uint::ref_type::invert_mod::tests::invert_mod_u64,full,success,0.13122788366666668,,,,
x86_64-unknown-linux-gnu,crypto-bigint,0.7.3,uint::ref_type::shl::tests::compare_shl_assign,full,success,0.20073918333333332,,,,
x86_64-unknown-linux-gnu,crypto-bigint,0.7.3,uint::ref_type::shl::tests::shl1_assign,full,success,0.13447302033333333,,,,
x86_64-unknown-linux-gnu,crypto-bigint,0.7.3,uint::ref_type::shl::tests::shl256,full,success,0.13340705333333333,,,,
x86_64-unknown-linux-gnu,crypto-bigint,0.7.3,uint::ref_type::shl::tests::shl_assign_limb,full,success,0.142220123,,,,
x86_64-unknown-linux-gnu,crypto-bigint,0.7.3,uint::ref_type::shl::tests::unbounded_shl_by_limbs_vartime,full,success,0.1371033186666667,,,,
x86_64-unknown-linux-gnu,crypto-bigint,0.7.3,uint::ref_type::shr::tests::compare_shr_assign,full,success,0.20808724166666667,,,,
x86_64-unknown-linux-gnu,crypto-bigint,0.7.3,uint::ref_type::shr::tests::shr1_assign,full,success,0.13504844433333335,,,,
x86_64-unknown-linux-gnu,crypto-bigint,0.7.3,uint::ref_type::shr::tests::shr256,full,success,0.13312415400000002,,,,
x86_64-unknown-linux-gnu,crypto-bigint,0.7.3,uint::ref_type::shr::tests::shr_assign_limb,full,success,0.134207576,,,,
x86_64-unknown-linux-gnu,crypto-bigint,0.7.3,uint::ref_type::shr::tests::unbounded_shr_by_limbs_vartime,full,success,0.135880038,,,,
x86_64-unknown-linux-gnu,crypto-bigint,0.7.3,uint::resize::tests::resize_larger,full,success,0.136750481,,,,
x86_64-unknown-linux-gnu,crypto-bigint,0.7.3,uint::resize::tests::resize_smaller,full,success,0.13433123666666666,,,,
x86_64-unknown-linux-gnu,crypto-bigint,0.7.3,uint::root::tests::floor_root_vartime_expected,full,success,0.140736826,,,,
x86_64-unknown-linux-gnu,crypto-bigint,0.7.3,uint::root::tests::fuzz,full,success,2.221896071,,,,
x86_64-unknown-linux-gnu,crypto-bigint,0.7.3,uint::shl::tests::overflowing_shl,full,success,0.144197477,,,,
x86_64-unknown-linux-gnu,crypto-bigint,0.7.3,uint::shl::tests::shl1,full,success,0.13342107300000003,,,,
x86_64-unknown-linux-gnu,crypto-bigint,0.7.3,uint::shl::tests::shl2,full,success,0.1415681716666667,,,,
x86_64-unknown-linux-gnu,crypto-bigint,0.7.3,uint::shl::tests::shl64,full,success,0.13301200533333332,,,,
x86_64-unknown-linux-gnu,crypto-bigint,0.7.3,uint::shl::tests::shl65,full,success,0.13224511833333333,,,,
x86_64-unknown-linux-gnu,crypto-bigint,0.7.3,uint::shl::tests::shl88,full,success,0.1381595476666667,,,,
x86_64-unknown-linux-gnu,crypto-bigint,0.7.3,uint::shl::tests::shl_bounds,full,success,0.13950309533333335,,,,
x86_64-unknown-linux-gnu,crypto-bigint,0.7.3,uint::shl::tests::shl_bounds_panic,full,success,0.13523566266666667,,,,
x86_64-unknown-linux-gnu,crypto-bigint,0.7.3,uint::shl::tests::shl_by_limbs,full,success,0.13150941333333335,,,,
x86_64-unknown-linux-gnu,crypto-bigint,0.7.3,uint::shl::tests::shl_limb,full,success,0.13469928633333336,,,,
x86_64-unknown-linux-gnu,crypto-bigint,0.7.3,uint::shl::tests::shl_simple,full,success,0.13270951633333333,,,,
x86_64-unknown-linux-gnu,crypto-bigint,0.7.3,uint::shl::tests::shl_wide_1_1_128,full,success,0.13138933133333333,,,,
x86_64-unknown-linux-gnu,crypto-bigint,0.7.3,uint::shl::tests::shl_wide_max_0_1,full,success,0.13978675766666668,,,,
x86_64-unknown-linux-gnu,crypto-bigint,0.7.3,uint::shl::tests::shl_wide_max_max_256,full,success,0.134519859,,,,
x86_64-unknown-linux-gnu,crypto-bigint,0.7.3,uint::shl::tests::unbounded_shl,full,success,0.13938334533333332,,,,
x86_64-unknown-linux-gnu,crypto-bigint,0.7.3,uint::shl::tests::wrapping_shl,full,success,0.13329553800000002,,,,
x86_64-unknown-linux-gnu,crypto-bigint,0.7.3,uint::shr::tests::overflowing_shr,full,success,0.13386051966666668,,,,
x86_64-unknown-linux-gnu,crypto-bigint,0.7.3,uint::shr::tests::shr1,full,success,0.13607286333333332,,,,
x86_64-unknown-linux-gnu,crypto-bigint,0.7.3,uint::shr::tests::shr_bounds,full,success,0.135250098,,,,
x86_64-unknown-linux-gnu,crypto-bigint,0.7.3,uint::shr::tests::shr_bounds_panic,full,success,0.13578460833333333,,,,
x86_64-unknown-linux-gnu,crypto-bigint,0.7.3,uint::shr::tests::shr_by_limbs,full,success,0.13217450366666667,,,,
x86_64-unknown-linux-gnu,crypto-bigint,0.7.3,uint::shr::tests::shr_limb_with_carry,full,success,0.140645569,,,,
x86_64-unknown-linux-gnu,crypto-bigint,0.7.3,uint::shr::tests::shr_limb_with_carry_shift_too_large,full,success,0.14017747033333333,,,,
x86_64-unknown-linux-gnu,crypto-bigint,0.7.3,uint::shr::tests::shr_wide_0_max_1,full,success,0.13867547666666669,,,,
x86_64-unknown-linux-gnu,crypto-bigint,0.7.3,uint::shr::tests::shr_wide_1_1_128,full,success,0.14286553266666668,,,,
x86_64-unknown-linux-gnu,crypto-bigint,0.7.3,uint::shr::tests::shr_wide_max_max_256,full,success,0.1332457273333333,,,,
x86_64-unknown-linux-gnu,crypto-bigint,0.7.3,uint::shr::tests::unbounded_shr,full,success,0.13836840166666667,,,,
x86_64-unknown-linux-gnu,crypto-bigint,0.7.3,uint::shr::tests::wrapping_shr,full,success,0.13517022533333334,,,,
x86_64-unknown-linux-gnu,crypto-bigint,0.7.3,uint::split::tests::infer_sizes,full,success,0.13422264233333334,,,,
x86_64-unknown-linux-gnu,crypto-bigint,0.7.3,uint::split::tests::split,full,success,0.13504388300000003,,,,
x86_64-unknown-linux-gnu,crypto-bigint,0.7.3,uint::split::tests::split_checked,full,success,0.13667804000000003,,,,
x86_64-unknown-linux-gnu,crypto-bigint,0.7.3,uint::split::tests::split_resize_large,full,success,0.13094452033333334,,,,
x86_64-unknown-linux-gnu,crypto-bigint,0.7.3,uint::split::tests::split_resize_small,full,success,0.13361600733333334,,,,
x86_64-unknown-linux-gnu,crypto-bigint,0.7.3,uint::sqrt::tests::edge,full,success,0.16344563433333334,,,,
x86_64-unknown-linux-gnu,crypto-bigint,0.7.3,uint::sqrt::tests::edge_vartime,full,success,0.14167924666666667,,,,
x86_64-unknown-linux-gnu,crypto-bigint,0.7.3,uint::sqrt::tests::fuzz,full,success,1.8921970356666666,,,,
x86_64-unknown-linux-gnu,crypto-bigint,0.7.3,uint::sqrt::tests::nonsquares,full,success,0.17915600666666667,,,,
x86_64-unknown-linux-gnu,crypto-bigint,0.7.3,uint::sqrt::tests::nonsquares_vartime,full,success,0.14258005566666668,,,,
x86_64-unknown-linux-gnu,crypto-bigint,0.7.3,uint::sqrt::tests::simple,full,success,0.24275015733333336,,,,
x86_64-unknown-linux-gnu,crypto-bigint,0.7.3,uint::sub::tests::borrowing_sub_no_borrow,full,success,0.13502432866666667,,,,
x86_64-unknown-linux-gnu,crypto-bigint,0.7.3,uint::sub::tests::borrowing_sub_with_borrow,full,success,0.14337077533333334,,,,
x86_64-unknown-linux-gnu,crypto-bigint,0.7.3,uint::sub::tests::checked_sub_ok,full,success,0.137343827,,,,
x86_64-unknown-linux-gnu,crypto-bigint,0.7.3,uint::sub::tests::checked_sub_overflow,full,success,0.136041169,,,,
x86_64-unknown-linux-gnu,crypto-bigint,0.7.3,uint::sub::tests::conditional_borrowing_sub_borrow,full,success,0.13931823133333335,,,,
x86_64-unknown-linux-gnu,crypto-bigint,0.7.3,uint::sub::tests::conditional_borrowing_sub_no_borrow,full,success,0.1337085096666667,,,,
x86_64-unknown-linux-gnu,crypto-bigint,0.7.3,uint::sub::tests::conditional_borrowing_sub_no_sub,full,success,0.13320788633333336,,,,
x86_64-unknown-linux-gnu,crypto-bigint,0.7.3,uint::sub::tests::saturating_sub_no_borrow,full,success,0.13117976133333334,,,,
x86_64-unknown-linux-gnu,crypto-bigint,0.7.3,uint::sub::tests::saturating_sub_with_borrow,full,success,0.1313044406666667,,,,
x86_64-unknown-linux-gnu,crypto-bigint,0.7.3,uint::sub::tests::wrapping_sub_no_borrow,full,success,0.13091882800000001,,,,
x86_64-unknown-linux-gnu,crypto-bigint,0.7.3,uint::sub::tests::wrapping_sub_with_borrow,full,success,0.13327972266666668,,,,
x86_64-unknown-linux-gnu,crypto-bigint,0.7.3,uint::sub_mod::tests::sub_mod,full,success,2.287286310666667,,,,
x86_64-unknown-linux-gnu,crypto-bigint,0.7.3,uint::sub_mod::tests::sub_mod_nist_p256,full,success,0.134395751,,,,
x86_64-unknown-linux-gnu,crypto-bigint,0.7.3,uint::sub_mod::tests::sub_mod_special,full,success,1.623119461,,,,
x86_64-unknown-linux-gnu,crypto-bigint,0.7.3,uint::tests::as_int,full,success,0.1331788236666667,,,,
x86_64-unknown-linux-gnu,crypto-bigint,0.7.3,uint::tests::as_words,full,success,0.14340090033333333,,,,
x86_64-unknown-linux-gnu,crypto-bigint,0.7.3,uint::tests::as_words_mut,full,success,0.13309741933333333,,,,
x86_64-unknown-linux-gnu,crypto-bigint,0.7.3,uint::tests::from_bytes,full,success,0.13498622766666668,,,,
x86_64-unknown-linux-gnu,crypto-bigint,0.7.3,uint::tests::test_unsigned,full,success,0.23879970533333336,,,,
x86_64-unknown-linux-gnu,crypto-bigint,0.7.3,uint::tests::test_unsigned_monty_form,full,success,0.20412076700000004,,,,
x86_64-unknown-linux-gnu,crypto-bigint,0.7.3,uint::tests::to_int,full,success,0.13367664066666668,,,,
x86_64-unknown-linux-gnu,crypto-bigint,0.7.3,word::tests::choice_from_gt,full,success,0.13101690933333335,,,,
x86_64-unknown-linux-gnu,crypto-bigint,0.7.3,word::tests::choice_from_lt,full,success,0.13311373633333334,,,,
x86_64-unknown-linux-gnu,crypto-bigint,0.7.3,word::tests::choice_from_wide_le,full,success,0.13889088033333333,,,,
x86_64-unknown-linux-gnu,crypto-bigint,0.7.3,word::tests::select,full,success,0.13285340566666667,,,,
x86_64-unknown-linux-gnu,crypto-bigint,0.7.3,word::tests::select_wide,full,success,0.13209026766666668,,,,
x86_64-unknown-linux-gnu,crypto-bigint,0.7.3,wrapping::tests::wrapping_add,full,success,0.13745207466666667,,,,
x86_64-unknown-linux-gnu,crypto-bigint,0.7.3,wrapping::tests::wrapping_bitand,full,success,0.135066975,,,,
x86_64-unknown-linux-gnu,crypto-bigint,0.7.3,wrapping::tests::wrapping_bitnot,full,success,0.138971317,,,,
x86_64-unknown-linux-gnu,crypto-bigint,0.7.3,wrapping::tests::wrapping_bitor,full,success,0.13435914000000002,,,,
x86_64-unknown-linux-gnu,crypto-bigint,0.7.3,wrapping::tests::wrapping_bitxor,full,success,0.13305018700000001,,,,
x86_64-unknown-linux-gnu,crypto-bigint,0.7.3,wrapping::tests::wrapping_eq_select,full,success,0.13524616633333333,,,,
x86_64-unknown-linux-gnu,crypto-bigint,0.7.3,wrapping::tests::wrapping_mul,full,success,0.13159859766666668,,,,
x86_64-unknown-linux-gnu,crypto-bigint,0.7.3,wrapping::tests::wrapping_neg,full,success,0.1322036666666667,,,,
x86_64-unknown-linux-gnu,crypto-bigint,0.7.3,wrapping::tests::wrapping_new,full,success,0.13548629266666667,,,,
x86_64-unknown-linux-gnu,crypto-bigint,0.7.3,wrapping::tests::wrapping_shift,full,success,0.136403943,,,,
x86_64-unknown-linux-gnu,crypto-bigint,0.7.3,wrapping::tests::wrapping_sub,full,success,0.13471079833333335,,,,
x86_64-unknown-linux-gnu,csv,1.4.0,byte_record::tests::empty_field_1,full,success,0.13348800400000002,,,,
x86_64-unknown-linux-gnu,csv,1.4.0,byte_record::tests::empty_field_2,full,success,0.13143447466666666,,,,
x86_64-unknown-linux-gnu,csv,1.4.0,byte_record::tests::empty_record,full,success,0.1346724796666667,,,,
x86_64-unknown-linux-gnu,csv,1.4.0,byte_record::tests::empty_surround_1,full,success,0.13996300166666667,,,,
x86_64-unknown-linux-gnu,csv,1.4.0,byte_record::tests::empty_surround_2,full,success,0.13422096533333336,,,,
x86_64-unknown-linux-gnu,csv,1.4.0,byte_record::tests::eq_field_boundaries,full,success,0.14007982933333335,,,,
x86_64-unknown-linux-gnu,csv,1.4.0,byte_record::tests::eq_record_len,full,success,0.1358140326666667,,,,
x86_64-unknown-linux-gnu,csv,1.4.0,byte_record::tests::iter,full,success,0.13696768733333334,,,,
x86_64-unknown-linux-gnu,csv,1.4.0,byte_record::tests::iter_forward_and_reverse,full,success,0.13409771966666664,,,,
x86_64-unknown-linux-gnu,csv,1.4.0,byte_record::tests::iter_reverse,full,success,0.136185416,,,,
x86_64-unknown-linux-gnu,csv,1.4.0,byte_record::tests::record_1,full,success,0.13525680933333337,,,,
x86_64-unknown-linux-gnu,csv,1.4.0,byte_record::tests::record_2,full,success,0.14018114866666667,,,,
x86_64-unknown-linux-gnu,csv,1.4.0,byte_record::tests::trim_back,full,success,0.1474383446666667,,,,
x86_64-unknown-linux-gnu,csv,1.4.0,byte_record::tests::trim_both,full,success,0.14011618833333336,,,,
x86_64-unknown-linux-gnu,csv,1.4.0,byte_record::tests::trim_does_not_panic_on_empty_records_1,full,success,0.13272406366666667,,,,
x86_64-unknown-linux-gnu,csv,1.4.0,byte_record::tests::trim_does_not_panic_on_empty_records_2,full,success,0.135541361,,,,
x86_64-unknown-linux-gnu,csv,1.4.0,byte_record::tests::trim_does_not_panic_on_empty_records_3,full,success,0.13254246766666666,,,,
x86_64-unknown-linux-gnu,csv,1.4.0,byte_record::tests::trim_front,full,success,0.144631756,,,,
x86_64-unknown-linux-gnu,csv,1.4.0,byte_record::tests::trim_whitespace_only,full,success,0.1353327946666667,,,,
x86_64-unknown-linux-gnu,csv,1.4.0,byte_record::tests::utf8_clear_ok,full,success,0.14962289733333334,,,,
x86_64-unknown-linux-gnu,csv,1.4.0,byte_record::tests::utf8_error_1,full,success,0.14388882433333336,,,,
x86_64-unknown-linux-gnu,csv,1.4.0,byte_record::tests::utf8_error_2,full,success,0.14722347433333335,,,,
x86_64-unknown-linux-gnu,csv,1.4.0,byte_record::tests::utf8_error_3,full,success,0.13486603100000003,,,,
x86_64-unknown-linux-gnu,csv,1.4.0,byte_record::tests::utf8_error_4,full,success,0.14382679833333334,,,,
x86_64-unknown-linux-gnu,csv,1.4.0,byte_record::tests::utf8_error_5,full,success,0.13721406633333333,,,,
x86_64-unknown-linux-gnu,csv,1.4.0,byte_record::tests::utf8_error_6,full,success,0.14351840200000002,,,,
x86_64-unknown-linux-gnu,csv,1.4.0,deserializer::tests::adjacent_fixed_arrays,full,success,0.14752098066666666,,,,
x86_64-unknown-linux-gnu,csv,1.4.0,deserializer::tests::bad_hex_seq,full,success,0.14460523466666667,,,,
x86_64-unknown-linux-gnu,csv,1.4.0,deserializer::tests::borrowed,full,success,0.14649550366666667,,,,
x86_64-unknown-linux-gnu,csv,1.4.0,deserializer::tests::borrowed_map,full,success,0.15683083033333334,,,,
x86_64-unknown-linux-gnu,csv,1.4.0,deserializer::tests::borrowed_map_bytes,full,success,0.15521870100000001,,,,
x86_64-unknown-linux-gnu,csv,1.4.0,deserializer::tests::bytes,full,success,0.14098936633333334,,,,
x86_64-unknown-linux-gnu,csv,1.4.0,deserializer::tests::enum_label_simple_tagged,full,success,0.14708662033333333,,,,
x86_64-unknown-linux-gnu,csv,1.4.0,deserializer::tests::enum_untagged,full,success,0.14479947333333335,,,,
x86_64-unknown-linux-gnu,csv,1.4.0,deserializer::tests::flatten,full,success,0.147823257,,,,
x86_64-unknown-linux-gnu,csv,1.4.0,deserializer::tests::map_headers,full,success,0.15448059833333336,,,,
x86_64-unknown-linux-gnu,csv,1.4.0,deserializer::tests::map_no_headers,full,success,0.136770665,,,,
x86_64-unknown-linux-gnu,csv,1.4.0,deserializer::tests::mixed_hex_seq,full,success,0.13989123666666667,,,,
x86_64-unknown-linux-gnu,csv,1.4.0,deserializer::tests::no_chars,full,success,0.13626445033333337,,,,
x86_64-unknown-linux-gnu,csv,1.4.0,deserializer::tests::no_fields,full,success,0.13957662133333334,,,,
x86_64-unknown-linux-gnu,csv,1.4.0,deserializer::tests::one_char,full,success,0.13974756366666666,,,,
x86_64-unknown-linux-gnu,csv,1.4.0,deserializer::tests::one_field,full,success,0.13536174133333334,,,,
x86_64-unknown-linux-gnu,csv,1.4.0,deserializer::tests::one_field_128,full,success,0.14479139833333335,,,,
x86_64-unknown-linux-gnu,csv,1.4.0,deserializer::tests::option_empty_field,full,success,0.148168127,,,,
x86_64-unknown-linux-gnu,csv,1.4.0,deserializer::tests::option_invalid_field,full,success,0.14568290333333334,,,,
x86_64-unknown-linux-gnu,csv,1.4.0,deserializer::tests::partially_invalid_utf8,full,success,0.14373578166666667,,,,
x86_64-unknown-linux-gnu,csv,1.4.0,deserializer::tests::seq_in_struct,full,success,0.14148040400000003,,,,
x86_64-unknown-linux-gnu,csv,1.4.0,deserializer::tests::seq_in_struct_tail,full,success,0.14396462266666668,,,,
x86_64-unknown-linux-gnu,csv,1.4.0,deserializer::tests::simple_hex_seq,full,success,0.14610188566666668,,,,
x86_64-unknown-linux-gnu,csv,1.4.0,deserializer::tests::simple_seq,full,success,0.13542877700000003,,,,
x86_64-unknown-linux-gnu,csv,1.4.0,deserializer::tests::too_many_chars,full,success,0.13888468366666668,,,,
x86_64-unknown-linux-gnu,csv,1.4.0,deserializer::tests::two_fields,full,success,0.14103022733333334,,,,
x86_64-unknown-linux-gnu,csv,1.4.0,deserializer::tests::two_fields_too_few,full,success,0.15532869733333335,,,,
x86_64-unknown-linux-gnu,csv,1.4.0,deserializer::tests::two_fields_too_many,full,success,0.13962900666666667,,,,
x86_64-unknown-linux-gnu,csv,1.4.0,deserializer::tests::with_header,full,success,0.1473557206666667,,,,
x86_64-unknown-linux-gnu,csv,1.4.0,deserializer::tests::with_header_empty,full,success,0.13813202300000002,,,,
x86_64-unknown-linux-gnu,csv,1.4.0,deserializer::tests::with_header_empty_ok,full,success,0.14170870333333332,,,,
x86_64-unknown-linux-gnu,csv,1.4.0,deserializer::tests::with_header_missing,full,success,0.13841183,,,,
x86_64-unknown-linux-gnu,csv,1.4.0,deserializer::tests::with_header_missing_ok,full,success,0.13732903300000002,,,,
x86_64-unknown-linux-gnu,csv,1.4.0,deserializer::tests::with_header_no_fields,full,success,0.13785530566666668,,,,
x86_64-unknown-linux-gnu,csv,1.4.0,deserializer::tests::with_header_unknown,full,success,0.14234725266666667,,,,
x86_64-unknown-linux-gnu,csv,1.4.0,deserializer::tests::without_header,full,success,0.13968223233333335,,,,
x86_64-unknown-linux-gnu,csv,1.4.0,reader::tests::headers_on_empty_data,full,success,1.8080420936666666,,,,
x86_64-unknown-linux-gnu,csv,1.4.0,reader::tests::no_headers_on_empty_data,full,success,1.801728022,,,,
x86_64-unknown-linux-gnu,csv,1.4.0,reader::tests::no_headers_on_empty_data_after_headers,full,success,1.793616044666667,,,,
x86_64-unknown-linux-gnu,csv,1.4.0,reader::tests::positions_headers,full,success,1.8306965743333334,,,,
x86_64-unknown-linux-gnu,csv,1.4.0,reader::tests::positions_no_headers,full,success,1.8039476053333334,,,,
x86_64-unknown-linux-gnu,csv,1.4.0,reader::tests::read_byte_record,full,success,1.8211330383333333,,,,
x86_64-unknown-linux-gnu,csv,1.4.0,reader::tests::read_record_headers,full,success,1.8137428223333334,,,,
x86_64-unknown-linux-gnu,csv,1.4.0,reader::tests::read_record_headers_invalid_utf8,full,success,1.7988534393333335,,,,
x86_64-unknown-linux-gnu,csv,1.4.0,reader::tests::read_record_no_headers_after,full,success,1.801098811,,,,
x86_64-unknown-linux-gnu,csv,1.4.0,reader::tests::read_record_no_headers_before,full,success,1.7949957843333333,,,,
x86_64-unknown-linux-gnu,csv,1.4.0,reader::tests::read_record_unequal_continue,full,success,1.8010564553333335,,,,
x86_64-unknown-linux-gnu,csv,1.4.0,reader::tests::read_record_unequal_fails,full,success,1.7993906403333335,,,,
x86_64-unknown-linux-gnu,csv,1.4.0,reader::tests::read_record_unequal_ok,full,success,1.7942677163333336,,,,
x86_64-unknown-linux-gnu,csv,1.4.0,reader::tests::read_trimed_header_invalid_utf8,full,success,1.8124387793333334,,,,
x86_64-unknown-linux-gnu,csv,1.4.0,reader::tests::read_trimmed_header,full,success,1.8013810053333332,,,,
x86_64-unknown-linux-gnu,csv,1.4.0,reader::tests::read_trimmed_records,full,success,1.8159546246666667,,,,
x86_64-unknown-linux-gnu,csv,1.4.0,reader::tests::read_trimmed_records_and_headers,full,success,1.8202444673333333,,,,
x86_64-unknown-linux-gnu,csv,1.4.0,reader::tests::read_trimmed_records_without_headers,full,success,1.8181111443333335,,,,
x86_64-unknown-linux-gnu,csv,1.4.0,reader::tests::seek,full,success,1.8074041923333333,,,,
x86_64-unknown-linux-gnu,csv,1.4.0,reader::tests::seek_headers_after,full,success,1.7994082193333334,,,,
x86_64-unknown-linux-gnu,csv,1.4.0,reader::tests::seek_headers_before_after,full,success,1.8113443983333333,,,,
x86_64-unknown-linux-gnu,csv,1.4.0,reader::tests::seek_headers_no_actual_seek,full,success,1.8041672240000002,,,,
x86_64-unknown-linux-gnu,csv,1.4.0,serializer::tests::bool,full,success,0.13189830700000002,,,,
x86_64-unknown-linux-gnu,csv,1.4.0,serializer::tests::bytes,full,success,0.13299037333333333,,,,
x86_64-unknown-linux-gnu,csv,1.4.0,serializer::tests::char,full,success,0.13656504700000002,,,,
x86_64-unknown-linux-gnu,csv,1.4.0,serializer::tests::enum_newtypes,full,success,0.14519804700000002,,,,
x86_64-unknown-linux-gnu,csv,1.4.0,serializer::tests::enum_struct_variant,full,success,0.13578765433333334,,,,
x86_64-unknown-linux-gnu,csv,1.4.0,serializer::tests::enum_units,full,success,0.14205246000000002,,,,
x86_64-unknown-linux-gnu,csv,1.4.0,serializer::tests::float,full,success,0.14075049933333336,,,,
x86_64-unknown-linux-gnu,csv,1.4.0,serializer::tests::float_nan,full,success,0.137215279,,,,
x86_64-unknown-linux-gnu,csv,1.4.0,serializer::tests::integer,full,success,0.13548543433333335,,,,
x86_64-unknown-linux-gnu,csv,1.4.0,serializer::tests::integer_i128,full,success,0.13813236133333331,,,,
x86_64-unknown-linux-gnu,csv,1.4.0,serializer::tests::integer_u128,full,success,0.137921205,,,,
x86_64-unknown-linux-gnu,csv,1.4.0,serializer::tests::option,full,success,0.13740373466666667,,,,
x86_64-unknown-linux-gnu,csv,1.4.0,serializer::tests::seq,full,success,0.14466455133333334,,,,
x86_64-unknown-linux-gnu,csv,1.4.0,serializer::tests::str,full,success,0.13980983666666666,,,,
x86_64-unknown-linux-gnu,csv,1.4.0,serializer::tests::struct_headers,full,success,0.13994010766666667,,,,
x86_64-unknown-linux-gnu,csv,1.4.0,serializer::tests::struct_headers_inside_nested_tuple_seq,full,success,0.14783287933333333,,,,
x86_64-unknown-linux-gnu,csv,1.4.0,serializer::tests::struct_headers_inside_seq,full,success,0.14185344733333335,,,,
x86_64-unknown-linux-gnu,csv,1.4.0,serializer::tests::struct_headers_inside_tuple,full,success,0.14944424233333334,,,,
x86_64-unknown-linux-gnu,csv,1.4.0,serializer::tests::struct_headers_inside_tuple_scalar_after,full,success,0.13879104333333334,,,,
x86_64-unknown-linux-gnu,csv,1.4.0,serializer::tests::struct_headers_inside_tuple_scalar_before,full,success,0.14301265733333335,,,,
x86_64-unknown-linux-gnu,csv,1.4.0,serializer::tests::struct_headers_nested,full,success,0.13760892300000002,,,,
x86_64-unknown-linux-gnu,csv,1.4.0,serializer::tests::struct_headers_nested_seq,full,success,0.13898937533333333,,,,
x86_64-unknown-linux-gnu,csv,1.4.0,serializer::tests::struct_newtype,full,success,0.14045111566666665,,,,
x86_64-unknown-linux-gnu,csv,1.4.0,serializer::tests::struct_no_headers,full,success,0.13926993099999999,,,,
x86_64-unknown-linux-gnu,csv,1.4.0,serializer::tests::struct_no_headers_128,full,success,0.13969084166666668,,,,
x86_64-unknown-linux-gnu,csv,1.4.0,serializer::tests::struct_unit,full,success,0.13526131900000002,,,,
x86_64-unknown-linux-gnu,csv,1.4.0,serializer::tests::tuple,full,success,0.1481941006666667,,,,
x86_64-unknown-linux-gnu,csv,1.4.0,serializer::tests::tuple_struct,full,success,0.13941911466666668,,,,
x86_64-unknown-linux-gnu,csv,1.4.0,serializer::tests::tuple_variant,full,success,0.13584271366666667,,,,
x86_64-unknown-linux-gnu,csv,1.4.0,serializer::tests::unit,full,success,0.13847415433333335,,,,
x86_64-unknown-linux-gnu,csv,1.4.0,string_record::tests::eq_field_boundaries,full,success,0.13943442533333336,,,,
x86_64-unknown-linux-gnu,csv,1.4.0,string_record::tests::eq_record_len,full,success,0.1509765396666667,,,,
x86_64-unknown-linux-gnu,csv,1.4.0,string_record::tests::trim_back,full,success,0.142518806,,,,
x86_64-unknown-linux-gnu,csv,1.4.0,string_record::tests::trim_both,full,success,0.14530968666666666,,,,
x86_64-unknown-linux-gnu,csv,1.4.0,string_record::tests::trim_does_not_panic_on_empty_records_1,full,success,0.13429947533333333,,,,
x86_64-unknown-linux-gnu,csv,1.4.0,string_record::tests::trim_does_not_panic_on_empty_records_2,full,success,0.144480087,,,,
x86_64-unknown-linux-gnu,csv,1.4.0,string_record::tests::trim_does_not_panic_on_empty_records_3,full,success,0.13922888766666666,,,,
x86_64-unknown-linux-gnu,csv,1.4.0,string_record::tests::trim_front,full,success,0.14267208266666667,,,,
x86_64-unknown-linux-gnu,csv,1.4.0,string_record::tests::trim_whitespace_only,full,success,0.15290641466666668,,,,
x86_64-unknown-linux-gnu,csv,1.4.0,writer::tests::comment_char_is_automatically_quoted,full,success,0.137682626,,,,
x86_64-unknown-linux-gnu,csv,1.4.0,writer::tests::full_buffer_should_not_flush_underlying,full,success,0.14785900233333335,,,,
x86_64-unknown-linux-gnu,csv,1.4.0,writer::tests::one_byte_record,full,success,0.14821746066666666,,,,
x86_64-unknown-linux-gnu,csv,1.4.0,writer::tests::one_empty_record,full,success,0.14226685033333333,,,,
x86_64-unknown-linux-gnu,csv,1.4.0,writer::tests::one_record,full,success,0.14088390233333334,,,,
x86_64-unknown-linux-gnu,csv,1.4.0,writer::tests::one_string_record,full,success,0.14207335066666668,,,,
x86_64-unknown-linux-gnu,csv,1.4.0,writer::tests::raw_one_byte_record,full,success,0.136812941,,,,
x86_64-unknown-linux-gnu,csv,1.4.0,writer::tests::raw_one_empty_record,full,success,0.13432362233333334,,,,
x86_64-unknown-linux-gnu,csv,1.4.0,writer::tests::raw_two_empty_records,full,success,0.14284249233333332,,,,
x86_64-unknown-linux-gnu,csv,1.4.0,writer::tests::raw_unequal_records_bad,full,success,0.13681320766666666,,,,
x86_64-unknown-linux-gnu,csv,1.4.0,writer::tests::raw_unequal_records_ok,full,success,0.141279283,,,,
x86_64-unknown-linux-gnu,csv,1.4.0,writer::tests::serialize_no_headers,full,success,0.13472860566666667,,,,
x86_64-unknown-linux-gnu,csv,1.4.0,writer::tests::serialize_no_headers_128,full,success,0.1341575726666667,,,,
x86_64-unknown-linux-gnu,csv,1.4.0,writer::tests::serialize_tuple,full,success,0.13648697866666668,,,,
x86_64-unknown-linux-gnu,csv,1.4.0,writer::tests::serialize_with_headers,full,success,0.138596246,,,,
x86_64-unknown-linux-gnu,csv,1.4.0,writer::tests::two_empty_records,full,success,0.13679911233333333,,,,
x86_64-unknown-linux-gnu,csv,1.4.0,writer::tests::unequal_records_bad,full,success,0.14119673266666669,,,,
x86_64-unknown-linux-gnu,csv,1.4.0,writer::tests::unequal_records_ok,full,success,0.1414145006666667,,,,
x86_64-unknown-linux-gnu,curve25519-dalek,4.1.3,backend::serial::u64::scalar::test::add,full,success,0.13141503633333335,,,,
x86_64-unknown-linux-gnu,curve25519-dalek,4.1.3,backend::serial::u64::scalar::test::from_bytes_wide,full,success,0.13523106800000004,,,,
x86_64-unknown-linux-gnu,curve25519-dalek,4.1.3,backend::serial::u64::scalar::test::montgomery_mul,full,success,0.1412974446666667,,,,
x86_64-unknown-linux-gnu,curve25519-dalek,4.1.3,backend::serial::u64::scalar::test::montgomery_mul_max,full,success,0.13312857833333333,,,,
x86_64-unknown-linux-gnu,curve25519-dalek,4.1.3,backend::serial::u64::scalar::test::montgomery_square_max,full,success,0.13218628866666668,,,,
x86_64-unknown-linux-gnu,curve25519-dalek,4.1.3,backend::serial::u64::scalar::test::mul,full,success,0.13448083566666666,,,,
x86_64-unknown-linux-gnu,curve25519-dalek,4.1.3,backend::serial::u64::scalar::test::mul_max,full,success,0.13592835066666667,,,,
x86_64-unknown-linux-gnu,curve25519-dalek,4.1.3,backend::serial::u64::scalar::test::square_max,full,success,0.14120577233333334,,,,
x86_64-unknown-linux-gnu,curve25519-dalek,4.1.3,backend::serial::u64::scalar::test::sub,full,success,0.1397252926666667,,,,
x86_64-unknown-linux-gnu,curve25519-dalek,4.1.3,constants::test::test_d_vs_ratio,full,success,0.14265428033333336,,,,
x86_64-unknown-linux-gnu,curve25519-dalek,4.1.3,constants::test::test_eight_torsion,full,success,0.23881249833333337,,,,
x86_64-unknown-linux-gnu,curve25519-dalek,4.1.3,constants::test::test_four_torsion,full,success,0.18656151,,,,
x86_64-unknown-linux-gnu,curve25519-dalek,4.1.3,constants::test::test_sqrt_ad_minus_one,full,success,0.13625851966666666,,,,
x86_64-unknown-linux-gnu,curve25519-dalek,4.1.3,constants::test::test_sqrt_constants_sign,full,success,0.16439703766666666,,,,
x86_64-unknown-linux-gnu,curve25519-dalek,4.1.3,constants::test::test_sqrt_minus_one,full,success,0.13775641866666669,,,,
x86_64-unknown-linux-gnu,curve25519-dalek,4.1.3,constants::test::test_two_torsion,full,success,0.15684336900000004,,,,
x86_64-unknown-linux-gnu,curve25519-dalek,4.1.3,edwards::test::basepoint16_vs_mul_by_pow_2_4,full,success,0.138628047,,,,
x86_64-unknown-linux-gnu,curve25519-dalek,4.1.3,edwards::test::basepoint_decompression_compression,full,success,0.15383039133333334,,,,
x86_64-unknown-linux-gnu,curve25519-dalek,4.1.3,edwards::test::basepoint_double_vs_basepoint2,full,success,0.13315963066666667,,,,
x86_64-unknown-linux-gnu,curve25519-dalek,4.1.3,edwards::test::basepoint_mult_by_basepoint_order,full,success,0.2703900276666667,,,,
x86_64-unknown-linux-gnu,curve25519-dalek,4.1.3,edwards::test::basepoint_mult_one_vs_basepoint,full,success,0.26693936500000004,,,,
x86_64-unknown-linux-gnu,curve25519-dalek,4.1.3,edwards::test::basepoint_mult_two_vs_basepoint2,full,success,0.2807625736666667,,,,
x86_64-unknown-linux-gnu,curve25519-dalek,4.1.3,edwards::test::basepoint_mult_vs_ed25519py,full,success,0.2585489316666667,,,,
x86_64-unknown-linux-gnu,curve25519-dalek,4.1.3,edwards::test::basepoint_plus_basepoint_affine_niels_vs_basepoint2,full,success,0.13493870533333333,,,,
x86_64-unknown-linux-gnu,curve25519-dalek,4.1.3,edwards::test::basepoint_plus_basepoint_projective_niels_vs_basepoint2,full,success,0.13322374966666667,,,,
x86_64-unknown-linux-gnu,curve25519-dalek,4.1.3,edwards::test::basepoint_plus_basepoint_vs_basepoint2,full,success,0.13770364233333335,,,,
x86_64-unknown-linux-gnu,curve25519-dalek,4.1.3,edwards::test::basepoint_projective_extended_round_trip,full,success,0.13581854833333337,,,,
x86_64-unknown-linux-gnu,curve25519-dalek,4.1.3,edwards::test::basepoint_table_basepoint_function_correct,full,success,0.13664367400000002,,,,
x86_64-unknown-linux-gnu,curve25519-dalek,4.1.3,edwards::test::basepoint_tables,full,success,14.736365881,,,,
x86_64-unknown-linux-gnu,curve25519-dalek,4.1.3,edwards::test::basepoint_tables_unreduced_scalar,full,success,14.853621429666667,,,,
x86_64-unknown-linux-gnu,curve25519-dalek,4.1.3,edwards::test::compressed_identity,full,success,0.1347006106666667,,,,
x86_64-unknown-linux-gnu,curve25519-dalek,4.1.3,edwards::test::conditional_assign_for_affine_niels_point,full,success,0.15216644566666668,,,,
x86_64-unknown-linux-gnu,curve25519-dalek,4.1.3,edwards::test::decompression_sign_handling,full,success,0.15536128033333332,,,,
x86_64-unknown-linux-gnu,curve25519-dalek,4.1.3,edwards::test::extended_point_equality_handles_scaling,full,success,0.14343856033333335,,,,
x86_64-unknown-linux-gnu,curve25519-dalek,4.1.3,edwards::test::impl_sum,full,success,2.2003445063333333,,,,
x86_64-unknown-linux-gnu,curve25519-dalek,4.1.3,edwards::test::is_identity,full,success,0.14479427433333333,,,,
x86_64-unknown-linux-gnu,curve25519-dalek,4.1.3,edwards::test::is_small_order,full,success,0.200657988,,,,
x86_64-unknown-linux-gnu,curve25519-dalek,4.1.3,edwards::test::scalar_mul_vs_ed25519py,full,success,0.476356898,,,,
x86_64-unknown-linux-gnu,curve25519-dalek,4.1.3,edwards::test::scalarmult_extended_point_works_both_ways,full,success,0.8315516296666666,,,,
x86_64-unknown-linux-gnu,curve25519-dalek,4.1.3,edwards::test::test_precomputed_basepoint_mult,full,success,0.605013048,,,,
x86_64-unknown-linux-gnu,curve25519-dalek,4.1.3,edwards::test::to_affine_niels_clears_denominators,full,success,0.26067018733333336,,,,
x86_64-unknown-linux-gnu,curve25519-dalek,4.1.3,edwards::test::vartime::double_scalar_mul_basepoint_vs_ed25519py,full,success,0.271214088,,,,
x86_64-unknown-linux-gnu,curve25519-dalek,4.1.3,edwards::test::vartime::multiscalar_mul_vartime_vs_consttime,full,success,1.368331118333333,,,,
x86_64-unknown-linux-gnu,curve25519-dalek,4.1.3,edwards::test::vartime::multiscalar_mul_vs_ed25519py,full,success,0.4060661943333333,,,,
x86_64-unknown-linux-gnu,curve25519-dalek,4.1.3,field::test::a_invert_vs_inverse_of_a_constant,full,success,0.14037945166666665,,,,
x86_64-unknown-linux-gnu,curve25519-dalek,4.1.3,field::test::a_mul_a_vs_a_squared_constant,full,success,0.13717510733333335,,,,
x86_64-unknown-linux-gnu,curve25519-dalek,4.1.3,field::test::a_p58_vs_ap58_constant,full,success,0.137162382,,,,
x86_64-unknown-linux-gnu,curve25519-dalek,4.1.3,field::test::a_square2_vs_a_squared_constant,full,success,0.141607264,,,,
x86_64-unknown-linux-gnu,curve25519-dalek,4.1.3,field::test::a_square_vs_a_squared_constant,full,success,0.13434043,,,,
x86_64-unknown-linux-gnu,curve25519-dalek,4.1.3,field::test::batch_invert_a_matches_nonbatched,full,success,0.194839859,,,,
x86_64-unknown-linux-gnu,curve25519-dalek,4.1.3,field::test::batch_invert_empty,full,success,0.13999887433333333,,,,
x86_64-unknown-linux-gnu,curve25519-dalek,4.1.3,field::test::conditional_negate,full,success,0.14010728733333333,,,,
x86_64-unknown-linux-gnu,curve25519-dalek,4.1.3,field::test::encoding_is_canonical,full,success,0.13488877866666668,,,,
x86_64-unknown-linux-gnu,curve25519-dalek,4.1.3,field::test::equality,full,success,0.13962583333333334,,,,
x86_64-unknown-linux-gnu,curve25519-dalek,4.1.3,field::test::from_bytes_highbit_is_ignored,full,success,0.13510481166666666,,,,
x86_64-unknown-linux-gnu,curve25519-dalek,4.1.3,field::test::sqrt_ratio_behavior,full,success,0.2019358926666667,,,,
x86_64-unknown-linux-gnu,curve25519-dalek,4.1.3,montgomery::test::basepoint_edwards_to_montgomery,full,success,0.13757428766666666,,,,
x86_64-unknown-linux-gnu,curve25519-dalek,4.1.3,montgomery::test::basepoint_montgomery_to_edwards,full,success,0.17688456600000002,,,,
x86_64-unknown-linux-gnu,curve25519-dalek,4.1.3,montgomery::test::eq_defined_mod_p,full,success,0.13889690033333335,,,,
x86_64-unknown-linux-gnu,curve25519-dalek,4.1.3,montgomery::test::identity_in_different_coordinates,full,success,0.14418592733333335,,,,
x86_64-unknown-linux-gnu,curve25519-dalek,4.1.3,montgomery::test::identity_in_different_models,full,success,0.1480836896666667,,,,
x86_64-unknown-linux-gnu,curve25519-dalek,4.1.3,montgomery::test::montgomery_elligator_correct,full,success,0.14640697533333333,,,,
x86_64-unknown-linux-gnu,curve25519-dalek,4.1.3,montgomery::test::montgomery_elligator_zero_zero,full,success,0.14836850199999999,,,,
x86_64-unknown-linux-gnu,curve25519-dalek,4.1.3,montgomery::test::montgomery_to_edwards_rejects_twist,full,success,0.1566055266666667,,,,
x86_64-unknown-linux-gnu,curve25519-dalek,4.1.3,montgomery::test::mul_base_clamped,full,success,42.259083092666664,,,,
x86_64-unknown-linux-gnu,curve25519-dalek,4.1.3,ristretto::test::basepoint_roundtrip,full,success,0.161472693,,,,
x86_64-unknown-linux-gnu,curve25519-dalek,4.1.3,ristretto::test::compress_id,full,success,0.147045897,,,,
x86_64-unknown-linux-gnu,curve25519-dalek,4.1.3,ristretto::test::decompress_id,full,success,0.150173837,,,,
x86_64-unknown-linux-gnu,curve25519-dalek,4.1.3,ristretto::test::decompress_negative_s_fails,full,success,0.13772410266666668,,,,
x86_64-unknown-linux-gnu,curve25519-dalek,4.1.3,ristretto::test::elligator_vs_ristretto_sage,full,success,0.4482115313333333,,,,
x86_64-unknown-linux-gnu,curve25519-dalek,4.1.3,ristretto::test::encodings_of_small_multiples_of_basepoint,full,success,0.29645819000000007,,,,
x86_64-unknown-linux-gnu,curve25519-dalek,4.1.3,ristretto::test::four_torsion_basepoint,full,success,0.15793096466666667,,,,
x86_64-unknown-linux-gnu,curve25519-dalek,4.1.3,ristretto::test::four_torsion_random,full,success,0.28930948900000003,,,,
x86_64-unknown-linux-gnu,curve25519-dalek,4.1.3,ristretto::test::impl_sum,full,success,2.1910922996666664,,,,
x86_64-unknown-linux-gnu,curve25519-dalek,4.1.3,ristretto::test::one_way_map,full,success,0.46413447300000005,,,,
x86_64-unknown-linux-gnu,curve25519-dalek,4.1.3,ristretto::test::random_roundtrip,full,success,16.133970638666664,,,,
x86_64-unknown-linux-gnu,curve25519-dalek,4.1.3,ristretto::test::scalarmult_ristrettopoint_works_both_ways,full,success,0.8295149046666667,,,,
x86_64-unknown-linux-gnu,curve25519-dalek,4.1.3,scalar::test::add_reduces,full,success,0.13660870333333333,,,,
x86_64-unknown-linux-gnu,curve25519-dalek,4.1.3,scalar::test::batch_invert_consistency,full,success,0.7406666413333335,,,,
x86_64-unknown-linux-gnu,curve25519-dalek,4.1.3,scalar::test::batch_invert_empty,full,success,0.30599508333333336,,,,
x86_64-unknown-linux-gnu,curve25519-dalek,4.1.3,scalar::test::batch_invert_with_a_zero_input_panics,full,success,0.16577736566666668,,,,
x86_64-unknown-linux-gnu,curve25519-dalek,4.1.3,scalar::test::canonical_decoding,full,success,0.14438730900000002,,,,
x86_64-unknown-linux-gnu,curve25519-dalek,4.1.3,scalar::test::from_bytes_mod_order_wide,full,success,0.1350443,,,,
x86_64-unknown-linux-gnu,curve25519-dalek,4.1.3,scalar::test::from_u64,full,success,0.1326003166666667,,,,
x86_64-unknown-linux-gnu,curve25519-dalek,4.1.3,scalar::test::fuzzer_testcase_reduction,full,success,0.148327397,,,,
x86_64-unknown-linux-gnu,curve25519-dalek,4.1.3,scalar::test::impl_add,full,success,0.133340292,,,,
x86_64-unknown-linux-gnu,curve25519-dalek,4.1.3,scalar::test::impl_mul,full,success,0.13619503300000002,,,,
x86_64-unknown-linux-gnu,curve25519-dalek,4.1.3,scalar::test::impl_product,full,success,0.23402083933333337,,,,
x86_64-unknown-linux-gnu,curve25519-dalek,4.1.3,scalar::test::impl_sum,full,success,0.203506065,,,,
x86_64-unknown-linux-gnu,curve25519-dalek,4.1.3,scalar::test::invert,full,success,0.3159579926666667,,,,
x86_64-unknown-linux-gnu,curve25519-dalek,4.1.3,scalar::test::montgomery_reduce_matches_from_bytes_mod_order_wide,full,success,0.13995578566666667,,,,
x86_64-unknown-linux-gnu,curve25519-dalek,4.1.3,scalar::test::neg_twice_is_identity,full,success,0.134795639,,,,
x86_64-unknown-linux-gnu,curve25519-dalek,4.1.3,scalar::test::non_adjacent_form_test_vector,full,success,0.15006049733333335,,,,
x86_64-unknown-linux-gnu,curve25519-dalek,4.1.3,scalar::test::reduce,full,success,0.14216634333333333,,,,
x86_64-unknown-linux-gnu,curve25519-dalek,4.1.3,scalar::test::scalar_mul_by_one,full,success,0.13613211866666666,,,,
x86_64-unknown-linux-gnu,curve25519-dalek,4.1.3,scalar::test::square,full,success,0.13798912933333332,,,,
x86_64-unknown-linux-gnu,curve25519-dalek,4.1.3,scalar::test::sub_reduces,full,success,0.133257958,,,,
x86_64-unknown-linux-gnu,curve25519-dalek,4.1.3,scalar::test::test_mul_reduction_invariance,full,success,0.6831734056666666,,,,
x86_64-unknown-linux-gnu,curve25519-dalek,4.1.3,scalar::test::test_read_le_u64_into,full,success,0.13621692733333335,,,,
x86_64-unknown-linux-gnu,curve25519-dalek,4.1.3,scalar::test::test_read_le_u64_into_should_panic_on_bad_input,full,success,0.13458877133333336,,,,
x86_64-unknown-linux-gnu,curve25519-dalek,4.1.3,scalar::test::test_scalar_clamp,full,success,0.13437271266666667,,,,
x86_64-unknown-linux-gnu,curve25519-dalek,4.1.3,scalar::test::test_scalar_from_int,full,success,0.15503561300000002,,,,
x86_64-unknown-linux-gnu,curve25519-dalek,4.1.3,scalar::test::to_bytes_from_bytes_roundtrips,full,success,0.13646987633333335,,,,
x86_64-unknown-linux-gnu,der,0.8.0,asn1::bit_string::tests::bitstring_valueord_value_cmp,full,success,0.138171821,,,,
x86_64-unknown-linux-gnu,der,0.8.0,asn1::bit_string::tests::decode_bitstring_with_unused_bits,full,success,0.14842575666666669,,,,
x86_64-unknown-linux-gnu,der,0.8.0,asn1::bit_string::tests::decode_empty_bitstring,full,success,0.141337825,,,,
x86_64-unknown-linux-gnu,der,0.8.0,asn1::bit_string::tests::decode_non_empty_bitstring,full,success,0.15084941933333332,,,,
x86_64-unknown-linux-gnu,der,0.8.0,asn1::bit_string::tests::reject_unused_bits_in_empty_string,full,success,0.13508502566666666,,,,
x86_64-unknown-linux-gnu,der,0.8.0,asn1::boolean::tests::decode,full,success,0.14053232433333337,,,,
x86_64-unknown-linux-gnu,der,0.8.0,asn1::boolean::tests::encode,full,success,0.13375688966666668,,,,
x86_64-unknown-linux-gnu,der,0.8.0,asn1::boolean::tests::reject_non_canonical,full,success,0.133718601,,,,
x86_64-unknown-linux-gnu,der,0.8.0,asn1::context_specific::tests::context_specific_not_skipping_unknown_field,full,success,0.13363028966666668,,,,
x86_64-unknown-linux-gnu,der,0.8.0,asn1::context_specific::tests::context_specific_returns_none_on_greater_tag_number,full,success,0.14086843366666668,,,,
x86_64-unknown-linux-gnu,der,0.8.0,asn1::context_specific::tests::context_specific_with_explicit_field,full,success,0.13777392300000002,,,,
x86_64-unknown-linux-gnu,der,0.8.0,asn1::context_specific::tests::context_specific_with_implicit_field,full,success,0.13859435333333334,,,,
x86_64-unknown-linux-gnu,der,0.8.0,asn1::context_specific::tests::round_trip,full,success,0.142623566,,,,
x86_64-unknown-linux-gnu,der,0.8.0,asn1::generalized_time::tests::invalid_day_generalized_time,full,success,0.13443902733333335,,,,
x86_64-unknown-linux-gnu,der,0.8.0,asn1::generalized_time::tests::invalid_hour_generalized_time,full,success,0.13867532066666668,,,,
x86_64-unknown-linux-gnu,der,0.8.0,asn1::generalized_time::tests::invalid_minute_generalized_time,full,success,0.13652190500000003,,,,
x86_64-unknown-linux-gnu,der,0.8.0,asn1::generalized_time::tests::invalid_month_generalized_time,full,success,0.136690148,,,,
x86_64-unknown-linux-gnu,der,0.8.0,asn1::generalized_time::tests::invalid_second_generalized_time,full,success,0.13484292266666667,,,,
x86_64-unknown-linux-gnu,der,0.8.0,asn1::generalized_time::tests::invalid_year_generalized_time,full,success,0.140784965,,,,
x86_64-unknown-linux-gnu,der,0.8.0,asn1::generalized_time::tests::max_valid_generalized_time,full,success,0.13594023433333335,,,,
x86_64-unknown-linux-gnu,der,0.8.0,asn1::generalized_time::tests::round_trip,full,success,0.13998848066666666,,,,
x86_64-unknown-linux-gnu,der,0.8.0,asn1::ia5_string::tests::parse_bytes,full,success,0.13426871766666668,,,,
x86_64-unknown-linux-gnu,der,0.8.0,asn1::integer::int::tests::decode_intref,full,success,0.14453653700000002,,,,
x86_64-unknown-linux-gnu,der,0.8.0,asn1::integer::int::tests::encode_intref,full,success,0.14333380533333337,,,,
x86_64-unknown-linux-gnu,der,0.8.0,asn1::integer::int::tests::validate_canonical_err,full,success,0.14175326333333335,,,,
x86_64-unknown-linux-gnu,der,0.8.0,asn1::integer::int::tests::validate_canonical_ok,full,success,0.13803469333333332,,,,
x86_64-unknown-linux-gnu,der,0.8.0,asn1::integer::tests::decode_i16,full,success,0.141607838,,,,
x86_64-unknown-linux-gnu,der,0.8.0,asn1::integer::tests::decode_i8,full,success,0.135742467,,,,
x86_64-unknown-linux-gnu,der,0.8.0,asn1::integer::tests::decode_u16,full,success,0.13965189700000002,,,,
x86_64-unknown-linux-gnu,der,0.8.0,asn1::integer::tests::decode_u8,full,success,0.13789939333333334,,,,
x86_64-unknown-linux-gnu,der,0.8.0,asn1::integer::tests::encode_i16,full,success,0.139776704,,,,
x86_64-unknown-linux-gnu,der,0.8.0,asn1::integer::tests::encode_i8,full,success,0.14028867433333334,,,,
x86_64-unknown-linux-gnu,der,0.8.0,asn1::integer::tests::encode_u16,full,success,0.14957577666666666,,,,
x86_64-unknown-linux-gnu,der,0.8.0,asn1::integer::tests::encode_u8,full,success,0.13352472700000004,,,,
x86_64-unknown-linux-gnu,der,0.8.0,asn1::integer::tests::reject_empty,full,success,0.13439783500000002,,,,
x86_64-unknown-linux-gnu,der,0.8.0,asn1::integer::tests::reject_non_canonical,full,success,0.13329536333333336,,,,
x86_64-unknown-linux-gnu,der,0.8.0,asn1::integer::uint::tests::decode_to_array_extra_zero,full,success,0.14191509833333335,,,,
x86_64-unknown-linux-gnu,der,0.8.0,asn1::integer::uint::tests::decode_to_array_leading_zero,full,success,0.135769512,,,,
x86_64-unknown-linux-gnu,der,0.8.0,asn1::integer::uint::tests::decode_to_array_missing_zero,full,success,0.13437206666666668,,,,
x86_64-unknown-linux-gnu,der,0.8.0,asn1::integer::uint::tests::decode_to_array_no_leading_zero,full,success,0.13149082233333334,,,,
x86_64-unknown-linux-gnu,der,0.8.0,asn1::integer::uint::tests::decode_to_array_oversized_input,full,success,0.13159599900000002,,,,
x86_64-unknown-linux-gnu,der,0.8.0,asn1::integer::uint::tests::decode_uintref,full,success,0.13445691533333334,,,,
x86_64-unknown-linux-gnu,der,0.8.0,asn1::integer::uint::tests::encode_uintref,full,success,0.14105533166666667,,,,
x86_64-unknown-linux-gnu,der,0.8.0,asn1::integer::uint::tests::reject_oversize_without_extra_zero,full,success,0.13242515933333335,,,,
x86_64-unknown-linux-gnu,der,0.8.0,asn1::null::tests::decode,full,success,0.13567249066666667,,,,
x86_64-unknown-linux-gnu,der,0.8.0,asn1::null::tests::encode,full,success,0.13278431066666666,,,,
x86_64-unknown-linux-gnu,der,0.8.0,asn1::null::tests::reject_non_canonical,full,success,0.13677388166666668,,,,
x86_64-unknown-linux-gnu,der,0.8.0,asn1::octet_string::tests::octet_string_decode,full,success,0.131333882,,,,
x86_64-unknown-linux-gnu,der,0.8.0,asn1::octet_string::tests::octet_string_decode_into,full,success,0.14201855633333335,,,,
x86_64-unknown-linux-gnu,der,0.8.0,asn1::printable_string::tests::parse_bytes,full,success,0.136263878,,,,
x86_64-unknown-linux-gnu,der,0.8.0,asn1::teletex_string::tests::parse_bytes,full,success,0.13728287833333333,,,,
x86_64-unknown-linux-gnu,der,0.8.0,asn1::utc_time::tests::round_trip_vector,full,success,0.13715050033333334,,,,
x86_64-unknown-linux-gnu,der,0.8.0,asn1::utf8_string::tests::parse_ascii_bytes,full,success,0.13373940433333334,,,,
x86_64-unknown-linux-gnu,der,0.8.0,asn1::utf8_string::tests::parse_utf8_bytes,full,success,0.13476381533333334,,,,
x86_64-unknown-linux-gnu,der,0.8.0,asn1::videotex_string::tests::parse_bytes,full,success,0.13508932333333334,,,,
x86_64-unknown-linux-gnu,der,0.8.0,datetime::tests::feb_leap_year_handling,full,success,0.132269321,,,,
x86_64-unknown-linux-gnu,der,0.8.0,datetime::tests::from_str,full,success,0.13215935233333334,,,,
x86_64-unknown-linux-gnu,der,0.8.0,datetime::tests::invalid_dates,full,success,0.13564881866666667,,,,
x86_64-unknown-linux-gnu,der,0.8.0,encoding_rules::tests::parse,full,success,0.14444923433333334,,,,
x86_64-unknown-linux-gnu,der,0.8.0,header::tests::negative_peek_overlength_header,full,success,0.142641959,,,,
x86_64-unknown-linux-gnu,der,0.8.0,header::tests::peek,full,success,0.13610078866666667,,,,
x86_64-unknown-linux-gnu,der,0.8.0,header::tests::peek_max_header,full,success,0.13102681933333335,,,,
x86_64-unknown-linux-gnu,der,0.8.0,length::tests::add_overflows_when_max_length_exceeded,full,success,0.13827554300000003,,,,
x86_64-unknown-linux-gnu,der,0.8.0,length::tests::decode,full,success,0.13198281733333336,,,,
x86_64-unknown-linux-gnu,der,0.8.0,length::tests::der_ord,full,success,0.13872481933333336,,,,
x86_64-unknown-linux-gnu,der,0.8.0,length::tests::encode,full,success,0.132748219,,,,
x86_64-unknown-linux-gnu,der,0.8.0,reader::slice::tests::empty_message,full,success,0.147744243,,,,
x86_64-unknown-linux-gnu,der,0.8.0,reader::slice::tests::invalid_field_length,full,success,0.14072058133333334,,,,
x86_64-unknown-linux-gnu,der,0.8.0,reader::slice::tests::trailing_data,full,success,0.14456843,,,,
x86_64-unknown-linux-gnu,der,0.8.0,tag::tests::decoding,full,success,0.14094409266666666,,,,
x86_64-unknown-linux-gnu,der,0.8.0,tag::tests::negative_peek_long_tags,full,success,0.13746731133333331,,,,
x86_64-unknown-linux-gnu,der,0.8.0,tag::tests::peek,full,success,0.13405117933333333,,,,
x86_64-unknown-linux-gnu,der,0.8.0,tag::tests::peek_long_tags,full,success,0.13823945633333334,,,,
x86_64-unknown-linux-gnu,der,0.8.0,tag::tests::tag_class,full,success,0.13775217666666667,,,,
x86_64-unknown-linux-gnu,der,0.8.0,tag::tests::tag_order,full,success,0.13882794933333334,,,,
x86_64-unknown-linux-gnu,der,0.8.0,writer::slice::tests::overlength_message,full,success,0.13207162366666667,,,,
x86_64-unknown-linux-gnu,dirs-sys-next,0.1.2,xdg_user_dirs::tests::test_absolute_path_is_accepted,full,success,0.124968069,,,,
x86_64-unknown-linux-gnu,dirs-sys-next,0.1.2,xdg_user_dirs::tests::test_disabled_directory,full,success,0.11971619466666668,,,,
x86_64-unknown-linux-gnu,dirs-sys-next,0.1.2,xdg_user_dirs::tests::test_parse_empty,full,success,0.12105490833333334,,,,
x86_64-unknown-linux-gnu,dirs-sys-next,0.1.2,xdg_user_dirs::tests::test_parse_user_dirs,full,success,0.21690580466666667,,,,
x86_64-unknown-linux-gnu,dirs-sys-next,0.1.2,xdg_user_dirs::tests::test_relative_path_is_rejected,full,success,0.12024052433333333,,,,
x86_64-unknown-linux-gnu,dirs-sys-next,0.1.2,xdg_user_dirs::tests::test_relative_to_home,full,success,0.13123429233333334,,,,
x86_64-unknown-linux-gnu,dirs-sys-next,0.1.2,xdg_user_dirs::tests::test_shell_unescape,full,success,0.12312840566666668,,,,
x86_64-unknown-linux-gnu,dirs-sys-next,0.1.2,xdg_user_dirs::tests::test_split_once,full,success,0.12242876466666668,,,,
x86_64-unknown-linux-gnu,dirs-sys-next,0.1.2,xdg_user_dirs::tests::test_trim_blank,full,success,0.13729665766666665,,,,
x86_64-unknown-linux-gnu,dirs-sys,0.5.0,xdg_user_dirs::tests::test_absolute_path_is_accepted,full,success,0.14357973333333332,,,,
x86_64-unknown-linux-gnu,dirs-sys,0.5.0,xdg_user_dirs::tests::test_disabled_directory,full,success,0.13714845933333333,,,,
x86_64-unknown-linux-gnu,dirs-sys,0.5.0,xdg_user_dirs::tests::test_parse_empty,full,success,0.136170693,,,,
x86_64-unknown-linux-gnu,dirs-sys,0.5.0,xdg_user_dirs::tests::test_parse_user_dirs,full,success,0.2605466903333334,,,,
x86_64-unknown-linux-gnu,dirs-sys,0.5.0,xdg_user_dirs::tests::test_relative_path_is_rejected,full,success,0.13844579633333334,,,,
x86_64-unknown-linux-gnu,dirs-sys,0.5.0,xdg_user_dirs::tests::test_relative_to_home,full,success,0.14466911600000001,,,,
x86_64-unknown-linux-gnu,dirs-sys,0.5.0,xdg_user_dirs::tests::test_shell_unescape,full,success,0.13864611500000001,,,,
x86_64-unknown-linux-gnu,dirs-sys,0.5.0,xdg_user_dirs::tests::test_split_once,full,success,0.13651196899999998,,,,
x86_64-unknown-linux-gnu,dirs-sys,0.5.0,xdg_user_dirs::tests::test_trim_blank,full,success,0.13727660133333336,,,,
x86_64-unknown-linux-gnu,either,1.15.0,basic,full,success,0.13985018266666668,,,,
x86_64-unknown-linux-gnu,either,1.15.0,deref,full,success,0.13341388533333334,,,,
x86_64-unknown-linux-gnu,either,1.15.0,error,full,success,0.1387962606666667,,,,
x86_64-unknown-linux-gnu,either,1.15.0,iter,full,success,0.14013223733333335,,,,
x86_64-unknown-linux-gnu,either,1.15.0,macros,full,success,0.13453678300000002,,,,
x86_64-unknown-linux-gnu,either,1.15.0,read_write,full,success,0.1335824316666667,,,,
x86_64-unknown-linux-gnu,either,1.15.0,seek,full,success,0.30710111,,,,
x86_64-unknown-linux-gnu,encoding_rs,0.8.35,ascii::tests::test_ascii_to_ascii,full,success,0.21718315166666669,,,,
x86_64-unknown-linux-gnu,encoding_rs,0.8.35,ascii::tests::test_ascii_to_basic_latin,full,success,0.21425143700000002,,,,
x86_64-unknown-linux-gnu,encoding_rs,0.8.35,ascii::tests::test_basic_latin_to_ascii,full,success,0.21462716700000004,,,,
x86_64-unknown-linux-gnu,encoding_rs,0.8.35,big5::tests::test_big5_decode,full,success,0.7900465750000002,,,,
x86_64-unknown-linux-gnu,encoding_rs,0.8.35,big5::tests::test_big5_encode,full,success,0.17604962733333337,,,,
x86_64-unknown-linux-gnu,encoding_rs,0.8.35,euc_jp::tests::test_euc_jp_decode,full,success,0.7762164330000001,,,,
x86_64-unknown-linux-gnu,encoding_rs,0.8.35,euc_jp::tests::test_euc_jp_encode,full,success,0.22400899633333335,,,,
x86_64-unknown-linux-gnu,encoding_rs,0.8.35,euc_kr::tests::test_euc_kr_decode,full,success,0.24656968600000004,,,,
x86_64-unknown-linux-gnu,encoding_rs,0.8.35,euc_kr::tests::test_euc_kr_encode,full,success,2.7640630386666665,,,,
x86_64-unknown-linux-gnu,encoding_rs,0.8.35,euc_kr::tests::test_euc_kr_encode_from_two_low_surrogates,full,success,0.111032794,,,,
x86_64-unknown-linux-gnu,encoding_rs,0.8.35,gb18030::tests::test_gb18030_decode,full,success,1.00501037,,,,
x86_64-unknown-linux-gnu,encoding_rs,0.8.35,gb18030::tests::test_gb18030_encode,full,success,7.287888986333333,,,,
x86_64-unknown-linux-gnu,encoding_rs,0.8.35,gb18030::tests::test_gb18030_encode_from_utf16_max_length,full,success,0.10914888266666667,,,,
x86_64-unknown-linux-gnu,encoding_rs,0.8.35,gb18030::tests::test_gbk_encode,full,success,7.335358998333334,,,,
x86_64-unknown-linux-gnu,encoding_rs,0.8.35,iso_2022_jp::tests::test_iso_2022_jp_decode,full,success,2.4967147053333334,,,,
x86_64-unknown-linux-gnu,encoding_rs,0.8.35,iso_2022_jp::tests::test_iso_2022_jp_encode,full,success,6.785062264666667,,,,
x86_64-unknown-linux-gnu,encoding_rs,0.8.35,iso_2022_jp::tests::test_iso_2022_jp_encode_from_two_low_surrogates,full,success,0.107124406,,,,
x86_64-unknown-linux-gnu,encoding_rs,0.8.35,iso_2022_jp::tests::test_iso_2022_jp_half_width_katakana_length,full,success,0.10739575433333333,,,,
x86_64-unknown-linux-gnu,encoding_rs,0.8.35,iso_2022_jp::tests::test_iso_2022_jp_length_after_escape,full,success,0.110820344,,,,
x86_64-unknown-linux-gnu,encoding_rs,0.8.35,mem::tests::test_check_str_for_latin1_and_bidi,full,success,0.10747910833333334,,,,
x86_64-unknown-linux-gnu,encoding_rs,0.8.35,mem::tests::test_check_utf16_for_latin1_and_bidi,full,success,0.11444381000000002,,,,
x86_64-unknown-linux-gnu,encoding_rs,0.8.35,mem::tests::test_check_utf8_for_latin1_and_bidi,full,success,0.10992533866666666,,,,
x86_64-unknown-linux-gnu,encoding_rs,0.8.35,mem::tests::test_convert_latin1_to_utf16,full,success,0.16734019,,,,
x86_64-unknown-linux-gnu,encoding_rs,0.8.35,mem::tests::test_convert_latin1_to_utf8,full,success,0.2084444023333333,,,,
x86_64-unknown-linux-gnu,encoding_rs,0.8.35,mem::tests::test_convert_latin1_to_utf8_partial,full,success,0.10803673166666668,,,,
x86_64-unknown-linux-gnu,encoding_rs,0.8.35,mem::tests::test_convert_str_to_utf16,full,success,0.11975595900000001,,,,
x86_64-unknown-linux-gnu,encoding_rs,0.8.35,mem::tests::test_convert_utf16_to_latin1_lossy,full,success,0.17235256066666668,,,,
x86_64-unknown-linux-gnu,encoding_rs,0.8.35,mem::tests::test_convert_utf16_to_latin1_lossy_panics,full,success,0.10773552166666667,,,,
x86_64-unknown-linux-gnu,encoding_rs,0.8.35,mem::tests::test_convert_utf16_to_utf8,full,success,0.11472562000000001,,,,
x86_64-unknown-linux-gnu,encoding_rs,0.8.35,mem::tests::test_convert_utf16_to_utf8_partial,full,success,0.11860451133333334,,,,
x86_64-unknown-linux-gnu,encoding_rs,0.8.35,mem::tests::test_convert_utf8_to_latin1_lossy,full,success,0.250147367,,,,
x86_64-unknown-linux-gnu,encoding_rs,0.8.35,mem::tests::test_convert_utf8_to_latin1_lossy_panics,full,success,0.11166134133333334,,,,
x86_64-unknown-linux-gnu,encoding_rs,0.8.35,mem::tests::test_convert_utf8_to_utf16,full,success,0.11315545733333333,,,,
x86_64-unknown-linux-gnu,encoding_rs,0.8.35,mem::tests::test_convert_utf8_to_utf16_without_replacement,full,success,0.12382164066666668,,,,
x86_64-unknown-linux-gnu,encoding_rs,0.8.35,mem::tests::test_decode_latin1,full,success,0.11153380566666667,,,,
x86_64-unknown-linux-gnu,encoding_rs,0.8.35,mem::tests::test_encode_latin1_lossy,full,success,0.11059637433333334,,,,
x86_64-unknown-linux-gnu,encoding_rs,0.8.35,mem::tests::test_ensure_utf16_validity,full,success,0.11148611866666668,,,,
x86_64-unknown-linux-gnu,encoding_rs,0.8.35,mem::tests::test_is_ascii_fail,full,success,0.4357263713333334,,,,
x86_64-unknown-linux-gnu,encoding_rs,0.8.35,mem::tests::test_is_ascii_success,full,success,0.15379875533333334,,,,
x86_64-unknown-linux-gnu,encoding_rs,0.8.35,mem::tests::test_is_basic_latin_fail,full,success,0.42549347,,,,
x86_64-unknown-linux-gnu,encoding_rs,0.8.35,mem::tests::test_is_basic_latin_success,full,success,0.17632779666666668,,,,
x86_64-unknown-linux-gnu,encoding_rs,0.8.35,mem::tests::test_is_char_bidi,full,success,0.11499963966666667,,,,
x86_64-unknown-linux-gnu,encoding_rs,0.8.35,mem::tests::test_is_str_bidi,full,success,0.10960097933333335,,,,
x86_64-unknown-linux-gnu,encoding_rs,0.8.35,mem::tests::test_is_str_latin1_fail,full,success,1.043448032,,,,
x86_64-unknown-linux-gnu,encoding_rs,0.8.35,mem::tests::test_is_str_latin1_success,full,success,0.26125928333333337,,,,
x86_64-unknown-linux-gnu,encoding_rs,0.8.35,mem::tests::test_is_utf16_bidi,full,success,0.11309013566666666,,,,
x86_64-unknown-linux-gnu,encoding_rs,0.8.35,mem::tests::test_is_utf16_code_unit_bidi,full,success,0.11826407666666668,,,,
x86_64-unknown-linux-gnu,encoding_rs,0.8.35,mem::tests::test_is_utf16_latin1_fail,full,success,7.649278365333333,,,,
x86_64-unknown-linux-gnu,encoding_rs,0.8.35,mem::tests::test_is_utf16_latin1_success,full,success,0.31914481366666664,,,,
x86_64-unknown-linux-gnu,encoding_rs,0.8.35,mem::tests::test_is_utf8_bidi,full,success,0.11528420833333335,,,,
x86_64-unknown-linux-gnu,encoding_rs,0.8.35,mem::tests::test_is_utf8_bidi_edge_cases,full,success,0.109801143,,,,
x86_64-unknown-linux-gnu,encoding_rs,0.8.35,mem::tests::test_is_utf8_latin1_fail,full,success,1.2322207843333333,,,,
x86_64-unknown-linux-gnu,encoding_rs,0.8.35,mem::tests::test_is_utf8_latin1_invalid,full,success,0.11278837166666666,,,,
x86_64-unknown-linux-gnu,encoding_rs,0.8.35,mem::tests::test_is_utf8_latin1_success,full,success,0.28723905266666666,,,,
x86_64-unknown-linux-gnu,encoding_rs,0.8.35,mem::tests::test_utf16_valid_up_to,full,success,0.11115858733333334,,,,
x86_64-unknown-linux-gnu,encoding_rs,0.8.35,replacement::tests::test_replacement_decode,full,success,0.11565781900000001,,,,
x86_64-unknown-linux-gnu,encoding_rs,0.8.35,replacement::tests::test_replacement_encode,full,success,0.137199655,,,,
x86_64-unknown-linux-gnu,encoding_rs,0.8.35,shift_jis::tests::test_shift_jis_decode,full,success,0.39260875266666667,,,,
x86_64-unknown-linux-gnu,encoding_rs,0.8.35,shift_jis::tests::test_shift_jis_encode,full,success,3.6472509826666664,,,,
x86_64-unknown-linux-gnu,encoding_rs,0.8.35,shift_jis::tests::test_shift_jis_half_width_katakana_length,full,success,0.11162494900000001,,,,
x86_64-unknown-linux-gnu,encoding_rs,0.8.35,single_byte::tests::test_ascii_punctuation,full,success,2.915325270666667,,,,
x86_64-unknown-linux-gnu,encoding_rs,0.8.35,single_byte::tests::test_decode_malformed,full,success,0.15872334666666668,,,,
x86_64-unknown-linux-gnu,encoding_rs,0.8.35,single_byte::tests::test_encode_unmappables,full,success,0.20002642466666667,,,,
x86_64-unknown-linux-gnu,encoding_rs,0.8.35,single_byte::tests::test_encode_unpaired_surrogates,full,success,0.123814556,,,,
x86_64-unknown-linux-gnu,encoding_rs,0.8.35,single_byte::tests::test_single_byte_decode,full,success,2.211097674,,,,
x86_64-unknown-linux-gnu,encoding_rs,0.8.35,single_byte::tests::test_single_byte_encode,full,success,0.4239810096666667,,,,
x86_64-unknown-linux-gnu,encoding_rs,0.8.35,single_byte::tests::test_single_byte_from_two_low_surrogates,full,success,0.11322690233333334,,,,
x86_64-unknown-linux-gnu,encoding_rs,0.8.35,single_byte::tests::test_windows_1255_ca,full,success,0.13229840533333334,,,,
x86_64-unknown-linux-gnu,encoding_rs,0.8.35,test_labels_names::test_all_labels,full,success,0.6110149530000001,,,,
x86_64-unknown-linux-gnu,encoding_rs,0.8.35,tests::test_bom_sniffing,full,success,0.12238849400000001,,,,
x86_64-unknown-linux-gnu,encoding_rs,0.8.35,tests::test_buffer_end_iso_2022_jp_from_utf16,full,success,0.11157286400000001,,,,
x86_64-unknown-linux-gnu,encoding_rs,0.8.35,tests::test_buffer_end_iso_2022_jp_from_utf8,full,success,0.10736484033333334,,,,
x86_64-unknown-linux-gnu,encoding_rs,0.8.35,tests::test_buffer_end_utf16be,full,success,0.10925206433333334,,,,
x86_64-unknown-linux-gnu,encoding_rs,0.8.35,tests::test_decode_ascii_only_windows_1257_to_cow,full,success,0.10685020100000002,,,,
x86_64-unknown-linux-gnu,encoding_rs,0.8.35,tests::test_decode_ascii_only_windows_1257_to_cow_with_bom_removal,full,success,0.10616129333333334,,,,
x86_64-unknown-linux-gnu,encoding_rs,0.8.35,tests::test_decode_ascii_only_windows_1257_to_cow_without_bom_handling,full,success,0.10642304833333334,,,,
x86_64-unknown-linux-gnu,encoding_rs,0.8.35,tests::test_decode_ascii_only_windows_1257_to_cow_without_bom_handling_and_without_replacement,full,success,0.10622109633333333,,,,
x86_64-unknown-linux-gnu,encoding_rs,0.8.35,tests::test_decode_bomful_invalid_utf8_as_utf_8_to_cow,full,success,0.11091985633333334,,,,
x86_64-unknown-linux-gnu,encoding_rs,0.8.35,tests::test_decode_bomful_invalid_utf8_as_windows_1257_to_cow,full,success,0.10763123533333334,,,,
x86_64-unknown-linux-gnu,encoding_rs,0.8.35,tests::test_decode_bomful_invalid_utf8_to_cow_without_bom_handling,full,success,0.109505203,,,,
x86_64-unknown-linux-gnu,encoding_rs,0.8.35,tests::test_decode_bomful_invalid_utf8_to_cow_without_bom_handling_and_without_replacement,full,success,0.10876853433333333,,,,
x86_64-unknown-linux-gnu,encoding_rs,0.8.35,tests::test_decode_bomful_valid_utf8_as_utf_8_to_cow,full,success,0.10638138966666666,,,,
x86_64-unknown-linux-gnu,encoding_rs,0.8.35,tests::test_decode_bomful_valid_utf8_as_utf_8_to_cow_with_bom_removal,full,success,0.10835887766666667,,,,
x86_64-unknown-linux-gnu,encoding_rs,0.8.35,tests::test_decode_bomful_valid_utf8_as_windows_1257_to_cow,full,success,0.11068388633333333,,,,
x86_64-unknown-linux-gnu,encoding_rs,0.8.35,tests::test_decode_bomful_valid_utf8_as_windows_1257_to_cow_with_bom_removal,full,success,0.11364059966666668,,,,
x86_64-unknown-linux-gnu,encoding_rs,0.8.35,tests::test_decode_bomful_valid_utf8_to_cow_without_bom_handling,full,success,0.10878843866666667,,,,
x86_64-unknown-linux-gnu,encoding_rs,0.8.35,tests::test_decode_bomful_valid_utf8_to_cow_without_bom_handling_and_without_replacement,full,success,0.10684371999999999,,,,
x86_64-unknown-linux-gnu,encoding_rs,0.8.35,tests::test_decode_invalid_windows_1257_to_cow,full,success,0.106434166,,,,
x86_64-unknown-linux-gnu,encoding_rs,0.8.35,tests::test_decode_invalid_windows_1257_to_cow_with_bom_removal,full,success,0.114252633,,,,
x86_64-unknown-linux-gnu,encoding_rs,0.8.35,tests::test_decode_invalid_windows_1257_to_cow_without_bom_handling,full,success,0.11260386300000001,,,,
x86_64-unknown-linux-gnu,encoding_rs,0.8.35,tests::test_decode_invalid_windows_1257_to_cow_without_bom_handling_and_without_replacement,full,success,0.11244295100000001,,,,
x86_64-unknown-linux-gnu,encoding_rs,0.8.35,tests::test_decode_valid_windows_1257_to_cow,full,success,0.108525292,,,,
x86_64-unknown-linux-gnu,encoding_rs,0.8.35,tests::test_decode_valid_windows_1257_to_cow_with_bom_removal,full,success,0.11779531933333336,,,,
x86_64-unknown-linux-gnu,encoding_rs,0.8.35,tests::test_decode_valid_windows_1257_to_cow_without_bom_handling,full,success,0.12268448566666668,,,,
x86_64-unknown-linux-gnu,encoding_rs,0.8.35,tests::test_decode_valid_windows_1257_to_cow_without_bom_handling_and_without_replacement,full,success,0.10778158966666668,,,,
x86_64-unknown-linux-gnu,encoding_rs,0.8.35,tests::test_encode_ascii_only_windows_1257_to_cow,full,success,0.11471863666666667,,,,
x86_64-unknown-linux-gnu,encoding_rs,0.8.35,tests::test_encode_valid_windows_1257_to_cow,full,success,0.10854375266666667,,,,
x86_64-unknown-linux-gnu,encoding_rs,0.8.35,tests::test_hash,full,success,0.10830504233333334,,,,
x86_64-unknown-linux-gnu,encoding_rs,0.8.35,tests::test_is_single_byte,full,success,0.11186708433333332,,,,
x86_64-unknown-linux-gnu,encoding_rs,0.8.35,tests::test_iso_2022_jp_ncr_extra_from_utf16,full,success,0.10861224766666666,,,,
x86_64-unknown-linux-gnu,encoding_rs,0.8.35,tests::test_iso_2022_jp_ncr_extra_from_utf8,full,success,0.11315746333333336,,,,
x86_64-unknown-linux-gnu,encoding_rs,0.8.35,tests::test_label_resolution,full,success,0.11426034166666667,,,,
x86_64-unknown-linux-gnu,encoding_rs,0.8.35,tests::test_latin1_byte_compatible_up_to,full,success,0.109884571,,,,
x86_64-unknown-linux-gnu,encoding_rs,0.8.35,tests::test_max_length_with_bom_to_utf8,full,success,0.10830702000000002,,,,
x86_64-unknown-linux-gnu,encoding_rs,0.8.35,tests::test_output_encoding,full,success,0.10882126200000002,,,,
x86_64-unknown-linux-gnu,encoding_rs,0.8.35,tests::test_too_short_buffer_with_iso_2022_jp_ascii_from_utf16,full,success,0.10662020066666666,,,,
x86_64-unknown-linux-gnu,encoding_rs,0.8.35,tests::test_too_short_buffer_with_iso_2022_jp_ascii_from_utf8,full,success,0.10892353366666668,,,,
x86_64-unknown-linux-gnu,encoding_rs,0.8.35,tests::test_too_short_buffer_with_iso_2022_jp_roman_from_utf16,full,success,0.108678711,,,,
x86_64-unknown-linux-gnu,encoding_rs,0.8.35,tests::test_too_short_buffer_with_iso_2022_jp_roman_from_utf8,full,success,0.11303367400000001,,,,
x86_64-unknown-linux-gnu,encoding_rs,0.8.35,tests::test_utf16_space_with_one_bom_byte,full,success,0.11086663933333335,,,,
x86_64-unknown-linux-gnu,encoding_rs,0.8.35,tests::test_utf16_space_with_one_bom_byte_and_a_second_byte_in_same_call,full,success,0.10881865800000001,,,,
x86_64-unknown-linux-gnu,encoding_rs,0.8.35,tests::test_utf16_space_with_two_bom_bytes,full,success,0.11549584866666668,,,,
x86_64-unknown-linux-gnu,encoding_rs,0.8.35,tests::test_utf8_space_with_one_bom_byte,full,success,0.11052496633333335,,,,
x86_64-unknown-linux-gnu,encoding_rs,0.8.35,tests::test_utf8_space_with_two_bom_bytes,full,success,0.10734662366666665,,,,
x86_64-unknown-linux-gnu,encoding_rs,0.8.35,utf_16::tests::test_utf_16_decode,full,success,3.1550342619999996,,,,
x86_64-unknown-linux-gnu,encoding_rs,0.8.35,utf_16::tests::test_utf_16_encode,full,success,0.15629357366666666,,,,
x86_64-unknown-linux-gnu,encoding_rs,0.8.35,utf_16::tests::test_utf_16be_decode_bom_prefix,full,success,0.10986115066666667,,,,
x86_64-unknown-linux-gnu,encoding_rs,0.8.35,utf_16::tests::test_utf_16be_decode_bom_prefixed_split_byte_pair,full,success,0.10863619333333334,,,,
x86_64-unknown-linux-gnu,encoding_rs,0.8.35,utf_16::tests::test_utf_16be_decode_near_end,full,success,0.11436052566666667,,,,
x86_64-unknown-linux-gnu,encoding_rs,0.8.35,utf_16::tests::test_utf_16be_decode_one_by_one,full,success,0.11894163833333334,,,,
x86_64-unknown-linux-gnu,encoding_rs,0.8.35,utf_16::tests::test_utf_16be_decode_three_at_a_time,full,success,0.11118887166666669,,,,
x86_64-unknown-linux-gnu,encoding_rs,0.8.35,utf_16::tests::test_utf_16le_decode_bom_prefix,full,success,0.10811028766666668,,,,
x86_64-unknown-linux-gnu,encoding_rs,0.8.35,utf_16::tests::test_utf_16le_decode_bom_prefixed_split_byte_pair,full,success,0.10916271433333334,,,,
x86_64-unknown-linux-gnu,encoding_rs,0.8.35,utf_16::tests::test_utf_16le_decode_near_end,full,success,0.10825652466666667,,,,
x86_64-unknown-linux-gnu,encoding_rs,0.8.35,utf_16::tests::test_utf_16le_decode_one_by_one,full,success,0.11545844133333334,,,,
x86_64-unknown-linux-gnu,encoding_rs,0.8.35,utf_16::tests::test_utf_16le_decode_three_at_a_time,full,success,0.11588343366666669,,,,
x86_64-unknown-linux-gnu,encoding_rs,0.8.35,utf_8::tests::test_decode_bom_prefix,full,success,0.12165038333333333,,,,
x86_64-unknown-linux-gnu,encoding_rs,0.8.35,utf_8::tests::test_decode_bom_prefixed_split_byte_pair,full,success,0.11128357633333334,,,,
x86_64-unknown-linux-gnu,encoding_rs,0.8.35,utf_8::tests::test_decode_bom_prefixed_split_byte_triple,full,success,0.11190324466666668,,,,
x86_64-unknown-linux-gnu,encoding_rs,0.8.35,utf_8::tests::test_encode_utf8_from_utf16_with_output_limit,full,success,1.3037694926666668,,,,
x86_64-unknown-linux-gnu,encoding_rs,0.8.35,utf_8::tests::test_tail,full,success,0.10656335466666667,,,,
x86_64-unknown-linux-gnu,encoding_rs,0.8.35,utf_8::tests::test_utf8_decode,full,success,0.5271054820000001,,,,
x86_64-unknown-linux-gnu,encoding_rs,0.8.35,utf_8::tests::test_utf8_encode,full,success,0.11863960700000002,,,,
x86_64-unknown-linux-gnu,encoding_rs,0.8.35,utf_8::tests::test_utf8_max_length_from_utf16,full,success,0.106131724,,,,
x86_64-unknown-linux-gnu,encoding_rs,0.8.35,x_user_defined::tests::test_x_user_defined_decode,full,success,0.6835704799999999,,,,
x86_64-unknown-linux-gnu,encoding_rs,0.8.35,x_user_defined::tests::test_x_user_defined_encode,full,success,0.16570946533333333,,,,
x86_64-unknown-linux-gnu,encoding_rs,0.8.35,x_user_defined::tests::test_x_user_defined_from_two_low_surrogates,full,success,0.10834662,,,,
x86_64-unknown-linux-gnu,erased-serde,0.4.10,de::tests::assert_deserializer,full,success,0.117411002,,,,
x86_64-unknown-linux-gnu,erased-serde,0.4.10,de::tests::test_borrowed,full,success,0.112852811,,,,
x86_64-unknown-linux-gnu,erased-serde,0.4.10,de::tests::test_dangle,full,success,0.11147956366666667,,,,
x86_64-unknown-linux-gnu,erased-serde,0.4.10,de::tests::test_enum,full,success,0.1340609766666667,,,,
x86_64-unknown-linux-gnu,erased-serde,0.4.10,de::tests::test_struct,full,success,0.11714228133333333,,,,
x86_64-unknown-linux-gnu,erased-serde,0.4.10,de::tests::test_value,full,success,0.13447847799999998,,,,
x86_64-unknown-linux-gnu,erased-serde,0.4.10,macros::tests::test_generic_bound,full,success,0.11782235,,,,
x86_64-unknown-linux-gnu,erased-serde,0.4.10,macros::tests::test_plain,full,success,0.110831054,,,,
x86_64-unknown-linux-gnu,erased-serde,0.4.10,macros::tests::test_type_parameter,full,success,0.11295303866666669,,,,
x86_64-unknown-linux-gnu,erased-serde,0.4.10,macros::tests::test_where_clause,full,success,0.11170278266666667,,,,
x86_64-unknown-linux-gnu,erased-serde,0.4.10,ser::tests::assert_serialize,full,success,0.11008463533333335,,,,
x86_64-unknown-linux-gnu,erased-serde,0.4.10,ser::tests::test_dangle,full,success,0.114254146,,,,
x86_64-unknown-linux-gnu,erased-serde,0.4.10,ser::tests::test_enum,full,success,0.129044011,,,,
x86_64-unknown-linux-gnu,erased-serde,0.4.10,ser::tests::test_error_custom,full,success,0.11467773400000002,,,,
x86_64-unknown-linux-gnu,erased-serde,0.4.10,ser::tests::test_struct,full,success,0.11513389633333333,,,,
x86_64-unknown-linux-gnu,erased-serde,0.4.10,ser::tests::test_vec,full,success,0.12128132666666668,,,,
x86_64-unknown-linux-gnu,errno,0.3.14,check_description,full,success,0.13752493066666668,,,,
x86_64-unknown-linux-gnu,errno,0.3.14,check_error_into_errno,full,success,0.13205003733333334,,,,
x86_64-unknown-linux-gnu,errno,0.3.14,it_works,full,success,0.133716331,,,,
x86_64-unknown-linux-gnu,errno,0.3.14,it_works_with_to_string,full,success,0.13371895466666664,,,,
x86_64-unknown-linux-gnu,event-listener-strategy,0.5.4,send_and_sync,full,success,0.11424304266666667,,,,
x86_64-unknown-linux-gnu,event-listener,5.4.1,sys::tests::drop_non_notified,full,success,0.13323026866666668,,,,
x86_64-unknown-linux-gnu,event-listener,5.4.1,sys::tests::insert,full,success,0.13271827333333333,,,,
x86_64-unknown-linux-gnu,flate2,1.1.9,crc::tests::combine_matches_concatenation,full,success,0.08369781066666666,,,,
x86_64-unknown-linux-gnu,flate2,1.1.9,crc::tests::known_vector_hello,full,success,0.083895214,,,,
x86_64-unknown-linux-gnu,flate2,1.1.9,crc::tests::known_vector_quick_brown_fox,full,success,0.07949356633333333,,,,
x86_64-unknown-linux-gnu,flate2,1.1.9,crc::tests::new_is_empty,full,success,0.07930447700000001,,,,
x86_64-unknown-linux-gnu,flate2,1.1.9,crc::tests::reset_restores_initial_state,full,success,0.085219245,,,,
x86_64-unknown-linux-gnu,flate2,1.1.9,crc::tests::update_is_streaming,full,success,0.07780677933333334,,,,
x86_64-unknown-linux-gnu,flate2,1.1.9,deflate::bufread::test::decode_extra_data,full,success,7.908726766,,,,
x86_64-unknown-linux-gnu,flate2,1.1.9,deflate::tests::drop_writes,full,success,8.039051554,,,,
x86_64-unknown-linux-gnu,flate2,1.1.9,deflate::write::tests::decode_extra_data,full,success,17.062437834333334,,,,
x86_64-unknown-linux-gnu,flate2,1.1.9,gz::bufread::test::decode_extra_data,full,success,8.300267309666667,,,,
x86_64-unknown-linux-gnu,flate2,1.1.9,gz::read::tests::blocked_partial_header_read,full,success,0.08773259366666668,,,,
x86_64-unknown-linux-gnu,flate2,1.1.9,gz::tests::fields,full,success,8.216917239333334,,,,
x86_64-unknown-linux-gnu,flate2,1.1.9,gz::tests::flush_after_write,full,success,2.778258075666667,,,,
x86_64-unknown-linux-gnu,flate2,1.1.9,gz::tests::keep_reading_after_end,full,success,8.592479708333334,,,,
x86_64-unknown-linux-gnu,flate2,1.1.9,gz::tests::read_decoder_detects_corrupted_crc,full,success,1.1760975876666666,,,,
x86_64-unknown-linux-gnu,flate2,1.1.9,gz::tests::roundtrip,full,success,8.578160495333334,,,,
x86_64-unknown-linux-gnu,flate2,1.1.9,gz::tests::roundtrip_header,full,success,0.10395609566666668,,,,
x86_64-unknown-linux-gnu,flate2,1.1.9,gz::tests::roundtrip_zero,full,success,8.268814212,,,,
x86_64-unknown-linux-gnu,flate2,1.1.9,gz::tests::write_decoder_detects_corrupted_crc,full,success,1.1723321043333332,,,,
x86_64-unknown-linux-gnu,flate2,1.1.9,gz::write::tests::decode_extra_data,full,success,16.247068734333332,,,,
x86_64-unknown-linux-gnu,flate2,1.1.9,gz::write::tests::decode_multi_writer,full,success,29.53239519766667,,,,
x86_64-unknown-linux-gnu,flate2,1.1.9,gz::write::tests::decode_writer_exact_header,full,success,16.095023098333332,,,,
x86_64-unknown-linux-gnu,flate2,1.1.9,gz::write::tests::decode_writer_one_chunk,full,success,16.124797581333333,,,,
x86_64-unknown-linux-gnu,flate2,1.1.9,gz::write::tests::decode_writer_partial_crc,full,success,16.082104345666664,,,,
x86_64-unknown-linux-gnu,flate2,1.1.9,gz::write::tests::decode_writer_partial_header,full,success,15.999943377333333,,,,
x86_64-unknown-linux-gnu,flate2,1.1.9,gz::write::tests::decode_writer_partial_header_comment,full,success,16.01851866433333,,,,
x86_64-unknown-linux-gnu,flate2,1.1.9,gz::write::tests::decode_writer_partial_header_filename,full,success,15.889511986666667,,,,
x86_64-unknown-linux-gnu,flate2,1.1.9,mem::tests::issue51,full,success,7.575514594333334,,,,
x86_64-unknown-linux-gnu,flate2,1.1.9,mem::tests::reset,full,success,20.312158764666666,,,,
x86_64-unknown-linux-gnu,flate2,1.1.9,zlib::bufread::test::decode_extra_data,full,success,8.163479770333334,,,,
x86_64-unknown-linux-gnu,flate2,1.1.9,zlib::tests::bad_input,full,success,0.18248648133333334,,,,
x86_64-unknown-linux-gnu,flate2,1.1.9,zlib::tests::drop_writes,full,success,8.112034114333333,,,,
x86_64-unknown-linux-gnu,flate2,1.1.9,zlib::write::tests::decode_extra_data,full,success,16.980001300666668,,,,
x86_64-unknown-linux-gnu,futures-task,0.3.32,noop_waker::tests::issue_2091_cross_thread_segfault,full,success,0.139977661,,,,
x86_64-unknown-linux-gnu,futures-util,0.3.32,lock::mutex::tests::test_mutex_guard_debug_not_recurse,full,success,0.139755547,,,,
x86_64-unknown-linux-gnu,generic-array,1.4.3,impls::tests::test_from_inference,full,success,0.13078730866666669,,,,
x86_64-unknown-linux-gnu,generic-array,1.4.3,iter::test::test_send_iter,full,success,0.13105836733333334,,,,
x86_64-unknown-linux-gnu,generic-array,1.4.3,test::test_assembly,full,success,0.13044129000000002,,,,
x86_64-unknown-linux-gnu,gimli,0.33.0,arch::tests::test_aarch64_registers,full,success,0.285948495,,,,
x86_64-unknown-linux-gnu,gimli,0.33.0,arch::tests::test_power64_registers,full,success,0.24237150233333335,,,,
x86_64-unknown-linux-gnu,gimli,0.33.0,case_fold::tests::test_case_fold,full,success,0.13631193866666666,,,,
x86_64-unknown-linux-gnu,gimli,0.33.0,case_fold::tests::test_case_folding_djb_hash,full,success,0.13957136300000003,,,,
x86_64-unknown-linux-gnu,gimli,0.33.0,constants::tests::test_dw_eh_pe_application,full,success,0.13237083400000002,,,,
x86_64-unknown-linux-gnu,gimli,0.33.0,constants::tests::test_dw_eh_pe_format,full,success,0.132609573,,,,
x86_64-unknown-linux-gnu,gimli,0.33.0,constants::tests::test_dw_eh_pe_is_absent,full,success,0.1337501196666667,,,,
x86_64-unknown-linux-gnu,gimli,0.33.0,constants::tests::test_dw_eh_pe_is_valid_encoding_bad_application,full,success,0.13315997566666668,,,,
x86_64-unknown-linux-gnu,gimli,0.33.0,constants::tests::test_dw_eh_pe_is_valid_encoding_bad_format,full,success,0.13428993733333336,,,,
x86_64-unknown-linux-gnu,gimli,0.33.0,constants::tests::test_dw_eh_pe_is_valid_encoding_ok,full,success,0.13370245766666666,,,,
x86_64-unknown-linux-gnu,gimli,0.33.0,leb128::tests::test_low_bits_of_byte,full,success,0.142388738,,,,
x86_64-unknown-linux-gnu,gimli,0.33.0,leb128::tests::test_low_bits_of_u64,full,success,0.13856186333333334,,,,
x86_64-unknown-linux-gnu,gimli,0.33.0,leb128::tests::test_read_multiple,full,success,0.13558196866666666,,,,
x86_64-unknown-linux-gnu,gimli,0.33.0,leb128::tests::test_read_signed,full,success,0.13358325366666668,,,,
x86_64-unknown-linux-gnu,gimli,0.33.0,leb128::tests::test_read_signed_63_bits,full,success,0.13866956833333333,,,,
x86_64-unknown-linux-gnu,gimli,0.33.0,leb128::tests::test_read_signed_not_enough_data,full,success,0.13448472733333336,,,,
x86_64-unknown-linux-gnu,gimli,0.33.0,leb128::tests::test_read_signed_overflow,full,success,0.13751547733333333,,,,
x86_64-unknown-linux-gnu,gimli,0.33.0,leb128::tests::test_read_u16,full,success,0.133344958,,,,
x86_64-unknown-linux-gnu,gimli,0.33.0,leb128::tests::test_read_unsigned,full,success,0.13168060266666667,,,,
x86_64-unknown-linux-gnu,gimli,0.33.0,leb128::tests::test_read_unsigned_invalid,full,success,0.13524836566666668,,,,
x86_64-unknown-linux-gnu,gimli,0.33.0,leb128::tests::test_read_unsigned_not_enough_data,full,success,0.13787433300000002,,,,
x86_64-unknown-linux-gnu,gimli,0.33.0,leb128::tests::test_read_unsigned_overflow,full,success,0.133764963,,,,
x86_64-unknown-linux-gnu,gimli,0.33.0,leb128::tests::test_write_signed_not_enough_space,full,success,0.13556971833333334,,,,
x86_64-unknown-linux-gnu,gimli,0.33.0,leb128::tests::test_write_unsigned_not_enough_space,full,success,0.13585437200000003,,,,
x86_64-unknown-linux-gnu,gimli,0.33.0,read::abbrev::tests::test_abbreviations_insert,full,success,0.14553101,,,,
x86_64-unknown-linux-gnu,gimli,0.33.0,read::abbrev::tests::test_debug_abbrev_ok,full,success,0.139818644,,,,
x86_64-unknown-linux-gnu,gimli,0.33.0,read::abbrev::tests::test_get_abbrev_zero,full,success,0.13197747166666665,,,,
x86_64-unknown-linux-gnu,gimli,0.33.0,read::abbrev::tests::test_parse_abbreviation_has_children,full,success,0.13604275833333335,,,,
x86_64-unknown-linux-gnu,gimli,0.33.0,read::abbrev::tests::test_parse_abbreviation_implicit_const_no_const,full,success,0.138292459,,,,
x86_64-unknown-linux-gnu,gimli,0.33.0,read::abbrev::tests::test_parse_abbreviation_implicit_const_ok,full,success,0.13841771266666666,,,,
x86_64-unknown-linux-gnu,gimli,0.33.0,read::abbrev::tests::test_parse_abbreviation_ok,full,success,0.138072688,,,,
x86_64-unknown-linux-gnu,gimli,0.33.0,read::abbrev::tests::test_parse_abbreviation_tag_ok,full,success,0.132036382,,,,
x86_64-unknown-linux-gnu,gimli,0.33.0,read::abbrev::tests::test_parse_abbreviation_tag_zero,full,success,0.13243327666666668,,,,
x86_64-unknown-linux-gnu,gimli,0.33.0,read::abbrev::tests::test_parse_abbreviations_duplicate,full,success,0.14221064000000003,,,,
x86_64-unknown-linux-gnu,gimli,0.33.0,read::abbrev::tests::test_parse_abbreviations_ok,full,success,0.140093167,,,,
x86_64-unknown-linux-gnu,gimli,0.33.0,read::abbrev::tests::test_parse_attribute_specifications_form_zero,full,success,0.13441820100000001,,,,
x86_64-unknown-linux-gnu,gimli,0.33.0,read::abbrev::tests::test_parse_attribute_specifications_name_zero,full,success,0.13162349233333334,,,,
x86_64-unknown-linux-gnu,gimli,0.33.0,read::abbrev::tests::test_parse_null_abbreviation_ok,full,success,0.13741689866666668,,,,
x86_64-unknown-linux-gnu,gimli,0.33.0,read::abbrev::tests::test_parse_null_attribute_specification_ok,full,success,0.131560551,,,,
x86_64-unknown-linux-gnu,gimli,0.33.0,read::addr::tests::test_get_address,full,success,0.18374594333333336,,,,
x86_64-unknown-linux-gnu,gimli,0.33.0,read::addr::tests::test_iterator,full,success,0.14729723766666666,,,,
x86_64-unknown-linux-gnu,gimli,0.33.0,read::aranges::tests::test_iterate_headers,full,success,0.13558419633333332,,,,
x86_64-unknown-linux-gnu,gimli,0.33.0,read::aranges::tests::test_parse_entry_ok,full,success,0.134496237,,,,
x86_64-unknown-linux-gnu,gimli,0.33.0,read::aranges::tests::test_parse_entry_overflow_32,full,success,0.14182332466666667,,,,
x86_64-unknown-linux-gnu,gimli,0.33.0,read::aranges::tests::test_parse_entry_overflow_64,full,success,0.13690148500000002,,,,
x86_64-unknown-linux-gnu,gimli,0.33.0,read::aranges::tests::test_parse_entry_tombstone_32,full,success,0.14012505933333333,,,,
x86_64-unknown-linux-gnu,gimli,0.33.0,read::aranges::tests::test_parse_entry_tombstone_64,full,success,0.13471910733333334,,,,
x86_64-unknown-linux-gnu,gimli,0.33.0,read::aranges::tests::test_parse_entry_zero,full,success,0.13778520466666666,,,,
x86_64-unknown-linux-gnu,gimli,0.33.0,read::aranges::tests::test_parse_header_div_by_zero_error,full,success,0.132863274,,,,
x86_64-unknown-linux-gnu,gimli,0.33.0,read::aranges::tests::test_parse_header_ok,full,success,0.1344267816666667,,,,
x86_64-unknown-linux-gnu,gimli,0.33.0,read::aranges::tests::test_parse_header_overflow_error,full,success,0.13508915133333332,,,,
x86_64-unknown-linux-gnu,gimli,0.33.0,read::cfi::tests::iter_register_rules,full,success,0.135346269,,,,
x86_64-unknown-linux-gnu,gimli,0.33.0,read::cfi::tests::register_rule_map_eq,full,success,0.13814137033333332,,,,
x86_64-unknown-linux-gnu,gimli,0.33.0,read::cfi::tests::size_of_register_rule_map,full,success,0.1326596906666667,,,,
x86_64-unknown-linux-gnu,gimli,0.33.0,read::cfi::tests::size_of_unwind_ctx,full,success,0.138999303,,,,
x86_64-unknown-linux-gnu,gimli,0.33.0,read::cfi::tests::test_augmentation_parse_L,full,success,0.142934095,,,,
x86_64-unknown-linux-gnu,gimli,0.33.0,read::cfi::tests::test_augmentation_parse_P,full,success,0.13747868733333335,,,,
x86_64-unknown-linux-gnu,gimli,0.33.0,read::cfi::tests::test_augmentation_parse_R,full,success,0.13745553800000002,,,,
x86_64-unknown-linux-gnu,gimli,0.33.0,read::cfi::tests::test_augmentation_parse_S,full,success,0.138624844,,,,
x86_64-unknown-linux-gnu,gimli,0.33.0,read::cfi::tests::test_augmentation_parse_all,full,success,0.136874277,,,,
x86_64-unknown-linux-gnu,gimli,0.33.0,read::cfi::tests::test_augmentation_parse_just_signal_trampoline,full,success,0.13690803166666668,,,,
x86_64-unknown-linux-gnu,gimli,0.33.0,read::cfi::tests::test_augmentation_parse_not_z_augmentation,full,success,0.134254177,,,,
x86_64-unknown-linux-gnu,gimli,0.33.0,read::cfi::tests::test_augmentation_parse_unknown_part_of_z_augmentation,full,success,0.13622509233333335,,,,
x86_64-unknown-linux-gnu,gimli,0.33.0,read::cfi::tests::test_call_frame_instruction_iter_err,full,success,0.13758138,,,,
x86_64-unknown-linux-gnu,gimli,0.33.0,read::cfi::tests::test_call_frame_instruction_iter_ok,full,success,0.15279648066666665,,,,
x86_64-unknown-linux-gnu,gimli,0.33.0,read::cfi::tests::test_cfi_entries_iter,full,success,0.174239802,,,,
x86_64-unknown-linux-gnu,gimli,0.33.0,read::cfi::tests::test_debug_frame_skips_zero_length,full,success,0.14418414033333335,,,,
x86_64-unknown-linux-gnu,gimli,0.33.0,read::cfi::tests::test_eh_frame_cie_personality_function_relative_bad_context,full,success,0.14753383200000003,,,,
x86_64-unknown-linux-gnu,gimli,0.33.0,read::cfi::tests::test_eh_frame_fde_empty_augmentation,full,success,0.14716262000000002,,,,
x86_64-unknown-linux-gnu,gimli,0.33.0,read::cfi::tests::test_eh_frame_fde_for_address_good,full,success,0.18285219800000005,,,,
x86_64-unknown-linux-gnu,gimli,0.33.0,read::cfi::tests::test_eh_frame_fde_lsda_augmentation,full,success,0.14990526,,,,
x86_64-unknown-linux-gnu,gimli,0.33.0,read::cfi::tests::test_eh_frame_fde_lsda_function_relative,full,success,0.14914121333333333,,,,
x86_64-unknown-linux-gnu,gimli,0.33.0,read::cfi::tests::test_eh_frame_fde_no_augmentation,full,success,0.14504588,,,,
x86_64-unknown-linux-gnu,gimli,0.33.0,read::cfi::tests::test_eh_frame_fde_ok,full,success,0.155043113,,,,
x86_64-unknown-linux-gnu,gimli,0.33.0,read::cfi::tests::test_eh_frame_fde_out_of_bounds,full,success,0.14915889966666665,,,,
x86_64-unknown-linux-gnu,gimli,0.33.0,read::cfi::tests::test_eh_frame_hdr_good,full,success,0.14414312366666668,,,,
x86_64-unknown-linux-gnu,gimli,0.33.0,read::cfi::tests::test_eh_frame_hdr_indirect_length,full,success,0.13298459799999998,,,,
x86_64-unknown-linux-gnu,gimli,0.33.0,read::cfi::tests::test_eh_frame_hdr_indirect_ptrs,full,success,0.136867196,,,,
x86_64-unknown-linux-gnu,gimli,0.33.0,read::cfi::tests::test_eh_frame_hdr_omit_count,full,success,0.13413043066666666,,,,
x86_64-unknown-linux-gnu,gimli,0.33.0,read::cfi::tests::test_eh_frame_hdr_omit_ehptr,full,success,0.13935019366666668,,,,
x86_64-unknown-linux-gnu,gimli,0.33.0,read::cfi::tests::test_eh_frame_hdr_omit_table,full,success,0.13670290166666668,,,,
x86_64-unknown-linux-gnu,gimli,0.33.0,read::cfi::tests::test_eh_frame_hdr_unknown_version,full,success,0.13352274966666666,,,,
x86_64-unknown-linux-gnu,gimli,0.33.0,read::cfi::tests::test_eh_frame_hdr_varlen_table,full,success,0.14417741233333334,,,,
x86_64-unknown-linux-gnu,gimli,0.33.0,read::cfi::tests::test_eh_frame_resolve_cie_offset_ok,full,success,0.14541552633333335,,,,
x86_64-unknown-linux-gnu,gimli,0.33.0,read::cfi::tests::test_eh_frame_resolve_cie_offset_out_of_bounds,full,success,0.143583641,,,,
x86_64-unknown-linux-gnu,gimli,0.33.0,read::cfi::tests::test_eh_frame_resolve_cie_offset_underflow,full,success,0.14012334066666668,,,,
x86_64-unknown-linux-gnu,gimli,0.33.0,read::cfi::tests::test_eh_frame_stops_at_zero_length,full,success,0.14392327733333335,,,,
x86_64-unknown-linux-gnu,gimli,0.33.0,read::cfi::tests::test_eval_advance_loc,full,success,0.137890615,,,,
x86_64-unknown-linux-gnu,gimli,0.33.0,read::cfi::tests::test_eval_advance_loc_overflow_32,full,success,0.1432382546666667,,,,
x86_64-unknown-linux-gnu,gimli,0.33.0,read::cfi::tests::test_eval_advance_loc_overflow_64,full,success,0.13504503033333334,,,,
x86_64-unknown-linux-gnu,gimli,0.33.0,read::cfi::tests::test_eval_def_cfa,full,success,0.136643277,,,,
x86_64-unknown-linux-gnu,gimli,0.33.0,read::cfi::tests::test_eval_def_cfa_expression,full,success,0.13531977766666667,,,,
x86_64-unknown-linux-gnu,gimli,0.33.0,read::cfi::tests::test_eval_def_cfa_offset,full,success,0.134594387,,,,
x86_64-unknown-linux-gnu,gimli,0.33.0,read::cfi::tests::test_eval_def_cfa_offset_invalid_context,full,success,0.136433211,,,,
x86_64-unknown-linux-gnu,gimli,0.33.0,read::cfi::tests::test_eval_def_cfa_register,full,success,0.1381552266666667,,,,
x86_64-unknown-linux-gnu,gimli,0.33.0,read::cfi::tests::test_eval_def_cfa_register_invalid_context,full,success,0.13682406866666666,,,,
x86_64-unknown-linux-gnu,gimli,0.33.0,read::cfi::tests::test_eval_def_cfa_sf,full,success,0.13631186733333334,,,,
x86_64-unknown-linux-gnu,gimli,0.33.0,read::cfi::tests::test_eval_expression,full,success,0.14495920733333334,,,,
x86_64-unknown-linux-gnu,gimli,0.33.0,read::cfi::tests::test_eval_negate_ra_state,full,success,0.153528529,,,,
x86_64-unknown-linux-gnu,gimli,0.33.0,read::cfi::tests::test_eval_nop,full,success,0.13625763933333332,,,,
x86_64-unknown-linux-gnu,gimli,0.33.0,read::cfi::tests::test_eval_offset,full,success,0.13660204066666667,,,,
x86_64-unknown-linux-gnu,gimli,0.33.0,read::cfi::tests::test_eval_offset_extended_sf,full,success,0.13984559433333332,,,,
x86_64-unknown-linux-gnu,gimli,0.33.0,read::cfi::tests::test_eval_remember_state,full,success,0.13581810466666666,,,,
x86_64-unknown-linux-gnu,gimli,0.33.0,read::cfi::tests::test_eval_restore,full,success,0.14039555433333337,,,,
x86_64-unknown-linux-gnu,gimli,0.33.0,read::cfi::tests::test_eval_restore_havent_saved_initial_context,full,success,0.13600294566666668,,,,
x86_64-unknown-linux-gnu,gimli,0.33.0,read::cfi::tests::test_eval_restore_state,full,success,0.14186122033333334,,,,
x86_64-unknown-linux-gnu,gimli,0.33.0,read::cfi::tests::test_eval_same_value,full,success,0.14273973566666667,,,,
x86_64-unknown-linux-gnu,gimli,0.33.0,read::cfi::tests::test_eval_set_loc,full,success,0.13822541200000002,,,,
x86_64-unknown-linux-gnu,gimli,0.33.0,read::cfi::tests::test_eval_set_loc_backwards,full,success,0.14061357700000002,,,,
x86_64-unknown-linux-gnu,gimli,0.33.0,read::cfi::tests::test_eval_undefined,full,success,0.142433198,,,,
x86_64-unknown-linux-gnu,gimli,0.33.0,read::cfi::tests::test_eval_val_expression,full,success,0.14396491200000003,,,,
x86_64-unknown-linux-gnu,gimli,0.33.0,read::cfi::tests::test_eval_val_offset,full,success,0.13784817266666669,,,,
x86_64-unknown-linux-gnu,gimli,0.33.0,read::cfi::tests::test_eval_val_offset_sf,full,success,0.1395066296666667,,,,
x86_64-unknown-linux-gnu,gimli,0.33.0,read::cfi::tests::test_parse_cfi_entry_on_cie_32_ok,full,success,0.14513623533333334,,,,
x86_64-unknown-linux-gnu,gimli,0.33.0,read::cfi::tests::test_parse_cfi_entry_on_fde_32_ok,full,success,0.14852767933333336,,,,
x86_64-unknown-linux-gnu,gimli,0.33.0,read::cfi::tests::test_parse_cfi_instruction_advance_loc,full,success,0.13590118566666667,,,,
x86_64-unknown-linux-gnu,gimli,0.33.0,read::cfi::tests::test_parse_cfi_instruction_advance_loc1,full,success,0.13904503933333334,,,,
x86_64-unknown-linux-gnu,gimli,0.33.0,read::cfi::tests::test_parse_cfi_instruction_advance_loc2,full,success,0.13885173133333337,,,,
x86_64-unknown-linux-gnu,gimli,0.33.0,read::cfi::tests::test_parse_cfi_instruction_advance_loc4,full,success,0.13481032666666667,,,,
x86_64-unknown-linux-gnu,gimli,0.33.0,read::cfi::tests::test_parse_cfi_instruction_def_cfa,full,success,0.13666022433333333,,,,
x86_64-unknown-linux-gnu,gimli,0.33.0,read::cfi::tests::test_parse_cfi_instruction_def_cfa_expression,full,success,0.139724667,,,,
x86_64-unknown-linux-gnu,gimli,0.33.0,read::cfi::tests::test_parse_cfi_instruction_def_cfa_offset,full,success,0.13389445333333336,,,,
x86_64-unknown-linux-gnu,gimli,0.33.0,read::cfi::tests::test_parse_cfi_instruction_def_cfa_offset_sf,full,success,0.13637390033333333,,,,
x86_64-unknown-linux-gnu,gimli,0.33.0,read::cfi::tests::test_parse_cfi_instruction_def_cfa_register,full,success,0.13579339766666668,,,,
x86_64-unknown-linux-gnu,gimli,0.33.0,read::cfi::tests::test_parse_cfi_instruction_def_cfa_sf,full,success,0.1348307056666667,,,,
x86_64-unknown-linux-gnu,gimli,0.33.0,read::cfi::tests::test_parse_cfi_instruction_expression,full,success,0.14657802733333336,,,,
x86_64-unknown-linux-gnu,gimli,0.33.0,read::cfi::tests::test_parse_cfi_instruction_negate_ra_state,full,success,0.13423260333333334,,,,
x86_64-unknown-linux-gnu,gimli,0.33.0,read::cfi::tests::test_parse_cfi_instruction_nop,full,success,0.13802051633333334,,,,
x86_64-unknown-linux-gnu,gimli,0.33.0,read::cfi::tests::test_parse_cfi_instruction_offset,full,success,0.13527279833333336,,,,
x86_64-unknown-linux-gnu,gimli,0.33.0,read::cfi::tests::test_parse_cfi_instruction_offset_extended,full,success,0.13827549000000003,,,,
x86_64-unknown-linux-gnu,gimli,0.33.0,read::cfi::tests::test_parse_cfi_instruction_offset_extended_sf,full,success,0.13590441733333333,,,,
x86_64-unknown-linux-gnu,gimli,0.33.0,read::cfi::tests::test_parse_cfi_instruction_register,full,success,0.13438976900000002,,,,
x86_64-unknown-linux-gnu,gimli,0.33.0,read::cfi::tests::test_parse_cfi_instruction_remember_state,full,success,0.13985086866666668,,,,
x86_64-unknown-linux-gnu,gimli,0.33.0,read::cfi::tests::test_parse_cfi_instruction_restore,full,success,0.13437688833333336,,,,
x86_64-unknown-linux-gnu,gimli,0.33.0,read::cfi::tests::test_parse_cfi_instruction_restore_extended,full,success,0.13839196333333334,,,,
x86_64-unknown-linux-gnu,gimli,0.33.0,read::cfi::tests::test_parse_cfi_instruction_restore_state,full,success,0.13698545633333334,,,,
x86_64-unknown-linux-gnu,gimli,0.33.0,read::cfi::tests::test_parse_cfi_instruction_same_value,full,success,0.14203712933333335,,,,
x86_64-unknown-linux-gnu,gimli,0.33.0,read::cfi::tests::test_parse_cfi_instruction_set_loc,full,success,0.13308341333333332,,,,
x86_64-unknown-linux-gnu,gimli,0.33.0,read::cfi::tests::test_parse_cfi_instruction_set_loc_encoding,full,success,0.13338021166666666,,,,
x86_64-unknown-linux-gnu,gimli,0.33.0,read::cfi::tests::test_parse_cfi_instruction_undefined,full,success,0.13509913266666665,,,,
x86_64-unknown-linux-gnu,gimli,0.33.0,read::cfi::tests::test_parse_cfi_instruction_unknown_instruction,full,success,0.13667899233333333,,,,
x86_64-unknown-linux-gnu,gimli,0.33.0,read::cfi::tests::test_parse_cfi_instruction_val_expression,full,success,0.1418760186666667,,,,
x86_64-unknown-linux-gnu,gimli,0.33.0,read::cfi::tests::test_parse_cfi_instruction_val_offset,full,success,0.13280357133333334,,,,
x86_64-unknown-linux-gnu,gimli,0.33.0,read::cfi::tests::test_parse_cfi_instruction_val_offset_sf,full,success,0.13539854033333334,,,,
x86_64-unknown-linux-gnu,gimli,0.33.0,read::cfi::tests::test_parse_cie_32_bad_version,full,success,0.152774808,,,,
x86_64-unknown-linux-gnu,gimli,0.33.0,read::cfi::tests::test_parse_cie_32_ok,full,success,0.171356054,,,,
x86_64-unknown-linux-gnu,gimli,0.33.0,read::cfi::tests::test_parse_cie_64_ok,full,success,0.184220763,,,,
x86_64-unknown-linux-gnu,gimli,0.33.0,read::cfi::tests::test_parse_cie_bad_id_32,full,success,0.14499915833333335,,,,
x86_64-unknown-linux-gnu,gimli,0.33.0,read::cfi::tests::test_parse_cie_from_offset,full,success,0.15175153033333336,,,,
x86_64-unknown-linux-gnu,gimli,0.33.0,read::cfi::tests::test_parse_cie_incomplete_id_32,full,success,0.133440529,,,,
x86_64-unknown-linux-gnu,gimli,0.33.0,read::cfi::tests::test_parse_cie_incomplete_length_32,full,success,0.13445908666666667,,,,
x86_64-unknown-linux-gnu,gimli,0.33.0,read::cfi::tests::test_parse_cie_incomplete_length_64,full,success,0.13506092033333336,,,,
x86_64-unknown-linux-gnu,gimli,0.33.0,read::cfi::tests::test_parse_cie_length_too_big,full,success,0.142972133,,,,
x86_64-unknown-linux-gnu,gimli,0.33.0,read::cfi::tests::test_parse_cie_unknown_augmentation,full,success,0.14313397300000003,,,,
x86_64-unknown-linux-gnu,gimli,0.33.0,read::cfi::tests::test_parse_encoded_pointer_absptr,full,success,0.13255206733333333,,,,
x86_64-unknown-linux-gnu,gimli,0.33.0,read::cfi::tests::test_parse_encoded_pointer_aligned,full,success,0.13667004033333333,,,,
x86_64-unknown-linux-gnu,gimli,0.33.0,read::cfi::tests::test_parse_encoded_pointer_bad_encoding,full,success,0.13371770766666669,,,,
x86_64-unknown-linux-gnu,gimli,0.33.0,read::cfi::tests::test_parse_encoded_pointer_datarel,full,success,0.13603822233333335,,,,
x86_64-unknown-linux-gnu,gimli,0.33.0,read::cfi::tests::test_parse_encoded_pointer_datarel_undefined,full,success,0.13462639866666667,,,,
x86_64-unknown-linux-gnu,gimli,0.33.0,read::cfi::tests::test_parse_encoded_pointer_funcrel,full,success,0.14136493800000002,,,,
x86_64-unknown-linux-gnu,gimli,0.33.0,read::cfi::tests::test_parse_encoded_pointer_funcrel_undefined,full,success,0.13105226833333333,,,,
x86_64-unknown-linux-gnu,gimli,0.33.0,read::cfi::tests::test_parse_encoded_pointer_indirect,full,success,0.13369047733333336,,,,
x86_64-unknown-linux-gnu,gimli,0.33.0,read::cfi::tests::test_parse_encoded_pointer_omit,full,success,0.1352020956666667,,,,
x86_64-unknown-linux-gnu,gimli,0.33.0,read::cfi::tests::test_parse_encoded_pointer_pcrel,full,success,0.14061139633333333,,,,
x86_64-unknown-linux-gnu,gimli,0.33.0,read::cfi::tests::test_parse_encoded_pointer_pcrel_undefined,full,success,0.13282718866666668,,,,
x86_64-unknown-linux-gnu,gimli,0.33.0,read::cfi::tests::test_parse_encoded_pointer_sdata2,full,success,0.141201395,,,,
x86_64-unknown-linux-gnu,gimli,0.33.0,read::cfi::tests::test_parse_encoded_pointer_sdata4,full,success,0.13525652566666668,,,,
x86_64-unknown-linux-gnu,gimli,0.33.0,read::cfi::tests::test_parse_encoded_pointer_sdata8,full,success,0.13724481866666668,,,,
x86_64-unknown-linux-gnu,gimli,0.33.0,read::cfi::tests::test_parse_encoded_pointer_sleb128,full,success,0.1369298236666667,,,,
x86_64-unknown-linux-gnu,gimli,0.33.0,read::cfi::tests::test_parse_encoded_pointer_textrel,full,success,0.13595751166666667,,,,
x86_64-unknown-linux-gnu,gimli,0.33.0,read::cfi::tests::test_parse_encoded_pointer_textrel_undefined,full,success,0.13613104,,,,
x86_64-unknown-linux-gnu,gimli,0.33.0,read::cfi::tests::test_parse_encoded_pointer_udata2,full,success,0.1360748576666667,,,,
x86_64-unknown-linux-gnu,gimli,0.33.0,read::cfi::tests::test_parse_encoded_pointer_udata4,full,success,0.13357617333333335,,,,
x86_64-unknown-linux-gnu,gimli,0.33.0,read::cfi::tests::test_parse_encoded_pointer_udata8,full,success,0.13454432433333335,,,,
x86_64-unknown-linux-gnu,gimli,0.33.0,read::cfi::tests::test_parse_encoded_pointer_uleb128,full,success,0.13153225733333332,,,,
x86_64-unknown-linux-gnu,gimli,0.33.0,read::cfi::tests::test_parse_fde_32_ok,full,success,0.14204446733333334,,,,
x86_64-unknown-linux-gnu,gimli,0.33.0,read::cfi::tests::test_parse_fde_64_ok,full,success,0.14906238966666666,,,,
x86_64-unknown-linux-gnu,gimli,0.33.0,read::cfi::tests::test_parse_fde_incomplete_cie_pointer_32,full,success,0.13439389666666668,,,,
x86_64-unknown-linux-gnu,gimli,0.33.0,read::cfi::tests::test_parse_fde_incomplete_length_32,full,success,0.14880522133333335,,,,
x86_64-unknown-linux-gnu,gimli,0.33.0,read::cfi::tests::test_parse_fde_incomplete_length_64,full,success,0.135368939,,,,
x86_64-unknown-linux-gnu,gimli,0.33.0,read::cfi::tests::test_parse_pointer_encoding_bad_encoding,full,success,0.132289141,,,,
x86_64-unknown-linux-gnu,gimli,0.33.0,read::cfi::tests::test_parse_pointer_encoding_ok,full,success,0.1303031046666667,,,,
x86_64-unknown-linux-gnu,gimli,0.33.0,read::cfi::tests::test_unwind_context_reuse,full,success,0.13530922033333334,,,,
x86_64-unknown-linux-gnu,gimli,0.33.0,read::cfi::tests::test_unwind_info_for_address_not_found,full,success,0.13304924566666668,,,,
x86_64-unknown-linux-gnu,gimli,0.33.0,read::cfi::tests::test_unwind_info_for_address_ok,full,success,0.18380700933333335,,,,
x86_64-unknown-linux-gnu,gimli,0.33.0,read::cfi::tests::test_unwind_table_cie_invalid_rule,full,success,0.14689574400000002,,,,
x86_64-unknown-linux-gnu,gimli,0.33.0,read::cfi::tests::test_unwind_table_cie_no_rule,full,success,0.14196722733333333,,,,
x86_64-unknown-linux-gnu,gimli,0.33.0,read::cfi::tests::test_unwind_table_cie_single_rule,full,success,0.147719979,,,,
x86_64-unknown-linux-gnu,gimli,0.33.0,read::cfi::tests::test_unwind_table_next_row,full,success,0.18426804666666666,,,,
x86_64-unknown-linux-gnu,gimli,0.33.0,read::dwarf::tests::test_dwarf_unit_variance,full,success,0.135502125,,,,
x86_64-unknown-linux-gnu,gimli,0.33.0,read::dwarf::tests::test_dwarf_variance,full,success,0.13226428366666668,,,,
x86_64-unknown-linux-gnu,gimli,0.33.0,read::dwarf::tests::test_format_error,full,success,0.143692046,,,,
x86_64-unknown-linux-gnu,gimli,0.33.0,read::dwarf::tests::test_send,full,success,0.1379719816666667,,,,
x86_64-unknown-linux-gnu,gimli,0.33.0,read::endian_reader::tests::bytes_and_len_and_range_and_eq,full,success,0.134817176,,,,
x86_64-unknown-linux-gnu,gimli,0.33.0,read::endian_reader::tests::empty,full,success,0.14407658233333334,,,,
x86_64-unknown-linux-gnu,gimli,0.33.0,read::endian_reader::tests::endian,full,success,0.13152641433333334,,,,
x86_64-unknown-linux-gnu,gimli,0.33.0,read::endian_reader::tests::find,full,success,0.132038146,,,,
x86_64-unknown-linux-gnu,gimli,0.33.0,read::endian_reader::tests::indexing,full,success,0.13093870866666665,,,,
x86_64-unknown-linux-gnu,gimli,0.33.0,read::endian_reader::tests::indexing_out_of_bounds,full,success,0.13646037600000002,,,,
x86_64-unknown-linux-gnu,gimli,0.33.0,read::endian_reader::tests::offset_from,full,success,0.13329601333333332,,,,
x86_64-unknown-linux-gnu,gimli,0.33.0,read::endian_reader::tests::read_u8_array,full,success,0.14039899033333333,,,,
x86_64-unknown-linux-gnu,gimli,0.33.0,read::endian_reader::tests::skip,full,success,0.13491833566666667,,,,
x86_64-unknown-linux-gnu,gimli,0.33.0,read::endian_reader::tests::test_reader_split,full,success,0.133014851,,,,
x86_64-unknown-linux-gnu,gimli,0.33.0,read::endian_reader::tests::test_reader_split_out_of_bounds,full,success,0.132092613,,,,
x86_64-unknown-linux-gnu,gimli,0.33.0,read::endian_reader::tests::to_slice,full,success,0.14119390366666668,,,,
x86_64-unknown-linux-gnu,gimli,0.33.0,read::endian_reader::tests::to_string_err,full,success,0.131698059,,,,
x86_64-unknown-linux-gnu,gimli,0.33.0,read::endian_reader::tests::to_string_lossy,full,success,0.13454376,,,,
x86_64-unknown-linux-gnu,gimli,0.33.0,read::endian_reader::tests::to_string_ok,full,success,0.13208590266666667,,,,
x86_64-unknown-linux-gnu,gimli,0.33.0,read::endian_reader::tests::truncate,full,success,0.13183578266666665,,,,
x86_64-unknown-linux-gnu,gimli,0.33.0,read::endian_slice::tests::test_endian_slice_split_at,full,success,0.14035502800000002,,,,
x86_64-unknown-linux-gnu,gimli,0.33.0,read::endian_slice::tests::test_endian_slice_split_at_out_of_bounds,full,success,0.1373783186666667,,,,
x86_64-unknown-linux-gnu,gimli,0.33.0,read::index::tests::test_cu_index,full,success,0.14537566700000001,,,,
x86_64-unknown-linux-gnu,gimli,0.33.0,read::index::tests::test_empty,full,success,0.13102877566666668,,,,
x86_64-unknown-linux-gnu,gimli,0.33.0,read::index::tests::test_hash,full,success,0.14213222333333334,,,,
x86_64-unknown-linux-gnu,gimli,0.33.0,read::index::tests::test_tu_index,full,success,0.13503162900000001,,,,
x86_64-unknown-linux-gnu,gimli,0.33.0,read::index::tests::test_version_2,full,success,0.135848003,,,,
x86_64-unknown-linux-gnu,gimli,0.33.0,read::index::tests::test_version_2_sections,full,success,0.14457723933333336,,,,
x86_64-unknown-linux-gnu,gimli,0.33.0,read::index::tests::test_version_5,full,success,0.13455632,,,,
x86_64-unknown-linux-gnu,gimli,0.33.0,read::index::tests::test_version_5_invalid,full,success,0.13573002566666667,,,,
x86_64-unknown-linux-gnu,gimli,0.33.0,read::index::tests::test_version_5_sections,full,success,0.14379476866666666,,,,
x86_64-unknown-linux-gnu,gimli,0.33.0,read::index::tests::test_zero_slots,full,success,0.13496053233333333,,,,
x86_64-unknown-linux-gnu,gimli,0.33.0,read::line::tests::test_exec_advance_line,full,success,0.13167577333333333,,,,
x86_64-unknown-linux-gnu,gimli,0.33.0,read::line::tests::test_exec_advance_line_overflow,full,success,0.13147874833333337,,,,
x86_64-unknown-linux-gnu,gimli,0.33.0,read::line::tests::test_exec_advance_pc,full,success,0.13411404266666668,,,,
x86_64-unknown-linux-gnu,gimli,0.33.0,read::line::tests::test_exec_advance_pc_overflow_32,full,success,0.13197386433333333,,,,
x86_64-unknown-linux-gnu,gimli,0.33.0,read::line::tests::test_exec_advance_pc_overflow_64,full,success,0.130826244,,,,
x86_64-unknown-linux-gnu,gimli,0.33.0,read::line::tests::test_exec_const_add_pc,full,success,0.13337539066666668,,,,
x86_64-unknown-linux-gnu,gimli,0.33.0,read::line::tests::test_exec_const_add_pc_overflow,full,success,0.1338822586666667,,,,
x86_64-unknown-linux-gnu,gimli,0.33.0,read::line::tests::test_exec_copy,full,success,0.13085762533333334,,,,
x86_64-unknown-linux-gnu,gimli,0.33.0,read::line::tests::test_exec_define_file,full,success,0.13261756133333333,,,,
x86_64-unknown-linux-gnu,gimli,0.33.0,read::line::tests::test_exec_end_sequence,full,success,0.14084305100000002,,,,
x86_64-unknown-linux-gnu,gimli,0.33.0,read::line::tests::test_exec_fixed_add_pc,full,success,0.13124994633333334,,,,
x86_64-unknown-linux-gnu,gimli,0.33.0,read::line::tests::test_exec_fixed_add_pc_overflow,full,success,0.13674666733333332,,,,
x86_64-unknown-linux-gnu,gimli,0.33.0,read::line::tests::test_exec_negate_statement,full,success,0.13714986,,,,
x86_64-unknown-linux-gnu,gimli,0.33.0,read::line::tests::test_exec_set_address,full,success,0.13274948133333334,,,,
x86_64-unknown-linux-gnu,gimli,0.33.0,read::line::tests::test_exec_set_address_backwards,full,success,0.13292849,,,,
x86_64-unknown-linux-gnu,gimli,0.33.0,read::line::tests::test_exec_set_address_tombstone,full,success,0.1380724906666667,,,,
x86_64-unknown-linux-gnu,gimli,0.33.0,read::line::tests::test_exec_set_basic_block,full,success,0.13314619066666666,,,,
x86_64-unknown-linux-gnu,gimli,0.33.0,read::line::tests::test_exec_set_column,full,success,0.1373096136666667,,,,
x86_64-unknown-linux-gnu,gimli,0.33.0,read::line::tests::test_exec_set_discriminator,full,success,0.13956439533333334,,,,
x86_64-unknown-linux-gnu,gimli,0.33.0,read::line::tests::test_exec_set_file_in_bounds,full,success,0.13485127733333335,,,,
x86_64-unknown-linux-gnu,gimli,0.33.0,read::line::tests::test_exec_set_file_out_of_bounds,full,success,0.1334657286666667,,,,
x86_64-unknown-linux-gnu,gimli,0.33.0,read::line::tests::test_exec_set_isa,full,success,0.12961722500000003,,,,
x86_64-unknown-linux-gnu,gimli,0.33.0,read::line::tests::test_exec_set_prologue_end,full,success,0.13545654833333334,,,,
x86_64-unknown-linux-gnu,gimli,0.33.0,read::line::tests::test_exec_special_line_underflow,full,success,0.13351618766666665,,,,
x86_64-unknown-linux-gnu,gimli,0.33.0,read::line::tests::test_exec_special_negative_line_advance,full,success,0.1330173176666667,,,,
x86_64-unknown-linux-gnu,gimli,0.33.0,read::line::tests::test_exec_special_noop,full,success,0.14236737800000002,,,,
x86_64-unknown-linux-gnu,gimli,0.33.0,read::line::tests::test_exec_special_positive_address_advance,full,success,0.13554579766666666,,,,
x86_64-unknown-linux-gnu,gimli,0.33.0,read::line::tests::test_exec_special_positive_address_and_line_advance,full,success,0.133239711,,,,
x86_64-unknown-linux-gnu,gimli,0.33.0,read::line::tests::test_exec_special_positive_address_and_negative_line_advance,full,success,0.1305667686666667,,,,
x86_64-unknown-linux-gnu,gimli,0.33.0,read::line::tests::test_exec_special_positive_line_advance,full,success,0.131442225,,,,
x86_64-unknown-linux-gnu,gimli,0.33.0,read::line::tests::test_exec_unknown_extended,full,success,0.14167611566666669,,,,
x86_64-unknown-linux-gnu,gimli,0.33.0,read::line::tests::test_exec_unknown_standard_0,full,success,0.13384319633333333,,,,
x86_64-unknown-linux-gnu,gimli,0.33.0,read::line::tests::test_exec_unknown_standard_1,full,success,0.13144181133333335,,,,
x86_64-unknown-linux-gnu,gimli,0.33.0,read::line::tests::test_exec_unknown_standard_n,full,success,0.13764281133333334,,,,
x86_64-unknown-linux-gnu,gimli,0.33.0,read::line::tests::test_file_entry_directory,full,success,0.13960758433333334,,,,
x86_64-unknown-linux-gnu,gimli,0.33.0,read::line::tests::test_file_entry_file_index_in_bounds,full,success,0.133353303,,,,
x86_64-unknown-linux-gnu,gimli,0.33.0,read::line::tests::test_file_entry_file_index_out_of_bounds,full,success,0.13475415633333335,,,,
x86_64-unknown-linux-gnu,gimli,0.33.0,read::line::tests::test_parse_debug_line_32_ok,full,success,0.15706724600000002,,,,
x86_64-unknown-linux-gnu,gimli,0.33.0,read::line::tests::test_parse_debug_line_header_length_too_short,full,success,0.14001183400000003,,,,
x86_64-unknown-linux-gnu,gimli,0.33.0,read::line::tests::test_parse_debug_line_unit_length_too_short,full,success,0.13056410566666668,,,,
x86_64-unknown-linux-gnu,gimli,0.33.0,read::line::tests::test_parse_debug_line_v5_ok,full,success,0.21154678600000001,,,,
x86_64-unknown-linux-gnu,gimli,0.33.0,read::line::tests::test_parse_extended_opcodes,full,success,0.13916397133333333,,,,
x86_64-unknown-linux-gnu,gimli,0.33.0,read::line::tests::test_parse_special_opcodes,full,success,0.2191985316666667,,,,
x86_64-unknown-linux-gnu,gimli,0.33.0,read::line::tests::test_parse_standard_opcodes,full,success,0.1439867486666667,,,,
x86_64-unknown-linux-gnu,gimli,0.33.0,read::line::tests::test_parse_unknown_standard_opcode_many_args,full,success,0.1337718026666667,,,,
x86_64-unknown-linux-gnu,gimli,0.33.0,read::line::tests::test_parse_unknown_standard_opcode_no_args,full,success,0.13505260533333335,,,,
x86_64-unknown-linux-gnu,gimli,0.33.0,read::line::tests::test_parse_unknown_standard_opcode_one_arg,full,success,0.1339507236666667,,,,
x86_64-unknown-linux-gnu,gimli,0.33.0,read::line::tests::test_sequences,full,success,0.1769552466666667,,,,
x86_64-unknown-linux-gnu,gimli,0.33.0,read::loclists::tests::test_get_offset,full,success,0.1622173,,,,
x86_64-unknown-linux-gnu,gimli,0.33.0,read::loclists::tests::test_location_list,full,success,0.1782021186666667,,,,
x86_64-unknown-linux-gnu,gimli,0.33.0,read::loclists::tests::test_locations_invalid,full,success,0.136540862,,,,
x86_64-unknown-linux-gnu,gimli,0.33.0,read::loclists::tests::test_loclists,full,success,0.428381261,,,,
x86_64-unknown-linux-gnu,gimli,0.33.0,read::loclists::tests::test_loclists_gnu_v4_split_dwarf,full,success,0.1444983036666667,,,,
x86_64-unknown-linux-gnu,gimli,0.33.0,read::macros::tests::get_macros_1,full,success,0.20144813433333333,,,,
x86_64-unknown-linux-gnu,gimli,0.33.0,read::macros::tests::get_macros_2,full,success,0.1802493483333333,,,,
x86_64-unknown-linux-gnu,gimli,0.33.0,read::macros::tests::test_get_macinfo,full,success,0.1466231706666667,,,,
x86_64-unknown-linux-gnu,gimli,0.33.0,read::names::tests::test_debug_names,full,success,0.36979668066666666,,,,
x86_64-unknown-linux-gnu,gimli,0.33.0,read::names::tests::test_debug_names_abbrev_table_empty,full,success,0.13296984433333334,,,,
x86_64-unknown-linux-gnu,gimli,0.33.0,read::names::tests::test_debug_names_abbrev_table_invalid,full,success,0.141313923,,,,
x86_64-unknown-linux-gnu,gimli,0.33.0,read::names::tests::test_debug_names_augmentation,full,success,0.203058659,,,,
x86_64-unknown-linux-gnu,gimli,0.33.0,read::names::tests::test_debug_names_invalid_version,full,success,0.14991092800000003,,,,
x86_64-unknown-linux-gnu,gimli,0.33.0,read::names::tests::test_debug_names_no_hash_table,full,success,0.185466189,,,,
x86_64-unknown-linux-gnu,gimli,0.33.0,read::names::tests::test_debug_names_truncated,full,success,0.14979363499999998,,,,
x86_64-unknown-linux-gnu,gimli,0.33.0,read::op::tests::test_compute_pc,full,success,0.13283175933333333,,,,
x86_64-unknown-linux-gnu,gimli,0.33.0,read::op::tests::test_eval_arith,full,success,0.33286423433333334,,,,
x86_64-unknown-linux-gnu,gimli,0.33.0,read::op::tests::test_eval_arith64,full,success,0.22529921266666667,,,,
x86_64-unknown-linux-gnu,gimli,0.33.0,read::op::tests::test_eval_call,full,success,0.206103748,,,,
x86_64-unknown-linux-gnu,gimli,0.33.0,read::op::tests::test_eval_compare,full,success,0.20353977366666667,,,,
x86_64-unknown-linux-gnu,gimli,0.33.0,read::op::tests::test_eval_context,full,success,0.30494459000000007,,,,
x86_64-unknown-linux-gnu,gimli,0.33.0,read::op::tests::test_eval_empty_stack,full,success,0.1662665336666667,,,,
x86_64-unknown-linux-gnu,gimli,0.33.0,read::op::tests::test_eval_lit_and_reg,full,success,0.3110021703333333,,,,
x86_64-unknown-linux-gnu,gimli,0.33.0,read::op::tests::test_eval_max_iterations,full,success,0.23857605766666667,,,,
x86_64-unknown-linux-gnu,gimli,0.33.0,read::op::tests::test_eval_memory,full,success,0.26803919866666664,,,,
x86_64-unknown-linux-gnu,gimli,0.33.0,read::op::tests::test_eval_pieces,full,success,0.4076122223333334,,,,
x86_64-unknown-linux-gnu,gimli,0.33.0,read::op::tests::test_eval_register,full,success,2.2400513293333333,,,,
x86_64-unknown-linux-gnu,gimli,0.33.0,read::op::tests::test_eval_stack,full,success,0.17660674833333334,,,,
x86_64-unknown-linux-gnu,gimli,0.33.0,read::op::tests::test_eval_typed_stack,full,success,0.33900842300000006,,,,
x86_64-unknown-linux-gnu,gimli,0.33.0,read::op::tests::test_op_convert,full,success,0.138697851,,,,
x86_64-unknown-linux-gnu,gimli,0.33.0,read::op::tests::test_op_parse_bit_piece,full,success,0.2530030163333334,,,,
x86_64-unknown-linux-gnu,gimli,0.33.0,read::op::tests::test_op_parse_bregx,full,success,0.34647074266666666,,,,
x86_64-unknown-linux-gnu,gimli,0.33.0,read::op::tests::test_op_parse_const_type,full,success,0.139176743,,,,
x86_64-unknown-linux-gnu,gimli,0.33.0,read::op::tests::test_op_parse_deref_type,full,success,0.14341184533333334,,,,
x86_64-unknown-linux-gnu,gimli,0.33.0,read::op::tests::test_op_parse_entry_value,full,success,0.15333819166666668,,,,
x86_64-unknown-linux-gnu,gimli,0.33.0,read::op::tests::test_op_parse_fivebyte,full,success,0.150168916,,,,
x86_64-unknown-linux-gnu,gimli,0.33.0,read::op::tests::test_op_parse_gnu_parameter_ref,full,success,0.14063718733333333,,,,
x86_64-unknown-linux-gnu,gimli,0.33.0,read::op::tests::test_op_parse_implicit_pointer,full,success,0.16251859266666668,,,,
x86_64-unknown-linux-gnu,gimli,0.33.0,read::op::tests::test_op_parse_implicit_value,full,success,0.15254526633333335,,,,
x86_64-unknown-linux-gnu,gimli,0.33.0,read::op::tests::test_op_parse_ninebyte,full,success,0.15463461166666667,,,,
x86_64-unknown-linux-gnu,gimli,0.33.0,read::op::tests::test_op_parse_onebyte,full,success,0.2739816483333333,,,,
x86_64-unknown-linux-gnu,gimli,0.33.0,read::op::tests::test_op_parse_regval_type,full,success,0.14409452133333334,,,,
x86_64-unknown-linux-gnu,gimli,0.33.0,read::op::tests::test_op_parse_sleb,full,success,1.5053413943333336,,,,
x86_64-unknown-linux-gnu,gimli,0.33.0,read::op::tests::test_op_parse_threebyte,full,success,0.14756469900000002,,,,
x86_64-unknown-linux-gnu,gimli,0.33.0,read::op::tests::test_op_parse_twobyte,full,success,0.14160330566666668,,,,
x86_64-unknown-linux-gnu,gimli,0.33.0,read::op::tests::test_op_parse_uleb,full,success,0.2027753986666667,,,,
x86_64-unknown-linux-gnu,gimli,0.33.0,read::op::tests::test_op_reinterpret,full,success,0.13976336266666667,,,,
x86_64-unknown-linux-gnu,gimli,0.33.0,read::op::tests::test_op_wasm,full,success,0.14534006700000002,,,,
x86_64-unknown-linux-gnu,gimli,0.33.0,read::reader::test::test_min_tombstone,full,success,0.13420934400000004,,,,
x86_64-unknown-linux-gnu,gimli,0.33.0,read::rnglists::tests::test_get_offset,full,success,0.1674481556666667,,,,
x86_64-unknown-linux-gnu,gimli,0.33.0,read::rnglists::tests::test_ranges,full,success,0.1712076046666667,,,,
x86_64-unknown-linux-gnu,gimli,0.33.0,read::rnglists::tests::test_ranges_invalid,full,success,0.14486032266666668,,,,
x86_64-unknown-linux-gnu,gimli,0.33.0,read::rnglists::tests::test_raw_range,full,success,0.1358162596666667,,,,
x86_64-unknown-linux-gnu,gimli,0.33.0,read::rnglists::tests::test_rnglists,full,success,0.3063343973333334,,,,
x86_64-unknown-linux-gnu,gimli,0.33.0,read::str::tests::test_get_str_offset,full,success,0.15773448633333334,,,,
x86_64-unknown-linux-gnu,gimli,0.33.0,read::tests::test_parse_initial_length_32_ok,full,success,0.13537197433333334,,,,
x86_64-unknown-linux-gnu,gimli,0.33.0,read::tests::test_parse_initial_length_64_incomplete,full,success,0.13383349800000002,,,,
x86_64-unknown-linux-gnu,gimli,0.33.0,read::tests::test_parse_initial_length_64_ok,full,success,0.1336554056666667,,,,
x86_64-unknown-linux-gnu,gimli,0.33.0,read::tests::test_parse_initial_length_incomplete,full,success,0.13613806033333334,,,,
x86_64-unknown-linux-gnu,gimli,0.33.0,read::tests::test_parse_initial_length_unknown_reserved_value,full,success,0.13688925866666668,,,,
x86_64-unknown-linux-gnu,gimli,0.33.0,read::tests::test_parse_offset_32,full,success,0.13560849033333333,,,,
x86_64-unknown-linux-gnu,gimli,0.33.0,read::tests::test_parse_offset_64_large,full,success,0.1423348846666667,,,,
x86_64-unknown-linux-gnu,gimli,0.33.0,read::tests::test_parse_offset_64_small,full,success,0.13591613300000002,,,,
x86_64-unknown-linux-gnu,gimli,0.33.0,read::unit::tests::test_attribute_udata_sdata_value,full,success,0.13312859966666665,,,,
x86_64-unknown-linux-gnu,gimli,0.33.0,read::unit::tests::test_attribute_value,full,success,0.144033749,,,,
x86_64-unknown-linux-gnu,gimli,0.33.0,read::unit::tests::test_cursor_next_dfs,full,success,0.18694827700000002,,,,
x86_64-unknown-linux-gnu,gimli,0.33.0,read::unit::tests::test_cursor_next_entry,full,success,0.170556112,,,,
x86_64-unknown-linux-gnu,gimli,0.33.0,read::unit::tests::test_cursor_next_entry_incomplete,full,success,0.14755498666666667,,,,
x86_64-unknown-linux-gnu,gimli,0.33.0,read::unit::tests::test_cursor_next_sibling_continuation,full,success,0.17784991666666664,,,,
x86_64-unknown-linux-gnu,gimli,0.33.0,read::unit::tests::test_cursor_next_sibling_no_sibling_ptr,full,success,0.17316422933333334,,,,
x86_64-unknown-linux-gnu,gimli,0.33.0,read::unit::tests::test_debug_info_next_sibling_with_ptr,full,success,0.18030659966666665,,,,
x86_64-unknown-linux-gnu,gimli,0.33.0,read::unit::tests::test_debug_info_offset,full,success,0.15251939533333334,,,,
x86_64-unknown-linux-gnu,gimli,0.33.0,read::unit::tests::test_debug_types_next_sibling_with_ptr,full,success,0.18848169066666667,,,,
x86_64-unknown-linux-gnu,gimli,0.33.0,read::unit::tests::test_debug_types_offset,full,success,0.14021902100000003,,,,
x86_64-unknown-linux-gnu,gimli,0.33.0,read::unit::tests::test_entries_at_offset,full,success,0.158136081,,,,
x86_64-unknown-linux-gnu,gimli,0.33.0,read::unit::tests::test_entries_raw,full,success,0.161721895,,,,
x86_64-unknown-linux-gnu,gimli,0.33.0,read::unit::tests::test_entries_tree,full,success,0.22117857033333332,,,,
x86_64-unknown-linux-gnu,gimli,0.33.0,read::unit::tests::test_length_including_self,full,success,0.139654713,,,,
x86_64-unknown-linux-gnu,gimli,0.33.0,read::unit::tests::test_parse_attribute_addr,full,success,0.1369472396666667,,,,
x86_64-unknown-linux-gnu,gimli,0.33.0,read::unit::tests::test_parse_attribute_addr8,full,success,0.134581584,,,,
x86_64-unknown-linux-gnu,gimli,0.33.0,read::unit::tests::test_parse_attribute_addrx,full,success,0.13911312833333334,,,,
x86_64-unknown-linux-gnu,gimli,0.33.0,read::unit::tests::test_parse_attribute_addrx1,full,success,0.13611445300000002,,,,
x86_64-unknown-linux-gnu,gimli,0.33.0,read::unit::tests::test_parse_attribute_addrx2,full,success,0.13874179133333334,,,,
x86_64-unknown-linux-gnu,gimli,0.33.0,read::unit::tests::test_parse_attribute_addrx3,full,success,0.14040410466666667,,,,
x86_64-unknown-linux-gnu,gimli,0.33.0,read::unit::tests::test_parse_attribute_addrx4,full,success,0.13408868166666665,,,,
x86_64-unknown-linux-gnu,gimli,0.33.0,read::unit::tests::test_parse_attribute_block,full,success,0.13306134066666667,,,,
x86_64-unknown-linux-gnu,gimli,0.33.0,read::unit::tests::test_parse_attribute_block1,full,success,0.13335679,,,,
x86_64-unknown-linux-gnu,gimli,0.33.0,read::unit::tests::test_parse_attribute_block2,full,success,0.136844331,,,,
x86_64-unknown-linux-gnu,gimli,0.33.0,read::unit::tests::test_parse_attribute_block4,full,success,0.137470372,,,,
x86_64-unknown-linux-gnu,gimli,0.33.0,read::unit::tests::test_parse_attribute_data1,full,success,0.134741953,,,,
x86_64-unknown-linux-gnu,gimli,0.33.0,read::unit::tests::test_parse_attribute_data16,full,success,0.13852473500000004,,,,
x86_64-unknown-linux-gnu,gimli,0.33.0,read::unit::tests::test_parse_attribute_data2,full,success,0.14921738666666667,,,,
x86_64-unknown-linux-gnu,gimli,0.33.0,read::unit::tests::test_parse_attribute_data4,full,success,0.139470966,,,,
x86_64-unknown-linux-gnu,gimli,0.33.0,read::unit::tests::test_parse_attribute_data8,full,success,0.13609357400000002,,,,
x86_64-unknown-linux-gnu,gimli,0.33.0,read::unit::tests::test_parse_attribute_exprloc,full,success,0.13594256500000002,,,,
x86_64-unknown-linux-gnu,gimli,0.33.0,read::unit::tests::test_parse_attribute_flag_false,full,success,0.1378479366666667,,,,
x86_64-unknown-linux-gnu,gimli,0.33.0,read::unit::tests::test_parse_attribute_flag_present,full,success,0.14370277700000003,,,,
x86_64-unknown-linux-gnu,gimli,0.33.0,read::unit::tests::test_parse_attribute_flag_true,full,success,0.134097981,,,,
x86_64-unknown-linux-gnu,gimli,0.33.0,read::unit::tests::test_parse_attribute_gnu_ref_alt_32,full,success,0.14286368000000002,,,,
x86_64-unknown-linux-gnu,gimli,0.33.0,read::unit::tests::test_parse_attribute_gnu_ref_alt_64,full,success,0.1417525066666667,,,,
x86_64-unknown-linux-gnu,gimli,0.33.0,read::unit::tests::test_parse_attribute_gnu_strp_alt_32,full,success,0.14611363866666668,,,,
x86_64-unknown-linux-gnu,gimli,0.33.0,read::unit::tests::test_parse_attribute_gnu_strp_alt_64,full,success,0.13893846433333334,,,,
x86_64-unknown-linux-gnu,gimli,0.33.0,read::unit::tests::test_parse_attribute_indirect,full,success,0.13544286733333333,,,,
x86_64-unknown-linux-gnu,gimli,0.33.0,read::unit::tests::test_parse_attribute_indirect_implicit_const,full,success,0.14047633966666664,,,,
x86_64-unknown-linux-gnu,gimli,0.33.0,read::unit::tests::test_parse_attribute_loclistx,full,success,0.14474325833333335,,,,
x86_64-unknown-linux-gnu,gimli,0.33.0,read::unit::tests::test_parse_attribute_ref1,full,success,0.13772979333333335,,,,
x86_64-unknown-linux-gnu,gimli,0.33.0,read::unit::tests::test_parse_attribute_ref2,full,success,0.133402311,,,,
x86_64-unknown-linux-gnu,gimli,0.33.0,read::unit::tests::test_parse_attribute_ref4,full,success,0.13898978433333334,,,,
x86_64-unknown-linux-gnu,gimli,0.33.0,read::unit::tests::test_parse_attribute_ref8,full,success,0.13460414366666668,,,,
x86_64-unknown-linux-gnu,gimli,0.33.0,read::unit::tests::test_parse_attribute_ref_sup4,full,success,0.140137744,,,,
x86_64-unknown-linux-gnu,gimli,0.33.0,read::unit::tests::test_parse_attribute_ref_sup8,full,success,0.14029448,,,,
x86_64-unknown-linux-gnu,gimli,0.33.0,read::unit::tests::test_parse_attribute_refaddr8_version2,full,success,0.135066001,,,,
x86_64-unknown-linux-gnu,gimli,0.33.0,read::unit::tests::test_parse_attribute_refaddr_32,full,success,0.13563218066666669,,,,
x86_64-unknown-linux-gnu,gimli,0.33.0,read::unit::tests::test_parse_attribute_refaddr_64,full,success,0.13987174133333335,,,,
x86_64-unknown-linux-gnu,gimli,0.33.0,read::unit::tests::test_parse_attribute_refaddr_version2,full,success,0.13568512300000002,,,,
x86_64-unknown-linux-gnu,gimli,0.33.0,read::unit::tests::test_parse_attribute_refsig8,full,success,0.1365121353333333,,,,
x86_64-unknown-linux-gnu,gimli,0.33.0,read::unit::tests::test_parse_attribute_refudata,full,success,0.13462219966666666,,,,
x86_64-unknown-linux-gnu,gimli,0.33.0,read::unit::tests::test_parse_attribute_rnglistx,full,success,0.132477508,,,,
x86_64-unknown-linux-gnu,gimli,0.33.0,read::unit::tests::test_parse_attribute_sdata,full,success,0.137228016,,,,
x86_64-unknown-linux-gnu,gimli,0.33.0,read::unit::tests::test_parse_attribute_sec_offset_32,full,success,0.14026517000000002,,,,
x86_64-unknown-linux-gnu,gimli,0.33.0,read::unit::tests::test_parse_attribute_sec_offset_64,full,success,0.138635374,,,,
x86_64-unknown-linux-gnu,gimli,0.33.0,read::unit::tests::test_parse_attribute_string,full,success,0.13762700533333336,,,,
x86_64-unknown-linux-gnu,gimli,0.33.0,read::unit::tests::test_parse_attribute_strp_32,full,success,0.13368860266666668,,,,
x86_64-unknown-linux-gnu,gimli,0.33.0,read::unit::tests::test_parse_attribute_strp_64,full,success,0.1364958466666667,,,,
x86_64-unknown-linux-gnu,gimli,0.33.0,read::unit::tests::test_parse_attribute_strp_sup_32,full,success,0.136065978,,,,
x86_64-unknown-linux-gnu,gimli,0.33.0,read::unit::tests::test_parse_attribute_strp_sup_64,full,success,0.14140892133333335,,,,
x86_64-unknown-linux-gnu,gimli,0.33.0,read::unit::tests::test_parse_attribute_strx,full,success,0.13496857866666667,,,,
x86_64-unknown-linux-gnu,gimli,0.33.0,read::unit::tests::test_parse_attribute_strx1,full,success,0.13248042366666665,,,,
x86_64-unknown-linux-gnu,gimli,0.33.0,read::unit::tests::test_parse_attribute_strx2,full,success,0.13567353566666668,,,,
x86_64-unknown-linux-gnu,gimli,0.33.0,read::unit::tests::test_parse_attribute_strx3,full,success,0.14010149800000002,,,,
x86_64-unknown-linux-gnu,gimli,0.33.0,read::unit::tests::test_parse_attribute_strx4,full,success,0.1363290196666667,,,,
x86_64-unknown-linux-gnu,gimli,0.33.0,read::unit::tests::test_parse_attribute_udata,full,success,0.1368942803333333,,,,
x86_64-unknown-linux-gnu,gimli,0.33.0,read::unit::tests::test_parse_type_unit_abbrevs,full,success,0.1489076166666667,,,,
x86_64-unknown-linux-gnu,gimli,0.33.0,read::unit::tests::test_parse_type_unit_header_32_ok,full,success,0.144058591,,,,
x86_64-unknown-linux-gnu,gimli,0.33.0,read::unit::tests::test_parse_type_unit_header_64_ok,full,success,0.14447642533333335,,,,
x86_64-unknown-linux-gnu,gimli,0.33.0,read::unit::tests::test_parse_unit_header_32_ok,full,success,0.150007743,,,,
x86_64-unknown-linux-gnu,gimli,0.33.0,read::unit::tests::test_parse_unit_header_64_ok,full,success,0.1449165126666667,,,,
x86_64-unknown-linux-gnu,gimli,0.33.0,read::unit::tests::test_parse_v5_partial_unit_header_32_ok,full,success,0.14406981600000002,,,,
x86_64-unknown-linux-gnu,gimli,0.33.0,read::unit::tests::test_parse_v5_partial_unit_header_64_ok,full,success,0.14841288333333333,,,,
x86_64-unknown-linux-gnu,gimli,0.33.0,read::unit::tests::test_parse_v5_skeleton_unit_header_32_ok,full,success,0.142809039,,,,
x86_64-unknown-linux-gnu,gimli,0.33.0,read::unit::tests::test_parse_v5_skeleton_unit_header_64_ok,full,success,0.14129507866666668,,,,
x86_64-unknown-linux-gnu,gimli,0.33.0,read::unit::tests::test_parse_v5_split_compilation_unit_header_32_ok,full,success,0.14625476466666668,,,,
x86_64-unknown-linux-gnu,gimli,0.33.0,read::unit::tests::test_parse_v5_split_compilation_unit_header_64_ok,full,success,0.14449251,,,,
x86_64-unknown-linux-gnu,gimli,0.33.0,read::unit::tests::test_parse_v5_split_type_unit_header_32_ok,full,success,0.142021153,,,,
x86_64-unknown-linux-gnu,gimli,0.33.0,read::unit::tests::test_parse_v5_split_type_unit_header_64_ok,full,success,0.153497126,,,,
x86_64-unknown-linux-gnu,gimli,0.33.0,read::unit::tests::test_parse_v5_type_unit_header_32_ok,full,success,0.14366052066666668,,,,
x86_64-unknown-linux-gnu,gimli,0.33.0,read::unit::tests::test_parse_v5_type_unit_header_64_ok,full,success,0.148263191,,,,
x86_64-unknown-linux-gnu,gimli,0.33.0,read::unit::tests::test_parse_v5_unit_header_32_ok,full,success,0.150084924,,,,
x86_64-unknown-linux-gnu,gimli,0.33.0,read::unit::tests::test_parse_v5_unit_header_64_ok,full,success,0.14482893766666669,,,,
x86_64-unknown-linux-gnu,gimli,0.33.0,read::unit::tests::test_unit_header_variance,full,success,0.13352172566666667,,,,
x86_64-unknown-linux-gnu,gimli,0.33.0,read::unit::tests::test_unit_version_incomplete,full,success,0.13301947066666667,,,,
x86_64-unknown-linux-gnu,gimli,0.33.0,read::unit::tests::test_unit_version_unknown_version,full,success,0.136368911,,,,
x86_64-unknown-linux-gnu,gimli,0.33.0,read::unit::tests::test_units,full,success,0.15677205766666666,,,,
x86_64-unknown-linux-gnu,gimli,0.33.0,read::value::tests::value_abs,full,success,0.134651477,,,,
x86_64-unknown-linux-gnu,gimli,0.33.0,read::value::tests::value_add,full,success,0.137778052,,,,
x86_64-unknown-linux-gnu,gimli,0.33.0,read::value::tests::value_and,full,success,0.13270948366666668,,,,
x86_64-unknown-linux-gnu,gimli,0.33.0,read::value::tests::value_convert,full,success,0.142850891,,,,
x86_64-unknown-linux-gnu,gimli,0.33.0,read::value::tests::value_div,full,success,0.139277514,,,,
x86_64-unknown-linux-gnu,gimli,0.33.0,read::value::tests::value_eq,full,success,0.13562030833333336,,,,
x86_64-unknown-linux-gnu,gimli,0.33.0,read::value::tests::value_ge,full,success,0.13439641533333335,,,,
x86_64-unknown-linux-gnu,gimli,0.33.0,read::value::tests::value_gt,full,success,0.1394045336666667,,,,
x86_64-unknown-linux-gnu,gimli,0.33.0,read::value::tests::value_le,full,success,0.13536548966666667,,,,
x86_64-unknown-linux-gnu,gimli,0.33.0,read::value::tests::value_lt,full,success,0.13494287666666668,,,,
x86_64-unknown-linux-gnu,gimli,0.33.0,read::value::tests::value_mul,full,success,0.13769942033333335,,,,
x86_64-unknown-linux-gnu,gimli,0.33.0,read::value::tests::value_ne,full,success,0.13585160133333332,,,,
x86_64-unknown-linux-gnu,gimli,0.33.0,read::value::tests::value_neg,full,success,0.14310263366666667,,,,
x86_64-unknown-linux-gnu,gimli,0.33.0,read::value::tests::value_not,full,success,0.13829908100000002,,,,
x86_64-unknown-linux-gnu,gimli,0.33.0,read::value::tests::value_or,full,success,0.13285774800000003,,,,
x86_64-unknown-linux-gnu,gimli,0.33.0,read::value::tests::value_reinterpret,full,success,0.1358137316666667,,,,
x86_64-unknown-linux-gnu,gimli,0.33.0,read::value::tests::value_rem,full,success,0.13568859966666666,,,,
x86_64-unknown-linux-gnu,gimli,0.33.0,read::value::tests::value_shl,full,success,0.143051238,,,,
x86_64-unknown-linux-gnu,gimli,0.33.0,read::value::tests::value_shr,full,success,0.13759216566666668,,,,
x86_64-unknown-linux-gnu,gimli,0.33.0,read::value::tests::value_shra,full,success,0.13445944966666667,,,,
x86_64-unknown-linux-gnu,gimli,0.33.0,read::value::tests::value_sub,full,success,0.14291297066666667,,,,
x86_64-unknown-linux-gnu,gimli,0.33.0,read::value::tests::value_xor,full,success,0.13870293700000003,,,,
x86_64-unknown-linux-gnu,gimli,0.33.0,read::value::tests::valuetype_from_encoding,full,success,0.15445838366666667,,,,
x86_64-unknown-linux-gnu,gimli,0.33.0,write::abbrev::tests::test_abbreviation_table,full,success,0.146557509,,,,
x86_64-unknown-linux-gnu,gimli,0.33.0,write::cfi::tests::test_frame_instruction,full,success,1.9781333693333334,,,,
x86_64-unknown-linux-gnu,gimli,0.33.0,write::cfi::tests::test_frame_table,full,success,1.8230328453333335,,,,
x86_64-unknown-linux-gnu,gimli,0.33.0,write::endian_vec::tests::test_endian_vec,full,success,0.14118153733333336,,,,
x86_64-unknown-linux-gnu,gimli,0.33.0,write::line::tests::test_file_source,full,success,1.1651453583333333,,,,
x86_64-unknown-linux-gnu,gimli,0.33.0,write::line::tests::test_line_instruction,full,success,7.723233048666667,,,,
x86_64-unknown-linux-gnu,gimli,0.33.0,write::line::tests::test_line_program,full,success,3.1744556690000003,,,,
x86_64-unknown-linux-gnu,gimli,0.33.0,write::line::tests::test_line_row,full,success,19.704552759666665,,,,
x86_64-unknown-linux-gnu,gimli,0.33.0,write::line::tests::test_line_sequence,full,success,2.798263354000001,,,,
x86_64-unknown-linux-gnu,gimli,0.33.0,write::line::tests::test_line_string,full,success,0.5997291260000001,,,,
x86_64-unknown-linux-gnu,gimli,0.33.0,write::line::tests::test_missing_comp_dir,full,success,0.9422639173333334,,,,
x86_64-unknown-linux-gnu,gimli,0.33.0,write::line::tests::test_separate_working_dir,full,success,1.3238399596666666,,,,
x86_64-unknown-linux-gnu,gimli,0.33.0,write::loc::tests::test_loc_list,full,success,0.5498788413333333,,,,
x86_64-unknown-linux-gnu,gimli,0.33.0,write::op::tests::test_expression_as_raw,full,success,0.13309251766666666,,,,
x86_64-unknown-linux-gnu,gimli,0.33.0,write::op::tests::test_expression_raw,full,success,0.49165118366666666,,,,
x86_64-unknown-linux-gnu,gimli,0.33.0,write::op::tests::test_forward_ref,full,success,0.14490342833333333,,,,
x86_64-unknown-linux-gnu,gimli,0.33.0,write::op::tests::test_missing_debuginfo_ref,full,success,0.15466486566666668,,,,
x86_64-unknown-linux-gnu,gimli,0.33.0,write::op::tests::test_missing_unit_ref,full,success,0.148048797,,,,
x86_64-unknown-linux-gnu,gimli,0.33.0,write::op::tests::test_operation,full,success,6.832992335666667,,,,
x86_64-unknown-linux-gnu,gimli,0.33.0,write::range::tests::test_range,full,success,0.32285943133333334,,,,
x86_64-unknown-linux-gnu,gimli,0.33.0,write::relocate::tests::test_relocate_writer,full,success,0.1396454996666667,,,,
x86_64-unknown-linux-gnu,gimli,0.33.0,write::str::tests::test_string_table,full,success,0.143246074,,,,
x86_64-unknown-linux-gnu,gimli,0.33.0,write::unit::tests::test_attribute_value,full,success,18.195662963666667,,,,
x86_64-unknown-linux-gnu,gimli,0.33.0,write::unit::tests::test_delete_child,full,success,0.170910303,,,,
x86_64-unknown-linux-gnu,gimli,0.33.0,write::unit::tests::test_line_program_used,full,success,0.16961984733333335,,,,
x86_64-unknown-linux-gnu,gimli,0.33.0,write::unit::tests::test_line_ref,full,success,1.819304564,,,,
x86_64-unknown-linux-gnu,gimli,0.33.0,write::unit::tests::test_missing_debuginfo_ref,full,success,0.15427289433333335,,,,
x86_64-unknown-linux-gnu,gimli,0.33.0,write::unit::tests::test_missing_unit_ref,full,success,0.15153149600000002,,,,
x86_64-unknown-linux-gnu,gimli,0.33.0,write::unit::tests::test_sibling,full,success,0.24704077100000002,,,,
x86_64-unknown-linux-gnu,gimli,0.33.0,write::unit::tests::test_unit_ref,full,success,0.23777769833333337,,,,
x86_64-unknown-linux-gnu,gimli,0.33.0,write::unit::tests::test_unit_table,full,success,0.236153973,,,,
x86_64-unknown-linux-gnu,gimli,0.33.0,write::writer::tests::test_writer,full,success,0.137152979,,,,
x86_64-unknown-linux-gnu,half,2.7.1,bfloat::test::formatting,full,success,0.14914619366666668,,,,
x86_64-unknown-linux-gnu,half,2.7.1,bfloat::test::qc_roundtrip_bf16_f32_is_identity,full,success,0.245210343,,,,
x86_64-unknown-linux-gnu,half,2.7.1,bfloat::test::qc_roundtrip_bf16_f64_is_identity,full,success,0.25686116966666667,,,,
x86_64-unknown-linux-gnu,half,2.7.1,bfloat::test::test_bf16_consts_from_f32,full,success,0.12431768366666668,,,,
x86_64-unknown-linux-gnu,half,2.7.1,bfloat::test::test_bf16_consts_from_f64,full,success,0.12878177566666668,,,,
x86_64-unknown-linux-gnu,half,2.7.1,bfloat::test::test_bf16_to_f32,full,success,0.12463034833333335,,,,
x86_64-unknown-linux-gnu,half,2.7.1,bfloat::test::test_comparisons,full,success,0.12495739333333335,,,,
x86_64-unknown-linux-gnu,half,2.7.1,bfloat::test::test_max,full,success,0.12546529566666667,,,,
x86_64-unknown-linux-gnu,half,2.7.1,bfloat::test::test_min,full,success,0.12896229466666667,,,,
x86_64-unknown-linux-gnu,half,2.7.1,bfloat::test::test_nan_conversion_to_larger,full,success,0.13674144166666669,,,,
x86_64-unknown-linux-gnu,half,2.7.1,bfloat::test::test_nan_conversion_to_smaller,full,success,0.12689768033333335,,,,
x86_64-unknown-linux-gnu,half,2.7.1,binary16::test::arithmetic,full,success,0.12313491766666668,,,,
x86_64-unknown-linux-gnu,half,2.7.1,binary16::test::formatting,full,success,0.15683450033333335,,,,
x86_64-unknown-linux-gnu,half,2.7.1,binary16::test::qc_roundtrip_f16_f32_is_identity,full,success,0.24902341566666666,,,,
x86_64-unknown-linux-gnu,half,2.7.1,binary16::test::qc_roundtrip_f16_f64_is_identity,full,success,0.2340420126666667,,,,
x86_64-unknown-linux-gnu,half,2.7.1,binary16::test::test_comparisons,full,success,0.13171616900000002,,,,
x86_64-unknown-linux-gnu,half,2.7.1,binary16::test::test_f16_consts_from_f32,full,success,0.12915740733333334,,,,
x86_64-unknown-linux-gnu,half,2.7.1,binary16::test::test_f16_consts_from_f64,full,success,0.13117083066666668,,,,
x86_64-unknown-linux-gnu,half,2.7.1,binary16::test::test_max,full,success,0.12803467100000002,,,,
x86_64-unknown-linux-gnu,half,2.7.1,binary16::test::test_min,full,success,0.126030461,,,,
x86_64-unknown-linux-gnu,half,2.7.1,binary16::test::test_nan_conversion_to_larger,full,success,0.12460013766666667,,,,
x86_64-unknown-linux-gnu,half,2.7.1,binary16::test::test_nan_conversion_to_smaller,full,success,0.125234222,,,,
x86_64-unknown-linux-gnu,half,2.7.1,leading_zeros::test::leading_zeros_u16_fallback,full,success,0.13085341166666667,,,,
x86_64-unknown-linux-gnu,half,2.7.1,slice::test::convert_from_f32_slice_len_mismatch_panics,full,success,0.125746663,,,,
x86_64-unknown-linux-gnu,half,2.7.1,slice::test::convert_from_f64_slice_len_mismatch_panics,full,success,0.129735905,,,,
x86_64-unknown-linux-gnu,half,2.7.1,slice::test::convert_to_f32_slice_len_mismatch_panics,full,success,0.130634269,,,,
x86_64-unknown-linux-gnu,half,2.7.1,slice::test::convert_to_f64_slice_len_mismatch_panics,full,success,0.12370749133333335,,,,
x86_64-unknown-linux-gnu,half,2.7.1,slice::test::slice_convert_bf16_f32,full,success,0.12663000666666666,,,,
x86_64-unknown-linux-gnu,half,2.7.1,slice::test::slice_convert_bf16_f64,full,success,0.14238133533333333,,,,
x86_64-unknown-linux-gnu,half,2.7.1,slice::test::slice_convert_f16_f32,full,success,0.13278006366666667,,,,
x86_64-unknown-linux-gnu,half,2.7.1,slice::test::slice_convert_f16_f64,full,success,0.13105349533333335,,,,
x86_64-unknown-linux-gnu,half,2.7.1,slice::test::test_mutablility_bf16,full,success,0.13102272033333331,,,,
x86_64-unknown-linux-gnu,half,2.7.1,slice::test::test_mutablility_f16,full,success,0.12688814633333334,,,,
x86_64-unknown-linux-gnu,half,2.7.1,slice::test::test_slice_conversions_bf16,full,success,0.132508664,,,,
x86_64-unknown-linux-gnu,half,2.7.1,slice::test::test_slice_conversions_f16,full,success,0.12394656633333334,,,,
x86_64-unknown-linux-gnu,half,2.7.1,vec::test::test_vec_conversions_bf16,full,success,0.13396485466666666,,,,
x86_64-unknown-linux-gnu,half,2.7.1,vec::test::test_vec_conversions_f16,full,success,0.13604568333333336,,,,
x86_64-unknown-linux-gnu,hashbrown,0.17.0,map::test_map::test_allocation_info,full,success,0.13126400633333335,,,,
x86_64-unknown-linux-gnu,hashbrown,0.17.0,map::test_map::test_behavior_resize_policy,full,success,0.147805954,,,,
x86_64-unknown-linux-gnu,hashbrown,0.17.0,map::test_map::test_capacity_not_less_than_len,full,success,0.42809352300000003,,,,
x86_64-unknown-linux-gnu,hashbrown,0.17.0,map::test_map::test_catch_panic_clone_from_when_len_is_equal,full,success,0.17321314866666668,,,,
x86_64-unknown-linux-gnu,hashbrown,0.17.0,map::test_map::test_catch_panic_clone_from_when_len_is_not_equal,full,success,0.15515212633333333,,,,
x86_64-unknown-linux-gnu,hashbrown,0.17.0,map::test_map::test_clone,full,success,0.14149963899999998,,,,
x86_64-unknown-linux-gnu,hashbrown,0.17.0,map::test_map::test_clone_from,full,success,0.133995564,,,,
x86_64-unknown-linux-gnu,hashbrown,0.17.0,map::test_map::test_clone_from_double_drop,full,success,0.14014999233333333,,,,
x86_64-unknown-linux-gnu,hashbrown,0.17.0,map::test_map::test_clone_from_memory_leaks,full,success,0.13698247466666666,,,,
x86_64-unknown-linux-gnu,hashbrown,0.17.0,map::test_map::test_clone_memory_leaks_and_double_drop_one,full,success,0.15818952600000002,,,,
x86_64-unknown-linux-gnu,hashbrown,0.17.0,map::test_map::test_clone_memory_leaks_and_double_drop_two,full,success,0.15608302333333335,,,,
x86_64-unknown-linux-gnu,hashbrown,0.17.0,map::test_map::test_conflict_remove,full,success,0.14236938166666668,,,,
x86_64-unknown-linux-gnu,hashbrown,0.17.0,map::test_map::test_const_with_hasher,full,success,0.1390506326666667,,,,
x86_64-unknown-linux-gnu,hashbrown,0.17.0,map::test_map::test_create_capacity_zero,full,success,0.13485307533333335,,,,
x86_64-unknown-linux-gnu,hashbrown,0.17.0,map::test_map::test_drops,full,success,0.3842744533333334,,,,
x86_64-unknown-linux-gnu,hashbrown,0.17.0,map::test_map::test_empty_entry,full,success,0.13811942366666666,,,,
x86_64-unknown-linux-gnu,hashbrown,0.17.0,map::test_map::test_empty_entry_ref,full,success,0.13723151233333333,,,,
x86_64-unknown-linux-gnu,hashbrown,0.17.0,map::test_map::test_empty_iter,full,success,0.137180875,,,,
x86_64-unknown-linux-gnu,hashbrown,0.17.0,map::test_map::test_empty_remove,full,success,0.13353920133333333,,,,
x86_64-unknown-linux-gnu,hashbrown,0.17.0,map::test_map::test_entry,full,success,0.13892058333333335,,,,
x86_64-unknown-linux-gnu,hashbrown,0.17.0,map::test_map::test_entry_and_replace_entry_with,full,success,0.140810464,,,,
x86_64-unknown-linux-gnu,hashbrown,0.17.0,map::test_map::test_entry_ref,full,success,0.1481754536666667,,,,
x86_64-unknown-linux-gnu,hashbrown,0.17.0,map::test_map::test_entry_ref_take_doesnt_corrupt,full,success,1.6360705553333332,,,,
x86_64-unknown-linux-gnu,hashbrown,0.17.0,map::test_map::test_entry_take_doesnt_corrupt,full,success,0.7937881466666666,,,,
x86_64-unknown-linux-gnu,hashbrown,0.17.0,map::test_map::test_eq,full,success,0.13656878033333333,,,,
x86_64-unknown-linux-gnu,hashbrown,0.17.0,map::test_map::test_expand,full,success,0.13411889066666668,,,,
x86_64-unknown-linux-gnu,hashbrown,0.17.0,map::test_map::test_extend_ref_k_ref_v,full,success,0.136210889,,,,
x86_64-unknown-linux-gnu,hashbrown,0.17.0,map::test_map::test_extend_ref_kv_tuple,full,success,0.9719081023333334,,,,
x86_64-unknown-linux-gnu,hashbrown,0.17.0,map::test_map::test_extract_if,full,success,0.1403570656666667,,,,
x86_64-unknown-linux-gnu,hashbrown,0.17.0,map::test_map::test_find,full,success,0.13341243733333333,,,,
x86_64-unknown-linux-gnu,hashbrown,0.17.0,map::test_map::test_find_mut,full,success,0.13644639833333336,,,,
x86_64-unknown-linux-gnu,hashbrown,0.17.0,map::test_map::test_from_iter,full,success,0.14027572833333335,,,,
x86_64-unknown-linux-gnu,hashbrown,0.17.0,map::test_map::test_get_disjoint_mut,full,success,0.15490393400000002,,,,
x86_64-unknown-linux-gnu,hashbrown,0.17.0,map::test_map::test_get_disjoint_mut_duplicate,full,success,0.14230526566666668,,,,
x86_64-unknown-linux-gnu,hashbrown,0.17.0,map::test_map::test_hashmap_into_iter_bug,full,success,0.14909679933333334,,,,
x86_64-unknown-linux-gnu,hashbrown,0.17.0,map::test_map::test_index,full,success,0.13454618466666668,,,,
x86_64-unknown-linux-gnu,hashbrown,0.17.0,map::test_map::test_index_nonexistent,full,success,0.13907966166666666,,,,
x86_64-unknown-linux-gnu,hashbrown,0.17.0,map::test_map::test_insert,full,success,0.13605114266666668,,,,
x86_64-unknown-linux-gnu,hashbrown,0.17.0,map::test_map::test_insert_conflicts,full,success,0.13514157733333332,,,,
x86_64-unknown-linux-gnu,hashbrown,0.17.0,map::test_map::test_insert_overwrite,full,success,0.13489833400000004,,,,
x86_64-unknown-linux-gnu,hashbrown,0.17.0,map::test_map::test_insert_unique_unchecked,full,success,0.13324644966666668,,,,
x86_64-unknown-linux-gnu,hashbrown,0.17.0,map::test_map::test_into_iter_drops,full,success,0.4550742793333334,,,,
x86_64-unknown-linux-gnu,hashbrown,0.17.0,map::test_map::test_into_keys,full,success,0.14220633233333335,,,,
x86_64-unknown-linux-gnu,hashbrown,0.17.0,map::test_map::test_into_values,full,success,0.13689122866666667,,,,
x86_64-unknown-linux-gnu,hashbrown,0.17.0,map::test_map::test_is_empty,full,success,0.13668553966666666,,,,
x86_64-unknown-linux-gnu,hashbrown,0.17.0,map::test_map::test_iter_len,full,success,0.14060214433333332,,,,
x86_64-unknown-linux-gnu,hashbrown,0.17.0,map::test_map::test_iter_mut_len,full,success,0.13681452966666668,,,,
x86_64-unknown-linux-gnu,hashbrown,0.17.0,map::test_map::test_iterate,full,success,0.17724865700000003,,,,
x86_64-unknown-linux-gnu,hashbrown,0.17.0,map::test_map::test_keys,full,success,0.14021419833333335,,,,
x86_64-unknown-linux-gnu,hashbrown,0.17.0,map::test_map::test_mut_size_hint,full,success,0.137305486,,,,
x86_64-unknown-linux-gnu,hashbrown,0.17.0,map::test_map::test_occupied_entry_key,full,success,0.13651658366666666,,,,
x86_64-unknown-linux-gnu,hashbrown,0.17.0,map::test_map::test_occupied_entry_ref_key,full,success,0.13437315933333335,,,,
x86_64-unknown-linux-gnu,hashbrown,0.17.0,map::test_map::test_occupied_entry_replace_entry_with,full,success,0.13551979166666667,,,,
x86_64-unknown-linux-gnu,hashbrown,0.17.0,map::test_map::test_remove,full,success,0.136894694,,,,
x86_64-unknown-linux-gnu,hashbrown,0.17.0,map::test_map::test_remove_entry,full,success,0.1416588626666667,,,,
x86_64-unknown-linux-gnu,hashbrown,0.17.0,map::test_map::test_replace_entry_with_doesnt_corrupt,full,success,0.9593682920000001,,,,
x86_64-unknown-linux-gnu,hashbrown,0.17.0,map::test_map::test_reserve_shrink_to_fit,full,success,0.7635487943333334,,,,
x86_64-unknown-linux-gnu,hashbrown,0.17.0,map::test_map::test_retain,full,success,0.196395528,,,,
x86_64-unknown-linux-gnu,hashbrown,0.17.0,map::test_map::test_show,full,success,0.14412938233333336,,,,
x86_64-unknown-linux-gnu,hashbrown,0.17.0,map::test_map::test_size_hint,full,success,0.13393729266666668,,,,
x86_64-unknown-linux-gnu,hashbrown,0.17.0,map::test_map::test_vacant_entry_key,full,success,0.139662907,,,,
x86_64-unknown-linux-gnu,hashbrown,0.17.0,map::test_map::test_vacant_entry_ref_key,full,success,0.14647961933333334,,,,
x86_64-unknown-linux-gnu,hashbrown,0.17.0,map::test_map::test_values,full,success,0.13689241900000002,,,,
x86_64-unknown-linux-gnu,hashbrown,0.17.0,map::test_map::test_values_mut,full,success,0.13504743900000002,,,,
x86_64-unknown-linux-gnu,hashbrown,0.17.0,map::test_map::test_zero_capacities,full,success,0.13865579566666666,,,,
x86_64-unknown-linux-gnu,hashbrown,0.17.0,map::test_map_with_mmap_allocations::test_tiny_allocation_gets_rounded_to_page_size,full,success,0.31957475100000005,,,,
x86_64-unknown-linux-gnu,hashbrown,0.17.0,raw::test_map::rehash,full,success,0.672881791,,,,
x86_64-unknown-linux-gnu,hashbrown,0.17.0,raw::test_map::test_catch_panic_clone_from,full,success,0.15566680666666666,,,,
x86_64-unknown-linux-gnu,hashbrown,0.17.0,raw::test_map::test_drop_uninitialized,full,success,0.13601674866666666,,,,
x86_64-unknown-linux-gnu,hashbrown,0.17.0,raw::test_map::test_drop_zero_items,full,success,0.13530320933333337,,,,
x86_64-unknown-linux-gnu,hashbrown,0.17.0,raw::test_map::test_minimum_capacity_for_small_types,full,success,0.13487654033333332,,,,
x86_64-unknown-linux-gnu,hashbrown,0.17.0,raw::test_map::test_prev_pow2,full,success,0.13279427466666668,,,,
x86_64-unknown-linux-gnu,hashbrown,0.17.0,raw_entry::test_map::test_key_without_hash_impl,full,success,0.14036836233333336,,,,
x86_64-unknown-linux-gnu,hashbrown,0.17.0,raw_entry::test_map::test_raw_entry,full,success,0.16215353899999999,,,,
x86_64-unknown-linux-gnu,hashbrown,0.17.0,raw_entry::test_map::test_raw_entry_and_replace_entry_with,full,success,0.141139127,,,,
x86_64-unknown-linux-gnu,hashbrown,0.17.0,raw_entry::test_map::test_raw_occupied_entry_replace_entry_with,full,success,0.133993247,,,,
x86_64-unknown-linux-gnu,hashbrown,0.17.0,set::test_set::collect,full,success,0.1346781676666667,,,,
x86_64-unknown-linux-gnu,hashbrown,0.17.0,set::test_set::duplicate_insert,full,success,0.13798586566666668,,,,
x86_64-unknown-linux-gnu,hashbrown,0.17.0,set::test_set::rehash_in_place,full,success,1.744980036,,,,
x86_64-unknown-linux-gnu,hashbrown,0.17.0,set::test_set::some_invalid_equivalent,full,success,0.139735247,,,,
x86_64-unknown-linux-gnu,hashbrown,0.17.0,set::test_set::test_allocation_info,full,success,0.140403576,,,,
x86_64-unknown-linux-gnu,hashbrown,0.17.0,set::test_set::test_const_with_hasher,full,success,0.1341410846666667,,,,
x86_64-unknown-linux-gnu,hashbrown,0.17.0,set::test_set::test_difference,full,success,0.14031819633333334,,,,
x86_64-unknown-linux-gnu,hashbrown,0.17.0,set::test_set::test_disjoint,full,success,0.147121091,,,,
x86_64-unknown-linux-gnu,hashbrown,0.17.0,set::test_set::test_drain,full,success,1.2042421873333333,,,,
x86_64-unknown-linux-gnu,hashbrown,0.17.0,set::test_set::test_eq,full,success,0.13776876266666668,,,,
x86_64-unknown-linux-gnu,hashbrown,0.17.0,set::test_set::test_extend_ref,full,success,0.14318282833333337,,,,
x86_64-unknown-linux-gnu,hashbrown,0.17.0,set::test_set::test_extract_if,full,success,0.14146373533333334,,,,
x86_64-unknown-linux-gnu,hashbrown,0.17.0,set::test_set::test_from_iter,full,success,0.14535827066666668,,,,
x86_64-unknown-linux-gnu,hashbrown,0.17.0,set::test_set::test_from_map,full,success,0.1374157606666667,,,,
x86_64-unknown-linux-gnu,hashbrown,0.17.0,set::test_set::test_intersection,full,success,0.145318044,,,,
x86_64-unknown-linux-gnu,hashbrown,0.17.0,set::test_set::test_iterate,full,success,0.17133013133333333,,,,
x86_64-unknown-linux-gnu,hashbrown,0.17.0,set::test_set::test_move_iter,full,success,0.135330706,,,,
x86_64-unknown-linux-gnu,hashbrown,0.17.0,set::test_set::test_replace,full,success,0.134215406,,,,
x86_64-unknown-linux-gnu,hashbrown,0.17.0,set::test_set::test_retain,full,success,0.14202114266666668,,,,
x86_64-unknown-linux-gnu,hashbrown,0.17.0,set::test_set::test_show,full,success,0.13187322533333334,,,,
x86_64-unknown-linux-gnu,hashbrown,0.17.0,set::test_set::test_sub_assign,full,success,0.13694578599999999,,,,
x86_64-unknown-linux-gnu,hashbrown,0.17.0,set::test_set::test_subset_and_superset,full,success,0.144813405,,,,
x86_64-unknown-linux-gnu,hashbrown,0.17.0,set::test_set::test_symmetric_difference,full,success,0.1551469036666667,,,,
x86_64-unknown-linux-gnu,hashbrown,0.17.0,set::test_set::test_trivial_drain,full,success,0.13471420133333337,,,,
x86_64-unknown-linux-gnu,hashbrown,0.17.0,set::test_set::test_union,full,success,0.15322042400000002,,,,
x86_64-unknown-linux-gnu,hashbrown,0.17.0,set::test_set::test_zero_capacities,full,success,0.13210559333333335,,,,
x86_64-unknown-linux-gnu,hashbrown,0.17.0,table::tests::test_allocation_info,full,success,0.13466118566666666,,,,
x86_64-unknown-linux-gnu,hostname,0.4.2,nix::tests::test_empty_buffer,full,success,0.08073492266666667,,,,
x86_64-unknown-linux-gnu,hostname,0.4.2,nix::tests::test_filled_with_null_buffer,full,success,0.084058108,,,,
x86_64-unknown-linux-gnu,hostname,0.4.2,nix::tests::test_non_overflowed_buffer,full,success,0.07924246533333333,,,,
x86_64-unknown-linux-gnu,hostname,0.4.2,nix::tests::test_overflowed_buffer,full,success,0.08452789100000002,,,,
x86_64-unknown-linux-gnu,httparse,1.10.1,simd::swar::test_is_header_value_block,full,success,0.12414931533333334,,,,
x86_64-unknown-linux-gnu,httparse,1.10.1,simd::swar::test_is_uri_block,full,success,0.12380122833333335,,,,
x86_64-unknown-linux-gnu,httparse,1.10.1,simd::swar::test_offsetnz,full,success,0.12153373033333333,,,,
x86_64-unknown-linux-gnu,httparse,1.10.1,tests::partial_permutations,full,success,0.13082600766666666,,,,
x86_64-unknown-linux-gnu,httparse,1.10.1,tests::test_allow_request_with_multiple_space_delimiters,full,success,0.12291718400000001,,,,
x86_64-unknown-linux-gnu,httparse,1.10.1,tests::test_allow_response_response_with_space_before_first_header,full,success,0.11798445866666668,,,,
x86_64-unknown-linux-gnu,httparse,1.10.1,tests::test_allow_response_with_multiple_space_delimiters,full,success,0.126851904,,,,
x86_64-unknown-linux-gnu,httparse,1.10.1,tests::test_allow_response_with_obsolete_line_folding_at_end,full,success,0.11699973433333334,,,,
x86_64-unknown-linux-gnu,httparse,1.10.1,tests::test_allow_response_with_obsolete_line_folding_at_start,full,success,0.12275239333333333,,,,
x86_64-unknown-linux-gnu,httparse,1.10.1,tests::test_allow_response_with_obsolete_line_folding_in_empty_header,full,success,0.13506640066666667,,,,
x86_64-unknown-linux-gnu,httparse,1.10.1,tests::test_allow_response_with_obsolete_line_folding_in_middle,full,success,0.12630892533333335,,,,
x86_64-unknown-linux-gnu,httparse,1.10.1,tests::test_allow_response_with_whitespace_between_header_name_and_colon,full,success,0.12392902700000002,,,,
x86_64-unknown-linux-gnu,httparse,1.10.1,tests::test_bad_utf8_in_path,full,success,0.11892341566666668,,,,
x86_64-unknown-linux-gnu,httparse,1.10.1,tests::test_chunk_size,full,success,0.11816626633333334,,,,
x86_64-unknown-linux-gnu,httparse,1.10.1,tests::test_forbid_request_with_multiple_space_delimiters,full,success,0.123759994,,,,
x86_64-unknown-linux-gnu,httparse,1.10.1,tests::test_forbid_request_with_weird_whitespace_delimiters,full,success,0.11686052633333334,,,,
x86_64-unknown-linux-gnu,httparse,1.10.1,tests::test_forbid_request_with_whitespace_between_header_name_and_colon,full,success,0.11550749366666668,,,,
x86_64-unknown-linux-gnu,httparse,1.10.1,tests::test_forbid_response_with_multiple_space_delimiters,full,success,0.118960069,,,,
x86_64-unknown-linux-gnu,httparse,1.10.1,tests::test_forbid_response_with_obsolete_line_folding_at_end,full,success,0.12659754533333334,,,,
x86_64-unknown-linux-gnu,httparse,1.10.1,tests::test_forbid_response_with_obsolete_line_folding_at_start,full,success,0.12104427133333334,,,,
x86_64-unknown-linux-gnu,httparse,1.10.1,tests::test_forbid_response_with_obsolete_line_folding_in_empty_header,full,success,0.12465034466666668,,,,
x86_64-unknown-linux-gnu,httparse,1.10.1,tests::test_forbid_response_with_obsolete_line_folding_in_middle,full,success,0.11795754433333334,,,,
x86_64-unknown-linux-gnu,httparse,1.10.1,tests::test_forbid_response_with_space_before_first_header,full,success,0.12089501733333334,,,,
x86_64-unknown-linux-gnu,httparse,1.10.1,tests::test_forbid_response_with_weird_whitespace_delimiters,full,success,0.12214065066666668,,,,
x86_64-unknown-linux-gnu,httparse,1.10.1,tests::test_forbid_response_with_whitespace_between_header_name_and_colon,full,success,0.12081153566666669,,,,
x86_64-unknown-linux-gnu,httparse,1.10.1,tests::test_header_with_cr_in_header_name,full,success,0.13154187033333334,,,,
x86_64-unknown-linux-gnu,httparse,1.10.1,tests::test_header_with_invalid_char_in_value,full,success,0.13969255466666666,,,,
x86_64-unknown-linux-gnu,httparse,1.10.1,tests::test_header_with_invalid_char_in_value_with_folding,full,success,0.12823501833333334,,,,
x86_64-unknown-linux-gnu,httparse,1.10.1,tests::test_header_with_nul_in_value,full,success,0.13077730433333332,,,,
x86_64-unknown-linux-gnu,httparse,1.10.1,tests::test_header_with_nul_in_whitespace_before_colon,full,success,0.12342247966666668,,,,
x86_64-unknown-linux-gnu,httparse,1.10.1,tests::test_ignore_header_line_with_missing_colon_in_request,full,success,0.12271480133333333,,,,
x86_64-unknown-linux-gnu,httparse,1.10.1,tests::test_ignore_header_line_with_missing_colon_in_response,full,success,0.124457271,,,,
x86_64-unknown-linux-gnu,httparse,1.10.1,tests::test_ignore_header_line_with_whitespaces_after_header_name_in_request,full,success,0.12129458633333334,,,,
x86_64-unknown-linux-gnu,httparse,1.10.1,tests::test_ignore_header_line_with_whitespaces_after_header_name_in_response,full,success,0.12131851833333335,,,,
x86_64-unknown-linux-gnu,httparse,1.10.1,tests::test_method_within_buffer,full,success,0.123406212,,,,
x86_64-unknown-linux-gnu,httparse,1.10.1,tests::test_no_space_after_colon,full,success,0.12339077533333336,,,,
x86_64-unknown-linux-gnu,httparse,1.10.1,tests::test_request_empty_lines_prefix,full,success,0.11728706033333335,,,,
x86_64-unknown-linux-gnu,httparse,1.10.1,tests::test_request_empty_lines_prefix_lf_only,full,success,0.11682664066666666,,,,
x86_64-unknown-linux-gnu,httparse,1.10.1,tests::test_request_header_no_space_after_colon,full,success,0.11690329666666667,,,,
x86_64-unknown-linux-gnu,httparse,1.10.1,tests::test_request_header_value_htab_long,full,success,0.11816553366666667,,,,
x86_64-unknown-linux-gnu,httparse,1.10.1,tests::test_request_header_value_htab_med,full,success,0.12212432866666667,,,,
x86_64-unknown-linux-gnu,httparse,1.10.1,tests::test_request_header_value_htab_short,full,success,0.12574126166666666,,,,
x86_64-unknown-linux-gnu,httparse,1.10.1,tests::test_request_header_with_missing_colon_with_folding,full,success,0.12104601300000001,,,,
x86_64-unknown-linux-gnu,httparse,1.10.1,tests::test_request_header_with_nul_in_header_name,full,success,0.12251893400000001,,,,
x86_64-unknown-linux-gnu,httparse,1.10.1,tests::test_request_headers,full,success,0.12013908366666666,,,,
x86_64-unknown-linux-gnu,httparse,1.10.1,tests::test_request_headers_max,full,success,0.11820210933333335,,,,
x86_64-unknown-linux-gnu,httparse,1.10.1,tests::test_request_headers_optional_whitespace,full,success,0.12377239833333332,,,,
x86_64-unknown-linux-gnu,httparse,1.10.1,tests::test_request_method_no_delimiter,full,success,0.11528337166666669,,,,
x86_64-unknown-linux-gnu,httparse,1.10.1,tests::test_request_method_only,full,success,0.117328959,,,,
x86_64-unknown-linux-gnu,httparse,1.10.1,tests::test_request_method_path_no_delimiter,full,success,0.11897670933333333,,,,
x86_64-unknown-linux-gnu,httparse,1.10.1,tests::test_request_method_path_only,full,success,0.12098177766666666,,,,
x86_64-unknown-linux-gnu,httparse,1.10.1,tests::test_request_multibyte,full,success,0.11877303466666668,,,,
x86_64-unknown-linux-gnu,httparse,1.10.1,tests::test_request_newlines,full,success,0.11873396666666668,,,,
x86_64-unknown-linux-gnu,httparse,1.10.1,tests::test_request_one_byte_method,full,success,0.11619367133333335,,,,
x86_64-unknown-linux-gnu,httparse,1.10.1,tests::test_request_partial,full,success,0.11868867033333334,,,,
x86_64-unknown-linux-gnu,httparse,1.10.1,tests::test_request_partial_method,full,success,0.11844875466666667,,,,
x86_64-unknown-linux-gnu,httparse,1.10.1,tests::test_request_partial_parses_headers_as_much_as_it_can,full,success,0.11808689133333333,,,,
x86_64-unknown-linux-gnu,httparse,1.10.1,tests::test_request_partial_version,full,success,0.11536080933333336,,,,
x86_64-unknown-linux-gnu,httparse,1.10.1,tests::test_request_path_backslash,full,success,0.11740289033333334,,,,
x86_64-unknown-linux-gnu,httparse,1.10.1,tests::test_request_simple,full,success,0.11581673066666666,,,,
x86_64-unknown-linux-gnu,httparse,1.10.1,tests::test_request_simple_with_query_params,full,success,0.12716928966666666,,,,
x86_64-unknown-linux-gnu,httparse,1.10.1,tests::test_request_simple_with_whatwg_query_params,full,success,0.11840587666666669,,,,
x86_64-unknown-linux-gnu,httparse,1.10.1,tests::test_request_with_del_in_path,full,success,0.117549813,,,,
x86_64-unknown-linux-gnu,httparse,1.10.1,tests::test_request_with_empty_header_name,full,success,0.11698565633333334,,,,
x86_64-unknown-linux-gnu,httparse,1.10.1,tests::test_request_with_empty_method,full,success,0.11660200466666666,,,,
x86_64-unknown-linux-gnu,httparse,1.10.1,tests::test_request_with_empty_method_and_path,full,success,0.11719151900000002,,,,
x86_64-unknown-linux-gnu,httparse,1.10.1,tests::test_request_with_empty_path,full,success,0.11848849866666668,,,,
x86_64-unknown-linux-gnu,httparse,1.10.1,tests::test_request_with_invalid_but_short_version,full,success,0.12075707533333335,,,,
x86_64-unknown-linux-gnu,httparse,1.10.1,tests::test_request_with_invalid_char_between_header_name_and_colon,full,success,0.12433966066666668,,,,
x86_64-unknown-linux-gnu,httparse,1.10.1,tests::test_request_with_invalid_method,full,success,0.11615245433333334,,,,
x86_64-unknown-linux-gnu,httparse,1.10.1,tests::test_request_with_invalid_token_delimiter,full,success,0.12169050400000002,,,,
x86_64-unknown-linux-gnu,httparse,1.10.1,tests::test_request_with_leading_space,full,success,0.1183318,,,,
x86_64-unknown-linux-gnu,httparse,1.10.1,tests::test_request_with_multiple_spaces_and_bad_path,full,success,0.116154888,,,,
x86_64-unknown-linux-gnu,httparse,1.10.1,tests::test_request_with_whitespace_between_header_name_and_colon,full,success,0.12130337533333335,,,,
x86_64-unknown-linux-gnu,httparse,1.10.1,tests::test_response_code_missing_space,full,success,0.11906464533333334,,,,
x86_64-unknown-linux-gnu,httparse,1.10.1,tests::test_response_empty_lines_prefix_lf_only,full,success,0.11932278033333334,,,,
x86_64-unknown-linux-gnu,httparse,1.10.1,tests::test_response_header_with_missing_colon_with_folding,full,success,0.12320252100000001,,,,
x86_64-unknown-linux-gnu,httparse,1.10.1,tests::test_response_header_with_nul_in_header_name,full,success,0.11831291533333334,,,,
x86_64-unknown-linux-gnu,httparse,1.10.1,tests::test_response_newlines,full,success,0.126211457,,,,
x86_64-unknown-linux-gnu,httparse,1.10.1,tests::test_response_no_cr,full,success,0.12336637033333335,,,,
x86_64-unknown-linux-gnu,httparse,1.10.1,tests::test_response_partial_parses_headers_as_much_as_it_can,full,success,0.11746434066666667,,,,
x86_64-unknown-linux-gnu,httparse,1.10.1,tests::test_response_reason_missing,full,success,0.12523586766666667,,,,
x86_64-unknown-linux-gnu,httparse,1.10.1,tests::test_response_reason_missing_no_space,full,success,0.12506946800000002,,,,
x86_64-unknown-linux-gnu,httparse,1.10.1,tests::test_response_reason_missing_no_space_with_headers,full,success,0.11747906200000001,,,,
x86_64-unknown-linux-gnu,httparse,1.10.1,tests::test_response_reason_with_nul_byte,full,success,0.12120083166666668,,,,
x86_64-unknown-linux-gnu,httparse,1.10.1,tests::test_response_reason_with_obsolete_text_byte,full,success,0.11797072966666668,,,,
x86_64-unknown-linux-gnu,httparse,1.10.1,tests::test_response_reason_with_space_and_tab,full,success,0.11796143200000002,,,,
x86_64-unknown-linux-gnu,httparse,1.10.1,tests::test_response_simple,full,success,0.11652823966666666,,,,
x86_64-unknown-linux-gnu,httparse,1.10.1,tests::test_response_version_missing_space,full,success,0.12553379566666667,,,,
x86_64-unknown-linux-gnu,httparse,1.10.1,tests::test_response_with_empty_header_name,full,success,0.11955731800000001,,,,
x86_64-unknown-linux-gnu,httparse,1.10.1,tests::test_response_with_invalid_char_between_header_name_and_colon,full,success,0.12053788266666667,,,,
x86_64-unknown-linux-gnu,httparse,1.10.1,tests::test_response_with_spaces_in_code,full,success,0.11611775633333334,,,,
x86_64-unknown-linux-gnu,httparse,1.10.1,tests::test_still_forbid_request_with_weird_whitespace_delimiters,full,success,0.11698551666666668,,,,
x86_64-unknown-linux-gnu,httparse,1.10.1,tests::test_still_forbid_response_with_weird_whitespace_delimiters,full,success,0.12096945166666667,,,,
x86_64-unknown-linux-gnu,httparse,1.10.1,tests::test_utf8_in_path_ok,full,success,0.11926854466666666,,,,
x86_64-unknown-linux-gnu,hyper,1.10.1,error::tests::error_satisfies_send_sync,full,success,0.080902711,,,,
x86_64-unknown-linux-gnu,hyper,1.10.1,error::tests::error_size_of,full,success,0.08565391066666668,,,,
x86_64-unknown-linux-gnu,indexmap,2.14.0,inner::assert_send_sync,full,success,0.13447119100000002,,,,
x86_64-unknown-linux-gnu,indexmap,2.14.0,map::entry::assert_send_sync,full,success,0.13237455266666667,,,,
x86_64-unknown-linux-gnu,indexmap,2.14.0,map::raw_entry_v1::assert_send_sync,full,success,0.13546252866666667,,,,
x86_64-unknown-linux-gnu,indexmap,2.14.0,map::slice::tests::slice_get_index_mut,full,success,0.1465756116666667,,,,
x86_64-unknown-linux-gnu,indexmap,2.14.0,map::slice::tests::slice_get_range,full,success,0.148075539,,,,
x86_64-unknown-linux-gnu,indexmap,2.14.0,map::slice::tests::slice_index,full,success,0.9177985836666668,,,,
x86_64-unknown-linux-gnu,indexmap,2.14.0,map::slice::tests::slice_index_mut,full,success,0.7221611003333334,,,,
x86_64-unknown-linux-gnu,indexmap,2.14.0,map::slice::tests::slice_new,full,success,0.131880248,,,,
x86_64-unknown-linux-gnu,indexmap,2.14.0,map::slice::tests::slice_new_mut,full,success,0.13187454366666668,,,,
x86_64-unknown-linux-gnu,indexmap,2.14.0,map::slice::tests::slice_split_first,full,success,0.1461537066666667,,,,
x86_64-unknown-linux-gnu,indexmap,2.14.0,map::slice::tests::slice_split_first_mut,full,success,0.144254708,,,,
x86_64-unknown-linux-gnu,indexmap,2.14.0,map::slice::tests::slice_split_last,full,success,0.14626437466666667,,,,
x86_64-unknown-linux-gnu,indexmap,2.14.0,map::slice::tests::slice_split_last_mut,full,success,0.146809636,,,,
x86_64-unknown-linux-gnu,indexmap,2.14.0,map::tests::clear,full,success,0.143834724,,,,
x86_64-unknown-linux-gnu,indexmap,2.14.0,map::tests::disjoint_indices_mut_empty,full,success,0.14515468266666667,,,,
x86_64-unknown-linux-gnu,indexmap,2.14.0,map::tests::disjoint_indices_mut_fail_duplicate,full,success,0.14179528966666669,,,,
x86_64-unknown-linux-gnu,indexmap,2.14.0,map::tests::disjoint_indices_mut_fail_oob,full,success,0.1370932076666667,,,,
x86_64-unknown-linux-gnu,indexmap,2.14.0,map::tests::disjoint_indices_mut_success,full,success,0.14307300233333334,,,,
x86_64-unknown-linux-gnu,indexmap,2.14.0,map::tests::disjoint_mut_empty_map,full,success,0.13592530433333336,,,,
x86_64-unknown-linux-gnu,indexmap,2.14.0,map::tests::disjoint_mut_empty_param,full,success,0.13523315300000002,,,,
x86_64-unknown-linux-gnu,indexmap,2.14.0,map::tests::disjoint_mut_multi_fail_duplicate_panic,full,success,0.138382038,,,,
x86_64-unknown-linux-gnu,indexmap,2.14.0,map::tests::disjoint_mut_multi_fail_missing,full,success,0.14543888500000002,,,,
x86_64-unknown-linux-gnu,indexmap,2.14.0,map::tests::disjoint_mut_multi_success,full,success,0.15150895033333336,,,,
x86_64-unknown-linux-gnu,indexmap,2.14.0,map::tests::disjoint_mut_multi_success_borrow_key,full,success,0.153502977,,,,
x86_64-unknown-linux-gnu,indexmap,2.14.0,map::tests::disjoint_mut_multi_success_unsized_key,full,success,0.15098048533333333,,,,
x86_64-unknown-linux-gnu,indexmap,2.14.0,map::tests::disjoint_mut_single_fail,full,success,0.13495007066666667,,,,
x86_64-unknown-linux-gnu,indexmap,2.14.0,map::tests::disjoint_mut_single_success,full,success,0.1356894706666667,,,,
x86_64-unknown-linux-gnu,indexmap,2.14.0,map::tests::drain_range,full,success,1.0393085843333334,,,,
x86_64-unknown-linux-gnu,indexmap,2.14.0,map::tests::entry,full,success,0.14034233599999998,,,,
x86_64-unknown-linux-gnu,indexmap,2.14.0,map::tests::entry_and_modify,full,success,0.13458758333333334,,,,
x86_64-unknown-linux-gnu,indexmap,2.14.0,map::tests::entry_or_default,full,success,0.13629156,,,,
x86_64-unknown-linux-gnu,indexmap,2.14.0,map::tests::extend,full,success,0.136362247,,,,
x86_64-unknown-linux-gnu,indexmap,2.14.0,map::tests::from_array,full,success,0.13682955966666666,,,,
x86_64-unknown-linux-gnu,indexmap,2.14.0,map::tests::from_entries,full,success,0.1521249543333333,,,,
x86_64-unknown-linux-gnu,indexmap,2.14.0,map::tests::get_index_entry,full,success,0.14009822466666666,,,,
x86_64-unknown-linux-gnu,indexmap,2.14.0,map::tests::get_index_mut2,full,success,0.13520086266666667,,,,
x86_64-unknown-linux-gnu,indexmap,2.14.0,map::tests::get_range,full,success,0.13883541433333335,,,,
x86_64-unknown-linux-gnu,indexmap,2.14.0,map::tests::get_range_mut,full,success,0.14221533100000003,,,,
x86_64-unknown-linux-gnu,indexmap,2.14.0,map::tests::grow,full,success,0.531322665,,,,
x86_64-unknown-linux-gnu,indexmap,2.14.0,map::tests::insert,full,success,0.1611258666666667,,,,
x86_64-unknown-linux-gnu,indexmap,2.14.0,map::tests::insert_2,full,success,1.7640926076666668,,,,
x86_64-unknown-linux-gnu,indexmap,2.14.0,map::tests::insert_before_oob,full,success,0.16150475966666666,,,,
x86_64-unknown-linux-gnu,indexmap,2.14.0,map::tests::insert_full,full,success,0.16896990533333334,,,,
x86_64-unknown-linux-gnu,indexmap,2.14.0,map::tests::insert_order,full,success,0.16147908366666666,,,,
x86_64-unknown-linux-gnu,indexmap,2.14.0,map::tests::insert_sorted_bad,full,success,0.169997706,,,,
x86_64-unknown-linux-gnu,indexmap,2.14.0,map::tests::insert_sorted_by,full,success,0.15350353066666667,,,,
x86_64-unknown-linux-gnu,indexmap,2.14.0,map::tests::insert_sorted_by_key,full,success,0.15322132833333335,,,,
x86_64-unknown-linux-gnu,indexmap,2.14.0,map::tests::into_boxed_slice,full,success,0.14482606500000003,,,,
x86_64-unknown-linux-gnu,indexmap,2.14.0,map::tests::into_keys,full,success,0.14484973600000003,,,,
x86_64-unknown-linux-gnu,indexmap,2.14.0,map::tests::into_values,full,success,0.14704528966666666,,,,
x86_64-unknown-linux-gnu,indexmap,2.14.0,map::tests::is_sorted,full,success,0.18332801166666668,,,,
x86_64-unknown-linux-gnu,indexmap,2.14.0,map::tests::is_sorted_trivial,full,success,0.13995233233333335,,,,
x86_64-unknown-linux-gnu,indexmap,2.14.0,map::tests::it_works,full,success,0.13231790100000002,,,,
x86_64-unknown-linux-gnu,indexmap,2.14.0,map::tests::iter_default,full,success,0.13083656,,,,
x86_64-unknown-linux-gnu,indexmap,2.14.0,map::tests::keys,full,success,0.136338618,,,,
x86_64-unknown-linux-gnu,indexmap,2.14.0,map::tests::last_mut,full,success,0.13444014299999998,,,,
x86_64-unknown-linux-gnu,indexmap,2.14.0,map::tests::new,full,success,0.13523552800000002,,,,
x86_64-unknown-linux-gnu,indexmap,2.14.0,map::tests::occupied_entry_key,full,success,0.13255207800000002,,,,
x86_64-unknown-linux-gnu,indexmap,2.14.0,map::tests::partial_eq_and_eq,full,success,0.14189506366666668,,,,
x86_64-unknown-linux-gnu,indexmap,2.14.0,map::tests::remove,full,success,0.191337694,,,,
x86_64-unknown-linux-gnu,indexmap,2.14.0,map::tests::remove_to_empty,full,success,0.13846709100000001,,,,
x86_64-unknown-linux-gnu,indexmap,2.14.0,map::tests::reserve,full,success,0.4747232956666667,,,,
x86_64-unknown-linux-gnu,indexmap,2.14.0,map::tests::shift_insert,full,success,0.182784525,,,,
x86_64-unknown-linux-gnu,indexmap,2.14.0,map::tests::shift_insert_oob,full,success,0.1424119526666667,,,,
x86_64-unknown-linux-gnu,indexmap,2.14.0,map::tests::shift_remove_entry,full,success,0.14938893700000003,,,,
x86_64-unknown-linux-gnu,indexmap,2.14.0,map::tests::shift_remove_full,full,success,0.14266114800000004,,,,
x86_64-unknown-linux-gnu,indexmap,2.14.0,map::tests::shift_shift_remove_index,full,success,0.14443606700000003,,,,
x86_64-unknown-linux-gnu,indexmap,2.14.0,map::tests::shrink_to_fit,full,success,0.5591439243333333,,,,
x86_64-unknown-linux-gnu,indexmap,2.14.0,map::tests::sorted_unstable_by,full,success,0.14208364566666667,,,,
x86_64-unknown-linux-gnu,indexmap,2.14.0,map::tests::swap_remove_index,full,success,0.16387487466666667,,,,
x86_64-unknown-linux-gnu,indexmap,2.14.0,map::tests::test_binary_search_by,full,success,0.17496191166666666,,,,
x86_64-unknown-linux-gnu,indexmap,2.14.0,map::tests::test_binary_search_by_key,full,success,0.18004844099999998,,,,
x86_64-unknown-linux-gnu,indexmap,2.14.0,map::tests::test_move_index_out_of_bounds_0_10,full,success,0.14622105333333335,,,,
x86_64-unknown-linux-gnu,indexmap,2.14.0,map::tests::test_move_index_out_of_bounds_0_max,full,success,0.15611292666666668,,,,
x86_64-unknown-linux-gnu,indexmap,2.14.0,map::tests::test_move_index_out_of_bounds_10_0,full,success,0.15154115166666668,,,,
x86_64-unknown-linux-gnu,indexmap,2.14.0,map::tests::test_move_index_out_of_bounds_max_0,full,success,0.15028125033333337,,,,
x86_64-unknown-linux-gnu,indexmap,2.14.0,map::tests::test_partition_point,full,success,0.17325520166666666,,,,
x86_64-unknown-linux-gnu,indexmap,2.14.0,map::tests::try_reserve,full,success,0.13531398933333333,,,,
x86_64-unknown-linux-gnu,indexmap,2.14.0,map::tests::values,full,success,0.13896944333333336,,,,
x86_64-unknown-linux-gnu,indexmap,2.14.0,map::tests::values_mut,full,success,0.13835235466666668,,,,
x86_64-unknown-linux-gnu,indexmap,2.14.0,set::slice::tests::slice_index,full,success,0.369427125,,,,
x86_64-unknown-linux-gnu,indexmap,2.14.0,set::tests::binary_search,full,success,0.14156391633333335,,,,
x86_64-unknown-linux-gnu,indexmap,2.14.0,set::tests::comparisons,full,success,0.180715176,,,,
x86_64-unknown-linux-gnu,indexmap,2.14.0,set::tests::drain,full,success,0.13640324866666667,,,,
x86_64-unknown-linux-gnu,indexmap,2.14.0,set::tests::extend,full,success,0.14159912833333335,,,,
x86_64-unknown-linux-gnu,indexmap,2.14.0,set::tests::first,full,success,0.13910829500000002,,,,
x86_64-unknown-linux-gnu,indexmap,2.14.0,set::tests::from_array,full,success,0.14241475466666667,,,,
x86_64-unknown-linux-gnu,indexmap,2.14.0,set::tests::get_range,full,success,0.14511417666666668,,,,
x86_64-unknown-linux-gnu,indexmap,2.14.0,set::tests::grow,full,success,0.469799785,,,,
x86_64-unknown-linux-gnu,indexmap,2.14.0,set::tests::insert,full,success,0.16275544666666666,,,,
x86_64-unknown-linux-gnu,indexmap,2.14.0,set::tests::insert_2,full,success,2.1131815256666666,,,,
x86_64-unknown-linux-gnu,indexmap,2.14.0,set::tests::insert_dup,full,success,0.1384344926666667,,,,
x86_64-unknown-linux-gnu,indexmap,2.14.0,set::tests::insert_full,full,success,0.14932002,,,,
x86_64-unknown-linux-gnu,indexmap,2.14.0,set::tests::insert_order,full,success,0.16224883833333334,,,,
x86_64-unknown-linux-gnu,indexmap,2.14.0,set::tests::insert_sorted,full,success,0.1447065436666667,,,,
x86_64-unknown-linux-gnu,indexmap,2.14.0,set::tests::is_sorted,full,success,0.15738088433333333,,,,
x86_64-unknown-linux-gnu,indexmap,2.14.0,set::tests::is_sorted_trivial,full,success,0.141223743,,,,
x86_64-unknown-linux-gnu,indexmap,2.14.0,set::tests::it_works,full,success,0.13489316833333334,,,,
x86_64-unknown-linux-gnu,indexmap,2.14.0,set::tests::iter_comparisons,full,success,0.265989607,,,,
x86_64-unknown-linux-gnu,indexmap,2.14.0,set::tests::iter_default,full,success,0.13270109666666666,,,,
x86_64-unknown-linux-gnu,indexmap,2.14.0,set::tests::last,full,success,0.1400450126666667,,,,
x86_64-unknown-linux-gnu,indexmap,2.14.0,set::tests::new,full,success,0.13740786766666668,,,,
x86_64-unknown-linux-gnu,indexmap,2.14.0,set::tests::ops,full,success,0.5460020130000001,,,,
x86_64-unknown-linux-gnu,indexmap,2.14.0,set::tests::partial_eq_and_eq,full,success,0.14876204866666667,,,,
x86_64-unknown-linux-gnu,indexmap,2.14.0,set::tests::remove,full,success,0.18492391633333335,,,,
x86_64-unknown-linux-gnu,indexmap,2.14.0,set::tests::replace,full,success,0.15603314733333332,,,,
x86_64-unknown-linux-gnu,indexmap,2.14.0,set::tests::replace_2,full,success,2.1017237669999997,,,,
x86_64-unknown-linux-gnu,indexmap,2.14.0,set::tests::replace_change,full,success,0.13337427100000002,,,,
x86_64-unknown-linux-gnu,indexmap,2.14.0,set::tests::replace_dup,full,success,0.139970775,,,,
x86_64-unknown-linux-gnu,indexmap,2.14.0,set::tests::replace_full,full,success,0.15027295833333335,,,,
x86_64-unknown-linux-gnu,indexmap,2.14.0,set::tests::replace_order,full,success,0.16137679333333335,,,,
x86_64-unknown-linux-gnu,indexmap,2.14.0,set::tests::reserve,full,success,0.508353482,,,,
x86_64-unknown-linux-gnu,indexmap,2.14.0,set::tests::retain,full,success,0.14791298833333333,,,,
x86_64-unknown-linux-gnu,indexmap,2.14.0,set::tests::shift_insert,full,success,0.17694335100000003,,,,
x86_64-unknown-linux-gnu,indexmap,2.14.0,set::tests::shift_remove_full,full,success,0.139450235,,,,
x86_64-unknown-linux-gnu,indexmap,2.14.0,set::tests::shift_remove_index,full,success,0.14634235133333334,,,,
x86_64-unknown-linux-gnu,indexmap,2.14.0,set::tests::shift_take,full,success,0.14034056266666667,,,,
x86_64-unknown-linux-gnu,indexmap,2.14.0,set::tests::shrink_to_fit,full,success,0.5941602706666667,,,,
x86_64-unknown-linux-gnu,indexmap,2.14.0,set::tests::sort_by,full,success,0.14115940633333335,,,,
x86_64-unknown-linux-gnu,indexmap,2.14.0,set::tests::sort_by_cached_key,full,success,0.14704586366666667,,,,
x86_64-unknown-linux-gnu,indexmap,2.14.0,set::tests::sort_by_key,full,success,0.14034434466666668,,,,
x86_64-unknown-linux-gnu,indexmap,2.14.0,set::tests::sort_unstable,full,success,0.1383553206666667,,,,
x86_64-unknown-linux-gnu,indexmap,2.14.0,set::tests::sort_unstable_by,full,success,0.15007360333333333,,,,
x86_64-unknown-linux-gnu,indexmap,2.14.0,set::tests::sort_unstable_by_key,full,success,0.13991608800000002,,,,
x86_64-unknown-linux-gnu,indexmap,2.14.0,set::tests::sorted_unstable_by,full,success,0.15027579800000002,,,,
x86_64-unknown-linux-gnu,indexmap,2.14.0,set::tests::split_off,full,success,0.14099493566666668,,,,
x86_64-unknown-linux-gnu,indexmap,2.14.0,set::tests::swap_remove_index,full,success,0.16226105166666668,,,,
x86_64-unknown-linux-gnu,indexmap,2.14.0,set::tests::swap_take,full,success,0.14311809133333334,,,,
x86_64-unknown-linux-gnu,indexmap,2.14.0,set::tests::take,full,success,0.13385222,,,,
x86_64-unknown-linux-gnu,indexmap,2.14.0,set::tests::test_binary_search_by,full,success,0.16951514366666665,,,,
x86_64-unknown-linux-gnu,indexmap,2.14.0,set::tests::test_binary_search_by_key,full,success,0.16717136433333335,,,,
x86_64-unknown-linux-gnu,indexmap,2.14.0,set::tests::test_partition_point,full,success,0.17276717200000002,,,,
x86_64-unknown-linux-gnu,indexmap,2.14.0,set::tests::try_reserve,full,success,0.13190794833333333,,,,
x86_64-unknown-linux-gnu,indexmap,2.14.0,set::tests::try_reserve_exact,full,success,0.14283980866666668,,,,
x86_64-unknown-linux-gnu,is-terminal,0.4.17,tests::stderr,full,success,0.11829489766666668,,,,
x86_64-unknown-linux-gnu,is-terminal,0.4.17,tests::stderr_vs_libc,full,success,0.12015887066666668,,,,
x86_64-unknown-linux-gnu,is-terminal,0.4.17,tests::stdin,full,success,0.12077097666666665,,,,
x86_64-unknown-linux-gnu,is-terminal,0.4.17,tests::stdin_vs_libc,full,success,0.11838296366666667,,,,
x86_64-unknown-linux-gnu,is-terminal,0.4.17,tests::stdout,full,success,0.11967849033333333,,,,
x86_64-unknown-linux-gnu,is-terminal,0.4.17,tests::stdout_vs_libc,full,success,0.12396704000000001,,,,
x86_64-unknown-linux-gnu,lazycell,1.3.0,tests::atomic_replace,full,success,0.134203229,,,,
x86_64-unknown-linux-gnu,lazycell,1.3.0,tests::clone,full,success,0.13055242733333336,,,,
x86_64-unknown-linux-gnu,lazycell,1.3.0,tests::clone_atomic,full,success,0.13594853666666668,,,,
x86_64-unknown-linux-gnu,lazycell,1.3.0,tests::default,full,success,0.13157597233333337,,,,
x86_64-unknown-linux-gnu,lazycell,1.3.0,tests::normal_replace,full,success,0.13507077700000003,,,,
x86_64-unknown-linux-gnu,lazycell,1.3.0,tests::test_already_filled_error,full,success,0.12851077033333336,,,,
x86_64-unknown-linux-gnu,lazycell,1.3.0,tests::test_atomic_already_filled_panic,full,success,0.12705413433333335,,,,
x86_64-unknown-linux-gnu,lazycell,1.3.0,tests::test_atomic_borrow_from_empty,full,success,0.13336293666666668,,,,
x86_64-unknown-linux-gnu,lazycell,1.3.0,tests::test_atomic_fill_and_borrow,full,success,0.12878133333333333,,,,
x86_64-unknown-linux-gnu,lazycell,1.3.0,tests::test_atomic_into_inner,full,success,0.1318570136666667,,,,
x86_64-unknown-linux-gnu,lazycell,1.3.0,tests::test_borrow_from_empty,full,success,0.13303424066666666,,,,
x86_64-unknown-linux-gnu,lazycell,1.3.0,tests::test_borrow_mut,full,success,0.1403647623333333,,,,
x86_64-unknown-linux-gnu,lazycell,1.3.0,tests::test_borrow_mut_with,full,success,0.13157516400000002,,,,
x86_64-unknown-linux-gnu,lazycell,1.3.0,tests::test_borrow_mut_with_already_filled,full,success,0.128283901,,,,
x86_64-unknown-linux-gnu,lazycell,1.3.0,tests::test_borrow_mut_with_not_called_when_filled,full,success,0.12914902366666667,,,,
x86_64-unknown-linux-gnu,lazycell,1.3.0,tests::test_borrow_with,full,success,0.12649548800000002,,,,
x86_64-unknown-linux-gnu,lazycell,1.3.0,tests::test_borrow_with_already_filled,full,success,0.13116495000000003,,,,
x86_64-unknown-linux-gnu,lazycell,1.3.0,tests::test_borrow_with_not_called_when_filled,full,success,0.12882725433333334,,,,
x86_64-unknown-linux-gnu,lazycell,1.3.0,tests::test_borrow_with_sound_with_reentrancy,full,success,0.13514514266666666,,,,
x86_64-unknown-linux-gnu,lazycell,1.3.0,tests::test_fill_and_borrow,full,success,0.13154441933333336,,,,
x86_64-unknown-linux-gnu,lazycell,1.3.0,tests::test_into_inner,full,success,0.129382142,,,,
x86_64-unknown-linux-gnu,lazycell,1.3.0,tests::test_try_borrow_mut_with_already_filled,full,success,0.132418125,,,,
x86_64-unknown-linux-gnu,lazycell,1.3.0,tests::test_try_borrow_mut_with_err,full,success,0.12492186866666666,,,,
x86_64-unknown-linux-gnu,lazycell,1.3.0,tests::test_try_borrow_mut_with_ok,full,success,0.127485918,,,,
x86_64-unknown-linux-gnu,lazycell,1.3.0,tests::test_try_borrow_with_already_filled,full,success,0.12910049333333332,,,,
x86_64-unknown-linux-gnu,lazycell,1.3.0,tests::test_try_borrow_with_err,full,success,0.126032534,,,,
x86_64-unknown-linux-gnu,lazycell,1.3.0,tests::test_try_borrow_with_ok,full,success,0.12592593466666668,,,,
x86_64-unknown-linux-gnu,lazycell,1.3.0,tests::test_try_borrow_with_sound_with_reentrancy,full,success,0.12744550600000001,,,,
x86_64-unknown-linux-gnu,libc,0.2.186,macros::tests::c_enum_basic,full,success,0.11910411933333336,,,,
x86_64-unknown-linux-gnu,libc,0.2.186,macros::tests::c_enum_multiple_set_value,full,success,0.125100046,,,,
x86_64-unknown-linux-gnu,libc,0.2.186,macros::tests::c_enum_repr,full,success,0.12309315433333334,,,,
x86_64-unknown-linux-gnu,libc,0.2.186,macros::tests::c_enum_set_value,full,success,0.12172274333333334,,,,
x86_64-unknown-linux-gnu,libc,0.2.186,macros::tests::c_enum_vis,full,success,0.12483957966666669,,,,
x86_64-unknown-linux-gnu,libc,0.2.186,macros::tests::test_offset_of,full,success,0.12220827733333334,,,,
x86_64-unknown-linux-gnu,log,0.4.29,tests::test_cross_cmp,full,success,0.12909843133333335,,,,
x86_64-unknown-linux-gnu,log,0.4.29,tests::test_cross_eq,full,success,0.12893308133333334,,,,
x86_64-unknown-linux-gnu,log,0.4.29,tests::test_foreign_impl,full,success,0.14468961333333333,,,,
x86_64-unknown-linux-gnu,log,0.4.29,tests::test_level_as_str,full,success,0.1300645526666667,,,,
x86_64-unknown-linux-gnu,log,0.4.29,tests::test_level_down,full,success,0.13302259600000002,,,,
x86_64-unknown-linux-gnu,log,0.4.29,tests::test_level_filter_as_str,full,success,0.13177358566666666,,,,
x86_64-unknown-linux-gnu,log,0.4.29,tests::test_level_filter_down,full,success,0.13109883700000002,,,,
x86_64-unknown-linux-gnu,log,0.4.29,tests::test_level_filter_up,full,success,0.13064335200000002,,,,
x86_64-unknown-linux-gnu,log,0.4.29,tests::test_level_from_str,full,success,0.13180422100000003,,,,
x86_64-unknown-linux-gnu,log,0.4.29,tests::test_level_show,full,success,0.13139428733333333,,,,
x86_64-unknown-linux-gnu,log,0.4.29,tests::test_level_up,full,success,0.13010547166666667,,,,
x86_64-unknown-linux-gnu,log,0.4.29,tests::test_levelfilter_from_str,full,success,0.133893895,,,,
x86_64-unknown-linux-gnu,log,0.4.29,tests::test_levelfilter_show,full,success,0.13518545366666668,,,,
x86_64-unknown-linux-gnu,log,0.4.29,tests::test_metadata_builder,full,success,0.129630357,,,,
x86_64-unknown-linux-gnu,log,0.4.29,tests::test_metadata_convenience_builder,full,success,0.13859468433333333,,,,
x86_64-unknown-linux-gnu,log,0.4.29,tests::test_record_builder,full,success,0.129640269,,,,
x86_64-unknown-linux-gnu,log,0.4.29,tests::test_record_complete_builder,full,success,0.13059223833333333,,,,
x86_64-unknown-linux-gnu,log,0.4.29,tests::test_record_convenience_builder,full,success,0.136440705,,,,
x86_64-unknown-linux-gnu,log,0.4.29,tests::test_static_max_level_debug,full,success,0.142548679,,,,
x86_64-unknown-linux-gnu,log,0.4.29,tests::test_to_level,full,success,0.12897847333333334,,,,
x86_64-unknown-linux-gnu,log,0.4.29,tests::test_to_level_filter,full,success,0.133826048,,,,
x86_64-unknown-linux-gnu,lru,0.18.0,tests::iter_mut_stacked_borrows_violation,full,success,0.12091227966666666,,,,
x86_64-unknown-linux-gnu,lru,0.18.0,tests::test_clear,full,success,0.12187195,,,,
x86_64-unknown-linux-gnu,lru,0.18.0,tests::test_clone,full,success,0.12401103966666667,,,,
x86_64-unknown-linux-gnu,lru,0.18.0,tests::test_clone_unbounded,full,success,0.126035023,,,,
x86_64-unknown-linux-gnu,lru,0.18.0,tests::test_contains,full,success,0.11893000733333332,,,,
x86_64-unknown-linux-gnu,lru,0.18.0,tests::test_get_key_value,full,success,0.12025870066666668,,,,
x86_64-unknown-linux-gnu,lru,0.18.0,tests::test_get_key_value_mut,full,success,0.11803149966666666,,,,
x86_64-unknown-linux-gnu,lru,0.18.0,tests::test_get_mut_and_update,full,success,0.12112191266666666,,,,
x86_64-unknown-linux-gnu,lru,0.18.0,tests::test_get_mut_with_borrow,full,success,0.12671993666666667,,,,
x86_64-unknown-linux-gnu,lru,0.18.0,tests::test_get_or_insert_mut_ref,full,success,0.12449770266666667,,,,
x86_64-unknown-linux-gnu,lru,0.18.0,tests::test_get_or_insert_ref,full,success,0.121420349,,,,
x86_64-unknown-linux-gnu,lru,0.18.0,tests::test_get_with_borrow,full,success,0.118884801,,,,
x86_64-unknown-linux-gnu,lru,0.18.0,tests::test_into_iter,full,success,0.11958880966666667,,,,
x86_64-unknown-linux-gnu,lru,0.18.0,tests::test_iter_backwards,full,success,0.11887569733333335,,,,
x86_64-unknown-linux-gnu,lru,0.18.0,tests::test_iter_clone,full,success,0.11796109133333334,,,,
x86_64-unknown-linux-gnu,lru,0.18.0,tests::test_iter_forwards,full,success,0.12220565766666668,,,,
x86_64-unknown-linux-gnu,lru,0.18.0,tests::test_iter_forwards_and_backwards,full,success,0.12048263766666667,,,,
x86_64-unknown-linux-gnu,lru,0.18.0,tests::test_iter_multiple_threads,full,success,0.131808528,,,,
x86_64-unknown-linux-gnu,lru,0.18.0,tests::test_multiple_threads,full,success,0.12873758833333335,,,,
x86_64-unknown-linux-gnu,lru,0.18.0,tests::test_no_memory_leaks,full,success,12.581617114666665,,,,
x86_64-unknown-linux-gnu,lru,0.18.0,tests::test_no_memory_leaks_with_clear,full,success,12.682206864333333,,,,
x86_64-unknown-linux-gnu,lru,0.18.0,tests::test_no_memory_leaks_with_pop,full,success,11.98970888,,,,
x86_64-unknown-linux-gnu,lru,0.18.0,tests::test_no_memory_leaks_with_resize,full,success,12.649589272666667,,,,
x86_64-unknown-linux-gnu,lru,0.18.0,tests::test_peek,full,success,0.12015669733333334,,,,
x86_64-unknown-linux-gnu,lru,0.18.0,tests::test_peek_lru,full,success,0.11813378233333334,,,,
x86_64-unknown-linux-gnu,lru,0.18.0,tests::test_peek_mru,full,success,0.11873673966666666,,,,
x86_64-unknown-linux-gnu,lru,0.18.0,tests::test_peek_mut,full,success,0.12142340933333334,,,,
x86_64-unknown-linux-gnu,lru,0.18.0,tests::test_pop,full,success,0.12226361633333334,,,,
x86_64-unknown-linux-gnu,lru,0.18.0,tests::test_pop_entry,full,success,0.125398,,,,
x86_64-unknown-linux-gnu,lru,0.18.0,tests::test_pop_lru,full,success,0.5069649156666667,,,,
x86_64-unknown-linux-gnu,lru,0.18.0,tests::test_pop_mru,full,success,0.5024916383333333,,,,
x86_64-unknown-linux-gnu,lru,0.18.0,tests::test_promote_and_demote,full,success,0.12530407000000002,,,,
x86_64-unknown-linux-gnu,lru,0.18.0,tests::test_put_and_get,full,success,0.11837635400000002,,,,
x86_64-unknown-linux-gnu,lru,0.18.0,tests::test_put_and_get_mut,full,success,0.12873401766666667,,,,
x86_64-unknown-linux-gnu,lru,0.18.0,tests::test_put_and_get_or_insert,full,success,0.12188803166666667,,,,
x86_64-unknown-linux-gnu,lru,0.18.0,tests::test_put_and_get_or_insert_mut,full,success,0.12106191433333335,,,,
x86_64-unknown-linux-gnu,lru,0.18.0,tests::test_put_and_get_or_insert_mut_with_key,full,success,0.12055896733333334,,,,
x86_64-unknown-linux-gnu,lru,0.18.0,tests::test_put_and_get_or_insert_with_key,full,success,0.12516197533333334,,,,
x86_64-unknown-linux-gnu,lru,0.18.0,tests::test_put_removes_oldest,full,success,0.130372662,,,,
x86_64-unknown-linux-gnu,lru,0.18.0,tests::test_put_update,full,success,0.12354188866666667,,,,
x86_64-unknown-linux-gnu,lru,0.18.0,tests::test_resize_larger,full,success,0.12443442666666667,,,,
x86_64-unknown-linux-gnu,lru,0.18.0,tests::test_resize_smaller,full,success,0.12932352533333336,,,,
x86_64-unknown-linux-gnu,lru,0.18.0,tests::test_send,full,success,0.12249360533333335,,,,
x86_64-unknown-linux-gnu,lru,0.18.0,tests::test_that_pop_actually_detaches_node,full,success,0.12326464633333334,,,,
x86_64-unknown-linux-gnu,lru,0.18.0,tests::test_try_get_or_insert,full,success,0.11878088066666666,,,,
x86_64-unknown-linux-gnu,lru,0.18.0,tests::test_try_get_or_insert_mut,full,success,0.12271486333333333,,,,
x86_64-unknown-linux-gnu,lru,0.18.0,tests::test_try_get_or_insert_mut_ref,full,success,0.12318253900000002,,,,
x86_64-unknown-linux-gnu,lru,0.18.0,tests::test_try_get_or_insert_mut_with_key,full,success,0.12715138700000003,,,,
x86_64-unknown-linux-gnu,lru,0.18.0,tests::test_try_get_or_insert_ref,full,success,0.12036642400000001,,,,
x86_64-unknown-linux-gnu,lru,0.18.0,tests::test_try_get_or_insert_with_key,full,success,0.12630671566666665,,,,
x86_64-unknown-linux-gnu,lru,0.18.0,tests::test_unbounded,full,success,18.611682124666668,,,,
x86_64-unknown-linux-gnu,lru,0.18.0,tests::test_with_hasher,full,success,12.156356936,,,,
x86_64-unknown-linux-gnu,matchers,0.2.0,test::anchored::debug_explicitly_unanchored,full,success,11.630569021,,,,
x86_64-unknown-linux-gnu,matchers,0.2.0,test::anchored::debug_is_anchored,full,success,0.5704839156666667,,,,
x86_64-unknown-linux-gnu,matchers,0.2.0,test::anchored::debug_matches,full,success,24.072411278333334,,,,
x86_64-unknown-linux-gnu,matchers,0.2.0,test::anchored::debug_rep_patterns,full,success,0.5743092713333334,,,,
x86_64-unknown-linux-gnu,matchers,0.2.0,test::anchored::display_explicitly_unanchored,full,success,11.571929455666668,,,,
x86_64-unknown-linux-gnu,matchers,0.2.0,test::anchored::display_is_anchored,full,success,0.5771031710000001,,,,
x86_64-unknown-linux-gnu,matchers,0.2.0,test::anchored::display_matches,full,success,24.57869337533333,,,,
x86_64-unknown-linux-gnu,matchers,0.2.0,test::anchored::reader_explicitly_unanchored,full,success,11.967907549000001,,,,
x86_64-unknown-linux-gnu,matchers,0.2.0,test::anchored::reader_is_anchored,full,success,0.5745269803333334,,,,
x86_64-unknown-linux-gnu,matchers,0.2.0,test::anchored::reader_matches,full,success,24.993816853,,,,
x86_64-unknown-linux-gnu,matchers,0.2.0,test::unanchored::debug_is_unanchored,full,success,0.5808978106666668,,,,
x86_64-unknown-linux-gnu,matchers,0.2.0,test::unanchored::debug_matches,full,success,24.587060508333337,,,,
x86_64-unknown-linux-gnu,matchers,0.2.0,test::unanchored::debug_rep_patterns,full,success,0.5768085376666667,,,,
x86_64-unknown-linux-gnu,matchers,0.2.0,test::unanchored::display_is_unanchored,full,success,0.5849454230000001,,,,
x86_64-unknown-linux-gnu,matchers,0.2.0,test::unanchored::display_matches,full,success,24.349116336999998,,,,
x86_64-unknown-linux-gnu,matchers,0.2.0,test::unanchored::reader_is_unanchored,full,success,0.5808768320000001,,,,
x86_64-unknown-linux-gnu,matchers,0.2.0,test::unanchored::reader_matches,full,success,24.671746664666667,,,,
x86_64-unknown-linux-gnu,memchr,2.8.1,arch::all::memchr::tests::count_one,full,success,0.21698546266666666,,,,
x86_64-unknown-linux-gnu,memchr,2.8.1,arch::all::memchr::tests::forward_one,full,success,0.246266432,,,,
x86_64-unknown-linux-gnu,memchr,2.8.1,arch::all::memchr::tests::forward_three,full,success,0.3158918016666667,,,,
x86_64-unknown-linux-gnu,memchr,2.8.1,arch::all::memchr::tests::forward_two,full,success,0.27982062900000004,,,,
x86_64-unknown-linux-gnu,memchr,2.8.1,arch::all::memchr::tests::regression_big_endian1,full,success,0.10548282666666668,,,,
x86_64-unknown-linux-gnu,memchr,2.8.1,arch::all::memchr::tests::regression_big_endian2,full,success,0.11118410000000001,,,,
x86_64-unknown-linux-gnu,memchr,2.8.1,arch::all::memchr::tests::regression_count_new_lines,full,success,0.10890565933333335,,,,
x86_64-unknown-linux-gnu,memchr,2.8.1,arch::all::memchr::tests::regression_double_ended_iterator,full,success,0.11116325766666668,,,,
x86_64-unknown-linux-gnu,memchr,2.8.1,arch::all::memchr::tests::reverse_one,full,success,0.252311445,,,,
x86_64-unknown-linux-gnu,memchr,2.8.1,arch::all::memchr::tests::reverse_three,full,success,0.31754624833333334,,,,
x86_64-unknown-linux-gnu,memchr,2.8.1,arch::all::memchr::tests::reverse_two,full,success,0.28189891733333333,,,,
x86_64-unknown-linux-gnu,memchr,2.8.1,arch::all::packedpair::tests::forward_packedpair,full,success,4.769949238666666,,,,
x86_64-unknown-linux-gnu,memchr,2.8.1,arch::all::rabinkarp::tests::forward,full,success,2.5192131779999998,,,,
x86_64-unknown-linux-gnu,memchr,2.8.1,arch::all::rabinkarp::tests::reverse,full,success,2.541645020666667,,,,
x86_64-unknown-linux-gnu,memchr,2.8.1,arch::all::shiftor::tests::forward,full,success,2.8386290026666665,,,,
x86_64-unknown-linux-gnu,memchr,2.8.1,arch::all::tests::equals_different_lengths,full,success,0.10651902533333335,,,,
x86_64-unknown-linux-gnu,memchr,2.8.1,arch::all::tests::equals_mismatch,full,success,0.114009381,,,,
x86_64-unknown-linux-gnu,memchr,2.8.1,arch::all::tests::equals_yes,full,success,0.10890099600000001,,,,
x86_64-unknown-linux-gnu,memchr,2.8.1,arch::all::tests::prefix,full,success,0.10936756666666668,,,,
x86_64-unknown-linux-gnu,memchr,2.8.1,arch::all::tests::suffix,full,success,0.10631046300000001,,,,
x86_64-unknown-linux-gnu,memchr,2.8.1,arch::all::twoway::tests::forward,full,success,2.347001122,,,,
x86_64-unknown-linux-gnu,memchr,2.8.1,arch::all::twoway::tests::regression_rev_small_period,full,success,0.114527389,,,,
x86_64-unknown-linux-gnu,memchr,2.8.1,arch::all::twoway::tests::reverse,full,success,2.1801274476666666,,,,
x86_64-unknown-linux-gnu,memchr,2.8.1,arch::all::twoway::tests::suffix_forward,full,success,0.10664676700000002,,,,
x86_64-unknown-linux-gnu,memchr,2.8.1,arch::all::twoway::tests::suffix_reverse,full,success,0.107484544,,,,
x86_64-unknown-linux-gnu,memchr,2.8.1,arch::x86_64::avx2::memchr::tests::count_one,full,success,0.22307072733333336,,,,
x86_64-unknown-linux-gnu,memchr,2.8.1,arch::x86_64::avx2::memchr::tests::forward_one,full,success,0.2599129863333334,,,,
x86_64-unknown-linux-gnu,memchr,2.8.1,arch::x86_64::avx2::memchr::tests::forward_three,full,success,0.31761302033333333,,,,
x86_64-unknown-linux-gnu,memchr,2.8.1,arch::x86_64::avx2::memchr::tests::forward_two,full,success,0.283449573,,,,
x86_64-unknown-linux-gnu,memchr,2.8.1,arch::x86_64::avx2::memchr::tests::reverse_one,full,success,0.2506555596666667,,,,
x86_64-unknown-linux-gnu,memchr,2.8.1,arch::x86_64::avx2::memchr::tests::reverse_three,full,success,0.320546251,,,,
x86_64-unknown-linux-gnu,memchr,2.8.1,arch::x86_64::avx2::memchr::tests::reverse_two,full,success,0.29324970933333333,,,,
x86_64-unknown-linux-gnu,memchr,2.8.1,arch::x86_64::avx2::packedpair::tests::forward_packedpair,full,success,4.893825902,,,,
x86_64-unknown-linux-gnu,memchr,2.8.1,arch::x86_64::avx2::packedpair::tests::forward_packedpair_prefilter,full,success,4.906897705333333,,,,
x86_64-unknown-linux-gnu,memchr,2.8.1,arch::x86_64::avx2::packedpair::tests::forward_substring,full,success,2.1183471853333335,,,,
x86_64-unknown-linux-gnu,memchr,2.8.1,arch::x86_64::sse2::memchr::tests::count_one,full,success,0.22189926233333335,,,,
x86_64-unknown-linux-gnu,memchr,2.8.1,arch::x86_64::sse2::memchr::tests::forward_one,full,success,0.24531375166666666,,,,
x86_64-unknown-linux-gnu,memchr,2.8.1,arch::x86_64::sse2::memchr::tests::forward_three,full,success,0.31691901633333336,,,,
x86_64-unknown-linux-gnu,memchr,2.8.1,arch::x86_64::sse2::memchr::tests::forward_two,full,success,0.2906087546666667,,,,
x86_64-unknown-linux-gnu,memchr,2.8.1,arch::x86_64::sse2::memchr::tests::reverse_one,full,success,0.2631324963333333,,,,
x86_64-unknown-linux-gnu,memchr,2.8.1,arch::x86_64::sse2::memchr::tests::reverse_three,full,success,0.3218413466666667,,,,
x86_64-unknown-linux-gnu,memchr,2.8.1,arch::x86_64::sse2::memchr::tests::reverse_two,full,success,0.28739112633333336,,,,
x86_64-unknown-linux-gnu,memchr,2.8.1,arch::x86_64::sse2::packedpair::tests::forward_packedpair,full,success,4.973665459999999,,,,
x86_64-unknown-linux-gnu,memchr,2.8.1,arch::x86_64::sse2::packedpair::tests::forward_packedpair_prefilter,full,success,4.958720294,,,,
x86_64-unknown-linux-gnu,memchr,2.8.1,arch::x86_64::sse2::packedpair::tests::forward_substring,full,success,2.071229546,,,,
x86_64-unknown-linux-gnu,memchr,2.8.1,memchr::tests::count1_iter,full,success,0.220356421,,,,
x86_64-unknown-linux-gnu,memchr,2.8.1,memchr::tests::forward1_iter,full,success,0.24377670766666668,,,,
x86_64-unknown-linux-gnu,memchr,2.8.1,memchr::tests::forward1_oneshot,full,success,0.23739428466666668,,,,
x86_64-unknown-linux-gnu,memchr,2.8.1,memchr::tests::forward2_iter,full,success,0.281910105,,,,
x86_64-unknown-linux-gnu,memchr,2.8.1,memchr::tests::forward2_oneshot,full,success,0.2874979203333333,,,,
x86_64-unknown-linux-gnu,memchr,2.8.1,memchr::tests::forward3_iter,full,success,0.3188161286666667,,,,
x86_64-unknown-linux-gnu,memchr,2.8.1,memchr::tests::forward3_oneshot,full,success,0.32409668733333336,,,,
x86_64-unknown-linux-gnu,memchr,2.8.1,memchr::tests::reverse1_iter,full,success,0.24917009033333337,,,,
x86_64-unknown-linux-gnu,memchr,2.8.1,memchr::tests::reverse1_oneshot,full,success,0.24245058833333336,,,,
x86_64-unknown-linux-gnu,memchr,2.8.1,memchr::tests::reverse2_iter,full,success,0.288252827,,,,
x86_64-unknown-linux-gnu,memchr,2.8.1,memchr::tests::reverse2_oneshot,full,success,0.288098689,,,,
x86_64-unknown-linux-gnu,memchr,2.8.1,memchr::tests::reverse3_iter,full,success,0.320755701,,,,
x86_64-unknown-linux-gnu,memchr,2.8.1,memchr::tests::reverse3_oneshot,full,success,0.33803566600000007,,,,
x86_64-unknown-linux-gnu,memchr,2.8.1,memchr::tests::sync_regression,full,success,0.11150531966666667,,,,
x86_64-unknown-linux-gnu,memchr,2.8.1,memmem::tests::forward,full,success,2.478404778,,,,
x86_64-unknown-linux-gnu,memchr,2.8.1,memmem::tests::reverse,full,success,2.420417270333333,,,,
x86_64-unknown-linux-gnu,memchr,2.8.1,tests::byte_order,full,success,0.11643829466666666,,,,
x86_64-unknown-linux-gnu,memchr,2.8.1,tests::substring::naive::tests::forward,full,success,2.4676210419999998,,,,
x86_64-unknown-linux-gnu,memchr,2.8.1,tests::substring::naive::tests::reverse,full,success,2.4879787676666667,,,,
x86_64-unknown-linux-gnu,nu-ansi-term,0.50.3,ansi::test::black,full,success,0.11044378566666668,,,,
x86_64-unknown-linux-gnu,nu-ansi-term,0.50.3,ansi::test::blink,full,success,0.10862416966666667,,,,
x86_64-unknown-linux-gnu,nu-ansi-term,0.50.3,ansi::test::blue_on_rgb,full,success,0.11510806766666666,,,,
x86_64-unknown-linux-gnu,nu-ansi-term,0.50.3,ansi::test::blue_underline,full,success,0.11157758200000001,,,,
x86_64-unknown-linux-gnu,nu-ansi-term,0.50.3,ansi::test::bold,full,success,0.11019470066666669,,,,
x86_64-unknown-linux-gnu,nu-ansi-term,0.50.3,ansi::test::bold_with_reset,full,success,0.108295951,,,,
x86_64-unknown-linux-gnu,nu-ansi-term,0.50.3,ansi::test::bold_with_reset_2,full,success,0.10834053666666667,,,,
x86_64-unknown-linux-gnu,nu-ansi-term,0.50.3,ansi::test::bunderline,full,success,0.10943993866666668,,,,
x86_64-unknown-linux-gnu,nu-ansi-term,0.50.3,ansi::test::cyan_bold_on_white,full,success,0.10777891633333335,,,,
x86_64-unknown-linux-gnu,nu-ansi-term,0.50.3,ansi::test::cyan_bold_ul_on_white,full,success,0.10965452600000002,,,,
x86_64-unknown-linux-gnu,nu-ansi-term,0.50.3,ansi::test::cyan_ul_bold_on_white,full,success,0.110544775,,,,
x86_64-unknown-linux-gnu,nu-ansi-term,0.50.3,ansi::test::cyan_ul_on_white,full,success,0.11072190033333335,,,,
x86_64-unknown-linux-gnu,nu-ansi-term,0.50.3,ansi::test::dimmed,full,success,0.112652651,,,,
x86_64-unknown-linux-gnu,nu-ansi-term,0.50.3,ansi::test::fixed,full,success,0.11294649233333333,,,,
x86_64-unknown-linux-gnu,nu-ansi-term,0.50.3,ansi::test::fixed_on_fixed,full,success,0.10780963166666667,,,,
x86_64-unknown-linux-gnu,nu-ansi-term,0.50.3,ansi::test::fixed_on_purple,full,success,0.10749885199999999,,,,
x86_64-unknown-linux-gnu,nu-ansi-term,0.50.3,ansi::test::green_bold_ul,full,success,0.11516993266666668,,,,
x86_64-unknown-linux-gnu,nu-ansi-term,0.50.3,ansi::test::green_bold_ul_2,full,success,0.11164462966666668,,,,
x86_64-unknown-linux-gnu,nu-ansi-term,0.50.3,ansi::test::hidden,full,success,0.110087918,,,,
x86_64-unknown-linux-gnu,nu-ansi-term,0.50.3,ansi::test::italic,full,success,0.11264005466666667,,,,
x86_64-unknown-linux-gnu,nu-ansi-term,0.50.3,ansi::test::lr_on_lr,full,success,0.11256452933333334,,,,
x86_64-unknown-linux-gnu,nu-ansi-term,0.50.3,ansi::test::magenta_on_white,full,success,0.107825867,,,,
x86_64-unknown-linux-gnu,nu-ansi-term,0.50.3,ansi::test::magenta_on_white_2,full,success,0.10950821833333335,,,,
x86_64-unknown-linux-gnu,nu-ansi-term,0.50.3,ansi::test::plain,full,success,0.10675873666666667,,,,
x86_64-unknown-linux-gnu,nu-ansi-term,0.50.3,ansi::test::purple_on_white,full,success,0.11038584866666667,,,,
x86_64-unknown-linux-gnu,nu-ansi-term,0.50.3,ansi::test::purple_on_white_2,full,success,0.11202631033333334,,,,
x86_64-unknown-linux-gnu,nu-ansi-term,0.50.3,ansi::test::red,full,success,0.10826017333333333,,,,
x86_64-unknown-linux-gnu,nu-ansi-term,0.50.3,ansi::test::reverse,full,success,0.11272942333333334,,,,
x86_64-unknown-linux-gnu,nu-ansi-term,0.50.3,ansi::test::rgb,full,success,0.10946678666666666,,,,
x86_64-unknown-linux-gnu,nu-ansi-term,0.50.3,ansi::test::rgb_on_blue,full,success,0.10908327266666668,,,,
x86_64-unknown-linux-gnu,nu-ansi-term,0.50.3,ansi::test::rgb_on_rgb,full,success,0.10965097866666668,,,,
x86_64-unknown-linux-gnu,nu-ansi-term,0.50.3,ansi::test::stricken,full,success,0.10788563233333333,,,,
x86_64-unknown-linux-gnu,nu-ansi-term,0.50.3,ansi::test::test_infix,full,success,0.10712542566666668,,,,
x86_64-unknown-linux-gnu,nu-ansi-term,0.50.3,ansi::test::test_write_prefix_no_gnu_compat_order,full,success,0.11252844700000002,,,,
x86_64-unknown-linux-gnu,nu-ansi-term,0.50.3,ansi::test::underline,full,success,0.10971065800000002,,,,
x86_64-unknown-linux-gnu,nu-ansi-term,0.50.3,ansi::test::yellow_bold,full,success,0.10906226966666667,,,,
x86_64-unknown-linux-gnu,nu-ansi-term,0.50.3,ansi::test::yellow_bold_2,full,success,0.10883904633333334,,,,
x86_64-unknown-linux-gnu,nu-ansi-term,0.50.3,ansi::test::yellow_on_blue,full,success,0.10808969833333333,,,,
x86_64-unknown-linux-gnu,nu-ansi-term,0.50.3,ansi::test::yellow_on_blue_2,full,success,0.11616860200000001,,,,
x86_64-unknown-linux-gnu,nu-ansi-term,0.50.3,ansi::test::yellow_on_blue_reset,full,success,0.10830688333333334,,,,
x86_64-unknown-linux-gnu,nu-ansi-term,0.50.3,ansi::test::yellow_on_blue_reset_2,full,success,0.12193487633333333,,,,
x86_64-unknown-linux-gnu,nu-ansi-term,0.50.3,debug::test::bold,full,success,0.10640239033333333,,,,
x86_64-unknown-linux-gnu,nu-ansi-term,0.50.3,debug::test::both,full,success,0.10835186299999999,,,,
x86_64-unknown-linux-gnu,nu-ansi-term,0.50.3,debug::test::empty,full,success,0.112092623,,,,
x86_64-unknown-linux-gnu,nu-ansi-term,0.50.3,debug::test::everything,full,success,0.10917076966666668,,,,
x86_64-unknown-linux-gnu,nu-ansi-term,0.50.3,debug::test::italic,full,success,0.10681565466666666,,,,
x86_64-unknown-linux-gnu,nu-ansi-term,0.50.3,debug::test::long_and_detailed,full,success,0.11761316733333334,,,,
x86_64-unknown-linux-gnu,nu-ansi-term,0.50.3,debug::test::red,full,success,0.11251920033333335,,,,
x86_64-unknown-linux-gnu,nu-ansi-term,0.50.3,debug::test::redblue,full,success,0.111065702,,,,
x86_64-unknown-linux-gnu,nu-ansi-term,0.50.3,difference::test::addition_of_blink,full,success,0.10954710966666666,,,,
x86_64-unknown-linux-gnu,nu-ansi-term,0.50.3,difference::test::addition_of_dimmed,full,success,0.10821526066666666,,,,
x86_64-unknown-linux-gnu,nu-ansi-term,0.50.3,difference::test::addition_of_hidden,full,success,0.10682875900000001,,,,
x86_64-unknown-linux-gnu,nu-ansi-term,0.50.3,difference::test::addition_of_reverse,full,success,0.10904422766666667,,,,
x86_64-unknown-linux-gnu,nu-ansi-term,0.50.3,difference::test::addition_of_strikethrough,full,success,0.10915836966666669,,,,
x86_64-unknown-linux-gnu,nu-ansi-term,0.50.3,difference::test::color_change,full,success,0.10771126733333335,,,,
x86_64-unknown-linux-gnu,nu-ansi-term,0.50.3,difference::test::lowercase,full,success,0.10593788866666666,,,,
x86_64-unknown-linux-gnu,nu-ansi-term,0.50.3,difference::test::nothing,full,success,0.106905072,,,,
x86_64-unknown-linux-gnu,nu-ansi-term,0.50.3,difference::test::nothing2,full,success,0.10546525666666667,,,,
x86_64-unknown-linux-gnu,nu-ansi-term,0.50.3,difference::test::removal_of_blink,full,success,0.10653328900000002,,,,
x86_64-unknown-linux-gnu,nu-ansi-term,0.50.3,difference::test::removal_of_dimmed,full,success,0.10666652566666666,,,,
x86_64-unknown-linux-gnu,nu-ansi-term,0.50.3,difference::test::removal_of_hidden,full,success,0.106828482,,,,
x86_64-unknown-linux-gnu,nu-ansi-term,0.50.3,difference::test::removal_of_reverse,full,success,0.113097269,,,,
x86_64-unknown-linux-gnu,nu-ansi-term,0.50.3,difference::test::removal_of_strikethrough,full,success,0.10692517166666667,,,,
x86_64-unknown-linux-gnu,nu-ansi-term,0.50.3,difference::test::uppercase,full,success,0.11142685000000001,,,,
x86_64-unknown-linux-gnu,nu-ansi-term,0.50.3,display::tests::hyperlink,full,success,0.11040479233333333,,,,
x86_64-unknown-linux-gnu,nu-ansi-term,0.50.3,display::tests::hyperlinks,full,success,0.115610061,,,,
x86_64-unknown-linux-gnu,nu-ansi-term,0.50.3,display::tests::no_control_codes_for_plain,full,success,0.10878505766666668,,,,
x86_64-unknown-linux-gnu,nu-ansi-term,0.50.3,display::tests::title,full,success,0.117115225,,,,
x86_64-unknown-linux-gnu,nu-ansi-term,0.50.3,util::test::test,full,success,0.110801511,,,,
x86_64-unknown-linux-gnu,num-bigint,0.4.6,bigint::test_assign_from_slice,full,success,0.133681443,,,,
x86_64-unknown-linux-gnu,num-bigint,0.4.6,bigint::test_from_biguint,full,success,0.13163275633333335,,,,
x86_64-unknown-linux-gnu,num-bigint,0.4.6,bigint::test_from_slice,full,success,0.13206341566666668,,,,
x86_64-unknown-linux-gnu,num-bigint,0.4.6,biguint::convert::test_half_radix_bases,full,success,0.14372185433333332,,,,
x86_64-unknown-linux-gnu,num-bigint,0.4.6,biguint::convert::test_radix_bases,full,success,0.15363085233333335,,,,
x86_64-unknown-linux-gnu,num-bigint,0.4.6,biguint::iter::test_iter_u32_digits,full,success,0.129768823,,,,
x86_64-unknown-linux-gnu,num-bigint,0.4.6,biguint::iter::test_iter_u32_digits_be,full,success,0.12844435733333334,,,,
x86_64-unknown-linux-gnu,num-bigint,0.4.6,biguint::iter::test_iter_u64_digits,full,success,0.13174899566666667,,,,
x86_64-unknown-linux-gnu,num-bigint,0.4.6,biguint::iter::test_iter_u64_digits_be,full,success,0.13134779900000002,,,,
x86_64-unknown-linux-gnu,num-bigint,0.4.6,biguint::multiplication::test_sub_sign,full,success,0.1436878706666667,,,,
x86_64-unknown-linux-gnu,num-bigint,0.4.6,biguint::power::test_plain_modpow,full,success,3.090033761333333,,,,
x86_64-unknown-linux-gnu,num-bigint,0.4.6,biguint::power::test_pow_biguint,full,success,0.13027842366666667,,,,
x86_64-unknown-linux-gnu,num-bigint,0.4.6,biguint::test_from_slice,full,success,0.13214234366666666,,,,
x86_64-unknown-linux-gnu,num-bigint,0.4.6,biguint::test_u128_u32_roundtrip,full,success,0.13116599400000004,,,,
x86_64-unknown-linux-gnu,num-bigint,0.4.6,biguint::test_u32_u128,full,success,0.12964258533333334,,,,
x86_64-unknown-linux-gnu,num-complex,0.4.6,cast::test::test_as_primitive,full,success,0.12159479066666667,,,,
x86_64-unknown-linux-gnu,num-complex,0.4.6,cast::test::test_from_primitive,full,success,0.12108441966666668,,,,
x86_64-unknown-linux-gnu,num-complex,0.4.6,cast::test::test_num_cast,full,success,0.11425299033333335,,,,
x86_64-unknown-linux-gnu,num-complex,0.4.6,cast::test::test_to_primitive,full,success,0.11998279766666668,,,,
x86_64-unknown-linux-gnu,num-complex,0.4.6,complex_float::test::test_arg,full,success,0.11731251866666666,,,,
x86_64-unknown-linux-gnu,num-complex,0.4.6,complex_float::test::test_conj,full,success,0.12485152700000002,,,,
x86_64-unknown-linux-gnu,num-complex,0.4.6,complex_float::test::test_exp,full,success,0.11924413700000001,,,,
x86_64-unknown-linux-gnu,num-complex,0.4.6,complex_float::test::test_exp2,full,success,0.117590245,,,,
x86_64-unknown-linux-gnu,num-complex,0.4.6,complex_float::test::test_is_finite,full,success,0.11229088300000001,,,,
x86_64-unknown-linux-gnu,num-complex,0.4.6,complex_float::test::test_is_infinite,full,success,0.11140954366666667,,,,
x86_64-unknown-linux-gnu,num-complex,0.4.6,complex_float::test::test_is_nan,full,success,0.11521660300000001,,,,
x86_64-unknown-linux-gnu,num-complex,0.4.6,complex_float::test::test_is_normal,full,success,0.11010803000000001,,,,
x86_64-unknown-linux-gnu,num-complex,0.4.6,complex_float::test::test_log10,full,success,0.111501886,,,,
x86_64-unknown-linux-gnu,num-complex,0.4.6,complex_float::test::test_log2,full,success,0.11259772066666668,,,,
x86_64-unknown-linux-gnu,num-complex,0.4.6,complex_float::test::test_powi,full,success,0.11121599433333335,,,,
x86_64-unknown-linux-gnu,num-complex,0.4.6,complex_float::test::test_powz,full,success,0.11998692633333334,,,,
x86_64-unknown-linux-gnu,num-complex,0.4.6,test::complex_arithmetic::test_add,full,success,0.11398129066666668,,,,
x86_64-unknown-linux-gnu,num-complex,0.4.6,test::complex_arithmetic::test_div,full,success,0.11863024233333334,,,,
x86_64-unknown-linux-gnu,num-complex,0.4.6,test::complex_arithmetic::test_mul,full,success,0.12038537866666667,,,,
x86_64-unknown-linux-gnu,num-complex,0.4.6,test::complex_arithmetic::test_mul_add,full,success,0.12427944233333334,,,,
x86_64-unknown-linux-gnu,num-complex,0.4.6,test::complex_arithmetic::test_mul_add_float,full,success,0.13559294833333335,,,,
x86_64-unknown-linux-gnu,num-complex,0.4.6,test::complex_arithmetic::test_neg,full,success,0.116116076,,,,
x86_64-unknown-linux-gnu,num-complex,0.4.6,test::complex_arithmetic::test_rem,full,success,0.11753933200000001,,,,
x86_64-unknown-linux-gnu,num-complex,0.4.6,test::complex_arithmetic::test_sub,full,success,0.12369840900000001,,,,
x86_64-unknown-linux-gnu,num-complex,0.4.6,test::float::test_acos,full,success,0.11824014866666667,,,,
x86_64-unknown-linux-gnu,num-complex,0.4.6,test::float::test_acosh,full,success,0.11975221533333334,,,,
x86_64-unknown-linux-gnu,num-complex,0.4.6,test::float::test_arg,full,success,0.12132848366666667,,,,
x86_64-unknown-linux-gnu,num-complex,0.4.6,test::float::test_asin,full,success,0.122615974,,,,
x86_64-unknown-linux-gnu,num-complex,0.4.6,test::float::test_asinh,full,success,0.11916818166666669,,,,
x86_64-unknown-linux-gnu,num-complex,0.4.6,test::float::test_atan,full,success,0.11696597266666668,,,,
x86_64-unknown-linux-gnu,num-complex,0.4.6,test::float::test_atanh,full,success,0.11902414300000001,,,,
x86_64-unknown-linux-gnu,num-complex,0.4.6,test::float::test_cbrt,full,success,0.12239002233333333,,,,
x86_64-unknown-linux-gnu,num-complex,0.4.6,test::float::test_cbrt_imag,full,success,0.12898884033333335,,,,
x86_64-unknown-linux-gnu,num-complex,0.4.6,test::float::test_cbrt_real,full,success,0.12530700233333333,,,,
x86_64-unknown-linux-gnu,num-complex,0.4.6,test::float::test_cis,full,success,0.11269828566666668,,,,
x86_64-unknown-linux-gnu,num-complex,0.4.6,test::float::test_cos,full,success,0.11381207833333334,,,,
x86_64-unknown-linux-gnu,num-complex,0.4.6,test::float::test_cosh,full,success,0.11531325933333335,,,,
x86_64-unknown-linux-gnu,num-complex,0.4.6,test::float::test_exp,full,success,0.12364879533333334,,,,
x86_64-unknown-linux-gnu,num-complex,0.4.6,test::float::test_exp2,full,success,0.11937534500000001,,,,
x86_64-unknown-linux-gnu,num-complex,0.4.6,test::float::test_exp2_log,full,success,0.12301744566666668,,,,
x86_64-unknown-linux-gnu,num-complex,0.4.6,test::float::test_exp_ln,full,success,0.12240637033333335,,,,
x86_64-unknown-linux-gnu,num-complex,0.4.6,test::float::test_hyperbolic_identites,full,success,0.12099190666666666,,,,
x86_64-unknown-linux-gnu,num-complex,0.4.6,test::float::test_ln,full,success,0.11697980533333334,,,,
x86_64-unknown-linux-gnu,num-complex,0.4.6,test::float::test_log,full,success,0.11674942933333333,,,,
x86_64-unknown-linux-gnu,num-complex,0.4.6,test::float::test_log10,full,success,0.11650930633333334,,,,
x86_64-unknown-linux-gnu,num-complex,0.4.6,test::float::test_log2,full,success,0.11954852533333334,,,,
x86_64-unknown-linux-gnu,num-complex,0.4.6,test::float::test_norm,full,success,0.11900987866666668,,,,
x86_64-unknown-linux-gnu,num-complex,0.4.6,test::float::test_polar_conv,full,success,0.119515634,,,,
x86_64-unknown-linux-gnu,num-complex,0.4.6,test::float::test_powc,full,success,0.11800812166666667,,,,
x86_64-unknown-linux-gnu,num-complex,0.4.6,test::float::test_powf,full,success,0.11892187866666666,,,,
x86_64-unknown-linux-gnu,num-complex,0.4.6,test::float::test_sin,full,success,0.12657073466666666,,,,
x86_64-unknown-linux-gnu,num-complex,0.4.6,test::float::test_sinh,full,success,0.12022684866666668,,,,
x86_64-unknown-linux-gnu,num-complex,0.4.6,test::float::test_some_expf_cases,full,success,0.11842826333333334,,,,
x86_64-unknown-linux-gnu,num-complex,0.4.6,test::float::test_sqrt,full,success,0.12151427466666669,,,,
x86_64-unknown-linux-gnu,num-complex,0.4.6,test::float::test_sqrt_imag,full,success,0.12707075199999998,,,,
x86_64-unknown-linux-gnu,num-complex,0.4.6,test::float::test_sqrt_real,full,success,0.12341489000000001,,,,
x86_64-unknown-linux-gnu,num-complex,0.4.6,test::float::test_tan,full,success,0.12075324833333334,,,,
x86_64-unknown-linux-gnu,num-complex,0.4.6,test::float::test_tanh,full,success,0.12780574733333336,,,,
x86_64-unknown-linux-gnu,num-complex,0.4.6,test::float::test_trig_identities,full,success,0.121412395,,,,
x86_64-unknown-linux-gnu,num-complex,0.4.6,test::float::test_trig_to_hyperbolic,full,success,0.12005023266666669,,,,
x86_64-unknown-linux-gnu,num-complex,0.4.6,test::real_arithmetic::test_add,full,success,0.12143764933333334,,,,
x86_64-unknown-linux-gnu,num-complex,0.4.6,test::real_arithmetic::test_div,full,success,0.11751938733333334,,,,
x86_64-unknown-linux-gnu,num-complex,0.4.6,test::real_arithmetic::test_div_rem_gaussian,full,success,0.12750105633333333,,,,
x86_64-unknown-linux-gnu,num-complex,0.4.6,test::real_arithmetic::test_mul,full,success,0.11765431100000001,,,,
x86_64-unknown-linux-gnu,num-complex,0.4.6,test::real_arithmetic::test_rem,full,success,0.12386056299999999,,,,
x86_64-unknown-linux-gnu,num-complex,0.4.6,test::real_arithmetic::test_sub,full,success,0.11770139500000003,,,,
x86_64-unknown-linux-gnu,num-complex,0.4.6,test::test_conj,full,success,0.11637479333333334,,,,
x86_64-unknown-linux-gnu,num-complex,0.4.6,test::test_const,full,success,0.12257909566666668,,,,
x86_64-unknown-linux-gnu,num-complex,0.4.6,test::test_consts,full,success,0.117471371,,,,
x86_64-unknown-linux-gnu,num-complex,0.4.6,test::test_divide_by_zero_natural,full,success,0.12844112500000002,,,,
x86_64-unknown-linux-gnu,num-complex,0.4.6,test::test_from_str,full,success,0.141994644,,,,
x86_64-unknown-linux-gnu,num-complex,0.4.6,test::test_from_str_fail,full,success,0.11869796733333333,,,,
x86_64-unknown-linux-gnu,num-complex,0.4.6,test::test_from_str_radix,full,success,0.11951206766666667,,,,
x86_64-unknown-linux-gnu,num-complex,0.4.6,test::test_from_str_radix_fail,full,success,0.12565794466666666,,,,
x86_64-unknown-linux-gnu,num-complex,0.4.6,test::test_hash,full,success,0.119972861,,,,
x86_64-unknown-linux-gnu,num-complex,0.4.6,test::test_hashset,full,success,0.12388241266666668,,,,
x86_64-unknown-linux-gnu,num-complex,0.4.6,test::test_inv,full,success,0.118037507,,,,
x86_64-unknown-linux-gnu,num-complex,0.4.6,test::test_inv_zero,full,success,0.124627487,,,,
x86_64-unknown-linux-gnu,num-complex,0.4.6,test::test_is_finite,full,success,0.11478933433333334,,,,
x86_64-unknown-linux-gnu,num-complex,0.4.6,test::test_is_infinite,full,success,0.12154277400000002,,,,
x86_64-unknown-linux-gnu,num-complex,0.4.6,test::test_is_nan,full,success,0.11858627466666667,,,,
x86_64-unknown-linux-gnu,num-complex,0.4.6,test::test_is_nan_special_cases,full,success,0.12431651266666666,,,,
x86_64-unknown-linux-gnu,num-complex,0.4.6,test::test_is_normal,full,success,0.12474605566666667,,,,
x86_64-unknown-linux-gnu,num-complex,0.4.6,test::test_l1_norm,full,success,0.12347374833333334,,,,
x86_64-unknown-linux-gnu,num-complex,0.4.6,test::test_one,full,success,0.11878459933333334,,,,
x86_64-unknown-linux-gnu,num-complex,0.4.6,test::test_pow,full,success,0.14591061600000002,,,,
x86_64-unknown-linux-gnu,num-complex,0.4.6,test::test_prod,full,success,0.11906663066666667,,,,
x86_64-unknown-linux-gnu,num-complex,0.4.6,test::test_scale_unscale,full,success,0.12138602166666668,,,,
x86_64-unknown-linux-gnu,num-complex,0.4.6,test::test_string_formatting,full,success,0.142417155,,,,
x86_64-unknown-linux-gnu,num-complex,0.4.6,test::test_sum,full,success,0.12495462233333333,,,,
x86_64-unknown-linux-gnu,num-complex,0.4.6,test::test_to_string,full,success,0.13598819633333334,,,,
x86_64-unknown-linux-gnu,num-complex,0.4.6,test::test_zero,full,success,0.11545596366666667,,,,
x86_64-unknown-linux-gnu,object,0.39.1,pod::tests::single,full,success,0.13625753766666668,,,,
x86_64-unknown-linux-gnu,object,0.39.1,pod::tests::slice,full,success,0.135505589,,,,
x86_64-unknown-linux-gnu,object,0.39.1,pod::tests::slice_zero,full,success,0.13312652300000002,,,,
x86_64-unknown-linux-gnu,object,0.39.1,read::archive::tests::aix_names,full,success,0.13993008199999998,,,,
x86_64-unknown-linux-gnu,object,0.39.1,read::archive::tests::bsd_names,full,success,0.14070083633333333,,,,
x86_64-unknown-linux-gnu,object,0.39.1,read::archive::tests::gnu_names,full,success,0.14327823566666667,,,,
x86_64-unknown-linux-gnu,object,0.39.1,read::archive::tests::kind,full,success,0.14523891833333333,,,,
x86_64-unknown-linux-gnu,object,0.39.1,read::archive::tests::thin_gnu_names,full,success,0.14485753066666668,,,,
x86_64-unknown-linux-gnu,object,0.39.1,read::coff::section::tests::name_offset,full,success,0.14043410866666664,,,,
x86_64-unknown-linux-gnu,object,0.39.1,read::macho::load_command::tests::cmd_size_invalid,full,success,0.139249528,,,,
x86_64-unknown-linux-gnu,object,0.39.1,read::macho::load_command::tests::function_starts_invalid_uleb128,full,success,0.13887596266666669,,,,
x86_64-unknown-linux-gnu,object,0.39.1,read::util::tests::bytes,full,success,0.14146535366666668,,,,
x86_64-unknown-linux-gnu,object,0.39.1,read::util::tests::bytes_debug,full,success,0.14668627766666667,,,,
x86_64-unknown-linux-gnu,once_cell,1.21.4,imp::tests::poison_bad,full,success,0.13443080200000002,,,,
x86_64-unknown-linux-gnu,once_cell,1.21.4,imp::tests::smoke_once,full,success,0.13231328866666667,,,,
x86_64-unknown-linux-gnu,once_cell,1.21.4,imp::tests::stampede_once,full,success,0.14357236766666667,,,,
x86_64-unknown-linux-gnu,once_cell,1.21.4,imp::tests::test_size,full,success,0.13081190966666667,,,,
x86_64-unknown-linux-gnu,once_cell,1.21.4,imp::tests::wait_for_force_to_finish,full,success,0.14520020033333333,,,,
x86_64-unknown-linux-gnu,parking_lot_core,0.9.12,parking_lot::tests::unpark_all_hundred,full,success,20.492881296000004,,,,
x86_64-unknown-linux-gnu,parking_lot_core,0.9.12,parking_lot::tests::unpark_all_one,full,success,0.32942523166666665,,,,
x86_64-unknown-linux-gnu,parking_lot_core,0.9.12,parking_lot::tests::unpark_all_one_fast,full,success,2.4564252436666667,,,,
x86_64-unknown-linux-gnu,parking_lot_core,0.9.12,parking_lot::tests::unpark_one_fifty,full,success,1.361883228,,,,
x86_64-unknown-linux-gnu,parking_lot_core,0.9.12,parking_lot::tests::unpark_one_fifty_then_fifty_all,full,success,7.787710049,,,,
x86_64-unknown-linux-gnu,parking_lot_core,0.9.12,parking_lot::tests::unpark_one_hundred_fast,full,success,13.567343461666667,,,,
x86_64-unknown-linux-gnu,parking_lot_core,0.9.12,parking_lot::tests::unpark_one_one,full,success,0.23240434666666668,,,,
x86_64-unknown-linux-gnu,parking_lot_core,0.9.12,parking_lot::tests::unpark_one_one_fast,full,success,2.2886603660000002,,,,
x86_64-unknown-linux-gnu,pem-rfc7468,1.0.0,decoder::tests::pkcs8_example,full,success,0.13466735733333335,,,,
x86_64-unknown-linux-gnu,pem-rfc7468,1.0.0,grammar::tests::split_label_empty,full,success,0.13006652633333335,,,,
x86_64-unknown-linux-gnu,pem-rfc7468,1.0.0,grammar::tests::split_label_with_repeat_wsp_is_err,full,success,0.13494642,,,,
x86_64-unknown-linux-gnu,pem-rfc7468,1.0.0,grammar::tests::split_label_with_text,full,success,0.127980727,,,,
x86_64-unknown-linux-gnu,pem-rfc7468,1.0.0,grammar::tests::validate_private_key_label,full,success,0.12850787966666666,,,,
x86_64-unknown-linux-gnu,pem-rfc7468,1.0.0,grammar::tests::validate_private_key_label_reject_double_space,full,success,0.1297844026666667,,,,
x86_64-unknown-linux-gnu,percent-encoding,2.3.2,ascii_set::tests::add_op,full,success,0.10707388800000002,,,,
x86_64-unknown-linux-gnu,percent-encoding,2.3.2,ascii_set::tests::complement,full,success,0.10337407700000001,,,,
x86_64-unknown-linux-gnu,percent-encoding,2.3.2,ascii_set::tests::not_op,full,success,0.10353481333333335,,,,
x86_64-unknown-linux-gnu,percent-encoding,2.3.2,ascii_set::tests::union,full,success,0.10365449600000003,,,,
x86_64-unknown-linux-gnu,percent-encoding,2.3.2,tests::percent_decode,full,success,0.11014567600000001,,,,
x86_64-unknown-linux-gnu,percent-encoding,2.3.2,tests::percent_decode_collect,full,success,0.10443299100000002,,,,
x86_64-unknown-linux-gnu,percent-encoding,2.3.2,tests::percent_decode_cow,full,success,0.10680411100000002,,,,
x86_64-unknown-linux-gnu,percent-encoding,2.3.2,tests::percent_decode_invalid_utf8,full,success,0.10650471133333335,,,,
x86_64-unknown-linux-gnu,percent-encoding,2.3.2,tests::percent_decode_str,full,success,0.10997164,,,,
x86_64-unknown-linux-gnu,percent-encoding,2.3.2,tests::percent_decode_utf8_lossy,full,success,0.11212858366666667,,,,
x86_64-unknown-linux-gnu,percent-encoding,2.3.2,tests::percent_decode_utf8_lossy_invalid_utf8,full,success,0.10835895133333334,,,,
x86_64-unknown-linux-gnu,percent-encoding,2.3.2,tests::percent_encode_accepts_ascii_set_ref,full,success,0.10483518400000001,,,,
x86_64-unknown-linux-gnu,percent-encoding,2.3.2,tests::percent_encode_byte,full,success,0.17621402133333333,,,,
x86_64-unknown-linux-gnu,percent-encoding,2.3.2,tests::percent_encode_collect,full,success,0.11168407666666667,,,,
x86_64-unknown-linux-gnu,percent-encoding,2.3.2,tests::percent_encode_cow,full,success,0.10638135900000001,,,,
x86_64-unknown-linux-gnu,percent-encoding,2.3.2,tests::percent_encode_display,full,success,0.10610757266666666,,,,
x86_64-unknown-linux-gnu,percent-encoding,2.3.2,tests::utf8_percent_encode,full,success,0.10662677966666667,,,,
x86_64-unknown-linux-gnu,percent-encoding,2.3.2,tests::utf8_percent_encode_accepts_ascii_set_ref,full,success,0.10506114700000001,,,,
x86_64-unknown-linux-gnu,petgraph,0.8.3,acyclic::tests::test_acyclic_graph,full,success,0.16999934166666666,,,,
x86_64-unknown-linux-gnu,petgraph,0.8.3,acyclic::tests::test_acyclic_graph_add_remove,full,success,0.16089236500000004,,,,
x86_64-unknown-linux-gnu,petgraph,0.8.3,acyclic::tests::test_multiedge_allowed,full,success,0.15543619666666667,,,,
x86_64-unknown-linux-gnu,petgraph,0.8.3,algo::bridges::tests::test_bridges,full,success,0.17799225033333332,,,,
x86_64-unknown-linux-gnu,petgraph,0.8.3,algo::dominators::tests::test_iter_dominators,full,success,0.14119752633333335,,,,
x86_64-unknown-linux-gnu,petgraph,0.8.3,algo::simple_paths::test::test_all_simple_paths,full,success,0.29635974633333334,,,,
x86_64-unknown-linux-gnu,petgraph,0.8.3,algo::simple_paths::test::test_all_simple_paths_corner_cases,full,success,0.14097692433333334,,,,
x86_64-unknown-linux-gnu,petgraph,0.8.3,algo::simple_paths::test::test_all_simple_paths_directed,full,success,0.15088755066666668,,,,
x86_64-unknown-linux-gnu,petgraph,0.8.3,algo::simple_paths::test::test_all_simple_paths_empty,full,success,0.14696580066666667,,,,
x86_64-unknown-linux-gnu,petgraph,0.8.3,algo::simple_paths::test::test_all_simple_paths_ignores_cycle,full,success,0.148714726,,,,
x86_64-unknown-linux-gnu,petgraph,0.8.3,algo::simple_paths::test::test_all_simple_paths_on_non_trivial_graph,full,success,0.21341177433333336,,,,
x86_64-unknown-linux-gnu,petgraph,0.8.3,algo::simple_paths::test::test_digraph_multi_target_paths,full,success,0.170162587,,,,
x86_64-unknown-linux-gnu,petgraph,0.8.3,algo::simple_paths::test::test_digraph_multi_target_paths_cutoff,full,success,0.17233836433333335,,,,
x86_64-unknown-linux-gnu,petgraph,0.8.3,algo::simple_paths::test::test_multi_target_paths,full,success,0.16932165000000002,,,,
x86_64-unknown-linux-gnu,petgraph,0.8.3,algo::simple_paths::test::test_multi_target_paths_cutoff,full,success,0.1704260036666667,,,,
x86_64-unknown-linux-gnu,petgraph,0.8.3,algo::simple_paths::test::test_multi_target_paths_in_cycle,full,success,0.16840573133333334,,,,
x86_64-unknown-linux-gnu,petgraph,0.8.3,algo::simple_paths::test::test_multi_target_paths_inline,full,success,0.15940147600000001,,,,
x86_64-unknown-linux-gnu,petgraph,0.8.3,algo::simple_paths::test::test_multi_target_paths_min_intermediate_nodes,full,success,0.20279963766666667,,,,
x86_64-unknown-linux-gnu,petgraph,0.8.3,algo::simple_paths::test::test_multi_target_source_is_target,full,success,0.15778452133333334,,,,
x86_64-unknown-linux-gnu,petgraph,0.8.3,algo::simple_paths::test::test_no_simple_paths,full,success,0.16041326,,,,
x86_64-unknown-linux-gnu,petgraph,0.8.3,algo::simple_paths::test::test_one_simple_path,full,success,0.164424863,,,,
x86_64-unknown-linux-gnu,petgraph,0.8.3,algo::simple_paths::test::test_path_graph,full,success,0.15321543366666668,,,,
x86_64-unknown-linux-gnu,petgraph,0.8.3,algo::simple_paths::test::test_simple_path_source_target,full,success,0.1527406126666667,,,,
x86_64-unknown-linux-gnu,petgraph,0.8.3,algo::simple_paths::test::test_simple_paths_cutoff,full,success,0.17067452566666666,,,,
x86_64-unknown-linux-gnu,petgraph,0.8.3,algo::simple_paths::test::test_simple_paths_from_node_to_itself_in_complete_graph,full,success,0.1510972686666667,,,,
x86_64-unknown-linux-gnu,petgraph,0.8.3,algo::simple_paths::test::test_simple_paths_min_intermediate_nodes,full,success,0.173452776,,,,
x86_64-unknown-linux-gnu,petgraph,0.8.3,algo::steiner_tree::test::test_compute_metric_closure,full,success,0.21745425033333335,,,,
x86_64-unknown-linux-gnu,petgraph,0.8.3,algo::steiner_tree::test::test_remove_non_terminal_nodes,full,success,0.19110504100000003,,,,
x86_64-unknown-linux-gnu,petgraph,0.8.3,algo::steiner_tree::test::test_subgraph_from_metric_closure,full,success,0.3466392693333334,,,,
x86_64-unknown-linux-gnu,petgraph,0.8.3,algo::tred::test_easy_tred,full,success,0.14751031133333334,,,,
x86_64-unknown-linux-gnu,petgraph,0.8.3,csr::tests::csr1,full,success,0.16474325200000003,,,,
x86_64-unknown-linux-gnu,petgraph,0.8.3,csr::tests::csr_dfs,full,success,0.18206392733333335,,,,
x86_64-unknown-linux-gnu,petgraph,0.8.3,csr::tests::csr_from,full,success,0.15789312600000002,,,,
x86_64-unknown-linux-gnu,petgraph,0.8.3,csr::tests::csr_from_error_1,full,success,0.156150797,,,,
x86_64-unknown-linux-gnu,petgraph,0.8.3,csr::tests::csr_from_error_2,full,success,0.146804646,,,,
x86_64-unknown-linux-gnu,petgraph,0.8.3,csr::tests::csr_from_undirected,full,success,0.170443189,,,,
x86_64-unknown-linux-gnu,petgraph,0.8.3,csr::tests::csr_tarjan,full,success,0.17373967499999998,,,,
x86_64-unknown-linux-gnu,petgraph,0.8.3,csr::tests::csr_undirected,full,success,0.16003112,,,,
x86_64-unknown-linux-gnu,petgraph,0.8.3,csr::tests::test_add_node,full,success,0.15367588066666668,,,,
x86_64-unknown-linux-gnu,petgraph,0.8.3,csr::tests::test_add_node_with_existing_edges,full,success,0.152403209,,,,
x86_64-unknown-linux-gnu,petgraph,0.8.3,csr::tests::test_bellman_ford,full,success,0.20626865033333333,,,,
x86_64-unknown-linux-gnu,petgraph,0.8.3,csr::tests::test_bellman_ford_neg_cycle,full,success,0.15676377466666666,,,,
x86_64-unknown-linux-gnu,petgraph,0.8.3,csr::tests::test_edge_references,full,success,0.20007514733333334,,,,
x86_64-unknown-linux-gnu,petgraph,0.8.3,csr::tests::test_find_neg_cycle1,full,success,0.15831507,,,,
x86_64-unknown-linux-gnu,petgraph,0.8.3,csr::tests::test_find_neg_cycle2,full,success,0.15655865400000002,,,,
x86_64-unknown-linux-gnu,petgraph,0.8.3,csr::tests::test_find_neg_cycle3,full,success,0.158779169,,,,
x86_64-unknown-linux-gnu,petgraph,0.8.3,csr::tests::test_find_neg_cycle4,full,success,0.14396991966666667,,,,
x86_64-unknown-linux-gnu,petgraph,0.8.3,csr::tests::test_node_references,full,success,0.14026397000000002,,,,
x86_64-unknown-linux-gnu,petgraph,0.8.3,dot::test::test_edgeindexlable_option,full,success,0.15666280600000002,,,,
x86_64-unknown-linux-gnu,petgraph,0.8.3,dot::test::test_edgenolable_option,full,success,0.14307782033333336,,,,
x86_64-unknown-linux-gnu,petgraph,0.8.3,dot::test::test_escape,full,success,0.1377110016666667,,,,
x86_64-unknown-linux-gnu,petgraph,0.8.3,dot::test::test_nodeindexlable_option,full,success,0.14781334599999998,,,,
x86_64-unknown-linux-gnu,petgraph,0.8.3,dot::test::test_nodenolable_option,full,success,0.15146402700000003,,,,
x86_64-unknown-linux-gnu,petgraph,0.8.3,dot::test::test_rankdir_bt_option,full,success,0.15250989233333334,,,,
x86_64-unknown-linux-gnu,petgraph,0.8.3,dot::test::test_rankdir_lr_option,full,success,0.1453931036666667,,,,
x86_64-unknown-linux-gnu,petgraph,0.8.3,dot::test::test_rankdir_rl_option,full,success,0.15082436600000002,,,,
x86_64-unknown-linux-gnu,petgraph,0.8.3,dot::test::test_rankdir_tb_option,full,success,0.153541851,,,,
x86_64-unknown-linux-gnu,petgraph,0.8.3,dot::test::test_with_attr_getters,full,success,0.152560166,,,,
x86_64-unknown-linux-gnu,petgraph,0.8.3,graph_impl::stable_graph::dfs,full,success,0.18142688733333334,,,,
x86_64-unknown-linux-gnu,petgraph,0.8.3,graph_impl::stable_graph::extend_with_edges,full,success,0.15390880566666668,,,,
x86_64-unknown-linux-gnu,petgraph,0.8.3,graph_impl::stable_graph::stable_graph,full,success,0.21650853733333333,,,,
x86_64-unknown-linux-gnu,petgraph,0.8.3,graph_impl::stable_graph::test_retain_nodes,full,success,0.16182247633333335,,,,
x86_64-unknown-linux-gnu,petgraph,0.8.3,graph_impl::stable_graph::test_reverse,full,success,0.14288257833333334,,,,
x86_64-unknown-linux-gnu,petgraph,0.8.3,graph_impl::stable_graph::test_reverse_after_remove_edges,full,success,0.14179998566666666,,,,
x86_64-unknown-linux-gnu,petgraph,0.8.3,graph_impl::stable_graph::test_reverse_after_remove_nodes,full,success,0.16099032233333335,,,,
x86_64-unknown-linux-gnu,petgraph,0.8.3,matrix_graph::tests::test_add_edge,full,success,0.14896574966666667,,,,
x86_64-unknown-linux-gnu,petgraph,0.8.3,matrix_graph::tests::test_add_edge_with_extension,full,success,0.15249152566666666,,,,
x86_64-unknown-linux-gnu,petgraph,0.8.3,matrix_graph::tests::test_add_edge_with_weights,full,success,0.14848608033333333,,,,
x86_64-unknown-linux-gnu,petgraph,0.8.3,matrix_graph::tests::test_add_edge_with_weights_undirected,full,success,0.1473217746666667,,,,
x86_64-unknown-linux-gnu,petgraph,0.8.3,matrix_graph::tests::test_add_or_update_edge,full,success,0.242339258,,,,
x86_64-unknown-linux-gnu,petgraph,0.8.3,matrix_graph::tests::test_clear,full,success,0.150505802,,,,
x86_64-unknown-linux-gnu,petgraph,0.8.3,matrix_graph::tests::test_clear_undirected,full,success,0.14629094466666667,,,,
x86_64-unknown-linux-gnu,petgraph,0.8.3,matrix_graph::tests::test_default,full,success,0.149261299,,,,
x86_64-unknown-linux-gnu,petgraph,0.8.3,matrix_graph::tests::test_edge_references,full,success,0.16014335666666668,,,,
x86_64-unknown-linux-gnu,petgraph,0.8.3,matrix_graph::tests::test_edge_references_undirected,full,success,0.15473799633333332,,,,
x86_64-unknown-linux-gnu,petgraph,0.8.3,matrix_graph::tests::test_edges_directed,full,success,0.16009636566666668,,,,
x86_64-unknown-linux-gnu,petgraph,0.8.3,matrix_graph::tests::test_edges_of_absent_node_is_empty_iterator,full,success,0.14283643633333334,,,,
x86_64-unknown-linux-gnu,petgraph,0.8.3,matrix_graph::tests::test_edges_undirected,full,success,0.14932585900000003,,,,
x86_64-unknown-linux-gnu,petgraph,0.8.3,matrix_graph::tests::test_has_edge,full,success,0.14288489666666668,,,,
x86_64-unknown-linux-gnu,petgraph,0.8.3,matrix_graph::tests::test_id_storage,full,success,0.15176381066666667,,,,
x86_64-unknown-linux-gnu,petgraph,0.8.3,matrix_graph::tests::test_kosaraju_scc_with_removed_node,full,success,0.15488592266666668,,,,
x86_64-unknown-linux-gnu,petgraph,0.8.3,matrix_graph::tests::test_matrix_resize,full,success,0.15096088233333335,,,,
x86_64-unknown-linux-gnu,petgraph,0.8.3,matrix_graph::tests::test_neighbors,full,success,0.14883245,,,,
x86_64-unknown-linux-gnu,petgraph,0.8.3,matrix_graph::tests::test_neighbors_of_absent_node_is_empty_iterator,full,success,0.14145155500000003,,,,
x86_64-unknown-linux-gnu,petgraph,0.8.3,matrix_graph::tests::test_neighbors_undirected,full,success,0.14306164899999999,,,,
x86_64-unknown-linux-gnu,petgraph,0.8.3,matrix_graph::tests::test_new,full,success,0.13769816766666668,,,,
x86_64-unknown-linux-gnu,petgraph,0.8.3,matrix_graph::tests::test_node_identifiers,full,success,0.14722414966666666,,,,
x86_64-unknown-linux-gnu,petgraph,0.8.3,matrix_graph::tests::test_node_indexing,full,success,0.14124221433333337,,,,
x86_64-unknown-linux-gnu,petgraph,0.8.3,matrix_graph::tests::test_not_zero,full,success,0.14309329,,,,
x86_64-unknown-linux-gnu,petgraph,0.8.3,matrix_graph::tests::test_not_zero_asserted,full,success,0.15339232333333336,,,,
x86_64-unknown-linux-gnu,petgraph,0.8.3,matrix_graph::tests::test_not_zero_float,full,success,0.15135576799999997,,,,
x86_64-unknown-linux-gnu,petgraph,0.8.3,matrix_graph::tests::test_remove_edge,full,success,0.14606625933333334,,,,
x86_64-unknown-linux-gnu,petgraph,0.8.3,matrix_graph::tests::test_remove_node,full,success,0.14417111033333332,,,,
x86_64-unknown-linux-gnu,petgraph,0.8.3,matrix_graph::tests::test_remove_node_and_edges,full,success,0.15075171500000004,,,,
x86_64-unknown-linux-gnu,petgraph,0.8.3,matrix_graph::tests::test_remove_node_and_edges_undirected,full,success,0.15425752633333334,,,,
x86_64-unknown-linux-gnu,petgraph,0.8.3,matrix_graph::tests::test_tarjan_scc_with_removed_node,full,success,0.14968491133333334,,,,
x86_64-unknown-linux-gnu,petgraph,0.8.3,matrix_graph::tests::test_try_add_node,full,success,5.981189757,,,,
x86_64-unknown-linux-gnu,petgraph,0.8.3,matrix_graph::tests::test_try_update_edge,full,success,0.14239253066666666,,,,
x86_64-unknown-linux-gnu,petgraph,0.8.3,matrix_graph::tests::test_with_capacity,full,success,0.1484164756666667,,,,
x86_64-unknown-linux-gnu,petgraph,0.8.3,visit::undirected_adaptor::tests::test_is_reachable,full,success,0.14680924800000003,,,,
x86_64-unknown-linux-gnu,petgraph,0.8.3,visit::undirected_adaptor::tests::test_neighbors_count,full,success,0.153211902,,,,
x86_64-unknown-linux-gnu,petgraph,0.8.3,visit::undirected_adaptor::tests::test_undirected_adaptor_can_traverse,full,success,0.1580620146666667,,,,
x86_64-unknown-linux-gnu,petgraph,0.8.3,visit::undirected_adaptor::tests::test_undirected_edge_refs_point_both_ways,full,success,0.159167227,,,,
x86_64-unknown-linux-gnu,ppv-lite86,0.2.21,generic::test::test_bswap32,full,success,0.13488979933333334,,,,
x86_64-unknown-linux-gnu,ppv-lite86,0.2.21,generic::test_rotate_u128,full,success,0.136153534,,,,
x86_64-unknown-linux-gnu,predicates,3.1.4,boolean::test_and::find_case_false,full,success,0.131507373,,,,
x86_64-unknown-linux-gnu,predicates,3.1.4,boolean::test_and::find_case_false_fails,full,success,0.12951989033333333,,,,
x86_64-unknown-linux-gnu,predicates,3.1.4,boolean::test_and::find_case_false_left_fail,full,success,0.1382778006666667,,,,
x86_64-unknown-linux-gnu,predicates,3.1.4,boolean::test_and::find_case_false_right_fail,full,success,0.13001125000000002,,,,
x86_64-unknown-linux-gnu,predicates,3.1.4,boolean::test_and::find_case_true,full,success,0.13141812933333333,,,,
x86_64-unknown-linux-gnu,predicates,3.1.4,boolean::test_and::find_case_true_fails,full,success,0.13163502366666668,,,,
x86_64-unknown-linux-gnu,predicates,3.1.4,boolean::test_and::find_case_true_left_fail,full,success,0.1290578596666667,,,,
x86_64-unknown-linux-gnu,predicates,3.1.4,boolean::test_and::find_case_true_right_fail,full,success,0.130195003,,,,
x86_64-unknown-linux-gnu,predicates,3.1.4,boolean::test_or::find_case_false,full,success,0.13783690466666668,,,,
x86_64-unknown-linux-gnu,predicates,3.1.4,boolean::test_or::find_case_false_fails,full,success,0.13057806033333333,,,,
x86_64-unknown-linux-gnu,predicates,3.1.4,boolean::test_or::find_case_false_left_fail,full,success,0.13428904900000002,,,,
x86_64-unknown-linux-gnu,predicates,3.1.4,boolean::test_or::find_case_false_right_fail,full,success,0.1295258586666667,,,,
x86_64-unknown-linux-gnu,predicates,3.1.4,boolean::test_or::find_case_true,full,success,0.1348727906666667,,,,
x86_64-unknown-linux-gnu,predicates,3.1.4,boolean::test_or::find_case_true_fails,full,success,0.12866578866666667,,,,
x86_64-unknown-linux-gnu,predicates,3.1.4,boolean::test_or::find_case_true_left_fail,full,success,0.12961868166666668,,,,
x86_64-unknown-linux-gnu,predicates,3.1.4,boolean::test_or::find_case_true_right_fail,full,success,0.13002905,,,,
x86_64-unknown-linux-gnu,predicates,3.1.4,boxed::test::boxed_find_case,full,success,0.14217975033333335,,,,
x86_64-unknown-linux-gnu,predicates,3.1.4,boxed::test::unsized_boxed,full,success,0.13216614466666668,,,,
x86_64-unknown-linux-gnu,predicates,3.1.4,function::str_function,full,success,0.13040237966666665,,,,
x86_64-unknown-linux-gnu,quinn-udp,0.6.1,imp::gso::test::parse_current_kernel_version_release_string,full,success,0.13646202466666668,,,,
x86_64-unknown-linux-gnu,quinn-udp,0.6.1,imp::gso::test::parse_kernel_version_release_string,full,success,0.13640746833333334,,,,
x86_64-unknown-linux-gnu,quinn-udp,0.6.1,tests::effective_segment_size,full,success,0.129257606,,,,
x86_64-unknown-linux-gnu,r-efi,6.0.0,base::tests::booleans,full,success,0.21357095866666667,,,,
x86_64-unknown-linux-gnu,r-efi,6.0.0,base::tests::eficall,full,success,0.13308783866666665,,,,
x86_64-unknown-linux-gnu,r-efi,6.0.0,base::tests::guid,full,success,0.1341451446666667,,,,
x86_64-unknown-linux-gnu,r-efi,6.0.0,base::tests::type_size_and_alignment,full,success,0.136333508,,,,
x86_64-unknown-linux-gnu,radium,1.1.1,tests::absent_traits,full,success,0.090386646,,,,
x86_64-unknown-linux-gnu,radium,1.1.1,tests::always_alias,full,success,0.08567988333333333,,,,
x86_64-unknown-linux-gnu,radium,1.1.1,tests::always_cell,full,success,0.084559435,,,,
x86_64-unknown-linux-gnu,radium,1.1.1,tests::maybe_atom,full,success,0.08474952833333334,,,,
x86_64-unknown-linux-gnu,radium,1.1.1,tests::present_traits,full,success,0.08502256400000001,,,,
x86_64-unknown-linux-gnu,radium,1.1.1,types::tests::atom_impls,full,success,0.085742494,,,,
x86_64-unknown-linux-gnu,radium,1.1.1,types::tests::isotope_atomic,full,success,0.086357943,,,,
x86_64-unknown-linux-gnu,radium,1.1.1,types::tests::isotope_impls,full,success,0.08719680366666667,,,,
x86_64-unknown-linux-gnu,radium,1.1.1,types::tests::radon_impls,full,success,0.08525471766666666,,,,
x86_64-unknown-linux-gnu,rand,0.10.1,distr::bernoulli::test::bernoulli_distributions_can_be_compared,full,success,0.14277551666666669,,,,
x86_64-unknown-linux-gnu,rand,0.10.1,distr::bernoulli::test::test_trivial,full,success,0.14915735033333336,,,,
x86_64-unknown-linux-gnu,rand,0.10.1,distr::bernoulli::test::value_stability,full,success,0.14586646866666667,,,,
x86_64-unknown-linux-gnu,rand,0.10.1,distr::distribution::tests::test_dist_string,full,success,0.14801597000000002,,,,
x86_64-unknown-linux-gnu,rand,0.10.1,distr::distribution::tests::test_distributions_iter,full,success,0.14072859699999998,,,,
x86_64-unknown-linux-gnu,rand,0.10.1,distr::distribution::tests::test_distributions_map,full,success,0.14698648666666667,,,,
x86_64-unknown-linux-gnu,rand,0.10.1,distr::distribution::tests::test_make_an_iter,full,success,0.11346685366666669,,,,
x86_64-unknown-linux-gnu,rand,0.10.1,distr::float::tests::f32_edge_cases,full,success,0.11190925633333333,,,,
x86_64-unknown-linux-gnu,rand,0.10.1,distr::float::tests::f64_edge_cases,full,success,0.12368353433333334,,,,
x86_64-unknown-linux-gnu,rand,0.10.1,distr::float::tests::value_stability,full,success,0.11321940733333334,,,,
x86_64-unknown-linux-gnu,rand,0.10.1,distr::integer::tests::test_integers,full,success,0.12737868766666668,,,,
x86_64-unknown-linux-gnu,rand,0.10.1,distr::integer::tests::value_stability,full,success,0.11238815466666668,,,,
x86_64-unknown-linux-gnu,rand,0.10.1,distr::integer::tests::x86_integers,full,success,0.11232441033333335,,,,
x86_64-unknown-linux-gnu,rand,0.10.1,distr::other::tests::test_alphabetic,full,success,0.13587929833333334,,,,
x86_64-unknown-linux-gnu,rand,0.10.1,distr::other::tests::test_alphanumeric,full,success,0.11434706500000001,,,,
x86_64-unknown-linux-gnu,rand,0.10.1,distr::other::tests::test_chars,full,success,0.259727978,,,,
x86_64-unknown-linux-gnu,rand,0.10.1,distr::other::tests::test_misc,full,success,0.11442981666666667,,,,
x86_64-unknown-linux-gnu,rand,0.10.1,distr::other::tests::value_stability,full,success,0.13163639266666669,,,,
x86_64-unknown-linux-gnu,rand,0.10.1,distr::slice::test::value_stability,full,success,0.12592782733333333,,,,
x86_64-unknown-linux-gnu,rand,0.10.1,distr::uniform::float::tests::test_float_assertions,full,success,0.11749924600000002,,,,
x86_64-unknown-linux-gnu,rand,0.10.1,distr::uniform::float::tests::test_float_overflow,full,success,0.10970336700000001,,,,
x86_64-unknown-linux-gnu,rand,0.10.1,distr::uniform::float::tests::test_float_overflow_single,full,success,0.12685425633333336,,,,
x86_64-unknown-linux-gnu,rand,0.10.1,distr::uniform::float::tests::test_uniform_from_std_range,full,success,0.11114907800000001,,,,
x86_64-unknown-linux-gnu,rand,0.10.1,distr::uniform::float::tests::test_uniform_from_std_range_bad_limits,full,success,0.1387539716666667,,,,
x86_64-unknown-linux-gnu,rand,0.10.1,distr::uniform::float::tests::test_uniform_from_std_range_inclusive,full,success,0.10752930433333334,,,,
x86_64-unknown-linux-gnu,rand,0.10.1,distr::uniform::float::tests::test_uniform_from_std_range_inclusive_bad_limits,full,success,0.10929484100000002,,,,
x86_64-unknown-linux-gnu,rand,0.10.1,distr::uniform::int::tests::test_uniform_bad_limits_equal_int,full,success,0.1345488486666667,,,,
x86_64-unknown-linux-gnu,rand,0.10.1,distr::uniform::int::tests::test_uniform_bad_limits_flipped_int,full,success,0.11678945833333333,,,,
x86_64-unknown-linux-gnu,rand,0.10.1,distr::uniform::int::tests::test_uniform_from_std_range,full,success,0.11922092700000002,,,,
x86_64-unknown-linux-gnu,rand,0.10.1,distr::uniform::int::tests::test_uniform_from_std_range_bad_limits,full,success,0.12778010366666667,,,,
x86_64-unknown-linux-gnu,rand,0.10.1,distr::uniform::int::tests::test_uniform_from_std_range_inclusive,full,success,0.11982991033333334,,,,
x86_64-unknown-linux-gnu,rand,0.10.1,distr::uniform::int::tests::test_uniform_from_std_range_inclusive_bad_limits,full,success,0.13101130333333336,,,,
x86_64-unknown-linux-gnu,rand,0.10.1,distr::uniform::int::tests::test_uniform_good_limits_equal_int,full,success,0.12271758966666668,,,,
x86_64-unknown-linux-gnu,rand,0.10.1,distr::uniform::int::tests::test_uniform_usize_constructors,full,success,0.14109294233333333,,,,
x86_64-unknown-linux-gnu,rand,0.10.1,distr::uniform::int::tests::test_uniform_usize_empty_range,full,success,0.13549037666666666,,,,
x86_64-unknown-linux-gnu,rand,0.10.1,distr::uniform::int::tests::value_stability,full,success,0.14800918733333335,,,,
x86_64-unknown-linux-gnu,rand,0.10.1,distr::uniform::tests::test_custom_uniform,full,success,0.140388289,,,,
x86_64-unknown-linux-gnu,rand,0.10.1,distr::uniform::tests::uniform_distributions_can_be_compared,full,success,0.13711295166666668,,,,
x86_64-unknown-linux-gnu,rand,0.10.1,distr::uniform::tests::value_stability,full,success,0.14993082533333335,,,,
x86_64-unknown-linux-gnu,rand,0.10.1,distr::weighted::weighted_index::test::overflow,full,success,0.14819488266666667,,,,
x86_64-unknown-linux-gnu,rand,0.10.1,distr::weighted::weighted_index::test::test_accepting_nan,full,success,0.1501252586666667,,,,
x86_64-unknown-linux-gnu,rand,0.10.1,distr::weighted::weighted_index::test::test_update_weights,full,success,0.148687759,,,,
x86_64-unknown-linux-gnu,rand,0.10.1,distr::weighted::weighted_index::test::test_update_weights_errors,full,success,0.14810436066666668,,,,
x86_64-unknown-linux-gnu,rand,0.10.1,distr::weighted::weighted_index::test::test_weight_at,full,success,0.14540227933333336,,,,
x86_64-unknown-linux-gnu,rand,0.10.1,distr::weighted::weighted_index::test::test_weights,full,success,0.15023584333333334,,,,
x86_64-unknown-linux-gnu,rand,0.10.1,distr::weighted::weighted_index::test::value_stability,full,success,0.152642617,,,,
x86_64-unknown-linux-gnu,rand,0.10.1,distr::weighted::weighted_index::test::weighted_index_distributions_can_be_compared,full,success,0.13859195300000002,,,,
x86_64-unknown-linux-gnu,rand,0.10.1,rng::test::test_fill,full,success,0.14807175133333336,,,,
x86_64-unknown-linux-gnu,rand,0.10.1,rng::test::test_fill_bytes_default,full,success,0.3568974796666667,,,,
x86_64-unknown-linux-gnu,rand,0.10.1,rng::test::test_fill_empty,full,success,0.11182519833333333,,,,
x86_64-unknown-linux-gnu,rand,0.10.1,rng::test::test_random_bool,full,success,0.11767370066666667,,,,
x86_64-unknown-linux-gnu,rand,0.10.1,rng::test::test_random_range_float,full,success,0.548874518,,,,
x86_64-unknown-linux-gnu,rand,0.10.1,rng::test::test_random_range_int,full,success,0.72507189,,,,
x86_64-unknown-linux-gnu,rand,0.10.1,rng::test::test_random_range_panic_int,full,success,0.11281657266666667,,,,
x86_64-unknown-linux-gnu,rand,0.10.1,rng::test::test_random_range_panic_usize,full,success,0.11110682066666666,,,,
x86_64-unknown-linux-gnu,rand,0.10.1,rng::test::test_rng_boxed_trait,full,success,0.10775976866666669,,,,
x86_64-unknown-linux-gnu,rand,0.10.1,rng::test::test_rng_mut_ref,full,success,0.11232797033333335,,,,
x86_64-unknown-linux-gnu,rand,0.10.1,rng::test::test_rng_trait_object,full,success,0.11022582966666666,,,,
x86_64-unknown-linux-gnu,rand,0.10.1,rngs::std::test::test_chacha_counter,full,success,0.3176582943333333,,,,
x86_64-unknown-linux-gnu,rand,0.10.1,rngs::std::test::test_chacha_true_values_1,full,success,0.141265454,,,,
x86_64-unknown-linux-gnu,rand,0.10.1,rngs::std::test::test_chacha_true_values_2,full,success,0.14478577366666667,,,,
x86_64-unknown-linux-gnu,rand,0.10.1,rngs::std::test::test_chacha_true_values_3,full,success,0.14312171433333334,,,,
x86_64-unknown-linux-gnu,rand,0.10.1,rngs::std::test::test_chacha_true_values_8,full,success,0.147387288,,,,
x86_64-unknown-linux-gnu,rand,0.10.1,rngs::std::test::test_stdrng_construction,full,success,0.13326195666666665,,,,
x86_64-unknown-linux-gnu,rand,0.10.1,rngs::thread::test::test_debug_output,full,success,0.11313455,,,,
x86_64-unknown-linux-gnu,rand,0.10.1,rngs::thread::test::test_thread_rng,full,success,0.11878877166666667,,,,
x86_64-unknown-linux-gnu,rand,0.10.1,rngs::xoshiro128plusplus::tests::reference,full,success,0.10860710033333333,,,,
x86_64-unknown-linux-gnu,rand,0.10.1,rngs::xoshiro128plusplus::tests::stable_seed_from_u64_and_from_seed,full,success,0.10936647233333334,,,,
x86_64-unknown-linux-gnu,rand,0.10.1,rngs::xoshiro256plusplus::tests::reference,full,success,0.107276428,,,,
x86_64-unknown-linux-gnu,rand,0.10.1,rngs::xoshiro256plusplus::tests::stable_seed_from_u64_and_from_seed,full,success,0.10874462333333335,,,,
x86_64-unknown-linux-gnu,rand,0.10.1,seq::index_::test::test_sample_boundaries,full,success,0.12184975400000002,,,,
x86_64-unknown-linux-gnu,rand,0.10.1,seq::index_::test::test_sample_weighted,full,success,0.12165522766666668,,,,
x86_64-unknown-linux-gnu,rand,0.10.1,seq::index_::test::value_stability_sample,full,success,0.282327943,,,,
x86_64-unknown-linux-gnu,rand,0.10.1,seq::iterator::test::test_sample_iter,full,success,0.16238064933333338,,,,
x86_64-unknown-linux-gnu,rand,0.10.1,seq::iterator::test::value_stability_choose,full,success,0.12222906633333334,,,,
x86_64-unknown-linux-gnu,rand,0.10.1,seq::iterator::test::value_stability_choose_stable,full,success,0.14304931533333334,,,,
x86_64-unknown-linux-gnu,rand,0.10.1,seq::iterator::test::value_stability_sample,full,success,0.1322797596666667,,,,
x86_64-unknown-linux-gnu,rand,0.10.1,seq::slice::test::test_multiple_weighted_distributions,full,success,195.89186830966665,,,,
x86_64-unknown-linux-gnu,rand,0.10.1,seq::slice::test::test_multiple_weighted_edge_cases,full,success,0.3770768766666667,,,,
x86_64-unknown-linux-gnu,rand,0.10.1,seq::slice::test::test_partial_shuffle,full,success,0.10585262200000001,,,,
x86_64-unknown-linux-gnu,rand,0.10.1,seq::slice::test::test_slice_choose,full,success,0.4715130193333333,,,,
x86_64-unknown-linux-gnu,rand,0.10.1,seq::slice::test::value_stability_slice,full,success,0.11621358833333334,,,,
x86_64-unknown-linux-gnu,rand,0.10.1,test::rng_reader,full,success,0.10583555833333334,,,,
x86_64-unknown-linux-gnu,rand,0.10.1,test::test_random,full,success,0.11995406466666668,,,,
x86_64-unknown-linux-gnu,rand,0.10.1,test::test_range,full,success,0.118604422,,,,
x86_64-unknown-linux-gnu,redox_syscall,0.8.0,sigabi::tests::singlethread_mask,full,success,0.16056573166666668,,,,
x86_64-unknown-linux-gnu,scopeguard,1.2.0,tests::test_defer,full,success,0.1277142146666667,,,,
x86_64-unknown-linux-gnu,scopeguard,1.2.0,tests::test_defer_success_1,full,success,0.1276150696666667,,,,
x86_64-unknown-linux-gnu,scopeguard,1.2.0,tests::test_defer_success_2,full,success,0.13158122166666666,,,,
x86_64-unknown-linux-gnu,scopeguard,1.2.0,tests::test_defer_unwind_1,full,success,0.136403315,,,,
x86_64-unknown-linux-gnu,scopeguard,1.2.0,tests::test_defer_unwind_2,full,success,0.133865236,,,,
x86_64-unknown-linux-gnu,scopeguard,1.2.0,tests::test_dropped_once_when_not_run,full,success,0.13635053,,,,
x86_64-unknown-linux-gnu,scopeguard,1.2.0,tests::test_into_inner,full,success,0.13299799,,,,
x86_64-unknown-linux-gnu,scopeguard,1.2.0,tests::test_only_dropped_by_closure_when_run,full,success,0.13698048366666668,,,,
x86_64-unknown-linux-gnu,serde_core,1.0.228,ser::impls::test_format_u8,full,success,0.1641948936666667,,,,
x86_64-unknown-linux-gnu,serde_with,3.20.0,utils::duration::test_parse_float_into_time_parts,full,success,0.171160695,,,,
x86_64-unknown-linux-gnu,shlex,2.0.1,bytes::test_invalid_utf8,full,success,0.13039823233333334,,,,
x86_64-unknown-linux-gnu,shlex,2.0.1,bytes::test_lineno,full,success,0.13397040466666668,,,,
x86_64-unknown-linux-gnu,shlex,2.0.1,bytes::test_split,full,success,0.149069656,,,,
x86_64-unknown-linux-gnu,shlex,2.0.1,test_fallible,full,success,0.13172841666666668,,,,
x86_64-unknown-linux-gnu,shlex,2.0.1,test_lineno,full,success,0.132707597,,,,
x86_64-unknown-linux-gnu,shlex,2.0.1,test_quote,full,success,0.4306957836666667,,,,
x86_64-unknown-linux-gnu,shlex,2.0.1,test_split,full,success,0.14795242933333333,,,,
x86_64-unknown-linux-gnu,simd-adler32,0.3.9,imp::avx2::tests::ones,full,success,0.4430045026666667,,,,
x86_64-unknown-linux-gnu,simd-adler32,0.3.9,imp::avx2::tests::wiki,full,success,0.132092619,,,,
x86_64-unknown-linux-gnu,simd-adler32,0.3.9,imp::avx2::tests::zeroes,full,success,0.4426485453333333,,,,
x86_64-unknown-linux-gnu,simd-adler32,0.3.9,imp::avx512::tests::ones,full,success,0.13202170066666666,,,,
x86_64-unknown-linux-gnu,simd-adler32,0.3.9,imp::avx512::tests::random,full,success,0.13188564100000003,,,,
x86_64-unknown-linux-gnu,simd-adler32,0.3.9,imp::avx512::tests::wiki,full,success,0.13034865366666668,,,,
x86_64-unknown-linux-gnu,simd-adler32,0.3.9,imp::avx512::tests::zeroes,full,success,0.130222618,,,,
x86_64-unknown-linux-gnu,simd-adler32,0.3.9,imp::neon::tests::wiki,full,success,0.13505298366666665,,,,
x86_64-unknown-linux-gnu,simd-adler32,0.3.9,imp::scalar::tests::mixed_short,full,success,0.13703651133333336,,,,
x86_64-unknown-linux-gnu,simd-adler32,0.3.9,imp::scalar::tests::ones_short,full,success,0.17153687433333334,,,,
x86_64-unknown-linux-gnu,simd-adler32,0.3.9,imp::scalar::tests::wiki,full,success,0.13286707600000003,,,,
x86_64-unknown-linux-gnu,simd-adler32,0.3.9,imp::scalar::tests::zeroes_short,full,success,0.17521752666666668,,,,
x86_64-unknown-linux-gnu,simd-adler32,0.3.9,imp::sse2::tests::ones,full,success,0.44267898200000005,,,,
x86_64-unknown-linux-gnu,simd-adler32,0.3.9,imp::sse2::tests::wiki,full,success,0.13625524133333333,,,,
x86_64-unknown-linux-gnu,simd-adler32,0.3.9,imp::sse2::tests::zeroes,full,success,0.45471263566666664,,,,
x86_64-unknown-linux-gnu,simd-adler32,0.3.9,imp::ssse3::tests::ones,full,success,0.44970867600000003,,,,
x86_64-unknown-linux-gnu,simd-adler32,0.3.9,imp::ssse3::tests::wiki,full,success,0.132185149,,,,
x86_64-unknown-linux-gnu,simd-adler32,0.3.9,imp::ssse3::tests::zeroes,full,success,0.449287307,,,,
x86_64-unknown-linux-gnu,simd-adler32,0.3.9,imp::wasm::tests::ones,full,success,0.1300464676666667,,,,
x86_64-unknown-linux-gnu,simd-adler32,0.3.9,imp::wasm::tests::random,full,success,0.1311221996666667,,,,
x86_64-unknown-linux-gnu,simd-adler32,0.3.9,imp::wasm::tests::wiki,full,success,0.13149375,,,,
x86_64-unknown-linux-gnu,simd-adler32,0.3.9,imp::wasm::tests::zeroes,full,success,0.138458995,,,,
x86_64-unknown-linux-gnu,simd-adler32,0.3.9,tests::test_from_checksum,full,success,0.13572721033333335,,,,
x86_64-unknown-linux-gnu,siphasher,1.0.3,tests128::test_siphash128_1_3,full,success,0.12534997233333334,,,,
x86_64-unknown-linux-gnu,siphasher,1.0.3,tests128::test_siphash128_2_4,full,success,0.1264298316666667,,,,
x86_64-unknown-linux-gnu,siphasher,1.0.3,tests128::test_siphash128_idempotent,full,success,0.12380976333333334,,,,
x86_64-unknown-linux-gnu,siphasher,1.0.3,tests128::test_siphash128_incremental,full,success,0.12254496366666667,,,,
x86_64-unknown-linux-gnu,siphasher,1.0.3,tests128::test_siphash128_simple,full,success,0.12950127,,,,
x86_64-unknown-linux-gnu,siphasher,1.0.3,tests::test_hash_idempotent,full,success,0.12251683333333334,,,,
x86_64-unknown-linux-gnu,siphasher,1.0.3,tests::test_hash_incremental,full,success,0.12396742733333334,,,,
x86_64-unknown-linux-gnu,siphasher,1.0.3,tests::test_hash_no_bytes_dropped_32,full,success,0.12779273300000002,,,,
x86_64-unknown-linux-gnu,siphasher,1.0.3,tests::test_hash_no_bytes_dropped_64,full,success,0.132131429,,,,
x86_64-unknown-linux-gnu,siphasher,1.0.3,tests::test_hash_no_concat_alias,full,success,0.12877356000000004,,,,
x86_64-unknown-linux-gnu,siphasher,1.0.3,tests::test_hash_simple,full,success,0.12336995166666669,,,,
x86_64-unknown-linux-gnu,siphasher,1.0.3,tests::test_siphash_1_3,full,success,0.18590740600000003,,,,
x86_64-unknown-linux-gnu,siphasher,1.0.3,tests::test_siphash_2_4,full,success,0.19809171933333336,,,,
x86_64-unknown-linux-gnu,smallvec,1.15.1,tests::drain,full,success,0.13458179533333334,,,,
x86_64-unknown-linux-gnu,smallvec,1.15.1,tests::drain_forget,full,success,0.128475005,,,,
x86_64-unknown-linux-gnu,smallvec,1.15.1,tests::drain_overflow,full,success,0.13467635200000003,,,,
x86_64-unknown-linux-gnu,smallvec,1.15.1,tests::drain_rev,full,success,0.13106079633333334,,,,
x86_64-unknown-linux-gnu,smallvec,1.15.1,tests::empty_macro,full,success,0.1284500616666667,,,,
x86_64-unknown-linux-gnu,smallvec,1.15.1,tests::grow_spilled_same_size,full,success,0.13184615200000002,,,,
x86_64-unknown-linux-gnu,smallvec,1.15.1,tests::grow_to_shrink,full,success,0.141250599,,,,
x86_64-unknown-linux-gnu,smallvec,1.15.1,tests::insert_many_panic::panic_early_at_end,full,success,0.13783603633333333,,,,
x86_64-unknown-linux-gnu,smallvec,1.15.1,tests::insert_many_panic::panic_early_at_start,full,success,0.146391014,,,,
x86_64-unknown-linux-gnu,smallvec,1.15.1,tests::insert_many_panic::panic_early_in_middle,full,success,0.14183953633333335,,,,
x86_64-unknown-linux-gnu,smallvec,1.15.1,tests::insert_many_panic::panic_late_at_end,full,success,0.13466970300000003,,,,
x86_64-unknown-linux-gnu,smallvec,1.15.1,tests::insert_many_panic::panic_late_at_start,full,success,0.13282270066666668,,,,
x86_64-unknown-linux-gnu,smallvec,1.15.1,tests::into_iter,full,success,0.13747685333333334,,,,
x86_64-unknown-linux-gnu,smallvec,1.15.1,tests::into_iter_drop,full,success,0.14316880233333332,,,,
x86_64-unknown-linux-gnu,smallvec,1.15.1,tests::into_iter_rev,full,success,0.13587265,,,,
x86_64-unknown-linux-gnu,smallvec,1.15.1,tests::issue_4,full,success,0.13709646533333333,,,,
x86_64-unknown-linux-gnu,smallvec,1.15.1,tests::issue_5,full,success,0.135781257,,,,
x86_64-unknown-linux-gnu,smallvec,1.15.1,tests::max_dont_panic,full,success,0.13360718366666668,,,,
x86_64-unknown-linux-gnu,smallvec,1.15.1,tests::max_remove,full,success,0.1342890986666667,,,,
x86_64-unknown-linux-gnu,smallvec,1.15.1,tests::max_swap_remove,full,success,0.14824474900000004,,,,
x86_64-unknown-linux-gnu,smallvec,1.15.1,tests::resumable_extend,full,success,0.13336917833333337,,,,
x86_64-unknown-linux-gnu,smallvec,1.15.1,tests::shrink_to_fit_unspill,full,success,0.134818726,,,,
x86_64-unknown-linux-gnu,smallvec,1.15.1,tests::test_as_mut,full,success,0.130777987,,,,
x86_64-unknown-linux-gnu,smallvec,1.15.1,tests::test_as_ref,full,success,0.13086965533333336,,,,
x86_64-unknown-linux-gnu,smallvec,1.15.1,tests::test_borrow,full,success,0.139918653,,,,
x86_64-unknown-linux-gnu,smallvec,1.15.1,tests::test_borrow_mut,full,success,0.13645449900000003,,,,
x86_64-unknown-linux-gnu,smallvec,1.15.1,tests::test_capacity,full,success,0.12801581866666667,,,,
x86_64-unknown-linux-gnu,smallvec,1.15.1,tests::test_clone_from,full,success,0.14391574799999998,,,,
x86_64-unknown-linux-gnu,smallvec,1.15.1,tests::test_dedup,full,success,0.12904633933333334,,,,
x86_64-unknown-linux-gnu,smallvec,1.15.1,tests::test_double_spill,full,success,0.137134223,,,,
x86_64-unknown-linux-gnu,smallvec,1.15.1,tests::test_drop_panic_smallvec,full,success,0.13321880566666666,,,,
x86_64-unknown-linux-gnu,smallvec,1.15.1,tests::test_eq,full,success,0.13362269166666665,,,,
x86_64-unknown-linux-gnu,smallvec,1.15.1,tests::test_exact_size_iterator,full,success,0.13106791833333334,,,,
x86_64-unknown-linux-gnu,smallvec,1.15.1,tests::test_extend_from_slice,full,success,0.13400803333333333,,,,
x86_64-unknown-linux-gnu,smallvec,1.15.1,tests::test_from,full,success,0.13283966866666666,,,,
x86_64-unknown-linux-gnu,smallvec,1.15.1,tests::test_from_slice,full,success,0.13309636266666666,,,,
x86_64-unknown-linux-gnu,smallvec,1.15.1,tests::test_from_vec,full,success,0.13031780333333334,,,,
x86_64-unknown-linux-gnu,smallvec,1.15.1,tests::test_hash,full,success,0.133699868,,,,
x86_64-unknown-linux-gnu,smallvec,1.15.1,tests::test_inline,full,success,0.145844235,,,,
x86_64-unknown-linux-gnu,smallvec,1.15.1,tests::test_insert_from_slice,full,success,0.14335891600000003,,,,
x86_64-unknown-linux-gnu,smallvec,1.15.1,tests::test_insert_many,full,success,0.13112436033333333,,,,
x86_64-unknown-linux-gnu,smallvec,1.15.1,tests::test_insert_many_long_hint,full,success,0.13021088433333336,,,,
x86_64-unknown-linux-gnu,smallvec,1.15.1,tests::test_insert_many_overflow,full,success,0.13099636733333334,,,,
x86_64-unknown-linux-gnu,smallvec,1.15.1,tests::test_insert_many_short_hint,full,success,0.129672428,,,,
x86_64-unknown-linux-gnu,smallvec,1.15.1,tests::test_insert_out_of_bounds,full,success,0.14668493333333335,,,,
x86_64-unknown-linux-gnu,smallvec,1.15.1,tests::test_into_inner,full,success,0.13260122000000002,,,,
x86_64-unknown-linux-gnu,smallvec,1.15.1,tests::test_into_iter_as_slice,full,success,0.13364297133333333,,,,
x86_64-unknown-linux-gnu,smallvec,1.15.1,tests::test_into_iter_clone,full,success,0.13219853933333334,,,,
x86_64-unknown-linux-gnu,smallvec,1.15.1,tests::test_into_iter_clone_empty_smallvec,full,success,0.13150672333333333,,,,
x86_64-unknown-linux-gnu,smallvec,1.15.1,tests::test_into_iter_clone_partially_consumed_iterator,full,success,0.13105544133333336,,,,
x86_64-unknown-linux-gnu,smallvec,1.15.1,tests::test_into_vec,full,success,0.13169879000000004,,,,
x86_64-unknown-linux-gnu,smallvec,1.15.1,tests::test_invalid_grow,full,success,0.13215748033333333,,,,
x86_64-unknown-linux-gnu,smallvec,1.15.1,tests::test_ord,full,success,0.130205585,,,,
x86_64-unknown-linux-gnu,smallvec,1.15.1,tests::test_resize,full,success,0.12926443333333335,,,,
x86_64-unknown-linux-gnu,smallvec,1.15.1,tests::test_retain,full,success,0.13176553966666668,,,,
x86_64-unknown-linux-gnu,smallvec,1.15.1,tests::test_size,full,success,0.15129270166666667,,,,
x86_64-unknown-linux-gnu,smallvec,1.15.1,tests::test_spill,full,success,0.13119626233333334,,,,
x86_64-unknown-linux-gnu,smallvec,1.15.1,tests::test_truncate,full,success,0.13210041400000003,,,,
x86_64-unknown-linux-gnu,smallvec,1.15.1,tests::test_with_capacity,full,success,0.12885392833333334,,,,
x86_64-unknown-linux-gnu,smallvec,1.15.1,tests::test_zero,full,success,0.13006686433333334,,,,
x86_64-unknown-linux-gnu,smallvec,1.15.1,tests::uninhabited,full,success,0.12931119166666669,,,,
x86_64-unknown-linux-gnu,smallvec,1.15.1,tests::zero_size_items,full,success,0.12810053933333335,,,,
x86_64-unknown-linux-gnu,socket2,0.6.2,sockaddr::tests::ipv4,full,success,0.13108970333333334,,,,
x86_64-unknown-linux-gnu,socket2,0.6.2,sockaddr::tests::ipv4_eq,full,success,0.132828602,,,,
x86_64-unknown-linux-gnu,socket2,0.6.2,sockaddr::tests::ipv4_hash,full,success,0.13330848166666667,,,,
x86_64-unknown-linux-gnu,socket2,0.6.2,sockaddr::tests::ipv4_ipv6_eq,full,success,0.129551728,,,,
x86_64-unknown-linux-gnu,socket2,0.6.2,sockaddr::tests::ipv4_ipv6_hash,full,success,0.13654941500000004,,,,
x86_64-unknown-linux-gnu,socket2,0.6.2,sockaddr::tests::ipv6,full,success,0.13001581866666667,,,,
x86_64-unknown-linux-gnu,socket2,0.6.2,sockaddr::tests::ipv6_eq,full,success,0.13021984066666667,,,,
x86_64-unknown-linux-gnu,socket2,0.6.2,sockaddr::tests::ipv6_hash,full,success,0.133831782,,,,
x86_64-unknown-linux-gnu,socket2,0.6.2,sys::in6_addr_convertion,full,success,0.135019735,,,,
x86_64-unknown-linux-gnu,socket2,0.6.2,sys::in_addr_convertion,full,success,0.13375584733333334,,,,
x86_64-unknown-linux-gnu,spin,0.12.0,barrier::tests::test_barrier,full,success,0.6334614766666667,,,,
x86_64-unknown-linux-gnu,spin,0.12.0,mutex::spin::tests::lots_and_lots,full,success,0.457044963,,,,
x86_64-unknown-linux-gnu,spin,0.12.0,mutex::spin::tests::smoke,full,success,0.14399361933333335,,,,
x86_64-unknown-linux-gnu,spin,0.12.0,mutex::spin::tests::test_into_inner,full,success,0.14646573200000002,,,,
x86_64-unknown-linux-gnu,spin,0.12.0,mutex::spin::tests::test_into_inner_drop,full,success,0.13757141966666667,,,,
x86_64-unknown-linux-gnu,spin,0.12.0,mutex::spin::tests::test_mutex_arc_access_in_unwind,full,success,0.14609856966666668,,,,
x86_64-unknown-linux-gnu,spin,0.12.0,mutex::spin::tests::test_mutex_arc_nested,full,success,0.14847025533333336,,,,
x86_64-unknown-linux-gnu,spin,0.12.0,mutex::spin::tests::test_mutex_force_lock,full,success,0.143257671,,,,
x86_64-unknown-linux-gnu,spin,0.12.0,mutex::spin::tests::test_mutex_unsized,full,success,0.14390747366666667,,,,
x86_64-unknown-linux-gnu,spin,0.12.0,mutex::spin::tests::try_lock,full,success,0.13943640200000001,,,,
x86_64-unknown-linux-gnu,spin,0.12.0,once::tests::call_once_test,full,success,0.5164209409999999,,,,
x86_64-unknown-linux-gnu,spin,0.12.0,once::tests::drop_occurs_and_skip_uninit_drop,full,success,0.13778617766666665,,,,
x86_64-unknown-linux-gnu,spin,0.12.0,once::tests::get,full,success,0.13839919033333334,,,,
x86_64-unknown-linux-gnu,spin,0.12.0,once::tests::get_no_wait,full,success,3.1593923079999997,,,,
x86_64-unknown-linux-gnu,spin,0.12.0,once::tests::init_constant,full,success,0.13782710333333334,,,,
x86_64-unknown-linux-gnu,spin,0.12.0,once::tests::init_from_ref_basic,full,success,0.13805980966666667,,,,
x86_64-unknown-linux-gnu,spin,0.12.0,once::tests::panic,full,success,0.14255597533333333,,,,
x86_64-unknown-linux-gnu,spin,0.12.0,once::tests::poll,full,success,0.13935992266666666,,,,
x86_64-unknown-linux-gnu,spin,0.12.0,once::tests::smoke_once,full,success,0.13393376466666665,,,,
x86_64-unknown-linux-gnu,spin,0.12.0,once::tests::smoke_once_value,full,success,0.1398600316666667,,,,
x86_64-unknown-linux-gnu,spin,0.12.0,once::tests::stampede_once,full,success,0.16899174566666667,,,,
x86_64-unknown-linux-gnu,spin,0.12.0,once::tests::try_call_once_err,full,success,0.20289918000000004,,,,
x86_64-unknown-linux-gnu,spin,0.12.0,once::tests::wait,full,success,0.14349462899999998,,,,
x86_64-unknown-linux-gnu,spin,0.12.0,rwlock::tests::smoke,full,success,0.14950168133333333,,,,
x86_64-unknown-linux-gnu,spin,0.12.0,rwlock::tests::test_force_read_decrement,full,success,0.141413237,,,,
x86_64-unknown-linux-gnu,spin,0.12.0,rwlock::tests::test_force_write_unlock,full,success,0.147581972,,,,
x86_64-unknown-linux-gnu,spin,0.12.0,rwlock::tests::test_into_inner,full,success,0.13605641533333332,,,,
x86_64-unknown-linux-gnu,spin,0.12.0,rwlock::tests::test_into_inner_drop,full,success,0.14290404933333334,,,,
x86_64-unknown-linux-gnu,spin,0.12.0,rwlock::tests::test_rw_access_in_unwind,full,success,0.14593131300000003,,,,
x86_64-unknown-linux-gnu,spin,0.12.0,rwlock::tests::test_rw_arc,full,success,0.16328599700000002,,,,
x86_64-unknown-linux-gnu,spin,0.12.0,rwlock::tests::test_rw_try_read,full,success,0.14296500166666667,,,,
x86_64-unknown-linux-gnu,spin,0.12.0,rwlock::tests::test_rwlock_try_write,full,success,0.15317805266666665,,,,
x86_64-unknown-linux-gnu,spin,0.12.0,rwlock::tests::test_rwlock_unsized,full,success,0.14473768666666667,,,,
x86_64-unknown-linux-gnu,spin,0.12.0,rwlock::tests::test_upgrade_downgrade,full,success,0.14371998900000002,,,,
x86_64-unknown-linux-gnu,thread_local,1.1.9,tests::different_thread,full,success,0.10062751166666667,,,,
x86_64-unknown-linux-gnu,thread_local,1.1.9,tests::is_sync,full,success,0.08776142366666667,,,,
x86_64-unknown-linux-gnu,thread_local,1.1.9,tests::iter,full,success,0.09798428399999999,,,,
x86_64-unknown-linux-gnu,thread_local,1.1.9,tests::miri_iter_soundness_check,full,success,0.10131180233333333,,,,
x86_64-unknown-linux-gnu,thread_local,1.1.9,tests::same_thread,full,success,0.10318207600000001,,,,
x86_64-unknown-linux-gnu,thread_local,1.1.9,tests::test_drop,full,success,0.09903813466666667,,,,
x86_64-unknown-linux-gnu,thread_local,1.1.9,tests::test_earlyreturn_buckets,full,success,0.15444423633333335,,,,
x86_64-unknown-linux-gnu,thread_local,1.1.9,thread_id::test_thread,full,success,0.086214884,,,,
x86_64-unknown-linux-gnu,tinystr,0.8.3,ascii::test::from_utf16_lossy_rejects_non_ascii_replacement,full,success,0.140746966,,,,
x86_64-unknown-linux-gnu,tinystr,0.8.3,ascii::test::from_utf8_lossy_rejects_non_ascii_replacement,full,success,0.138912436,,,,
x86_64-unknown-linux-gnu,tinystr,0.8.3,ascii::test::from_utf8_lossy_rejects_null_replacement,full,success,0.13799021166666667,,,,
x86_64-unknown-linux-gnu,tinystr,0.8.3,ascii::test::lossy_constructor,full,success,0.13458861933333335,,,,
x86_64-unknown-linux-gnu,tinystr,0.8.3,ascii::test::test_is_ascii_alphabetic,full,success,1.7703463476666668,,,,
x86_64-unknown-linux-gnu,tinystr,0.8.3,ascii::test::test_is_ascii_alphabetic_lowercase,full,success,1.7876085970000002,,,,
x86_64-unknown-linux-gnu,tinystr,0.8.3,ascii::test::test_is_ascii_alphabetic_titlecase,full,success,1.7864120593333332,,,,
x86_64-unknown-linux-gnu,tinystr,0.8.3,ascii::test::test_is_ascii_alphabetic_uppercase,full,success,1.7993202183333334,,,,
x86_64-unknown-linux-gnu,tinystr,0.8.3,ascii::test::test_is_ascii_alphanumeric,full,success,1.8107542723333332,,,,
x86_64-unknown-linux-gnu,tinystr,0.8.3,ascii::test::test_is_ascii_lowercase,full,success,1.7286136773333334,,,,
x86_64-unknown-linux-gnu,tinystr,0.8.3,ascii::test::test_is_ascii_numeric,full,success,1.7354465653333333,,,,
x86_64-unknown-linux-gnu,tinystr,0.8.3,ascii::test::test_is_ascii_titlecase,full,success,1.747917063,,,,
x86_64-unknown-linux-gnu,tinystr,0.8.3,ascii::test::test_is_ascii_uppercase,full,success,1.7435567633333333,,,,
x86_64-unknown-linux-gnu,tinystr,0.8.3,ascii::test::test_to_ascii_lowercase,full,success,2.408121970333333,,,,
x86_64-unknown-linux-gnu,tinystr,0.8.3,ascii::test::test_to_ascii_titlecase,full,success,2.410481193666667,,,,
x86_64-unknown-linux-gnu,tinystr,0.8.3,ascii::test::test_to_ascii_uppercase,full,success,2.392076020333333,,,,
x86_64-unknown-linux-gnu,tinystr,0.8.3,macros::tests::test_macro_construction,full,success,0.1350244806666667,,,,
x86_64-unknown-linux-gnu,tinystr,0.8.3,test_size,full,success,0.13724954933333336,,,,
x86_64-unknown-linux-gnu,tower-http,0.6.11,classify::grpc_errors_as_failures::tests::basic_error,full,success,0.087271129,,,,
x86_64-unknown-linux-gnu,tower-http,0.6.11,classify::grpc_errors_as_failures::tests::basic_ok,full,success,0.08706064833333334,,,,
x86_64-unknown-linux-gnu,tower-http,0.6.11,classify::grpc_errors_as_failures::tests::grpc_code_from_i32_known_codes,full,success,0.08513176533333333,,,,
x86_64-unknown-linux-gnu,tower-http,0.6.11,classify::grpc_errors_as_failures::tests::grpc_code_from_i32_unknown_codes,full,success,0.08575879933333334,,,,
x86_64-unknown-linux-gnu,tower-http,0.6.11,classify::grpc_errors_as_failures::tests::grpc_code_from_non_zero_i32,full,success,0.08852298400000001,,,,
x86_64-unknown-linux-gnu,tower-http,0.6.11,classify::grpc_errors_as_failures::tests::two_success_codes_first_matches,full,success,0.08817873800000002,,,,
x86_64-unknown-linux-gnu,tower-http,0.6.11,classify::grpc_errors_as_failures::tests::two_success_codes_none_matches,full,success,0.09422185066666666,,,,
x86_64-unknown-linux-gnu,tower-http,0.6.11,classify::grpc_errors_as_failures::tests::two_success_codes_second_matches,full,success,0.09077910833333334,,,,
x86_64-unknown-linux-gnu,tower-http,0.6.11,classify::status_in_range_is_error::tests::basic,full,success,0.08714624966666668,,,,
x86_64-unknown-linux-gnu,tracing-core,0.1.36,dispatcher::test::default_dispatch,full,success,0.13852035,,,,
x86_64-unknown-linux-gnu,tracing-core,0.1.36,dispatcher::test::default_no_subscriber,full,success,0.13526151466666667,,,,
x86_64-unknown-linux-gnu,tracing-core,0.1.36,dispatcher::test::dispatch_downcasts,full,success,0.13629337033333333,,,,
x86_64-unknown-linux-gnu,tracing-core,0.1.36,dispatcher::test::dispatch_is,full,success,0.13747558566666665,,,,
x86_64-unknown-linux-gnu,tracing-core,0.1.36,dispatcher::test::events_dont_infinite_loop,full,success,0.13644673066666665,,,,
x86_64-unknown-linux-gnu,tracing-core,0.1.36,dispatcher::test::spans_dont_infinite_loop,full,success,0.13903284066666668,,,,
x86_64-unknown-linux-gnu,tracing-core,0.1.36,field::test::empty_fields_are_skipped,full,success,0.1378991586666667,,,,
x86_64-unknown-linux-gnu,tracing-core,0.1.36,field::test::empty_value_set_is_empty,full,success,0.14230747633333332,,,,
x86_64-unknown-linux-gnu,tracing-core,0.1.36,field::test::fields_from_other_callsets_are_skipped,full,success,0.1402101716666667,,,,
x86_64-unknown-linux-gnu,tracing-core,0.1.36,field::test::index_of_field_in_fieldset_is_correct,full,success,0.13692834633333334,,,,
x86_64-unknown-linux-gnu,tracing-core,0.1.36,field::test::record_bytes,full,success,0.13841641000000002,,,,
x86_64-unknown-linux-gnu,tracing-core,0.1.36,field::test::record_debug_fn,full,success,0.13739431500000002,,,,
x86_64-unknown-linux-gnu,tracing-core,0.1.36,field::test::record_error,full,success,0.1431167196666667,,,,
x86_64-unknown-linux-gnu,tracing-core,0.1.36,field::test::sparse_value_sets_are_not_empty,full,success,0.13757637733333333,,,,
x86_64-unknown-linux-gnu,tracing-core,0.1.36,field::test::value_set_with_no_values_is_empty,full,success,0.13683221066666665,,,,
x86_64-unknown-linux-gnu,tracing-core,0.1.36,field::test::value_sets_with_fields_from_other_callsites_are_empty,full,success,0.13529155233333334,,,,
x86_64-unknown-linux-gnu,tracing-core,0.1.36,metadata::tests::filter_level_conversion,full,success,0.13742119800000002,,,,
x86_64-unknown-linux-gnu,tracing-core,0.1.36,metadata::tests::level_filter_is_usize_sized,full,success,0.136921436,,,,
x86_64-unknown-linux-gnu,tracing-core,0.1.36,metadata::tests::level_from_str,full,success,0.13961786933333334,,,,
x86_64-unknown-linux-gnu,tracing-log,0.2.0,test::debug_callsite_is_correct,full,success,0.13175694866666668,,,,
x86_64-unknown-linux-gnu,tracing-log,0.2.0,test::error_callsite_is_correct,full,success,0.129335465,,,,
x86_64-unknown-linux-gnu,tracing-log,0.2.0,test::info_callsite_is_correct,full,success,0.137505895,,,,
x86_64-unknown-linux-gnu,tracing-log,0.2.0,test::trace_callsite_is_correct,full,success,0.132012161,,,,
x86_64-unknown-linux-gnu,tracing-log,0.2.0,test::warn_callsite_is_correct,full,success,0.12944539966666668,,,,
x86_64-unknown-linux-gnu,tungstenite,0.29.0,buffer::tests::reading_in_chunks,full,success,0.13903247166666668,,,,
x86_64-unknown-linux-gnu,tungstenite,0.29.0,buffer::tests::simple_reading,full,success,0.1306729056666667,,,,
x86_64-unknown-linux-gnu,tungstenite,0.29.0,error::test::error_size,full,success,0.13630583666666668,,,,
x86_64-unknown-linux-gnu,tungstenite,0.29.0,error::test::protocol_error_size,full,success,0.13541859966666667,,,,
x86_64-unknown-linux-gnu,tungstenite,0.29.0,error::test::tls_error_size,full,success,0.13589303900000002,,,,
x86_64-unknown-linux-gnu,tungstenite,0.29.0,handshake::client::tests::invalid_custom_request,full,success,0.13695688733333336,,,,
x86_64-unknown-linux-gnu,tungstenite,0.29.0,handshake::client::tests::random_keys,full,success,0.16102793666666668,,,,
x86_64-unknown-linux-gnu,tungstenite,0.29.0,handshake::client::tests::request_formatting,full,success,0.17968181866666666,,,,
x86_64-unknown-linux-gnu,tungstenite,0.29.0,handshake::client::tests::request_formatting_with_at,full,success,0.1809879246666667,,,,
x86_64-unknown-linux-gnu,tungstenite,0.29.0,handshake::client::tests::request_formatting_with_host,full,success,0.178488482,,,,
x86_64-unknown-linux-gnu,tungstenite,0.29.0,handshake::client::tests::request_with_latin1_header,full,success,0.3146705996666667,,,,
x86_64-unknown-linux-gnu,tungstenite,0.29.0,handshake::client::tests::request_with_non_ascii_header,full,success,0.32983780466666673,,,,
x86_64-unknown-linux-gnu,tungstenite,0.29.0,handshake::client::tests::response_parsing,full,success,0.14487157366666667,,,,
x86_64-unknown-linux-gnu,tungstenite,0.29.0,handshake::headers::tests::headers,full,success,0.1427429396666667,,,,
x86_64-unknown-linux-gnu,tungstenite,0.29.0,handshake::headers::tests::headers_incomplete,full,success,0.13395386833333334,,,,
x86_64-unknown-linux-gnu,tungstenite,0.29.0,handshake::headers::tests::headers_iter,full,success,0.15231000800000002,,,,
x86_64-unknown-linux-gnu,tungstenite,0.29.0,handshake::server::tests::request_parsing,full,success,0.14382514366666668,,,,
x86_64-unknown-linux-gnu,tungstenite,0.29.0,handshake::server::tests::request_replying,full,success,0.1915858416666667,,,,
x86_64-unknown-linux-gnu,tungstenite,0.29.0,handshake::tests::key_conversion,full,success,0.16040691166666668,,,,
x86_64-unknown-linux-gnu,tungstenite,0.29.0,protocol::frame::coding::tests::closecode_from_u16,full,success,0.13363228333333335,,,,
x86_64-unknown-linux-gnu,tungstenite,0.29.0,protocol::frame::coding::tests::closecode_into_u16,full,success,0.13444448166666667,,,,
x86_64-unknown-linux-gnu,tungstenite,0.29.0,protocol::frame::coding::tests::opcode_from_u8,full,success,0.14110833566666667,,,,
x86_64-unknown-linux-gnu,tungstenite,0.29.0,protocol::frame::coding::tests::opcode_into_u8,full,success,0.135970334,,,,
x86_64-unknown-linux-gnu,tungstenite,0.29.0,protocol::frame::frame::tests::display,full,success,0.13478869833333332,,,,
x86_64-unknown-linux-gnu,tungstenite,0.29.0,protocol::frame::frame::tests::format,full,success,0.13418258000000002,,,,
x86_64-unknown-linux-gnu,tungstenite,0.29.0,protocol::frame::frame::tests::format_into_buf,full,success,0.13714338966666667,,,,
x86_64-unknown-linux-gnu,tungstenite,0.29.0,protocol::frame::frame::tests::parse,full,success,0.144532811,,,,
x86_64-unknown-linux-gnu,tungstenite,0.29.0,protocol::frame::mask::tests::test_apply_mask,full,success,0.21506467733333334,,,,
x86_64-unknown-linux-gnu,tungstenite,0.29.0,protocol::frame::tests::from_partially_read,full,success,0.13839938033333335,,,,
x86_64-unknown-linux-gnu,tungstenite,0.29.0,protocol::frame::tests::parse_overflow,full,success,0.136860083,,,,
x86_64-unknown-linux-gnu,tungstenite,0.29.0,protocol::frame::tests::read_frames,full,success,0.13941495966666667,,,,
x86_64-unknown-linux-gnu,tungstenite,0.29.0,protocol::frame::tests::size_limit_hit,full,success,0.13238840133333332,,,,
x86_64-unknown-linux-gnu,tungstenite,0.29.0,protocol::frame::tests::write_frames,full,success,0.1380074046666667,,,,
x86_64-unknown-linux-gnu,tungstenite,0.29.0,protocol::frame::utf8::tests::hash_consistency,full,success,0.135828166,,,,
x86_64-unknown-linux-gnu,tungstenite,0.29.0,protocol::message::tests::binary_convert,full,success,0.13886575833333337,,,,
x86_64-unknown-linux-gnu,tungstenite,0.29.0,protocol::message::tests::binary_convert_bytes,full,success,0.13508257633333334,,,,
x86_64-unknown-linux-gnu,tungstenite,0.29.0,protocol::message::tests::binary_convert_into_bytes,full,success,0.13371018266666668,,,,
x86_64-unknown-linux-gnu,tungstenite,0.29.0,protocol::message::tests::binary_convert_vec,full,success,0.13404932,,,,
x86_64-unknown-linux-gnu,tungstenite,0.29.0,protocol::message::tests::display,full,success,0.13895001633333334,,,,
x86_64-unknown-linux-gnu,tungstenite,0.29.0,protocol::message::tests::text_convert,full,success,0.13525572500000002,,,,
x86_64-unknown-linux-gnu,tungstenite,0.29.0,protocol::tests::receive_messages,full,success,0.15085882333333334,,,,
x86_64-unknown-linux-gnu,tungstenite,0.29.0,protocol::tests::size_limiting_binary,full,success,0.141006707,,,,
x86_64-unknown-linux-gnu,tungstenite,0.29.0,protocol::tests::size_limiting_text_fragmented,full,success,0.135801461,,,,
x86_64-unknown-linux-gnu,twox-hash,2.1.2,xxhash32::random_impl::test::can_be_used_in_a_hashmap_with_a_random_seed,full,success,0.13446372033333334,,,,
x86_64-unknown-linux-gnu,twox-hash,2.1.2,xxhash32::test::can_be_used_in_a_hashmap_with_a_default_seed,full,success,0.13586408600000002,,,,
x86_64-unknown-linux-gnu,twox-hash,2.1.2,xxhash32::test::hash_of_multiple_bytes_matches_c_implementation,full,success,0.12949770133333335,,,,
x86_64-unknown-linux-gnu,twox-hash,2.1.2,xxhash32::test::hash_of_multiple_chunks_matches_c_implementation,full,success,0.14334518766666668,,,,
x86_64-unknown-linux-gnu,twox-hash,2.1.2,xxhash32::test::hash_of_nothing_matches_c_implementation,full,success,0.12886322766666666,,,,
x86_64-unknown-linux-gnu,twox-hash,2.1.2,xxhash32::test::hash_of_single_byte_matches_c_implementation,full,success,0.12938221833333333,,,,
x86_64-unknown-linux-gnu,twox-hash,2.1.2,xxhash32::test::hash_with_different_seed_and_multiple_chunks_matches_c_implementation,full,success,0.13891106566666667,,,,
x86_64-unknown-linux-gnu,twox-hash,2.1.2,xxhash32::test::hash_with_different_seed_matches_c_implementation,full,success,0.12920096866666667,,,,
x86_64-unknown-linux-gnu,twox-hash,2.1.2,xxhash32::test::ingesting_byte_by_byte_is_equivalent_to_large_chunks,full,success,0.16002419066666665,,,,
x86_64-unknown-linux-gnu,twox-hash,2.1.2,xxhash3::streaming::test::secret_buffer_allocate_default_is_valid,full,success,0.12860116666666666,,,,
x86_64-unknown-linux-gnu,twox-hash,2.1.2,xxhash3::streaming::test::secret_buffer_allocate_with_seed_is_valid,full,success,0.12934638766666667,,,,
x86_64-unknown-linux-gnu,twox-hash,2.1.2,xxhash3::streaming::test::secret_buffer_default_is_valid,full,success,0.1303543186666667,,,,
x86_64-unknown-linux-gnu,twox-hash,2.1.2,xxhash3::test::backported_as_chunks,full,success,0.13110009433333333,,,,
x86_64-unknown-linux-gnu,twox-hash,2.1.2,xxhash3::test::backported_as_rchunks,full,success,0.13249189566666666,,,,
x86_64-unknown-linux-gnu,twox-hash,2.1.2,xxhash3::test::default_secret_is_valid,full,success,0.12793152433333335,,,,
x86_64-unknown-linux-gnu,twox-hash,2.1.2,xxhash3_128::test::oneshot_129_to_240_bytes,full,success,0.26546003000000007,,,,
x86_64-unknown-linux-gnu,twox-hash,2.1.2,xxhash3_128::test::oneshot_17_to_128_bytes,full,success,0.199191318,,,,
x86_64-unknown-linux-gnu,twox-hash,2.1.2,xxhash3_128::test::oneshot_1_to_3_bytes,full,success,0.1290349716666667,,,,
x86_64-unknown-linux-gnu,twox-hash,2.1.2,xxhash3_128::test::oneshot_241_plus_bytes,full,success,1.4645657529999998,,,,
x86_64-unknown-linux-gnu,twox-hash,2.1.2,xxhash3_128::test::oneshot_4_to_8_bytes,full,success,0.131376682,,,,
x86_64-unknown-linux-gnu,twox-hash,2.1.2,xxhash3_128::test::oneshot_9_to_16_bytes,full,success,0.13877173166666668,,,,
x86_64-unknown-linux-gnu,twox-hash,2.1.2,xxhash3_128::test::oneshot_empty,full,success,0.13244378866666665,,,,
x86_64-unknown-linux-gnu,twox-hash,2.1.2,xxhash3_128::test::streaming_129_to_240_bytes,full,success,8.130988949333334,,,,
x86_64-unknown-linux-gnu,twox-hash,2.1.2,xxhash3_128::test::streaming_17_to_128_bytes,full,success,1.5939826270000002,,,,
x86_64-unknown-linux-gnu,twox-hash,2.1.2,xxhash3_128::test::streaming_1_to_3_bytes,full,success,0.13196715533333334,,,,
x86_64-unknown-linux-gnu,twox-hash,2.1.2,xxhash3_128::test::streaming_4_to_8_bytes,full,success,0.14471969833333334,,,,
x86_64-unknown-linux-gnu,twox-hash,2.1.2,xxhash3_128::test::streaming_9_to_16_bytes,full,success,0.19324135833333334,,,,
x86_64-unknown-linux-gnu,twox-hash,2.1.2,xxhash3_128::test::streaming_empty,full,success,0.13199595566666666,,,,
x86_64-unknown-linux-gnu,twox-hash,2.1.2,xxhash3_64::test::oneshot_129_to_240_bytes,full,success,0.2606931373333334,,,,
x86_64-unknown-linux-gnu,twox-hash,2.1.2,xxhash3_64::test::oneshot_17_to_128_bytes,full,success,0.1921012936666667,,,,
x86_64-unknown-linux-gnu,twox-hash,2.1.2,xxhash3_64::test::oneshot_1_to_3_bytes,full,success,0.12825151766666668,,,,
x86_64-unknown-linux-gnu,twox-hash,2.1.2,xxhash3_64::test::oneshot_241_plus_bytes,full,success,1.4523542993333332,,,,
x86_64-unknown-linux-gnu,twox-hash,2.1.2,xxhash3_64::test::oneshot_4_to_8_bytes,full,success,0.132133265,,,,
x86_64-unknown-linux-gnu,twox-hash,2.1.2,xxhash3_64::test::oneshot_9_to_16_bytes,full,success,0.139215469,,,,
x86_64-unknown-linux-gnu,twox-hash,2.1.2,xxhash3_64::test::oneshot_empty,full,success,0.12867058166666667,,,,
x86_64-unknown-linux-gnu,twox-hash,2.1.2,xxhash3_64::test::oneshot_with_seed,full,success,0.2897158756666667,,,,
x86_64-unknown-linux-gnu,twox-hash,2.1.2,xxhash3_64::test::streaming_129_to_240_bytes,full,success,8.070924309666665,,,,
x86_64-unknown-linux-gnu,twox-hash,2.1.2,xxhash3_64::test::streaming_17_to_128_bytes,full,success,1.5627182736666667,,,,
x86_64-unknown-linux-gnu,twox-hash,2.1.2,xxhash3_64::test::streaming_1_to_3_bytes,full,success,0.13484213400000003,,,,
x86_64-unknown-linux-gnu,twox-hash,2.1.2,xxhash3_64::test::streaming_4_to_8_bytes,full,success,0.14813350333333333,,,,
x86_64-unknown-linux-gnu,twox-hash,2.1.2,xxhash3_64::test::streaming_9_to_16_bytes,full,success,0.19357296100000002,,,,
x86_64-unknown-linux-gnu,twox-hash,2.1.2,xxhash3_64::test::streaming_empty,full,success,0.13038879633333333,,,,
x86_64-unknown-linux-gnu,twox-hash,2.1.2,xxhash64::random_impl::test::can_be_used_in_a_hashmap_with_a_random_seed,full,success,0.14158482533333336,,,,
x86_64-unknown-linux-gnu,twox-hash,2.1.2,xxhash64::test::can_be_used_in_a_hashmap_with_a_default_seed,full,success,0.13376195700000001,,,,
x86_64-unknown-linux-gnu,twox-hash,2.1.2,xxhash64::test::hash_of_multiple_bytes_matches_c_implementation,full,success,0.131971695,,,,
x86_64-unknown-linux-gnu,twox-hash,2.1.2,xxhash64::test::hash_of_multiple_chunks_matches_c_implementation,full,success,0.13871628900000002,,,,
x86_64-unknown-linux-gnu,twox-hash,2.1.2,xxhash64::test::hash_of_nothing_matches_c_implementation,full,success,0.133733662,,,,
x86_64-unknown-linux-gnu,twox-hash,2.1.2,xxhash64::test::hash_of_single_byte_matches_c_implementation,full,success,0.12935200500000002,,,,
x86_64-unknown-linux-gnu,twox-hash,2.1.2,xxhash64::test::hash_with_different_seed_and_multiple_chunks_matches_c_implementation,full,success,0.142306599,,,,
x86_64-unknown-linux-gnu,twox-hash,2.1.2,xxhash64::test::hash_with_different_seed_matches_c_implementation,full,success,0.12980563566666667,,,,
x86_64-unknown-linux-gnu,twox-hash,2.1.2,xxhash64::test::ingesting_byte_by_byte_is_equivalent_to_large_chunks,full,success,0.15588179900000002,,,,
x86_64-unknown-linux-gnu,unicode-bidi,0.3.18,char_data::tests::test_ascii,full,success,0.12932551766666667,,,,
x86_64-unknown-linux-gnu,unicode-bidi,0.3.18,char_data::tests::test_bmp,full,success,0.133075678,,,,
x86_64-unknown-linux-gnu,unicode-bidi,0.3.18,char_data::tests::test_smp,full,success,0.12933139966666668,,,,
x86_64-unknown-linux-gnu,unicode-bidi,0.3.18,char_data::tests::test_unassigned_planes,full,success,0.13129622933333332,,,,
x86_64-unknown-linux-gnu,unicode-bidi,0.3.18,level::tests::test_has_rtl,full,success,0.14325559,,,,
x86_64-unknown-linux-gnu,unicode-bidi,0.3.18,level::tests::test_into,full,success,0.13248286,,,,
x86_64-unknown-linux-gnu,unicode-bidi,0.3.18,level::tests::test_is_ltr,full,success,0.12788520733333333,,,,
x86_64-unknown-linux-gnu,unicode-bidi,0.3.18,level::tests::test_is_rtl,full,success,0.13233451766666668,,,,
x86_64-unknown-linux-gnu,unicode-bidi,0.3.18,level::tests::test_lower,full,success,0.135590993,,,,
x86_64-unknown-linux-gnu,unicode-bidi,0.3.18,level::tests::test_new,full,success,0.13108302533333335,,,,
x86_64-unknown-linux-gnu,unicode-bidi,0.3.18,level::tests::test_new_explicit,full,success,0.134103897,,,,
x86_64-unknown-linux-gnu,unicode-bidi,0.3.18,level::tests::test_raise,full,success,0.12909381066666667,,,,
x86_64-unknown-linux-gnu,unicode-bidi,0.3.18,level::tests::test_raise_explicit,full,success,0.13090469666666668,,,,
x86_64-unknown-linux-gnu,unicode-bidi,0.3.18,level::tests::test_str_eq,full,success,0.13117749666666667,,,,
x86_64-unknown-linux-gnu,unicode-bidi,0.3.18,level::tests::test_string_eq,full,success,0.13579057233333333,,,,
x86_64-unknown-linux-gnu,unicode-bidi,0.3.18,level::tests::test_vec,full,success,0.133357104,,,,
x86_64-unknown-linux-gnu,unicode-bidi,0.3.18,prepare::tests::test_isolating_run_sequences,full,success,0.16621423133333335,,,,
x86_64-unknown-linux-gnu,unicode-bidi,0.3.18,prepare::tests::test_isolating_run_sequences_sos_and_eos,full,success,0.14976043733333333,,,,
x86_64-unknown-linux-gnu,unicode-bidi,0.3.18,prepare::tests::test_level_runs,full,success,0.12936179933333333,,,,
x86_64-unknown-linux-gnu,unicode-bidi,0.3.18,prepare::tests::test_not_removed_by_x9,full,success,0.1309158526666667,,,,
x86_64-unknown-linux-gnu,unicode-bidi,0.3.18,prepare::tests::test_removed_by_x9,full,success,0.14478396266666668,,,,
x86_64-unknown-linux-gnu,unicode-bidi,0.3.18,tests::test_bidi_info_has_rtl,full,success,0.32725313500000003,,,,
x86_64-unknown-linux-gnu,unicode-bidi,0.3.18,tests::test_direction,full,success,0.23990269733333336,,,,
x86_64-unknown-linux-gnu,unicode-bidi,0.3.18,tests::test_edge_cases_direction,full,success,0.15219136033333336,,,,
x86_64-unknown-linux-gnu,unicode-bidi,0.3.18,tests::test_get_base_direction,full,success,0.15927298533333334,,,,
x86_64-unknown-linux-gnu,unicode-bidi,0.3.18,tests::test_get_base_direction_full,full,success,0.16978365633333334,,,,
x86_64-unknown-linux-gnu,unicode-bidi,0.3.18,tests::test_initial_text_info,full,success,0.15849007566666667,,,,
x86_64-unknown-linux-gnu,unicode-bidi,0.3.18,tests::test_level_at,full,success,0.23497669733333335,,,,
x86_64-unknown-linux-gnu,unicode-bidi,0.3.18,tests::test_paragraph_bidi_info,full,success,0.21712858833333334,,,,
x86_64-unknown-linux-gnu,unicode-bidi,0.3.18,tests::test_paragraph_info_len,full,success,0.16738727300000003,,,,
x86_64-unknown-linux-gnu,unicode-bidi,0.3.18,tests::test_process_text,full,success,0.408017468,,,,
x86_64-unknown-linux-gnu,unicode-bidi,0.3.18,tests::test_reorder_line,full,success,0.7553955813333334,,,,
x86_64-unknown-linux-gnu,unicode-bidi,0.3.18,tests::test_reordered_levels,full,success,0.2848032533333334,,,,
x86_64-unknown-linux-gnu,unicode-bidi,0.3.18,tests::test_reordered_levels_range,full,success,0.1445224546666667,,,,
x86_64-unknown-linux-gnu,unicode-bidi,0.3.18,tests::test_utf16_char_iter,full,success,0.13450854166666668,,,,
x86_64-unknown-linux-gnu,unicode-bidi,0.3.18,tests::test_utf16_text_source,full,success,0.13046747833333336,,,,
x86_64-unknown-linux-gnu,unicode-normalization,0.1.25,normalize::tests::test_hangul_composition,full,success,0.111940626,,,,
x86_64-unknown-linux-gnu,unicode-normalization,0.1.25,quick_check::tests::test_stream_safe_nfc,full,success,0.11278735266666667,,,,
x86_64-unknown-linux-gnu,unicode-normalization,0.1.25,quick_check::tests::test_stream_safe_nfd,full,success,0.11278986333333335,,,,
x86_64-unknown-linux-gnu,unicode-normalization,0.1.25,stream_safe::tests::test_all_nonstarters,full,success,0.12249715566666668,,,,
x86_64-unknown-linux-gnu,unicode-normalization,0.1.25,stream_safe::tests::test_classify_nonstarters,full,success,46.51956716033333,,,,
x86_64-unknown-linux-gnu,unicode-normalization,0.1.25,stream_safe::tests::test_simple,full,success,0.128217208,,,,
x86_64-unknown-linux-gnu,unicode-normalization,0.1.25,test::test_is_combining_mark_ascii,full,success,0.11085429733333335,,,,
x86_64-unknown-linux-gnu,unicode-normalization,0.1.25,test::test_is_combining_mark_misc,full,success,0.10954738133333335,,,,
x86_64-unknown-linux-gnu,unicode-normalization,0.1.25,test::test_nfc,full,success,0.14218628233333333,,,,
x86_64-unknown-linux-gnu,unicode-normalization,0.1.25,test::test_nfd,full,success,0.14461030866666666,,,,
x86_64-unknown-linux-gnu,unicode-normalization,0.1.25,test::test_nfkc,full,success,0.14429450533333335,,,,
x86_64-unknown-linux-gnu,unicode-normalization,0.1.25,test::test_nfkd,full,success,0.13290067133333333,,,,
x86_64-unknown-linux-gnu,unicode-normalization,0.1.25,test::test_normalize_char,full,success,0.11316854366666668,,,,
x86_64-unknown-linux-gnu,urlencoding,2.1.3,dec::dec_borrows,full,success,0.10684780666666667,,,,
x86_64-unknown-linux-gnu,urlencoding,2.1.3,tests::it_decodes_successfully,full,success,0.10822923333333334,,,,
x86_64-unknown-linux-gnu,urlencoding,2.1.3,tests::it_decodes_successfully_emoji,full,success,0.10653754966666668,,,,
x86_64-unknown-linux-gnu,urlencoding,2.1.3,tests::it_decodes_unsuccessfully_emoji,full,success,0.11178070833333335,,,,
x86_64-unknown-linux-gnu,urlencoding,2.1.3,tests::it_encodes_successfully,full,success,0.10699567833333334,,,,
x86_64-unknown-linux-gnu,urlencoding,2.1.3,tests::it_encodes_successfully_emoji,full,success,0.10811133966666668,,,,
x86_64-unknown-linux-gnu,urlencoding,2.1.3,tests::lazy_writer,full,success,0.10747142933333335,,,,
x86_64-unknown-linux-gnu,urlencoding,2.1.3,tests::misc,full,success,0.11749730733333334,,,,
x86_64-unknown-linux-gnu,urlencoding,2.1.3,tests::whatwg_examples,full,success,0.11017640700000002,,,,
x86_64-unknown-linux-gnu,utf8_iter,1.0.4,report::tests::test_eq,full,success,0.13891764800000003,,,,
x86_64-unknown-linux-gnu,utf8_iter,1.0.4,report::tests::test_size,full,success,0.13419194600000003,,,,
x86_64-unknown-linux-gnu,uuid,1.23.2,fmt::tests::braced_ref_trailing,full,success,0.14055817133333334,,,,
x86_64-unknown-linux-gnu,uuid,1.23.2,fmt::tests::braced_to_inner,full,success,0.138534262,,,,
x86_64-unknown-linux-gnu,uuid,1.23.2,fmt::tests::braced_too_small,full,success,0.14323519933333337,,,,
x86_64-unknown-linux-gnu,uuid,1.23.2,fmt::tests::braced_trailing,full,success,0.14494075466666667,,,,
x86_64-unknown-linux-gnu,uuid,1.23.2,fmt::tests::hyphenated_ref_trailing,full,success,0.14701065966666668,,,,
x86_64-unknown-linux-gnu,uuid,1.23.2,fmt::tests::hyphenated_to_inner,full,success,0.149488646,,,,
x86_64-unknown-linux-gnu,uuid,1.23.2,fmt::tests::hyphenated_too_small,full,success,0.142261627,,,,
x86_64-unknown-linux-gnu,uuid,1.23.2,fmt::tests::hyphenated_trailing,full,success,0.1443368886666667,,,,
x86_64-unknown-linux-gnu,uuid,1.23.2,fmt::tests::simple_ref_trailing,full,success,0.14162807000000002,,,,
x86_64-unknown-linux-gnu,uuid,1.23.2,fmt::tests::simple_to_inner,full,success,0.1351708256666667,,,,
x86_64-unknown-linux-gnu,uuid,1.23.2,fmt::tests::simple_too_small,full,success,0.14517146233333333,,,,
x86_64-unknown-linux-gnu,uuid,1.23.2,fmt::tests::simple_trailing,full,success,0.14466526066666666,,,,
x86_64-unknown-linux-gnu,uuid,1.23.2,fmt::tests::urn_ref_trailing,full,success,0.14014033666666667,,,,
x86_64-unknown-linux-gnu,uuid,1.23.2,fmt::tests::urn_to_inner,full,success,0.13607459766666669,,,,
x86_64-unknown-linux-gnu,uuid,1.23.2,fmt::tests::urn_too_small,full,success,0.14226922466666667,,,,
x86_64-unknown-linux-gnu,uuid,1.23.2,fmt::tests::urn_trailing,full,success,0.14456056566666667,,,,
x86_64-unknown-linux-gnu,uuid,1.23.2,non_nil::tests::test_non_nil,full,success,0.139121019,,,,
x86_64-unknown-linux-gnu,uuid,1.23.2,non_nil::tests::test_non_nil_formatting,full,success,0.135716392,,,,
x86_64-unknown-linux-gnu,uuid,1.23.2,non_nil::tests::test_non_nil_ord,full,success,0.13867660533333334,,,,
x86_64-unknown-linux-gnu,uuid,1.23.2,non_nil::tests::test_non_nil_with_option_size,full,success,0.13428565633333334,,,,
x86_64-unknown-linux-gnu,uuid,1.23.2,parser::tests::test_parse_invalid,full,success,0.17155552266666665,,,,
x86_64-unknown-linux-gnu,uuid,1.23.2,parser::tests::test_parse_valid,full,success,0.13456998633333334,,,,
x86_64-unknown-linux-gnu,uuid,1.23.2,parser::tests::test_roundtrip_braced,full,success,0.143201767,,,,
x86_64-unknown-linux-gnu,uuid,1.23.2,parser::tests::test_roundtrip_default,full,success,0.14690487900000002,,,,
x86_64-unknown-linux-gnu,uuid,1.23.2,parser::tests::test_roundtrip_hyphenated,full,success,0.13971441800000003,,,,
x86_64-unknown-linux-gnu,uuid,1.23.2,parser::tests::test_roundtrip_parse_braced,full,success,0.14588374733333334,,,,
x86_64-unknown-linux-gnu,uuid,1.23.2,parser::tests::test_roundtrip_parse_urn,full,success,0.141664453,,,,
x86_64-unknown-linux-gnu,uuid,1.23.2,parser::tests::test_roundtrip_simple,full,success,0.14205029466666666,,,,
x86_64-unknown-linux-gnu,uuid,1.23.2,parser::tests::test_roundtrip_urn,full,success,0.14446136466666668,,,,
x86_64-unknown-linux-gnu,uuid,1.23.2,parser::tests::test_try_parse_ascii_non_utf8,full,success,0.13516548833333333,,,,
x86_64-unknown-linux-gnu,uuid,1.23.2,tests::test_as_bytes,full,success,0.13778636300000002,,,,
x86_64-unknown-linux-gnu,uuid,1.23.2,tests::test_bytes_le_roundtrip,full,success,0.13747102033333333,,,,
x86_64-unknown-linux-gnu,uuid,1.23.2,tests::test_bytes_roundtrip,full,success,0.14207689766666667,,,,
x86_64-unknown-linux-gnu,uuid,1.23.2,tests::test_compare,full,success,0.13683840033333336,,,,
x86_64-unknown-linux-gnu,uuid,1.23.2,tests::test_convert_vec,full,success,0.13822931533333335,,,,
x86_64-unknown-linux-gnu,uuid,1.23.2,tests::test_default,full,success,0.13608621966666667,,,,
x86_64-unknown-linux-gnu,uuid,1.23.2,tests::test_display,full,success,0.19418144066666668,,,,
x86_64-unknown-linux-gnu,uuid,1.23.2,tests::test_fields_le_are_actually_le,full,success,0.14014726933333335,,,,
x86_64-unknown-linux-gnu,uuid,1.23.2,tests::test_fields_le_roundtrip,full,success,0.143644981,,,,
x86_64-unknown-linux-gnu,uuid,1.23.2,tests::test_fields_roundtrip,full,success,0.1352975936666667,,,,
x86_64-unknown-linux-gnu,uuid,1.23.2,tests::test_from_bytes,full,success,0.13828632933333332,,,,
x86_64-unknown-linux-gnu,uuid,1.23.2,tests::test_from_fields,full,success,0.13529044,,,,
x86_64-unknown-linux-gnu,uuid,1.23.2,tests::test_from_fields_le,full,success,0.1354743786666667,,,,
x86_64-unknown-linux-gnu,uuid,1.23.2,tests::test_from_slice,full,success,0.13625806766666668,,,,
x86_64-unknown-linux-gnu,uuid,1.23.2,tests::test_get_node_id_unsupported_version,full,success,0.13859114166666667,,,,
x86_64-unknown-linux-gnu,uuid,1.23.2,tests::test_get_timestamp_unsupported_version,full,success,0.14261944299999998,,,,
x86_64-unknown-linux-gnu,uuid,1.23.2,tests::test_get_variant,full,success,0.13605114799999998,,,,
x86_64-unknown-linux-gnu,uuid,1.23.2,tests::test_get_version,full,success,0.136148395,,,,
x86_64-unknown-linux-gnu,uuid,1.23.2,tests::test_get_version_non_conforming,full,success,0.13823197566666667,,,,
x86_64-unknown-linux-gnu,uuid,1.23.2,tests::test_hyphenated_string,full,success,0.1794521126666667,,,,
x86_64-unknown-linux-gnu,uuid,1.23.2,tests::test_max,full,success,0.14694135633333336,,,,
x86_64-unknown-linux-gnu,uuid,1.23.2,tests::test_nil,full,success,0.13959627333333333,,,,
x86_64-unknown-linux-gnu,uuid,1.23.2,tests::test_predefined_namespaces,full,success,0.13970327033333332,,,,
x86_64-unknown-linux-gnu,uuid,1.23.2,tests::test_to_simple_string,full,success,0.16807358066666667,,,,
x86_64-unknown-linux-gnu,uuid,1.23.2,tests::test_to_urn_string,full,success,0.18137836666666665,,,,
x86_64-unknown-linux-gnu,uuid,1.23.2,tests::test_u128_le_is_actually_le,full,success,0.14199588133333335,,,,
x86_64-unknown-linux-gnu,uuid,1.23.2,tests::test_u128_le_roundtrip,full,success,0.13517935566666667,,,,
x86_64-unknown-linux-gnu,uuid,1.23.2,tests::test_u128_roundtrip,full,success,0.13455216166666667,,,,
x86_64-unknown-linux-gnu,uuid,1.23.2,tests::test_u64_pair_roundtrip,full,success,0.135705541,,,,
x86_64-unknown-linux-gnu,uuid,1.23.2,tests::test_upper_lower_hex,full,success,0.7027556456666667,,,,
x86_64-unknown-linux-gnu,which,8.0.2,helper::test::test_extension_in_extension_vector,full,success,0.1379947016666667,,,,
x86_64-unknown-linux-gnu,which,8.0.2,helper::test::test_extension_not_in_extension_vector,full,success,0.13626105566666669,,,,
x86_64-unknown-linux-gnu,which,8.0.2,helper::test::test_invalid_exts,full,success,0.134467617,,,,
x86_64-unknown-linux-gnu,writeable,0.6.3,cmp::tests::test_mixed,full,success,0.27992347866666667,,,,
x86_64-unknown-linux-gnu,writeable,0.6.3,cmp::tests::test_write_char,full,success,0.3100840866666667,,,,
x86_64-unknown-linux-gnu,writeable,0.6.3,cmp::tests::test_write_str,full,success,0.14579281233333333,,,,
x86_64-unknown-linux-gnu,writeable,0.6.3,impls::test_string_impls,full,success,0.146104249,,,,
x86_64-unknown-linux-gnu,writeable,0.6.3,impls::test_u128,full,success,1.4617378506666665,,,,
x86_64-unknown-linux-gnu,writeable,0.6.3,impls::test_u16,full,success,1.2090401450000001,,,,
x86_64-unknown-linux-gnu,writeable,0.6.3,impls::test_u32,full,success,1.5748921026666667,,,,
x86_64-unknown-linux-gnu,writeable,0.6.3,impls::test_u64,full,success,2.602417344,,,,
x86_64-unknown-linux-gnu,writeable,0.6.3,impls::test_u8,full,success,1.0774264663333335,,,,
x86_64-unknown-linux-gnu,writeable,0.6.3,impls::test_usize,full,success,0.15406951100000002,,,,
x86_64-unknown-linux-gnu,writeable,0.6.3,ops::tests::test_add,full,success,0.137343486,,,,
x86_64-unknown-linux-gnu,writeable,0.6.3,ops::tests::test_bitor,full,success,0.13441337933333333,,,,
x86_64-unknown-linux-gnu,writeable,0.6.3,ops::tests::test_mul,full,success,0.13064612633333336,,,,
x86_64-unknown-linux-gnu,writeable,0.6.3,ops::tests::test_sum,full,success,0.13506278966666665,,,,
x86_64-unknown-linux-gnu,writeable,0.6.3,try_writeable::test_result_try_writeable,full,success,0.1459014346666667,,,,
x86_64-unknown-linux-gnu,yoke,0.8.2,cartable_ptr::tests::test_new_rc,full,success,0.13350797166666664,,,,
x86_64-unknown-linux-gnu,yoke,0.8.2,cartable_ptr::tests::test_new_sentinel,full,success,0.12777198266666667,,,,
x86_64-unknown-linux-gnu,yoke,0.8.2,cartable_ptr::tests::test_rc_clone,full,success,0.12929896600000002,,,,
x86_64-unknown-linux-gnu,yoke,0.8.2,cartable_ptr::tests::test_sizes,full,success,0.133747841,,,,
x86_64-unknown-linux-gnu,yoke,0.8.2,yoke::test_clone,full,success,0.12954595633333335,,,,
x86_64-unknown-linux-gnu,yoke,0.8.2,yoke::test_debug,full,success,0.135351347,,,,
x86_64-unknown-linux-gnu,yoke,0.8.2,yoke::test_display,full,success,0.12977817033333336,,,,
x86_64-unknown-linux-gnu,yoke,0.8.2,yoke::test_eq_trait,full,success,0.1300796816666667,,,,
x86_64-unknown-linux-gnu,yoke,0.8.2,yoke::test_partialeq,full,success,0.12941954466666666,,,,
x86_64-unknown-linux-gnu,yoke,0.8.2,yoke::test_partialord_ord,full,success,0.13428924966666667,,,,
