target,crate_name,version,test_name,mode,status,mean_exec_time_seconds,error_message,error_location,log_url,error_detail
aarch64-unknown-linux-gnu,aho-corasick,1.1.4,nfa::contiguous::tests::swar,full,success,0.10531120700000002,,,,
aarch64-unknown-linux-gnu,aho-corasick,1.1.4,packed::pattern::tests::equals_different_lengths,full,success,0.10527190233333335,,,,
aarch64-unknown-linux-gnu,aho-corasick,1.1.4,packed::pattern::tests::equals_mismatch,full,success,0.10677348033333334,,,,
aarch64-unknown-linux-gnu,aho-corasick,1.1.4,packed::pattern::tests::equals_yes,full,success,0.10494298966666667,,,,
aarch64-unknown-linux-gnu,aho-corasick,1.1.4,packed::pattern::tests::prefix,full,success,0.10472535733333334,,,,
aarch64-unknown-linux-gnu,aho-corasick,1.1.4,packed::tests::search_default_leftmost_first,full,success,5.967067563666666,,,,
aarch64-unknown-linux-gnu,aho-corasick,1.1.4,packed::tests::search_default_leftmost_longest,full,success,6.150344844,,,,
aarch64-unknown-linux-gnu,aho-corasick,1.1.4,packed::tests::search_rabinkarp_leftmost_first,full,success,4.347408778999999,,,,
aarch64-unknown-linux-gnu,aho-corasick,1.1.4,packed::tests::search_rabinkarp_leftmost_longest,full,success,4.572302577666666,,,,
aarch64-unknown-linux-gnu,aho-corasick,1.1.4,packed::tests::search_teddy_avx2_leftmost_first,full,success,6.1717270866666665,,,,
aarch64-unknown-linux-gnu,aho-corasick,1.1.4,packed::tests::search_teddy_avx2_leftmost_longest,full,success,6.375116069000001,,,,
aarch64-unknown-linux-gnu,aho-corasick,1.1.4,packed::tests::search_teddy_fat_leftmost_first,full,success,6.225735720333333,,,,
aarch64-unknown-linux-gnu,aho-corasick,1.1.4,packed::tests::search_teddy_fat_leftmost_longest,full,success,6.380953248666667,,,,
aarch64-unknown-linux-gnu,aho-corasick,1.1.4,packed::tests::search_teddy_leftmost_first,full,success,6.208931644333333,,,,
aarch64-unknown-linux-gnu,aho-corasick,1.1.4,packed::tests::search_teddy_leftmost_longest,full,success,6.252891376,,,,
aarch64-unknown-linux-gnu,aho-corasick,1.1.4,packed::tests::search_teddy_ssse3_leftmost_first,full,success,6.126602575333333,,,,
aarch64-unknown-linux-gnu,aho-corasick,1.1.4,packed::tests::search_teddy_ssse3_leftmost_longest,full,success,6.216346813666667,,,,
aarch64-unknown-linux-gnu,aho-corasick,1.1.4,packed::tests::search_tests_have_unique_names,full,success,0.193217255,,,,
aarch64-unknown-linux-gnu,aho-corasick,1.1.4,packed::vector::tests_aarch64_neon::example_vmaxvq_u8_non_zero,full,success,0.10668013066666666,,,,
aarch64-unknown-linux-gnu,aho-corasick,1.1.4,packed::vector::tests_aarch64_neon::example_vmaxvq_u8_zero,full,success,0.10630274233333332,,,,
aarch64-unknown-linux-gnu,aho-corasick,1.1.4,packed::vector::tests_aarch64_neon::example_vpmaxq_u8_non_zero,full,success,0.10632837566666668,,,,
aarch64-unknown-linux-gnu,aho-corasick,1.1.4,packed::vector::tests_aarch64_neon::example_vpmaxq_u8_other,full,success,0.106424978,,,,
aarch64-unknown-linux-gnu,aho-corasick,1.1.4,packed::vector::tests_aarch64_neon::example_vpmaxq_u8_self,full,success,0.10675503433333333,,,,
aarch64-unknown-linux-gnu,aho-corasick,1.1.4,packed::vector::tests_aarch64_neon::vector_and,full,success,0.10662971633333333,,,,
aarch64-unknown-linux-gnu,aho-corasick,1.1.4,packed::vector::tests_aarch64_neon::vector_cmpeq,full,success,0.10686330466666667,,,,
aarch64-unknown-linux-gnu,aho-corasick,1.1.4,packed::vector::tests_aarch64_neon::vector_for_each_64bit_lane,full,success,0.10598124533333335,,,,
aarch64-unknown-linux-gnu,aho-corasick,1.1.4,packed::vector::tests_aarch64_neon::vector_is_zero,full,success,0.10630775600000002,,,,
aarch64-unknown-linux-gnu,aho-corasick,1.1.4,packed::vector::tests_aarch64_neon::vector_or,full,success,0.10599113533333333,,,,
aarch64-unknown-linux-gnu,aho-corasick,1.1.4,packed::vector::tests_aarch64_neon::vector_shift_8bit_lane_right,full,success,0.106645797,,,,
aarch64-unknown-linux-gnu,aho-corasick,1.1.4,packed::vector::tests_aarch64_neon::vector_shift_in_one_byte,full,success,0.10648815100000002,,,,
aarch64-unknown-linux-gnu,aho-corasick,1.1.4,packed::vector::tests_aarch64_neon::vector_shift_in_three_bytes,full,success,0.10585091733333334,,,,
aarch64-unknown-linux-gnu,aho-corasick,1.1.4,packed::vector::tests_aarch64_neon::vector_shift_in_two_bytes,full,success,0.10662875566666667,,,,
aarch64-unknown-linux-gnu,aho-corasick,1.1.4,packed::vector::tests_aarch64_neon::vector_shuffle_bytes,full,success,0.10695943033333334,,,,
aarch64-unknown-linux-gnu,aho-corasick,1.1.4,packed::vector::tests_aarch64_neon::vector_splat,full,success,0.10617216666666668,,,,
aarch64-unknown-linux-gnu,aho-corasick,1.1.4,testoibits::oibits_automaton,full,success,0.10644463966666667,,,,
aarch64-unknown-linux-gnu,aho-corasick,1.1.4,testoibits::oibits_main,full,success,0.10727375900000001,,,,
aarch64-unknown-linux-gnu,aho-corasick,1.1.4,testoibits::oibits_packed,full,success,0.10618177833333335,,,,
aarch64-unknown-linux-gnu,aho-corasick,1.1.4,tests::acasei_leftmost_first_default,full,success,12.333865109000001,,,,
aarch64-unknown-linux-gnu,aho-corasick,1.1.4,tests::acasei_leftmost_first_dfa_default,full,success,12.288004934999998,,,,
aarch64-unknown-linux-gnu,aho-corasick,1.1.4,tests::acasei_leftmost_first_nfa_contig_default,full,success,12.241943513,,,,
aarch64-unknown-linux-gnu,aho-corasick,1.1.4,tests::acasei_leftmost_first_nfa_noncontig_default,full,success,10.915513755,,,,
aarch64-unknown-linux-gnu,aho-corasick,1.1.4,tests::acasei_leftmost_longest_default,full,success,12.285812847333332,,,,
aarch64-unknown-linux-gnu,aho-corasick,1.1.4,tests::acasei_leftmost_longest_dfa_default,full,success,12.254177760666666,,,,
aarch64-unknown-linux-gnu,aho-corasick,1.1.4,tests::acasei_leftmost_longest_nfa_contig_default,full,success,12.399028117999999,,,,
aarch64-unknown-linux-gnu,aho-corasick,1.1.4,tests::acasei_leftmost_longest_nfa_noncontig_default,full,success,11.125169640333333,,,,
aarch64-unknown-linux-gnu,aho-corasick,1.1.4,tests::acasei_standard_default,full,success,7.341880470333334,,,,
aarch64-unknown-linux-gnu,aho-corasick,1.1.4,tests::acasei_standard_dfa_default,full,success,12.874581782666667,,,,
aarch64-unknown-linux-gnu,aho-corasick,1.1.4,tests::acasei_standard_nfa_contig_default,full,success,7.045587805333334,,,,
aarch64-unknown-linux-gnu,aho-corasick,1.1.4,tests::acasei_standard_nfa_noncontig_default,full,success,6.262805252333334,,,,
aarch64-unknown-linux-gnu,aho-corasick,1.1.4,tests::acasei_standard_overlapping_default,full,success,12.475071474333333,,,,
aarch64-unknown-linux-gnu,aho-corasick,1.1.4,tests::acasei_standard_overlapping_dfa_default,full,success,12.547485823,,,,
aarch64-unknown-linux-gnu,aho-corasick,1.1.4,tests::acasei_standard_overlapping_nfa_contig_default,full,success,12.107614075333332,,,,
aarch64-unknown-linux-gnu,aho-corasick,1.1.4,tests::acasei_standard_overlapping_nfa_noncontig_default,full,success,11.080562161000001,,,,
aarch64-unknown-linux-gnu,aho-corasick,1.1.4,tests::anchored_not_allowed_even_if_technically_available,full,success,4.693165385,,,,
aarch64-unknown-linux-gnu,aho-corasick,1.1.4,tests::overlapping_not_allowed_leftmost_first,full,success,1.5536804506666666,,,,
aarch64-unknown-linux-gnu,aho-corasick,1.1.4,tests::overlapping_not_allowed_leftmost_longest,full,success,1.567973726,,,,
aarch64-unknown-linux-gnu,aho-corasick,1.1.4,tests::prefilter_stays_in_bounds,full,success,2.9203837223333333,,,,
aarch64-unknown-linux-gnu,aho-corasick,1.1.4,tests::regression_ascii_case_insensitive_no_exponential,full,success,4.480110668999999,,,,
aarch64-unknown-linux-gnu,aho-corasick,1.1.4,tests::regression_rare_byte_prefilter,full,success,1.863166499,,,,
aarch64-unknown-linux-gnu,aho-corasick,1.1.4,tests::search_standard_anchored_default,full,success,50.30688333966666,,,,
aarch64-unknown-linux-gnu,aho-corasick,1.1.4,tests::search_standard_anchored_dfa_default,full,success,49.738595682,,,,
aarch64-unknown-linux-gnu,aho-corasick,1.1.4,tests::search_standard_anchored_dfa_start_both,full,success,48.693641156000005,,,,
aarch64-unknown-linux-gnu,aho-corasick,1.1.4,tests::search_standard_anchored_nfa_noncontig_default,full,success,45.27488396766666,,,,
aarch64-unknown-linux-gnu,aho-corasick,1.1.4,tests::search_tests_have_unique_names,full,success,0.23979188133333337,,,,
aarch64-unknown-linux-gnu,aho-corasick,1.1.4,tests::stream_not_allowed_leftmost_first,full,success,1.5604431603333335,,,,
aarch64-unknown-linux-gnu,aho-corasick,1.1.4,tests::stream_not_allowed_leftmost_longest,full,success,1.5647217993333336,,,,
aarch64-unknown-linux-gnu,aho-corasick,1.1.4,tests::unanchored_not_allowed_even_if_technically_available,full,success,4.709495954666667,,,,
aarch64-unknown-linux-gnu,aho-corasick,1.1.4,util::alphabet::tests::byte_classes,full,success,0.17273478566666667,,,,
aarch64-unknown-linux-gnu,aho-corasick,1.1.4,util::alphabet::tests::elements_empty,full,success,0.14800409733333333,,,,
aarch64-unknown-linux-gnu,aho-corasick,1.1.4,util::alphabet::tests::elements_singletons,full,success,0.1540785206666667,,,,
aarch64-unknown-linux-gnu,aho-corasick,1.1.4,util::alphabet::tests::elements_typical,full,success,0.23240919100000001,,,,
aarch64-unknown-linux-gnu,aho-corasick,1.1.4,util::alphabet::tests::full_byte_classes,full,success,0.164741027,,,,
aarch64-unknown-linux-gnu,ansi_term,0.12.1,ansi::test::black,full,success,0.10847530500000001,,,,
aarch64-unknown-linux-gnu,ansi_term,0.12.1,ansi::test::blink,full,success,0.11009743533333334,,,,
aarch64-unknown-linux-gnu,ansi_term,0.12.1,ansi::test::blue_on_rgb,full,success,0.11023265333333333,,,,
aarch64-unknown-linux-gnu,ansi_term,0.12.1,ansi::test::blue_underline,full,success,0.11064272366666666,,,,
aarch64-unknown-linux-gnu,ansi_term,0.12.1,ansi::test::bold,full,success,0.10992195366666667,,,,
aarch64-unknown-linux-gnu,ansi_term,0.12.1,ansi::test::bunderline,full,success,0.10969833266666666,,,,
aarch64-unknown-linux-gnu,ansi_term,0.12.1,ansi::test::cyan_bold_on_white,full,success,0.11092388900000001,,,,
aarch64-unknown-linux-gnu,ansi_term,0.12.1,ansi::test::cyan_bold_ul_on_white,full,success,0.11083657966666667,,,,
aarch64-unknown-linux-gnu,ansi_term,0.12.1,ansi::test::cyan_ul_bold_on_white,full,success,0.11052383866666667,,,,
aarch64-unknown-linux-gnu,ansi_term,0.12.1,ansi::test::cyan_ul_on_white,full,success,0.11137146866666668,,,,
aarch64-unknown-linux-gnu,ansi_term,0.12.1,ansi::test::dimmed,full,success,0.11016089900000002,,,,
aarch64-unknown-linux-gnu,ansi_term,0.12.1,ansi::test::fixed,full,success,0.11058440300000001,,,,
aarch64-unknown-linux-gnu,ansi_term,0.12.1,ansi::test::fixed_on_fixed,full,success,0.11151919300000002,,,,
aarch64-unknown-linux-gnu,ansi_term,0.12.1,ansi::test::fixed_on_purple,full,success,0.109943675,,,,
aarch64-unknown-linux-gnu,ansi_term,0.12.1,ansi::test::green_bold_ul,full,success,0.11080407433333335,,,,
aarch64-unknown-linux-gnu,ansi_term,0.12.1,ansi::test::green_bold_ul_2,full,success,0.10994698933333334,,,,
aarch64-unknown-linux-gnu,ansi_term,0.12.1,ansi::test::hidden,full,success,0.10965484266666665,,,,
aarch64-unknown-linux-gnu,ansi_term,0.12.1,ansi::test::italic,full,success,0.10976525966666668,,,,
aarch64-unknown-linux-gnu,ansi_term,0.12.1,ansi::test::plain,full,success,0.10939563433333334,,,,
aarch64-unknown-linux-gnu,ansi_term,0.12.1,ansi::test::purple_on_white,full,success,0.11086974000000001,,,,
aarch64-unknown-linux-gnu,ansi_term,0.12.1,ansi::test::purple_on_white_2,full,success,0.11040814766666666,,,,
aarch64-unknown-linux-gnu,ansi_term,0.12.1,ansi::test::red,full,success,0.10996170366666667,,,,
aarch64-unknown-linux-gnu,ansi_term,0.12.1,ansi::test::reverse,full,success,0.10950829233333333,,,,
aarch64-unknown-linux-gnu,ansi_term,0.12.1,ansi::test::rgb,full,success,0.11106348866666667,,,,
aarch64-unknown-linux-gnu,ansi_term,0.12.1,ansi::test::rgb_on_blue,full,success,0.11176058366666668,,,,
aarch64-unknown-linux-gnu,ansi_term,0.12.1,ansi::test::rgb_on_rgb,full,success,0.11261059166666669,,,,
aarch64-unknown-linux-gnu,ansi_term,0.12.1,ansi::test::stricken,full,success,0.10981326800000002,,,,
aarch64-unknown-linux-gnu,ansi_term,0.12.1,ansi::test::test_infix,full,success,0.11030772733333334,,,,
aarch64-unknown-linux-gnu,ansi_term,0.12.1,ansi::test::underline,full,success,0.110048461,,,,
aarch64-unknown-linux-gnu,ansi_term,0.12.1,ansi::test::yellow_bold,full,success,0.11015156633333334,,,,
aarch64-unknown-linux-gnu,ansi_term,0.12.1,ansi::test::yellow_bold_2,full,success,0.11002199366666666,,,,
aarch64-unknown-linux-gnu,ansi_term,0.12.1,ansi::test::yellow_on_blue,full,success,0.11038510966666666,,,,
aarch64-unknown-linux-gnu,ansi_term,0.12.1,ansi::test::yellow_on_blue_2,full,success,0.110341341,,,,
aarch64-unknown-linux-gnu,ansi_term,0.12.1,debug::test::bold,full,success,0.10904490500000001,,,,
aarch64-unknown-linux-gnu,ansi_term,0.12.1,debug::test::both,full,success,0.10916257466666668,,,,
aarch64-unknown-linux-gnu,ansi_term,0.12.1,debug::test::empty,full,success,0.10871068800000001,,,,
aarch64-unknown-linux-gnu,ansi_term,0.12.1,debug::test::everything,full,success,0.11117048466666668,,,,
aarch64-unknown-linux-gnu,ansi_term,0.12.1,debug::test::italic,full,success,0.10989429033333332,,,,
aarch64-unknown-linux-gnu,ansi_term,0.12.1,debug::test::long_and_detailed,full,success,18.209990104333333,,,,
aarch64-unknown-linux-gnu,ansi_term,0.12.1,debug::test::red,full,success,0.108521359,,,,
aarch64-unknown-linux-gnu,ansi_term,0.12.1,debug::test::redblue,full,success,0.110397487,,,,
aarch64-unknown-linux-gnu,ansi_term,0.12.1,difference::test::addition_of_blink,full,success,0.11202577466666667,,,,
aarch64-unknown-linux-gnu,ansi_term,0.12.1,difference::test::addition_of_dimmed,full,success,0.107967513,,,,
aarch64-unknown-linux-gnu,ansi_term,0.12.1,difference::test::addition_of_hidden,full,success,0.10794382933333335,,,,
aarch64-unknown-linux-gnu,ansi_term,0.12.1,difference::test::addition_of_reverse,full,success,0.107555304,,,,
aarch64-unknown-linux-gnu,ansi_term,0.12.1,difference::test::addition_of_strikethrough,full,success,0.107444783,,,,
aarch64-unknown-linux-gnu,ansi_term,0.12.1,difference::test::colour_change,full,success,0.10709909533333334,,,,
aarch64-unknown-linux-gnu,ansi_term,0.12.1,difference::test::lowercase,full,success,0.10729245666666666,,,,
aarch64-unknown-linux-gnu,ansi_term,0.12.1,difference::test::nothing,full,success,0.10756149600000002,,,,
aarch64-unknown-linux-gnu,ansi_term,0.12.1,difference::test::nothing2,full,success,0.10753346600000001,,,,
aarch64-unknown-linux-gnu,ansi_term,0.12.1,difference::test::removal_of_blink,full,success,0.10756155200000002,,,,
aarch64-unknown-linux-gnu,ansi_term,0.12.1,difference::test::removal_of_dimmed,full,success,0.10796826233333334,,,,
aarch64-unknown-linux-gnu,ansi_term,0.12.1,difference::test::removal_of_hidden,full,success,0.10806259800000001,,,,
aarch64-unknown-linux-gnu,ansi_term,0.12.1,difference::test::removal_of_reverse,full,success,0.10813309866666666,,,,
aarch64-unknown-linux-gnu,ansi_term,0.12.1,difference::test::removal_of_strikethrough,full,success,0.10812488600000002,,,,
aarch64-unknown-linux-gnu,ansi_term,0.12.1,difference::test::uppercase,full,success,0.10809760766666666,,,,
aarch64-unknown-linux-gnu,ansi_term,0.12.1,display::tests::no_control_codes_for_plain,full,success,0.10910625666666668,,,,
aarch64-unknown-linux-gnu,ansi_term,0.12.1,util::test::test,full,success,0.11078392,,,,
aarch64-unknown-linux-gnu,anstream,1.0.0,adapter::strip::test::test_strip_byte_del,full,success,0.108009645,,,,
aarch64-unknown-linux-gnu,anstream,1.0.0,adapter::strip::test::test_strip_byte_multibyte,full,success,0.11146061233333333,,,,
aarch64-unknown-linux-gnu,anstream,1.0.0,adapter::strip::test::test_strip_bytes_multibyte,full,success,0.10955765433333335,,,,
aarch64-unknown-linux-gnu,anstream,1.0.0,adapter::strip::test::test_strip_str_del,full,success,0.10863029966666667,,,,
aarch64-unknown-linux-gnu,anstream,1.0.0,adapter::strip::test::test_strip_str_handles_broken_sequence,full,success,0.10815387166666668,,,,
aarch64-unknown-linux-gnu,anstream,1.0.0,adapter::wincon::test::ansi256_colors,full,success,0.11885066033333334,,,,
aarch64-unknown-linux-gnu,anstream,1.0.0,adapter::wincon::test::end,full,success,0.118450779,,,,
aarch64-unknown-linux-gnu,anstream,1.0.0,adapter::wincon::test::middle,full,success,0.11898926700000001,,,,
aarch64-unknown-linux-gnu,anstream,1.0.0,adapter::wincon::test::start,full,success,0.11825124233333334,,,,
aarch64-unknown-linux-gnu,anstream,1.0.0,stream::tests::test,full,success,0.10793062233333334,,,,
aarch64-unknown-linux-gnu,anstyle-query,1.1.5,test::non_empty_empty,full,success,0.10543231266666668,,,,
aarch64-unknown-linux-gnu,anstyle-query,1.1.5,test::non_empty_not_present,full,success,0.10535404100000001,,,,
aarch64-unknown-linux-gnu,anstyle-query,1.1.5,test::non_empty_texty,full,success,0.10658350166666668,,,,
aarch64-unknown-linux-gnu,anstyle,1.0.14,color::test::max_display_buffer,full,success,0.10658061333333335,,,,
aarch64-unknown-linux-gnu,anstyle,1.0.14,color::test::no_align,full,success,0.11035577166666667,,,,
aarch64-unknown-linux-gnu,anstyle,1.0.14,color::test::print_size_of,full,success,0.10720822433333334,,,,
aarch64-unknown-linux-gnu,anstyle,1.0.14,effect::test::no_align,full,success,0.10867198,,,,
aarch64-unknown-linux-gnu,anstyle,1.0.14,effect::test::print_size_of,full,success,0.10779260133333333,,,,
aarch64-unknown-linux-gnu,anstyle,1.0.14,reset::test::no_align,full,success,0.10755889566666667,,,,
aarch64-unknown-linux-gnu,anstyle,1.0.14,reset::test::print_size_of,full,success,0.10830638800000002,,,,
aarch64-unknown-linux-gnu,anstyle,1.0.14,style::print_size_of,full,success,0.10676421366666666,,,,
aarch64-unknown-linux-gnu,anyhow,1.0.102,fmt::tests::no_digits,full,success,0.11016086033333333,,,,
aarch64-unknown-linux-gnu,anyhow,1.0.102,fmt::tests::one_digit,full,success,0.10915349366666667,,,,
aarch64-unknown-linux-gnu,anyhow,1.0.102,fmt::tests::two_digits,full,success,0.11035361900000001,,,,
aarch64-unknown-linux-gnu,arc-swap,1.9.1,access::tests::constant,full,success,0.10772392433333333,,,,
aarch64-unknown-linux-gnu,arc-swap,1.9.1,access::tests::double_dyn_access_complex,full,success,0.108583451,,,,
aarch64-unknown-linux-gnu,arc-swap,1.9.1,access::tests::dyn_dispatch,full,success,0.10933624566666666,,,,
aarch64-unknown-linux-gnu,arc-swap,1.9.1,access::tests::indirect,full,success,0.10894392266666668,,,,
aarch64-unknown-linux-gnu,arc-swap,1.9.1,access::tests::map,full,success,0.10976806733333334,,,,
aarch64-unknown-linux-gnu,arc-swap,1.9.1,access::tests::map_option_none,full,success,0.10930178633333333,,,,
aarch64-unknown-linux-gnu,arc-swap,1.9.1,access::tests::map_option_some,full,success,0.10848263033333334,,,,
aarch64-unknown-linux-gnu,arc-swap,1.9.1,access::tests::map_reload,full,success,0.10940302033333334,,,,
aarch64-unknown-linux-gnu,arc-swap,1.9.1,access::tests::static_dispatch,full,success,0.10928167,,,,
aarch64-unknown-linux-gnu,arc-swap,1.9.1,access::tests::transition,full,success,0.10923833433333334,,,,
aarch64-unknown-linux-gnu,arc-swap,1.9.1,cache::tests::cache_option,full,success,0.10969741366666667,,,,
aarch64-unknown-linux-gnu,arc-swap,1.9.1,cache::tests::cached_through_arc,full,success,0.10967153,,,,
aarch64-unknown-linux-gnu,arc-swap,1.9.1,cache::tests::cached_value,full,success,0.10998771666666668,,,,
aarch64-unknown-linux-gnu,arc-swap,1.9.1,cache::tests::map_cache,full,success,0.11094518233333334,,,,
aarch64-unknown-linux-gnu,arc-swap,1.9.1,debt::list::tests::new_empty,full,success,0.108160559,,,,
aarch64-unknown-linux-gnu,arc-swap,1.9.1,debt::tests::arc_zst,full,success,0.10778648033333334,,,,
aarch64-unknown-linux-gnu,arc-swap,1.9.1,ref_cnt::tests::pin::ref_cnt_pin_arc,full,success,0.10792260233333334,,,,
aarch64-unknown-linux-gnu,arc-swap,1.9.1,ref_cnt::tests::pin::ref_cnt_pin_rc,full,success,0.10740107966666668,,,,
aarch64-unknown-linux-gnu,arc-swap,1.9.1,ref_cnt::tests::ref_cnt_arc,full,success,0.107096119,,,,
aarch64-unknown-linux-gnu,arc-swap,1.9.1,tests::lease_overflow,full,success,0.16926944033333333,,,,
aarch64-unknown-linux-gnu,arc-swap,1.9.1,tests::load_cnt,full,success,0.11077242166666668,,,,
aarch64-unknown-linux-gnu,arc-swap,1.9.1,tests_default::cas_ref_cnt,full,success,0.1784003066666667,,,,
aarch64-unknown-linux-gnu,arc-swap,1.9.1,tests_default::debug_impl,full,success,0.11066011333333332,,,,
aarch64-unknown-linux-gnu,arc-swap,1.9.1,tests_default::display_impl,full,success,0.11013639266666668,,,,
aarch64-unknown-linux-gnu,arc-swap,1.9.1,tests_default::from_into,full,success,0.10927281266666668,,,,
aarch64-unknown-linux-gnu,arc-swap,1.9.1,tests_default::guard_drop_in_another_thread,full,success,0.15150250633333337,,,,
aarch64-unknown-linux-gnu,arc-swap,1.9.1,tests_default::guard_drop_in_thread,full,success,0.235857596,,,,
aarch64-unknown-linux-gnu,arc-swap,1.9.1,tests_default::load_null,full,success,0.11135703200000001,,,,
aarch64-unknown-linux-gnu,arc-swap,1.9.1,tests_default::load_option,full,success,0.11083157066666667,,,,
aarch64-unknown-linux-gnu,arc-swap,1.9.1,tests_default::multi_writers,full,success,2.2142134536666664,,,,
aarch64-unknown-linux-gnu,arc-swap,1.9.1,tests_default::nulls,full,success,0.11242105633333334,,,,
aarch64-unknown-linux-gnu,arc-swap,1.9.1,tests_default::rcu,full,success,2.163432532,,,,
aarch64-unknown-linux-gnu,arc-swap,1.9.1,tests_default::rcu_panic,full,success,0.116438506,,,,
aarch64-unknown-linux-gnu,arc-swap,1.9.1,tests_default::recursive,full,success,0.13294203233333335,,,,
aarch64-unknown-linux-gnu,arc-swap,1.9.1,tests_default::swap_load,full,success,0.4208567513333334,,,,
aarch64-unknown-linux-gnu,arrayvec,0.7.6,char::test_encode_utf8_oob,full,success,0.10925088366666669,,,,
aarch64-unknown-linux-gnu,base64ct,1.8.3,decoder::tests::decode_multiline_padded,full,success,32.57951992866666,,,,
aarch64-unknown-linux-gnu,base64ct,1.8.3,decoder::tests::decode_padded,full,success,4.630394967,,,,
aarch64-unknown-linux-gnu,base64ct,1.8.3,decoder::tests::decode_unpadded,full,success,1.0733163496666667,,,,
aarch64-unknown-linux-gnu,base64ct,1.8.3,encoder::tests::encode_padded,full,success,8.864587986,,,,
aarch64-unknown-linux-gnu,base64ct,1.8.3,encoder::tests::encode_unpadded,full,success,1.2587648883333333,,,,
aarch64-unknown-linux-gnu,base64ct,1.8.3,encoder::tests::no_trailing_newline_when_aligned,full,success,0.12129058833333334,,,,
aarch64-unknown-linux-gnu,bincode,2.0.1,features::impl_alloc::test_cow_round_trip,full,success,0.10882402466666667,,,,
aarch64-unknown-linux-gnu,bincode,2.0.1,varint::decode_unsigned::test_decode_u128,full,success,0.25139657200000004,,,,
aarch64-unknown-linux-gnu,bincode,2.0.1,varint::decode_unsigned::test_decode_u16,full,success,0.11539153800000002,,,,
aarch64-unknown-linux-gnu,bincode,2.0.1,varint::decode_unsigned::test_decode_u32,full,success,0.11957433166666669,,,,
aarch64-unknown-linux-gnu,bincode,2.0.1,varint::decode_unsigned::test_decode_u64,full,success,0.128581248,,,,
aarch64-unknown-linux-gnu,bincode,2.0.1,varint::encode_signed::test_encode_i128,full,success,0.11327081033333335,,,,
aarch64-unknown-linux-gnu,bincode,2.0.1,varint::encode_signed::test_encode_i16,full,success,0.11058857933333334,,,,
aarch64-unknown-linux-gnu,bincode,2.0.1,varint::encode_signed::test_encode_i32,full,success,0.11178275433333335,,,,
aarch64-unknown-linux-gnu,bincode,2.0.1,varint::encode_signed::test_encode_i64,full,success,0.11351644466666667,,,,
aarch64-unknown-linux-gnu,bincode,2.0.1,varint::encode_unsigned::test_encode_u128,full,success,0.17392032433333335,,,,
aarch64-unknown-linux-gnu,bincode,2.0.1,varint::encode_unsigned::test_encode_u16,full,success,0.15652194166666666,,,,
aarch64-unknown-linux-gnu,bincode,2.0.1,varint::encode_unsigned::test_encode_u32,full,success,0.16314232933333334,,,,
aarch64-unknown-linux-gnu,bincode,2.0.1,varint::encode_unsigned::test_encode_u64,full,success,0.16818016833333335,,,,
aarch64-unknown-linux-gnu,bindgen,0.72.1,codegen::bitfield_unit_tests::bitfield_unit_get,full,success,0.7576742786666667,,,,
aarch64-unknown-linux-gnu,bindgen,0.72.1,codegen::bitfield_unit_tests::bitfield_unit_get_bit,full,success,0.11130552333333334,,,,
aarch64-unknown-linux-gnu,bindgen,0.72.1,codegen::bitfield_unit_tests::bitfield_unit_set,full,success,0.9737107686666667,,,,
aarch64-unknown-linux-gnu,bindgen,0.72.1,codegen::bitfield_unit_tests::bitfield_unit_set_bit,full,success,0.10714542466666667,,,,
aarch64-unknown-linux-gnu,bindgen,0.72.1,codegen::struct_layout::test_align_to,full,success,0.105243584,,,,
aarch64-unknown-linux-gnu,bindgen,0.72.1,codegen::struct_layout::test_bytes_from_bits_pow2,full,success,0.10500015133333335,,,,
aarch64-unknown-linux-gnu,bindgen,0.72.1,commandline_flag_unit_test_function,full,success,0.18523320933333334,,,,
aarch64-unknown-linux-gnu,bindgen,0.72.1,deps::tests::escaping_depfile,full,success,0.12554886633333331,,,,
aarch64-unknown-linux-gnu,bindgen,0.72.1,features::test::invalid_targets,full,success,0.11204554566666668,,,,
aarch64-unknown-linux-gnu,bindgen,0.72.1,features::test::release_versions_for_editions,full,success,0.105063681,,,,
aarch64-unknown-linux-gnu,bindgen,0.72.1,features::test::target_features,full,success,0.10445772033333334,,,,
aarch64-unknown-linux-gnu,bindgen,0.72.1,features::test::valid_targets,full,success,0.10755687566666668,,,,
aarch64-unknown-linux-gnu,bindgen,0.72.1,ir::analysis::tests::monotone,full,success,0.6396626113333334,,,,
aarch64-unknown-linux-gnu,bindgen,0.72.1,ir::comment::test::picks_up_single_and_multi_line_doc_comments,full,success,0.10421279100000001,,,,
aarch64-unknown-linux-gnu,bindgen,0.72.1,ir::comment::test::processes_multi_lines_correctly,full,success,0.11326215300000002,,,,
aarch64-unknown-linux-gnu,bindgen,0.72.1,ir::comment::test::processes_single_lines_correctly,full,success,0.10770298333333334,,,,
aarch64-unknown-linux-gnu,bindgen,0.72.1,ir::layout::test_layout_for_size,full,success,0.10363548066666667,,,,
aarch64-unknown-linux-gnu,bindgen,0.72.1,ir::ty::is_invalid_type_param_empty_name,full,success,0.10455352766666666,,,,
aarch64-unknown-linux-gnu,bindgen,0.72.1,ir::ty::is_invalid_type_param_invalid_remaining,full,success,0.104786899,,,,
aarch64-unknown-linux-gnu,bindgen,0.72.1,ir::ty::is_invalid_type_param_invalid_start,full,success,0.10488003200000001,,,,
aarch64-unknown-linux-gnu,bindgen,0.72.1,ir::ty::is_invalid_type_param_unnamed,full,success,0.11128996733333334,,,,
aarch64-unknown-linux-gnu,bindgen,0.72.1,ir::ty::is_invalid_type_param_valid,full,success,0.10527697000000001,,,,
aarch64-unknown-linux-gnu,bindgen,0.72.1,ir::ty::is_invalid_type_param_valid_underscore_and_numbers,full,success,0.10636708,,,,
aarch64-unknown-linux-gnu,bindgen,0.72.1,ir::ty::is_invalid_type_param_valid_unnamed_kind,full,success,0.10529752533333335,,,,
aarch64-unknown-linux-gnu,bindgen,0.72.1,test_rust_to_clang_target,full,success,0.10612865833333335,,,,
aarch64-unknown-linux-gnu,bindgen,0.72.1,test_rust_to_clang_target_espidf,full,success,0.10789079366666667,,,,
aarch64-unknown-linux-gnu,bindgen,0.72.1,test_rust_to_clang_target_riscv,full,success,0.11411635433333334,,,,
aarch64-unknown-linux-gnu,bindgen,0.72.1,test_rust_to_clang_target_simulator,full,success,0.11092625266666667,,,,
aarch64-unknown-linux-gnu,bit-set,0.10.0,tests::test_bit_set_basic,full,success,0.11141130333333334,,,,
aarch64-unknown-linux-gnu,bit-set,0.10.0,tests::test_bit_set_cmp,full,success,0.10962137900000002,,,,
aarch64-unknown-linux-gnu,bit-set,0.10.0,tests::test_bit_set_debug,full,success,0.11986192666666667,,,,
aarch64-unknown-linux-gnu,bit-set,0.10.0,tests::test_bit_set_difference,full,success,0.11468795433333334,,,,
aarch64-unknown-linux-gnu,bit-set,0.10.0,tests::test_bit_set_difference_with,full,success,0.11309168400000001,,,,
aarch64-unknown-linux-gnu,bit-set,0.10.0,tests::test_bit_set_display,full,success,0.11094209566666668,,,,
aarch64-unknown-linux-gnu,bit-set,0.10.0,tests::test_bit_set_eq,full,success,0.11028372900000001,,,,
aarch64-unknown-linux-gnu,bit-set,0.10.0,tests::test_bit_set_from_usizes,full,success,0.11030129466666667,,,,
aarch64-unknown-linux-gnu,bit-set,0.10.0,tests::test_bit_set_frombit_vec_init,full,success,0.11002165900000001,,,,
aarch64-unknown-linux-gnu,bit-set,0.10.0,tests::test_bit_set_intersect_with,full,success,0.11280729666666667,,,,
aarch64-unknown-linux-gnu,bit-set,0.10.0,tests::test_bit_set_intersection,full,success,0.113342338,,,,
aarch64-unknown-linux-gnu,bit-set,0.10.0,tests::test_bit_set_is_disjoint,full,success,0.111467461,,,,
aarch64-unknown-linux-gnu,bit-set,0.10.0,tests::test_bit_set_iterator,full,success,4.380062438666666,,,,
aarch64-unknown-linux-gnu,bit-set,0.10.0,tests::test_bit_set_shrink_to_fit,full,success,0.11722596833333333,,,,
aarch64-unknown-linux-gnu,bit-set,0.10.0,tests::test_bit_set_shrink_to_fit_new,full,success,0.10869838033333334,,,,
aarch64-unknown-linux-gnu,bit-set,0.10.0,tests::test_bit_set_subset,full,success,0.12203425100000002,,,,
aarch64-unknown-linux-gnu,bit-set,0.10.0,tests::test_bit_set_symmetric_difference,full,success,0.11170830066666666,,,,
aarch64-unknown-linux-gnu,bit-set,0.10.0,tests::test_bit_set_symmetric_difference_with,full,success,0.11160154166666668,,,,
aarch64-unknown-linux-gnu,bit-set,0.10.0,tests::test_bit_set_union,full,success,0.11253437133333334,,,,
aarch64-unknown-linux-gnu,bit-set,0.10.0,tests::test_bit_set_union_with,full,success,0.11191929466666667,,,,
aarch64-unknown-linux-gnu,bit-set,0.10.0,tests::test_bit_vec_clone,full,success,0.11592840633333334,,,,
aarch64-unknown-linux-gnu,bit-set,0.10.0,tests::test_bit_vec_masking,full,success,0.108896294,,,,
aarch64-unknown-linux-gnu,bit-set,0.10.0,tests::test_bit_vec_remove,full,success,0.11407823233333335,,,,
aarch64-unknown-linux-gnu,bit-set,0.10.0,tests::test_truncate,full,success,0.11707876066666667,,,,
aarch64-unknown-linux-gnu,bit-vec,0.9.1,tests::iter,full,success,0.10614759200000001,,,,
aarch64-unknown-linux-gnu,bit-vec,0.9.1,tests::test_0_elements,full,success,0.106146629,,,,
aarch64-unknown-linux-gnu,bit-vec,0.9.1,tests::test_10_elements,full,success,0.119925672,,,,
aarch64-unknown-linux-gnu,bit-vec,0.9.1,tests::test_1_element,full,success,0.108006375,,,,
aarch64-unknown-linux-gnu,bit-vec,0.9.1,tests::test_2_elements,full,success,0.1077111,,,,
aarch64-unknown-linux-gnu,bit-vec,0.9.1,tests::test_31_elements,full,success,0.151314619,,,,
aarch64-unknown-linux-gnu,bit-vec,0.9.1,tests::test_32_elements,full,success,0.140814052,,,,
aarch64-unknown-linux-gnu,bit-vec,0.9.1,tests::test_33_elements,full,success,0.15438531633333336,,,,
aarch64-unknown-linux-gnu,bit-vec,0.9.1,tests::test_big_bit_vec_tests,full,success,0.111015241,,,,
aarch64-unknown-linux-gnu,bit-vec,0.9.1,tests::test_big_difference,full,success,0.10844793266666668,,,,
aarch64-unknown-linux-gnu,bit-vec,0.9.1,tests::test_big_fill,full,success,0.10773938333333333,,,,
aarch64-unknown-linux-gnu,bit-vec,0.9.1,tests::test_big_xnor,full,success,0.11044907566666667,,,,
aarch64-unknown-linux-gnu,bit-vec,0.9.1,tests::test_big_xor,full,success,0.10969886700000002,,,,
aarch64-unknown-linux-gnu,bit-vec,0.9.1,tests::test_bit_vec_append,full,success,0.141226971,,,,
aarch64-unknown-linux-gnu,bit-vec,0.9.1,tests::test_bit_vec_append_aligned_to_unaligned,full,success,0.11379206900000001,,,,
aarch64-unknown-linux-gnu,bit-vec,0.9.1,tests::test_bit_vec_extend,full,success,0.11556727300000001,,,,
aarch64-unknown-linux-gnu,bit-vec,0.9.1,tests::test_bit_vec_grow,full,success,0.11234214600000002,,,,
aarch64-unknown-linux-gnu,bit-vec,0.9.1,tests::test_bit_vec_lt,full,success,0.11631503400000003,,,,
aarch64-unknown-linux-gnu,bit-vec,0.9.1,tests::test_bit_vec_push_pop,full,success,0.10857096666666667,,,,
aarch64-unknown-linux-gnu,bit-vec,0.9.1,tests::test_bit_vec_reserve,full,success,0.10747495533333333,,,,
aarch64-unknown-linux-gnu,bit-vec,0.9.1,tests::test_bit_vec_split_off,full,success,0.12580570533333335,,,,
aarch64-unknown-linux-gnu,bit-vec,0.9.1,tests::test_bit_vec_truncate,full,success,0.10943933500000001,,,,
aarch64-unknown-linux-gnu,bit-vec,0.9.1,tests::test_bit_vec_unaligned_large_append,full,success,0.130912821,,,,
aarch64-unknown-linux-gnu,bit-vec,0.9.1,tests::test_bit_vec_unaligned_small_append,full,success,0.111549163,,,,
aarch64-unknown-linux-gnu,bit-vec,0.9.1,tests::test_count_ones,full,success,4.681529453,,,,
aarch64-unknown-linux-gnu,bit-vec,0.9.1,tests::test_count_zeros,full,success,4.668365244666667,,,,
aarch64-unknown-linux-gnu,bit-vec,0.9.1,tests::test_debug_output,full,success,0.13524202566666668,,,,
aarch64-unknown-linux-gnu,bit-vec,0.9.1,tests::test_display_output,full,success,0.10770200633333334,,,,
aarch64-unknown-linux-gnu,bit-vec,0.9.1,tests::test_equal_differing_sizes,full,success,0.10497537400000001,,,,
aarch64-unknown-linux-gnu,bit-vec,0.9.1,tests::test_equal_greatly_differing_sizes,full,success,0.10505151066666668,,,,
aarch64-unknown-linux-gnu,bit-vec,0.9.1,tests::test_equal_sneaky_big,full,success,0.140632261,,,,
aarch64-unknown-linux-gnu,bit-vec,0.9.1,tests::test_equal_sneaky_small,full,success,0.10671736733333335,,,,
aarch64-unknown-linux-gnu,bit-vec,0.9.1,tests::test_from_bools,full,success,0.107587522,,,,
aarch64-unknown-linux-gnu,bit-vec,0.9.1,tests::test_from_bytes,full,success,0.11137943866666668,,,,
aarch64-unknown-linux-gnu,bit-vec,0.9.1,tests::test_get_mut,full,success,0.10687497833333333,,,,
aarch64-unknown-linux-gnu,bit-vec,0.9.1,tests::test_insert_at_block_boundaries,full,success,0.11198142400000001,,,,
aarch64-unknown-linux-gnu,bit-vec,0.9.1,tests::test_insert_at_block_boundaries_1,full,success,0.11815376733333334,,,,
aarch64-unknown-linux-gnu,bit-vec,0.9.1,tests::test_insert_at_end,full,success,0.10820081400000002,,,,
aarch64-unknown-linux-gnu,bit-vec,0.9.1,tests::test_insert_at_zero,full,success,0.108941778,,,,
aarch64-unknown-linux-gnu,bit-vec,0.9.1,tests::test_insert_remove,full,success,40.356522285333334,,,,
aarch64-unknown-linux-gnu,bit-vec,0.9.1,tests::test_into_iter,full,success,0.11156005866666667,,,,
aarch64-unknown-linux-gnu,bit-vec,0.9.1,tests::test_iter_mut,full,success,0.11532610733333333,,,,
aarch64-unknown-linux-gnu,bit-vec,0.9.1,tests::test_ord,full,success,0.11519760633333333,,,,
aarch64-unknown-linux-gnu,bit-vec,0.9.1,tests::test_push_within_capacity_at_brink,full,success,0.10956384233333334,,,,
aarch64-unknown-linux-gnu,bit-vec,0.9.1,tests::test_push_within_capacity_at_brink_with_mul_blocks,full,success,0.11773581133333333,,,,
aarch64-unknown-linux-gnu,bit-vec,0.9.1,tests::test_push_within_capacity_storage_push,full,success,0.117369227,,,,
aarch64-unknown-linux-gnu,bit-vec,0.9.1,tests::test_push_within_capacity_with_suffice_cap,full,success,0.10896347833333335,,,,
aarch64-unknown-linux-gnu,bit-vec,0.9.1,tests::test_remove_all,full,success,0.3769824686666667,,,,
aarch64-unknown-linux-gnu,bit-vec,0.9.1,tests::test_remove_last,full,success,0.2942961213333333,,,,
aarch64-unknown-linux-gnu,bit-vec,0.9.1,tests::test_small_bit_vec_tests,full,success,0.10807948766666668,,,,
aarch64-unknown-linux-gnu,bit-vec,0.9.1,tests::test_small_difference,full,success,0.10935225766666667,,,,
aarch64-unknown-linux-gnu,bit-vec,0.9.1,tests::test_small_fill,full,success,0.10766078633333336,,,,
aarch64-unknown-linux-gnu,bit-vec,0.9.1,tests::test_small_nand,full,success,0.10781469900000001,,,,
aarch64-unknown-linux-gnu,bit-vec,0.9.1,tests::test_small_nor,full,success,0.10770041300000001,,,,
aarch64-unknown-linux-gnu,bit-vec,0.9.1,tests::test_small_xnor,full,success,0.10863835166666667,,,,
aarch64-unknown-linux-gnu,bit-vec,0.9.1,tests::test_small_xor,full,success,0.10822081666666666,,,,
aarch64-unknown-linux-gnu,bit-vec,0.9.1,tests::test_to_bools,full,success,0.10943200833333333,,,,
aarch64-unknown-linux-gnu,bit-vec,0.9.1,tests::test_to_bytes,full,success,0.10938931866666668,,,,
aarch64-unknown-linux-gnu,bumpalo,3.20.3,tests::allocated_bytes,full,success,0.10881623266666667,,,,
aarch64-unknown-linux-gnu,bumpalo,3.20.3,tests::chunk_footer_is_five_words,full,success,0.10832463433333334,,,,
aarch64-unknown-linux-gnu,bumpalo,3.20.3,tests::invalid_read,full,success,0.10987795166666668,,,,
aarch64-unknown-linux-gnu,bumpalo,3.20.3,tests::realloc_old_size_zero,full,success,0.11247979833333334,,,,
aarch64-unknown-linux-gnu,bumpalo,3.20.3,tests::test_realloc,full,success,0.10939394466666667,,,,
aarch64-unknown-linux-gnu,byteorder,1.5.0,test::regression173_array_impl,full,success,0.10694194833333333,,,,
aarch64-unknown-linux-gnu,byteorder,1.5.0,test::slice_len_too_big_i128::read_big_endian,full,success,0.11275990933333334,,,,
aarch64-unknown-linux-gnu,byteorder,1.5.0,test::slice_len_too_big_i128::read_little_endian,full,success,0.11301345366666667,,,,
aarch64-unknown-linux-gnu,byteorder,1.5.0,test::slice_len_too_big_i128::read_native_endian,full,success,0.11228403766666668,,,,
aarch64-unknown-linux-gnu,byteorder,1.5.0,test::slice_len_too_big_i128::write_big_endian,full,success,0.11270530466666667,,,,
aarch64-unknown-linux-gnu,byteorder,1.5.0,test::slice_len_too_big_i128::write_little_endian,full,success,0.11388014933333335,,,,
aarch64-unknown-linux-gnu,byteorder,1.5.0,test::slice_len_too_big_i128::write_native_endian,full,success,0.11279319333333333,,,,
aarch64-unknown-linux-gnu,byteorder,1.5.0,test::slice_len_too_big_i16::read_big_endian,full,success,0.11322457433333334,,,,
aarch64-unknown-linux-gnu,byteorder,1.5.0,test::slice_len_too_big_i16::read_little_endian,full,success,0.11399179300000001,,,,
aarch64-unknown-linux-gnu,byteorder,1.5.0,test::slice_len_too_big_i16::read_native_endian,full,success,0.11424355833333334,,,,
aarch64-unknown-linux-gnu,byteorder,1.5.0,test::slice_len_too_big_i16::write_big_endian,full,success,0.11378226166666668,,,,
aarch64-unknown-linux-gnu,byteorder,1.5.0,test::slice_len_too_big_i16::write_little_endian,full,success,0.11381688666666667,,,,
aarch64-unknown-linux-gnu,byteorder,1.5.0,test::slice_len_too_big_i16::write_native_endian,full,success,0.11316000466666666,,,,
aarch64-unknown-linux-gnu,byteorder,1.5.0,test::slice_len_too_big_i32::read_big_endian,full,success,0.11297462666666669,,,,
aarch64-unknown-linux-gnu,byteorder,1.5.0,test::slice_len_too_big_i32::read_little_endian,full,success,0.11304674166666667,,,,
aarch64-unknown-linux-gnu,byteorder,1.5.0,test::slice_len_too_big_i32::read_native_endian,full,success,0.11273492166666667,,,,
aarch64-unknown-linux-gnu,byteorder,1.5.0,test::slice_len_too_big_i32::write_big_endian,full,success,0.11257865966666668,,,,
aarch64-unknown-linux-gnu,byteorder,1.5.0,test::slice_len_too_big_i32::write_little_endian,full,success,0.11285652966666666,,,,
aarch64-unknown-linux-gnu,byteorder,1.5.0,test::slice_len_too_big_i32::write_native_endian,full,success,0.113107309,,,,
aarch64-unknown-linux-gnu,byteorder,1.5.0,test::slice_len_too_big_i64::read_big_endian,full,success,0.11314799200000002,,,,
aarch64-unknown-linux-gnu,byteorder,1.5.0,test::slice_len_too_big_i64::read_little_endian,full,success,0.11291087866666667,,,,
aarch64-unknown-linux-gnu,byteorder,1.5.0,test::slice_len_too_big_i64::read_native_endian,full,success,0.11279326966666668,,,,
aarch64-unknown-linux-gnu,byteorder,1.5.0,test::slice_len_too_big_i64::write_big_endian,full,success,0.11358117300000002,,,,
aarch64-unknown-linux-gnu,byteorder,1.5.0,test::slice_len_too_big_i64::write_little_endian,full,success,0.112690412,,,,
aarch64-unknown-linux-gnu,byteorder,1.5.0,test::slice_len_too_big_i64::write_native_endian,full,success,0.11305609633333336,,,,
aarch64-unknown-linux-gnu,byteorder,1.5.0,test::slice_len_too_big_u128::read_big_endian,full,success,0.11332695133333336,,,,
aarch64-unknown-linux-gnu,byteorder,1.5.0,test::slice_len_too_big_u128::read_little_endian,full,success,0.11366178100000002,,,,
aarch64-unknown-linux-gnu,byteorder,1.5.0,test::slice_len_too_big_u128::read_native_endian,full,success,0.11316123166666668,,,,
aarch64-unknown-linux-gnu,byteorder,1.5.0,test::slice_len_too_big_u128::write_big_endian,full,success,0.11334538766666667,,,,
aarch64-unknown-linux-gnu,byteorder,1.5.0,test::slice_len_too_big_u128::write_little_endian,full,success,0.11299296433333335,,,,
aarch64-unknown-linux-gnu,byteorder,1.5.0,test::slice_len_too_big_u128::write_native_endian,full,success,0.11268686633333334,,,,
aarch64-unknown-linux-gnu,byteorder,1.5.0,test::slice_len_too_big_u16::read_big_endian,full,success,0.11320245533333334,,,,
aarch64-unknown-linux-gnu,byteorder,1.5.0,test::slice_len_too_big_u16::read_little_endian,full,success,0.11357492500000001,,,,
aarch64-unknown-linux-gnu,byteorder,1.5.0,test::slice_len_too_big_u16::read_native_endian,full,success,0.11287928633333333,,,,
aarch64-unknown-linux-gnu,byteorder,1.5.0,test::slice_len_too_big_u16::write_big_endian,full,success,0.11248459366666667,,,,
aarch64-unknown-linux-gnu,byteorder,1.5.0,test::slice_len_too_big_u16::write_little_endian,full,success,0.11174963733333333,,,,
aarch64-unknown-linux-gnu,byteorder,1.5.0,test::slice_len_too_big_u16::write_native_endian,full,success,0.11253955566666668,,,,
aarch64-unknown-linux-gnu,byteorder,1.5.0,test::slice_len_too_big_u32::read_big_endian,full,success,0.11388632700000001,,,,
aarch64-unknown-linux-gnu,byteorder,1.5.0,test::slice_len_too_big_u32::read_little_endian,full,success,0.11336973566666668,,,,
aarch64-unknown-linux-gnu,byteorder,1.5.0,test::slice_len_too_big_u32::read_native_endian,full,success,0.11271313966666667,,,,
aarch64-unknown-linux-gnu,byteorder,1.5.0,test::slice_len_too_big_u32::write_big_endian,full,success,0.11347586233333334,,,,
aarch64-unknown-linux-gnu,byteorder,1.5.0,test::slice_len_too_big_u32::write_little_endian,full,success,0.11274204266666667,,,,
aarch64-unknown-linux-gnu,byteorder,1.5.0,test::slice_len_too_big_u32::write_native_endian,full,success,0.11366133266666667,,,,
aarch64-unknown-linux-gnu,byteorder,1.5.0,test::slice_len_too_big_u64::read_big_endian,full,success,0.11309527466666668,,,,
aarch64-unknown-linux-gnu,byteorder,1.5.0,test::slice_len_too_big_u64::read_little_endian,full,success,0.11340942300000001,,,,
aarch64-unknown-linux-gnu,byteorder,1.5.0,test::slice_len_too_big_u64::read_native_endian,full,success,0.11341220200000002,,,,
aarch64-unknown-linux-gnu,byteorder,1.5.0,test::slice_len_too_big_u64::write_big_endian,full,success,0.11381871766666668,,,,
aarch64-unknown-linux-gnu,byteorder,1.5.0,test::slice_len_too_big_u64::write_little_endian,full,success,0.11341391866666667,,,,
aarch64-unknown-linux-gnu,byteorder,1.5.0,test::slice_len_too_big_u64::write_native_endian,full,success,0.11254770600000001,,,,
aarch64-unknown-linux-gnu,byteorder,1.5.0,test::slice_len_too_small_i128::read_big_endian,full,success,0.11509733366666668,,,,
aarch64-unknown-linux-gnu,byteorder,1.5.0,test::slice_len_too_small_i128::read_little_endian,full,success,0.11356611433333334,,,,
aarch64-unknown-linux-gnu,byteorder,1.5.0,test::slice_len_too_small_i128::read_native_endian,full,success,0.11294820600000001,,,,
aarch64-unknown-linux-gnu,byteorder,1.5.0,test::slice_len_too_small_i128::write_big_endian,full,success,0.11298248966666667,,,,
aarch64-unknown-linux-gnu,byteorder,1.5.0,test::slice_len_too_small_i128::write_little_endian,full,success,0.1266170756666667,,,,
aarch64-unknown-linux-gnu,byteorder,1.5.0,test::slice_len_too_small_i128::write_native_endian,full,success,0.11381249700000001,,,,
aarch64-unknown-linux-gnu,byteorder,1.5.0,test::slice_len_too_small_i16::read_big_endian,full,success,0.11356516500000001,,,,
aarch64-unknown-linux-gnu,byteorder,1.5.0,test::slice_len_too_small_i16::read_little_endian,full,success,0.11463577633333334,,,,
aarch64-unknown-linux-gnu,byteorder,1.5.0,test::slice_len_too_small_i16::read_native_endian,full,success,0.112559825,,,,
aarch64-unknown-linux-gnu,byteorder,1.5.0,test::slice_len_too_small_i16::write_big_endian,full,success,0.11307829533333336,,,,
aarch64-unknown-linux-gnu,byteorder,1.5.0,test::slice_len_too_small_i16::write_little_endian,full,success,0.11433533800000001,,,,
aarch64-unknown-linux-gnu,byteorder,1.5.0,test::slice_len_too_small_i16::write_native_endian,full,success,0.11140428833333334,,,,
aarch64-unknown-linux-gnu,byteorder,1.5.0,test::slice_len_too_small_i32::read_big_endian,full,success,0.11180692133333332,,,,
aarch64-unknown-linux-gnu,byteorder,1.5.0,test::slice_len_too_small_i32::read_little_endian,full,success,0.11230725566666667,,,,
aarch64-unknown-linux-gnu,byteorder,1.5.0,test::slice_len_too_small_i32::read_native_endian,full,success,0.11143991033333334,,,,
aarch64-unknown-linux-gnu,byteorder,1.5.0,test::slice_len_too_small_i32::write_big_endian,full,success,0.11286739633333333,,,,
aarch64-unknown-linux-gnu,byteorder,1.5.0,test::slice_len_too_small_i32::write_little_endian,full,success,0.11244676666666668,,,,
aarch64-unknown-linux-gnu,byteorder,1.5.0,test::slice_len_too_small_i32::write_native_endian,full,success,0.11251258133333335,,,,
aarch64-unknown-linux-gnu,byteorder,1.5.0,test::slice_len_too_small_i64::read_big_endian,full,success,0.112836158,,,,
aarch64-unknown-linux-gnu,byteorder,1.5.0,test::slice_len_too_small_i64::read_little_endian,full,success,0.112833484,,,,
aarch64-unknown-linux-gnu,byteorder,1.5.0,test::slice_len_too_small_i64::read_native_endian,full,success,0.11225391233333333,,,,
aarch64-unknown-linux-gnu,byteorder,1.5.0,test::slice_len_too_small_i64::write_big_endian,full,success,0.11248152166666668,,,,
aarch64-unknown-linux-gnu,byteorder,1.5.0,test::slice_len_too_small_i64::write_little_endian,full,success,0.11238062666666666,,,,
aarch64-unknown-linux-gnu,byteorder,1.5.0,test::slice_len_too_small_i64::write_native_endian,full,success,0.11260214633333333,,,,
aarch64-unknown-linux-gnu,byteorder,1.5.0,test::slice_len_too_small_u128::read_big_endian,full,success,0.11273776666666668,,,,
aarch64-unknown-linux-gnu,byteorder,1.5.0,test::slice_len_too_small_u128::read_little_endian,full,success,0.11215242466666668,,,,
aarch64-unknown-linux-gnu,byteorder,1.5.0,test::slice_len_too_small_u128::read_native_endian,full,success,0.11247344600000002,,,,
aarch64-unknown-linux-gnu,byteorder,1.5.0,test::slice_len_too_small_u128::write_big_endian,full,success,0.11198995933333333,,,,
aarch64-unknown-linux-gnu,byteorder,1.5.0,test::slice_len_too_small_u128::write_little_endian,full,success,0.11255755566666666,,,,
aarch64-unknown-linux-gnu,byteorder,1.5.0,test::slice_len_too_small_u128::write_native_endian,full,success,0.11298913366666667,,,,
aarch64-unknown-linux-gnu,byteorder,1.5.0,test::slice_len_too_small_u16::read_big_endian,full,success,0.11271768100000001,,,,
aarch64-unknown-linux-gnu,byteorder,1.5.0,test::slice_len_too_small_u16::read_little_endian,full,success,0.11223068266666668,,,,
aarch64-unknown-linux-gnu,byteorder,1.5.0,test::slice_len_too_small_u16::read_native_endian,full,success,0.11228020466666666,,,,
aarch64-unknown-linux-gnu,byteorder,1.5.0,test::slice_len_too_small_u16::write_big_endian,full,success,0.11270894533333332,,,,
aarch64-unknown-linux-gnu,byteorder,1.5.0,test::slice_len_too_small_u16::write_little_endian,full,success,0.112770899,,,,
aarch64-unknown-linux-gnu,byteorder,1.5.0,test::slice_len_too_small_u16::write_native_endian,full,success,0.11208345666666668,,,,
aarch64-unknown-linux-gnu,byteorder,1.5.0,test::slice_len_too_small_u32::read_big_endian,full,success,0.11264606933333333,,,,
aarch64-unknown-linux-gnu,byteorder,1.5.0,test::slice_len_too_small_u32::read_little_endian,full,success,0.11101084466666666,,,,
aarch64-unknown-linux-gnu,byteorder,1.5.0,test::slice_len_too_small_u32::read_native_endian,full,success,0.11168295100000002,,,,
aarch64-unknown-linux-gnu,byteorder,1.5.0,test::slice_len_too_small_u32::write_big_endian,full,success,0.11245015133333335,,,,
aarch64-unknown-linux-gnu,byteorder,1.5.0,test::slice_len_too_small_u32::write_little_endian,full,success,0.11227601800000002,,,,
aarch64-unknown-linux-gnu,byteorder,1.5.0,test::slice_len_too_small_u32::write_native_endian,full,success,0.11138938333333333,,,,
aarch64-unknown-linux-gnu,byteorder,1.5.0,test::slice_len_too_small_u64::read_big_endian,full,success,0.11224067833333333,,,,
aarch64-unknown-linux-gnu,byteorder,1.5.0,test::slice_len_too_small_u64::read_little_endian,full,success,0.11214895700000001,,,,
aarch64-unknown-linux-gnu,byteorder,1.5.0,test::slice_len_too_small_u64::read_native_endian,full,success,0.11186553,,,,
aarch64-unknown-linux-gnu,byteorder,1.5.0,test::slice_len_too_small_u64::write_big_endian,full,success,0.11190588733333334,,,,
aarch64-unknown-linux-gnu,byteorder,1.5.0,test::slice_len_too_small_u64::write_little_endian,full,success,0.11226201466666667,,,,
aarch64-unknown-linux-gnu,byteorder,1.5.0,test::slice_len_too_small_u64::write_native_endian,full,success,0.11204805433333336,,,,
aarch64-unknown-linux-gnu,byteorder,1.5.0,test::small_f32::read_big_endian,full,success,0.112002801,,,,
aarch64-unknown-linux-gnu,byteorder,1.5.0,test::small_f32::read_little_endian,full,success,0.11167948000000001,,,,
aarch64-unknown-linux-gnu,byteorder,1.5.0,test::small_f32::read_native_endian,full,success,0.11208905433333334,,,,
aarch64-unknown-linux-gnu,byteorder,1.5.0,test::small_f32::write_big_endian,full,success,0.112191216,,,,
aarch64-unknown-linux-gnu,byteorder,1.5.0,test::small_f32::write_little_endian,full,success,0.11315409500000001,,,,
aarch64-unknown-linux-gnu,byteorder,1.5.0,test::small_f32::write_native_endian,full,success,0.11194607733333334,,,,
aarch64-unknown-linux-gnu,byteorder,1.5.0,test::small_f64::read_big_endian,full,success,0.11135473800000001,,,,
aarch64-unknown-linux-gnu,byteorder,1.5.0,test::small_f64::read_little_endian,full,success,0.11214292066666666,,,,
aarch64-unknown-linux-gnu,byteorder,1.5.0,test::small_f64::read_native_endian,full,success,0.11193013133333334,,,,
aarch64-unknown-linux-gnu,byteorder,1.5.0,test::small_f64::write_big_endian,full,success,0.11275372800000001,,,,
aarch64-unknown-linux-gnu,byteorder,1.5.0,test::small_f64::write_little_endian,full,success,0.11238633999999999,,,,
aarch64-unknown-linux-gnu,byteorder,1.5.0,test::small_f64::write_native_endian,full,success,0.11281558200000001,,,,
aarch64-unknown-linux-gnu,byteorder,1.5.0,test::small_i128::read_big_endian,full,success,0.112302889,,,,
aarch64-unknown-linux-gnu,byteorder,1.5.0,test::small_i128::read_little_endian,full,success,0.11174703566666667,,,,
aarch64-unknown-linux-gnu,byteorder,1.5.0,test::small_i128::read_native_endian,full,success,0.11230514433333334,,,,
aarch64-unknown-linux-gnu,byteorder,1.5.0,test::small_i128::write_big_endian,full,success,0.11203975333333334,,,,
aarch64-unknown-linux-gnu,byteorder,1.5.0,test::small_i128::write_little_endian,full,success,0.112434531,,,,
aarch64-unknown-linux-gnu,byteorder,1.5.0,test::small_i128::write_native_endian,full,success,0.112576831,,,,
aarch64-unknown-linux-gnu,byteorder,1.5.0,test::small_i16::read_big_endian,full,success,0.11172290600000001,,,,
aarch64-unknown-linux-gnu,byteorder,1.5.0,test::small_i16::read_little_endian,full,success,0.11174572633333334,,,,
aarch64-unknown-linux-gnu,byteorder,1.5.0,test::small_i16::read_native_endian,full,success,0.11194513233333335,,,,
aarch64-unknown-linux-gnu,byteorder,1.5.0,test::small_i16::write_big_endian,full,success,0.11197204566666667,,,,
aarch64-unknown-linux-gnu,byteorder,1.5.0,test::small_i16::write_little_endian,full,success,0.11221421366666667,,,,
aarch64-unknown-linux-gnu,byteorder,1.5.0,test::small_i16::write_native_endian,full,success,0.11140904900000002,,,,
aarch64-unknown-linux-gnu,byteorder,1.5.0,test::small_i32::read_big_endian,full,success,0.112242799,,,,
aarch64-unknown-linux-gnu,byteorder,1.5.0,test::small_i32::read_little_endian,full,success,0.112349806,,,,
aarch64-unknown-linux-gnu,byteorder,1.5.0,test::small_i32::read_native_endian,full,success,0.11233082566666668,,,,
aarch64-unknown-linux-gnu,byteorder,1.5.0,test::small_i32::write_big_endian,full,success,0.11195523333333333,,,,
aarch64-unknown-linux-gnu,byteorder,1.5.0,test::small_i32::write_little_endian,full,success,0.11203170533333334,,,,
aarch64-unknown-linux-gnu,byteorder,1.5.0,test::small_i32::write_native_endian,full,success,0.11156869333333334,,,,
aarch64-unknown-linux-gnu,byteorder,1.5.0,test::small_i64::read_big_endian,full,success,0.11174228733333334,,,,
aarch64-unknown-linux-gnu,byteorder,1.5.0,test::small_i64::read_little_endian,full,success,0.11211208066666667,,,,
aarch64-unknown-linux-gnu,byteorder,1.5.0,test::small_i64::read_native_endian,full,success,0.11215348633333333,,,,
aarch64-unknown-linux-gnu,byteorder,1.5.0,test::small_i64::write_big_endian,full,success,0.11159770933333334,,,,
aarch64-unknown-linux-gnu,byteorder,1.5.0,test::small_i64::write_little_endian,full,success,0.11225994333333333,,,,
aarch64-unknown-linux-gnu,byteorder,1.5.0,test::small_i64::write_native_endian,full,success,0.11206277966666667,,,,
aarch64-unknown-linux-gnu,byteorder,1.5.0,test::small_int128_10::read_big_endian,full,success,0.11153272733333335,,,,
aarch64-unknown-linux-gnu,byteorder,1.5.0,test::small_int128_10::read_little_endian,full,success,0.11092796500000002,,,,
aarch64-unknown-linux-gnu,byteorder,1.5.0,test::small_int128_10::read_native_endian,full,success,0.11231975033333334,,,,
aarch64-unknown-linux-gnu,byteorder,1.5.0,test::small_int128_11::read_big_endian,full,success,0.11119480133333333,,,,
aarch64-unknown-linux-gnu,byteorder,1.5.0,test::small_int128_11::read_little_endian,full,success,0.112123621,,,,
aarch64-unknown-linux-gnu,byteorder,1.5.0,test::small_int128_11::read_native_endian,full,success,0.111349107,,,,
aarch64-unknown-linux-gnu,byteorder,1.5.0,test::small_int128_12::read_big_endian,full,success,0.11102214566666668,,,,
aarch64-unknown-linux-gnu,byteorder,1.5.0,test::small_int128_12::read_little_endian,full,success,0.11188602233333333,,,,
aarch64-unknown-linux-gnu,byteorder,1.5.0,test::small_int128_12::read_native_endian,full,success,0.11077628900000001,,,,
aarch64-unknown-linux-gnu,byteorder,1.5.0,test::small_int128_13::read_big_endian,full,success,0.11189981633333335,,,,
aarch64-unknown-linux-gnu,byteorder,1.5.0,test::small_int128_13::read_little_endian,full,success,0.111021402,,,,
aarch64-unknown-linux-gnu,byteorder,1.5.0,test::small_int128_13::read_native_endian,full,success,0.111692584,,,,
aarch64-unknown-linux-gnu,byteorder,1.5.0,test::small_int128_14::read_big_endian,full,success,0.11167770766666667,,,,
aarch64-unknown-linux-gnu,byteorder,1.5.0,test::small_int128_14::read_little_endian,full,success,0.11198983766666666,,,,
aarch64-unknown-linux-gnu,byteorder,1.5.0,test::small_int128_14::read_native_endian,full,success,0.11143817333333335,,,,
aarch64-unknown-linux-gnu,byteorder,1.5.0,test::small_int128_15::read_big_endian,full,success,0.111166049,,,,
aarch64-unknown-linux-gnu,byteorder,1.5.0,test::small_int128_15::read_little_endian,full,success,0.11198457933333333,,,,
aarch64-unknown-linux-gnu,byteorder,1.5.0,test::small_int128_15::read_native_endian,full,success,0.11156571200000003,,,,
aarch64-unknown-linux-gnu,byteorder,1.5.0,test::small_int128_1::read_big_endian,full,success,0.111425593,,,,
aarch64-unknown-linux-gnu,byteorder,1.5.0,test::small_int128_1::read_little_endian,full,success,0.11142921333333333,,,,
aarch64-unknown-linux-gnu,byteorder,1.5.0,test::small_int128_1::read_native_endian,full,success,0.110940828,,,,
aarch64-unknown-linux-gnu,byteorder,1.5.0,test::small_int128_2::read_big_endian,full,success,0.11084045333333335,,,,
aarch64-unknown-linux-gnu,byteorder,1.5.0,test::small_int128_2::read_little_endian,full,success,0.11141104666666668,,,,
aarch64-unknown-linux-gnu,byteorder,1.5.0,test::small_int128_2::read_native_endian,full,success,0.11040011833333334,,,,
aarch64-unknown-linux-gnu,byteorder,1.5.0,test::small_int128_3::read_big_endian,full,success,0.11105770600000002,,,,
aarch64-unknown-linux-gnu,byteorder,1.5.0,test::small_int128_3::read_little_endian,full,success,0.11077466533333334,,,,
aarch64-unknown-linux-gnu,byteorder,1.5.0,test::small_int128_3::read_native_endian,full,success,0.11119801466666668,,,,
aarch64-unknown-linux-gnu,byteorder,1.5.0,test::small_int128_4::read_big_endian,full,success,0.110378796,,,,
aarch64-unknown-linux-gnu,byteorder,1.5.0,test::small_int128_4::read_little_endian,full,success,0.11067940500000001,,,,
aarch64-unknown-linux-gnu,byteorder,1.5.0,test::small_int128_4::read_native_endian,full,success,0.11034923833333334,,,,
aarch64-unknown-linux-gnu,byteorder,1.5.0,test::small_int128_5::read_big_endian,full,success,0.11051934533333335,,,,
aarch64-unknown-linux-gnu,byteorder,1.5.0,test::small_int128_5::read_little_endian,full,success,0.110611942,,,,
aarch64-unknown-linux-gnu,byteorder,1.5.0,test::small_int128_5::read_native_endian,full,success,0.11073128666666669,,,,
aarch64-unknown-linux-gnu,byteorder,1.5.0,test::small_int128_6::read_big_endian,full,success,0.11046838533333335,,,,
aarch64-unknown-linux-gnu,byteorder,1.5.0,test::small_int128_6::read_little_endian,full,success,0.11090832333333334,,,,
aarch64-unknown-linux-gnu,byteorder,1.5.0,test::small_int128_6::read_native_endian,full,success,0.11059463400000001,,,,
aarch64-unknown-linux-gnu,byteorder,1.5.0,test::small_int128_7::read_big_endian,full,success,0.111285676,,,,
aarch64-unknown-linux-gnu,byteorder,1.5.0,test::small_int128_7::read_little_endian,full,success,0.11055538033333334,,,,
aarch64-unknown-linux-gnu,byteorder,1.5.0,test::small_int128_7::read_native_endian,full,success,0.11078406466666668,,,,
aarch64-unknown-linux-gnu,byteorder,1.5.0,test::small_int128_8::read_big_endian,full,success,0.110479697,,,,
aarch64-unknown-linux-gnu,byteorder,1.5.0,test::small_int128_8::read_little_endian,full,success,0.11095412866666667,,,,
aarch64-unknown-linux-gnu,byteorder,1.5.0,test::small_int128_8::read_native_endian,full,success,0.11052967233333333,,,,
aarch64-unknown-linux-gnu,byteorder,1.5.0,test::small_int128_9::read_big_endian,full,success,0.11091753266666667,,,,
aarch64-unknown-linux-gnu,byteorder,1.5.0,test::small_int128_9::read_little_endian,full,success,0.11140982766666668,,,,
aarch64-unknown-linux-gnu,byteorder,1.5.0,test::small_int128_9::read_native_endian,full,success,0.11025069700000001,,,,
aarch64-unknown-linux-gnu,byteorder,1.5.0,test::small_int_1::read_big_endian,full,success,0.11132384900000002,,,,
aarch64-unknown-linux-gnu,byteorder,1.5.0,test::small_int_1::read_little_endian,full,success,0.11131805966666668,,,,
aarch64-unknown-linux-gnu,byteorder,1.5.0,test::small_int_1::read_native_endian,full,success,0.11068265433333335,,,,
aarch64-unknown-linux-gnu,byteorder,1.5.0,test::small_int_2::read_big_endian,full,success,0.10971299200000001,,,,
aarch64-unknown-linux-gnu,byteorder,1.5.0,test::small_int_2::read_little_endian,full,success,0.11105692433333335,,,,
aarch64-unknown-linux-gnu,byteorder,1.5.0,test::small_int_2::read_native_endian,full,success,0.111287854,,,,
aarch64-unknown-linux-gnu,byteorder,1.5.0,test::small_int_3::read_big_endian,full,success,0.11153800366666668,,,,
aarch64-unknown-linux-gnu,byteorder,1.5.0,test::small_int_3::read_little_endian,full,success,0.112024309,,,,
aarch64-unknown-linux-gnu,byteorder,1.5.0,test::small_int_3::read_native_endian,full,success,0.111713715,,,,
aarch64-unknown-linux-gnu,byteorder,1.5.0,test::small_int_4::read_big_endian,full,success,0.110924954,,,,
aarch64-unknown-linux-gnu,byteorder,1.5.0,test::small_int_4::read_little_endian,full,success,0.11093537166666667,,,,
aarch64-unknown-linux-gnu,byteorder,1.5.0,test::small_int_4::read_native_endian,full,success,0.11178609166666668,,,,
aarch64-unknown-linux-gnu,byteorder,1.5.0,test::small_int_5::read_big_endian,full,success,0.11072693433333335,,,,
aarch64-unknown-linux-gnu,byteorder,1.5.0,test::small_int_5::read_little_endian,full,success,0.11053180766666666,,,,
aarch64-unknown-linux-gnu,byteorder,1.5.0,test::small_int_5::read_native_endian,full,success,0.11128186133333333,,,,
aarch64-unknown-linux-gnu,byteorder,1.5.0,test::small_int_6::read_big_endian,full,success,0.11061733333333335,,,,
aarch64-unknown-linux-gnu,byteorder,1.5.0,test::small_int_6::read_little_endian,full,success,0.11147457733333334,,,,
aarch64-unknown-linux-gnu,byteorder,1.5.0,test::small_int_6::read_native_endian,full,success,0.112052351,,,,
aarch64-unknown-linux-gnu,byteorder,1.5.0,test::small_int_7::read_big_endian,full,success,0.11119556033333333,,,,
aarch64-unknown-linux-gnu,byteorder,1.5.0,test::small_int_7::read_little_endian,full,success,0.11167716700000001,,,,
aarch64-unknown-linux-gnu,byteorder,1.5.0,test::small_int_7::read_native_endian,full,success,0.111088615,,,,
aarch64-unknown-linux-gnu,byteorder,1.5.0,test::small_u128::read_big_endian,full,success,0.111787877,,,,
aarch64-unknown-linux-gnu,byteorder,1.5.0,test::small_u128::read_little_endian,full,success,0.111301999,,,,
aarch64-unknown-linux-gnu,byteorder,1.5.0,test::small_u128::read_native_endian,full,success,0.11277315333333333,,,,
aarch64-unknown-linux-gnu,byteorder,1.5.0,test::small_u128::write_big_endian,full,success,0.11151109766666667,,,,
aarch64-unknown-linux-gnu,byteorder,1.5.0,test::small_u128::write_little_endian,full,success,0.11204758399999999,,,,
aarch64-unknown-linux-gnu,byteorder,1.5.0,test::small_u128::write_native_endian,full,success,0.11251529,,,,
aarch64-unknown-linux-gnu,byteorder,1.5.0,test::small_u16::read_big_endian,full,success,0.11137004766666668,,,,
aarch64-unknown-linux-gnu,byteorder,1.5.0,test::small_u16::read_little_endian,full,success,0.11122870200000001,,,,
aarch64-unknown-linux-gnu,byteorder,1.5.0,test::small_u16::read_native_endian,full,success,0.11147608633333335,,,,
aarch64-unknown-linux-gnu,byteorder,1.5.0,test::small_u16::write_big_endian,full,success,0.11139137733333333,,,,
aarch64-unknown-linux-gnu,byteorder,1.5.0,test::small_u16::write_little_endian,full,success,0.11130351000000001,,,,
aarch64-unknown-linux-gnu,byteorder,1.5.0,test::small_u16::write_native_endian,full,success,0.11161250766666668,,,,
aarch64-unknown-linux-gnu,byteorder,1.5.0,test::small_u32::read_big_endian,full,success,0.11132236333333334,,,,
aarch64-unknown-linux-gnu,byteorder,1.5.0,test::small_u32::read_little_endian,full,success,0.11069623366666666,,,,
aarch64-unknown-linux-gnu,byteorder,1.5.0,test::small_u32::read_native_endian,full,success,0.11164672433333334,,,,
aarch64-unknown-linux-gnu,byteorder,1.5.0,test::small_u32::write_big_endian,full,success,0.111177084,,,,
aarch64-unknown-linux-gnu,byteorder,1.5.0,test::small_u32::write_little_endian,full,success,0.11154575733333334,,,,
aarch64-unknown-linux-gnu,byteorder,1.5.0,test::small_u32::write_native_endian,full,success,0.11175885066666667,,,,
aarch64-unknown-linux-gnu,byteorder,1.5.0,test::small_u64::read_big_endian,full,success,0.11177688633333334,,,,
aarch64-unknown-linux-gnu,byteorder,1.5.0,test::small_u64::read_little_endian,full,success,0.11180477566666668,,,,
aarch64-unknown-linux-gnu,byteorder,1.5.0,test::small_u64::read_native_endian,full,success,0.11127396066666667,,,,
aarch64-unknown-linux-gnu,byteorder,1.5.0,test::small_u64::write_big_endian,full,success,0.11216144933333334,,,,
aarch64-unknown-linux-gnu,byteorder,1.5.0,test::small_u64::write_little_endian,full,success,0.11134758566666668,,,,
aarch64-unknown-linux-gnu,byteorder,1.5.0,test::small_u64::write_native_endian,full,success,0.11278571466666666,,,,
aarch64-unknown-linux-gnu,byteorder,1.5.0,test::small_uint128_10::read_big_endian,full,success,0.11014248933333333,,,,
aarch64-unknown-linux-gnu,byteorder,1.5.0,test::small_uint128_10::read_little_endian,full,success,0.111482169,,,,
aarch64-unknown-linux-gnu,byteorder,1.5.0,test::small_uint128_10::read_native_endian,full,success,0.11057184433333334,,,,
aarch64-unknown-linux-gnu,byteorder,1.5.0,test::small_uint128_11::read_big_endian,full,success,0.11128070233333336,,,,
aarch64-unknown-linux-gnu,byteorder,1.5.0,test::small_uint128_11::read_little_endian,full,success,0.11072843233333333,,,,
aarch64-unknown-linux-gnu,byteorder,1.5.0,test::small_uint128_11::read_native_endian,full,success,0.11067952333333332,,,,
aarch64-unknown-linux-gnu,byteorder,1.5.0,test::small_uint128_12::read_big_endian,full,success,0.11025006733333335,,,,
aarch64-unknown-linux-gnu,byteorder,1.5.0,test::small_uint128_12::read_little_endian,full,success,0.11084219333333334,,,,
aarch64-unknown-linux-gnu,byteorder,1.5.0,test::small_uint128_12::read_native_endian,full,success,0.11048398066666666,,,,
aarch64-unknown-linux-gnu,byteorder,1.5.0,test::small_uint128_13::read_big_endian,full,success,0.11065921266666667,,,,
aarch64-unknown-linux-gnu,byteorder,1.5.0,test::small_uint128_13::read_little_endian,full,success,0.1102810606666667,,,,
aarch64-unknown-linux-gnu,byteorder,1.5.0,test::small_uint128_13::read_native_endian,full,success,0.11043741033333336,,,,
aarch64-unknown-linux-gnu,byteorder,1.5.0,test::small_uint128_14::read_big_endian,full,success,0.110202604,,,,
aarch64-unknown-linux-gnu,byteorder,1.5.0,test::small_uint128_14::read_little_endian,full,success,0.11086068833333333,,,,
aarch64-unknown-linux-gnu,byteorder,1.5.0,test::small_uint128_14::read_native_endian,full,success,0.10986328666666667,,,,
aarch64-unknown-linux-gnu,byteorder,1.5.0,test::small_uint128_15::read_big_endian,full,success,0.10994915266666667,,,,
aarch64-unknown-linux-gnu,byteorder,1.5.0,test::small_uint128_15::read_little_endian,full,success,0.11042620333333335,,,,
aarch64-unknown-linux-gnu,byteorder,1.5.0,test::small_uint128_15::read_native_endian,full,success,0.11050396633333333,,,,
aarch64-unknown-linux-gnu,byteorder,1.5.0,test::small_uint128_1::read_big_endian,full,success,0.11027195700000002,,,,
aarch64-unknown-linux-gnu,byteorder,1.5.0,test::small_uint128_1::read_little_endian,full,success,0.11097933166666667,,,,
aarch64-unknown-linux-gnu,byteorder,1.5.0,test::small_uint128_1::read_native_endian,full,success,0.110466353,,,,
aarch64-unknown-linux-gnu,byteorder,1.5.0,test::small_uint128_2::read_big_endian,full,success,0.11045518600000002,,,,
aarch64-unknown-linux-gnu,byteorder,1.5.0,test::small_uint128_2::read_little_endian,full,success,0.11074035733333336,,,,
aarch64-unknown-linux-gnu,byteorder,1.5.0,test::small_uint128_2::read_native_endian,full,success,0.110468164,,,,
aarch64-unknown-linux-gnu,byteorder,1.5.0,test::small_uint128_3::read_big_endian,full,success,0.11134238066666667,,,,
aarch64-unknown-linux-gnu,byteorder,1.5.0,test::small_uint128_3::read_little_endian,full,success,0.11077509666666668,,,,
aarch64-unknown-linux-gnu,byteorder,1.5.0,test::small_uint128_3::read_native_endian,full,success,0.11111190533333333,,,,
aarch64-unknown-linux-gnu,byteorder,1.5.0,test::small_uint128_4::read_big_endian,full,success,0.11088645500000001,,,,
aarch64-unknown-linux-gnu,byteorder,1.5.0,test::small_uint128_4::read_little_endian,full,success,0.11017713633333333,,,,
aarch64-unknown-linux-gnu,byteorder,1.5.0,test::small_uint128_4::read_native_endian,full,success,0.111300669,,,,
aarch64-unknown-linux-gnu,byteorder,1.5.0,test::small_uint128_5::read_big_endian,full,success,0.11112272266666667,,,,
aarch64-unknown-linux-gnu,byteorder,1.5.0,test::small_uint128_5::read_little_endian,full,success,0.11079735866666668,,,,
aarch64-unknown-linux-gnu,byteorder,1.5.0,test::small_uint128_5::read_native_endian,full,success,0.110881746,,,,
aarch64-unknown-linux-gnu,byteorder,1.5.0,test::small_uint128_6::read_big_endian,full,success,0.11086321866666667,,,,
aarch64-unknown-linux-gnu,byteorder,1.5.0,test::small_uint128_6::read_little_endian,full,success,0.11131809400000002,,,,
aarch64-unknown-linux-gnu,byteorder,1.5.0,test::small_uint128_6::read_native_endian,full,success,0.11055654233333334,,,,
aarch64-unknown-linux-gnu,byteorder,1.5.0,test::small_uint128_7::read_big_endian,full,success,0.11121703866666667,,,,
aarch64-unknown-linux-gnu,byteorder,1.5.0,test::small_uint128_7::read_little_endian,full,success,0.110379402,,,,
aarch64-unknown-linux-gnu,byteorder,1.5.0,test::small_uint128_7::read_native_endian,full,success,0.11097010366666667,,,,
aarch64-unknown-linux-gnu,byteorder,1.5.0,test::small_uint128_8::read_big_endian,full,success,0.11127985533333334,,,,
aarch64-unknown-linux-gnu,byteorder,1.5.0,test::small_uint128_8::read_little_endian,full,success,0.110080565,,,,
aarch64-unknown-linux-gnu,byteorder,1.5.0,test::small_uint128_8::read_native_endian,full,success,0.11120177733333335,,,,
aarch64-unknown-linux-gnu,byteorder,1.5.0,test::small_uint128_9::read_big_endian,full,success,0.11092874133333334,,,,
aarch64-unknown-linux-gnu,byteorder,1.5.0,test::small_uint128_9::read_little_endian,full,success,0.11097759433333336,,,,
aarch64-unknown-linux-gnu,byteorder,1.5.0,test::small_uint128_9::read_native_endian,full,success,0.11023175566666667,,,,
aarch64-unknown-linux-gnu,byteorder,1.5.0,test::small_uint_1::read_big_endian,full,success,0.11076032233333334,,,,
aarch64-unknown-linux-gnu,byteorder,1.5.0,test::small_uint_1::read_little_endian,full,success,0.11062728533333334,,,,
aarch64-unknown-linux-gnu,byteorder,1.5.0,test::small_uint_1::read_native_endian,full,success,0.11058562133333334,,,,
aarch64-unknown-linux-gnu,byteorder,1.5.0,test::small_uint_2::read_big_endian,full,success,0.11048722466666668,,,,
aarch64-unknown-linux-gnu,byteorder,1.5.0,test::small_uint_2::read_little_endian,full,success,0.11094791100000001,,,,
aarch64-unknown-linux-gnu,byteorder,1.5.0,test::small_uint_2::read_native_endian,full,success,0.11154080166666668,,,,
aarch64-unknown-linux-gnu,byteorder,1.5.0,test::small_uint_3::read_big_endian,full,success,0.11143449666666667,,,,
aarch64-unknown-linux-gnu,byteorder,1.5.0,test::small_uint_3::read_little_endian,full,success,0.10989154200000001,,,,
aarch64-unknown-linux-gnu,byteorder,1.5.0,test::small_uint_3::read_native_endian,full,success,0.110115324,,,,
aarch64-unknown-linux-gnu,byteorder,1.5.0,test::small_uint_4::read_big_endian,full,success,0.11030548333333334,,,,
aarch64-unknown-linux-gnu,byteorder,1.5.0,test::small_uint_4::read_little_endian,full,success,0.110274573,,,,
aarch64-unknown-linux-gnu,byteorder,1.5.0,test::small_uint_4::read_native_endian,full,success,0.11002952733333334,,,,
aarch64-unknown-linux-gnu,byteorder,1.5.0,test::small_uint_5::read_big_endian,full,success,0.11041133533333335,,,,
aarch64-unknown-linux-gnu,byteorder,1.5.0,test::small_uint_5::read_little_endian,full,success,0.11095140533333335,,,,
aarch64-unknown-linux-gnu,byteorder,1.5.0,test::small_uint_5::read_native_endian,full,success,0.11059474500000001,,,,
aarch64-unknown-linux-gnu,byteorder,1.5.0,test::small_uint_6::read_big_endian,full,success,0.11017966466666668,,,,
aarch64-unknown-linux-gnu,byteorder,1.5.0,test::small_uint_6::read_little_endian,full,success,0.11051389933333333,,,,
aarch64-unknown-linux-gnu,byteorder,1.5.0,test::small_uint_6::read_native_endian,full,success,0.110639803,,,,
aarch64-unknown-linux-gnu,byteorder,1.5.0,test::small_uint_7::read_big_endian,full,success,0.10982807033333335,,,,
aarch64-unknown-linux-gnu,byteorder,1.5.0,test::small_uint_7::read_little_endian,full,success,0.11044673033333334,,,,
aarch64-unknown-linux-gnu,byteorder,1.5.0,test::small_uint_7::read_native_endian,full,success,0.10985222633333334,,,,
aarch64-unknown-linux-gnu,byteorder,1.5.0,test::uint_bigger_buffer,full,success,0.10530115833333335,,,,
aarch64-unknown-linux-gnu,bytes,1.11.1,bytes_mut::tests::test_original_capacity_from_repr,full,success,0.105708888,,,,
aarch64-unknown-linux-gnu,bytes,1.11.1,bytes_mut::tests::test_original_capacity_to_repr,full,success,0.105635541,,,,
aarch64-unknown-linux-gnu,camino,1.2.2,tests::test_borrowed_into,full,success,0.1067837,,,,
aarch64-unknown-linux-gnu,camino,1.2.2,tests::test_deref_mut,full,success,0.10636875966666666,,,,
aarch64-unknown-linux-gnu,camino,1.2.2,tests::test_owned_into,full,success,0.107489723,,,,
aarch64-unknown-linux-gnu,cc,1.2.63,flags::tests::all_rustc_flags,full,success,1.036897519,,,,
aarch64-unknown-linux-gnu,cc,1.2.63,flags::tests::codegen_type,full,success,0.109172147,,,,
aarch64-unknown-linux-gnu,cc,1.2.63,flags::tests::precedence,full,success,0.10666422233333334,,,,
aarch64-unknown-linux-gnu,cc,1.2.63,flags::tests::stack_protector,full,success,0.10603943333333332,,,,
aarch64-unknown-linux-gnu,cc,1.2.63,flags::tests::three_valid_prefixes,full,success,0.10634498466666668,,,,
aarch64-unknown-linux-gnu,cc,1.2.63,flags::tests::two_valid_prefixes,full,success,0.10592069833333333,,,,
aarch64-unknown-linux-gnu,cc,1.2.63,target::llvm::tests::basic_llvm_triple_guessing,full,success,0.10839339266666669,,,,
aarch64-unknown-linux-gnu,cc,1.2.63,target::llvm::tests::llvm_version,full,success,0.107658661,,,,
aarch64-unknown-linux-gnu,cc,1.2.63,target::llvm::tests::test_old_ios_target,full,success,0.10487636966666668,,,,
aarch64-unknown-linux-gnu,cc,1.2.63,target::llvm::tests::uefi,full,success,0.10637671933333336,,,,
aarch64-unknown-linux-gnu,cc,1.2.63,target::parser::tests::parse_extra,full,success,0.12591780700000002,,,,
aarch64-unknown-linux-gnu,cc,1.2.63,target::parser::tests::parses_apple_envs_correctly,full,success,0.10710991166666667,,,,
aarch64-unknown-linux-gnu,cc,1.2.63,target::parser::tests::tier1,full,success,0.11657778966666667,,,,
aarch64-unknown-linux-gnu,cc,1.2.63,target::parser::tests::unknown_env_determined_as_unknown,full,success,0.10610303766666668,,,,
aarch64-unknown-linux-gnu,cc,1.2.63,tests::test_android_clang_compiler_uses_target_arg_internally,full,success,0.12513794033333334,,,,
aarch64-unknown-linux-gnu,colored,3.1.1,color::tests::closest_euclidean::almost_black,full,success,0.109353741,,,,
aarch64-unknown-linux-gnu,colored,3.1.1,color::tests::closest_euclidean::almost_blue,full,success,0.10980316766666669,,,,
aarch64-unknown-linux-gnu,colored,3.1.1,color::tests::closest_euclidean::almost_cyan,full,success,0.10942997900000001,,,,
aarch64-unknown-linux-gnu,colored,3.1.1,color::tests::closest_euclidean::almost_green,full,success,0.11010353733333333,,,,
aarch64-unknown-linux-gnu,colored,3.1.1,color::tests::closest_euclidean::almost_magenta,full,success,0.11033179733333333,,,,
aarch64-unknown-linux-gnu,colored,3.1.1,color::tests::closest_euclidean::almost_red,full,success,0.11024953866666669,,,,
aarch64-unknown-linux-gnu,colored,3.1.1,color::tests::closest_euclidean::almost_white,full,success,0.10931723100000001,,,,
aarch64-unknown-linux-gnu,colored,3.1.1,color::tests::closest_euclidean::almost_yellow,full,success,0.11032880833333335,,,,
aarch64-unknown-linux-gnu,colored,3.1.1,color::tests::closest_euclidean::exact_black,full,success,0.11029595700000001,,,,
aarch64-unknown-linux-gnu,colored,3.1.1,color::tests::closest_euclidean::exact_blue,full,success,0.109809771,,,,
aarch64-unknown-linux-gnu,colored,3.1.1,color::tests::closest_euclidean::exact_cyan,full,success,0.11015218,,,,
aarch64-unknown-linux-gnu,colored,3.1.1,color::tests::closest_euclidean::exact_green,full,success,0.110260162,,,,
aarch64-unknown-linux-gnu,colored,3.1.1,color::tests::closest_euclidean::exact_magenta,full,success,0.10910686833333334,,,,
aarch64-unknown-linux-gnu,colored,3.1.1,color::tests::closest_euclidean::exact_red,full,success,0.10995411033333334,,,,
aarch64-unknown-linux-gnu,colored,3.1.1,color::tests::closest_euclidean::exact_white,full,success,0.10971094833333334,,,,
aarch64-unknown-linux-gnu,colored,3.1.1,color::tests::closest_euclidean::exact_yellow,full,success,0.10946836433333335,,,,
aarch64-unknown-linux-gnu,colored,3.1.1,color::tests::from_str::black,full,success,0.10890421033333335,,,,
aarch64-unknown-linux-gnu,colored,3.1.1,color::tests::from_str::blue,full,success,0.10881702433333333,,,,
aarch64-unknown-linux-gnu,colored,3.1.1,color::tests::from_str::brightblack,full,success,0.10894904466666666,,,,
aarch64-unknown-linux-gnu,colored,3.1.1,color::tests::from_str::brightblue,full,success,0.10852053700000001,,,,
aarch64-unknown-linux-gnu,colored,3.1.1,color::tests::from_str::brightcyan,full,success,0.10924955766666668,,,,
aarch64-unknown-linux-gnu,colored,3.1.1,color::tests::from_str::brightgreen,full,success,0.10809608266666666,,,,
aarch64-unknown-linux-gnu,colored,3.1.1,color::tests::from_str::brightmagenta,full,success,0.10922554333333334,,,,
aarch64-unknown-linux-gnu,colored,3.1.1,color::tests::from_str::brightred,full,success,0.10904765633333334,,,,
aarch64-unknown-linux-gnu,colored,3.1.1,color::tests::from_str::brightwhite,full,success,0.109245078,,,,
aarch64-unknown-linux-gnu,colored,3.1.1,color::tests::from_str::brightyellow,full,success,0.10924318966666667,,,,
aarch64-unknown-linux-gnu,colored,3.1.1,color::tests::from_str::capitalized,full,success,0.10966140766666667,,,,
aarch64-unknown-linux-gnu,colored,3.1.1,color::tests::from_str::cyan,full,success,0.10918398600000001,,,,
aarch64-unknown-linux-gnu,colored,3.1.1,color::tests::from_str::green,full,success,0.10962637233333333,,,,
aarch64-unknown-linux-gnu,colored,3.1.1,color::tests::from_str::hex3_lower,full,success,0.10931309700000001,,,,
aarch64-unknown-linux-gnu,colored,3.1.1,color::tests::from_str::hex3_mixed,full,success,0.10999144466666667,,,,
aarch64-unknown-linux-gnu,colored,3.1.1,color::tests::from_str::hex3_upper,full,success,0.109644009,,,,
aarch64-unknown-linux-gnu,colored,3.1.1,color::tests::from_str::hex6_lower,full,success,0.109738536,,,,
aarch64-unknown-linux-gnu,colored,3.1.1,color::tests::from_str::hex6_mixed,full,success,0.10953109066666666,,,,
aarch64-unknown-linux-gnu,colored,3.1.1,color::tests::from_str::hex6_upper,full,success,0.11038991366666667,,,,
aarch64-unknown-linux-gnu,colored,3.1.1,color::tests::from_str::hex_invalid,full,success,0.10960522499999999,,,,
aarch64-unknown-linux-gnu,colored,3.1.1,color::tests::from_str::hex_too_long,full,success,0.10926173,,,,
aarch64-unknown-linux-gnu,colored,3.1.1,color::tests::from_str::hex_too_short,full,success,0.10996758433333335,,,,
aarch64-unknown-linux-gnu,colored,3.1.1,color::tests::from_str::invalid,full,success,0.10970661066666669,,,,
aarch64-unknown-linux-gnu,colored,3.1.1,color::tests::from_str::magenta,full,success,0.10998660066666667,,,,
aarch64-unknown-linux-gnu,colored,3.1.1,color::tests::from_str::mixed_case,full,success,0.10883532633333333,,,,
aarch64-unknown-linux-gnu,colored,3.1.1,color::tests::from_str::purple,full,success,0.110118056,,,,
aarch64-unknown-linux-gnu,colored,3.1.1,color::tests::from_str::red,full,success,0.10900762466666665,,,,
aarch64-unknown-linux-gnu,colored,3.1.1,color::tests::from_str::white,full,success,0.11018732599999999,,,,
aarch64-unknown-linux-gnu,colored,3.1.1,color::tests::from_str::yellow,full,success,0.10878286066666666,,,,
aarch64-unknown-linux-gnu,colored,3.1.1,color::tests::from_string::black,full,success,0.109747347,,,,
aarch64-unknown-linux-gnu,colored,3.1.1,color::tests::from_string::blue,full,success,0.109182149,,,,
aarch64-unknown-linux-gnu,colored,3.1.1,color::tests::from_string::brightblack,full,success,0.10998572333333334,,,,
aarch64-unknown-linux-gnu,colored,3.1.1,color::tests::from_string::brightblue,full,success,0.108453978,,,,
aarch64-unknown-linux-gnu,colored,3.1.1,color::tests::from_string::brightcyan,full,success,0.10873652233333335,,,,
aarch64-unknown-linux-gnu,colored,3.1.1,color::tests::from_string::brightgreen,full,success,0.10959975666666667,,,,
aarch64-unknown-linux-gnu,colored,3.1.1,color::tests::from_string::brightmagenta,full,success,0.10852552266666667,,,,
aarch64-unknown-linux-gnu,colored,3.1.1,color::tests::from_string::brightred,full,success,0.11003497033333333,,,,
aarch64-unknown-linux-gnu,colored,3.1.1,color::tests::from_string::brightwhite,full,success,0.10852351766666667,,,,
aarch64-unknown-linux-gnu,colored,3.1.1,color::tests::from_string::brightyellow,full,success,0.10993800666666668,,,,
aarch64-unknown-linux-gnu,colored,3.1.1,color::tests::from_string::capitalized,full,success,0.10943890533333334,,,,
aarch64-unknown-linux-gnu,colored,3.1.1,color::tests::from_string::cyan,full,success,0.10908598200000001,,,,
aarch64-unknown-linux-gnu,colored,3.1.1,color::tests::from_string::green,full,success,0.10885273900000002,,,,
aarch64-unknown-linux-gnu,colored,3.1.1,color::tests::from_string::hex3_lower,full,success,0.11007978766666666,,,,
aarch64-unknown-linux-gnu,colored,3.1.1,color::tests::from_string::hex3_mixed,full,success,0.11043822266666668,,,,
aarch64-unknown-linux-gnu,colored,3.1.1,color::tests::from_string::hex3_upper,full,success,0.110072146,,,,
aarch64-unknown-linux-gnu,colored,3.1.1,color::tests::from_string::hex6_lower,full,success,0.10995612133333334,,,,
aarch64-unknown-linux-gnu,colored,3.1.1,color::tests::from_string::hex6_mixed,full,success,0.10969789066666667,,,,
aarch64-unknown-linux-gnu,colored,3.1.1,color::tests::from_string::hex6_upper,full,success,0.10990698300000001,,,,
aarch64-unknown-linux-gnu,colored,3.1.1,color::tests::from_string::hex_invalid,full,success,0.10897250966666668,,,,
aarch64-unknown-linux-gnu,colored,3.1.1,color::tests::from_string::hex_too_long,full,success,0.10858271433333333,,,,
aarch64-unknown-linux-gnu,colored,3.1.1,color::tests::from_string::hex_too_short,full,success,0.10922809000000001,,,,
aarch64-unknown-linux-gnu,colored,3.1.1,color::tests::from_string::invalid,full,success,0.10949296766666666,,,,
aarch64-unknown-linux-gnu,colored,3.1.1,color::tests::from_string::magenta,full,success,0.10967730766666668,,,,
aarch64-unknown-linux-gnu,colored,3.1.1,color::tests::from_string::mixed_case,full,success,0.10963918500000001,,,,
aarch64-unknown-linux-gnu,colored,3.1.1,color::tests::from_string::red,full,success,0.10991975566666667,,,,
aarch64-unknown-linux-gnu,colored,3.1.1,color::tests::from_string::white,full,success,0.10900279533333335,,,,
aarch64-unknown-linux-gnu,colored,3.1.1,color::tests::from_string::yellow,full,success,0.109244312,,,,
aarch64-unknown-linux-gnu,colored,3.1.1,color::tests::fromstr::error,full,success,0.10880055200000001,,,,
aarch64-unknown-linux-gnu,colored,3.1.1,color::tests::fromstr::parse,full,success,0.10902459366666667,,,,
aarch64-unknown-linux-gnu,colored,3.1.1,control::specs::clicolor_behavior,full,success,0.4500183370000001,,,,
aarch64-unknown-linux-gnu,colored,3.1.1,customcolors::tests::from_tuple,full,success,0.10996041333333334,,,,
aarch64-unknown-linux-gnu,colored,3.1.1,customcolors::tests::main,full,test_failed,,snapshot assertion for 'main' failed in line 34,insta-1.46.1/src/runtime.rs:719:13,https://github.com/BorrowSanitizer/bsan/actions/runs/37404510664/job/112080382252,"thread 'customcolors::tests::main' (1972) panicked at /root/.cargo/registry/src/index.crates.io-1949cf8c6b5b557f/insta-1.46.1/src/runtime.rs:719:13:
snapshot assertion for 'main' failed in line 34
note: run with `RUST_BACKTRACE=1` environment variable to display a backtrace
test customcolors::tests::main ... FAILED

failures:

failures:
    customcolors::tests::main

test result: FAILED. 0 passed; 1 failed; 0 ignored; 0 measured; 127 filtered out; finished in 63.83s
"
aarch64-unknown-linux-gnu,colored,3.1.1,style::tests::style_bitwise_logic::assign_ops,full,success,0.11677015333333335,,,,
aarch64-unknown-linux-gnu,colored,3.1.1,style::tests::style_bitwise_logic::assign_ops_with_styles,full,success,0.10955378933333333,,,,
aarch64-unknown-linux-gnu,colored,3.1.1,style::tests::style_bitwise_logic::binops,full,success,0.107967302,,,,
aarch64-unknown-linux-gnu,colored,3.1.1,style::tests::style_bitwise_logic::binops_with_styles,full,success,0.10709614933333333,,,,
aarch64-unknown-linux-gnu,colored,3.1.1,style::tests::style_bitwise_logic::not,full,success,0.10800968600000001,,,,
aarch64-unknown-linux-gnu,colored,3.1.1,style::tests::style_bitwise_logic::styles_binops,full,success,0.10749655200000001,,,,
aarch64-unknown-linux-gnu,colored,3.1.1,style::tests::style_bitwise_logic::styles_not,full,success,0.107360262,,,,
aarch64-unknown-linux-gnu,colored,3.1.1,style::tests::styles_combine_complex::aggreg1,full,success,0.10944506033333334,,,,
aarch64-unknown-linux-gnu,colored,3.1.1,style::tests::styles_combine_complex::aggreg2,full,success,0.10961047933333334,,,,
aarch64-unknown-linux-gnu,colored,3.1.1,style::tests::styles_combine_complex::aggreg3,full,success,0.10763219633333333,,,,
aarch64-unknown-linux-gnu,colored,3.1.1,style::tests::styles_combine_complex::all,full,success,0.10895085900000001,,,,
aarch64-unknown-linux-gnu,colored,3.1.1,style::tests::styles_combine_complex::five,full,success,0.10879709033333335,,,,
aarch64-unknown-linux-gnu,colored,3.1.1,style::tests::styles_combine_complex::four,full,success,0.10869644933333333,,,,
aarch64-unknown-linux-gnu,colored,3.1.1,style::tests::styles_combine_complex::six,full,success,0.10969954066666669,,,,
aarch64-unknown-linux-gnu,colored,3.1.1,style::tests::styles_combine_complex::three1,full,success,0.10947092900000001,,,,
aarch64-unknown-linux-gnu,colored,3.1.1,style::tests::styles_combine_complex::three2,full,success,0.108959584,,,,
aarch64-unknown-linux-gnu,colored,3.1.1,style::tests::styles_combine_complex::two1,full,success,0.108247361,,,,
aarch64-unknown-linux-gnu,colored,3.1.1,style::tests::styles_combine_complex::two2,full,success,0.10917072966666667,,,,
aarch64-unknown-linux-gnu,colored,3.1.1,style::tests::styles_combine_complex::two3,full,success,0.10877188633333335,,,,
aarch64-unknown-linux-gnu,colored,3.1.1,style::tests::test_style_contains,full,success,0.10796604833333334,,,,
aarch64-unknown-linux-gnu,colored,3.1.1,style::tests::u8_to_styles_invalid_is_none::empty_is_none,full,success,0.10812183333333335,,,,
aarch64-unknown-linux-gnu,colored,3.1.1,style::tests::u8_to_styles_isomorphism::blink,full,success,0.10795906233333334,,,,
aarch64-unknown-linux-gnu,colored,3.1.1,style::tests::u8_to_styles_isomorphism::bold,full,success,0.10866622400000002,,,,
aarch64-unknown-linux-gnu,colored,3.1.1,style::tests::u8_to_styles_isomorphism::dimmed,full,success,0.108851604,,,,
aarch64-unknown-linux-gnu,colored,3.1.1,style::tests::u8_to_styles_isomorphism::hidden,full,success,0.10937636700000002,,,,
aarch64-unknown-linux-gnu,colored,3.1.1,style::tests::u8_to_styles_isomorphism::italic,full,success,0.10987476933333333,,,,
aarch64-unknown-linux-gnu,colored,3.1.1,style::tests::u8_to_styles_isomorphism::reversed,full,success,0.108478415,,,,
aarch64-unknown-linux-gnu,colored,3.1.1,style::tests::u8_to_styles_isomorphism::strikethrough,full,success,0.10940607366666667,,,,
aarch64-unknown-linux-gnu,colored,3.1.1,style::tests::u8_to_styles_isomorphism::underline,full,success,0.108462496,,,,
aarch64-unknown-linux-gnu,colored,3.1.1,tests::bright_color_fn,full,success,0.10924274500000002,,,,
aarch64-unknown-linux-gnu,colored,3.1.1,tests::color_fn,full,success,0.11029886466666668,,,,
aarch64-unknown-linux-gnu,colored,3.1.1,tests::compute_style_blue_bold,full,success,0.11060355166666669,,,,
aarch64-unknown-linux-gnu,colored,3.1.1,tests::compute_style_empty_string,full,success,0.10918316800000001,,,,
aarch64-unknown-linux-gnu,colored,3.1.1,tests::escape_reset_sequence_spec_should_do_nothing_on_empty_strings,full,success,0.11033387566666668,,,,
aarch64-unknown-linux-gnu,colored,3.1.1,tests::escape_reset_sequence_spec_should_do_nothing_on_string_with_no_reset,full,success,0.11051612266666667,,,,
aarch64-unknown-linux-gnu,colored,3.1.1,tests::exposing_tests,full,success,0.10898925500000001,,,,
aarch64-unknown-linux-gnu,colored,3.1.1,tests::formatting,full,success,0.11543694766666668,,,,
aarch64-unknown-linux-gnu,colored,3.1.1,tests::it_works,full,test_failed,,snapshot assertion for 'it_works' failed in line 686,insta-1.46.1/src/runtime.rs:719:13,https://github.com/BorrowSanitizer/bsan/actions/runs/37404510664/job/112080382252,"thread 'tests::it_works' (2354) panicked at /root/.cargo/registry/src/index.crates.io-1949cf8c6b5b557f/insta-1.46.1/src/runtime.rs:719:13:
snapshot assertion for 'it_works' failed in line 686
note: run with `RUST_BACKTRACE=1` environment variable to display a backtrace
test tests::it_works ... FAILED

failures:

failures:
    tests::it_works

test result: FAILED. 0 passed; 1 failed; 0 ignored; 0 measured; 127 filtered out; finished in 70.33s
"
aarch64-unknown-linux-gnu,colored,3.1.1,tests::on_bright_color_fn,full,success,0.10943122733333334,,,,
aarch64-unknown-linux-gnu,colored,3.1.1,tests::on_color_fn,full,success,0.10951641933333334,,,,
aarch64-unknown-linux-gnu,combine,4.6.7,error::tests_std::parse_clone_but_not_copy,full,success,0.10680601133333334,,,,
aarch64-unknown-linux-gnu,combine,4.6.7,parser::byte::num::tests::no_rangestream,full,success,0.11554096166666666,,,,
aarch64-unknown-linux-gnu,combine,4.6.7,parser::byte::tests::bytes_read_stream,full,success,0.106618961,,,,
aarch64-unknown-linux-gnu,combine,4.6.7,parser::byte::tests::memslice_basic,full,success,0.10611862033333334,,,,
aarch64-unknown-linux-gnu,combine,4.6.7,parser::char::tests::space_error,full,success,0.10764749800000001,,,,
aarch64-unknown-linux-gnu,combine,4.6.7,parser::char::tests::string_committed,full,success,0.10736379566666666,,,,
aarch64-unknown-linux-gnu,combine,4.6.7,parser::char::tests::string_error,full,success,0.10674934366666666,,,,
aarch64-unknown-linux-gnu,combine,4.6.7,parser::choice::tests::choice_single_parser,full,success,0.10604049333333333,,,,
aarch64-unknown-linux-gnu,combine,4.6.7,parser::range::tests::range_string_no_char_boundary_error,full,success,0.10627038100000001,,,,
aarch64-unknown-linux-gnu,combine,4.6.7,parser::range::tests::take_until_range_1,full,success,0.10771691133333335,,,,
aarch64-unknown-linux-gnu,combine,4.6.7,parser::range::tests::take_until_range_2,full,success,0.10940594266666669,,,,
aarch64-unknown-linux-gnu,combine,4.6.7,parser::range::tests::take_until_range_unicode_1,full,success,0.10920371533333334,,,,
aarch64-unknown-linux-gnu,combine,4.6.7,parser::range::tests::take_until_range_unicode_2,full,success,0.10732465833333334,,,,
aarch64-unknown-linux-gnu,combine,4.6.7,parser::range::tests::take_while1_test,full,success,0.106387105,,,,
aarch64-unknown-linux-gnu,combine,4.6.7,parser::range::tests::take_while_test,full,success,0.10792926800000001,,,,
aarch64-unknown-linux-gnu,combine,4.6.7,parser::sequence::tests::sequence_single_parser,full,success,0.10648743333333334,,,,
aarch64-unknown-linux-gnu,combine,4.6.7,std_tests::error_position,full,success,0.10894948766666668,,,,
aarch64-unknown-linux-gnu,combine,4.6.7,std_tests::expression_basic,full,success,0.1576851446666667,,,,
aarch64-unknown-linux-gnu,combine,4.6.7,std_tests::expression_error,full,success,0.11986111633333334,,,,
aarch64-unknown-linux-gnu,combine,4.6.7,std_tests::extract_std_error,full,success,0.11134794666666668,,,,
aarch64-unknown-linux-gnu,combine,4.6.7,std_tests::field,full,success,0.11307980266666667,,,,
aarch64-unknown-linux-gnu,combine,4.6.7,std_tests::infinite_recursion_in_box_parser,full,success,0.10905806666666668,,,,
aarch64-unknown-linux-gnu,combine,4.6.7,std_tests::inner_error_consume,full,success,0.11312380233333334,,,,
aarch64-unknown-linux-gnu,combine,4.6.7,std_tests::iterator,full,success,0.11043289766666668,,,,
aarch64-unknown-linux-gnu,combine,4.6.7,std_tests::list,full,success,0.11396632033333336,,,,
aarch64-unknown-linux-gnu,combine,4.6.7,std_tests::operators,full,success,0.14867117200000002,,,,
aarch64-unknown-linux-gnu,combine,4.6.7,std_tests::optional_error_consume,full,success,0.10856678466666668,,,,
aarch64-unknown-linux-gnu,combine,4.6.7,std_tests::sep_by_error_consume,full,success,0.10741750800000001,,,,
aarch64-unknown-linux-gnu,combine,4.6.7,std_tests::source_position,full,success,0.11409773500000002,,,,
aarch64-unknown-linux-gnu,combine,4.6.7,std_tests::std_error,full,success,0.10995276633333334,,,,
aarch64-unknown-linux-gnu,combine,4.6.7,std_tests::test_integer,full,success,0.11047879066666667,,,,
aarch64-unknown-linux-gnu,combine,4.6.7,std_tests::unsized_parser,full,success,0.10894370833333335,,,,
aarch64-unknown-linux-gnu,combine,4.6.7,stream::buf_reader::tests_sync::buf_reader,full,success,0.117902956,,,,
aarch64-unknown-linux-gnu,combine,4.6.7,stream::buf_reader::tests_sync::buf_reader_extend_buf,full,success,0.117909729,,,,
aarch64-unknown-linux-gnu,combine,4.6.7,stream::position::tests::test_positioner,full,success,0.10797919033333335,,,,
aarch64-unknown-linux-gnu,combine,4.6.7,stream::position::tests::test_range_positioner,full,success,0.107821023,,,,
aarch64-unknown-linux-gnu,combine,4.6.7,stream::tests::larger_than_1_byte_items_return_correct_distance,full,success,0.10553124533333334,,,,
aarch64-unknown-linux-gnu,combine,4.6.7,stream::tests::uncons_range_at_end,full,success,0.10619979766666666,,,,
aarch64-unknown-linux-gnu,combine,4.6.7,tests::chainl1_error_consume,full,success,0.10948808000000003,,,,
aarch64-unknown-linux-gnu,combine,4.6.7,tests::choice_strings,full,success,0.11832366166666668,,,,
aarch64-unknown-linux-gnu,const-oid,0.10.2,encoder::tests::base128_byte,full,success,0.10923049566666666,,,,
aarch64-unknown-linux-gnu,const-oid,0.10.2,encoder::tests::encode,full,success,0.10765585866666667,,,,
aarch64-unknown-linux-gnu,const-oid,0.10.2,parser::tests::parse,full,success,0.10942094000000001,,,,
aarch64-unknown-linux-gnu,const-oid,0.10.2,parser::tests::reject_empty_string,full,success,0.10839835666666668,,,,
aarch64-unknown-linux-gnu,const-oid,0.10.2,parser::tests::reject_non_digits,full,success,0.10803326166666667,,,,
aarch64-unknown-linux-gnu,const-oid,0.10.2,parser::tests::reject_trailing_dot,full,success,0.10843606833333334,,,,
aarch64-unknown-linux-gnu,core-foundation-sys,0.8.7,number::test::match_for_type_id_should_be_backwards_compatible,full,success,0.10869781666666667,,,,
aarch64-unknown-linux-gnu,crc32fast,1.5.0,baseline::test::fast_16_is_the_same_as_slow,full,success,3.1699934896666666,,,,
aarch64-unknown-linux-gnu,crc32fast,1.5.0,baseline::test::slow,full,success,0.10892983933333333,,,,
aarch64-unknown-linux-gnu,crc32fast,1.5.0,combine::golden,full,success,0.12717312533333336,,,,
aarch64-unknown-linux-gnu,crc32fast,1.5.0,specialized::aarch64::test::check_against_baseline,full,success,154.23633416566668,,,,
aarch64-unknown-linux-gnu,crc32fast,1.5.0,test::combine,full,success,5.822540707333334,,,,
aarch64-unknown-linux-gnu,crc32fast,1.5.0,test::combine_from_len,full,success,5.711883444666667,,,,
aarch64-unknown-linux-gnu,crossbeam-utils,0.8.21,atomic::seq_lock::tests::test_abort,full,success,0.10648114833333333,,,,
aarch64-unknown-linux-gnu,crypto-bigint,0.7.3,checked::tests::checked_add,full,success,0.11004602666666667,,,,
aarch64-unknown-linux-gnu,crypto-bigint,0.7.3,checked::tests::checked_div,full,success,0.11161418233333335,,,,
aarch64-unknown-linux-gnu,crypto-bigint,0.7.3,checked::tests::checked_eq_select,full,success,0.10929077533333333,,,,
aarch64-unknown-linux-gnu,crypto-bigint,0.7.3,checked::tests::checked_from,full,success,0.10886236033333334,,,,
aarch64-unknown-linux-gnu,crypto-bigint,0.7.3,checked::tests::checked_mul,full,success,0.11029367966666666,,,,
aarch64-unknown-linux-gnu,crypto-bigint,0.7.3,checked::tests::checked_new,full,success,0.10910602566666668,,,,
aarch64-unknown-linux-gnu,crypto-bigint,0.7.3,checked::tests::checked_sub,full,success,0.11068866933333334,,,,
aarch64-unknown-linux-gnu,crypto-bigint,0.7.3,int::add::tests::checked_add,full,success,0.11077544300000002,,,,
aarch64-unknown-linux-gnu,crypto-bigint,0.7.3,int::add::tests::overflowing_add,full,success,0.11069513833333335,,,,
aarch64-unknown-linux-gnu,crypto-bigint,0.7.3,int::bit_and::tests::checked_and_ok,full,success,0.10909014900000001,,,,
aarch64-unknown-linux-gnu,crypto-bigint,0.7.3,int::bit_and::tests::wrapping_and_ok,full,success,0.10937411100000001,,,,
aarch64-unknown-linux-gnu,crypto-bigint,0.7.3,int::bit_not::tests::bitnot_ok,full,success,0.10845132600000001,,,,
aarch64-unknown-linux-gnu,crypto-bigint,0.7.3,int::bit_or::tests::checked_or_ok,full,success,0.10911843266666667,,,,
aarch64-unknown-linux-gnu,crypto-bigint,0.7.3,int::bit_or::tests::wrapping_or_ok,full,success,0.10887662866666668,,,,
aarch64-unknown-linux-gnu,crypto-bigint,0.7.3,int::bit_xor::tests::checked_xor_ok,full,success,0.10928852933333334,,,,
aarch64-unknown-linux-gnu,crypto-bigint,0.7.3,int::bit_xor::tests::wrapping_xor_ok,full,success,0.10917142433333334,,,,
aarch64-unknown-linux-gnu,crypto-bigint,0.7.3,int::cmp::tests::test_eq,full,success,0.10857250033333334,,,,
aarch64-unknown-linux-gnu,crypto-bigint,0.7.3,int::cmp::tests::test_gt,full,success,0.10893551066666668,,,,
aarch64-unknown-linux-gnu,crypto-bigint,0.7.3,int::cmp::tests::test_is_nonzero,full,success,0.10888454800000001,,,,
aarch64-unknown-linux-gnu,crypto-bigint,0.7.3,int::cmp::tests::test_lt,full,success,0.10893131,,,,
aarch64-unknown-linux-gnu,crypto-bigint,0.7.3,int::ct::tests::ct_gt,full,success,0.10987918566666667,,,,
aarch64-unknown-linux-gnu,crypto-bigint,0.7.3,int::ct::tests::ct_lt,full,success,0.10943636433333336,,,,
aarch64-unknown-linux-gnu,crypto-bigint,0.7.3,int::ct::tests::ct_select,full,success,0.109492883,,,,
aarch64-unknown-linux-gnu,crypto-bigint,0.7.3,int::div::tests::div_vartime_through_trait,full,success,0.11170280766666667,,,,
aarch64-unknown-linux-gnu,crypto-bigint,0.7.3,int::div::tests::test_checked_div,full,success,0.12010282600000001,,,,
aarch64-unknown-linux-gnu,crypto-bigint,0.7.3,int::div::tests::test_checked_div_floor,full,success,0.11059506666666667,,,,
aarch64-unknown-linux-gnu,crypto-bigint,0.7.3,int::div::tests::test_checked_div_mod_floor,full,success,0.10939798766666668,,,,
aarch64-unknown-linux-gnu,crypto-bigint,0.7.3,int::div_unsigned::tests::test_div_ct_vs_vt,full,success,0.442113301,,,,
aarch64-unknown-linux-gnu,crypto-bigint,0.7.3,int::div_unsigned::tests::test_div_floor_ct_vs_vt,full,success,0.4481752133333334,,,,
aarch64-unknown-linux-gnu,crypto-bigint,0.7.3,int::div_unsigned::tests::test_div_rem_floor_unsigned,full,success,0.11291580366666666,,,,
aarch64-unknown-linux-gnu,crypto-bigint,0.7.3,int::div_unsigned::tests::test_div_unsigned,full,success,0.11179717833333334,,,,
aarch64-unknown-linux-gnu,crypto-bigint,0.7.3,int::from::tests::from_i128,full,success,0.10995190233333334,,,,
aarch64-unknown-linux-gnu,crypto-bigint,0.7.3,int::from::tests::from_i16,full,success,0.10835901766666667,,,,
aarch64-unknown-linux-gnu,crypto-bigint,0.7.3,int::from::tests::from_i32,full,success,0.10918955366666667,,,,
aarch64-unknown-linux-gnu,crypto-bigint,0.7.3,int::from::tests::from_i64,full,success,0.10863522133333335,,,,
aarch64-unknown-linux-gnu,crypto-bigint,0.7.3,int::from::tests::from_i8,full,success,0.10862629400000001,,,,
aarch64-unknown-linux-gnu,crypto-bigint,0.7.3,int::invert_mod::tests::test_invert_even,full,success,0.2735475336666667,,,,
aarch64-unknown-linux-gnu,crypto-bigint,0.7.3,int::invert_mod::tests::test_invert_odd,full,success,0.4225329880000001,,,,
aarch64-unknown-linux-gnu,crypto-bigint,0.7.3,int::mod_symbol::tests::jacobi_int,full,success,0.45109961000000004,,,,
aarch64-unknown-linux-gnu,crypto-bigint,0.7.3,int::mod_symbol::tests::jacobi_neg_one,full,success,0.44933581100000003,,,,
aarch64-unknown-linux-gnu,crypto-bigint,0.7.3,int::mod_symbol::tests::jacobi_non_coprime,full,success,0.282578751,,,,
aarch64-unknown-linux-gnu,crypto-bigint,0.7.3,int::mod_symbol::tests::jacobi_non_quad_residue,full,success,0.2790189413333333,,,,
aarch64-unknown-linux-gnu,crypto-bigint,0.7.3,int::mod_symbol::tests::jacobi_quad_residue,full,success,0.2794939446666667,,,,
aarch64-unknown-linux-gnu,crypto-bigint,0.7.3,int::mod_symbol::tests::jacobi_zero,full,success,0.28037403866666666,,,,
aarch64-unknown-linux-gnu,crypto-bigint,0.7.3,int::mul::tests::test_checked_mul,full,success,0.112608942,,,,
aarch64-unknown-linux-gnu,crypto-bigint,0.7.3,int::mul::tests::test_checked_square,full,success,0.10987530333333334,,,,
aarch64-unknown-linux-gnu,crypto-bigint,0.7.3,int::mul::tests::test_concatenating_mul,full,success,0.116105469,,,,
aarch64-unknown-linux-gnu,crypto-bigint,0.7.3,int::mul::tests::test_concatenating_square,full,success,0.10945183800000001,,,,
aarch64-unknown-linux-gnu,crypto-bigint,0.7.3,int::mul::tests::test_saturating_mul,full,success,0.11079813866666667,,,,
aarch64-unknown-linux-gnu,crypto-bigint,0.7.3,int::mul::tests::test_saturating_square,full,success,0.10921074833333334,,,,
aarch64-unknown-linux-gnu,crypto-bigint,0.7.3,int::mul::tests::test_wrapping_mul,full,success,0.11000405833333333,,,,
aarch64-unknown-linux-gnu,crypto-bigint,0.7.3,int::mul::tests::test_wrapping_mul_mixed,full,success,0.11019909433333334,,,,
aarch64-unknown-linux-gnu,crypto-bigint,0.7.3,int::mul::tests::test_wrapping_square,full,success,0.10913732366666667,,,,
aarch64-unknown-linux-gnu,crypto-bigint,0.7.3,int::mul_unsigned::tests::test_checked_mul_unsigned,full,success,0.110432757,,,,
aarch64-unknown-linux-gnu,crypto-bigint,0.7.3,int::mul_unsigned::tests::test_checked_mul_unsigned_right,full,success,0.11008190933333334,,,,
aarch64-unknown-linux-gnu,crypto-bigint,0.7.3,int::mul_unsigned::tests::test_concatenating_mul_unsigned,full,success,0.11336419199999999,,,,
aarch64-unknown-linux-gnu,crypto-bigint,0.7.3,int::neg::tests::checked_neg,full,success,0.11074384633333334,,,,
aarch64-unknown-linux-gnu,crypto-bigint,0.7.3,int::neg::tests::overflowing_neg,full,success,0.10947036666666667,,,,
aarch64-unknown-linux-gnu,crypto-bigint,0.7.3,int::neg::tests::wrapping_neg_if,full,success,0.11065913733333334,,,,
aarch64-unknown-linux-gnu,crypto-bigint,0.7.3,int::resize::tests::scale_down,full,success,0.10923768766666668,,,,
aarch64-unknown-linux-gnu,crypto-bigint,0.7.3,int::resize::tests::scale_up,full,success,0.10971179133333335,,,,
aarch64-unknown-linux-gnu,crypto-bigint,0.7.3,int::shl::tests::shl1,full,success,0.10990826733333335,,,,
aarch64-unknown-linux-gnu,crypto-bigint,0.7.3,int::shl::tests::shl2,full,success,0.10923698100000001,,,,
aarch64-unknown-linux-gnu,crypto-bigint,0.7.3,int::shl::tests::shl256_const,full,success,0.10952648100000001,,,,
aarch64-unknown-linux-gnu,crypto-bigint,0.7.3,int::shl::tests::shl64,full,success,0.11038276233333333,,,,
aarch64-unknown-linux-gnu,crypto-bigint,0.7.3,int::shl::tests::shl65,full,success,0.10939310166666667,,,,
aarch64-unknown-linux-gnu,crypto-bigint,0.7.3,int::shl::tests::shl88,full,success,0.109386099,,,,
aarch64-unknown-linux-gnu,crypto-bigint,0.7.3,int::shl::tests::shl_bounds_panic,full,success,0.11442444,,,,
aarch64-unknown-linux-gnu,crypto-bigint,0.7.3,int::shl::tests::shl_simple,full,success,0.109715731,,,,
aarch64-unknown-linux-gnu,crypto-bigint,0.7.3,int::shl::tests::unbounded_shl,full,success,0.11084697300000002,,,,
aarch64-unknown-linux-gnu,crypto-bigint,0.7.3,int::shl::tests::wrapping_shl,full,success,0.11028110233333334,,,,
aarch64-unknown-linux-gnu,crypto-bigint,0.7.3,int::shr::tests::overflowing_shr_vartime_zero_shift,full,success,0.11069730733333334,,,,
aarch64-unknown-linux-gnu,crypto-bigint,0.7.3,int::shr::tests::shr0,full,success,0.110139437,,,,
aarch64-unknown-linux-gnu,crypto-bigint,0.7.3,int::shr::tests::shr1,full,success,0.10991777666666668,,,,
aarch64-unknown-linux-gnu,crypto-bigint,0.7.3,int::shr::tests::shr256_const,full,success,0.10841526533333334,,,,
aarch64-unknown-linux-gnu,crypto-bigint,0.7.3,int::shr::tests::shr5,full,success,0.11028332866666668,,,,
aarch64-unknown-linux-gnu,crypto-bigint,0.7.3,int::shr::tests::shr7_vartime,full,success,0.11029818133333336,,,,
aarch64-unknown-linux-gnu,crypto-bigint,0.7.3,int::shr::tests::shr_bounds_panic,full,success,0.11363882133333335,,,,
aarch64-unknown-linux-gnu,crypto-bigint,0.7.3,int::shr::tests::shr_vartime_zero_shift,full,success,0.11081453200000001,,,,
aarch64-unknown-linux-gnu,crypto-bigint,0.7.3,int::shr::tests::unbounded_shr,full,success,0.11125885,,,,
aarch64-unknown-linux-gnu,crypto-bigint,0.7.3,int::shr::tests::unbounded_shr_vartime_zero_shift,full,success,0.11039481733333334,,,,
aarch64-unknown-linux-gnu,crypto-bigint,0.7.3,int::shr::tests::wrapping_shr,full,success,0.11218311033333334,,,,
aarch64-unknown-linux-gnu,crypto-bigint,0.7.3,int::shr::tests::wrapping_shr_vartime_multiple_of_bits_is_identity,full,success,0.11691698200000002,,,,
aarch64-unknown-linux-gnu,crypto-bigint,0.7.3,int::sign::tests::is_negative,full,success,0.10944845266666668,,,,
aarch64-unknown-linux-gnu,crypto-bigint,0.7.3,int::sign::tests::is_positive,full,success,0.11032739066666668,,,,
aarch64-unknown-linux-gnu,crypto-bigint,0.7.3,int::sign::tests::new_from_abs_sign,full,success,0.10999494233333335,,,,
aarch64-unknown-linux-gnu,crypto-bigint,0.7.3,int::sqrt::tests::square_root_expected,full,success,0.12766365366666668,,,,
aarch64-unknown-linux-gnu,crypto-bigint,0.7.3,int::sub::tests::checked_sub,full,success,0.11234168900000001,,,,
aarch64-unknown-linux-gnu,crypto-bigint,0.7.3,int::sub::tests::wrapping_sub,full,success,0.10995013666666668,,,,
aarch64-unknown-linux-gnu,crypto-bigint,0.7.3,int::tests::as_uint,full,success,0.11011559033333335,,,,
aarch64-unknown-linux-gnu,crypto-bigint,0.7.3,int::tests::as_words,full,success,0.10991515466666668,,,,
aarch64-unknown-linux-gnu,crypto-bigint,0.7.3,int::tests::as_words_mut,full,success,0.10978183766666667,,,,
aarch64-unknown-linux-gnu,crypto-bigint,0.7.3,int::tests::is_maximal,full,success,0.109893015,,,,
aarch64-unknown-linux-gnu,crypto-bigint,0.7.3,int::tests::is_minimal,full,success,0.11025409400000001,,,,
aarch64-unknown-linux-gnu,crypto-bigint,0.7.3,int::tests::test_signed,full,success,0.200970761,,,,
aarch64-unknown-linux-gnu,crypto-bigint,0.7.3,int::tests::to_uint,full,success,0.10967105,,,,
aarch64-unknown-linux-gnu,crypto-bigint,0.7.3,jacobi::tests::jacobi_eq,full,success,0.10933888100000001,,,,
aarch64-unknown-linux-gnu,crypto-bigint,0.7.3,jacobi::tests::jacobi_from,full,success,0.10879015700000001,,,,
aarch64-unknown-linux-gnu,crypto-bigint,0.7.3,jacobi::tests::jacobi_neg,full,success,0.10905340166666667,,,,
aarch64-unknown-linux-gnu,crypto-bigint,0.7.3,limb::add::tests::add_no_overflow,full,success,0.11058002600000001,,,,
aarch64-unknown-linux-gnu,crypto-bigint,0.7.3,limb::add::tests::add_with_overflow,full,success,0.11416600466666667,,,,
aarch64-unknown-linux-gnu,crypto-bigint,0.7.3,limb::add::tests::carrying_add_no_carry,full,success,0.10838094966666667,,,,
aarch64-unknown-linux-gnu,crypto-bigint,0.7.3,limb::add::tests::carrying_add_with_carry,full,success,0.10819249733333335,,,,
aarch64-unknown-linux-gnu,crypto-bigint,0.7.3,limb::add::tests::checked_add,full,success,0.10876284833333334,,,,
aarch64-unknown-linux-gnu,crypto-bigint,0.7.3,limb::add::tests::checked_add_ok,full,success,0.10895176766666666,,,,
aarch64-unknown-linux-gnu,crypto-bigint,0.7.3,limb::add::tests::checked_add_overflow,full,success,0.10902454466666667,,,,
aarch64-unknown-linux-gnu,crypto-bigint,0.7.3,limb::add::tests::overflowing_add_no_carry,full,success,0.10904892166666667,,,,
aarch64-unknown-linux-gnu,crypto-bigint,0.7.3,limb::add::tests::overflowing_add_with_carry,full,success,0.10907528533333334,,,,
aarch64-unknown-linux-gnu,crypto-bigint,0.7.3,limb::add::tests::saturating_add,full,success,0.10965347033333335,,,,
aarch64-unknown-linux-gnu,crypto-bigint,0.7.3,limb::add::tests::wrapping_add_no_carry,full,success,0.11034653100000001,,,,
aarch64-unknown-linux-gnu,crypto-bigint,0.7.3,limb::add::tests::wrapping_add_with_carry,full,success,0.109431652,,,,
aarch64-unknown-linux-gnu,crypto-bigint,0.7.3,limb::bit_xor::tests::bitxor,full,success,0.10909073733333334,,,,
aarch64-unknown-linux-gnu,crypto-bigint,0.7.3,limb::bit_xor::tests::bitxor_assign,full,success,0.10927411800000002,,,,
aarch64-unknown-linux-gnu,crypto-bigint,0.7.3,limb::bits::tests::bit,full,success,0.10912215933333334,,,,
aarch64-unknown-linux-gnu,crypto-bigint,0.7.3,limb::bits::tests::bit_vartime,full,success,0.10976910033333333,,,,
aarch64-unknown-linux-gnu,crypto-bigint,0.7.3,limb::bits::tests::leading_zeros,full,success,0.11078294833333335,,,,
aarch64-unknown-linux-gnu,crypto-bigint,0.7.3,limb::bits::tests::leading_zeros_vartime,full,success,0.11023672566666669,,,,
aarch64-unknown-linux-gnu,crypto-bigint,0.7.3,limb::bits::tests::set_bit,full,success,0.11002311466666666,,,,
aarch64-unknown-linux-gnu,crypto-bigint,0.7.3,limb::bits::tests::set_bit_vartime,full,success,0.11013006533333335,,,,
aarch64-unknown-linux-gnu,crypto-bigint,0.7.3,limb::bits::tests::trailing_ones,full,success,0.10933380733333335,,,,
aarch64-unknown-linux-gnu,crypto-bigint,0.7.3,limb::bits::tests::trailing_ones_vartime,full,success,0.110334888,,,,
aarch64-unknown-linux-gnu,crypto-bigint,0.7.3,limb::bits::tests::trailing_zeros,full,success,0.10970252600000001,,,,
aarch64-unknown-linux-gnu,crypto-bigint,0.7.3,limb::bits::tests::trailing_zeros_vartime,full,success,0.11119531500000002,,,,
aarch64-unknown-linux-gnu,crypto-bigint,0.7.3,limb::cmp::tests::cmp,full,success,0.10955023666666668,,,,
aarch64-unknown-linux-gnu,crypto-bigint,0.7.3,limb::cmp::tests::ct_conditional_swap,full,success,0.1100274,,,,
aarch64-unknown-linux-gnu,crypto-bigint,0.7.3,limb::cmp::tests::is_odd,full,success,0.109997482,,,,
aarch64-unknown-linux-gnu,crypto-bigint,0.7.3,limb::cmp::tests::is_zero,full,success,0.10981682866666669,,,,
aarch64-unknown-linux-gnu,crypto-bigint,0.7.3,limb::ct::tests::ct_eq,full,success,0.10928982666666669,,,,
aarch64-unknown-linux-gnu,crypto-bigint,0.7.3,limb::ct::tests::ct_gt,full,success,0.10980276066666668,,,,
aarch64-unknown-linux-gnu,crypto-bigint,0.7.3,limb::ct::tests::ct_lt,full,success,0.110397796,,,,
aarch64-unknown-linux-gnu,crypto-bigint,0.7.3,limb::div::tests::checked_div,full,success,0.11075926700000001,,,,
aarch64-unknown-linux-gnu,crypto-bigint,0.7.3,limb::div::tests::checked_rem,full,success,0.11302490733333333,,,,
aarch64-unknown-linux-gnu,crypto-bigint,0.7.3,limb::div::tests::div_assign_trait,full,success,0.11275555799999999,,,,
aarch64-unknown-linux-gnu,crypto-bigint,0.7.3,limb::div::tests::div_ref_zero,full,success,0.118374842,,,,
aarch64-unknown-linux-gnu,crypto-bigint,0.7.3,limb::div::tests::div_rem_ok,full,success,0.11260934700000001,,,,
aarch64-unknown-linux-gnu,crypto-bigint,0.7.3,limb::div::tests::div_trait,full,success,0.11270276833333333,,,,
aarch64-unknown-linux-gnu,crypto-bigint,0.7.3,limb::div::tests::div_zero,full,success,0.119282791,,,,
aarch64-unknown-linux-gnu,crypto-bigint,0.7.3,limb::div::tests::rem_assign_trait,full,success,0.11309197566666666,,,,
aarch64-unknown-linux-gnu,crypto-bigint,0.7.3,limb::div::tests::rem_ref_zero,full,success,0.11830407066666666,,,,
aarch64-unknown-linux-gnu,crypto-bigint,0.7.3,limb::div::tests::rem_trait,full,success,0.11240300800000001,,,,
aarch64-unknown-linux-gnu,crypto-bigint,0.7.3,limb::div::tests::rem_zero,full,success,0.11838106300000001,,,,
aarch64-unknown-linux-gnu,crypto-bigint,0.7.3,limb::encoding::test::reverse,full,success,0.11332036666666667,,,,
aarch64-unknown-linux-gnu,crypto-bigint,0.7.3,limb::encoding::test::roundtrip,full,success,0.11313416466666666,,,,
aarch64-unknown-linux-gnu,crypto-bigint,0.7.3,limb::gcd::tests::gcd_expected,full,success,0.135173929,,,,
aarch64-unknown-linux-gnu,crypto-bigint,0.7.3,limb::mul::tests::checked_mul_ok,full,success,0.11229831333333334,,,,
aarch64-unknown-linux-gnu,crypto-bigint,0.7.3,limb::mul::tests::checked_mul_overflow,full,success,0.111773821,,,,
aarch64-unknown-linux-gnu,crypto-bigint,0.7.3,limb::shl::tests::overflowing_shl,full,success,0.11255772933333334,,,,
aarch64-unknown-linux-gnu,crypto-bigint,0.7.3,limb::shl::tests::shl1,full,success,0.11141647266666667,,,,
aarch64-unknown-linux-gnu,crypto-bigint,0.7.3,limb::shl::tests::shl2,full,success,0.11162574200000001,,,,
aarch64-unknown-linux-gnu,crypto-bigint,0.7.3,limb::shl::tests::shl_assign1,full,success,0.11140405133333335,,,,
aarch64-unknown-linux-gnu,crypto-bigint,0.7.3,limb::shl::tests::shl_assign2,full,success,0.11152658266666667,,,,
aarch64-unknown-linux-gnu,crypto-bigint,0.7.3,limb::shl::tests::unbounded_shl,full,success,0.11255840100000002,,,,
aarch64-unknown-linux-gnu,crypto-bigint,0.7.3,limb::shl::tests::wrapping_shl,full,success,0.11165627566666668,,,,
aarch64-unknown-linux-gnu,crypto-bigint,0.7.3,limb::shr::tests::overflowing_shr,full,success,0.11116667133333334,,,,
aarch64-unknown-linux-gnu,crypto-bigint,0.7.3,limb::shr::tests::shr1,full,success,0.11233104933333334,,,,
aarch64-unknown-linux-gnu,crypto-bigint,0.7.3,limb::shr::tests::shr2,full,success,0.11179159766666667,,,,
aarch64-unknown-linux-gnu,crypto-bigint,0.7.3,limb::shr::tests::shr_assign1,full,success,0.11173722533333334,,,,
aarch64-unknown-linux-gnu,crypto-bigint,0.7.3,limb::shr::tests::shr_assign2,full,success,0.11233227600000001,,,,
aarch64-unknown-linux-gnu,crypto-bigint,0.7.3,limb::shr::tests::unbounded_shr,full,success,0.11227592800000001,,,,
aarch64-unknown-linux-gnu,crypto-bigint,0.7.3,limb::shr::tests::wrapping_shr,full,success,0.112469918,,,,
aarch64-unknown-linux-gnu,crypto-bigint,0.7.3,limb::sub::tests::borrowing_sub_no_borrow,full,success,0.11086340233333335,,,,
aarch64-unknown-linux-gnu,crypto-bigint,0.7.3,limb::sub::tests::borrowing_sub_with_borrow,full,success,0.11269720800000001,,,,
aarch64-unknown-linux-gnu,crypto-bigint,0.7.3,limb::sub::tests::checked_sub_ok,full,success,0.11170808866666666,,,,
aarch64-unknown-linux-gnu,crypto-bigint,0.7.3,limb::sub::tests::checked_sub_overflow,full,success,0.11041934966666667,,,,
aarch64-unknown-linux-gnu,crypto-bigint,0.7.3,limb::sub::tests::wrapping_sub_no_borrow,full,success,0.11171865300000001,,,,
aarch64-unknown-linux-gnu,crypto-bigint,0.7.3,limb::sub::tests::wrapping_sub_with_borrow,full,success,0.112255879,,,,
aarch64-unknown-linux-gnu,crypto-bigint,0.7.3,limb::tests::nlimbs_for_bits_macro,full,success,0.11139563866666669,,,,
aarch64-unknown-linux-gnu,crypto-bigint,0.7.3,limb::tests::test_unsigned,full,success,0.15234319733333335,,,,
aarch64-unknown-linux-gnu,crypto-bigint,0.7.3,modular::bingcd::compact::tests::test_compact,full,success,0.11134388466666667,,,,
aarch64-unknown-linux-gnu,crypto-bigint,0.7.3,modular::bingcd::compact::tests::test_compact_vartime,full,success,0.11266459200000001,,,,
aarch64-unknown-linux-gnu,crypto-bigint,0.7.3,modular::bingcd::div_mod_2k::tests::test_carrying_mul_add_limb,full,success,0.11295656566666668,,,,
aarch64-unknown-linux-gnu,crypto-bigint,0.7.3,modular::bingcd::div_mod_2k::tests::test_limb_bounded_div2k_mod_q,full,success,0.11162804600000002,,,,
aarch64-unknown-linux-gnu,crypto-bigint,0.7.3,modular::bingcd::div_mod_2k::tests::test_uint_bounded_div2k_mod_q,full,success,0.11328814766666667,,,,
aarch64-unknown-linux-gnu,crypto-bigint,0.7.3,modular::bingcd::extension::tests::bounded_shr,full,success,0.11139944866666666,,,,
aarch64-unknown-linux-gnu,crypto-bigint,0.7.3,modular::bingcd::extension::tests::test_from_product,full,success,0.11247401200000001,,,,
aarch64-unknown-linux-gnu,crypto-bigint,0.7.3,modular::bingcd::extension::tests::test_wrapping_sub,full,success,0.11179183233333334,,,,
aarch64-unknown-linux-gnu,crypto-bigint,0.7.3,modular::bingcd::matrix::tests::test_conditional_add_right_column_to_left,full,success,0.11320623800000001,,,,
aarch64-unknown-linux-gnu,crypto-bigint,0.7.3,modular::bingcd::matrix::tests::test_conditional_double,full,success,0.11330327466666668,,,,
aarch64-unknown-linux-gnu,crypto-bigint,0.7.3,modular::bingcd::matrix::tests::test_conditional_subtract_bottom_row_from_top,full,success,0.11358238033333334,,,,
aarch64-unknown-linux-gnu,crypto-bigint,0.7.3,modular::bingcd::matrix::tests::test_conditional_subtract_right_column_from_left,full,success,0.11377540000000001,,,,
aarch64-unknown-linux-gnu,crypto-bigint,0.7.3,modular::bingcd::matrix::tests::test_conditional_swap,full,success,0.11400411933333333,,,,
aarch64-unknown-linux-gnu,crypto-bigint,0.7.3,modular::bingcd::matrix::tests::test_swap,full,success,0.11311423333333336,,,,
aarch64-unknown-linux-gnu,crypto-bigint,0.7.3,modular::bingcd::matrix::tests::test_wrapping_apply_to,full,success,0.11312662466666668,,,,
aarch64-unknown-linux-gnu,crypto-bigint,0.7.3,modular::const_monty_form::add::tests::add_overflow,full,success,0.11160105533333335,,,,
aarch64-unknown-linux-gnu,crypto-bigint,0.7.3,modular::const_monty_form::invert::tests::test_self_inverse,full,success,0.15521513433333334,,,,
aarch64-unknown-linux-gnu,crypto-bigint,0.7.3,modular::const_monty_form::lincomb::tests::lincomb_expected,full,success,12.783493814333333,,,,
aarch64-unknown-linux-gnu,crypto-bigint,0.7.3,modular::const_monty_form::macros::tests::impl_modulus_with_valid_modulus,full,success,0.11014335600000001,,,,
aarch64-unknown-linux-gnu,crypto-bigint,0.7.3,modular::const_monty_form::macros::tests::new_params_with_valid_modulus,full,success,0.10957355066666667,,,,
aarch64-unknown-linux-gnu,crypto-bigint,0.7.3,modular::const_monty_form::mod_symbol::tests::jacobi_quad_nonresidue,full,success,0.361951057,,,,
aarch64-unknown-linux-gnu,crypto-bigint,0.7.3,modular::const_monty_form::mod_symbol::tests::jacobi_quad_residue,full,success,0.3601735016666667,,,,
aarch64-unknown-linux-gnu,crypto-bigint,0.7.3,modular::const_monty_form::mul::tests::test_mul_eq_add,full,success,0.10923506366666667,,,,
aarch64-unknown-linux-gnu,crypto-bigint,0.7.3,modular::const_monty_form::mul::tests::test_mul_one,full,success,0.10869924666666668,,,,
aarch64-unknown-linux-gnu,crypto-bigint,0.7.3,modular::const_monty_form::mul::tests::test_mul_zero,full,success,0.10962852566666666,,,,
aarch64-unknown-linux-gnu,crypto-bigint,0.7.3,modular::const_monty_form::mul::tests::test_square_eq_mul,full,success,0.10988597600000001,,,,
aarch64-unknown-linux-gnu,crypto-bigint,0.7.3,modular::const_monty_form::mul::tests::test_square_repeat,full,success,0.11029016433333334,,,,
aarch64-unknown-linux-gnu,crypto-bigint,0.7.3,modular::const_monty_form::neg::tests::test_negate,full,success,0.110099536,,,,
aarch64-unknown-linux-gnu,crypto-bigint,0.7.3,modular::const_monty_form::pow::tests::test_multi_exp_array,full,success,0.25101580833333337,,,,
aarch64-unknown-linux-gnu,crypto-bigint,0.7.3,modular::const_monty_form::pow::tests::test_powmod,full,success,0.1551567256666667,,,,
aarch64-unknown-linux-gnu,crypto-bigint,0.7.3,modular::const_monty_form::pow::tests::test_powmod_small_base,full,success,0.155346757,,,,
aarch64-unknown-linux-gnu,crypto-bigint,0.7.3,modular::const_monty_form::pow::tests::test_powmod_small_exponent,full,success,0.13974668866666667,,,,
aarch64-unknown-linux-gnu,crypto-bigint,0.7.3,modular::const_monty_form::pow::tests::test_powmod_zero,full,success,0.1395537596666667,,,,
aarch64-unknown-linux-gnu,crypto-bigint,0.7.3,modular::const_monty_form::sqrt::tests::check_sqrt,full,success,0.16085475933333335,,,,
aarch64-unknown-linux-gnu,crypto-bigint,0.7.3,modular::const_monty_form::sub::tests::sub_overflow,full,success,0.110616215,,,,
aarch64-unknown-linux-gnu,crypto-bigint,0.7.3,modular::fixed_monty_form::add::tests::add_overflow,full,success,0.11222835933333335,,,,
aarch64-unknown-linux-gnu,crypto-bigint,0.7.3,modular::fixed_monty_form::invert::tests::test_self_inverse,full,success,0.15713531866666666,,,,
aarch64-unknown-linux-gnu,crypto-bigint,0.7.3,modular::fixed_monty_form::lincomb::tests::lincomb_expected,full,success,26.401709927,,,,
aarch64-unknown-linux-gnu,crypto-bigint,0.7.3,modular::fixed_monty_form::mod_symbol::tests::jacobi_quad_nonresidue,full,success,0.36245521100000005,,,,
aarch64-unknown-linux-gnu,crypto-bigint,0.7.3,modular::fixed_monty_form::mod_symbol::tests::jacobi_quad_residue,full,success,0.36187192100000004,,,,
aarch64-unknown-linux-gnu,crypto-bigint,0.7.3,modular::fixed_monty_form::mul::tests::test_mul_eq_add,full,success,0.11124651033333334,,,,
aarch64-unknown-linux-gnu,crypto-bigint,0.7.3,modular::fixed_monty_form::mul::tests::test_mul_one,full,success,0.11060589033333335,,,,
aarch64-unknown-linux-gnu,crypto-bigint,0.7.3,modular::fixed_monty_form::mul::tests::test_mul_zero,full,success,0.11012136566666668,,,,
aarch64-unknown-linux-gnu,crypto-bigint,0.7.3,modular::fixed_monty_form::mul::tests::test_square_eq_mul,full,success,0.11064046433333334,,,,
aarch64-unknown-linux-gnu,crypto-bigint,0.7.3,modular::fixed_monty_form::mul::tests::test_square_repeat,full,success,0.114520717,,,,
aarch64-unknown-linux-gnu,crypto-bigint,0.7.3,modular::fixed_monty_form::pow::tests::test_multi_exp_array,full,success,0.3096636916666667,,,,
aarch64-unknown-linux-gnu,crypto-bigint,0.7.3,modular::fixed_monty_form::pow::tests::test_powmod,full,success,0.18445639733333338,,,,
aarch64-unknown-linux-gnu,crypto-bigint,0.7.3,modular::fixed_monty_form::pow::tests::test_powmod_small_base,full,success,0.18492210233333337,,,,
aarch64-unknown-linux-gnu,crypto-bigint,0.7.3,modular::fixed_monty_form::pow::tests::test_powmod_small_exponent,full,success,0.15457211133333335,,,,
aarch64-unknown-linux-gnu,crypto-bigint,0.7.3,modular::fixed_monty_form::pow::tests::test_powmod_zero,full,success,0.1531245516666667,,,,
aarch64-unknown-linux-gnu,crypto-bigint,0.7.3,modular::fixed_monty_form::sub::tests::sub_overflow,full,success,0.11219245300000001,,,,
aarch64-unknown-linux-gnu,crypto-bigint,0.7.3,modular::fixed_monty_form::tests::new_params_with_valid_modulus,full,success,0.111034114,,,,
aarch64-unknown-linux-gnu,crypto-bigint,0.7.3,modular::prime_params::tests::check_equality,full,success,0.11415949233333333,,,,
aarch64-unknown-linux-gnu,crypto-bigint,0.7.3,modular::prime_params::tests::check_expected,full,success,0.11115526599999999,,,,
aarch64-unknown-linux-gnu,crypto-bigint,0.7.3,modular::prime_params::tests::check_invalid_generator,full,success,0.11559739466666667,,,,
aarch64-unknown-linux-gnu,crypto-bigint,0.7.3,modular::prime_params::tests::check_non_prime,full,success,0.12735117633333334,,,,
aarch64-unknown-linux-gnu,crypto-bigint,0.7.3,modular::safegcd::tests::invert,full,success,0.13252024433333334,,,,
aarch64-unknown-linux-gnu,crypto-bigint,0.7.3,modular::safegcd::tests::shr_wide,full,success,0.11179309533333333,,,,
aarch64-unknown-linux-gnu,crypto-bigint,0.7.3,modular::sqrt::tests::mod_sqrt_s_1,full,success,0.18590337466666665,,,,
aarch64-unknown-linux-gnu,crypto-bigint,0.7.3,modular::sqrt::tests::mod_sqrt_s_2,full,success,0.23772969033333335,,,,
aarch64-unknown-linux-gnu,crypto-bigint,0.7.3,modular::sqrt::tests::mod_sqrt_s_3,full,success,0.6014529796666667,,,,
aarch64-unknown-linux-gnu,crypto-bigint,0.7.3,modular::sqrt::tests::mod_sqrt_s_4,full,success,0.24056151800000003,,,,
aarch64-unknown-linux-gnu,crypto-bigint,0.7.3,modular::sqrt::tests::mod_sqrt_s_6,full,success,0.254754565,,,,
aarch64-unknown-linux-gnu,crypto-bigint,0.7.3,modular::tests::monty_mul_one_r,full,success,0.11015975700000001,,,,
aarch64-unknown-linux-gnu,crypto-bigint,0.7.3,modular::tests::monty_mul_r2,full,success,0.110303671,,,,
aarch64-unknown-linux-gnu,crypto-bigint,0.7.3,modular::tests::monty_mul_r_r,full,success,0.11060374066666667,,,,
aarch64-unknown-linux-gnu,crypto-bigint,0.7.3,modular::tests::monty_mul_xr,full,success,0.110220934,,,,
aarch64-unknown-linux-gnu,crypto-bigint,0.7.3,modular::tests::monty_mul_xr2,full,success,0.11097137133333335,,,,
aarch64-unknown-linux-gnu,crypto-bigint,0.7.3,modular::tests::monty_square_r,full,success,0.10916901466666667,,,,
aarch64-unknown-linux-gnu,crypto-bigint,0.7.3,modular::tests::test_montgomery_params,full,success,0.10914543233333333,,,,
aarch64-unknown-linux-gnu,crypto-bigint,0.7.3,modular::tests::test_new_retrieve,full,success,0.10983691266666668,,,,
aarch64-unknown-linux-gnu,crypto-bigint,0.7.3,modular::tests::test_reducing_one,full,success,0.11002342633333334,,,,
aarch64-unknown-linux-gnu,crypto-bigint,0.7.3,modular::tests::test_reducing_r2,full,success,0.11051240433333333,,,,
aarch64-unknown-linux-gnu,crypto-bigint,0.7.3,modular::tests::test_reducing_r2_wide,full,success,0.11051100733333334,,,,
aarch64-unknown-linux-gnu,crypto-bigint,0.7.3,modular::tests::test_reducing_xr2_wide,full,success,0.112514581,,,,
aarch64-unknown-linux-gnu,crypto-bigint,0.7.3,modular::tests::test_reducing_xr_wide,full,success,0.11092813633333336,,,,
aarch64-unknown-linux-gnu,crypto-bigint,0.7.3,non_zero::tests::default,full,success,0.110936616,,,,
aarch64-unknown-linux-gnu,crypto-bigint,0.7.3,non_zero::tests::from_be_bytes,full,success,0.110344524,,,,
aarch64-unknown-linux-gnu,crypto-bigint,0.7.3,non_zero::tests::from_be_hex_when_nonzero,full,success,0.110921035,,,,
aarch64-unknown-linux-gnu,crypto-bigint,0.7.3,non_zero::tests::from_be_hex_when_zero,full,success,0.11596866533333335,,,,
aarch64-unknown-linux-gnu,crypto-bigint,0.7.3,non_zero::tests::from_le_bytes,full,success,0.11082927066666666,,,,
aarch64-unknown-linux-gnu,crypto-bigint,0.7.3,non_zero::tests::from_le_hex_when_nonzero,full,success,0.11115384,,,,
aarch64-unknown-linux-gnu,crypto-bigint,0.7.3,non_zero::tests::from_le_hex_when_zero,full,success,0.11572660333333334,,,,
aarch64-unknown-linux-gnu,crypto-bigint,0.7.3,non_zero::tests::int_abs_sign,full,success,0.110469451,,,,
aarch64-unknown-linux-gnu,crypto-bigint,0.7.3,non_zero::tests::one,full,success,0.11109314066666669,,,,
aarch64-unknown-linux-gnu,crypto-bigint,0.7.3,odd::tests::default,full,success,0.10974159700000001,,,,
aarch64-unknown-linux-gnu,crypto-bigint,0.7.3,odd::tests::from_be_hex_when_even,full,success,0.11592337166666666,,,,
aarch64-unknown-linux-gnu,crypto-bigint,0.7.3,odd::tests::from_be_hex_when_odd,full,success,0.11011556066666668,,,,
aarch64-unknown-linux-gnu,crypto-bigint,0.7.3,odd::tests::from_le_hex_when_even,full,success,0.115452398,,,,
aarch64-unknown-linux-gnu,crypto-bigint,0.7.3,odd::tests::from_le_hex_when_odd,full,success,0.11138991733333332,,,,
aarch64-unknown-linux-gnu,crypto-bigint,0.7.3,odd::tests::not_odd_numbers,full,success,0.111309856,,,,
aarch64-unknown-linux-gnu,crypto-bigint,0.7.3,primitives::tests::carrying_mul_add_cannot_overflow,full,success,0.11039110366666667,,,,
aarch64-unknown-linux-gnu,crypto-bigint,0.7.3,primitives::tests::test_u32_const_max,full,success,0.10955008033333334,,,,
aarch64-unknown-linux-gnu,crypto-bigint,0.7.3,primitives::tests::test_u32_const_min,full,success,0.111173899,,,,
aarch64-unknown-linux-gnu,crypto-bigint,0.7.3,primitives::tests::test_u32_const_rem,full,success,0.11093090800000001,,,,
aarch64-unknown-linux-gnu,crypto-bigint,0.7.3,uint::add::tests::carrying_add_no_carry,full,success,0.11009231366666668,,,,
aarch64-unknown-linux-gnu,crypto-bigint,0.7.3,uint::add::tests::carrying_add_with_carry,full,success,0.10933898933333334,,,,
aarch64-unknown-linux-gnu,crypto-bigint,0.7.3,uint::add::tests::checked_add_ok,full,success,0.11021762366666667,,,,
aarch64-unknown-linux-gnu,crypto-bigint,0.7.3,uint::add::tests::checked_add_overflow,full,success,0.11006564633333334,,,,
aarch64-unknown-linux-gnu,crypto-bigint,0.7.3,uint::add::tests::overflowing_add_limb,full,success,0.11148096366666667,,,,
aarch64-unknown-linux-gnu,crypto-bigint,0.7.3,uint::add::tests::saturating_add_no_carry,full,success,0.109599895,,,,
aarch64-unknown-linux-gnu,crypto-bigint,0.7.3,uint::add::tests::saturating_add_with_carry,full,success,0.11026139433333333,,,,
aarch64-unknown-linux-gnu,crypto-bigint,0.7.3,uint::add::tests::wrapping_add_no_carry,full,success,0.11006845666666666,,,,
aarch64-unknown-linux-gnu,crypto-bigint,0.7.3,uint::add::tests::wrapping_add_with_carry,full,success,0.11044063466666666,,,,
aarch64-unknown-linux-gnu,crypto-bigint,0.7.3,uint::add_mod::tests::add_mod_nist_p256,full,success,0.110077408,,,,
aarch64-unknown-linux-gnu,crypto-bigint,0.7.3,uint::add_mod::tests::add_mod_special,full,success,1.268161619,,,,
aarch64-unknown-linux-gnu,crypto-bigint,0.7.3,uint::add_mod::tests::double_mod_expected,full,success,0.11069084366666666,,,,
aarch64-unknown-linux-gnu,crypto-bigint,0.7.3,uint::bit_and::tests::checked_and_ok,full,success,0.11048105966666666,,,,
aarch64-unknown-linux-gnu,crypto-bigint,0.7.3,uint::bit_and::tests::overlapping_and_ok,full,success,0.10991985866666666,,,,
aarch64-unknown-linux-gnu,crypto-bigint,0.7.3,uint::bit_not::tests::bitnot_ok,full,success,0.11054398133333333,,,,
aarch64-unknown-linux-gnu,crypto-bigint,0.7.3,uint::bit_or::tests::checked_or_ok,full,success,0.11085686133333333,,,,
aarch64-unknown-linux-gnu,crypto-bigint,0.7.3,uint::bit_or::tests::overlapping_or_ok,full,success,0.11076342166666668,,,,
aarch64-unknown-linux-gnu,crypto-bigint,0.7.3,uint::bit_xor::tests::checked_xor_ok,full,success,0.11010473033333333,,,,
aarch64-unknown-linux-gnu,crypto-bigint,0.7.3,uint::bit_xor::tests::overlapping_xor_ok,full,success,0.11030999266666668,,,,
aarch64-unknown-linux-gnu,crypto-bigint,0.7.3,uint::bits::tests::bit,full,success,0.11036617600000002,,,,
aarch64-unknown-linux-gnu,crypto-bigint,0.7.3,uint::bits::tests::bit_vartime,full,success,0.11218970466666667,,,,
aarch64-unknown-linux-gnu,crypto-bigint,0.7.3,uint::bits::tests::leading_zeros,full,success,0.11071929866666667,,,,
aarch64-unknown-linux-gnu,crypto-bigint,0.7.3,uint::bits::tests::leading_zeros_vartime,full,success,0.11179609066666667,,,,
aarch64-unknown-linux-gnu,crypto-bigint,0.7.3,uint::bits::tests::set_bit,full,success,0.11266067633333333,,,,
aarch64-unknown-linux-gnu,crypto-bigint,0.7.3,uint::bits::tests::trailing_ones,full,success,0.11109110066666668,,,,
aarch64-unknown-linux-gnu,crypto-bigint,0.7.3,uint::bits::tests::trailing_ones_vartime,full,success,0.11149901766666666,,,,
aarch64-unknown-linux-gnu,crypto-bigint,0.7.3,uint::bits::tests::trailing_zeros,full,success,0.111921531,,,,
aarch64-unknown-linux-gnu,crypto-bigint,0.7.3,uint::bits::tests::trailing_zeros_vartime,full,success,0.11221884966666668,,,,
aarch64-unknown-linux-gnu,crypto-bigint,0.7.3,uint::cmp::tests::cmp,full,success,0.11125234,,,,
aarch64-unknown-linux-gnu,crypto-bigint,0.7.3,uint::cmp::tests::cmp_vartime,full,success,0.11112262433333335,,,,
aarch64-unknown-linux-gnu,crypto-bigint,0.7.3,uint::cmp::tests::conditional_swap,full,success,0.11137531333333334,,,,
aarch64-unknown-linux-gnu,crypto-bigint,0.7.3,uint::cmp::tests::is_odd,full,success,0.11136514066666665,,,,
aarch64-unknown-linux-gnu,crypto-bigint,0.7.3,uint::cmp::tests::is_zero,full,success,0.11095430900000001,,,,
aarch64-unknown-linux-gnu,crypto-bigint,0.7.3,uint::cmp::tests::lte,full,success,0.11067678433333335,,,,
aarch64-unknown-linux-gnu,crypto-bigint,0.7.3,uint::concat::tests::concat,full,success,0.11134165633333333,,,,
aarch64-unknown-linux-gnu,crypto-bigint,0.7.3,uint::concat::tests::concat_checked,full,success,0.11147207766666668,,,,
aarch64-unknown-linux-gnu,crypto-bigint,0.7.3,uint::concat::tests::concat_mixed,full,success,0.11150453733333333,,,,
aarch64-unknown-linux-gnu,crypto-bigint,0.7.3,uint::concat::tests::concat_resize_large,full,success,0.11170436533333335,,,,
aarch64-unknown-linux-gnu,crypto-bigint,0.7.3,uint::concat::tests::concat_resize_small,full,success,0.11112757566666669,,,,
aarch64-unknown-linux-gnu,crypto-bigint,0.7.3,uint::concat::tests::convert,full,success,0.11125338166666666,,,,
aarch64-unknown-linux-gnu,crypto-bigint,0.7.3,uint::concat::tests::infer_sizes,full,success,0.11080020933333334,,,,
aarch64-unknown-linux-gnu,crypto-bigint,0.7.3,uint::ct::tests::ct_eq,full,success,0.11143053633333334,,,,
aarch64-unknown-linux-gnu,crypto-bigint,0.7.3,uint::ct::tests::ct_gt,full,success,0.11114065266666667,,,,
aarch64-unknown-linux-gnu,crypto-bigint,0.7.3,uint::ct::tests::ct_lt,full,success,0.11115453966666668,,,,
aarch64-unknown-linux-gnu,crypto-bigint,0.7.3,uint::ct::tests::ct_select,full,success,0.11097263600000001,,,,
aarch64-unknown-linux-gnu,crypto-bigint,0.7.3,uint::div::tests::div,full,success,0.17108590733333337,,,,
aarch64-unknown-linux-gnu,crypto-bigint,0.7.3,uint::div::tests::div_assign_trait,full,success,0.11264852800000003,,,,
aarch64-unknown-linux-gnu,crypto-bigint,0.7.3,uint::div::tests::div_edge,full,success,0.11459619433333335,,,,
aarch64-unknown-linux-gnu,crypto-bigint,0.7.3,uint::div::tests::div_max,full,success,0.11131737700000001,,,,
aarch64-unknown-linux-gnu,crypto-bigint,0.7.3,uint::div::tests::div_one,full,success,0.11135855366666668,,,,
aarch64-unknown-linux-gnu,crypto-bigint,0.7.3,uint::div::tests::div_ref_zero,full,success,0.115813549,,,,
aarch64-unknown-linux-gnu,crypto-bigint,0.7.3,uint::div::tests::div_rem_larger_denominator,full,success,0.11225912433333335,,,,
aarch64-unknown-linux-gnu,crypto-bigint,0.7.3,uint::div::tests::div_rem_larger_numerator,full,success,0.11345708300000001,,,,
aarch64-unknown-linux-gnu,crypto-bigint,0.7.3,uint::div::tests::div_trait,full,success,0.11461569466666667,,,,
aarch64-unknown-linux-gnu,crypto-bigint,0.7.3,uint::div::tests::div_vartime_through_traits,full,success,0.11175272700000001,,,,
aarch64-unknown-linux-gnu,crypto-bigint,0.7.3,uint::div::tests::div_word,full,success,0.12273158900000002,,,,
aarch64-unknown-linux-gnu,crypto-bigint,0.7.3,uint::div::tests::div_zero,full,success,0.11601727066666667,,,,
aarch64-unknown-linux-gnu,crypto-bigint,0.7.3,uint::div::tests::reduce_max,full,success,0.11050083833333334,,,,
aarch64-unknown-linux-gnu,crypto-bigint,0.7.3,uint::div::tests::reduce_one,full,success,0.109636044,,,,
aarch64-unknown-linux-gnu,crypto-bigint,0.7.3,uint::div::tests::reduce_tests,full,success,0.11565078566666669,,,,
aarch64-unknown-linux-gnu,crypto-bigint,0.7.3,uint::div::tests::reduce_tests_wide_zero_padded,full,success,0.11520056133333334,,,,
aarch64-unknown-linux-gnu,crypto-bigint,0.7.3,uint::div::tests::rem2krand,full,success,0.13629129433333334,,,,
aarch64-unknown-linux-gnu,crypto-bigint,0.7.3,uint::div::tests::rem_assign_trait,full,success,0.11263162533333333,,,,
aarch64-unknown-linux-gnu,crypto-bigint,0.7.3,uint::div::tests::rem_mixed,full,success,0.11500013766666667,,,,
aarch64-unknown-linux-gnu,crypto-bigint,0.7.3,uint::div::tests::rem_mixed_even,full,success,0.11487591366666668,,,,
aarch64-unknown-linux-gnu,crypto-bigint,0.7.3,uint::div::tests::rem_mixed_through_traits,full,success,0.11204651700000001,,,,
aarch64-unknown-linux-gnu,crypto-bigint,0.7.3,uint::div::tests::rem_ref_zero,full,success,0.11608576266666669,,,,
aarch64-unknown-linux-gnu,crypto-bigint,0.7.3,uint::div::tests::rem_trait,full,success,0.11413587033333333,,,,
aarch64-unknown-linux-gnu,crypto-bigint,0.7.3,uint::div::tests::rem_wide_corner_case,full,success,0.11152802066666667,,,,
aarch64-unknown-linux-gnu,crypto-bigint,0.7.3,uint::div::tests::rem_zero,full,success,0.11610213533333334,,,,
aarch64-unknown-linux-gnu,crypto-bigint,0.7.3,uint::div_limb::tests::div2by1_overflow,full,success,0.11035529666666667,,,,
aarch64-unknown-linux-gnu,crypto-bigint,0.7.3,uint::encoding::tests::encode_be_hex,full,success,0.109778078,,,,
aarch64-unknown-linux-gnu,crypto-bigint,0.7.3,uint::encoding::tests::from_be_hex,full,success,0.10947653666666668,,,,
aarch64-unknown-linux-gnu,crypto-bigint,0.7.3,uint::encoding::tests::from_be_slice,full,success,0.11071632533333332,,,,
aarch64-unknown-linux-gnu,crypto-bigint,0.7.3,uint::encoding::tests::from_le_hex,full,success,0.10944132033333336,,,,
aarch64-unknown-linux-gnu,crypto-bigint,0.7.3,uint::encoding::tests::from_le_slice,full,success,0.109655974,,,,
aarch64-unknown-linux-gnu,crypto-bigint,0.7.3,uint::encoding::tests::from_str_radix_10,full,success,0.11157921700000001,,,,
aarch64-unknown-linux-gnu,crypto-bigint,0.7.3,uint::encoding::tests::from_str_radix_2,full,success,0.37040391666666667,,,,
aarch64-unknown-linux-gnu,crypto-bigint,0.7.3,uint::encoding::tests::from_str_radix_5,full,success,0.14732681700000003,,,,
aarch64-unknown-linux-gnu,crypto-bigint,0.7.3,uint::encoding::tests::from_str_radix_disallowed,full,success,0.111131145,,,,
aarch64-unknown-linux-gnu,crypto-bigint,0.7.3,uint::encoding::tests::infer_sizes,full,success,0.10954293633333334,,,,
aarch64-unknown-linux-gnu,crypto-bigint,0.7.3,uint::from::tests::array_round_trip,full,success,0.11114071800000001,,,,
aarch64-unknown-linux-gnu,crypto-bigint,0.7.3,uint::from::tests::concat_mixed,full,success,0.11110992766666668,,,,
aarch64-unknown-linux-gnu,crypto-bigint,0.7.3,uint::from::tests::from_u128,full,success,0.11014575733333333,,,,
aarch64-unknown-linux-gnu,crypto-bigint,0.7.3,uint::from::tests::from_u16,full,success,0.10957282000000002,,,,
aarch64-unknown-linux-gnu,crypto-bigint,0.7.3,uint::from::tests::from_u64,full,success,0.109633859,,,,
aarch64-unknown-linux-gnu,crypto-bigint,0.7.3,uint::from::tests::from_u8,full,success,0.11060204733333334,,,,
aarch64-unknown-linux-gnu,crypto-bigint,0.7.3,uint::from::tests::split_mixed,full,success,0.11056407166666667,,,,
aarch64-unknown-linux-gnu,crypto-bigint,0.7.3,uint::invert_mod::tests::invert_mod2k,full,success,0.11754726,,,,
aarch64-unknown-linux-gnu,crypto-bigint,0.7.3,uint::invert_mod::tests::invert_mod_precision,full,success,0.12945668666666665,,,,
aarch64-unknown-linux-gnu,crypto-bigint,0.7.3,uint::invert_mod::tests::test_invert_edge,full,success,0.21990626466666666,,,,
aarch64-unknown-linux-gnu,crypto-bigint,0.7.3,uint::invert_mod::tests::test_invert_even,full,success,0.275850931,,,,
aarch64-unknown-linux-gnu,crypto-bigint,0.7.3,uint::invert_mod::tests::test_invert_odd,full,success,0.4299243933333334,,,,
aarch64-unknown-linux-gnu,crypto-bigint,0.7.3,uint::invert_mod::tests::test_invert_odd_no_inverse,full,success,0.1334315766666667,,,,
aarch64-unknown-linux-gnu,crypto-bigint,0.7.3,uint::invert_mod::tests::test_invert_small,full,success,0.11650195566666667,,,,
aarch64-unknown-linux-gnu,crypto-bigint,0.7.3,uint::invert_mod::tests::test_no_inverse_small,full,success,0.11667520933333335,,,,
aarch64-unknown-linux-gnu,crypto-bigint,0.7.3,uint::lcm::tests::lcm::lcm_sizes,full,success,0.5546787270000001,,,,
aarch64-unknown-linux-gnu,crypto-bigint,0.7.3,uint::mod_symbol::tests::jacobi_non_coprime,full,success,0.34941893900000004,,,,
aarch64-unknown-linux-gnu,crypto-bigint,0.7.3,uint::mod_symbol::tests::jacobi_non_quad_residue,full,success,0.3463012046666667,,,,
aarch64-unknown-linux-gnu,crypto-bigint,0.7.3,uint::mod_symbol::tests::jacobi_one,full,success,0.34559910833333335,,,,
aarch64-unknown-linux-gnu,crypto-bigint,0.7.3,uint::mod_symbol::tests::jacobi_quad_residue,full,success,0.3476441606666667,,,,
aarch64-unknown-linux-gnu,crypto-bigint,0.7.3,uint::mod_symbol::tests::jacobi_zero,full,success,0.34489905466666676,,,,
aarch64-unknown-linux-gnu,crypto-bigint,0.7.3,uint::mul::karatsuba::tests::wrapping_mul_sizes,full,success,0.6770716236666666,,,,
aarch64-unknown-linux-gnu,crypto-bigint,0.7.3,uint::mul::karatsuba::tests::wrapping_square_sizes,full,success,0.5805132193333333,,,,
aarch64-unknown-linux-gnu,crypto-bigint,0.7.3,uint::mul::tests::checked_mul_ok,full,success,0.11039190900000001,,,,
aarch64-unknown-linux-gnu,crypto-bigint,0.7.3,uint::mul::tests::checked_mul_overflow,full,success,0.110485719,,,,
aarch64-unknown-linux-gnu,crypto-bigint,0.7.3,uint::mul::tests::checked_mul_sizes,full,success,4.777038584333333,,,,
aarch64-unknown-linux-gnu,crypto-bigint,0.7.3,uint::mul::tests::checked_square,full,success,0.10981642233333333,,,,
aarch64-unknown-linux-gnu,crypto-bigint,0.7.3,uint::mul::tests::checked_square_sizes,full,success,0.21105840100000003,,,,
aarch64-unknown-linux-gnu,crypto-bigint,0.7.3,uint::mul::tests::concatenating_square,full,success,0.11042954066666667,,,,
aarch64-unknown-linux-gnu,crypto-bigint,0.7.3,uint::mul::tests::concatenating_square_larger,full,success,0.11059435299999999,,,,
aarch64-unknown-linux-gnu,crypto-bigint,0.7.3,uint::mul::tests::mul_cmp,full,success,1.1566494736666668,,,,
aarch64-unknown-linux-gnu,crypto-bigint,0.7.3,uint::mul::tests::mul_concat_even,full,success,0.11121818433333334,,,,
aarch64-unknown-linux-gnu,crypto-bigint,0.7.3,uint::mul::tests::mul_concat_mixed,full,success,0.11062062100000002,,,,
aarch64-unknown-linux-gnu,crypto-bigint,0.7.3,uint::mul::tests::overflowing_mul_limb,full,success,0.110519115,,,,
aarch64-unknown-linux-gnu,crypto-bigint,0.7.3,uint::mul::tests::saturating_mul_no_overflow,full,success,0.10924152366666667,,,,
aarch64-unknown-linux-gnu,crypto-bigint,0.7.3,uint::mul::tests::saturating_mul_overflow,full,success,0.10917102900000002,,,,
aarch64-unknown-linux-gnu,crypto-bigint,0.7.3,uint::mul::tests::saturating_square,full,success,0.10966834000000002,,,,
aarch64-unknown-linux-gnu,crypto-bigint,0.7.3,uint::mul::tests::widening_mul_lo_only,full,success,0.11651972733333334,,,,
aarch64-unknown-linux-gnu,crypto-bigint,0.7.3,uint::mul::tests::widening_mul_zero_and_one,full,success,0.11028940933333335,,,,
aarch64-unknown-linux-gnu,crypto-bigint,0.7.3,uint::mul::tests::wrapping_mul_even,full,success,0.11007833933333333,,,,
aarch64-unknown-linux-gnu,crypto-bigint,0.7.3,uint::mul::tests::wrapping_mul_mixed,full,success,0.11003981133333333,,,,
aarch64-unknown-linux-gnu,crypto-bigint,0.7.3,uint::mul::tests::wrapping_square,full,success,0.10990428366666667,,,,
aarch64-unknown-linux-gnu,crypto-bigint,0.7.3,uint::mul_mod::tests::mul_mod_special,full,success,0.23478247100000002,,,,
aarch64-unknown-linux-gnu,crypto-bigint,0.7.3,uint::mul_signed::tests::checked_mul_signed,full,success,0.11061852566666668,,,,
aarch64-unknown-linux-gnu,crypto-bigint,0.7.3,uint::mul_signed::tests::concatenating_mul_signed,full,success,0.11067678633333333,,,,
aarch64-unknown-linux-gnu,crypto-bigint,0.7.3,uint::mul_signed::tests::widening_mul_signed,full,success,0.11018739133333333,,,,
aarch64-unknown-linux-gnu,crypto-bigint,0.7.3,uint::neg::tests::carrying_neg,full,success,0.10916379833333334,,,,
aarch64-unknown-linux-gnu,crypto-bigint,0.7.3,uint::neg::tests::wrapping_neg,full,success,0.10992454633333333,,,,
aarch64-unknown-linux-gnu,crypto-bigint,0.7.3,uint::neg::tests::wrapping_neg_if,full,success,0.11014522866666666,,,,
aarch64-unknown-linux-gnu,crypto-bigint,0.7.3,uint::neg_mod::tests::neg_mod_random,full,success,0.10999494733333333,,,,
aarch64-unknown-linux-gnu,crypto-bigint,0.7.3,uint::neg_mod::tests::neg_mod_zero,full,success,0.11052368900000002,,,,
aarch64-unknown-linux-gnu,crypto-bigint,0.7.3,uint::pow::tests::checked_pow_expected,full,success,0.7207562103333333,,,,
aarch64-unknown-linux-gnu,crypto-bigint,0.7.3,uint::pow::tests::saturating_pow_expected,full,success,0.4373980163333333,,,,
aarch64-unknown-linux-gnu,crypto-bigint,0.7.3,uint::pow::tests::wrapping_pow_expected,full,success,0.6522659803333335,,,,
aarch64-unknown-linux-gnu,crypto-bigint,0.7.3,uint::rand::tests::random_bits,full,success,0.16290486366666668,,,,
aarch64-unknown-linux-gnu,crypto-bigint,0.7.3,uint::rand::tests::random_bits_4_bytes_sequential,full,success,0.163853581,,,,
aarch64-unknown-linux-gnu,crypto-bigint,0.7.3,uint::rand::tests::random_bits_platform_independence,full,success,0.11768412466666667,,,,
aarch64-unknown-linux-gnu,crypto-bigint,0.7.3,uint::rand::tests::random_mod_vartime,full,success,0.11584320933333332,,,,
aarch64-unknown-linux-gnu,crypto-bigint,0.7.3,uint::rand::tests::random_mod_vartime_platform_independence,full,success,0.12040561533333334,,,,
aarch64-unknown-linux-gnu,crypto-bigint,0.7.3,uint::rand::tests::random_platform_independence,full,success,0.11309072900000001,,,,
aarch64-unknown-linux-gnu,crypto-bigint,0.7.3,uint::ref_type::cmp::tests::cmp,full,success,0.110558504,,,,
aarch64-unknown-linux-gnu,crypto-bigint,0.7.3,uint::ref_type::cmp::tests::lt,full,success,0.10925460333333332,,,,
aarch64-unknown-linux-gnu,crypto-bigint,0.7.3,uint::ref_type::ct::tests::ct_eq,full,success,0.11006480166666667,,,,
aarch64-unknown-linux-gnu,crypto-bigint,0.7.3,uint::ref_type::ct::tests::ct_lt,full,success,0.10977304666666667,,,,
aarch64-unknown-linux-gnu,crypto-bigint,0.7.3,uint::ref_type::invert_mod::tests::invert_mod_u64,full,success,0.109025068,,,,
aarch64-unknown-linux-gnu,crypto-bigint,0.7.3,uint::ref_type::shl::tests::compare_shl_assign,full,success,0.175365399,,,,
aarch64-unknown-linux-gnu,crypto-bigint,0.7.3,uint::ref_type::shl::tests::shl1_assign,full,success,0.109649616,,,,
aarch64-unknown-linux-gnu,crypto-bigint,0.7.3,uint::ref_type::shl::tests::shl256,full,success,0.10983702066666667,,,,
aarch64-unknown-linux-gnu,crypto-bigint,0.7.3,uint::ref_type::shl::tests::shl_assign_limb,full,success,0.11033168833333334,,,,
aarch64-unknown-linux-gnu,crypto-bigint,0.7.3,uint::ref_type::shl::tests::unbounded_shl_by_limbs_vartime,full,success,0.11065097033333333,,,,
aarch64-unknown-linux-gnu,crypto-bigint,0.7.3,uint::ref_type::shr::tests::compare_shr_assign,full,success,0.18148054400000002,,,,
aarch64-unknown-linux-gnu,crypto-bigint,0.7.3,uint::ref_type::shr::tests::shr1_assign,full,success,0.110136782,,,,
aarch64-unknown-linux-gnu,crypto-bigint,0.7.3,uint::ref_type::shr::tests::shr256,full,success,0.10977861366666668,,,,
aarch64-unknown-linux-gnu,crypto-bigint,0.7.3,uint::ref_type::shr::tests::shr_assign_limb,full,success,0.10933986666666666,,,,
aarch64-unknown-linux-gnu,crypto-bigint,0.7.3,uint::ref_type::shr::tests::unbounded_shr_by_limbs_vartime,full,success,0.10863811699999999,,,,
aarch64-unknown-linux-gnu,crypto-bigint,0.7.3,uint::resize::tests::resize_larger,full,success,0.10936822733333333,,,,
aarch64-unknown-linux-gnu,crypto-bigint,0.7.3,uint::resize::tests::resize_smaller,full,success,0.10957294066666667,,,,
aarch64-unknown-linux-gnu,crypto-bigint,0.7.3,uint::root::tests::floor_root_vartime_expected,full,success,0.115424971,,,,
aarch64-unknown-linux-gnu,crypto-bigint,0.7.3,uint::root::tests::fuzz,full,success,2.0200475106666667,,,,
aarch64-unknown-linux-gnu,crypto-bigint,0.7.3,uint::shl::tests::overflowing_shl,full,success,0.11034122533333335,,,,
aarch64-unknown-linux-gnu,crypto-bigint,0.7.3,uint::shl::tests::shl1,full,success,0.111322889,,,,
aarch64-unknown-linux-gnu,crypto-bigint,0.7.3,uint::shl::tests::shl2,full,success,0.10925185100000001,,,,
aarch64-unknown-linux-gnu,crypto-bigint,0.7.3,uint::shl::tests::shl64,full,success,0.10927771933333334,,,,
aarch64-unknown-linux-gnu,crypto-bigint,0.7.3,uint::shl::tests::shl65,full,success,0.108618852,,,,
aarch64-unknown-linux-gnu,crypto-bigint,0.7.3,uint::shl::tests::shl88,full,success,0.10971255133333334,,,,
aarch64-unknown-linux-gnu,crypto-bigint,0.7.3,uint::shl::tests::shl_bounds,full,success,0.11020809233333334,,,,
aarch64-unknown-linux-gnu,crypto-bigint,0.7.3,uint::shl::tests::shl_bounds_panic,full,success,0.115206578,,,,
aarch64-unknown-linux-gnu,crypto-bigint,0.7.3,uint::shl::tests::shl_by_limbs,full,success,0.11017295033333334,,,,
aarch64-unknown-linux-gnu,crypto-bigint,0.7.3,uint::shl::tests::shl_limb,full,success,0.11043920333333335,,,,
aarch64-unknown-linux-gnu,crypto-bigint,0.7.3,uint::shl::tests::shl_simple,full,success,0.10995676133333336,,,,
aarch64-unknown-linux-gnu,crypto-bigint,0.7.3,uint::shl::tests::shl_wide_1_1_128,full,success,0.11035209766666666,,,,
aarch64-unknown-linux-gnu,crypto-bigint,0.7.3,uint::shl::tests::shl_wide_max_0_1,full,success,0.11004242366666667,,,,
aarch64-unknown-linux-gnu,crypto-bigint,0.7.3,uint::shl::tests::shl_wide_max_max_256,full,success,0.10870085066666668,,,,
aarch64-unknown-linux-gnu,crypto-bigint,0.7.3,uint::shl::tests::unbounded_shl,full,success,0.109441678,,,,
aarch64-unknown-linux-gnu,crypto-bigint,0.7.3,uint::shl::tests::wrapping_shl,full,success,0.11014050000000002,,,,
aarch64-unknown-linux-gnu,crypto-bigint,0.7.3,uint::shr::tests::overflowing_shr,full,success,0.11080612933333334,,,,
aarch64-unknown-linux-gnu,crypto-bigint,0.7.3,uint::shr::tests::shr1,full,success,0.11051400300000001,,,,
aarch64-unknown-linux-gnu,crypto-bigint,0.7.3,uint::shr::tests::shr_bounds,full,success,0.11033354766666668,,,,
aarch64-unknown-linux-gnu,crypto-bigint,0.7.3,uint::shr::tests::shr_bounds_panic,full,success,0.11537614533333335,,,,
aarch64-unknown-linux-gnu,crypto-bigint,0.7.3,uint::shr::tests::shr_by_limbs,full,success,0.10998170733333335,,,,
aarch64-unknown-linux-gnu,crypto-bigint,0.7.3,uint::shr::tests::shr_limb_with_carry,full,success,0.10993092866666666,,,,
aarch64-unknown-linux-gnu,crypto-bigint,0.7.3,uint::shr::tests::shr_limb_with_carry_shift_too_large,full,success,0.11520572600000001,,,,
aarch64-unknown-linux-gnu,crypto-bigint,0.7.3,uint::shr::tests::shr_wide_0_max_1,full,success,0.10969607600000002,,,,
aarch64-unknown-linux-gnu,crypto-bigint,0.7.3,uint::shr::tests::shr_wide_1_1_128,full,success,0.109529798,,,,
aarch64-unknown-linux-gnu,crypto-bigint,0.7.3,uint::shr::tests::shr_wide_max_max_256,full,success,0.10906537033333334,,,,
aarch64-unknown-linux-gnu,crypto-bigint,0.7.3,uint::shr::tests::unbounded_shr,full,success,0.11043517833333334,,,,
aarch64-unknown-linux-gnu,crypto-bigint,0.7.3,uint::shr::tests::wrapping_shr,full,success,0.11004512166666668,,,,
aarch64-unknown-linux-gnu,crypto-bigint,0.7.3,uint::split::tests::infer_sizes,full,success,0.11075643333333333,,,,
aarch64-unknown-linux-gnu,crypto-bigint,0.7.3,uint::split::tests::split,full,success,0.10954741000000001,,,,
aarch64-unknown-linux-gnu,crypto-bigint,0.7.3,uint::split::tests::split_checked,full,success,0.10991552666666667,,,,
aarch64-unknown-linux-gnu,crypto-bigint,0.7.3,uint::split::tests::split_resize_large,full,success,0.10874973,,,,
aarch64-unknown-linux-gnu,crypto-bigint,0.7.3,uint::split::tests::split_resize_small,full,success,0.10903329433333335,,,,
aarch64-unknown-linux-gnu,crypto-bigint,0.7.3,uint::sqrt::tests::edge,full,success,0.13468630900000003,,,,
aarch64-unknown-linux-gnu,crypto-bigint,0.7.3,uint::sqrt::tests::edge_vartime,full,success,0.11040700633333334,,,,
aarch64-unknown-linux-gnu,crypto-bigint,0.7.3,uint::sqrt::tests::fuzz,full,success,1.6991031796666667,,,,
aarch64-unknown-linux-gnu,crypto-bigint,0.7.3,uint::sqrt::tests::nonsquares,full,success,0.1455461346666667,,,,
aarch64-unknown-linux-gnu,crypto-bigint,0.7.3,uint::sqrt::tests::nonsquares_vartime,full,success,0.11130781133333334,,,,
aarch64-unknown-linux-gnu,crypto-bigint,0.7.3,uint::sqrt::tests::simple,full,success,0.20932630700000002,,,,
aarch64-unknown-linux-gnu,crypto-bigint,0.7.3,uint::sub::tests::borrowing_sub_no_borrow,full,success,0.11052751933333334,,,,
aarch64-unknown-linux-gnu,crypto-bigint,0.7.3,uint::sub::tests::borrowing_sub_with_borrow,full,success,0.10935262233333336,,,,
aarch64-unknown-linux-gnu,crypto-bigint,0.7.3,uint::sub::tests::checked_sub_ok,full,success,0.10927823466666668,,,,
aarch64-unknown-linux-gnu,crypto-bigint,0.7.3,uint::sub::tests::checked_sub_overflow,full,success,0.10904748333333335,,,,
aarch64-unknown-linux-gnu,crypto-bigint,0.7.3,uint::sub::tests::conditional_borrowing_sub_borrow,full,success,0.10992504400000001,,,,
aarch64-unknown-linux-gnu,crypto-bigint,0.7.3,uint::sub::tests::conditional_borrowing_sub_no_borrow,full,success,0.11024339500000001,,,,
aarch64-unknown-linux-gnu,crypto-bigint,0.7.3,uint::sub::tests::conditional_borrowing_sub_no_sub,full,success,0.11001901433333335,,,,
aarch64-unknown-linux-gnu,crypto-bigint,0.7.3,uint::sub::tests::saturating_sub_no_borrow,full,success,0.10918394333333335,,,,
aarch64-unknown-linux-gnu,crypto-bigint,0.7.3,uint::sub::tests::saturating_sub_with_borrow,full,success,0.10954666,,,,
aarch64-unknown-linux-gnu,crypto-bigint,0.7.3,uint::sub::tests::wrapping_sub_no_borrow,full,success,0.10903753066666666,,,,
aarch64-unknown-linux-gnu,crypto-bigint,0.7.3,uint::sub::tests::wrapping_sub_with_borrow,full,success,0.10912063233333334,,,,
aarch64-unknown-linux-gnu,crypto-bigint,0.7.3,uint::sub_mod::tests::sub_mod,full,success,1.7226517936666668,,,,
aarch64-unknown-linux-gnu,crypto-bigint,0.7.3,uint::sub_mod::tests::sub_mod_nist_p256,full,success,0.111533117,,,,
aarch64-unknown-linux-gnu,crypto-bigint,0.7.3,uint::sub_mod::tests::sub_mod_special,full,success,1.2416443363333334,,,,
aarch64-unknown-linux-gnu,crypto-bigint,0.7.3,uint::tests::as_int,full,success,0.11043245766666666,,,,
aarch64-unknown-linux-gnu,crypto-bigint,0.7.3,uint::tests::as_words,full,success,0.11003298833333335,,,,
aarch64-unknown-linux-gnu,crypto-bigint,0.7.3,uint::tests::as_words_mut,full,success,0.10966261566666667,,,,
aarch64-unknown-linux-gnu,crypto-bigint,0.7.3,uint::tests::from_bytes,full,success,0.11141961166666668,,,,
aarch64-unknown-linux-gnu,crypto-bigint,0.7.3,uint::tests::test_unsigned,full,success,0.202010378,,,,
aarch64-unknown-linux-gnu,crypto-bigint,0.7.3,uint::tests::test_unsigned_monty_form,full,success,0.17283382133333336,,,,
aarch64-unknown-linux-gnu,crypto-bigint,0.7.3,uint::tests::to_int,full,success,0.10982430800000002,,,,
aarch64-unknown-linux-gnu,crypto-bigint,0.7.3,word::tests::choice_from_gt,full,success,0.108973948,,,,
aarch64-unknown-linux-gnu,crypto-bigint,0.7.3,word::tests::choice_from_lt,full,success,0.10974654700000001,,,,
aarch64-unknown-linux-gnu,crypto-bigint,0.7.3,word::tests::choice_from_wide_le,full,success,0.10927231133333333,,,,
aarch64-unknown-linux-gnu,crypto-bigint,0.7.3,word::tests::select,full,success,0.10939120066666669,,,,
aarch64-unknown-linux-gnu,crypto-bigint,0.7.3,word::tests::select_wide,full,success,0.10921564833333335,,,,
aarch64-unknown-linux-gnu,crypto-bigint,0.7.3,wrapping::tests::wrapping_add,full,success,0.11062156100000002,,,,
aarch64-unknown-linux-gnu,crypto-bigint,0.7.3,wrapping::tests::wrapping_bitand,full,success,0.110599611,,,,
aarch64-unknown-linux-gnu,crypto-bigint,0.7.3,wrapping::tests::wrapping_bitnot,full,success,0.109730932,,,,
aarch64-unknown-linux-gnu,crypto-bigint,0.7.3,wrapping::tests::wrapping_bitor,full,success,0.11043445233333334,,,,
aarch64-unknown-linux-gnu,crypto-bigint,0.7.3,wrapping::tests::wrapping_bitxor,full,success,0.11092628633333335,,,,
aarch64-unknown-linux-gnu,crypto-bigint,0.7.3,wrapping::tests::wrapping_eq_select,full,success,0.10958093566666667,,,,
aarch64-unknown-linux-gnu,crypto-bigint,0.7.3,wrapping::tests::wrapping_mul,full,success,0.11045063533333334,,,,
aarch64-unknown-linux-gnu,crypto-bigint,0.7.3,wrapping::tests::wrapping_neg,full,success,0.11036875000000002,,,,
aarch64-unknown-linux-gnu,crypto-bigint,0.7.3,wrapping::tests::wrapping_new,full,success,0.10925203966666668,,,,
aarch64-unknown-linux-gnu,crypto-bigint,0.7.3,wrapping::tests::wrapping_shift,full,success,0.10953783866666666,,,,
aarch64-unknown-linux-gnu,crypto-bigint,0.7.3,wrapping::tests::wrapping_sub,full,success,0.11025898233333332,,,,
aarch64-unknown-linux-gnu,csv,1.4.0,byte_record::tests::empty_field_1,full,success,0.10841215566666668,,,,
aarch64-unknown-linux-gnu,csv,1.4.0,byte_record::tests::empty_field_2,full,success,0.10863277500000001,,,,
aarch64-unknown-linux-gnu,csv,1.4.0,byte_record::tests::empty_record,full,success,0.106700283,,,,
aarch64-unknown-linux-gnu,csv,1.4.0,byte_record::tests::empty_surround_1,full,success,0.10857397500000003,,,,
aarch64-unknown-linux-gnu,csv,1.4.0,byte_record::tests::empty_surround_2,full,success,0.10956700500000001,,,,
aarch64-unknown-linux-gnu,csv,1.4.0,byte_record::tests::eq_field_boundaries,full,success,0.10945818866666668,,,,
aarch64-unknown-linux-gnu,csv,1.4.0,byte_record::tests::eq_record_len,full,success,0.11033417666666667,,,,
aarch64-unknown-linux-gnu,csv,1.4.0,byte_record::tests::iter,full,success,0.11214849933333333,,,,
aarch64-unknown-linux-gnu,csv,1.4.0,byte_record::tests::iter_forward_and_reverse,full,success,0.11116234633333334,,,,
aarch64-unknown-linux-gnu,csv,1.4.0,byte_record::tests::iter_reverse,full,success,0.11298962733333334,,,,
aarch64-unknown-linux-gnu,csv,1.4.0,byte_record::tests::record_1,full,success,0.10794982566666667,,,,
aarch64-unknown-linux-gnu,csv,1.4.0,byte_record::tests::record_2,full,success,0.10827086833333334,,,,
aarch64-unknown-linux-gnu,csv,1.4.0,byte_record::tests::trim_back,full,success,0.11207777200000002,,,,
aarch64-unknown-linux-gnu,csv,1.4.0,byte_record::tests::trim_both,full,success,0.11144139233333333,,,,
aarch64-unknown-linux-gnu,csv,1.4.0,byte_record::tests::trim_does_not_panic_on_empty_records_1,full,success,0.10729424233333335,,,,
aarch64-unknown-linux-gnu,csv,1.4.0,byte_record::tests::trim_does_not_panic_on_empty_records_2,full,success,0.10844888333333334,,,,
aarch64-unknown-linux-gnu,csv,1.4.0,byte_record::tests::trim_does_not_panic_on_empty_records_3,full,success,0.10630970666666667,,,,
aarch64-unknown-linux-gnu,csv,1.4.0,byte_record::tests::trim_front,full,success,0.11173478600000002,,,,
aarch64-unknown-linux-gnu,csv,1.4.0,byte_record::tests::trim_whitespace_only,full,success,0.10925466266666667,,,,
aarch64-unknown-linux-gnu,csv,1.4.0,byte_record::tests::utf8_clear_ok,full,success,0.10819868533333334,,,,
aarch64-unknown-linux-gnu,csv,1.4.0,byte_record::tests::utf8_error_1,full,success,0.10971324166666667,,,,
aarch64-unknown-linux-gnu,csv,1.4.0,byte_record::tests::utf8_error_2,full,success,0.10863575033333334,,,,
aarch64-unknown-linux-gnu,csv,1.4.0,byte_record::tests::utf8_error_3,full,success,0.108767997,,,,
aarch64-unknown-linux-gnu,csv,1.4.0,byte_record::tests::utf8_error_4,full,success,0.11067793333333335,,,,
aarch64-unknown-linux-gnu,csv,1.4.0,byte_record::tests::utf8_error_5,full,success,0.11043911833333335,,,,
aarch64-unknown-linux-gnu,csv,1.4.0,byte_record::tests::utf8_error_6,full,success,0.10818446433333334,,,,
aarch64-unknown-linux-gnu,csv,1.4.0,deserializer::tests::adjacent_fixed_arrays,full,success,0.111407189,,,,
aarch64-unknown-linux-gnu,csv,1.4.0,deserializer::tests::bad_hex_seq,full,success,0.10959461833333334,,,,
aarch64-unknown-linux-gnu,csv,1.4.0,deserializer::tests::borrowed,full,success,0.11262595266666668,,,,
aarch64-unknown-linux-gnu,csv,1.4.0,deserializer::tests::borrowed_map,full,success,0.11810908933333335,,,,
aarch64-unknown-linux-gnu,csv,1.4.0,deserializer::tests::borrowed_map_bytes,full,success,0.11702930933333335,,,,
aarch64-unknown-linux-gnu,csv,1.4.0,deserializer::tests::bytes,full,success,0.108992815,,,,
aarch64-unknown-linux-gnu,csv,1.4.0,deserializer::tests::enum_label_simple_tagged,full,success,0.111113028,,,,
aarch64-unknown-linux-gnu,csv,1.4.0,deserializer::tests::enum_untagged,full,success,0.114972319,,,,
aarch64-unknown-linux-gnu,csv,1.4.0,deserializer::tests::flatten,full,success,0.11580037333333333,,,,
aarch64-unknown-linux-gnu,csv,1.4.0,deserializer::tests::map_headers,full,success,0.11384327166666668,,,,
aarch64-unknown-linux-gnu,csv,1.4.0,deserializer::tests::map_no_headers,full,success,0.10815816966666668,,,,
aarch64-unknown-linux-gnu,csv,1.4.0,deserializer::tests::mixed_hex_seq,full,success,0.11095079233333334,,,,
aarch64-unknown-linux-gnu,csv,1.4.0,deserializer::tests::no_chars,full,success,0.107857876,,,,
aarch64-unknown-linux-gnu,csv,1.4.0,deserializer::tests::no_fields,full,success,0.107941328,,,,
aarch64-unknown-linux-gnu,csv,1.4.0,deserializer::tests::one_char,full,success,0.108959568,,,,
aarch64-unknown-linux-gnu,csv,1.4.0,deserializer::tests::one_field,full,success,0.10853939266666668,,,,
aarch64-unknown-linux-gnu,csv,1.4.0,deserializer::tests::one_field_128,full,success,0.10898958466666668,,,,
aarch64-unknown-linux-gnu,csv,1.4.0,deserializer::tests::option_empty_field,full,success,0.11311296900000001,,,,
aarch64-unknown-linux-gnu,csv,1.4.0,deserializer::tests::option_invalid_field,full,success,0.113635443,,,,
aarch64-unknown-linux-gnu,csv,1.4.0,deserializer::tests::partially_invalid_utf8,full,success,0.11299970066666669,,,,
aarch64-unknown-linux-gnu,csv,1.4.0,deserializer::tests::seq_in_struct,full,success,0.10974001333333334,,,,
aarch64-unknown-linux-gnu,csv,1.4.0,deserializer::tests::seq_in_struct_tail,full,success,0.11113390100000002,,,,
aarch64-unknown-linux-gnu,csv,1.4.0,deserializer::tests::simple_hex_seq,full,success,0.109480456,,,,
aarch64-unknown-linux-gnu,csv,1.4.0,deserializer::tests::simple_seq,full,success,0.11026201066666667,,,,
aarch64-unknown-linux-gnu,csv,1.4.0,deserializer::tests::too_many_chars,full,success,0.10840734800000001,,,,
aarch64-unknown-linux-gnu,csv,1.4.0,deserializer::tests::two_fields,full,success,0.11025330500000001,,,,
aarch64-unknown-linux-gnu,csv,1.4.0,deserializer::tests::two_fields_too_few,full,success,0.10856184,,,,
aarch64-unknown-linux-gnu,csv,1.4.0,deserializer::tests::two_fields_too_many,full,success,0.110834985,,,,
aarch64-unknown-linux-gnu,csv,1.4.0,deserializer::tests::with_header,full,success,0.11314265266666668,,,,
aarch64-unknown-linux-gnu,csv,1.4.0,deserializer::tests::with_header_empty,full,success,0.10825317633333335,,,,
aarch64-unknown-linux-gnu,csv,1.4.0,deserializer::tests::with_header_empty_ok,full,success,0.10921531633333335,,,,
aarch64-unknown-linux-gnu,csv,1.4.0,deserializer::tests::with_header_missing,full,success,0.11159996866666667,,,,
aarch64-unknown-linux-gnu,csv,1.4.0,deserializer::tests::with_header_missing_ok,full,success,0.11045746700000002,,,,
aarch64-unknown-linux-gnu,csv,1.4.0,deserializer::tests::with_header_no_fields,full,success,0.10911357900000002,,,,
aarch64-unknown-linux-gnu,csv,1.4.0,deserializer::tests::with_header_unknown,full,success,0.11286645666666667,,,,
aarch64-unknown-linux-gnu,csv,1.4.0,deserializer::tests::without_header,full,success,0.11132660999999999,,,,
aarch64-unknown-linux-gnu,csv,1.4.0,reader::tests::headers_on_empty_data,full,success,1.6225616626666668,,,,
aarch64-unknown-linux-gnu,csv,1.4.0,reader::tests::no_headers_on_empty_data,full,success,1.6222356943333331,,,,
aarch64-unknown-linux-gnu,csv,1.4.0,reader::tests::no_headers_on_empty_data_after_headers,full,success,1.6231550246666668,,,,
aarch64-unknown-linux-gnu,csv,1.4.0,reader::tests::positions_headers,full,success,1.625185827,,,,
aarch64-unknown-linux-gnu,csv,1.4.0,reader::tests::positions_no_headers,full,success,1.625752392,,,,
aarch64-unknown-linux-gnu,csv,1.4.0,reader::tests::read_byte_record,full,success,1.6281934066666668,,,,
aarch64-unknown-linux-gnu,csv,1.4.0,reader::tests::read_record_headers,full,success,1.6308888086666666,,,,
aarch64-unknown-linux-gnu,csv,1.4.0,reader::tests::read_record_headers_invalid_utf8,full,success,1.6226573496666667,,,,
aarch64-unknown-linux-gnu,csv,1.4.0,reader::tests::read_record_no_headers_after,full,success,1.6360117736666666,,,,
aarch64-unknown-linux-gnu,csv,1.4.0,reader::tests::read_record_no_headers_before,full,success,1.6252363550000002,,,,
aarch64-unknown-linux-gnu,csv,1.4.0,reader::tests::read_record_unequal_continue,full,success,1.6200820126666668,,,,
aarch64-unknown-linux-gnu,csv,1.4.0,reader::tests::read_record_unequal_fails,full,success,1.620043544666667,,,,
aarch64-unknown-linux-gnu,csv,1.4.0,reader::tests::read_record_unequal_ok,full,success,1.6176305496666668,,,,
aarch64-unknown-linux-gnu,csv,1.4.0,reader::tests::read_trimed_header_invalid_utf8,full,success,1.6297342326666666,,,,
aarch64-unknown-linux-gnu,csv,1.4.0,reader::tests::read_trimmed_header,full,success,1.6365027786666666,,,,
aarch64-unknown-linux-gnu,csv,1.4.0,reader::tests::read_trimmed_records,full,success,1.616338965,,,,
aarch64-unknown-linux-gnu,csv,1.4.0,reader::tests::read_trimmed_records_and_headers,full,success,1.6251496439999997,,,,
aarch64-unknown-linux-gnu,csv,1.4.0,reader::tests::read_trimmed_records_without_headers,full,success,1.633756531666667,,,,
aarch64-unknown-linux-gnu,csv,1.4.0,reader::tests::seek,full,success,1.633354295666667,,,,
aarch64-unknown-linux-gnu,csv,1.4.0,reader::tests::seek_headers_after,full,success,1.612812494,,,,
aarch64-unknown-linux-gnu,csv,1.4.0,reader::tests::seek_headers_before_after,full,success,1.625600636,,,,
aarch64-unknown-linux-gnu,csv,1.4.0,reader::tests::seek_headers_no_actual_seek,full,success,1.6278737293333334,,,,
aarch64-unknown-linux-gnu,csv,1.4.0,serializer::tests::bool,full,success,0.109501882,,,,
aarch64-unknown-linux-gnu,csv,1.4.0,serializer::tests::bytes,full,success,0.10973394833333334,,,,
aarch64-unknown-linux-gnu,csv,1.4.0,serializer::tests::char,full,success,0.109084221,,,,
aarch64-unknown-linux-gnu,csv,1.4.0,serializer::tests::enum_newtypes,full,success,0.11438912133333334,,,,
aarch64-unknown-linux-gnu,csv,1.4.0,serializer::tests::enum_struct_variant,full,success,0.108575606,,,,
aarch64-unknown-linux-gnu,csv,1.4.0,serializer::tests::enum_units,full,success,0.11384297866666669,,,,
aarch64-unknown-linux-gnu,csv,1.4.0,serializer::tests::float,full,success,0.11084728533333334,,,,
aarch64-unknown-linux-gnu,csv,1.4.0,serializer::tests::float_nan,full,success,0.10886191633333335,,,,
aarch64-unknown-linux-gnu,csv,1.4.0,serializer::tests::integer,full,success,0.10980820400000002,,,,
aarch64-unknown-linux-gnu,csv,1.4.0,serializer::tests::integer_i128,full,success,0.11055017633333335,,,,
aarch64-unknown-linux-gnu,csv,1.4.0,serializer::tests::integer_u128,full,success,0.11050193133333334,,,,
aarch64-unknown-linux-gnu,csv,1.4.0,serializer::tests::option,full,success,0.11083402533333335,,,,
aarch64-unknown-linux-gnu,csv,1.4.0,serializer::tests::seq,full,success,0.110816824,,,,
aarch64-unknown-linux-gnu,csv,1.4.0,serializer::tests::str,full,success,0.10989334433333335,,,,
aarch64-unknown-linux-gnu,csv,1.4.0,serializer::tests::struct_headers,full,success,0.11212516366666668,,,,
aarch64-unknown-linux-gnu,csv,1.4.0,serializer::tests::struct_headers_inside_nested_tuple_seq,full,success,0.11910487733333334,,,,
aarch64-unknown-linux-gnu,csv,1.4.0,serializer::tests::struct_headers_inside_seq,full,success,0.11474760833333335,,,,
aarch64-unknown-linux-gnu,csv,1.4.0,serializer::tests::struct_headers_inside_tuple,full,success,0.11877929200000002,,,,
aarch64-unknown-linux-gnu,csv,1.4.0,serializer::tests::struct_headers_inside_tuple_scalar_after,full,success,0.11286826566666668,,,,
aarch64-unknown-linux-gnu,csv,1.4.0,serializer::tests::struct_headers_inside_tuple_scalar_before,full,success,0.11120216333333333,,,,
aarch64-unknown-linux-gnu,csv,1.4.0,serializer::tests::struct_headers_nested,full,success,0.11275925033333334,,,,
aarch64-unknown-linux-gnu,csv,1.4.0,serializer::tests::struct_headers_nested_seq,full,success,0.11376389433333334,,,,
aarch64-unknown-linux-gnu,csv,1.4.0,serializer::tests::struct_newtype,full,success,0.10946972766666667,,,,
aarch64-unknown-linux-gnu,csv,1.4.0,serializer::tests::struct_no_headers,full,success,0.11019919666666667,,,,
aarch64-unknown-linux-gnu,csv,1.4.0,serializer::tests::struct_no_headers_128,full,success,0.11189622,,,,
aarch64-unknown-linux-gnu,csv,1.4.0,serializer::tests::struct_unit,full,success,0.10908060333333335,,,,
aarch64-unknown-linux-gnu,csv,1.4.0,serializer::tests::tuple,full,success,0.11615171266666668,,,,
aarch64-unknown-linux-gnu,csv,1.4.0,serializer::tests::tuple_struct,full,success,0.11130500166666668,,,,
aarch64-unknown-linux-gnu,csv,1.4.0,serializer::tests::tuple_variant,full,success,0.10877360966666667,,,,
aarch64-unknown-linux-gnu,csv,1.4.0,serializer::tests::unit,full,success,0.111124076,,,,
aarch64-unknown-linux-gnu,csv,1.4.0,string_record::tests::eq_field_boundaries,full,success,0.11012012233333333,,,,
aarch64-unknown-linux-gnu,csv,1.4.0,string_record::tests::eq_record_len,full,success,0.11138123600000001,,,,
aarch64-unknown-linux-gnu,csv,1.4.0,string_record::tests::trim_back,full,success,0.11512819800000001,,,,
aarch64-unknown-linux-gnu,csv,1.4.0,string_record::tests::trim_both,full,success,0.115172907,,,,
aarch64-unknown-linux-gnu,csv,1.4.0,string_record::tests::trim_does_not_panic_on_empty_records_1,full,success,0.10975788533333335,,,,
aarch64-unknown-linux-gnu,csv,1.4.0,string_record::tests::trim_does_not_panic_on_empty_records_2,full,success,0.110336336,,,,
aarch64-unknown-linux-gnu,csv,1.4.0,string_record::tests::trim_does_not_panic_on_empty_records_3,full,success,0.10840130166666667,,,,
aarch64-unknown-linux-gnu,csv,1.4.0,string_record::tests::trim_front,full,success,0.114953226,,,,
aarch64-unknown-linux-gnu,csv,1.4.0,string_record::tests::trim_whitespace_only,full,success,0.12052378300000001,,,,
aarch64-unknown-linux-gnu,csv,1.4.0,writer::tests::comment_char_is_automatically_quoted,full,success,0.109852159,,,,
aarch64-unknown-linux-gnu,csv,1.4.0,writer::tests::full_buffer_should_not_flush_underlying,full,success,0.11752918866666667,,,,
aarch64-unknown-linux-gnu,csv,1.4.0,writer::tests::one_byte_record,full,success,0.11128533233333333,,,,
aarch64-unknown-linux-gnu,csv,1.4.0,writer::tests::one_empty_record,full,success,0.10896263500000002,,,,
aarch64-unknown-linux-gnu,csv,1.4.0,writer::tests::one_record,full,success,0.109949768,,,,
aarch64-unknown-linux-gnu,csv,1.4.0,writer::tests::one_string_record,full,success,0.111757571,,,,
aarch64-unknown-linux-gnu,csv,1.4.0,writer::tests::raw_one_byte_record,full,success,0.11132116766666666,,,,
aarch64-unknown-linux-gnu,csv,1.4.0,writer::tests::raw_one_empty_record,full,success,0.10964289900000002,,,,
aarch64-unknown-linux-gnu,csv,1.4.0,writer::tests::raw_two_empty_records,full,success,0.11145289700000001,,,,
aarch64-unknown-linux-gnu,csv,1.4.0,writer::tests::raw_unequal_records_bad,full,success,0.112661521,,,,
aarch64-unknown-linux-gnu,csv,1.4.0,writer::tests::raw_unequal_records_ok,full,success,0.11395873100000002,,,,
aarch64-unknown-linux-gnu,csv,1.4.0,writer::tests::serialize_no_headers,full,success,0.10991983666666667,,,,
aarch64-unknown-linux-gnu,csv,1.4.0,writer::tests::serialize_no_headers_128,full,success,0.10976711433333335,,,,
aarch64-unknown-linux-gnu,csv,1.4.0,writer::tests::serialize_tuple,full,success,0.11025234133333334,,,,
aarch64-unknown-linux-gnu,csv,1.4.0,writer::tests::serialize_with_headers,full,success,0.11167436466666668,,,,
aarch64-unknown-linux-gnu,csv,1.4.0,writer::tests::two_empty_records,full,success,0.10819876533333335,,,,
aarch64-unknown-linux-gnu,csv,1.4.0,writer::tests::unequal_records_bad,full,success,0.11228520800000001,,,,
aarch64-unknown-linux-gnu,csv,1.4.0,writer::tests::unequal_records_ok,full,success,0.11164724766666667,,,,
aarch64-unknown-linux-gnu,curve25519-dalek,4.1.3,backend::serial::u64::scalar::test::add,full,success,0.10463593033333335,,,,
aarch64-unknown-linux-gnu,curve25519-dalek,4.1.3,backend::serial::u64::scalar::test::from_bytes_wide,full,success,0.10548659266666667,,,,
aarch64-unknown-linux-gnu,curve25519-dalek,4.1.3,backend::serial::u64::scalar::test::montgomery_mul,full,success,0.10485363566666667,,,,
aarch64-unknown-linux-gnu,curve25519-dalek,4.1.3,backend::serial::u64::scalar::test::montgomery_mul_max,full,success,0.10327461033333335,,,,
aarch64-unknown-linux-gnu,curve25519-dalek,4.1.3,backend::serial::u64::scalar::test::montgomery_square_max,full,success,0.10461975033333333,,,,
aarch64-unknown-linux-gnu,curve25519-dalek,4.1.3,backend::serial::u64::scalar::test::mul,full,success,0.10381245566666668,,,,
aarch64-unknown-linux-gnu,curve25519-dalek,4.1.3,backend::serial::u64::scalar::test::mul_max,full,success,0.10454941233333333,,,,
aarch64-unknown-linux-gnu,curve25519-dalek,4.1.3,backend::serial::u64::scalar::test::square_max,full,success,0.10530691200000002,,,,
aarch64-unknown-linux-gnu,curve25519-dalek,4.1.3,backend::serial::u64::scalar::test::sub,full,success,0.10429258933333334,,,,
aarch64-unknown-linux-gnu,curve25519-dalek,4.1.3,constants::test::test_d_vs_ratio,full,success,0.11009580066666667,,,,
aarch64-unknown-linux-gnu,curve25519-dalek,4.1.3,constants::test::test_eight_torsion,full,success,0.19647934433333333,,,,
aarch64-unknown-linux-gnu,curve25519-dalek,4.1.3,constants::test::test_four_torsion,full,success,0.14883412533333337,,,,
aarch64-unknown-linux-gnu,curve25519-dalek,4.1.3,constants::test::test_sqrt_ad_minus_one,full,success,0.10751951566666666,,,,
aarch64-unknown-linux-gnu,curve25519-dalek,4.1.3,constants::test::test_sqrt_constants_sign,full,success,0.11487191233333334,,,,
aarch64-unknown-linux-gnu,curve25519-dalek,4.1.3,constants::test::test_sqrt_minus_one,full,success,0.10863860566666668,,,,
aarch64-unknown-linux-gnu,curve25519-dalek,4.1.3,constants::test::test_two_torsion,full,success,0.12548104666666668,,,,
aarch64-unknown-linux-gnu,curve25519-dalek,4.1.3,edwards::test::basepoint16_vs_mul_by_pow_2_4,full,success,0.10669775800000002,,,,
aarch64-unknown-linux-gnu,curve25519-dalek,4.1.3,edwards::test::basepoint_decompression_compression,full,success,0.12180713466666666,,,,
aarch64-unknown-linux-gnu,curve25519-dalek,4.1.3,edwards::test::basepoint_double_vs_basepoint2,full,success,0.10619520466666667,,,,
aarch64-unknown-linux-gnu,curve25519-dalek,4.1.3,edwards::test::basepoint_mult_by_basepoint_order,full,success,0.22108343600000002,,,,
aarch64-unknown-linux-gnu,curve25519-dalek,4.1.3,edwards::test::basepoint_mult_one_vs_basepoint,full,success,0.215614722,,,,
aarch64-unknown-linux-gnu,curve25519-dalek,4.1.3,edwards::test::basepoint_mult_two_vs_basepoint2,full,success,0.21880289300000003,,,,
aarch64-unknown-linux-gnu,curve25519-dalek,4.1.3,edwards::test::basepoint_mult_vs_ed25519py,full,success,0.21637530900000002,,,,
aarch64-unknown-linux-gnu,curve25519-dalek,4.1.3,edwards::test::basepoint_plus_basepoint_affine_niels_vs_basepoint2,full,success,0.10606698333333335,,,,
aarch64-unknown-linux-gnu,curve25519-dalek,4.1.3,edwards::test::basepoint_plus_basepoint_projective_niels_vs_basepoint2,full,success,0.10515417933333333,,,,
aarch64-unknown-linux-gnu,curve25519-dalek,4.1.3,edwards::test::basepoint_plus_basepoint_vs_basepoint2,full,success,0.105857768,,,,
aarch64-unknown-linux-gnu,curve25519-dalek,4.1.3,edwards::test::basepoint_projective_extended_round_trip,full,success,0.103835018,,,,
aarch64-unknown-linux-gnu,curve25519-dalek,4.1.3,edwards::test::basepoint_table_basepoint_function_correct,full,success,0.10719141700000001,,,,
aarch64-unknown-linux-gnu,curve25519-dalek,4.1.3,edwards::test::basepoint_tables,full,success,10.210663855666667,,,,
aarch64-unknown-linux-gnu,curve25519-dalek,4.1.3,edwards::test::basepoint_tables_unreduced_scalar,full,success,10.225384141666668,,,,
aarch64-unknown-linux-gnu,curve25519-dalek,4.1.3,edwards::test::compressed_identity,full,success,0.10426190133333335,,,,
aarch64-unknown-linux-gnu,curve25519-dalek,4.1.3,edwards::test::conditional_assign_for_affine_niels_point,full,success,0.11969751366666669,,,,
aarch64-unknown-linux-gnu,curve25519-dalek,4.1.3,edwards::test::decompression_sign_handling,full,success,0.12230985966666667,,,,
aarch64-unknown-linux-gnu,curve25519-dalek,4.1.3,edwards::test::extended_point_equality_handles_scaling,full,success,0.10962116400000001,,,,
aarch64-unknown-linux-gnu,curve25519-dalek,4.1.3,edwards::test::impl_sum,full,success,1.9520702210000003,,,,
aarch64-unknown-linux-gnu,curve25519-dalek,4.1.3,edwards::test::is_identity,full,success,0.11601831366666666,,,,
aarch64-unknown-linux-gnu,curve25519-dalek,4.1.3,edwards::test::is_small_order,full,success,0.15797590566666667,,,,
aarch64-unknown-linux-gnu,curve25519-dalek,4.1.3,edwards::test::scalar_mul_vs_ed25519py,full,success,0.41182070000000004,,,,
aarch64-unknown-linux-gnu,curve25519-dalek,4.1.3,edwards::test::scalarmult_extended_point_works_both_ways,full,success,0.715246868,,,,
aarch64-unknown-linux-gnu,curve25519-dalek,4.1.3,edwards::test::test_precomputed_basepoint_mult,full,success,0.5256079463333334,,,,
aarch64-unknown-linux-gnu,curve25519-dalek,4.1.3,edwards::test::to_affine_niels_clears_denominators,full,success,0.2169746126666667,,,,
aarch64-unknown-linux-gnu,curve25519-dalek,4.1.3,edwards::test::vartime::double_scalar_mul_basepoint_vs_ed25519py,full,success,0.21015075166666666,,,,
aarch64-unknown-linux-gnu,curve25519-dalek,4.1.3,edwards::test::vartime::multiscalar_mul_vartime_vs_consttime,full,success,1.087217203,,,,
aarch64-unknown-linux-gnu,curve25519-dalek,4.1.3,edwards::test::vartime::multiscalar_mul_vs_ed25519py,full,success,0.336154987,,,,
aarch64-unknown-linux-gnu,curve25519-dalek,4.1.3,field::test::a_invert_vs_inverse_of_a_constant,full,success,0.11027583866666668,,,,
aarch64-unknown-linux-gnu,curve25519-dalek,4.1.3,field::test::a_mul_a_vs_a_squared_constant,full,success,0.10784813866666669,,,,
aarch64-unknown-linux-gnu,curve25519-dalek,4.1.3,field::test::a_p58_vs_ap58_constant,full,success,0.10763059333333334,,,,
aarch64-unknown-linux-gnu,curve25519-dalek,4.1.3,field::test::a_square2_vs_a_squared_constant,full,success,0.10738602566666666,,,,
aarch64-unknown-linux-gnu,curve25519-dalek,4.1.3,field::test::a_square_vs_a_squared_constant,full,success,0.10700446833333334,,,,
aarch64-unknown-linux-gnu,curve25519-dalek,4.1.3,field::test::batch_invert_a_matches_nonbatched,full,success,0.15807296766666667,,,,
aarch64-unknown-linux-gnu,curve25519-dalek,4.1.3,field::test::batch_invert_empty,full,success,0.10765182666666667,,,,
aarch64-unknown-linux-gnu,curve25519-dalek,4.1.3,field::test::conditional_negate,full,success,0.11141612666666667,,,,
aarch64-unknown-linux-gnu,curve25519-dalek,4.1.3,field::test::encoding_is_canonical,full,success,0.10548481433333334,,,,
aarch64-unknown-linux-gnu,curve25519-dalek,4.1.3,field::test::equality,full,success,0.10874978966666667,,,,
aarch64-unknown-linux-gnu,curve25519-dalek,4.1.3,field::test::from_bytes_highbit_is_ignored,full,success,0.10813028000000001,,,,
aarch64-unknown-linux-gnu,curve25519-dalek,4.1.3,field::test::sqrt_ratio_behavior,full,success,0.15940254233333334,,,,
aarch64-unknown-linux-gnu,curve25519-dalek,4.1.3,montgomery::test::basepoint_edwards_to_montgomery,full,success,0.10745321366666667,,,,
aarch64-unknown-linux-gnu,curve25519-dalek,4.1.3,montgomery::test::basepoint_montgomery_to_edwards,full,success,0.13844295733333334,,,,
aarch64-unknown-linux-gnu,curve25519-dalek,4.1.3,montgomery::test::eq_defined_mod_p,full,success,0.10732197300000001,,,,
aarch64-unknown-linux-gnu,curve25519-dalek,4.1.3,montgomery::test::identity_in_different_coordinates,full,success,0.10936991733333334,,,,
aarch64-unknown-linux-gnu,curve25519-dalek,4.1.3,montgomery::test::identity_in_different_models,full,success,0.107760436,,,,
aarch64-unknown-linux-gnu,curve25519-dalek,4.1.3,montgomery::test::montgomery_elligator_correct,full,success,0.11546022133333333,,,,
aarch64-unknown-linux-gnu,curve25519-dalek,4.1.3,montgomery::test::montgomery_elligator_zero_zero,full,success,0.11272754166666667,,,,
aarch64-unknown-linux-gnu,curve25519-dalek,4.1.3,montgomery::test::montgomery_to_edwards_rejects_twist,full,success,0.11960907766666667,,,,
aarch64-unknown-linux-gnu,curve25519-dalek,4.1.3,montgomery::test::mul_base_clamped,full,success,37.65693965766667,,,,
aarch64-unknown-linux-gnu,curve25519-dalek,4.1.3,ristretto::test::basepoint_roundtrip,full,success,0.12748087933333332,,,,
aarch64-unknown-linux-gnu,curve25519-dalek,4.1.3,ristretto::test::compress_id,full,success,0.11307627366666667,,,,
aarch64-unknown-linux-gnu,curve25519-dalek,4.1.3,ristretto::test::decompress_id,full,success,0.12135221666666667,,,,
aarch64-unknown-linux-gnu,curve25519-dalek,4.1.3,ristretto::test::decompress_negative_s_fails,full,success,0.10844243533333335,,,,
aarch64-unknown-linux-gnu,curve25519-dalek,4.1.3,ristretto::test::elligator_vs_ristretto_sage,full,success,0.37975775300000003,,,,
aarch64-unknown-linux-gnu,curve25519-dalek,4.1.3,ristretto::test::encodings_of_small_multiples_of_basepoint,full,success,0.25356369500000003,,,,
aarch64-unknown-linux-gnu,curve25519-dalek,4.1.3,ristretto::test::four_torsion_basepoint,full,success,0.12804619466666667,,,,
aarch64-unknown-linux-gnu,curve25519-dalek,4.1.3,ristretto::test::four_torsion_random,full,success,0.2461204676666667,,,,
aarch64-unknown-linux-gnu,curve25519-dalek,4.1.3,ristretto::test::impl_sum,full,success,1.9428019783333335,,,,
aarch64-unknown-linux-gnu,curve25519-dalek,4.1.3,ristretto::test::one_way_map,full,success,0.3992491843333334,,,,
aarch64-unknown-linux-gnu,curve25519-dalek,4.1.3,ristretto::test::random_roundtrip,full,success,14.326094252666666,,,,
aarch64-unknown-linux-gnu,curve25519-dalek,4.1.3,ristretto::test::scalarmult_ristrettopoint_works_both_ways,full,success,0.7351811573333333,,,,
aarch64-unknown-linux-gnu,curve25519-dalek,4.1.3,scalar::test::add_reduces,full,success,0.10913009066666668,,,,
aarch64-unknown-linux-gnu,curve25519-dalek,4.1.3,scalar::test::batch_invert_consistency,full,success,0.6473484683333334,,,,
aarch64-unknown-linux-gnu,curve25519-dalek,4.1.3,scalar::test::batch_invert_empty,full,success,0.2629204336666667,,,,
aarch64-unknown-linux-gnu,curve25519-dalek,4.1.3,scalar::test::batch_invert_with_a_zero_input_panics,full,success,0.1413195096666667,,,,
aarch64-unknown-linux-gnu,curve25519-dalek,4.1.3,scalar::test::canonical_decoding,full,success,0.11509571666666667,,,,
aarch64-unknown-linux-gnu,curve25519-dalek,4.1.3,scalar::test::from_bytes_mod_order_wide,full,success,0.10848334466666669,,,,
aarch64-unknown-linux-gnu,curve25519-dalek,4.1.3,scalar::test::from_u64,full,success,0.10469286866666666,,,,
aarch64-unknown-linux-gnu,curve25519-dalek,4.1.3,scalar::test::fuzzer_testcase_reduction,full,success,0.12055148,,,,
aarch64-unknown-linux-gnu,curve25519-dalek,4.1.3,scalar::test::impl_add,full,success,0.10857616633333333,,,,
aarch64-unknown-linux-gnu,curve25519-dalek,4.1.3,scalar::test::impl_mul,full,success,0.10871731900000002,,,,
aarch64-unknown-linux-gnu,curve25519-dalek,4.1.3,scalar::test::impl_product,full,success,0.19761965333333334,,,,
aarch64-unknown-linux-gnu,curve25519-dalek,4.1.3,scalar::test::impl_sum,full,success,0.16833732633333334,,,,
aarch64-unknown-linux-gnu,curve25519-dalek,4.1.3,scalar::test::invert,full,success,0.2656529186666667,,,,
aarch64-unknown-linux-gnu,curve25519-dalek,4.1.3,scalar::test::montgomery_reduce_matches_from_bytes_mod_order_wide,full,success,0.11002317466666667,,,,
aarch64-unknown-linux-gnu,curve25519-dalek,4.1.3,scalar::test::neg_twice_is_identity,full,success,0.10945508300000001,,,,
aarch64-unknown-linux-gnu,curve25519-dalek,4.1.3,scalar::test::non_adjacent_form_test_vector,full,success,0.120408728,,,,
aarch64-unknown-linux-gnu,curve25519-dalek,4.1.3,scalar::test::reduce,full,success,0.10756544900000002,,,,
aarch64-unknown-linux-gnu,curve25519-dalek,4.1.3,scalar::test::scalar_mul_by_one,full,success,0.10825630400000001,,,,
aarch64-unknown-linux-gnu,curve25519-dalek,4.1.3,scalar::test::square,full,success,0.108974278,,,,
aarch64-unknown-linux-gnu,curve25519-dalek,4.1.3,scalar::test::sub_reduces,full,success,0.10812203966666667,,,,
aarch64-unknown-linux-gnu,curve25519-dalek,4.1.3,scalar::test::test_mul_reduction_invariance,full,success,0.5808164526666667,,,,
aarch64-unknown-linux-gnu,curve25519-dalek,4.1.3,scalar::test::test_read_le_u64_into,full,success,0.10651769833333335,,,,
aarch64-unknown-linux-gnu,curve25519-dalek,4.1.3,scalar::test::test_read_le_u64_into_should_panic_on_bad_input,full,success,0.10999903166666668,,,,
aarch64-unknown-linux-gnu,curve25519-dalek,4.1.3,scalar::test::test_scalar_clamp,full,success,0.10605523833333334,,,,
aarch64-unknown-linux-gnu,curve25519-dalek,4.1.3,scalar::test::test_scalar_from_int,full,success,0.12511026466666667,,,,
aarch64-unknown-linux-gnu,curve25519-dalek,4.1.3,scalar::test::to_bytes_from_bytes_roundtrips,full,success,0.10476294766666668,,,,
aarch64-unknown-linux-gnu,der,0.8.0,asn1::bit_string::tests::bitstring_valueord_value_cmp,full,success,0.10658968666666668,,,,
aarch64-unknown-linux-gnu,der,0.8.0,asn1::bit_string::tests::decode_bitstring_with_unused_bits,full,success,0.10919085533333334,,,,
aarch64-unknown-linux-gnu,der,0.8.0,asn1::bit_string::tests::decode_empty_bitstring,full,success,0.10608679233333335,,,,
aarch64-unknown-linux-gnu,der,0.8.0,asn1::bit_string::tests::decode_non_empty_bitstring,full,success,0.10576350133333334,,,,
aarch64-unknown-linux-gnu,der,0.8.0,asn1::bit_string::tests::reject_unused_bits_in_empty_string,full,success,0.10544591400000002,,,,
aarch64-unknown-linux-gnu,der,0.8.0,asn1::boolean::tests::decode,full,success,0.106029742,,,,
aarch64-unknown-linux-gnu,der,0.8.0,asn1::boolean::tests::encode,full,success,0.10722281233333335,,,,
aarch64-unknown-linux-gnu,der,0.8.0,asn1::boolean::tests::reject_non_canonical,full,success,0.106532815,,,,
aarch64-unknown-linux-gnu,der,0.8.0,asn1::context_specific::tests::context_specific_not_skipping_unknown_field,full,success,0.10575812933333334,,,,
aarch64-unknown-linux-gnu,der,0.8.0,asn1::context_specific::tests::context_specific_returns_none_on_greater_tag_number,full,success,0.10608991433333333,,,,
aarch64-unknown-linux-gnu,der,0.8.0,asn1::context_specific::tests::context_specific_with_explicit_field,full,success,0.10788249366666668,,,,
aarch64-unknown-linux-gnu,der,0.8.0,asn1::context_specific::tests::context_specific_with_implicit_field,full,success,0.10653684666666667,,,,
aarch64-unknown-linux-gnu,der,0.8.0,asn1::context_specific::tests::round_trip,full,success,0.10740164666666667,,,,
aarch64-unknown-linux-gnu,der,0.8.0,asn1::generalized_time::tests::invalid_day_generalized_time,full,success,0.10640793133333333,,,,
aarch64-unknown-linux-gnu,der,0.8.0,asn1::generalized_time::tests::invalid_hour_generalized_time,full,success,0.10692221733333333,,,,
aarch64-unknown-linux-gnu,der,0.8.0,asn1::generalized_time::tests::invalid_minute_generalized_time,full,success,0.10663012100000001,,,,
aarch64-unknown-linux-gnu,der,0.8.0,asn1::generalized_time::tests::invalid_month_generalized_time,full,success,0.106799238,,,,
aarch64-unknown-linux-gnu,der,0.8.0,asn1::generalized_time::tests::invalid_second_generalized_time,full,success,0.10690252300000001,,,,
aarch64-unknown-linux-gnu,der,0.8.0,asn1::generalized_time::tests::invalid_year_generalized_time,full,success,0.10751736700000002,,,,
aarch64-unknown-linux-gnu,der,0.8.0,asn1::generalized_time::tests::max_valid_generalized_time,full,success,0.10888613833333334,,,,
aarch64-unknown-linux-gnu,der,0.8.0,asn1::generalized_time::tests::round_trip,full,success,0.10966956133333335,,,,
aarch64-unknown-linux-gnu,der,0.8.0,asn1::ia5_string::tests::parse_bytes,full,success,0.108328824,,,,
aarch64-unknown-linux-gnu,der,0.8.0,asn1::integer::int::tests::decode_intref,full,success,0.10945661033333333,,,,
aarch64-unknown-linux-gnu,der,0.8.0,asn1::integer::int::tests::encode_intref,full,success,0.11196454266666667,,,,
aarch64-unknown-linux-gnu,der,0.8.0,asn1::integer::int::tests::validate_canonical_err,full,success,0.10552089666666666,,,,
aarch64-unknown-linux-gnu,der,0.8.0,asn1::integer::int::tests::validate_canonical_ok,full,success,0.105799197,,,,
aarch64-unknown-linux-gnu,der,0.8.0,asn1::integer::tests::decode_i16,full,success,0.10909366999999999,,,,
aarch64-unknown-linux-gnu,der,0.8.0,asn1::integer::tests::decode_i8,full,success,0.10778567600000001,,,,
aarch64-unknown-linux-gnu,der,0.8.0,asn1::integer::tests::decode_u16,full,success,0.10890654300000001,,,,
aarch64-unknown-linux-gnu,der,0.8.0,asn1::integer::tests::decode_u8,full,success,0.106456338,,,,
aarch64-unknown-linux-gnu,der,0.8.0,asn1::integer::tests::encode_i16,full,success,0.11077033133333335,,,,
aarch64-unknown-linux-gnu,der,0.8.0,asn1::integer::tests::encode_i8,full,success,0.106976895,,,,
aarch64-unknown-linux-gnu,der,0.8.0,asn1::integer::tests::encode_u16,full,success,0.10956797933333333,,,,
aarch64-unknown-linux-gnu,der,0.8.0,asn1::integer::tests::encode_u8,full,success,0.10663875766666668,,,,
aarch64-unknown-linux-gnu,der,0.8.0,asn1::integer::tests::reject_empty,full,success,0.10759682133333333,,,,
aarch64-unknown-linux-gnu,der,0.8.0,asn1::integer::tests::reject_non_canonical,full,success,0.10737267533333335,,,,
aarch64-unknown-linux-gnu,der,0.8.0,asn1::integer::uint::tests::decode_to_array_extra_zero,full,success,0.10585308433333333,,,,
aarch64-unknown-linux-gnu,der,0.8.0,asn1::integer::uint::tests::decode_to_array_leading_zero,full,success,0.10611549999999999,,,,
aarch64-unknown-linux-gnu,der,0.8.0,asn1::integer::uint::tests::decode_to_array_missing_zero,full,success,0.106337307,,,,
aarch64-unknown-linux-gnu,der,0.8.0,asn1::integer::uint::tests::decode_to_array_no_leading_zero,full,success,0.10542978200000001,,,,
aarch64-unknown-linux-gnu,der,0.8.0,asn1::integer::uint::tests::decode_to_array_oversized_input,full,success,0.10658447566666666,,,,
aarch64-unknown-linux-gnu,der,0.8.0,asn1::integer::uint::tests::decode_uintref,full,success,0.10897435400000001,,,,
aarch64-unknown-linux-gnu,der,0.8.0,asn1::integer::uint::tests::encode_uintref,full,success,0.11063164333333335,,,,
aarch64-unknown-linux-gnu,der,0.8.0,asn1::integer::uint::tests::reject_oversize_without_extra_zero,full,success,0.10674202333333334,,,,
aarch64-unknown-linux-gnu,der,0.8.0,asn1::null::tests::decode,full,success,0.10663990133333334,,,,
aarch64-unknown-linux-gnu,der,0.8.0,asn1::null::tests::encode,full,success,0.10627230300000001,,,,
aarch64-unknown-linux-gnu,der,0.8.0,asn1::null::tests::reject_non_canonical,full,success,0.10549831666666666,,,,
aarch64-unknown-linux-gnu,der,0.8.0,asn1::octet_string::tests::octet_string_decode,full,success,0.10684162466666668,,,,
aarch64-unknown-linux-gnu,der,0.8.0,asn1::octet_string::tests::octet_string_decode_into,full,success,0.106333622,,,,
aarch64-unknown-linux-gnu,der,0.8.0,asn1::printable_string::tests::parse_bytes,full,success,0.10660959933333335,,,,
aarch64-unknown-linux-gnu,der,0.8.0,asn1::teletex_string::tests::parse_bytes,full,success,0.10675254233333335,,,,
aarch64-unknown-linux-gnu,der,0.8.0,asn1::utc_time::tests::round_trip_vector,full,success,0.10940708966666668,,,,
aarch64-unknown-linux-gnu,der,0.8.0,asn1::utf8_string::tests::parse_ascii_bytes,full,success,0.106234439,,,,
aarch64-unknown-linux-gnu,der,0.8.0,asn1::utf8_string::tests::parse_utf8_bytes,full,success,0.10695175433333333,,,,
aarch64-unknown-linux-gnu,der,0.8.0,asn1::videotex_string::tests::parse_bytes,full,success,0.10718426766666667,,,,
aarch64-unknown-linux-gnu,der,0.8.0,datetime::tests::feb_leap_year_handling,full,success,0.10640263600000001,,,,
aarch64-unknown-linux-gnu,der,0.8.0,datetime::tests::from_str,full,success,0.10511351533333334,,,,
aarch64-unknown-linux-gnu,der,0.8.0,datetime::tests::invalid_dates,full,success,0.10644044433333334,,,,
aarch64-unknown-linux-gnu,der,0.8.0,encoding_rules::tests::parse,full,success,0.104649579,,,,
aarch64-unknown-linux-gnu,der,0.8.0,header::tests::negative_peek_overlength_header,full,success,0.10636944066666666,,,,
aarch64-unknown-linux-gnu,der,0.8.0,header::tests::peek,full,success,0.10587563133333333,,,,
aarch64-unknown-linux-gnu,der,0.8.0,header::tests::peek_max_header,full,success,0.10656679933333335,,,,
aarch64-unknown-linux-gnu,der,0.8.0,length::tests::add_overflows_when_max_length_exceeded,full,success,0.107114312,,,,
aarch64-unknown-linux-gnu,der,0.8.0,length::tests::decode,full,success,0.107697676,,,,
aarch64-unknown-linux-gnu,der,0.8.0,length::tests::der_ord,full,success,0.10579324133333334,,,,
aarch64-unknown-linux-gnu,der,0.8.0,length::tests::encode,full,success,0.10745439766666669,,,,
aarch64-unknown-linux-gnu,der,0.8.0,reader::slice::tests::empty_message,full,success,0.10516090700000001,,,,
aarch64-unknown-linux-gnu,der,0.8.0,reader::slice::tests::invalid_field_length,full,success,0.10588735333333334,,,,
aarch64-unknown-linux-gnu,der,0.8.0,reader::slice::tests::trailing_data,full,success,0.10554346266666668,,,,
aarch64-unknown-linux-gnu,der,0.8.0,tag::tests::decoding,full,success,0.10828024300000001,,,,
aarch64-unknown-linux-gnu,der,0.8.0,tag::tests::negative_peek_long_tags,full,success,0.10687155633333334,,,,
aarch64-unknown-linux-gnu,der,0.8.0,tag::tests::peek,full,success,0.107001835,,,,
aarch64-unknown-linux-gnu,der,0.8.0,tag::tests::peek_long_tags,full,success,0.10531474766666667,,,,
aarch64-unknown-linux-gnu,der,0.8.0,tag::tests::tag_class,full,success,0.10862728866666667,,,,
aarch64-unknown-linux-gnu,der,0.8.0,tag::tests::tag_order,full,success,0.10635917333333333,,,,
aarch64-unknown-linux-gnu,der,0.8.0,writer::slice::tests::overlength_message,full,success,0.10479243566666667,,,,
aarch64-unknown-linux-gnu,dirs-sys-next,0.1.2,xdg_user_dirs::tests::test_absolute_path_is_accepted,full,success,0.111295137,,,,
aarch64-unknown-linux-gnu,dirs-sys-next,0.1.2,xdg_user_dirs::tests::test_disabled_directory,full,success,0.10649981066666668,,,,
aarch64-unknown-linux-gnu,dirs-sys-next,0.1.2,xdg_user_dirs::tests::test_parse_empty,full,success,0.10508784900000001,,,,
aarch64-unknown-linux-gnu,dirs-sys-next,0.1.2,xdg_user_dirs::tests::test_parse_user_dirs,full,success,0.204404438,,,,
aarch64-unknown-linux-gnu,dirs-sys-next,0.1.2,xdg_user_dirs::tests::test_relative_path_is_rejected,full,success,0.10675804600000001,,,,
aarch64-unknown-linux-gnu,dirs-sys-next,0.1.2,xdg_user_dirs::tests::test_relative_to_home,full,success,0.11235634900000001,,,,
aarch64-unknown-linux-gnu,dirs-sys-next,0.1.2,xdg_user_dirs::tests::test_shell_unescape,full,success,0.10607090133333334,,,,
aarch64-unknown-linux-gnu,dirs-sys-next,0.1.2,xdg_user_dirs::tests::test_split_once,full,success,0.10621359899999999,,,,
aarch64-unknown-linux-gnu,dirs-sys-next,0.1.2,xdg_user_dirs::tests::test_trim_blank,full,success,0.10701177966666668,,,,
aarch64-unknown-linux-gnu,dirs-sys,0.5.0,xdg_user_dirs::tests::test_absolute_path_is_accepted,full,success,0.11165280333333334,,,,
aarch64-unknown-linux-gnu,dirs-sys,0.5.0,xdg_user_dirs::tests::test_disabled_directory,full,success,0.10716901466666667,,,,
aarch64-unknown-linux-gnu,dirs-sys,0.5.0,xdg_user_dirs::tests::test_parse_empty,full,success,0.10549093666666669,,,,
aarch64-unknown-linux-gnu,dirs-sys,0.5.0,xdg_user_dirs::tests::test_parse_user_dirs,full,success,0.20517768466666667,,,,
aarch64-unknown-linux-gnu,dirs-sys,0.5.0,xdg_user_dirs::tests::test_relative_path_is_rejected,full,success,0.10729387900000002,,,,
aarch64-unknown-linux-gnu,dirs-sys,0.5.0,xdg_user_dirs::tests::test_relative_to_home,full,success,0.11201011100000001,,,,
aarch64-unknown-linux-gnu,dirs-sys,0.5.0,xdg_user_dirs::tests::test_shell_unescape,full,success,0.10701453900000002,,,,
aarch64-unknown-linux-gnu,dirs-sys,0.5.0,xdg_user_dirs::tests::test_split_once,full,success,0.10573636933333334,,,,
aarch64-unknown-linux-gnu,dirs-sys,0.5.0,xdg_user_dirs::tests::test_trim_blank,full,success,0.10713885899999999,,,,
aarch64-unknown-linux-gnu,either,1.15.0,basic,full,success,0.10390490566666666,,,,
aarch64-unknown-linux-gnu,either,1.15.0,deref,full,success,0.104399395,,,,
aarch64-unknown-linux-gnu,either,1.15.0,error,full,success,0.104710398,,,,
aarch64-unknown-linux-gnu,either,1.15.0,iter,full,success,0.10489550566666668,,,,
aarch64-unknown-linux-gnu,either,1.15.0,macros,full,success,0.10484846933333335,,,,
aarch64-unknown-linux-gnu,either,1.15.0,read_write,full,success,0.10376872733333332,,,,
aarch64-unknown-linux-gnu,either,1.15.0,seek,full,success,0.2382990966666667,,,,
aarch64-unknown-linux-gnu,encoding_rs,0.8.35,ascii::tests::test_ascii_to_ascii,full,success,0.23281118233333334,,,,
aarch64-unknown-linux-gnu,encoding_rs,0.8.35,ascii::tests::test_ascii_to_basic_latin,full,success,0.232099854,,,,
aarch64-unknown-linux-gnu,encoding_rs,0.8.35,ascii::tests::test_basic_latin_to_ascii,full,success,0.22980457233333337,,,,
aarch64-unknown-linux-gnu,encoding_rs,0.8.35,big5::tests::test_big5_decode,full,success,0.859402039,,,,
aarch64-unknown-linux-gnu,encoding_rs,0.8.35,big5::tests::test_big5_encode,full,success,0.18105509833333336,,,,
aarch64-unknown-linux-gnu,encoding_rs,0.8.35,euc_jp::tests::test_euc_jp_decode,full,success,0.8636798510000001,,,,
aarch64-unknown-linux-gnu,encoding_rs,0.8.35,euc_jp::tests::test_euc_jp_encode,full,success,0.24121846900000002,,,,
aarch64-unknown-linux-gnu,encoding_rs,0.8.35,euc_kr::tests::test_euc_kr_decode,full,success,0.2683795706666667,,,,
aarch64-unknown-linux-gnu,encoding_rs,0.8.35,euc_kr::tests::test_euc_kr_encode,full,success,3.093428165,,,,
aarch64-unknown-linux-gnu,encoding_rs,0.8.35,euc_kr::tests::test_euc_kr_encode_from_two_low_surrogates,full,success,0.11225813733333334,,,,
aarch64-unknown-linux-gnu,encoding_rs,0.8.35,gb18030::tests::test_gb18030_decode,full,success,1.112895486,,,,
aarch64-unknown-linux-gnu,encoding_rs,0.8.35,gb18030::tests::test_gb18030_encode,full,success,8.221304607999999,,,,
aarch64-unknown-linux-gnu,encoding_rs,0.8.35,gb18030::tests::test_gb18030_encode_from_utf16_max_length,full,success,0.10883617433333335,,,,
aarch64-unknown-linux-gnu,encoding_rs,0.8.35,gb18030::tests::test_gbk_encode,full,success,8.200752152666666,,,,
aarch64-unknown-linux-gnu,encoding_rs,0.8.35,iso_2022_jp::tests::test_iso_2022_jp_decode,full,success,2.7387075403333334,,,,
aarch64-unknown-linux-gnu,encoding_rs,0.8.35,iso_2022_jp::tests::test_iso_2022_jp_encode,full,success,7.4863305276666665,,,,
aarch64-unknown-linux-gnu,encoding_rs,0.8.35,iso_2022_jp::tests::test_iso_2022_jp_encode_from_two_low_surrogates,full,success,0.10771179400000001,,,,
aarch64-unknown-linux-gnu,encoding_rs,0.8.35,iso_2022_jp::tests::test_iso_2022_jp_half_width_katakana_length,full,success,0.10672926166666667,,,,
aarch64-unknown-linux-gnu,encoding_rs,0.8.35,iso_2022_jp::tests::test_iso_2022_jp_length_after_escape,full,success,0.10665001633333333,,,,
aarch64-unknown-linux-gnu,encoding_rs,0.8.35,mem::tests::test_check_str_for_latin1_and_bidi,full,success,0.10615376966666668,,,,
aarch64-unknown-linux-gnu,encoding_rs,0.8.35,mem::tests::test_check_utf16_for_latin1_and_bidi,full,success,0.10849723800000001,,,,
aarch64-unknown-linux-gnu,encoding_rs,0.8.35,mem::tests::test_check_utf8_for_latin1_and_bidi,full,success,0.10780806300000001,,,,
aarch64-unknown-linux-gnu,encoding_rs,0.8.35,mem::tests::test_convert_latin1_to_utf16,full,success,0.17375766066666667,,,,
aarch64-unknown-linux-gnu,encoding_rs,0.8.35,mem::tests::test_convert_latin1_to_utf8,full,success,0.22130842966666667,,,,
aarch64-unknown-linux-gnu,encoding_rs,0.8.35,mem::tests::test_convert_latin1_to_utf8_partial,full,success,0.10722730833333334,,,,
aarch64-unknown-linux-gnu,encoding_rs,0.8.35,mem::tests::test_convert_str_to_utf16,full,success,0.11219306766666669,,,,
aarch64-unknown-linux-gnu,encoding_rs,0.8.35,mem::tests::test_convert_utf16_to_latin1_lossy,full,success,0.17476775400000003,,,,
aarch64-unknown-linux-gnu,encoding_rs,0.8.35,mem::tests::test_convert_utf16_to_latin1_lossy_panics,full,success,0.10827072866666669,,,,
aarch64-unknown-linux-gnu,encoding_rs,0.8.35,mem::tests::test_convert_utf16_to_utf8,full,success,0.11209336466666668,,,,
aarch64-unknown-linux-gnu,encoding_rs,0.8.35,mem::tests::test_convert_utf16_to_utf8_partial,full,success,0.11386174933333333,,,,
aarch64-unknown-linux-gnu,encoding_rs,0.8.35,mem::tests::test_convert_utf8_to_latin1_lossy,full,success,0.24466116200000002,,,,
aarch64-unknown-linux-gnu,encoding_rs,0.8.35,mem::tests::test_convert_utf8_to_latin1_lossy_panics,full,success,0.11285576766666666,,,,
aarch64-unknown-linux-gnu,encoding_rs,0.8.35,mem::tests::test_convert_utf8_to_utf16,full,success,0.112992244,,,,
aarch64-unknown-linux-gnu,encoding_rs,0.8.35,mem::tests::test_convert_utf8_to_utf16_without_replacement,full,success,0.10843135333333336,,,,
aarch64-unknown-linux-gnu,encoding_rs,0.8.35,mem::tests::test_decode_latin1,full,success,0.10747091533333335,,,,
aarch64-unknown-linux-gnu,encoding_rs,0.8.35,mem::tests::test_encode_latin1_lossy,full,success,0.10844441133333334,,,,
aarch64-unknown-linux-gnu,encoding_rs,0.8.35,mem::tests::test_ensure_utf16_validity,full,success,0.10875822366666667,,,,
aarch64-unknown-linux-gnu,encoding_rs,0.8.35,mem::tests::test_is_ascii_fail,full,success,0.4423522406666667,,,,
aarch64-unknown-linux-gnu,encoding_rs,0.8.35,mem::tests::test_is_ascii_success,full,success,0.15196846233333336,,,,
aarch64-unknown-linux-gnu,encoding_rs,0.8.35,mem::tests::test_is_basic_latin_fail,full,success,0.4338970690000001,,,,
aarch64-unknown-linux-gnu,encoding_rs,0.8.35,mem::tests::test_is_basic_latin_success,full,success,0.16949792933333338,,,,
aarch64-unknown-linux-gnu,encoding_rs,0.8.35,mem::tests::test_is_char_bidi,full,success,0.10719632100000002,,,,
aarch64-unknown-linux-gnu,encoding_rs,0.8.35,mem::tests::test_is_str_bidi,full,success,0.10839023633333333,,,,
aarch64-unknown-linux-gnu,encoding_rs,0.8.35,mem::tests::test_is_str_latin1_fail,full,success,1.148347103,,,,
aarch64-unknown-linux-gnu,encoding_rs,0.8.35,mem::tests::test_is_str_latin1_success,full,success,0.27944721233333336,,,,
aarch64-unknown-linux-gnu,encoding_rs,0.8.35,mem::tests::test_is_utf16_bidi,full,success,0.111675278,,,,
aarch64-unknown-linux-gnu,encoding_rs,0.8.35,mem::tests::test_is_utf16_code_unit_bidi,full,success,0.10862129133333333,,,,
aarch64-unknown-linux-gnu,encoding_rs,0.8.35,mem::tests::test_is_utf16_latin1_fail,full,success,6.763357256,,,,
aarch64-unknown-linux-gnu,encoding_rs,0.8.35,mem::tests::test_is_utf16_latin1_success,full,success,0.31327522999999996,,,,
aarch64-unknown-linux-gnu,encoding_rs,0.8.35,mem::tests::test_is_utf8_bidi,full,success,0.10637336633333334,,,,
aarch64-unknown-linux-gnu,encoding_rs,0.8.35,mem::tests::test_is_utf8_bidi_edge_cases,full,success,0.10456163333333335,,,,
aarch64-unknown-linux-gnu,encoding_rs,0.8.35,mem::tests::test_is_utf8_latin1_fail,full,success,1.3160048576666667,,,,
aarch64-unknown-linux-gnu,encoding_rs,0.8.35,mem::tests::test_is_utf8_latin1_invalid,full,success,0.10496840333333333,,,,
aarch64-unknown-linux-gnu,encoding_rs,0.8.35,mem::tests::test_is_utf8_latin1_success,full,success,0.2716365336666667,,,,
aarch64-unknown-linux-gnu,encoding_rs,0.8.35,mem::tests::test_utf16_valid_up_to,full,success,0.10528498933333334,,,,
aarch64-unknown-linux-gnu,encoding_rs,0.8.35,replacement::tests::test_replacement_decode,full,success,0.10937411699999999,,,,
aarch64-unknown-linux-gnu,encoding_rs,0.8.35,replacement::tests::test_replacement_encode,full,success,0.137275232,,,,
aarch64-unknown-linux-gnu,encoding_rs,0.8.35,shift_jis::tests::test_shift_jis_decode,full,success,0.3947659493333333,,,,
aarch64-unknown-linux-gnu,encoding_rs,0.8.35,shift_jis::tests::test_shift_jis_encode,full,success,4.012262244666666,,,,
aarch64-unknown-linux-gnu,encoding_rs,0.8.35,shift_jis::tests::test_shift_jis_half_width_katakana_length,full,success,0.10909603100000002,,,,
aarch64-unknown-linux-gnu,encoding_rs,0.8.35,single_byte::tests::test_ascii_punctuation,full,success,3.104880934,,,,
aarch64-unknown-linux-gnu,encoding_rs,0.8.35,single_byte::tests::test_decode_malformed,full,success,0.16181935833333336,,,,
aarch64-unknown-linux-gnu,encoding_rs,0.8.35,single_byte::tests::test_encode_unmappables,full,success,0.20091779,,,,
aarch64-unknown-linux-gnu,encoding_rs,0.8.35,single_byte::tests::test_encode_unpaired_surrogates,full,success,0.11712748100000002,,,,
aarch64-unknown-linux-gnu,encoding_rs,0.8.35,single_byte::tests::test_single_byte_decode,full,success,2.2031284209999997,,,,
aarch64-unknown-linux-gnu,encoding_rs,0.8.35,single_byte::tests::test_single_byte_encode,full,success,0.4424231143333334,,,,
aarch64-unknown-linux-gnu,encoding_rs,0.8.35,single_byte::tests::test_single_byte_from_two_low_surrogates,full,success,0.11060632,,,,
aarch64-unknown-linux-gnu,encoding_rs,0.8.35,single_byte::tests::test_windows_1255_ca,full,success,0.132535486,,,,
aarch64-unknown-linux-gnu,encoding_rs,0.8.35,test_labels_names::test_all_labels,full,success,0.646197212,,,,
aarch64-unknown-linux-gnu,encoding_rs,0.8.35,tests::test_bom_sniffing,full,success,0.11996511900000001,,,,
aarch64-unknown-linux-gnu,encoding_rs,0.8.35,tests::test_buffer_end_iso_2022_jp_from_utf16,full,success,0.10962944166666666,,,,
aarch64-unknown-linux-gnu,encoding_rs,0.8.35,tests::test_buffer_end_iso_2022_jp_from_utf8,full,success,0.10983478866666667,,,,
aarch64-unknown-linux-gnu,encoding_rs,0.8.35,tests::test_buffer_end_utf16be,full,success,0.10860393900000002,,,,
aarch64-unknown-linux-gnu,encoding_rs,0.8.35,tests::test_decode_ascii_only_windows_1257_to_cow,full,success,0.108403688,,,,
aarch64-unknown-linux-gnu,encoding_rs,0.8.35,tests::test_decode_ascii_only_windows_1257_to_cow_with_bom_removal,full,success,0.10755955500000002,,,,
aarch64-unknown-linux-gnu,encoding_rs,0.8.35,tests::test_decode_ascii_only_windows_1257_to_cow_without_bom_handling,full,success,0.10783428933333333,,,,
aarch64-unknown-linux-gnu,encoding_rs,0.8.35,tests::test_decode_ascii_only_windows_1257_to_cow_without_bom_handling_and_without_replacement,full,success,0.10896347900000002,,,,
aarch64-unknown-linux-gnu,encoding_rs,0.8.35,tests::test_decode_bomful_invalid_utf8_as_utf_8_to_cow,full,success,0.108470593,,,,
aarch64-unknown-linux-gnu,encoding_rs,0.8.35,tests::test_decode_bomful_invalid_utf8_as_windows_1257_to_cow,full,success,0.10986112600000002,,,,
aarch64-unknown-linux-gnu,encoding_rs,0.8.35,tests::test_decode_bomful_invalid_utf8_to_cow_without_bom_handling,full,success,0.10839200333333333,,,,
aarch64-unknown-linux-gnu,encoding_rs,0.8.35,tests::test_decode_bomful_invalid_utf8_to_cow_without_bom_handling_and_without_replacement,full,success,0.10691096433333334,,,,
aarch64-unknown-linux-gnu,encoding_rs,0.8.35,tests::test_decode_bomful_valid_utf8_as_utf_8_to_cow,full,success,0.10727266933333333,,,,
aarch64-unknown-linux-gnu,encoding_rs,0.8.35,tests::test_decode_bomful_valid_utf8_as_utf_8_to_cow_with_bom_removal,full,success,0.10737396666666667,,,,
aarch64-unknown-linux-gnu,encoding_rs,0.8.35,tests::test_decode_bomful_valid_utf8_as_windows_1257_to_cow,full,success,0.10678458566666667,,,,
aarch64-unknown-linux-gnu,encoding_rs,0.8.35,tests::test_decode_bomful_valid_utf8_as_windows_1257_to_cow_with_bom_removal,full,success,0.10942350333333334,,,,
aarch64-unknown-linux-gnu,encoding_rs,0.8.35,tests::test_decode_bomful_valid_utf8_to_cow_without_bom_handling,full,success,0.10804916133333335,,,,
aarch64-unknown-linux-gnu,encoding_rs,0.8.35,tests::test_decode_bomful_valid_utf8_to_cow_without_bom_handling_and_without_replacement,full,success,0.10906570733333333,,,,
aarch64-unknown-linux-gnu,encoding_rs,0.8.35,tests::test_decode_invalid_windows_1257_to_cow,full,success,0.10952030400000001,,,,
aarch64-unknown-linux-gnu,encoding_rs,0.8.35,tests::test_decode_invalid_windows_1257_to_cow_with_bom_removal,full,success,0.10918383933333332,,,,
aarch64-unknown-linux-gnu,encoding_rs,0.8.35,tests::test_decode_invalid_windows_1257_to_cow_without_bom_handling,full,success,0.10946538200000001,,,,
aarch64-unknown-linux-gnu,encoding_rs,0.8.35,tests::test_decode_invalid_windows_1257_to_cow_without_bom_handling_and_without_replacement,full,success,0.10823864000000001,,,,
aarch64-unknown-linux-gnu,encoding_rs,0.8.35,tests::test_decode_valid_windows_1257_to_cow,full,success,0.108718074,,,,
aarch64-unknown-linux-gnu,encoding_rs,0.8.35,tests::test_decode_valid_windows_1257_to_cow_with_bom_removal,full,success,0.10847387866666668,,,,
aarch64-unknown-linux-gnu,encoding_rs,0.8.35,tests::test_decode_valid_windows_1257_to_cow_without_bom_handling,full,success,0.10925980533333335,,,,
aarch64-unknown-linux-gnu,encoding_rs,0.8.35,tests::test_decode_valid_windows_1257_to_cow_without_bom_handling_and_without_replacement,full,success,0.10900177100000001,,,,
aarch64-unknown-linux-gnu,encoding_rs,0.8.35,tests::test_encode_ascii_only_windows_1257_to_cow,full,success,0.10720620333333335,,,,
aarch64-unknown-linux-gnu,encoding_rs,0.8.35,tests::test_encode_valid_windows_1257_to_cow,full,success,0.11012457266666668,,,,
aarch64-unknown-linux-gnu,encoding_rs,0.8.35,tests::test_hash,full,success,0.11034337500000001,,,,
aarch64-unknown-linux-gnu,encoding_rs,0.8.35,tests::test_is_single_byte,full,success,0.10779865400000001,,,,
aarch64-unknown-linux-gnu,encoding_rs,0.8.35,tests::test_iso_2022_jp_ncr_extra_from_utf16,full,success,0.10635993333333334,,,,
aarch64-unknown-linux-gnu,encoding_rs,0.8.35,tests::test_iso_2022_jp_ncr_extra_from_utf8,full,success,0.10753044166666666,,,,
aarch64-unknown-linux-gnu,encoding_rs,0.8.35,tests::test_label_resolution,full,success,0.11184008333333334,,,,
aarch64-unknown-linux-gnu,encoding_rs,0.8.35,tests::test_latin1_byte_compatible_up_to,full,success,0.10868559300000001,,,,
aarch64-unknown-linux-gnu,encoding_rs,0.8.35,tests::test_max_length_with_bom_to_utf8,full,success,0.10770063133333334,,,,
aarch64-unknown-linux-gnu,encoding_rs,0.8.35,tests::test_output_encoding,full,success,0.10727415433333333,,,,
aarch64-unknown-linux-gnu,encoding_rs,0.8.35,tests::test_too_short_buffer_with_iso_2022_jp_ascii_from_utf16,full,success,0.10783687900000001,,,,
aarch64-unknown-linux-gnu,encoding_rs,0.8.35,tests::test_too_short_buffer_with_iso_2022_jp_ascii_from_utf8,full,success,0.10770726333333334,,,,
aarch64-unknown-linux-gnu,encoding_rs,0.8.35,tests::test_too_short_buffer_with_iso_2022_jp_roman_from_utf16,full,success,0.10691104733333334,,,,
aarch64-unknown-linux-gnu,encoding_rs,0.8.35,tests::test_too_short_buffer_with_iso_2022_jp_roman_from_utf8,full,success,0.10710096566666667,,,,
aarch64-unknown-linux-gnu,encoding_rs,0.8.35,tests::test_utf16_space_with_one_bom_byte,full,success,0.107450048,,,,
aarch64-unknown-linux-gnu,encoding_rs,0.8.35,tests::test_utf16_space_with_one_bom_byte_and_a_second_byte_in_same_call,full,success,0.10640451933333335,,,,
aarch64-unknown-linux-gnu,encoding_rs,0.8.35,tests::test_utf16_space_with_two_bom_bytes,full,success,0.10819134166666666,,,,
aarch64-unknown-linux-gnu,encoding_rs,0.8.35,tests::test_utf8_space_with_one_bom_byte,full,success,0.10760009433333334,,,,
aarch64-unknown-linux-gnu,encoding_rs,0.8.35,tests::test_utf8_space_with_two_bom_bytes,full,success,0.10739962433333335,,,,
aarch64-unknown-linux-gnu,encoding_rs,0.8.35,utf_16::tests::test_utf_16_decode,full,success,3.165243312,,,,
aarch64-unknown-linux-gnu,encoding_rs,0.8.35,utf_16::tests::test_utf_16_encode,full,success,0.16119839266666666,,,,
aarch64-unknown-linux-gnu,encoding_rs,0.8.35,utf_16::tests::test_utf_16be_decode_bom_prefix,full,success,0.10511203833333334,,,,
aarch64-unknown-linux-gnu,encoding_rs,0.8.35,utf_16::tests::test_utf_16be_decode_bom_prefixed_split_byte_pair,full,success,0.10619534800000001,,,,
aarch64-unknown-linux-gnu,encoding_rs,0.8.35,utf_16::tests::test_utf_16be_decode_near_end,full,success,0.10754640066666667,,,,
aarch64-unknown-linux-gnu,encoding_rs,0.8.35,utf_16::tests::test_utf_16be_decode_one_by_one,full,success,0.10929420133333334,,,,
aarch64-unknown-linux-gnu,encoding_rs,0.8.35,utf_16::tests::test_utf_16be_decode_three_at_a_time,full,success,0.108000375,,,,
aarch64-unknown-linux-gnu,encoding_rs,0.8.35,utf_16::tests::test_utf_16le_decode_bom_prefix,full,success,0.107188917,,,,
aarch64-unknown-linux-gnu,encoding_rs,0.8.35,utf_16::tests::test_utf_16le_decode_bom_prefixed_split_byte_pair,full,success,0.10777122366666668,,,,
aarch64-unknown-linux-gnu,encoding_rs,0.8.35,utf_16::tests::test_utf_16le_decode_near_end,full,success,0.10661346533333334,,,,
aarch64-unknown-linux-gnu,encoding_rs,0.8.35,utf_16::tests::test_utf_16le_decode_one_by_one,full,success,0.10970880433333335,,,,
aarch64-unknown-linux-gnu,encoding_rs,0.8.35,utf_16::tests::test_utf_16le_decode_three_at_a_time,full,success,0.10851313666666666,,,,
aarch64-unknown-linux-gnu,encoding_rs,0.8.35,utf_8::tests::test_decode_bom_prefix,full,success,0.106742407,,,,
aarch64-unknown-linux-gnu,encoding_rs,0.8.35,utf_8::tests::test_decode_bom_prefixed_split_byte_pair,full,success,0.106718363,,,,
aarch64-unknown-linux-gnu,encoding_rs,0.8.35,utf_8::tests::test_decode_bom_prefixed_split_byte_triple,full,success,0.10740552533333335,,,,
aarch64-unknown-linux-gnu,encoding_rs,0.8.35,utf_8::tests::test_encode_utf8_from_utf16_with_output_limit,full,success,1.3396047143333334,,,,
aarch64-unknown-linux-gnu,encoding_rs,0.8.35,utf_8::tests::test_tail,full,success,0.10809469466666667,,,,
aarch64-unknown-linux-gnu,encoding_rs,0.8.35,utf_8::tests::test_utf8_decode,full,success,0.573870583,,,,
aarch64-unknown-linux-gnu,encoding_rs,0.8.35,utf_8::tests::test_utf8_encode,full,success,0.11887424400000002,,,,
aarch64-unknown-linux-gnu,encoding_rs,0.8.35,utf_8::tests::test_utf8_max_length_from_utf16,full,success,0.10825862233333335,,,,
aarch64-unknown-linux-gnu,encoding_rs,0.8.35,x_user_defined::tests::test_x_user_defined_decode,full,success,0.7812523153333334,,,,
aarch64-unknown-linux-gnu,encoding_rs,0.8.35,x_user_defined::tests::test_x_user_defined_encode,full,success,0.174674174,,,,
aarch64-unknown-linux-gnu,encoding_rs,0.8.35,x_user_defined::tests::test_x_user_defined_from_two_low_surrogates,full,success,0.109298479,,,,
aarch64-unknown-linux-gnu,erased-serde,0.4.10,de::tests::assert_deserializer,full,success,0.11028828733333335,,,,
aarch64-unknown-linux-gnu,erased-serde,0.4.10,de::tests::test_borrowed,full,success,0.11118850233333333,,,,
aarch64-unknown-linux-gnu,erased-serde,0.4.10,de::tests::test_dangle,full,success,0.10921627933333333,,,,
aarch64-unknown-linux-gnu,erased-serde,0.4.10,de::tests::test_enum,full,success,0.1338431956666667,,,,
aarch64-unknown-linux-gnu,erased-serde,0.4.10,de::tests::test_struct,full,success,0.11264474733333334,,,,
aarch64-unknown-linux-gnu,erased-serde,0.4.10,de::tests::test_value,full,success,0.12995682633333336,,,,
aarch64-unknown-linux-gnu,erased-serde,0.4.10,macros::tests::test_generic_bound,full,success,0.10938318400000001,,,,
aarch64-unknown-linux-gnu,erased-serde,0.4.10,macros::tests::test_plain,full,success,0.11028040700000001,,,,
aarch64-unknown-linux-gnu,erased-serde,0.4.10,macros::tests::test_type_parameter,full,success,0.11019301199999999,,,,
aarch64-unknown-linux-gnu,erased-serde,0.4.10,macros::tests::test_where_clause,full,success,0.10969353600000002,,,,
aarch64-unknown-linux-gnu,erased-serde,0.4.10,ser::tests::assert_serialize,full,success,0.10950071066666667,,,,
aarch64-unknown-linux-gnu,erased-serde,0.4.10,ser::tests::test_dangle,full,success,0.10986728533333334,,,,
aarch64-unknown-linux-gnu,erased-serde,0.4.10,ser::tests::test_enum,full,success,0.12582310300000002,,,,
aarch64-unknown-linux-gnu,erased-serde,0.4.10,ser::tests::test_error_custom,full,success,0.11226093466666666,,,,
aarch64-unknown-linux-gnu,erased-serde,0.4.10,ser::tests::test_struct,full,success,0.11343567733333333,,,,
aarch64-unknown-linux-gnu,erased-serde,0.4.10,ser::tests::test_vec,full,success,0.11429308266666667,,,,
aarch64-unknown-linux-gnu,errno,0.3.14,check_description,full,success,0.10672259033333335,,,,
aarch64-unknown-linux-gnu,errno,0.3.14,check_error_into_errno,full,success,0.10364592066666667,,,,
aarch64-unknown-linux-gnu,errno,0.3.14,it_works,full,success,0.10431240433333333,,,,
aarch64-unknown-linux-gnu,errno,0.3.14,it_works_with_to_string,full,success,0.10401503700000002,,,,
aarch64-unknown-linux-gnu,event-listener-strategy,0.5.4,send_and_sync,full,success,0.10571106400000001,,,,
aarch64-unknown-linux-gnu,event-listener,5.4.1,sys::tests::drop_non_notified,full,success,0.10667594166666668,,,,
aarch64-unknown-linux-gnu,event-listener,5.4.1,sys::tests::insert,full,success,0.10667724633333335,,,,
aarch64-unknown-linux-gnu,flate2,1.1.9,crc::tests::combine_matches_concatenation,full,success,0.11088497466666668,,,,
aarch64-unknown-linux-gnu,flate2,1.1.9,crc::tests::known_vector_hello,full,success,0.10619173733333333,,,,
aarch64-unknown-linux-gnu,flate2,1.1.9,crc::tests::known_vector_quick_brown_fox,full,success,0.106570283,,,,
aarch64-unknown-linux-gnu,flate2,1.1.9,crc::tests::new_is_empty,full,success,0.10637604466666667,,,,
aarch64-unknown-linux-gnu,flate2,1.1.9,crc::tests::reset_restores_initial_state,full,success,0.10615797633333335,,,,
aarch64-unknown-linux-gnu,flate2,1.1.9,crc::tests::update_is_streaming,full,success,0.10732616333333334,,,,
aarch64-unknown-linux-gnu,flate2,1.1.9,deflate::bufread::test::decode_extra_data,full,success,14.832714396666667,,,,
aarch64-unknown-linux-gnu,flate2,1.1.9,deflate::tests::drop_writes,full,success,15.010858818,,,,
aarch64-unknown-linux-gnu,flate2,1.1.9,deflate::write::tests::decode_extra_data,full,success,30.33718489,,,,
aarch64-unknown-linux-gnu,flate2,1.1.9,gz::bufread::test::decode_extra_data,full,success,15.232354738333333,,,,
aarch64-unknown-linux-gnu,flate2,1.1.9,gz::read::tests::blocked_partial_header_read,full,success,0.10713017233333334,,,,
aarch64-unknown-linux-gnu,flate2,1.1.9,gz::tests::fields,full,success,14.926834892333332,,,,
aarch64-unknown-linux-gnu,flate2,1.1.9,gz::tests::flush_after_write,full,success,5.618962673666666,,,,
aarch64-unknown-linux-gnu,flate2,1.1.9,gz::tests::keep_reading_after_end,full,success,16.160620886333334,,,,
aarch64-unknown-linux-gnu,flate2,1.1.9,gz::tests::read_decoder_detects_corrupted_crc,full,success,2.083430842333333,,,,
aarch64-unknown-linux-gnu,flate2,1.1.9,gz::tests::roundtrip,full,success,15.646006996333334,,,,
aarch64-unknown-linux-gnu,flate2,1.1.9,gz::tests::roundtrip_header,full,success,0.135491575,,,,
aarch64-unknown-linux-gnu,flate2,1.1.9,gz::tests::roundtrip_zero,full,success,14.790777405333335,,,,
aarch64-unknown-linux-gnu,flate2,1.1.9,gz::tests::write_decoder_detects_corrupted_crc,full,success,2.104121617666667,,,,
aarch64-unknown-linux-gnu,flate2,1.1.9,gz::write::tests::decode_extra_data,full,success,30.776303469,,,,
aarch64-unknown-linux-gnu,flate2,1.1.9,gz::write::tests::decode_multi_writer,full,success,52.633346176,,,,
aarch64-unknown-linux-gnu,flate2,1.1.9,gz::write::tests::decode_writer_exact_header,full,success,28.069860249666664,,,,
aarch64-unknown-linux-gnu,flate2,1.1.9,gz::write::tests::decode_writer_one_chunk,full,success,29.239064672666668,,,,
aarch64-unknown-linux-gnu,flate2,1.1.9,gz::write::tests::decode_writer_partial_crc,full,success,28.305021758,,,,
aarch64-unknown-linux-gnu,flate2,1.1.9,gz::write::tests::decode_writer_partial_header,full,success,28.320138838000002,,,,
aarch64-unknown-linux-gnu,flate2,1.1.9,gz::write::tests::decode_writer_partial_header_comment,full,success,30.16317384366667,,,,
aarch64-unknown-linux-gnu,flate2,1.1.9,gz::write::tests::decode_writer_partial_header_filename,full,success,30.194815934333334,,,,
aarch64-unknown-linux-gnu,flate2,1.1.9,mem::tests::issue51,full,success,15.087330318333334,,,,
aarch64-unknown-linux-gnu,flate2,1.1.9,mem::tests::reset,full,success,41.834800980999994,,,,
aarch64-unknown-linux-gnu,flate2,1.1.9,zlib::bufread::test::decode_extra_data,full,success,15.110329441,,,,
aarch64-unknown-linux-gnu,flate2,1.1.9,zlib::tests::bad_input,full,success,0.2859763733333333,,,,
aarch64-unknown-linux-gnu,flate2,1.1.9,zlib::tests::drop_writes,full,success,16.468057996333332,,,,
aarch64-unknown-linux-gnu,flate2,1.1.9,zlib::write::tests::decode_extra_data,full,success,33.121635499,,,,
aarch64-unknown-linux-gnu,futures-task,0.3.32,noop_waker::tests::issue_2091_cross_thread_segfault,full,success,0.10721341733333334,,,,
aarch64-unknown-linux-gnu,futures-util,0.3.32,lock::mutex::tests::test_mutex_guard_debug_not_recurse,full,success,0.10867093133333335,,,,
aarch64-unknown-linux-gnu,generic-array,1.4.3,impls::tests::test_from_inference,full,success,0.10666511666666667,,,,
aarch64-unknown-linux-gnu,generic-array,1.4.3,iter::test::test_send_iter,full,success,0.10578011633333334,,,,
aarch64-unknown-linux-gnu,generic-array,1.4.3,test::test_assembly,full,success,0.10681880866666667,,,,
aarch64-unknown-linux-gnu,gimli,0.33.0,arch::tests::test_aarch64_registers,full,success,0.24137758933333334,,,,
aarch64-unknown-linux-gnu,gimli,0.33.0,arch::tests::test_power64_registers,full,success,0.20891591633333337,,,,
aarch64-unknown-linux-gnu,gimli,0.33.0,case_fold::tests::test_case_fold,full,success,0.109025151,,,,
aarch64-unknown-linux-gnu,gimli,0.33.0,case_fold::tests::test_case_folding_djb_hash,full,success,0.11311241633333335,,,,
aarch64-unknown-linux-gnu,gimli,0.33.0,constants::tests::test_dw_eh_pe_application,full,success,0.108129996,,,,
aarch64-unknown-linux-gnu,gimli,0.33.0,constants::tests::test_dw_eh_pe_format,full,success,0.10718656966666668,,,,
aarch64-unknown-linux-gnu,gimli,0.33.0,constants::tests::test_dw_eh_pe_is_absent,full,success,0.10810602466666668,,,,
aarch64-unknown-linux-gnu,gimli,0.33.0,constants::tests::test_dw_eh_pe_is_valid_encoding_bad_application,full,success,0.10785767099999999,,,,
aarch64-unknown-linux-gnu,gimli,0.33.0,constants::tests::test_dw_eh_pe_is_valid_encoding_bad_format,full,success,0.107968534,,,,
aarch64-unknown-linux-gnu,gimli,0.33.0,constants::tests::test_dw_eh_pe_is_valid_encoding_ok,full,success,0.10894155333333333,,,,
aarch64-unknown-linux-gnu,gimli,0.33.0,leb128::tests::test_low_bits_of_byte,full,success,0.11123469066666668,,,,
aarch64-unknown-linux-gnu,gimli,0.33.0,leb128::tests::test_low_bits_of_u64,full,success,0.110838856,,,,
aarch64-unknown-linux-gnu,gimli,0.33.0,leb128::tests::test_read_multiple,full,success,0.10759331366666669,,,,
aarch64-unknown-linux-gnu,gimli,0.33.0,leb128::tests::test_read_signed,full,success,0.10795956200000001,,,,
aarch64-unknown-linux-gnu,gimli,0.33.0,leb128::tests::test_read_signed_63_bits,full,success,0.10889818066666668,,,,
aarch64-unknown-linux-gnu,gimli,0.33.0,leb128::tests::test_read_signed_not_enough_data,full,success,0.10766174433333335,,,,
aarch64-unknown-linux-gnu,gimli,0.33.0,leb128::tests::test_read_signed_overflow,full,success,0.10937097166666666,,,,
aarch64-unknown-linux-gnu,gimli,0.33.0,leb128::tests::test_read_u16,full,success,0.10963720633333333,,,,
aarch64-unknown-linux-gnu,gimli,0.33.0,leb128::tests::test_read_unsigned,full,success,0.10916606366666666,,,,
aarch64-unknown-linux-gnu,gimli,0.33.0,leb128::tests::test_read_unsigned_invalid,full,success,0.10918872633333333,,,,
aarch64-unknown-linux-gnu,gimli,0.33.0,leb128::tests::test_read_unsigned_not_enough_data,full,success,0.107774151,,,,
aarch64-unknown-linux-gnu,gimli,0.33.0,leb128::tests::test_read_unsigned_overflow,full,success,0.10995213200000002,,,,
aarch64-unknown-linux-gnu,gimli,0.33.0,leb128::tests::test_write_signed_not_enough_space,full,success,0.10841303066666667,,,,
aarch64-unknown-linux-gnu,gimli,0.33.0,leb128::tests::test_write_unsigned_not_enough_space,full,success,0.10879402933333333,,,,
aarch64-unknown-linux-gnu,gimli,0.33.0,read::abbrev::tests::test_abbreviations_insert,full,success,0.11638529633333335,,,,
aarch64-unknown-linux-gnu,gimli,0.33.0,read::abbrev::tests::test_debug_abbrev_ok,full,success,0.11609729966666667,,,,
aarch64-unknown-linux-gnu,gimli,0.33.0,read::abbrev::tests::test_get_abbrev_zero,full,success,0.10958105533333334,,,,
aarch64-unknown-linux-gnu,gimli,0.33.0,read::abbrev::tests::test_parse_abbreviation_has_children,full,success,0.10920420000000002,,,,
aarch64-unknown-linux-gnu,gimli,0.33.0,read::abbrev::tests::test_parse_abbreviation_implicit_const_no_const,full,success,0.11047705033333333,,,,
aarch64-unknown-linux-gnu,gimli,0.33.0,read::abbrev::tests::test_parse_abbreviation_implicit_const_ok,full,success,0.11238449,,,,
aarch64-unknown-linux-gnu,gimli,0.33.0,read::abbrev::tests::test_parse_abbreviation_ok,full,success,0.110649334,,,,
aarch64-unknown-linux-gnu,gimli,0.33.0,read::abbrev::tests::test_parse_abbreviation_tag_ok,full,success,0.10794779933333333,,,,
aarch64-unknown-linux-gnu,gimli,0.33.0,read::abbrev::tests::test_parse_abbreviation_tag_zero,full,success,0.10930924333333335,,,,
aarch64-unknown-linux-gnu,gimli,0.33.0,read::abbrev::tests::test_parse_abbreviations_duplicate,full,success,0.113155061,,,,
aarch64-unknown-linux-gnu,gimli,0.33.0,read::abbrev::tests::test_parse_abbreviations_ok,full,success,0.11435415966666668,,,,
aarch64-unknown-linux-gnu,gimli,0.33.0,read::abbrev::tests::test_parse_attribute_specifications_form_zero,full,success,0.10815686166666667,,,,
aarch64-unknown-linux-gnu,gimli,0.33.0,read::abbrev::tests::test_parse_attribute_specifications_name_zero,full,success,0.10944194233333333,,,,
aarch64-unknown-linux-gnu,gimli,0.33.0,read::abbrev::tests::test_parse_null_abbreviation_ok,full,success,0.10963041333333334,,,,
aarch64-unknown-linux-gnu,gimli,0.33.0,read::abbrev::tests::test_parse_null_attribute_specification_ok,full,success,0.108694998,,,,
aarch64-unknown-linux-gnu,gimli,0.33.0,read::addr::tests::test_get_address,full,success,0.15185307033333337,,,,
aarch64-unknown-linux-gnu,gimli,0.33.0,read::addr::tests::test_iterator,full,success,0.12206013,,,,
aarch64-unknown-linux-gnu,gimli,0.33.0,read::aranges::tests::test_iterate_headers,full,success,0.110009588,,,,
aarch64-unknown-linux-gnu,gimli,0.33.0,read::aranges::tests::test_parse_entry_ok,full,success,0.10917067566666667,,,,
aarch64-unknown-linux-gnu,gimli,0.33.0,read::aranges::tests::test_parse_entry_overflow_32,full,success,0.10915039433333333,,,,
aarch64-unknown-linux-gnu,gimli,0.33.0,read::aranges::tests::test_parse_entry_overflow_64,full,success,0.10950289566666667,,,,
aarch64-unknown-linux-gnu,gimli,0.33.0,read::aranges::tests::test_parse_entry_tombstone_32,full,success,0.10975769866666667,,,,
aarch64-unknown-linux-gnu,gimli,0.33.0,read::aranges::tests::test_parse_entry_tombstone_64,full,success,0.11055906533333333,,,,
aarch64-unknown-linux-gnu,gimli,0.33.0,read::aranges::tests::test_parse_entry_zero,full,success,0.10869580500000002,,,,
aarch64-unknown-linux-gnu,gimli,0.33.0,read::aranges::tests::test_parse_header_div_by_zero_error,full,success,0.10895174966666667,,,,
aarch64-unknown-linux-gnu,gimli,0.33.0,read::aranges::tests::test_parse_header_ok,full,success,0.10991341033333334,,,,
aarch64-unknown-linux-gnu,gimli,0.33.0,read::aranges::tests::test_parse_header_overflow_error,full,success,0.10913592300000001,,,,
aarch64-unknown-linux-gnu,gimli,0.33.0,read::cfi::tests::iter_register_rules,full,success,0.10908190466666667,,,,
aarch64-unknown-linux-gnu,gimli,0.33.0,read::cfi::tests::register_rule_map_eq,full,success,0.11365535966666668,,,,
aarch64-unknown-linux-gnu,gimli,0.33.0,read::cfi::tests::size_of_register_rule_map,full,success,0.10925108433333335,,,,
aarch64-unknown-linux-gnu,gimli,0.33.0,read::cfi::tests::size_of_unwind_ctx,full,success,0.10851764733333336,,,,
aarch64-unknown-linux-gnu,gimli,0.33.0,read::cfi::tests::test_augmentation_parse_L,full,success,0.11001170066666667,,,,
aarch64-unknown-linux-gnu,gimli,0.33.0,read::cfi::tests::test_augmentation_parse_P,full,success,0.11047360666666668,,,,
aarch64-unknown-linux-gnu,gimli,0.33.0,read::cfi::tests::test_augmentation_parse_R,full,success,0.11091751366666668,,,,
aarch64-unknown-linux-gnu,gimli,0.33.0,read::cfi::tests::test_augmentation_parse_S,full,success,0.10998689366666665,,,,
aarch64-unknown-linux-gnu,gimli,0.33.0,read::cfi::tests::test_augmentation_parse_all,full,success,0.11200327333333333,,,,
aarch64-unknown-linux-gnu,gimli,0.33.0,read::cfi::tests::test_augmentation_parse_just_signal_trampoline,full,success,0.109094176,,,,
aarch64-unknown-linux-gnu,gimli,0.33.0,read::cfi::tests::test_augmentation_parse_not_z_augmentation,full,success,0.1079567,,,,
aarch64-unknown-linux-gnu,gimli,0.33.0,read::cfi::tests::test_augmentation_parse_unknown_part_of_z_augmentation,full,success,0.111566235,,,,
aarch64-unknown-linux-gnu,gimli,0.33.0,read::cfi::tests::test_call_frame_instruction_iter_err,full,success,0.11097840800000001,,,,
aarch64-unknown-linux-gnu,gimli,0.33.0,read::cfi::tests::test_call_frame_instruction_iter_ok,full,success,0.11640676100000001,,,,
aarch64-unknown-linux-gnu,gimli,0.33.0,read::cfi::tests::test_cfi_entries_iter,full,success,0.1445587906666667,,,,
aarch64-unknown-linux-gnu,gimli,0.33.0,read::cfi::tests::test_debug_frame_skips_zero_length,full,success,0.11951565733333334,,,,
aarch64-unknown-linux-gnu,gimli,0.33.0,read::cfi::tests::test_eh_frame_cie_personality_function_relative_bad_context,full,success,0.121183724,,,,
aarch64-unknown-linux-gnu,gimli,0.33.0,read::cfi::tests::test_eh_frame_fde_empty_augmentation,full,success,0.116857519,,,,
aarch64-unknown-linux-gnu,gimli,0.33.0,read::cfi::tests::test_eh_frame_fde_for_address_good,full,success,0.150013732,,,,
aarch64-unknown-linux-gnu,gimli,0.33.0,read::cfi::tests::test_eh_frame_fde_lsda_augmentation,full,success,0.11683308533333335,,,,
aarch64-unknown-linux-gnu,gimli,0.33.0,read::cfi::tests::test_eh_frame_fde_lsda_function_relative,full,success,0.11974586266666669,,,,
aarch64-unknown-linux-gnu,gimli,0.33.0,read::cfi::tests::test_eh_frame_fde_no_augmentation,full,success,0.11612862866666668,,,,
aarch64-unknown-linux-gnu,gimli,0.33.0,read::cfi::tests::test_eh_frame_fde_ok,full,success,0.12499390466666667,,,,
aarch64-unknown-linux-gnu,gimli,0.33.0,read::cfi::tests::test_eh_frame_fde_out_of_bounds,full,success,0.12223132633333333,,,,
aarch64-unknown-linux-gnu,gimli,0.33.0,read::cfi::tests::test_eh_frame_hdr_good,full,success,0.11506168366666668,,,,
aarch64-unknown-linux-gnu,gimli,0.33.0,read::cfi::tests::test_eh_frame_hdr_indirect_length,full,success,0.11039213566666667,,,,
aarch64-unknown-linux-gnu,gimli,0.33.0,read::cfi::tests::test_eh_frame_hdr_indirect_ptrs,full,success,0.11175472500000001,,,,
aarch64-unknown-linux-gnu,gimli,0.33.0,read::cfi::tests::test_eh_frame_hdr_omit_count,full,success,0.11100671233333333,,,,
aarch64-unknown-linux-gnu,gimli,0.33.0,read::cfi::tests::test_eh_frame_hdr_omit_ehptr,full,success,0.11106153566666667,,,,
aarch64-unknown-linux-gnu,gimli,0.33.0,read::cfi::tests::test_eh_frame_hdr_omit_table,full,success,0.11071182066666668,,,,
aarch64-unknown-linux-gnu,gimli,0.33.0,read::cfi::tests::test_eh_frame_hdr_unknown_version,full,success,0.10898015766666667,,,,
aarch64-unknown-linux-gnu,gimli,0.33.0,read::cfi::tests::test_eh_frame_hdr_varlen_table,full,success,0.11073546466666669,,,,
aarch64-unknown-linux-gnu,gimli,0.33.0,read::cfi::tests::test_eh_frame_resolve_cie_offset_ok,full,success,0.11474027466666668,,,,
aarch64-unknown-linux-gnu,gimli,0.33.0,read::cfi::tests::test_eh_frame_resolve_cie_offset_out_of_bounds,full,success,0.114359644,,,,
aarch64-unknown-linux-gnu,gimli,0.33.0,read::cfi::tests::test_eh_frame_resolve_cie_offset_underflow,full,success,0.11536208866666668,,,,
aarch64-unknown-linux-gnu,gimli,0.33.0,read::cfi::tests::test_eh_frame_stops_at_zero_length,full,success,0.115206599,,,,
aarch64-unknown-linux-gnu,gimli,0.33.0,read::cfi::tests::test_eval_advance_loc,full,success,0.11053456466666667,,,,
aarch64-unknown-linux-gnu,gimli,0.33.0,read::cfi::tests::test_eval_advance_loc_overflow_32,full,success,0.11033157900000001,,,,
aarch64-unknown-linux-gnu,gimli,0.33.0,read::cfi::tests::test_eval_advance_loc_overflow_64,full,success,0.11109853900000001,,,,
aarch64-unknown-linux-gnu,gimli,0.33.0,read::cfi::tests::test_eval_def_cfa,full,success,0.11090620866666667,,,,
aarch64-unknown-linux-gnu,gimli,0.33.0,read::cfi::tests::test_eval_def_cfa_expression,full,success,0.11155495433333334,,,,
aarch64-unknown-linux-gnu,gimli,0.33.0,read::cfi::tests::test_eval_def_cfa_offset,full,success,0.11153435533333335,,,,
aarch64-unknown-linux-gnu,gimli,0.33.0,read::cfi::tests::test_eval_def_cfa_offset_invalid_context,full,success,0.11211968933333334,,,,
aarch64-unknown-linux-gnu,gimli,0.33.0,read::cfi::tests::test_eval_def_cfa_register,full,success,0.11218163733333335,,,,
aarch64-unknown-linux-gnu,gimli,0.33.0,read::cfi::tests::test_eval_def_cfa_register_invalid_context,full,success,0.11128585133333334,,,,
aarch64-unknown-linux-gnu,gimli,0.33.0,read::cfi::tests::test_eval_def_cfa_sf,full,success,0.11163127966666668,,,,
aarch64-unknown-linux-gnu,gimli,0.33.0,read::cfi::tests::test_eval_expression,full,success,0.11443003133333333,,,,
aarch64-unknown-linux-gnu,gimli,0.33.0,read::cfi::tests::test_eval_negate_ra_state,full,success,0.12387137466666669,,,,
aarch64-unknown-linux-gnu,gimli,0.33.0,read::cfi::tests::test_eval_nop,full,success,0.11199796433333335,,,,
aarch64-unknown-linux-gnu,gimli,0.33.0,read::cfi::tests::test_eval_offset,full,success,0.11447858300000001,,,,
aarch64-unknown-linux-gnu,gimli,0.33.0,read::cfi::tests::test_eval_offset_extended_sf,full,success,0.11312254333333334,,,,
aarch64-unknown-linux-gnu,gimli,0.33.0,read::cfi::tests::test_eval_remember_state,full,success,0.11389750266666666,,,,
aarch64-unknown-linux-gnu,gimli,0.33.0,read::cfi::tests::test_eval_restore,full,success,0.11581848266666668,,,,
aarch64-unknown-linux-gnu,gimli,0.33.0,read::cfi::tests::test_eval_restore_havent_saved_initial_context,full,success,0.11291065166666668,,,,
aarch64-unknown-linux-gnu,gimli,0.33.0,read::cfi::tests::test_eval_restore_state,full,success,0.11623894066666668,,,,
aarch64-unknown-linux-gnu,gimli,0.33.0,read::cfi::tests::test_eval_same_value,full,success,0.11450048066666668,,,,
aarch64-unknown-linux-gnu,gimli,0.33.0,read::cfi::tests::test_eval_set_loc,full,success,0.11260954433333335,,,,
aarch64-unknown-linux-gnu,gimli,0.33.0,read::cfi::tests::test_eval_set_loc_backwards,full,success,0.113400167,,,,
aarch64-unknown-linux-gnu,gimli,0.33.0,read::cfi::tests::test_eval_undefined,full,success,0.11314354233333335,,,,
aarch64-unknown-linux-gnu,gimli,0.33.0,read::cfi::tests::test_eval_val_expression,full,success,0.114826776,,,,
aarch64-unknown-linux-gnu,gimli,0.33.0,read::cfi::tests::test_eval_val_offset,full,success,0.11385674033333333,,,,
aarch64-unknown-linux-gnu,gimli,0.33.0,read::cfi::tests::test_eval_val_offset_sf,full,success,0.11367589500000001,,,,
aarch64-unknown-linux-gnu,gimli,0.33.0,read::cfi::tests::test_parse_cfi_entry_on_cie_32_ok,full,success,0.11788225133333334,,,,
aarch64-unknown-linux-gnu,gimli,0.33.0,read::cfi::tests::test_parse_cfi_entry_on_fde_32_ok,full,success,0.11697811866666667,,,,
aarch64-unknown-linux-gnu,gimli,0.33.0,read::cfi::tests::test_parse_cfi_instruction_advance_loc,full,success,0.11056735266666667,,,,
aarch64-unknown-linux-gnu,gimli,0.33.0,read::cfi::tests::test_parse_cfi_instruction_advance_loc1,full,success,0.11139149066666669,,,,
aarch64-unknown-linux-gnu,gimli,0.33.0,read::cfi::tests::test_parse_cfi_instruction_advance_loc2,full,success,0.11141677466666668,,,,
aarch64-unknown-linux-gnu,gimli,0.33.0,read::cfi::tests::test_parse_cfi_instruction_advance_loc4,full,success,0.11164354466666669,,,,
aarch64-unknown-linux-gnu,gimli,0.33.0,read::cfi::tests::test_parse_cfi_instruction_def_cfa,full,success,0.11127639066666667,,,,
aarch64-unknown-linux-gnu,gimli,0.33.0,read::cfi::tests::test_parse_cfi_instruction_def_cfa_expression,full,success,0.11738385466666668,,,,
aarch64-unknown-linux-gnu,gimli,0.33.0,read::cfi::tests::test_parse_cfi_instruction_def_cfa_offset,full,success,0.11073259133333334,,,,
aarch64-unknown-linux-gnu,gimli,0.33.0,read::cfi::tests::test_parse_cfi_instruction_def_cfa_offset_sf,full,success,0.11190858466666669,,,,
aarch64-unknown-linux-gnu,gimli,0.33.0,read::cfi::tests::test_parse_cfi_instruction_def_cfa_register,full,success,0.11097229666666668,,,,
aarch64-unknown-linux-gnu,gimli,0.33.0,read::cfi::tests::test_parse_cfi_instruction_def_cfa_sf,full,success,0.11261157833333334,,,,
aarch64-unknown-linux-gnu,gimli,0.33.0,read::cfi::tests::test_parse_cfi_instruction_expression,full,success,0.11689960366666667,,,,
aarch64-unknown-linux-gnu,gimli,0.33.0,read::cfi::tests::test_parse_cfi_instruction_negate_ra_state,full,success,0.11162605533333335,,,,
aarch64-unknown-linux-gnu,gimli,0.33.0,read::cfi::tests::test_parse_cfi_instruction_nop,full,success,0.11035748566666669,,,,
aarch64-unknown-linux-gnu,gimli,0.33.0,read::cfi::tests::test_parse_cfi_instruction_offset,full,success,0.111693227,,,,
aarch64-unknown-linux-gnu,gimli,0.33.0,read::cfi::tests::test_parse_cfi_instruction_offset_extended,full,success,0.11113729500000001,,,,
aarch64-unknown-linux-gnu,gimli,0.33.0,read::cfi::tests::test_parse_cfi_instruction_offset_extended_sf,full,success,0.11159774766666668,,,,
aarch64-unknown-linux-gnu,gimli,0.33.0,read::cfi::tests::test_parse_cfi_instruction_register,full,success,0.11191169166666666,,,,
aarch64-unknown-linux-gnu,gimli,0.33.0,read::cfi::tests::test_parse_cfi_instruction_remember_state,full,success,0.11155253733333333,,,,
aarch64-unknown-linux-gnu,gimli,0.33.0,read::cfi::tests::test_parse_cfi_instruction_restore,full,success,0.110679021,,,,
aarch64-unknown-linux-gnu,gimli,0.33.0,read::cfi::tests::test_parse_cfi_instruction_restore_extended,full,success,0.11067534400000001,,,,
aarch64-unknown-linux-gnu,gimli,0.33.0,read::cfi::tests::test_parse_cfi_instruction_restore_state,full,success,0.11129992000000001,,,,
aarch64-unknown-linux-gnu,gimli,0.33.0,read::cfi::tests::test_parse_cfi_instruction_same_value,full,success,0.11162779666666667,,,,
aarch64-unknown-linux-gnu,gimli,0.33.0,read::cfi::tests::test_parse_cfi_instruction_set_loc,full,success,0.11083231633333335,,,,
aarch64-unknown-linux-gnu,gimli,0.33.0,read::cfi::tests::test_parse_cfi_instruction_set_loc_encoding,full,success,0.11251436,,,,
aarch64-unknown-linux-gnu,gimli,0.33.0,read::cfi::tests::test_parse_cfi_instruction_undefined,full,success,0.11170565366666667,,,,
aarch64-unknown-linux-gnu,gimli,0.33.0,read::cfi::tests::test_parse_cfi_instruction_unknown_instruction,full,success,0.11118881466666668,,,,
aarch64-unknown-linux-gnu,gimli,0.33.0,read::cfi::tests::test_parse_cfi_instruction_val_expression,full,success,0.11653977966666668,,,,
aarch64-unknown-linux-gnu,gimli,0.33.0,read::cfi::tests::test_parse_cfi_instruction_val_offset,full,success,0.11208952433333334,,,,
aarch64-unknown-linux-gnu,gimli,0.33.0,read::cfi::tests::test_parse_cfi_instruction_val_offset_sf,full,success,0.11196025433333334,,,,
aarch64-unknown-linux-gnu,gimli,0.33.0,read::cfi::tests::test_parse_cie_32_bad_version,full,success,0.11698345500000001,,,,
aarch64-unknown-linux-gnu,gimli,0.33.0,read::cfi::tests::test_parse_cie_32_ok,full,success,0.141210371,,,,
aarch64-unknown-linux-gnu,gimli,0.33.0,read::cfi::tests::test_parse_cie_64_ok,full,success,0.14403175366666668,,,,
aarch64-unknown-linux-gnu,gimli,0.33.0,read::cfi::tests::test_parse_cie_bad_id_32,full,success,0.11229508366666667,,,,
aarch64-unknown-linux-gnu,gimli,0.33.0,read::cfi::tests::test_parse_cie_from_offset,full,success,0.12061896466666666,,,,
aarch64-unknown-linux-gnu,gimli,0.33.0,read::cfi::tests::test_parse_cie_incomplete_id_32,full,success,0.11154696000000001,,,,
aarch64-unknown-linux-gnu,gimli,0.33.0,read::cfi::tests::test_parse_cie_incomplete_length_32,full,success,0.11143231900000002,,,,
aarch64-unknown-linux-gnu,gimli,0.33.0,read::cfi::tests::test_parse_cie_incomplete_length_64,full,success,0.11166457933333335,,,,
aarch64-unknown-linux-gnu,gimli,0.33.0,read::cfi::tests::test_parse_cie_length_too_big,full,success,0.117055794,,,,
aarch64-unknown-linux-gnu,gimli,0.33.0,read::cfi::tests::test_parse_cie_unknown_augmentation,full,success,0.11802792566666669,,,,
aarch64-unknown-linux-gnu,gimli,0.33.0,read::cfi::tests::test_parse_encoded_pointer_absptr,full,success,0.11202171833333334,,,,
aarch64-unknown-linux-gnu,gimli,0.33.0,read::cfi::tests::test_parse_encoded_pointer_aligned,full,success,0.11046689033333335,,,,
aarch64-unknown-linux-gnu,gimli,0.33.0,read::cfi::tests::test_parse_encoded_pointer_bad_encoding,full,success,0.11053505166666666,,,,
aarch64-unknown-linux-gnu,gimli,0.33.0,read::cfi::tests::test_parse_encoded_pointer_datarel,full,success,0.11178061766666668,,,,
aarch64-unknown-linux-gnu,gimli,0.33.0,read::cfi::tests::test_parse_encoded_pointer_datarel_undefined,full,success,0.11037180800000002,,,,
aarch64-unknown-linux-gnu,gimli,0.33.0,read::cfi::tests::test_parse_encoded_pointer_funcrel,full,success,0.110325075,,,,
aarch64-unknown-linux-gnu,gimli,0.33.0,read::cfi::tests::test_parse_encoded_pointer_funcrel_undefined,full,success,0.11083819099999999,,,,
aarch64-unknown-linux-gnu,gimli,0.33.0,read::cfi::tests::test_parse_encoded_pointer_indirect,full,success,0.11146106866666668,,,,
aarch64-unknown-linux-gnu,gimli,0.33.0,read::cfi::tests::test_parse_encoded_pointer_omit,full,success,0.11078938733333334,,,,
aarch64-unknown-linux-gnu,gimli,0.33.0,read::cfi::tests::test_parse_encoded_pointer_pcrel,full,success,0.11355585766666669,,,,
aarch64-unknown-linux-gnu,gimli,0.33.0,read::cfi::tests::test_parse_encoded_pointer_pcrel_undefined,full,success,0.112358937,,,,
aarch64-unknown-linux-gnu,gimli,0.33.0,read::cfi::tests::test_parse_encoded_pointer_sdata2,full,success,0.11212268733333335,,,,
aarch64-unknown-linux-gnu,gimli,0.33.0,read::cfi::tests::test_parse_encoded_pointer_sdata4,full,success,0.11064541700000001,,,,
aarch64-unknown-linux-gnu,gimli,0.33.0,read::cfi::tests::test_parse_encoded_pointer_sdata8,full,success,0.11057395766666667,,,,
aarch64-unknown-linux-gnu,gimli,0.33.0,read::cfi::tests::test_parse_encoded_pointer_sleb128,full,success,0.11215757,,,,
aarch64-unknown-linux-gnu,gimli,0.33.0,read::cfi::tests::test_parse_encoded_pointer_textrel,full,success,0.11083255033333334,,,,
aarch64-unknown-linux-gnu,gimli,0.33.0,read::cfi::tests::test_parse_encoded_pointer_textrel_undefined,full,success,0.11137692833333335,,,,
aarch64-unknown-linux-gnu,gimli,0.33.0,read::cfi::tests::test_parse_encoded_pointer_udata2,full,success,0.11179133333333335,,,,
aarch64-unknown-linux-gnu,gimli,0.33.0,read::cfi::tests::test_parse_encoded_pointer_udata4,full,success,0.11149823600000001,,,,
aarch64-unknown-linux-gnu,gimli,0.33.0,read::cfi::tests::test_parse_encoded_pointer_udata8,full,success,0.11159936366666667,,,,
aarch64-unknown-linux-gnu,gimli,0.33.0,read::cfi::tests::test_parse_encoded_pointer_uleb128,full,success,0.11121713300000001,,,,
aarch64-unknown-linux-gnu,gimli,0.33.0,read::cfi::tests::test_parse_fde_32_ok,full,success,0.11711150633333334,,,,
aarch64-unknown-linux-gnu,gimli,0.33.0,read::cfi::tests::test_parse_fde_64_ok,full,success,0.11786905566666668,,,,
aarch64-unknown-linux-gnu,gimli,0.33.0,read::cfi::tests::test_parse_fde_incomplete_cie_pointer_32,full,success,0.11083622466666666,,,,
aarch64-unknown-linux-gnu,gimli,0.33.0,read::cfi::tests::test_parse_fde_incomplete_length_32,full,success,0.11088754500000002,,,,
aarch64-unknown-linux-gnu,gimli,0.33.0,read::cfi::tests::test_parse_fde_incomplete_length_64,full,success,0.11192483333333335,,,,
aarch64-unknown-linux-gnu,gimli,0.33.0,read::cfi::tests::test_parse_pointer_encoding_bad_encoding,full,success,0.109234512,,,,
aarch64-unknown-linux-gnu,gimli,0.33.0,read::cfi::tests::test_parse_pointer_encoding_ok,full,success,0.10990272566666666,,,,
aarch64-unknown-linux-gnu,gimli,0.33.0,read::cfi::tests::test_unwind_context_reuse,full,success,0.110400214,,,,
aarch64-unknown-linux-gnu,gimli,0.33.0,read::cfi::tests::test_unwind_info_for_address_not_found,full,success,0.110649028,,,,
aarch64-unknown-linux-gnu,gimli,0.33.0,read::cfi::tests::test_unwind_info_for_address_ok,full,success,0.15341472866666664,,,,
aarch64-unknown-linux-gnu,gimli,0.33.0,read::cfi::tests::test_unwind_table_cie_invalid_rule,full,success,0.11896796333333333,,,,
aarch64-unknown-linux-gnu,gimli,0.33.0,read::cfi::tests::test_unwind_table_cie_no_rule,full,success,0.12078030166666669,,,,
aarch64-unknown-linux-gnu,gimli,0.33.0,read::cfi::tests::test_unwind_table_cie_single_rule,full,success,0.12248248666666667,,,,
aarch64-unknown-linux-gnu,gimli,0.33.0,read::cfi::tests::test_unwind_table_next_row,full,success,0.150435179,,,,
aarch64-unknown-linux-gnu,gimli,0.33.0,read::dwarf::tests::test_dwarf_unit_variance,full,success,0.10996118666666667,,,,
aarch64-unknown-linux-gnu,gimli,0.33.0,read::dwarf::tests::test_dwarf_variance,full,success,0.109217073,,,,
aarch64-unknown-linux-gnu,gimli,0.33.0,read::dwarf::tests::test_format_error,full,success,0.12077646200000001,,,,
aarch64-unknown-linux-gnu,gimli,0.33.0,read::dwarf::tests::test_send,full,success,0.10928081033333335,,,,
aarch64-unknown-linux-gnu,gimli,0.33.0,read::endian_reader::tests::bytes_and_len_and_range_and_eq,full,success,0.11074078566666667,,,,
aarch64-unknown-linux-gnu,gimli,0.33.0,read::endian_reader::tests::empty,full,success,0.10930869966666668,,,,
aarch64-unknown-linux-gnu,gimli,0.33.0,read::endian_reader::tests::endian,full,success,0.10974841366666667,,,,
aarch64-unknown-linux-gnu,gimli,0.33.0,read::endian_reader::tests::find,full,success,0.10966107966666667,,,,
aarch64-unknown-linux-gnu,gimli,0.33.0,read::endian_reader::tests::indexing,full,success,0.109131594,,,,
aarch64-unknown-linux-gnu,gimli,0.33.0,read::endian_reader::tests::indexing_out_of_bounds,full,success,0.11597563466666667,,,,
aarch64-unknown-linux-gnu,gimli,0.33.0,read::endian_reader::tests::offset_from,full,success,0.10903488233333332,,,,
aarch64-unknown-linux-gnu,gimli,0.33.0,read::endian_reader::tests::read_u8_array,full,success,0.10938328533333334,,,,
aarch64-unknown-linux-gnu,gimli,0.33.0,read::endian_reader::tests::skip,full,success,0.11059654466666669,,,,
aarch64-unknown-linux-gnu,gimli,0.33.0,read::endian_reader::tests::test_reader_split,full,success,0.11013560633333334,,,,
aarch64-unknown-linux-gnu,gimli,0.33.0,read::endian_reader::tests::test_reader_split_out_of_bounds,full,success,0.11012843100000001,,,,
aarch64-unknown-linux-gnu,gimli,0.33.0,read::endian_reader::tests::to_slice,full,success,0.11007291166666666,,,,
aarch64-unknown-linux-gnu,gimli,0.33.0,read::endian_reader::tests::to_string_err,full,success,0.10998805533333333,,,,
aarch64-unknown-linux-gnu,gimli,0.33.0,read::endian_reader::tests::to_string_lossy,full,success,0.11060538933333335,,,,
aarch64-unknown-linux-gnu,gimli,0.33.0,read::endian_reader::tests::to_string_ok,full,success,0.10896960600000001,,,,
aarch64-unknown-linux-gnu,gimli,0.33.0,read::endian_reader::tests::truncate,full,success,0.108314818,,,,
aarch64-unknown-linux-gnu,gimli,0.33.0,read::endian_slice::tests::test_endian_slice_split_at,full,success,0.10861431533333334,,,,
aarch64-unknown-linux-gnu,gimli,0.33.0,read::endian_slice::tests::test_endian_slice_split_at_out_of_bounds,full,success,0.115693587,,,,
aarch64-unknown-linux-gnu,gimli,0.33.0,read::index::tests::test_cu_index,full,success,0.11056457666666668,,,,
aarch64-unknown-linux-gnu,gimli,0.33.0,read::index::tests::test_empty,full,success,0.10855679766666666,,,,
aarch64-unknown-linux-gnu,gimli,0.33.0,read::index::tests::test_hash,full,success,0.117400346,,,,
aarch64-unknown-linux-gnu,gimli,0.33.0,read::index::tests::test_tu_index,full,success,0.111833529,,,,
aarch64-unknown-linux-gnu,gimli,0.33.0,read::index::tests::test_version_2,full,success,0.11150718266666666,,,,
aarch64-unknown-linux-gnu,gimli,0.33.0,read::index::tests::test_version_2_sections,full,success,0.12025881433333334,,,,
aarch64-unknown-linux-gnu,gimli,0.33.0,read::index::tests::test_version_5,full,success,0.11202970133333334,,,,
aarch64-unknown-linux-gnu,gimli,0.33.0,read::index::tests::test_version_5_invalid,full,success,0.10982477866666668,,,,
aarch64-unknown-linux-gnu,gimli,0.33.0,read::index::tests::test_version_5_sections,full,success,0.11852866066666667,,,,
aarch64-unknown-linux-gnu,gimli,0.33.0,read::index::tests::test_zero_slots,full,success,0.11073094633333334,,,,
aarch64-unknown-linux-gnu,gimli,0.33.0,read::line::tests::test_exec_advance_line,full,success,0.10979788933333334,,,,
aarch64-unknown-linux-gnu,gimli,0.33.0,read::line::tests::test_exec_advance_line_overflow,full,success,0.11018674366666666,,,,
aarch64-unknown-linux-gnu,gimli,0.33.0,read::line::tests::test_exec_advance_pc,full,success,0.10960818066666667,,,,
aarch64-unknown-linux-gnu,gimli,0.33.0,read::line::tests::test_exec_advance_pc_overflow_32,full,success,0.10955365566666668,,,,
aarch64-unknown-linux-gnu,gimli,0.33.0,read::line::tests::test_exec_advance_pc_overflow_64,full,success,0.11014823433333333,,,,
aarch64-unknown-linux-gnu,gimli,0.33.0,read::line::tests::test_exec_const_add_pc,full,success,0.109519151,,,,
aarch64-unknown-linux-gnu,gimli,0.33.0,read::line::tests::test_exec_const_add_pc_overflow,full,success,0.10960709000000002,,,,
aarch64-unknown-linux-gnu,gimli,0.33.0,read::line::tests::test_exec_copy,full,success,0.10980005166666668,,,,
aarch64-unknown-linux-gnu,gimli,0.33.0,read::line::tests::test_exec_define_file,full,success,0.10894235133333334,,,,
aarch64-unknown-linux-gnu,gimli,0.33.0,read::line::tests::test_exec_end_sequence,full,success,0.10971816166666666,,,,
aarch64-unknown-linux-gnu,gimli,0.33.0,read::line::tests::test_exec_fixed_add_pc,full,success,0.11026542233333335,,,,
aarch64-unknown-linux-gnu,gimli,0.33.0,read::line::tests::test_exec_fixed_add_pc_overflow,full,success,0.10977679200000001,,,,
aarch64-unknown-linux-gnu,gimli,0.33.0,read::line::tests::test_exec_negate_statement,full,success,0.10860124366666668,,,,
aarch64-unknown-linux-gnu,gimli,0.33.0,read::line::tests::test_exec_set_address,full,success,0.10905918433333334,,,,
aarch64-unknown-linux-gnu,gimli,0.33.0,read::line::tests::test_exec_set_address_backwards,full,success,0.11014590966666667,,,,
aarch64-unknown-linux-gnu,gimli,0.33.0,read::line::tests::test_exec_set_address_tombstone,full,success,0.10970818333333333,,,,
aarch64-unknown-linux-gnu,gimli,0.33.0,read::line::tests::test_exec_set_basic_block,full,success,0.10959611766666667,,,,
aarch64-unknown-linux-gnu,gimli,0.33.0,read::line::tests::test_exec_set_column,full,success,0.10936563300000002,,,,
aarch64-unknown-linux-gnu,gimli,0.33.0,read::line::tests::test_exec_set_discriminator,full,success,0.11112910166666667,,,,
aarch64-unknown-linux-gnu,gimli,0.33.0,read::line::tests::test_exec_set_file_in_bounds,full,success,0.11049377433333334,,,,
aarch64-unknown-linux-gnu,gimli,0.33.0,read::line::tests::test_exec_set_file_out_of_bounds,full,success,0.10901125933333335,,,,
aarch64-unknown-linux-gnu,gimli,0.33.0,read::line::tests::test_exec_set_isa,full,success,0.10931497466666668,,,,
aarch64-unknown-linux-gnu,gimli,0.33.0,read::line::tests::test_exec_set_prologue_end,full,success,0.110029012,,,,
aarch64-unknown-linux-gnu,gimli,0.33.0,read::line::tests::test_exec_special_line_underflow,full,success,0.109054566,,,,
aarch64-unknown-linux-gnu,gimli,0.33.0,read::line::tests::test_exec_special_negative_line_advance,full,success,0.10948965266666667,,,,
aarch64-unknown-linux-gnu,gimli,0.33.0,read::line::tests::test_exec_special_noop,full,success,0.10868775700000001,,,,
aarch64-unknown-linux-gnu,gimli,0.33.0,read::line::tests::test_exec_special_positive_address_advance,full,success,0.11036566733333335,,,,
aarch64-unknown-linux-gnu,gimli,0.33.0,read::line::tests::test_exec_special_positive_address_and_line_advance,full,success,0.10912480800000002,,,,
aarch64-unknown-linux-gnu,gimli,0.33.0,read::line::tests::test_exec_special_positive_address_and_negative_line_advance,full,success,0.11067033700000001,,,,
aarch64-unknown-linux-gnu,gimli,0.33.0,read::line::tests::test_exec_special_positive_line_advance,full,success,0.11036184333333333,,,,
aarch64-unknown-linux-gnu,gimli,0.33.0,read::line::tests::test_exec_unknown_extended,full,success,0.10919199633333333,,,,
aarch64-unknown-linux-gnu,gimli,0.33.0,read::line::tests::test_exec_unknown_standard_0,full,success,0.10874356466666668,,,,
aarch64-unknown-linux-gnu,gimli,0.33.0,read::line::tests::test_exec_unknown_standard_1,full,success,0.11045002500000001,,,,
aarch64-unknown-linux-gnu,gimli,0.33.0,read::line::tests::test_exec_unknown_standard_n,full,success,0.10946961166666667,,,,
aarch64-unknown-linux-gnu,gimli,0.33.0,read::line::tests::test_file_entry_directory,full,success,0.11079768433333333,,,,
aarch64-unknown-linux-gnu,gimli,0.33.0,read::line::tests::test_file_entry_file_index_in_bounds,full,success,0.11088674266666666,,,,
aarch64-unknown-linux-gnu,gimli,0.33.0,read::line::tests::test_file_entry_file_index_out_of_bounds,full,success,0.10937700666666668,,,,
aarch64-unknown-linux-gnu,gimli,0.33.0,read::line::tests::test_parse_debug_line_32_ok,full,success,0.11883673866666668,,,,
aarch64-unknown-linux-gnu,gimli,0.33.0,read::line::tests::test_parse_debug_line_header_length_too_short,full,success,0.11468337433333335,,,,
aarch64-unknown-linux-gnu,gimli,0.33.0,read::line::tests::test_parse_debug_line_unit_length_too_short,full,success,0.10985272166666667,,,,
aarch64-unknown-linux-gnu,gimli,0.33.0,read::line::tests::test_parse_debug_line_v5_ok,full,success,0.17567813233333332,,,,
aarch64-unknown-linux-gnu,gimli,0.33.0,read::line::tests::test_parse_extended_opcodes,full,success,0.11465355766666667,,,,
aarch64-unknown-linux-gnu,gimli,0.33.0,read::line::tests::test_parse_special_opcodes,full,success,0.1778766516666667,,,,
aarch64-unknown-linux-gnu,gimli,0.33.0,read::line::tests::test_parse_standard_opcodes,full,success,0.11615942900000002,,,,
aarch64-unknown-linux-gnu,gimli,0.33.0,read::line::tests::test_parse_unknown_standard_opcode_many_args,full,success,0.11103682066666669,,,,
aarch64-unknown-linux-gnu,gimli,0.33.0,read::line::tests::test_parse_unknown_standard_opcode_no_args,full,success,0.11115915433333334,,,,
aarch64-unknown-linux-gnu,gimli,0.33.0,read::line::tests::test_parse_unknown_standard_opcode_one_arg,full,success,0.11001993866666666,,,,
aarch64-unknown-linux-gnu,gimli,0.33.0,read::line::tests::test_sequences,full,success,0.14410035066666668,,,,
aarch64-unknown-linux-gnu,gimli,0.33.0,read::loclists::tests::test_get_offset,full,success,0.132018318,,,,
aarch64-unknown-linux-gnu,gimli,0.33.0,read::loclists::tests::test_location_list,full,success,0.14990811666666667,,,,
aarch64-unknown-linux-gnu,gimli,0.33.0,read::loclists::tests::test_locations_invalid,full,success,0.11315149066666667,,,,
aarch64-unknown-linux-gnu,gimli,0.33.0,read::loclists::tests::test_loclists,full,success,0.33426942533333337,,,,
aarch64-unknown-linux-gnu,gimli,0.33.0,read::loclists::tests::test_loclists_gnu_v4_split_dwarf,full,success,0.10920685066666667,,,,
aarch64-unknown-linux-gnu,gimli,0.33.0,read::macros::tests::get_macros_1,full,success,0.16357862633333334,,,,
aarch64-unknown-linux-gnu,gimli,0.33.0,read::macros::tests::get_macros_2,full,success,0.14668516466666667,,,,
aarch64-unknown-linux-gnu,gimli,0.33.0,read::macros::tests::test_get_macinfo,full,success,0.12130171266666667,,,,
aarch64-unknown-linux-gnu,gimli,0.33.0,read::names::tests::test_debug_names,full,success,0.31685200033333333,,,,
aarch64-unknown-linux-gnu,gimli,0.33.0,read::names::tests::test_debug_names_abbrev_table_empty,full,success,0.10963082533333335,,,,
aarch64-unknown-linux-gnu,gimli,0.33.0,read::names::tests::test_debug_names_abbrev_table_invalid,full,success,0.11331248766666668,,,,
aarch64-unknown-linux-gnu,gimli,0.33.0,read::names::tests::test_debug_names_augmentation,full,success,0.17002404866666665,,,,
aarch64-unknown-linux-gnu,gimli,0.33.0,read::names::tests::test_debug_names_invalid_version,full,success,0.12294090933333335,,,,
aarch64-unknown-linux-gnu,gimli,0.33.0,read::names::tests::test_debug_names_no_hash_table,full,success,0.15219766466666668,,,,
aarch64-unknown-linux-gnu,gimli,0.33.0,read::names::tests::test_debug_names_truncated,full,success,0.12305952600000002,,,,
aarch64-unknown-linux-gnu,gimli,0.33.0,read::op::tests::test_compute_pc,full,success,0.10844035733333335,,,,
aarch64-unknown-linux-gnu,gimli,0.33.0,read::op::tests::test_eval_arith,full,success,0.2878931096666667,,,,
aarch64-unknown-linux-gnu,gimli,0.33.0,read::op::tests::test_eval_arith64,full,success,0.19119989466666668,,,,
aarch64-unknown-linux-gnu,gimli,0.33.0,read::op::tests::test_eval_call,full,success,0.1755464516666667,,,,
aarch64-unknown-linux-gnu,gimli,0.33.0,read::op::tests::test_eval_compare,full,success,0.16887677533333334,,,,
aarch64-unknown-linux-gnu,gimli,0.33.0,read::op::tests::test_eval_context,full,success,0.26901713866666666,,,,
aarch64-unknown-linux-gnu,gimli,0.33.0,read::op::tests::test_eval_empty_stack,full,success,0.13863119566666668,,,,
aarch64-unknown-linux-gnu,gimli,0.33.0,read::op::tests::test_eval_lit_and_reg,full,success,0.2684061303333333,,,,
aarch64-unknown-linux-gnu,gimli,0.33.0,read::op::tests::test_eval_max_iterations,full,success,0.20424794400000001,,,,
aarch64-unknown-linux-gnu,gimli,0.33.0,read::op::tests::test_eval_memory,full,success,0.224693351,,,,
aarch64-unknown-linux-gnu,gimli,0.33.0,read::op::tests::test_eval_pieces,full,success,0.361932603,,,,
aarch64-unknown-linux-gnu,gimli,0.33.0,read::op::tests::test_eval_register,full,success,2.058718255,,,,
aarch64-unknown-linux-gnu,gimli,0.33.0,read::op::tests::test_eval_stack,full,success,0.14841208166666667,,,,
aarch64-unknown-linux-gnu,gimli,0.33.0,read::op::tests::test_eval_typed_stack,full,success,0.30068391433333336,,,,
aarch64-unknown-linux-gnu,gimli,0.33.0,read::op::tests::test_op_convert,full,success,0.1113095,,,,
aarch64-unknown-linux-gnu,gimli,0.33.0,read::op::tests::test_op_parse_bit_piece,full,success,0.21197451200000003,,,,
aarch64-unknown-linux-gnu,gimli,0.33.0,read::op::tests::test_op_parse_bregx,full,success,0.2927306433333333,,,,
aarch64-unknown-linux-gnu,gimli,0.33.0,read::op::tests::test_op_parse_const_type,full,success,0.11467587566666666,,,,
aarch64-unknown-linux-gnu,gimli,0.33.0,read::op::tests::test_op_parse_deref_type,full,success,0.11426266866666668,,,,
aarch64-unknown-linux-gnu,gimli,0.33.0,read::op::tests::test_op_parse_entry_value,full,success,0.11386481033333334,,,,
aarch64-unknown-linux-gnu,gimli,0.33.0,read::op::tests::test_op_parse_fivebyte,full,success,0.12016901733333334,,,,
aarch64-unknown-linux-gnu,gimli,0.33.0,read::op::tests::test_op_parse_gnu_parameter_ref,full,success,0.11033379666666666,,,,
aarch64-unknown-linux-gnu,gimli,0.33.0,read::op::tests::test_op_parse_implicit_pointer,full,success,0.1299491906666667,,,,
aarch64-unknown-linux-gnu,gimli,0.33.0,read::op::tests::test_op_parse_implicit_value,full,success,0.11103698233333333,,,,
aarch64-unknown-linux-gnu,gimli,0.33.0,read::op::tests::test_op_parse_ninebyte,full,success,0.122649905,,,,
aarch64-unknown-linux-gnu,gimli,0.33.0,read::op::tests::test_op_parse_onebyte,full,success,0.22564049900000002,,,,
aarch64-unknown-linux-gnu,gimli,0.33.0,read::op::tests::test_op_parse_regval_type,full,success,0.11192985133333333,,,,
aarch64-unknown-linux-gnu,gimli,0.33.0,read::op::tests::test_op_parse_sleb,full,success,1.2703211153333334,,,,
aarch64-unknown-linux-gnu,gimli,0.33.0,read::op::tests::test_op_parse_threebyte,full,success,0.11742662233333334,,,,
aarch64-unknown-linux-gnu,gimli,0.33.0,read::op::tests::test_op_parse_twobyte,full,success,0.11688127300000001,,,,
aarch64-unknown-linux-gnu,gimli,0.33.0,read::op::tests::test_op_parse_uleb,full,success,0.165743053,,,,
aarch64-unknown-linux-gnu,gimli,0.33.0,read::op::tests::test_op_reinterpret,full,success,0.11197962100000002,,,,
aarch64-unknown-linux-gnu,gimli,0.33.0,read::op::tests::test_op_wasm,full,success,0.11871226633333333,,,,
aarch64-unknown-linux-gnu,gimli,0.33.0,read::reader::test::test_min_tombstone,full,success,0.10881494366666668,,,,
aarch64-unknown-linux-gnu,gimli,0.33.0,read::rnglists::tests::test_get_offset,full,success,0.13168294633333336,,,,
aarch64-unknown-linux-gnu,gimli,0.33.0,read::rnglists::tests::test_ranges,full,success,0.13606015333333335,,,,
aarch64-unknown-linux-gnu,gimli,0.33.0,read::rnglists::tests::test_ranges_invalid,full,success,0.11046388200000001,,,,
aarch64-unknown-linux-gnu,gimli,0.33.0,read::rnglists::tests::test_raw_range,full,success,0.10923334033333333,,,,
aarch64-unknown-linux-gnu,gimli,0.33.0,read::rnglists::tests::test_rnglists,full,success,0.24911890766666667,,,,
aarch64-unknown-linux-gnu,gimli,0.33.0,read::str::tests::test_get_str_offset,full,success,0.13217871100000003,,,,
aarch64-unknown-linux-gnu,gimli,0.33.0,read::tests::test_parse_initial_length_32_ok,full,success,0.11021478533333334,,,,
aarch64-unknown-linux-gnu,gimli,0.33.0,read::tests::test_parse_initial_length_64_incomplete,full,success,0.10970889300000002,,,,
aarch64-unknown-linux-gnu,gimli,0.33.0,read::tests::test_parse_initial_length_64_ok,full,success,0.11077368266666666,,,,
aarch64-unknown-linux-gnu,gimli,0.33.0,read::tests::test_parse_initial_length_incomplete,full,success,0.10781881933333333,,,,
aarch64-unknown-linux-gnu,gimli,0.33.0,read::tests::test_parse_initial_length_unknown_reserved_value,full,success,0.11034901433333334,,,,
aarch64-unknown-linux-gnu,gimli,0.33.0,read::tests::test_parse_offset_32,full,success,0.10906881466666667,,,,
aarch64-unknown-linux-gnu,gimli,0.33.0,read::tests::test_parse_offset_64_large,full,success,0.10964402066666668,,,,
aarch64-unknown-linux-gnu,gimli,0.33.0,read::tests::test_parse_offset_64_small,full,success,0.11078220333333334,,,,
aarch64-unknown-linux-gnu,gimli,0.33.0,read::unit::tests::test_attribute_udata_sdata_value,full,success,0.108182956,,,,
aarch64-unknown-linux-gnu,gimli,0.33.0,read::unit::tests::test_attribute_value,full,success,0.11505040066666666,,,,
aarch64-unknown-linux-gnu,gimli,0.33.0,read::unit::tests::test_cursor_next_dfs,full,success,0.14490824733333332,,,,
aarch64-unknown-linux-gnu,gimli,0.33.0,read::unit::tests::test_cursor_next_entry,full,success,0.14360115433333334,,,,
aarch64-unknown-linux-gnu,gimli,0.33.0,read::unit::tests::test_cursor_next_entry_incomplete,full,success,0.12270836666666668,,,,
aarch64-unknown-linux-gnu,gimli,0.33.0,read::unit::tests::test_cursor_next_sibling_continuation,full,success,0.1449971296666667,,,,
aarch64-unknown-linux-gnu,gimli,0.33.0,read::unit::tests::test_cursor_next_sibling_no_sibling_ptr,full,success,0.14603742833333333,,,,
aarch64-unknown-linux-gnu,gimli,0.33.0,read::unit::tests::test_debug_info_next_sibling_with_ptr,full,success,0.15261638366666666,,,,
aarch64-unknown-linux-gnu,gimli,0.33.0,read::unit::tests::test_debug_info_offset,full,success,0.11574741233333334,,,,
aarch64-unknown-linux-gnu,gimli,0.33.0,read::unit::tests::test_debug_types_next_sibling_with_ptr,full,success,0.15286045233333334,,,,
aarch64-unknown-linux-gnu,gimli,0.33.0,read::unit::tests::test_debug_types_offset,full,success,0.11532597666666666,,,,
aarch64-unknown-linux-gnu,gimli,0.33.0,read::unit::tests::test_entries_at_offset,full,success,0.12350042433333334,,,,
aarch64-unknown-linux-gnu,gimli,0.33.0,read::unit::tests::test_entries_raw,full,success,0.12963507733333332,,,,
aarch64-unknown-linux-gnu,gimli,0.33.0,read::unit::tests::test_entries_tree,full,success,0.18084323766666668,,,,
aarch64-unknown-linux-gnu,gimli,0.33.0,read::unit::tests::test_length_including_self,full,success,0.10839533133333334,,,,
aarch64-unknown-linux-gnu,gimli,0.33.0,read::unit::tests::test_parse_attribute_addr,full,success,0.108964348,,,,
aarch64-unknown-linux-gnu,gimli,0.33.0,read::unit::tests::test_parse_attribute_addr8,full,success,0.10933522733333334,,,,
aarch64-unknown-linux-gnu,gimli,0.33.0,read::unit::tests::test_parse_attribute_addrx,full,success,0.10873369766666667,,,,
aarch64-unknown-linux-gnu,gimli,0.33.0,read::unit::tests::test_parse_attribute_addrx1,full,success,0.10891405433333334,,,,
aarch64-unknown-linux-gnu,gimli,0.33.0,read::unit::tests::test_parse_attribute_addrx2,full,success,0.10985684966666669,,,,
aarch64-unknown-linux-gnu,gimli,0.33.0,read::unit::tests::test_parse_attribute_addrx3,full,success,0.10910772333333334,,,,
aarch64-unknown-linux-gnu,gimli,0.33.0,read::unit::tests::test_parse_attribute_addrx4,full,success,0.10911567500000001,,,,
aarch64-unknown-linux-gnu,gimli,0.33.0,read::unit::tests::test_parse_attribute_block,full,success,0.10972366033333335,,,,
aarch64-unknown-linux-gnu,gimli,0.33.0,read::unit::tests::test_parse_attribute_block1,full,success,0.11008698300000001,,,,
aarch64-unknown-linux-gnu,gimli,0.33.0,read::unit::tests::test_parse_attribute_block2,full,success,0.10828240666666668,,,,
aarch64-unknown-linux-gnu,gimli,0.33.0,read::unit::tests::test_parse_attribute_block4,full,success,0.10951541633333334,,,,
aarch64-unknown-linux-gnu,gimli,0.33.0,read::unit::tests::test_parse_attribute_data1,full,success,0.109789947,,,,
aarch64-unknown-linux-gnu,gimli,0.33.0,read::unit::tests::test_parse_attribute_data16,full,success,0.10934293333333334,,,,
aarch64-unknown-linux-gnu,gimli,0.33.0,read::unit::tests::test_parse_attribute_data2,full,success,0.10872276966666668,,,,
aarch64-unknown-linux-gnu,gimli,0.33.0,read::unit::tests::test_parse_attribute_data4,full,success,0.109046292,,,,
aarch64-unknown-linux-gnu,gimli,0.33.0,read::unit::tests::test_parse_attribute_data8,full,success,0.108392363,,,,
aarch64-unknown-linux-gnu,gimli,0.33.0,read::unit::tests::test_parse_attribute_exprloc,full,success,0.10867204800000002,,,,
aarch64-unknown-linux-gnu,gimli,0.33.0,read::unit::tests::test_parse_attribute_flag_false,full,success,0.10839964266666667,,,,
aarch64-unknown-linux-gnu,gimli,0.33.0,read::unit::tests::test_parse_attribute_flag_present,full,success,0.10920047233333334,,,,
aarch64-unknown-linux-gnu,gimli,0.33.0,read::unit::tests::test_parse_attribute_flag_true,full,success,0.108637074,,,,
aarch64-unknown-linux-gnu,gimli,0.33.0,read::unit::tests::test_parse_attribute_gnu_ref_alt_32,full,success,0.10844545066666668,,,,
aarch64-unknown-linux-gnu,gimli,0.33.0,read::unit::tests::test_parse_attribute_gnu_ref_alt_64,full,success,0.10971188166666668,,,,
aarch64-unknown-linux-gnu,gimli,0.33.0,read::unit::tests::test_parse_attribute_gnu_strp_alt_32,full,success,0.108716509,,,,
aarch64-unknown-linux-gnu,gimli,0.33.0,read::unit::tests::test_parse_attribute_gnu_strp_alt_64,full,success,0.10866035000000002,,,,
aarch64-unknown-linux-gnu,gimli,0.33.0,read::unit::tests::test_parse_attribute_indirect,full,success,0.11078823900000001,,,,
aarch64-unknown-linux-gnu,gimli,0.33.0,read::unit::tests::test_parse_attribute_indirect_implicit_const,full,success,0.10960715466666666,,,,
aarch64-unknown-linux-gnu,gimli,0.33.0,read::unit::tests::test_parse_attribute_loclistx,full,success,0.10977781933333335,,,,
aarch64-unknown-linux-gnu,gimli,0.33.0,read::unit::tests::test_parse_attribute_ref1,full,success,0.10902716000000001,,,,
aarch64-unknown-linux-gnu,gimli,0.33.0,read::unit::tests::test_parse_attribute_ref2,full,success,0.10921227166666665,,,,
aarch64-unknown-linux-gnu,gimli,0.33.0,read::unit::tests::test_parse_attribute_ref4,full,success,0.10853949833333333,,,,
aarch64-unknown-linux-gnu,gimli,0.33.0,read::unit::tests::test_parse_attribute_ref8,full,success,0.10952467066666667,,,,
aarch64-unknown-linux-gnu,gimli,0.33.0,read::unit::tests::test_parse_attribute_ref_sup4,full,success,0.10902493800000002,,,,
aarch64-unknown-linux-gnu,gimli,0.33.0,read::unit::tests::test_parse_attribute_ref_sup8,full,success,0.10890582266666667,,,,
aarch64-unknown-linux-gnu,gimli,0.33.0,read::unit::tests::test_parse_attribute_refaddr8_version2,full,success,0.10878475966666667,,,,
aarch64-unknown-linux-gnu,gimli,0.33.0,read::unit::tests::test_parse_attribute_refaddr_32,full,success,0.10860985033333333,,,,
aarch64-unknown-linux-gnu,gimli,0.33.0,read::unit::tests::test_parse_attribute_refaddr_64,full,success,0.10944901133333333,,,,
aarch64-unknown-linux-gnu,gimli,0.33.0,read::unit::tests::test_parse_attribute_refaddr_version2,full,success,0.10961244466666668,,,,
aarch64-unknown-linux-gnu,gimli,0.33.0,read::unit::tests::test_parse_attribute_refsig8,full,success,0.10902269566666667,,,,
aarch64-unknown-linux-gnu,gimli,0.33.0,read::unit::tests::test_parse_attribute_refudata,full,success,0.10951428233333334,,,,
aarch64-unknown-linux-gnu,gimli,0.33.0,read::unit::tests::test_parse_attribute_rnglistx,full,success,0.10929636433333334,,,,
aarch64-unknown-linux-gnu,gimli,0.33.0,read::unit::tests::test_parse_attribute_sdata,full,success,0.10884898866666666,,,,
aarch64-unknown-linux-gnu,gimli,0.33.0,read::unit::tests::test_parse_attribute_sec_offset_32,full,success,0.10931016366666668,,,,
aarch64-unknown-linux-gnu,gimli,0.33.0,read::unit::tests::test_parse_attribute_sec_offset_64,full,success,0.109130777,,,,
aarch64-unknown-linux-gnu,gimli,0.33.0,read::unit::tests::test_parse_attribute_string,full,success,0.10956725266666667,,,,
aarch64-unknown-linux-gnu,gimli,0.33.0,read::unit::tests::test_parse_attribute_strp_32,full,success,0.10984506533333334,,,,
aarch64-unknown-linux-gnu,gimli,0.33.0,read::unit::tests::test_parse_attribute_strp_64,full,success,0.10947154066666669,,,,
aarch64-unknown-linux-gnu,gimli,0.33.0,read::unit::tests::test_parse_attribute_strp_sup_32,full,success,0.10877284566666667,,,,
aarch64-unknown-linux-gnu,gimli,0.33.0,read::unit::tests::test_parse_attribute_strp_sup_64,full,success,0.10978144000000001,,,,
aarch64-unknown-linux-gnu,gimli,0.33.0,read::unit::tests::test_parse_attribute_strx,full,success,0.10943460733333334,,,,
aarch64-unknown-linux-gnu,gimli,0.33.0,read::unit::tests::test_parse_attribute_strx1,full,success,0.11059258900000002,,,,
aarch64-unknown-linux-gnu,gimli,0.33.0,read::unit::tests::test_parse_attribute_strx2,full,success,0.11000419466666667,,,,
aarch64-unknown-linux-gnu,gimli,0.33.0,read::unit::tests::test_parse_attribute_strx3,full,success,0.11098682933333333,,,,
aarch64-unknown-linux-gnu,gimli,0.33.0,read::unit::tests::test_parse_attribute_strx4,full,success,0.11046408733333335,,,,
aarch64-unknown-linux-gnu,gimli,0.33.0,read::unit::tests::test_parse_attribute_udata,full,success,0.11066316633333334,,,,
aarch64-unknown-linux-gnu,gimli,0.33.0,read::unit::tests::test_parse_type_unit_abbrevs,full,success,0.11132746266666667,,,,
aarch64-unknown-linux-gnu,gimli,0.33.0,read::unit::tests::test_parse_type_unit_header_32_ok,full,success,0.11686645900000002,,,,
aarch64-unknown-linux-gnu,gimli,0.33.0,read::unit::tests::test_parse_type_unit_header_64_ok,full,success,0.11719271166666667,,,,
aarch64-unknown-linux-gnu,gimli,0.33.0,read::unit::tests::test_parse_unit_header_32_ok,full,success,0.11664411466666669,,,,
aarch64-unknown-linux-gnu,gimli,0.33.0,read::unit::tests::test_parse_unit_header_64_ok,full,success,0.11743981733333335,,,,
aarch64-unknown-linux-gnu,gimli,0.33.0,read::unit::tests::test_parse_v5_partial_unit_header_32_ok,full,success,0.11789149166666668,,,,
aarch64-unknown-linux-gnu,gimli,0.33.0,read::unit::tests::test_parse_v5_partial_unit_header_64_ok,full,success,0.11766230800000001,,,,
aarch64-unknown-linux-gnu,gimli,0.33.0,read::unit::tests::test_parse_v5_skeleton_unit_header_32_ok,full,success,0.11674703200000001,,,,
aarch64-unknown-linux-gnu,gimli,0.33.0,read::unit::tests::test_parse_v5_skeleton_unit_header_64_ok,full,success,0.117641709,,,,
aarch64-unknown-linux-gnu,gimli,0.33.0,read::unit::tests::test_parse_v5_split_compilation_unit_header_32_ok,full,success,0.11753630533333333,,,,
aarch64-unknown-linux-gnu,gimli,0.33.0,read::unit::tests::test_parse_v5_split_compilation_unit_header_64_ok,full,success,0.11742030266666666,,,,
aarch64-unknown-linux-gnu,gimli,0.33.0,read::unit::tests::test_parse_v5_split_type_unit_header_32_ok,full,success,0.117717808,,,,
aarch64-unknown-linux-gnu,gimli,0.33.0,read::unit::tests::test_parse_v5_split_type_unit_header_64_ok,full,success,0.11726401333333335,,,,
aarch64-unknown-linux-gnu,gimli,0.33.0,read::unit::tests::test_parse_v5_type_unit_header_32_ok,full,success,0.11622826933333334,,,,
aarch64-unknown-linux-gnu,gimli,0.33.0,read::unit::tests::test_parse_v5_type_unit_header_64_ok,full,success,0.11749314333333334,,,,
aarch64-unknown-linux-gnu,gimli,0.33.0,read::unit::tests::test_parse_v5_unit_header_32_ok,full,success,0.11613403,,,,
aarch64-unknown-linux-gnu,gimli,0.33.0,read::unit::tests::test_parse_v5_unit_header_64_ok,full,success,0.11615764433333332,,,,
aarch64-unknown-linux-gnu,gimli,0.33.0,read::unit::tests::test_unit_header_variance,full,success,0.10824588733333335,,,,
aarch64-unknown-linux-gnu,gimli,0.33.0,read::unit::tests::test_unit_version_incomplete,full,success,0.10963856466666666,,,,
aarch64-unknown-linux-gnu,gimli,0.33.0,read::unit::tests::test_unit_version_unknown_version,full,success,0.10991965166666667,,,,
aarch64-unknown-linux-gnu,gimli,0.33.0,read::unit::tests::test_units,full,success,0.12066391566666668,,,,
aarch64-unknown-linux-gnu,gimli,0.33.0,read::value::tests::value_abs,full,success,0.10890452533333334,,,,
aarch64-unknown-linux-gnu,gimli,0.33.0,read::value::tests::value_add,full,success,0.10895778833333332,,,,
aarch64-unknown-linux-gnu,gimli,0.33.0,read::value::tests::value_and,full,success,0.11035020499999999,,,,
aarch64-unknown-linux-gnu,gimli,0.33.0,read::value::tests::value_convert,full,success,0.10953227466666667,,,,
aarch64-unknown-linux-gnu,gimli,0.33.0,read::value::tests::value_div,full,success,0.10981668466666668,,,,
aarch64-unknown-linux-gnu,gimli,0.33.0,read::value::tests::value_eq,full,success,0.10975643533333335,,,,
aarch64-unknown-linux-gnu,gimli,0.33.0,read::value::tests::value_ge,full,success,0.11041801466666668,,,,
aarch64-unknown-linux-gnu,gimli,0.33.0,read::value::tests::value_gt,full,success,0.11038103033333334,,,,
aarch64-unknown-linux-gnu,gimli,0.33.0,read::value::tests::value_le,full,success,0.10998826900000001,,,,
aarch64-unknown-linux-gnu,gimli,0.33.0,read::value::tests::value_lt,full,success,0.10917928266666667,,,,
aarch64-unknown-linux-gnu,gimli,0.33.0,read::value::tests::value_mul,full,success,0.10924644400000001,,,,
aarch64-unknown-linux-gnu,gimli,0.33.0,read::value::tests::value_ne,full,success,0.109413783,,,,
aarch64-unknown-linux-gnu,gimli,0.33.0,read::value::tests::value_neg,full,success,0.10877227766666668,,,,
aarch64-unknown-linux-gnu,gimli,0.33.0,read::value::tests::value_not,full,success,0.10870588933333332,,,,
aarch64-unknown-linux-gnu,gimli,0.33.0,read::value::tests::value_or,full,success,0.11005364133333334,,,,
aarch64-unknown-linux-gnu,gimli,0.33.0,read::value::tests::value_reinterpret,full,success,0.109602554,,,,
aarch64-unknown-linux-gnu,gimli,0.33.0,read::value::tests::value_rem,full,success,0.10882382900000002,,,,
aarch64-unknown-linux-gnu,gimli,0.33.0,read::value::tests::value_shl,full,success,0.11118305166666669,,,,
aarch64-unknown-linux-gnu,gimli,0.33.0,read::value::tests::value_shr,full,success,0.11007817066666668,,,,
aarch64-unknown-linux-gnu,gimli,0.33.0,read::value::tests::value_shra,full,success,0.11156523200000001,,,,
aarch64-unknown-linux-gnu,gimli,0.33.0,read::value::tests::value_sub,full,success,0.11070529300000002,,,,
aarch64-unknown-linux-gnu,gimli,0.33.0,read::value::tests::value_xor,full,success,0.11010581733333336,,,,
aarch64-unknown-linux-gnu,gimli,0.33.0,read::value::tests::valuetype_from_encoding,full,success,0.12737060200000003,,,,
aarch64-unknown-linux-gnu,gimli,0.33.0,write::abbrev::tests::test_abbreviation_table,full,success,0.122135646,,,,
aarch64-unknown-linux-gnu,gimli,0.33.0,write::cfi::tests::test_frame_instruction,full,success,1.6713701693333334,,,,
aarch64-unknown-linux-gnu,gimli,0.33.0,write::cfi::tests::test_frame_table,full,success,1.5011813766666666,,,,
aarch64-unknown-linux-gnu,gimli,0.33.0,write::endian_vec::tests::test_endian_vec,full,success,0.10944845133333335,,,,
aarch64-unknown-linux-gnu,gimli,0.33.0,write::line::tests::test_file_source,full,success,0.9892316216666668,,,,
aarch64-unknown-linux-gnu,gimli,0.33.0,write::line::tests::test_line_instruction,full,success,6.870086237,,,,
aarch64-unknown-linux-gnu,gimli,0.33.0,write::line::tests::test_line_program,full,success,2.8582601276666666,,,,
aarch64-unknown-linux-gnu,gimli,0.33.0,write::line::tests::test_line_row,full,success,17.562873599333333,,,,
aarch64-unknown-linux-gnu,gimli,0.33.0,write::line::tests::test_line_sequence,full,success,2.4632319136666667,,,,
aarch64-unknown-linux-gnu,gimli,0.33.0,write::line::tests::test_line_string,full,success,0.5127007470000001,,,,
aarch64-unknown-linux-gnu,gimli,0.33.0,write::line::tests::test_missing_comp_dir,full,success,0.8213698166666666,,,,
aarch64-unknown-linux-gnu,gimli,0.33.0,write::line::tests::test_separate_working_dir,full,success,1.1605460333333333,,,,
aarch64-unknown-linux-gnu,gimli,0.33.0,write::loc::tests::test_loc_list,full,success,0.467977653,,,,
aarch64-unknown-linux-gnu,gimli,0.33.0,write::op::tests::test_expression_as_raw,full,success,0.10990023166666667,,,,
aarch64-unknown-linux-gnu,gimli,0.33.0,write::op::tests::test_expression_raw,full,success,0.43521804933333336,,,,
aarch64-unknown-linux-gnu,gimli,0.33.0,write::op::tests::test_forward_ref,full,success,0.11979718833333335,,,,
aarch64-unknown-linux-gnu,gimli,0.33.0,write::op::tests::test_missing_debuginfo_ref,full,success,0.124935401,,,,
aarch64-unknown-linux-gnu,gimli,0.33.0,write::op::tests::test_missing_unit_ref,full,success,0.11897736200000002,,,,
aarch64-unknown-linux-gnu,gimli,0.33.0,write::op::tests::test_operation,full,success,5.992053118666667,,,,
aarch64-unknown-linux-gnu,gimli,0.33.0,write::range::tests::test_range,full,success,0.281143708,,,,
aarch64-unknown-linux-gnu,gimli,0.33.0,write::relocate::tests::test_relocate_writer,full,success,0.11267692800000001,,,,
aarch64-unknown-linux-gnu,gimli,0.33.0,write::str::tests::test_string_table,full,success,0.11912412933333334,,,,
aarch64-unknown-linux-gnu,gimli,0.33.0,write::unit::tests::test_attribute_value,full,success,15.819741552000002,,,,
aarch64-unknown-linux-gnu,gimli,0.33.0,write::unit::tests::test_delete_child,full,success,0.14624515833333335,,,,
aarch64-unknown-linux-gnu,gimli,0.33.0,write::unit::tests::test_line_program_used,full,success,0.14392665500000001,,,,
aarch64-unknown-linux-gnu,gimli,0.33.0,write::unit::tests::test_line_ref,full,success,1.6130895306666666,,,,
aarch64-unknown-linux-gnu,gimli,0.33.0,write::unit::tests::test_missing_debuginfo_ref,full,success,0.12330764400000001,,,,
aarch64-unknown-linux-gnu,gimli,0.33.0,write::unit::tests::test_missing_unit_ref,full,success,0.12213467933333334,,,,
aarch64-unknown-linux-gnu,gimli,0.33.0,write::unit::tests::test_sibling,full,success,0.20884679766666667,,,,
aarch64-unknown-linux-gnu,gimli,0.33.0,write::unit::tests::test_unit_ref,full,success,0.20177321733333334,,,,
aarch64-unknown-linux-gnu,gimli,0.33.0,write::unit::tests::test_unit_table,full,success,0.20590273866666667,,,,
aarch64-unknown-linux-gnu,gimli,0.33.0,write::writer::tests::test_writer,full,success,0.11398520366666669,,,,
aarch64-unknown-linux-gnu,half,2.7.1,bfloat::test::formatting,full,success,0.13537181500000003,,,,
aarch64-unknown-linux-gnu,half,2.7.1,bfloat::test::qc_roundtrip_bf16_f32_is_identity,full,success,0.22094703433333332,,,,
aarch64-unknown-linux-gnu,half,2.7.1,bfloat::test::qc_roundtrip_bf16_f64_is_identity,full,success,0.220363991,,,,
aarch64-unknown-linux-gnu,half,2.7.1,bfloat::test::test_bf16_consts_from_f32,full,success,0.10898680833333334,,,,
aarch64-unknown-linux-gnu,half,2.7.1,bfloat::test::test_bf16_consts_from_f64,full,success,0.10850029700000001,,,,
aarch64-unknown-linux-gnu,half,2.7.1,bfloat::test::test_bf16_to_f32,full,success,0.10877239033333334,,,,
aarch64-unknown-linux-gnu,half,2.7.1,bfloat::test::test_comparisons,full,success,0.108442378,,,,
aarch64-unknown-linux-gnu,half,2.7.1,bfloat::test::test_max,full,success,0.10873814166666668,,,,
aarch64-unknown-linux-gnu,half,2.7.1,bfloat::test::test_min,full,success,0.108770977,,,,
aarch64-unknown-linux-gnu,half,2.7.1,bfloat::test::test_nan_conversion_to_larger,full,success,0.10794601033333334,,,,
aarch64-unknown-linux-gnu,half,2.7.1,bfloat::test::test_nan_conversion_to_smaller,full,success,0.10857921666666666,,,,
aarch64-unknown-linux-gnu,half,2.7.1,binary16::test::arithmetic,full,success,0.10773791233333334,,,,
aarch64-unknown-linux-gnu,half,2.7.1,binary16::test::formatting,full,success,0.133787754,,,,
aarch64-unknown-linux-gnu,half,2.7.1,binary16::test::qc_roundtrip_f16_f32_is_identity,full,success,0.2087788566666667,,,,
aarch64-unknown-linux-gnu,half,2.7.1,binary16::test::qc_roundtrip_f16_f64_is_identity,full,success,0.24298283566666667,,,,
aarch64-unknown-linux-gnu,half,2.7.1,binary16::test::test_comparisons,full,success,0.11008180166666666,,,,
aarch64-unknown-linux-gnu,half,2.7.1,binary16::test::test_f16_consts_from_f32,full,success,0.10930246700000001,,,,
aarch64-unknown-linux-gnu,half,2.7.1,binary16::test::test_f16_consts_from_f64,full,success,0.108563217,,,,
aarch64-unknown-linux-gnu,half,2.7.1,binary16::test::test_max,full,success,0.109084529,,,,
aarch64-unknown-linux-gnu,half,2.7.1,binary16::test::test_min,full,success,0.10827636700000003,,,,
aarch64-unknown-linux-gnu,half,2.7.1,binary16::test::test_nan_conversion_to_larger,full,success,0.108533398,,,,
aarch64-unknown-linux-gnu,half,2.7.1,binary16::test::test_nan_conversion_to_smaller,full,success,0.10883203966666667,,,,
aarch64-unknown-linux-gnu,half,2.7.1,leading_zeros::test::leading_zeros_u16_fallback,full,success,0.110226173,,,,
aarch64-unknown-linux-gnu,half,2.7.1,slice::test::convert_from_f32_slice_len_mismatch_panics,full,success,0.11635887666666667,,,,
aarch64-unknown-linux-gnu,half,2.7.1,slice::test::convert_from_f64_slice_len_mismatch_panics,full,success,0.11620783866666667,,,,
aarch64-unknown-linux-gnu,half,2.7.1,slice::test::convert_to_f32_slice_len_mismatch_panics,full,success,0.115591257,,,,
aarch64-unknown-linux-gnu,half,2.7.1,slice::test::convert_to_f64_slice_len_mismatch_panics,full,success,0.116109115,,,,
aarch64-unknown-linux-gnu,half,2.7.1,slice::test::slice_convert_bf16_f32,full,success,0.11212625533333336,,,,
aarch64-unknown-linux-gnu,half,2.7.1,slice::test::slice_convert_bf16_f64,full,success,0.11200587166666669,,,,
aarch64-unknown-linux-gnu,half,2.7.1,slice::test::slice_convert_f16_f32,full,success,0.11446212033333335,,,,
aarch64-unknown-linux-gnu,half,2.7.1,slice::test::slice_convert_f16_f64,full,success,0.11662550633333335,,,,
aarch64-unknown-linux-gnu,half,2.7.1,slice::test::test_mutablility_bf16,full,success,0.110060188,,,,
aarch64-unknown-linux-gnu,half,2.7.1,slice::test::test_mutablility_f16,full,success,0.11019208033333334,,,,
aarch64-unknown-linux-gnu,half,2.7.1,slice::test::test_slice_conversions_bf16,full,success,0.11061380633333334,,,,
aarch64-unknown-linux-gnu,half,2.7.1,slice::test::test_slice_conversions_f16,full,success,0.11061817666666668,,,,
aarch64-unknown-linux-gnu,half,2.7.1,vec::test::test_vec_conversions_bf16,full,success,0.11129006400000001,,,,
aarch64-unknown-linux-gnu,half,2.7.1,vec::test::test_vec_conversions_f16,full,success,0.111349188,,,,
aarch64-unknown-linux-gnu,hashbrown,0.17.0,map::test_map::test_allocation_info,full,success,0.10673535333333334,,,,
aarch64-unknown-linux-gnu,hashbrown,0.17.0,map::test_map::test_behavior_resize_policy,full,success,0.12086866533333333,,,,
aarch64-unknown-linux-gnu,hashbrown,0.17.0,map::test_map::test_capacity_not_less_than_len,full,success,0.37317389433333337,,,,
aarch64-unknown-linux-gnu,hashbrown,0.17.0,map::test_map::test_catch_panic_clone_from_when_len_is_equal,full,success,0.14209379933333335,,,,
aarch64-unknown-linux-gnu,hashbrown,0.17.0,map::test_map::test_catch_panic_clone_from_when_len_is_not_equal,full,success,0.13211779433333334,,,,
aarch64-unknown-linux-gnu,hashbrown,0.17.0,map::test_map::test_clone,full,success,0.10789643366666667,,,,
aarch64-unknown-linux-gnu,hashbrown,0.17.0,map::test_map::test_clone_from,full,success,0.10752108100000002,,,,
aarch64-unknown-linux-gnu,hashbrown,0.17.0,map::test_map::test_clone_from_double_drop,full,success,0.12048147500000002,,,,
aarch64-unknown-linux-gnu,hashbrown,0.17.0,map::test_map::test_clone_from_memory_leaks,full,success,0.11752606266666667,,,,
aarch64-unknown-linux-gnu,hashbrown,0.17.0,map::test_map::test_clone_memory_leaks_and_double_drop_one,full,success,0.128773316,,,,
aarch64-unknown-linux-gnu,hashbrown,0.17.0,map::test_map::test_clone_memory_leaks_and_double_drop_two,full,success,0.13150226900000003,,,,
aarch64-unknown-linux-gnu,hashbrown,0.17.0,map::test_map::test_conflict_remove,full,success,0.11029976866666667,,,,
aarch64-unknown-linux-gnu,hashbrown,0.17.0,map::test_map::test_const_with_hasher,full,success,0.10743221366666666,,,,
aarch64-unknown-linux-gnu,hashbrown,0.17.0,map::test_map::test_create_capacity_zero,full,success,0.10696807766666667,,,,
aarch64-unknown-linux-gnu,hashbrown,0.17.0,map::test_map::test_drops,full,success,0.3134699596666667,,,,
aarch64-unknown-linux-gnu,hashbrown,0.17.0,map::test_map::test_empty_entry,full,success,0.10790672000000001,,,,
aarch64-unknown-linux-gnu,hashbrown,0.17.0,map::test_map::test_empty_entry_ref,full,success,0.10793550466666668,,,,
aarch64-unknown-linux-gnu,hashbrown,0.17.0,map::test_map::test_empty_iter,full,success,0.10744067633333336,,,,
aarch64-unknown-linux-gnu,hashbrown,0.17.0,map::test_map::test_empty_remove,full,success,0.11749375833333335,,,,
aarch64-unknown-linux-gnu,hashbrown,0.17.0,map::test_map::test_entry,full,success,0.12114635633333333,,,,
aarch64-unknown-linux-gnu,hashbrown,0.17.0,map::test_map::test_entry_and_replace_entry_with,full,success,0.112037382,,,,
aarch64-unknown-linux-gnu,hashbrown,0.17.0,map::test_map::test_entry_ref,full,success,0.11357880666666668,,,,
aarch64-unknown-linux-gnu,hashbrown,0.17.0,map::test_map::test_entry_ref_take_doesnt_corrupt,full,success,1.4842955943333334,,,,
aarch64-unknown-linux-gnu,hashbrown,0.17.0,map::test_map::test_entry_take_doesnt_corrupt,full,success,0.731425074,,,,
aarch64-unknown-linux-gnu,hashbrown,0.17.0,map::test_map::test_eq,full,success,0.11025977133333335,,,,
aarch64-unknown-linux-gnu,hashbrown,0.17.0,map::test_map::test_expand,full,success,0.107638725,,,,
aarch64-unknown-linux-gnu,hashbrown,0.17.0,map::test_map::test_extend_ref_k_ref_v,full,success,0.11033863233333334,,,,
aarch64-unknown-linux-gnu,hashbrown,0.17.0,map::test_map::test_extend_ref_kv_tuple,full,success,0.834838155,,,,
aarch64-unknown-linux-gnu,hashbrown,0.17.0,map::test_map::test_extract_if,full,success,0.11427406700000002,,,,
aarch64-unknown-linux-gnu,hashbrown,0.17.0,map::test_map::test_find,full,success,0.10560251433333334,,,,
aarch64-unknown-linux-gnu,hashbrown,0.17.0,map::test_map::test_find_mut,full,success,0.10714398933333336,,,,
aarch64-unknown-linux-gnu,hashbrown,0.17.0,map::test_map::test_from_iter,full,success,0.10966701666666667,,,,
aarch64-unknown-linux-gnu,hashbrown,0.17.0,map::test_map::test_get_disjoint_mut,full,success,0.12083432733333334,,,,
aarch64-unknown-linux-gnu,hashbrown,0.17.0,map::test_map::test_get_disjoint_mut_duplicate,full,success,0.11373302366666667,,,,
aarch64-unknown-linux-gnu,hashbrown,0.17.0,map::test_map::test_hashmap_into_iter_bug,full,success,0.117221473,,,,
aarch64-unknown-linux-gnu,hashbrown,0.17.0,map::test_map::test_index,full,success,0.10753035433333334,,,,
aarch64-unknown-linux-gnu,hashbrown,0.17.0,map::test_map::test_index_nonexistent,full,success,0.11387021733333334,,,,
aarch64-unknown-linux-gnu,hashbrown,0.17.0,map::test_map::test_insert,full,success,0.10664249833333335,,,,
aarch64-unknown-linux-gnu,hashbrown,0.17.0,map::test_map::test_insert_conflicts,full,success,0.107770527,,,,
aarch64-unknown-linux-gnu,hashbrown,0.17.0,map::test_map::test_insert_overwrite,full,success,0.10742413766666668,,,,
aarch64-unknown-linux-gnu,hashbrown,0.17.0,map::test_map::test_insert_unique_unchecked,full,success,0.107475449,,,,
aarch64-unknown-linux-gnu,hashbrown,0.17.0,map::test_map::test_into_iter_drops,full,success,0.3831868673333334,,,,
aarch64-unknown-linux-gnu,hashbrown,0.17.0,map::test_map::test_into_keys,full,success,0.10788315966666667,,,,
aarch64-unknown-linux-gnu,hashbrown,0.17.0,map::test_map::test_into_values,full,success,0.10810554966666668,,,,
aarch64-unknown-linux-gnu,hashbrown,0.17.0,map::test_map::test_is_empty,full,success,0.106956069,,,,
aarch64-unknown-linux-gnu,hashbrown,0.17.0,map::test_map::test_iter_len,full,success,0.10884950900000001,,,,
aarch64-unknown-linux-gnu,hashbrown,0.17.0,map::test_map::test_iter_mut_len,full,success,0.10869563366666668,,,,
aarch64-unknown-linux-gnu,hashbrown,0.17.0,map::test_map::test_iterate,full,success,0.14143072366666667,,,,
aarch64-unknown-linux-gnu,hashbrown,0.17.0,map::test_map::test_keys,full,success,0.107298921,,,,
aarch64-unknown-linux-gnu,hashbrown,0.17.0,map::test_map::test_mut_size_hint,full,success,0.107962848,,,,
aarch64-unknown-linux-gnu,hashbrown,0.17.0,map::test_map::test_occupied_entry_key,full,success,0.10722065966666666,,,,
aarch64-unknown-linux-gnu,hashbrown,0.17.0,map::test_map::test_occupied_entry_ref_key,full,success,0.10763915666666668,,,,
aarch64-unknown-linux-gnu,hashbrown,0.17.0,map::test_map::test_occupied_entry_replace_entry_with,full,success,0.10824704233333333,,,,
aarch64-unknown-linux-gnu,hashbrown,0.17.0,map::test_map::test_remove,full,success,0.10717181733333335,,,,
aarch64-unknown-linux-gnu,hashbrown,0.17.0,map::test_map::test_remove_entry,full,success,0.10632198066666666,,,,
aarch64-unknown-linux-gnu,hashbrown,0.17.0,map::test_map::test_replace_entry_with_doesnt_corrupt,full,success,0.6872098563333333,,,,
aarch64-unknown-linux-gnu,hashbrown,0.17.0,map::test_map::test_reserve_shrink_to_fit,full,success,0.6813935233333334,,,,
aarch64-unknown-linux-gnu,hashbrown,0.17.0,map::test_map::test_retain,full,success,0.16413195200000003,,,,
aarch64-unknown-linux-gnu,hashbrown,0.17.0,map::test_map::test_show,full,success,0.10888613566666668,,,,
aarch64-unknown-linux-gnu,hashbrown,0.17.0,map::test_map::test_size_hint,full,success,0.10855307800000001,,,,
aarch64-unknown-linux-gnu,hashbrown,0.17.0,map::test_map::test_vacant_entry_key,full,success,0.10735053733333333,,,,
aarch64-unknown-linux-gnu,hashbrown,0.17.0,map::test_map::test_vacant_entry_ref_key,full,success,0.10767558700000002,,,,
aarch64-unknown-linux-gnu,hashbrown,0.17.0,map::test_map::test_values,full,success,0.10796067633333334,,,,
aarch64-unknown-linux-gnu,hashbrown,0.17.0,map::test_map::test_values_mut,full,success,0.10833992233333334,,,,
aarch64-unknown-linux-gnu,hashbrown,0.17.0,map::test_map::test_zero_capacities,full,success,0.10757329500000001,,,,
aarch64-unknown-linux-gnu,hashbrown,0.17.0,map::test_map_with_mmap_allocations::test_tiny_allocation_gets_rounded_to_page_size,full,success,0.283564502,,,,
aarch64-unknown-linux-gnu,hashbrown,0.17.0,raw::test_map::rehash,full,success,0.6879235980000001,,,,
aarch64-unknown-linux-gnu,hashbrown,0.17.0,raw::test_map::test_catch_panic_clone_from,full,success,0.12895110633333332,,,,
aarch64-unknown-linux-gnu,hashbrown,0.17.0,raw::test_map::test_drop_uninitialized,full,success,0.10647965966666667,,,,
aarch64-unknown-linux-gnu,hashbrown,0.17.0,raw::test_map::test_drop_zero_items,full,success,0.10627494800000002,,,,
aarch64-unknown-linux-gnu,hashbrown,0.17.0,raw::test_map::test_minimum_capacity_for_small_types,full,success,0.10696709466666666,,,,
aarch64-unknown-linux-gnu,hashbrown,0.17.0,raw::test_map::test_prev_pow2,full,success,0.10731927066666667,,,,
aarch64-unknown-linux-gnu,hashbrown,0.17.0,raw_entry::test_map::test_key_without_hash_impl,full,success,0.11087321466666668,,,,
aarch64-unknown-linux-gnu,hashbrown,0.17.0,raw_entry::test_map::test_raw_entry,full,success,0.131898047,,,,
aarch64-unknown-linux-gnu,hashbrown,0.17.0,raw_entry::test_map::test_raw_entry_and_replace_entry_with,full,success,0.10977650100000001,,,,
aarch64-unknown-linux-gnu,hashbrown,0.17.0,raw_entry::test_map::test_raw_occupied_entry_replace_entry_with,full,success,0.108947414,,,,
aarch64-unknown-linux-gnu,hashbrown,0.17.0,set::test_set::collect,full,success,0.10709343166666667,,,,
aarch64-unknown-linux-gnu,hashbrown,0.17.0,set::test_set::duplicate_insert,full,success,0.10823358100000002,,,,
aarch64-unknown-linux-gnu,hashbrown,0.17.0,set::test_set::rehash_in_place,full,success,1.6033450163333332,,,,
aarch64-unknown-linux-gnu,hashbrown,0.17.0,set::test_set::some_invalid_equivalent,full,success,0.11402696933333334,,,,
aarch64-unknown-linux-gnu,hashbrown,0.17.0,set::test_set::test_allocation_info,full,success,0.10661779500000002,,,,
aarch64-unknown-linux-gnu,hashbrown,0.17.0,set::test_set::test_const_with_hasher,full,success,0.10752453966666668,,,,
aarch64-unknown-linux-gnu,hashbrown,0.17.0,set::test_set::test_difference,full,success,0.11668193366666667,,,,
aarch64-unknown-linux-gnu,hashbrown,0.17.0,set::test_set::test_disjoint,full,success,0.116221952,,,,
aarch64-unknown-linux-gnu,hashbrown,0.17.0,set::test_set::test_drain,full,success,1.0689320933333333,,,,
aarch64-unknown-linux-gnu,hashbrown,0.17.0,set::test_set::test_eq,full,success,0.10961584833333333,,,,
aarch64-unknown-linux-gnu,hashbrown,0.17.0,set::test_set::test_extend_ref,full,success,0.11382546633333335,,,,
aarch64-unknown-linux-gnu,hashbrown,0.17.0,set::test_set::test_extract_if,full,success,0.11685176000000001,,,,
aarch64-unknown-linux-gnu,hashbrown,0.17.0,set::test_set::test_from_iter,full,success,0.11254325766666666,,,,
aarch64-unknown-linux-gnu,hashbrown,0.17.0,set::test_set::test_from_map,full,success,0.10898675766666667,,,,
aarch64-unknown-linux-gnu,hashbrown,0.17.0,set::test_set::test_intersection,full,success,0.11533739133333333,,,,
aarch64-unknown-linux-gnu,hashbrown,0.17.0,set::test_set::test_iterate,full,success,0.14210438866666666,,,,
aarch64-unknown-linux-gnu,hashbrown,0.17.0,set::test_set::test_move_iter,full,success,0.10701241033333335,,,,
aarch64-unknown-linux-gnu,hashbrown,0.17.0,set::test_set::test_replace,full,success,0.106454826,,,,
aarch64-unknown-linux-gnu,hashbrown,0.17.0,set::test_set::test_retain,full,success,0.11021518233333334,,,,
aarch64-unknown-linux-gnu,hashbrown,0.17.0,set::test_set::test_show,full,success,0.1079023,,,,
aarch64-unknown-linux-gnu,hashbrown,0.17.0,set::test_set::test_sub_assign,full,success,0.11089103699999998,,,,
aarch64-unknown-linux-gnu,hashbrown,0.17.0,set::test_set::test_subset_and_superset,full,success,0.117489258,,,,
aarch64-unknown-linux-gnu,hashbrown,0.17.0,set::test_set::test_symmetric_difference,full,success,0.11663445866666668,,,,
aarch64-unknown-linux-gnu,hashbrown,0.17.0,set::test_set::test_trivial_drain,full,success,0.10636698433333334,,,,
aarch64-unknown-linux-gnu,hashbrown,0.17.0,set::test_set::test_union,full,success,0.12299003200000001,,,,
aarch64-unknown-linux-gnu,hashbrown,0.17.0,set::test_set::test_zero_capacities,full,success,0.107900361,,,,
aarch64-unknown-linux-gnu,hashbrown,0.17.0,table::tests::test_allocation_info,full,success,0.10578629933333333,,,,
aarch64-unknown-linux-gnu,hostname,0.4.2,nix::tests::test_empty_buffer,full,success,0.10509522766666667,,,,
aarch64-unknown-linux-gnu,hostname,0.4.2,nix::tests::test_filled_with_null_buffer,full,success,0.10545124,,,,
aarch64-unknown-linux-gnu,hostname,0.4.2,nix::tests::test_non_overflowed_buffer,full,success,0.10685655000000001,,,,
aarch64-unknown-linux-gnu,hostname,0.4.2,nix::tests::test_overflowed_buffer,full,success,0.10611687433333333,,,,
aarch64-unknown-linux-gnu,httparse,1.10.1,simd::swar::test_is_header_value_block,full,success,0.115714188,,,,
aarch64-unknown-linux-gnu,httparse,1.10.1,simd::swar::test_is_uri_block,full,success,0.11484527333333334,,,,
aarch64-unknown-linux-gnu,httparse,1.10.1,simd::swar::test_offsetnz,full,success,0.10695703966666668,,,,
aarch64-unknown-linux-gnu,httparse,1.10.1,tests::partial_permutations,full,success,0.11143153566666668,,,,
aarch64-unknown-linux-gnu,httparse,1.10.1,tests::test_allow_request_with_multiple_space_delimiters,full,success,0.10720119566666668,,,,
aarch64-unknown-linux-gnu,httparse,1.10.1,tests::test_allow_response_response_with_space_before_first_header,full,success,0.10962749266666667,,,,
aarch64-unknown-linux-gnu,httparse,1.10.1,tests::test_allow_response_with_multiple_space_delimiters,full,success,0.10809928633333334,,,,
aarch64-unknown-linux-gnu,httparse,1.10.1,tests::test_allow_response_with_obsolete_line_folding_at_end,full,success,0.10923047500000001,,,,
aarch64-unknown-linux-gnu,httparse,1.10.1,tests::test_allow_response_with_obsolete_line_folding_at_start,full,success,0.109444419,,,,
aarch64-unknown-linux-gnu,httparse,1.10.1,tests::test_allow_response_with_obsolete_line_folding_in_empty_header,full,success,0.10978599533333333,,,,
aarch64-unknown-linux-gnu,httparse,1.10.1,tests::test_allow_response_with_obsolete_line_folding_in_middle,full,success,0.11072139866666668,,,,
aarch64-unknown-linux-gnu,httparse,1.10.1,tests::test_allow_response_with_whitespace_between_header_name_and_colon,full,success,0.11165069533333334,,,,
aarch64-unknown-linux-gnu,httparse,1.10.1,tests::test_bad_utf8_in_path,full,success,0.10799208066666667,,,,
aarch64-unknown-linux-gnu,httparse,1.10.1,tests::test_chunk_size,full,success,0.109090486,,,,
aarch64-unknown-linux-gnu,httparse,1.10.1,tests::test_forbid_request_with_multiple_space_delimiters,full,success,0.10801443133333334,,,,
aarch64-unknown-linux-gnu,httparse,1.10.1,tests::test_forbid_request_with_weird_whitespace_delimiters,full,success,0.11281723666666667,,,,
aarch64-unknown-linux-gnu,httparse,1.10.1,tests::test_forbid_request_with_whitespace_between_header_name_and_colon,full,success,0.109011696,,,,
aarch64-unknown-linux-gnu,httparse,1.10.1,tests::test_forbid_response_with_multiple_space_delimiters,full,success,0.10864502100000001,,,,
aarch64-unknown-linux-gnu,httparse,1.10.1,tests::test_forbid_response_with_obsolete_line_folding_at_end,full,success,0.10977369666666668,,,,
aarch64-unknown-linux-gnu,httparse,1.10.1,tests::test_forbid_response_with_obsolete_line_folding_at_start,full,success,0.11058199233333334,,,,
aarch64-unknown-linux-gnu,httparse,1.10.1,tests::test_forbid_response_with_obsolete_line_folding_in_empty_header,full,success,0.11014027933333335,,,,
aarch64-unknown-linux-gnu,httparse,1.10.1,tests::test_forbid_response_with_obsolete_line_folding_in_middle,full,success,0.11002377133333334,,,,
aarch64-unknown-linux-gnu,httparse,1.10.1,tests::test_forbid_response_with_space_before_first_header,full,success,0.10839030066666666,,,,
aarch64-unknown-linux-gnu,httparse,1.10.1,tests::test_forbid_response_with_weird_whitespace_delimiters,full,success,0.10845198700000001,,,,
aarch64-unknown-linux-gnu,httparse,1.10.1,tests::test_forbid_response_with_whitespace_between_header_name_and_colon,full,success,0.10989733633333336,,,,
aarch64-unknown-linux-gnu,httparse,1.10.1,tests::test_header_with_cr_in_header_name,full,success,0.11506467933333335,,,,
aarch64-unknown-linux-gnu,httparse,1.10.1,tests::test_header_with_invalid_char_in_value,full,success,0.11845561866666666,,,,
aarch64-unknown-linux-gnu,httparse,1.10.1,tests::test_header_with_invalid_char_in_value_with_folding,full,success,0.11831193166666666,,,,
aarch64-unknown-linux-gnu,httparse,1.10.1,tests::test_header_with_nul_in_value,full,success,0.11613570700000002,,,,
aarch64-unknown-linux-gnu,httparse,1.10.1,tests::test_header_with_nul_in_whitespace_before_colon,full,success,0.11417717633333334,,,,
aarch64-unknown-linux-gnu,httparse,1.10.1,tests::test_ignore_header_line_with_missing_colon_in_request,full,success,0.11398364700000001,,,,
aarch64-unknown-linux-gnu,httparse,1.10.1,tests::test_ignore_header_line_with_missing_colon_in_response,full,success,0.11188055266666667,,,,
aarch64-unknown-linux-gnu,httparse,1.10.1,tests::test_ignore_header_line_with_whitespaces_after_header_name_in_request,full,success,0.109369785,,,,
aarch64-unknown-linux-gnu,httparse,1.10.1,tests::test_ignore_header_line_with_whitespaces_after_header_name_in_response,full,success,0.11011724566666665,,,,
aarch64-unknown-linux-gnu,httparse,1.10.1,tests::test_method_within_buffer,full,success,0.10835101633333333,,,,
aarch64-unknown-linux-gnu,httparse,1.10.1,tests::test_no_space_after_colon,full,success,0.10927021833333334,,,,
aarch64-unknown-linux-gnu,httparse,1.10.1,tests::test_request_empty_lines_prefix,full,success,0.108764988,,,,
aarch64-unknown-linux-gnu,httparse,1.10.1,tests::test_request_empty_lines_prefix_lf_only,full,success,0.10881070533333335,,,,
aarch64-unknown-linux-gnu,httparse,1.10.1,tests::test_request_header_no_space_after_colon,full,success,0.10980115866666668,,,,
aarch64-unknown-linux-gnu,httparse,1.10.1,tests::test_request_header_value_htab_long,full,success,0.10927011666666668,,,,
aarch64-unknown-linux-gnu,httparse,1.10.1,tests::test_request_header_value_htab_med,full,success,0.109630897,,,,
aarch64-unknown-linux-gnu,httparse,1.10.1,tests::test_request_header_value_htab_short,full,success,0.10969544200000002,,,,
aarch64-unknown-linux-gnu,httparse,1.10.1,tests::test_request_header_with_missing_colon_with_folding,full,success,0.11282531833333335,,,,
aarch64-unknown-linux-gnu,httparse,1.10.1,tests::test_request_header_with_nul_in_header_name,full,success,0.111259226,,,,
aarch64-unknown-linux-gnu,httparse,1.10.1,tests::test_request_headers,full,success,0.11022538833333334,,,,
aarch64-unknown-linux-gnu,httparse,1.10.1,tests::test_request_headers_max,full,success,0.11068142933333334,,,,
aarch64-unknown-linux-gnu,httparse,1.10.1,tests::test_request_headers_optional_whitespace,full,success,0.11089536233333334,,,,
aarch64-unknown-linux-gnu,httparse,1.10.1,tests::test_request_method_no_delimiter,full,success,0.10818405633333335,,,,
aarch64-unknown-linux-gnu,httparse,1.10.1,tests::test_request_method_only,full,success,0.10878102166666669,,,,
aarch64-unknown-linux-gnu,httparse,1.10.1,tests::test_request_method_path_no_delimiter,full,success,0.10889631100000001,,,,
aarch64-unknown-linux-gnu,httparse,1.10.1,tests::test_request_method_path_only,full,success,0.10907574500000002,,,,
aarch64-unknown-linux-gnu,httparse,1.10.1,tests::test_request_multibyte,full,success,0.10977550100000001,,,,
aarch64-unknown-linux-gnu,httparse,1.10.1,tests::test_request_newlines,full,success,0.10884054066666667,,,,
aarch64-unknown-linux-gnu,httparse,1.10.1,tests::test_request_one_byte_method,full,success,0.10795308133333335,,,,
aarch64-unknown-linux-gnu,httparse,1.10.1,tests::test_request_partial,full,success,0.108171372,,,,
aarch64-unknown-linux-gnu,httparse,1.10.1,tests::test_request_partial_method,full,success,0.10867729466666669,,,,
aarch64-unknown-linux-gnu,httparse,1.10.1,tests::test_request_partial_parses_headers_as_much_as_it_can,full,success,0.10852247233333334,,,,
aarch64-unknown-linux-gnu,httparse,1.10.1,tests::test_request_partial_version,full,success,0.10898474766666667,,,,
aarch64-unknown-linux-gnu,httparse,1.10.1,tests::test_request_path_backslash,full,success,0.10932067133333334,,,,
aarch64-unknown-linux-gnu,httparse,1.10.1,tests::test_request_simple,full,success,0.10851013733333333,,,,
aarch64-unknown-linux-gnu,httparse,1.10.1,tests::test_request_simple_with_query_params,full,success,0.108955774,,,,
aarch64-unknown-linux-gnu,httparse,1.10.1,tests::test_request_simple_with_whatwg_query_params,full,success,0.10913483433333333,,,,
aarch64-unknown-linux-gnu,httparse,1.10.1,tests::test_request_with_del_in_path,full,success,0.10959350333333334,,,,
aarch64-unknown-linux-gnu,httparse,1.10.1,tests::test_request_with_empty_header_name,full,success,0.11015031133333335,,,,
aarch64-unknown-linux-gnu,httparse,1.10.1,tests::test_request_with_empty_method,full,success,0.10854973600000001,,,,
aarch64-unknown-linux-gnu,httparse,1.10.1,tests::test_request_with_empty_method_and_path,full,success,0.109026626,,,,
aarch64-unknown-linux-gnu,httparse,1.10.1,tests::test_request_with_empty_path,full,success,0.10863658133333333,,,,
aarch64-unknown-linux-gnu,httparse,1.10.1,tests::test_request_with_invalid_but_short_version,full,success,0.10940132066666668,,,,
aarch64-unknown-linux-gnu,httparse,1.10.1,tests::test_request_with_invalid_char_between_header_name_and_colon,full,success,0.11355341466666669,,,,
aarch64-unknown-linux-gnu,httparse,1.10.1,tests::test_request_with_invalid_method,full,success,0.109627653,,,,
aarch64-unknown-linux-gnu,httparse,1.10.1,tests::test_request_with_invalid_token_delimiter,full,success,0.10820010966666667,,,,
aarch64-unknown-linux-gnu,httparse,1.10.1,tests::test_request_with_leading_space,full,success,0.10853412633333333,,,,
aarch64-unknown-linux-gnu,httparse,1.10.1,tests::test_request_with_multiple_spaces_and_bad_path,full,success,0.10893300833333334,,,,
aarch64-unknown-linux-gnu,httparse,1.10.1,tests::test_request_with_whitespace_between_header_name_and_colon,full,success,0.11147771166666669,,,,
aarch64-unknown-linux-gnu,httparse,1.10.1,tests::test_response_code_missing_space,full,success,0.10798557633333335,,,,
aarch64-unknown-linux-gnu,httparse,1.10.1,tests::test_response_empty_lines_prefix_lf_only,full,success,0.10793162500000002,,,,
aarch64-unknown-linux-gnu,httparse,1.10.1,tests::test_response_header_with_missing_colon_with_folding,full,success,0.11342209233333334,,,,
aarch64-unknown-linux-gnu,httparse,1.10.1,tests::test_response_header_with_nul_in_header_name,full,success,0.11182086633333334,,,,
aarch64-unknown-linux-gnu,httparse,1.10.1,tests::test_response_newlines,full,success,0.10875169966666669,,,,
aarch64-unknown-linux-gnu,httparse,1.10.1,tests::test_response_no_cr,full,success,0.10865575533333334,,,,
aarch64-unknown-linux-gnu,httparse,1.10.1,tests::test_response_partial_parses_headers_as_much_as_it_can,full,success,0.10828341033333334,,,,
aarch64-unknown-linux-gnu,httparse,1.10.1,tests::test_response_reason_missing,full,success,0.11230643466666668,,,,
aarch64-unknown-linux-gnu,httparse,1.10.1,tests::test_response_reason_missing_no_space,full,success,0.10759515233333333,,,,
aarch64-unknown-linux-gnu,httparse,1.10.1,tests::test_response_reason_missing_no_space_with_headers,full,success,0.10777987900000001,,,,
aarch64-unknown-linux-gnu,httparse,1.10.1,tests::test_response_reason_with_nul_byte,full,success,0.108089116,,,,
aarch64-unknown-linux-gnu,httparse,1.10.1,tests::test_response_reason_with_obsolete_text_byte,full,success,0.10840228600000001,,,,
aarch64-unknown-linux-gnu,httparse,1.10.1,tests::test_response_reason_with_space_and_tab,full,success,0.10921267533333334,,,,
aarch64-unknown-linux-gnu,httparse,1.10.1,tests::test_response_simple,full,success,0.10857734966666667,,,,
aarch64-unknown-linux-gnu,httparse,1.10.1,tests::test_response_version_missing_space,full,success,0.10820296466666668,,,,
aarch64-unknown-linux-gnu,httparse,1.10.1,tests::test_response_with_empty_header_name,full,success,0.10927599433333335,,,,
aarch64-unknown-linux-gnu,httparse,1.10.1,tests::test_response_with_invalid_char_between_header_name_and_colon,full,success,0.112328471,,,,
aarch64-unknown-linux-gnu,httparse,1.10.1,tests::test_response_with_spaces_in_code,full,success,0.10873871533333335,,,,
aarch64-unknown-linux-gnu,httparse,1.10.1,tests::test_still_forbid_request_with_weird_whitespace_delimiters,full,success,0.10801345933333333,,,,
aarch64-unknown-linux-gnu,httparse,1.10.1,tests::test_still_forbid_response_with_weird_whitespace_delimiters,full,success,0.10821535033333335,,,,
aarch64-unknown-linux-gnu,httparse,1.10.1,tests::test_utf8_in_path_ok,full,success,0.10859470333333333,,,,
aarch64-unknown-linux-gnu,hyper,1.10.1,error::tests::error_satisfies_send_sync,full,success,0.10709314033333334,,,,
aarch64-unknown-linux-gnu,hyper,1.10.1,error::tests::error_size_of,full,success,0.10530319066666667,,,,
aarch64-unknown-linux-gnu,indexmap,2.14.0,inner::assert_send_sync,full,success,0.10825866066666667,,,,
aarch64-unknown-linux-gnu,indexmap,2.14.0,map::entry::assert_send_sync,full,success,0.10779759600000001,,,,
aarch64-unknown-linux-gnu,indexmap,2.14.0,map::raw_entry_v1::assert_send_sync,full,success,0.10816921033333333,,,,
aarch64-unknown-linux-gnu,indexmap,2.14.0,map::slice::tests::slice_get_index_mut,full,success,0.117230814,,,,
aarch64-unknown-linux-gnu,indexmap,2.14.0,map::slice::tests::slice_get_range,full,success,0.11588545566666668,,,,
aarch64-unknown-linux-gnu,indexmap,2.14.0,map::slice::tests::slice_index,full,success,0.8144144836666666,,,,
aarch64-unknown-linux-gnu,indexmap,2.14.0,map::slice::tests::slice_index_mut,full,success,0.6497922376666667,,,,
aarch64-unknown-linux-gnu,indexmap,2.14.0,map::slice::tests::slice_new,full,success,0.10892087733333333,,,,
aarch64-unknown-linux-gnu,indexmap,2.14.0,map::slice::tests::slice_new_mut,full,success,0.10841130100000002,,,,
aarch64-unknown-linux-gnu,indexmap,2.14.0,map::slice::tests::slice_split_first,full,success,0.11644680866666668,,,,
aarch64-unknown-linux-gnu,indexmap,2.14.0,map::slice::tests::slice_split_first_mut,full,success,0.11707076266666668,,,,
aarch64-unknown-linux-gnu,indexmap,2.14.0,map::slice::tests::slice_split_last,full,success,0.11830421866666667,,,,
aarch64-unknown-linux-gnu,indexmap,2.14.0,map::slice::tests::slice_split_last_mut,full,success,0.11681027566666669,,,,
aarch64-unknown-linux-gnu,indexmap,2.14.0,map::tests::clear,full,success,0.11282527566666667,,,,
aarch64-unknown-linux-gnu,indexmap,2.14.0,map::tests::disjoint_indices_mut_empty,full,success,0.11080383033333334,,,,
aarch64-unknown-linux-gnu,indexmap,2.14.0,map::tests::disjoint_indices_mut_fail_duplicate,full,success,0.11275453633333334,,,,
aarch64-unknown-linux-gnu,indexmap,2.14.0,map::tests::disjoint_indices_mut_fail_oob,full,success,0.11225306266666668,,,,
aarch64-unknown-linux-gnu,indexmap,2.14.0,map::tests::disjoint_indices_mut_success,full,success,0.1167831236666667,,,,
aarch64-unknown-linux-gnu,indexmap,2.14.0,map::tests::disjoint_mut_empty_map,full,success,0.11233920466666668,,,,
aarch64-unknown-linux-gnu,indexmap,2.14.0,map::tests::disjoint_mut_empty_param,full,success,0.11308250133333335,,,,
aarch64-unknown-linux-gnu,indexmap,2.14.0,map::tests::disjoint_mut_multi_fail_duplicate_panic,full,success,0.11928862166666666,,,,
aarch64-unknown-linux-gnu,indexmap,2.14.0,map::tests::disjoint_mut_multi_fail_missing,full,success,0.12100366333333334,,,,
aarch64-unknown-linux-gnu,indexmap,2.14.0,map::tests::disjoint_mut_multi_success,full,success,0.12531096100000003,,,,
aarch64-unknown-linux-gnu,indexmap,2.14.0,map::tests::disjoint_mut_multi_success_borrow_key,full,success,0.13002850466666668,,,,
aarch64-unknown-linux-gnu,indexmap,2.14.0,map::tests::disjoint_mut_multi_success_unsized_key,full,success,0.126659183,,,,
aarch64-unknown-linux-gnu,indexmap,2.14.0,map::tests::disjoint_mut_single_fail,full,success,0.11395043600000003,,,,
aarch64-unknown-linux-gnu,indexmap,2.14.0,map::tests::disjoint_mut_single_success,full,success,0.110913941,,,,
aarch64-unknown-linux-gnu,indexmap,2.14.0,map::tests::drain_range,full,success,0.9406347313333333,,,,
aarch64-unknown-linux-gnu,indexmap,2.14.0,map::tests::entry,full,success,0.11292023333333334,,,,
aarch64-unknown-linux-gnu,indexmap,2.14.0,map::tests::entry_and_modify,full,success,0.110851204,,,,
aarch64-unknown-linux-gnu,indexmap,2.14.0,map::tests::entry_or_default,full,success,0.11212694766666668,,,,
aarch64-unknown-linux-gnu,indexmap,2.14.0,map::tests::extend,full,success,0.11467456866666668,,,,
aarch64-unknown-linux-gnu,indexmap,2.14.0,map::tests::from_array,full,success,0.11445809066666668,,,,
aarch64-unknown-linux-gnu,indexmap,2.14.0,map::tests::from_entries,full,success,0.11266169366666667,,,,
aarch64-unknown-linux-gnu,indexmap,2.14.0,map::tests::get_index_entry,full,success,0.11629735100000001,,,,
aarch64-unknown-linux-gnu,indexmap,2.14.0,map::tests::get_index_mut2,full,success,0.111761611,,,,
aarch64-unknown-linux-gnu,indexmap,2.14.0,map::tests::get_range,full,success,0.11375125566666668,,,,
aarch64-unknown-linux-gnu,indexmap,2.14.0,map::tests::get_range_mut,full,success,0.11402377100000001,,,,
aarch64-unknown-linux-gnu,indexmap,2.14.0,map::tests::grow,full,success,0.46704496866666667,,,,
aarch64-unknown-linux-gnu,indexmap,2.14.0,map::tests::insert,full,success,0.13247979733333334,,,,
aarch64-unknown-linux-gnu,indexmap,2.14.0,map::tests::insert_2,full,success,1.6324783710000002,,,,
aarch64-unknown-linux-gnu,indexmap,2.14.0,map::tests::insert_before_oob,full,success,0.11792707433333334,,,,
aarch64-unknown-linux-gnu,indexmap,2.14.0,map::tests::insert_full,full,success,0.12474990400000001,,,,
aarch64-unknown-linux-gnu,indexmap,2.14.0,map::tests::insert_order,full,success,0.13118998933333334,,,,
aarch64-unknown-linux-gnu,indexmap,2.14.0,map::tests::insert_sorted_bad,full,success,0.1367731636666667,,,,
aarch64-unknown-linux-gnu,indexmap,2.14.0,map::tests::insert_sorted_by,full,success,0.12288538266666667,,,,
aarch64-unknown-linux-gnu,indexmap,2.14.0,map::tests::insert_sorted_by_key,full,success,0.12010226866666668,,,,
aarch64-unknown-linux-gnu,indexmap,2.14.0,map::tests::into_boxed_slice,full,success,0.11952964766666668,,,,
aarch64-unknown-linux-gnu,indexmap,2.14.0,map::tests::into_keys,full,success,0.11082946566666667,,,,
aarch64-unknown-linux-gnu,indexmap,2.14.0,map::tests::into_values,full,success,0.11017954533333335,,,,
aarch64-unknown-linux-gnu,indexmap,2.14.0,map::tests::is_sorted,full,success,0.14897599466666667,,,,
aarch64-unknown-linux-gnu,indexmap,2.14.0,map::tests::is_sorted_trivial,full,success,0.11249046233333333,,,,
aarch64-unknown-linux-gnu,indexmap,2.14.0,map::tests::it_works,full,success,0.10871001000000001,,,,
aarch64-unknown-linux-gnu,indexmap,2.14.0,map::tests::iter_default,full,success,0.10586741166666667,,,,
aarch64-unknown-linux-gnu,indexmap,2.14.0,map::tests::keys,full,success,0.10939119000000001,,,,
aarch64-unknown-linux-gnu,indexmap,2.14.0,map::tests::last_mut,full,success,0.109432527,,,,
aarch64-unknown-linux-gnu,indexmap,2.14.0,map::tests::new,full,success,0.10695918833333334,,,,
aarch64-unknown-linux-gnu,indexmap,2.14.0,map::tests::occupied_entry_key,full,success,0.10933789133333334,,,,
aarch64-unknown-linux-gnu,indexmap,2.14.0,map::tests::partial_eq_and_eq,full,success,0.11460504133333334,,,,
aarch64-unknown-linux-gnu,indexmap,2.14.0,map::tests::remove,full,success,0.1569434756666667,,,,
aarch64-unknown-linux-gnu,indexmap,2.14.0,map::tests::remove_to_empty,full,success,0.110090254,,,,
aarch64-unknown-linux-gnu,indexmap,2.14.0,map::tests::reserve,full,success,0.42166312833333336,,,,
aarch64-unknown-linux-gnu,indexmap,2.14.0,map::tests::shift_insert,full,success,0.14749002366666666,,,,
aarch64-unknown-linux-gnu,indexmap,2.14.0,map::tests::shift_insert_oob,full,success,0.11724866,,,,
aarch64-unknown-linux-gnu,indexmap,2.14.0,map::tests::shift_remove_entry,full,success,0.11532523566666668,,,,
aarch64-unknown-linux-gnu,indexmap,2.14.0,map::tests::shift_remove_full,full,success,0.115364311,,,,
aarch64-unknown-linux-gnu,indexmap,2.14.0,map::tests::shift_shift_remove_index,full,success,0.11731980566666667,,,,
aarch64-unknown-linux-gnu,indexmap,2.14.0,map::tests::shrink_to_fit,full,success,0.4951462756666667,,,,
aarch64-unknown-linux-gnu,indexmap,2.14.0,map::tests::sorted_unstable_by,full,success,0.11190482166666667,,,,
aarch64-unknown-linux-gnu,indexmap,2.14.0,map::tests::swap_remove_index,full,success,0.12960245833333334,,,,
aarch64-unknown-linux-gnu,indexmap,2.14.0,map::tests::test_binary_search_by,full,success,0.14398789833333336,,,,
aarch64-unknown-linux-gnu,indexmap,2.14.0,map::tests::test_binary_search_by_key,full,success,0.14336992466666668,,,,
aarch64-unknown-linux-gnu,indexmap,2.14.0,map::tests::test_move_index_out_of_bounds_0_10,full,success,0.12141588566666668,,,,
aarch64-unknown-linux-gnu,indexmap,2.14.0,map::tests::test_move_index_out_of_bounds_0_max,full,success,0.12105540133333333,,,,
aarch64-unknown-linux-gnu,indexmap,2.14.0,map::tests::test_move_index_out_of_bounds_10_0,full,success,0.12141760533333334,,,,
aarch64-unknown-linux-gnu,indexmap,2.14.0,map::tests::test_move_index_out_of_bounds_max_0,full,success,0.121654789,,,,
aarch64-unknown-linux-gnu,indexmap,2.14.0,map::tests::test_partition_point,full,success,0.14368820533333335,,,,
aarch64-unknown-linux-gnu,indexmap,2.14.0,map::tests::try_reserve,full,success,0.10743607033333334,,,,
aarch64-unknown-linux-gnu,indexmap,2.14.0,map::tests::values,full,success,0.10934866700000001,,,,
aarch64-unknown-linux-gnu,indexmap,2.14.0,map::tests::values_mut,full,success,0.110194289,,,,
aarch64-unknown-linux-gnu,indexmap,2.14.0,set::slice::tests::slice_index,full,success,0.3083606146666667,,,,
aarch64-unknown-linux-gnu,indexmap,2.14.0,set::tests::binary_search,full,success,0.11247921500000002,,,,
aarch64-unknown-linux-gnu,indexmap,2.14.0,set::tests::comparisons,full,success,0.14178594166666666,,,,
aarch64-unknown-linux-gnu,indexmap,2.14.0,set::tests::drain,full,success,0.11134952466666669,,,,
aarch64-unknown-linux-gnu,indexmap,2.14.0,set::tests::extend,full,success,0.113456102,,,,
aarch64-unknown-linux-gnu,indexmap,2.14.0,set::tests::first,full,success,0.10928026833333333,,,,
aarch64-unknown-linux-gnu,indexmap,2.14.0,set::tests::from_array,full,success,0.116178444,,,,
aarch64-unknown-linux-gnu,indexmap,2.14.0,set::tests::get_range,full,success,0.11187622300000001,,,,
aarch64-unknown-linux-gnu,indexmap,2.14.0,set::tests::grow,full,success,0.41044497700000004,,,,
aarch64-unknown-linux-gnu,indexmap,2.14.0,set::tests::insert,full,success,0.12472381766666668,,,,
aarch64-unknown-linux-gnu,indexmap,2.14.0,set::tests::insert_2,full,success,1.9353312543333334,,,,
aarch64-unknown-linux-gnu,indexmap,2.14.0,set::tests::insert_dup,full,success,0.11341704633333334,,,,
aarch64-unknown-linux-gnu,indexmap,2.14.0,set::tests::insert_full,full,success,0.12391856466666668,,,,
aarch64-unknown-linux-gnu,indexmap,2.14.0,set::tests::insert_order,full,success,0.13502134966666668,,,,
aarch64-unknown-linux-gnu,indexmap,2.14.0,set::tests::insert_sorted,full,success,0.11198718566666667,,,,
aarch64-unknown-linux-gnu,indexmap,2.14.0,set::tests::is_sorted,full,success,0.12747901033333334,,,,
aarch64-unknown-linux-gnu,indexmap,2.14.0,set::tests::is_sorted_trivial,full,success,0.11305161833333334,,,,
aarch64-unknown-linux-gnu,indexmap,2.14.0,set::tests::it_works,full,success,0.10832062833333334,,,,
aarch64-unknown-linux-gnu,indexmap,2.14.0,set::tests::iter_comparisons,full,success,0.22238254133333335,,,,
aarch64-unknown-linux-gnu,indexmap,2.14.0,set::tests::iter_default,full,success,0.10747505733333335,,,,
aarch64-unknown-linux-gnu,indexmap,2.14.0,set::tests::last,full,success,0.11703938933333334,,,,
aarch64-unknown-linux-gnu,indexmap,2.14.0,set::tests::new,full,success,0.108905027,,,,
aarch64-unknown-linux-gnu,indexmap,2.14.0,set::tests::ops,full,success,0.4769862276666667,,,,
aarch64-unknown-linux-gnu,indexmap,2.14.0,set::tests::partial_eq_and_eq,full,success,0.11553877333333334,,,,
aarch64-unknown-linux-gnu,indexmap,2.14.0,set::tests::remove,full,success,0.15178638533333333,,,,
aarch64-unknown-linux-gnu,indexmap,2.14.0,set::tests::replace,full,success,0.12751292300000003,,,,
aarch64-unknown-linux-gnu,indexmap,2.14.0,set::tests::replace_2,full,success,1.9089607093333332,,,,
aarch64-unknown-linux-gnu,indexmap,2.14.0,set::tests::replace_change,full,success,0.10932313100000002,,,,
aarch64-unknown-linux-gnu,indexmap,2.14.0,set::tests::replace_dup,full,success,0.11216455933333334,,,,
aarch64-unknown-linux-gnu,indexmap,2.14.0,set::tests::replace_full,full,success,0.12229451566666667,,,,
aarch64-unknown-linux-gnu,indexmap,2.14.0,set::tests::replace_order,full,success,0.129273194,,,,
aarch64-unknown-linux-gnu,indexmap,2.14.0,set::tests::reserve,full,success,0.45150664600000007,,,,
aarch64-unknown-linux-gnu,indexmap,2.14.0,set::tests::retain,full,success,0.12154765933333334,,,,
aarch64-unknown-linux-gnu,indexmap,2.14.0,set::tests::shift_insert,full,success,0.14675459966666668,,,,
aarch64-unknown-linux-gnu,indexmap,2.14.0,set::tests::shift_remove_full,full,success,0.11628271233333333,,,,
aarch64-unknown-linux-gnu,indexmap,2.14.0,set::tests::shift_remove_index,full,success,0.11827398866666668,,,,
aarch64-unknown-linux-gnu,indexmap,2.14.0,set::tests::shift_take,full,success,0.11609379233333333,,,,
aarch64-unknown-linux-gnu,indexmap,2.14.0,set::tests::shrink_to_fit,full,success,0.5115941316666667,,,,
aarch64-unknown-linux-gnu,indexmap,2.14.0,set::tests::sort_by,full,success,0.11290561833333335,,,,
aarch64-unknown-linux-gnu,indexmap,2.14.0,set::tests::sort_by_cached_key,full,success,0.11763513833333333,,,,
aarch64-unknown-linux-gnu,indexmap,2.14.0,set::tests::sort_by_key,full,success,0.115817916,,,,
aarch64-unknown-linux-gnu,indexmap,2.14.0,set::tests::sort_unstable,full,success,0.11277536166666667,,,,
aarch64-unknown-linux-gnu,indexmap,2.14.0,set::tests::sort_unstable_by,full,success,0.127201769,,,,
aarch64-unknown-linux-gnu,indexmap,2.14.0,set::tests::sort_unstable_by_key,full,success,0.11528171733333335,,,,
aarch64-unknown-linux-gnu,indexmap,2.14.0,set::tests::sorted_unstable_by,full,success,0.1286067736666667,,,,
aarch64-unknown-linux-gnu,indexmap,2.14.0,set::tests::split_off,full,success,0.11568126033333333,,,,
aarch64-unknown-linux-gnu,indexmap,2.14.0,set::tests::swap_remove_index,full,success,0.13283101833333333,,,,
aarch64-unknown-linux-gnu,indexmap,2.14.0,set::tests::swap_take,full,success,0.115465422,,,,
aarch64-unknown-linux-gnu,indexmap,2.14.0,set::tests::take,full,success,0.10989506966666668,,,,
aarch64-unknown-linux-gnu,indexmap,2.14.0,set::tests::test_binary_search_by,full,success,0.15299860766666667,,,,
aarch64-unknown-linux-gnu,indexmap,2.14.0,set::tests::test_binary_search_by_key,full,success,0.14119929066666667,,,,
aarch64-unknown-linux-gnu,indexmap,2.14.0,set::tests::test_partition_point,full,success,0.14123582733333337,,,,
aarch64-unknown-linux-gnu,indexmap,2.14.0,set::tests::try_reserve,full,success,0.10955440933333334,,,,
aarch64-unknown-linux-gnu,indexmap,2.14.0,set::tests::try_reserve_exact,full,success,0.11193520033333333,,,,
aarch64-unknown-linux-gnu,is-terminal,0.4.17,tests::stderr,full,success,0.10771778800000002,,,,
aarch64-unknown-linux-gnu,is-terminal,0.4.17,tests::stderr_vs_libc,full,success,0.10817917766666667,,,,
aarch64-unknown-linux-gnu,is-terminal,0.4.17,tests::stdin,full,success,0.10864368,,,,
aarch64-unknown-linux-gnu,is-terminal,0.4.17,tests::stdin_vs_libc,full,success,0.10888165133333334,,,,
aarch64-unknown-linux-gnu,is-terminal,0.4.17,tests::stdout,full,success,0.10828993233333334,,,,
aarch64-unknown-linux-gnu,is-terminal,0.4.17,tests::stdout_vs_libc,full,success,0.10906607466666668,,,,
aarch64-unknown-linux-gnu,lazycell,1.3.0,tests::atomic_replace,full,success,0.10295608966666668,,,,
aarch64-unknown-linux-gnu,lazycell,1.3.0,tests::clone,full,success,0.10267664033333333,,,,
aarch64-unknown-linux-gnu,lazycell,1.3.0,tests::clone_atomic,full,success,0.102504267,,,,
aarch64-unknown-linux-gnu,lazycell,1.3.0,tests::default,full,success,0.10391749766666668,,,,
aarch64-unknown-linux-gnu,lazycell,1.3.0,tests::normal_replace,full,success,0.10342793666666668,,,,
aarch64-unknown-linux-gnu,lazycell,1.3.0,tests::test_already_filled_error,full,success,0.10218395899999999,,,,
aarch64-unknown-linux-gnu,lazycell,1.3.0,tests::test_atomic_already_filled_panic,full,success,0.10321060700000001,,,,
aarch64-unknown-linux-gnu,lazycell,1.3.0,tests::test_atomic_borrow_from_empty,full,success,0.10406622500000001,,,,
aarch64-unknown-linux-gnu,lazycell,1.3.0,tests::test_atomic_fill_and_borrow,full,success,0.10356543466666668,,,,
aarch64-unknown-linux-gnu,lazycell,1.3.0,tests::test_atomic_into_inner,full,success,0.10372248633333332,,,,
aarch64-unknown-linux-gnu,lazycell,1.3.0,tests::test_borrow_from_empty,full,success,0.10322254466666665,,,,
aarch64-unknown-linux-gnu,lazycell,1.3.0,tests::test_borrow_mut,full,success,0.10289554066666667,,,,
aarch64-unknown-linux-gnu,lazycell,1.3.0,tests::test_borrow_mut_with,full,success,0.10403143233333334,,,,
aarch64-unknown-linux-gnu,lazycell,1.3.0,tests::test_borrow_mut_with_already_filled,full,success,0.10361028533333334,,,,
aarch64-unknown-linux-gnu,lazycell,1.3.0,tests::test_borrow_mut_with_not_called_when_filled,full,success,0.10390159366666667,,,,
aarch64-unknown-linux-gnu,lazycell,1.3.0,tests::test_borrow_with,full,success,0.10328297633333333,,,,
aarch64-unknown-linux-gnu,lazycell,1.3.0,tests::test_borrow_with_already_filled,full,success,0.103571947,,,,
aarch64-unknown-linux-gnu,lazycell,1.3.0,tests::test_borrow_with_not_called_when_filled,full,success,0.103130514,,,,
aarch64-unknown-linux-gnu,lazycell,1.3.0,tests::test_borrow_with_sound_with_reentrancy,full,success,0.110038835,,,,
aarch64-unknown-linux-gnu,lazycell,1.3.0,tests::test_fill_and_borrow,full,success,0.10381067633333335,,,,
aarch64-unknown-linux-gnu,lazycell,1.3.0,tests::test_into_inner,full,success,0.10408617633333334,,,,
aarch64-unknown-linux-gnu,lazycell,1.3.0,tests::test_try_borrow_mut_with_already_filled,full,success,0.10379720566666668,,,,
aarch64-unknown-linux-gnu,lazycell,1.3.0,tests::test_try_borrow_mut_with_err,full,success,0.10348519066666667,,,,
aarch64-unknown-linux-gnu,lazycell,1.3.0,tests::test_try_borrow_mut_with_ok,full,success,0.10411776133333334,,,,
aarch64-unknown-linux-gnu,lazycell,1.3.0,tests::test_try_borrow_with_already_filled,full,success,0.10305940933333334,,,,
aarch64-unknown-linux-gnu,lazycell,1.3.0,tests::test_try_borrow_with_err,full,success,0.10286196833333333,,,,
aarch64-unknown-linux-gnu,lazycell,1.3.0,tests::test_try_borrow_with_ok,full,success,0.10382660633333333,,,,
aarch64-unknown-linux-gnu,lazycell,1.3.0,tests::test_try_borrow_with_sound_with_reentrancy,full,success,0.11022853,,,,
aarch64-unknown-linux-gnu,libc,0.2.186,macros::tests::c_enum_basic,full,success,0.10520587866666668,,,,
aarch64-unknown-linux-gnu,libc,0.2.186,macros::tests::c_enum_multiple_set_value,full,success,0.10561561433333333,,,,
aarch64-unknown-linux-gnu,libc,0.2.186,macros::tests::c_enum_repr,full,success,0.10587248633333335,,,,
aarch64-unknown-linux-gnu,libc,0.2.186,macros::tests::c_enum_set_value,full,success,0.10654081133333333,,,,
aarch64-unknown-linux-gnu,libc,0.2.186,macros::tests::c_enum_vis,full,success,0.10604792733333335,,,,
aarch64-unknown-linux-gnu,libc,0.2.186,macros::tests::test_offset_of,full,success,0.10633217000000002,,,,
aarch64-unknown-linux-gnu,log,0.4.29,tests::test_cross_cmp,full,success,0.10598229399999999,,,,
aarch64-unknown-linux-gnu,log,0.4.29,tests::test_cross_eq,full,success,0.10774464333333333,,,,
aarch64-unknown-linux-gnu,log,0.4.29,tests::test_foreign_impl,full,success,0.10715400733333334,,,,
aarch64-unknown-linux-gnu,log,0.4.29,tests::test_level_as_str,full,success,0.106338826,,,,
aarch64-unknown-linux-gnu,log,0.4.29,tests::test_level_down,full,success,0.106452569,,,,
aarch64-unknown-linux-gnu,log,0.4.29,tests::test_level_filter_as_str,full,success,0.10677332333333334,,,,
aarch64-unknown-linux-gnu,log,0.4.29,tests::test_level_filter_down,full,success,0.10737116566666667,,,,
aarch64-unknown-linux-gnu,log,0.4.29,tests::test_level_filter_up,full,success,0.10790926733333334,,,,
aarch64-unknown-linux-gnu,log,0.4.29,tests::test_level_from_str,full,success,0.10832027233333334,,,,
aarch64-unknown-linux-gnu,log,0.4.29,tests::test_level_show,full,success,0.10678437600000001,,,,
aarch64-unknown-linux-gnu,log,0.4.29,tests::test_level_up,full,success,0.10774203966666668,,,,
aarch64-unknown-linux-gnu,log,0.4.29,tests::test_levelfilter_from_str,full,success,0.10870927633333334,,,,
aarch64-unknown-linux-gnu,log,0.4.29,tests::test_levelfilter_show,full,success,0.10910321833333335,,,,
aarch64-unknown-linux-gnu,log,0.4.29,tests::test_metadata_builder,full,success,0.10673010966666668,,,,
aarch64-unknown-linux-gnu,log,0.4.29,tests::test_metadata_convenience_builder,full,success,0.10825139633333335,,,,
aarch64-unknown-linux-gnu,log,0.4.29,tests::test_record_builder,full,success,0.107830613,,,,
aarch64-unknown-linux-gnu,log,0.4.29,tests::test_record_complete_builder,full,success,0.10712654233333335,,,,
aarch64-unknown-linux-gnu,log,0.4.29,tests::test_record_convenience_builder,full,success,0.10675001,,,,
aarch64-unknown-linux-gnu,log,0.4.29,tests::test_static_max_level_debug,full,success,0.10671239900000001,,,,
aarch64-unknown-linux-gnu,log,0.4.29,tests::test_to_level,full,success,0.10755754099999999,,,,
aarch64-unknown-linux-gnu,log,0.4.29,tests::test_to_level_filter,full,success,0.10798448933333334,,,,
aarch64-unknown-linux-gnu,lru,0.18.0,tests::iter_mut_stacked_borrows_violation,full,success,0.10793510033333335,,,,
aarch64-unknown-linux-gnu,lru,0.18.0,tests::test_clear,full,success,0.1081195,,,,
aarch64-unknown-linux-gnu,lru,0.18.0,tests::test_clone,full,success,0.11138624700000001,,,,
aarch64-unknown-linux-gnu,lru,0.18.0,tests::test_clone_unbounded,full,success,0.11285627166666667,,,,
aarch64-unknown-linux-gnu,lru,0.18.0,tests::test_contains,full,success,0.10836251833333334,,,,
aarch64-unknown-linux-gnu,lru,0.18.0,tests::test_get_key_value,full,success,0.10754107600000001,,,,
aarch64-unknown-linux-gnu,lru,0.18.0,tests::test_get_key_value_mut,full,success,0.10796769633333335,,,,
aarch64-unknown-linux-gnu,lru,0.18.0,tests::test_get_mut_and_update,full,success,0.10811963966666667,,,,
aarch64-unknown-linux-gnu,lru,0.18.0,tests::test_get_mut_with_borrow,full,success,0.10678830866666666,,,,
aarch64-unknown-linux-gnu,lru,0.18.0,tests::test_get_or_insert_mut_ref,full,success,0.10773646733333335,,,,
aarch64-unknown-linux-gnu,lru,0.18.0,tests::test_get_or_insert_ref,full,success,0.10850651066666668,,,,
aarch64-unknown-linux-gnu,lru,0.18.0,tests::test_get_with_borrow,full,success,0.10684634266666666,,,,
aarch64-unknown-linux-gnu,lru,0.18.0,tests::test_into_iter,full,success,0.109635453,,,,
aarch64-unknown-linux-gnu,lru,0.18.0,tests::test_iter_backwards,full,success,0.10848411166666667,,,,
aarch64-unknown-linux-gnu,lru,0.18.0,tests::test_iter_clone,full,success,0.10718817633333334,,,,
aarch64-unknown-linux-gnu,lru,0.18.0,tests::test_iter_forwards,full,success,0.11203000466666668,,,,
aarch64-unknown-linux-gnu,lru,0.18.0,tests::test_iter_forwards_and_backwards,full,success,0.10900430533333334,,,,
aarch64-unknown-linux-gnu,lru,0.18.0,tests::test_iter_multiple_threads,full,success,0.114979518,,,,
aarch64-unknown-linux-gnu,lru,0.18.0,tests::test_multiple_threads,full,success,0.11353192766666668,,,,
aarch64-unknown-linux-gnu,lru,0.18.0,tests::test_no_memory_leaks,full,success,12.164453116666666,,,,
aarch64-unknown-linux-gnu,lru,0.18.0,tests::test_no_memory_leaks_with_clear,full,success,12.263202880666666,,,,
aarch64-unknown-linux-gnu,lru,0.18.0,tests::test_no_memory_leaks_with_pop,full,success,11.737537938666668,,,,
aarch64-unknown-linux-gnu,lru,0.18.0,tests::test_no_memory_leaks_with_resize,full,success,12.248133557000001,,,,
aarch64-unknown-linux-gnu,lru,0.18.0,tests::test_peek,full,success,0.11007930966666668,,,,
aarch64-unknown-linux-gnu,lru,0.18.0,tests::test_peek_lru,full,success,0.10885194599999999,,,,
aarch64-unknown-linux-gnu,lru,0.18.0,tests::test_peek_mru,full,success,0.10880770300000002,,,,
aarch64-unknown-linux-gnu,lru,0.18.0,tests::test_peek_mut,full,success,0.11153591766666666,,,,
aarch64-unknown-linux-gnu,lru,0.18.0,tests::test_pop,full,success,0.10967147933333334,,,,
aarch64-unknown-linux-gnu,lru,0.18.0,tests::test_pop_entry,full,success,0.109258853,,,,
aarch64-unknown-linux-gnu,lru,0.18.0,tests::test_pop_lru,full,success,0.467746163,,,,
aarch64-unknown-linux-gnu,lru,0.18.0,tests::test_pop_mru,full,success,0.47340811033333335,,,,
aarch64-unknown-linux-gnu,lru,0.18.0,tests::test_promote_and_demote,full,success,0.11367425200000002,,,,
aarch64-unknown-linux-gnu,lru,0.18.0,tests::test_put_and_get,full,success,0.10729215966666666,,,,
aarch64-unknown-linux-gnu,lru,0.18.0,tests::test_put_and_get_mut,full,success,0.107722182,,,,
aarch64-unknown-linux-gnu,lru,0.18.0,tests::test_put_and_get_or_insert,full,success,0.10972718233333334,,,,
aarch64-unknown-linux-gnu,lru,0.18.0,tests::test_put_and_get_or_insert_mut,full,success,0.11027540133333334,,,,
aarch64-unknown-linux-gnu,lru,0.18.0,tests::test_put_and_get_or_insert_mut_with_key,full,success,0.10973791233333334,,,,
aarch64-unknown-linux-gnu,lru,0.18.0,tests::test_put_and_get_or_insert_with_key,full,success,0.10968812066666667,,,,
aarch64-unknown-linux-gnu,lru,0.18.0,tests::test_put_removes_oldest,full,success,0.11507280166666667,,,,
aarch64-unknown-linux-gnu,lru,0.18.0,tests::test_put_update,full,success,0.10841990633333333,,,,
aarch64-unknown-linux-gnu,lru,0.18.0,tests::test_resize_larger,full,success,0.11219456666666668,,,,
aarch64-unknown-linux-gnu,lru,0.18.0,tests::test_resize_smaller,full,success,0.11362886400000001,,,,
aarch64-unknown-linux-gnu,lru,0.18.0,tests::test_send,full,success,0.11013676633333334,,,,
aarch64-unknown-linux-gnu,lru,0.18.0,tests::test_that_pop_actually_detaches_node,full,success,0.11216150166666668,,,,
aarch64-unknown-linux-gnu,lru,0.18.0,tests::test_try_get_or_insert,full,success,0.11012288433333334,,,,
aarch64-unknown-linux-gnu,lru,0.18.0,tests::test_try_get_or_insert_mut,full,success,0.111464532,,,,
aarch64-unknown-linux-gnu,lru,0.18.0,tests::test_try_get_or_insert_mut_ref,full,success,0.11112274366666668,,,,
aarch64-unknown-linux-gnu,lru,0.18.0,tests::test_try_get_or_insert_mut_with_key,full,success,0.111235913,,,,
aarch64-unknown-linux-gnu,lru,0.18.0,tests::test_try_get_or_insert_ref,full,success,0.11092585900000002,,,,
aarch64-unknown-linux-gnu,lru,0.18.0,tests::test_try_get_or_insert_with_key,full,success,0.10936993366666668,,,,
aarch64-unknown-linux-gnu,lru,0.18.0,tests::test_unbounded,full,success,21.195973521,,,,
aarch64-unknown-linux-gnu,lru,0.18.0,tests::test_with_hasher,full,success,12.757519505,,,,
aarch64-unknown-linux-gnu,matchers,0.2.0,test::anchored::debug_explicitly_unanchored,full,success,10.831601066,,,,
aarch64-unknown-linux-gnu,matchers,0.2.0,test::anchored::debug_is_anchored,full,success,0.5254845770000001,,,,
aarch64-unknown-linux-gnu,matchers,0.2.0,test::anchored::debug_matches,full,success,26.291221229,,,,
aarch64-unknown-linux-gnu,matchers,0.2.0,test::anchored::debug_rep_patterns,full,success,0.5308452283333334,,,,
aarch64-unknown-linux-gnu,matchers,0.2.0,test::anchored::display_explicitly_unanchored,full,success,10.844687439333333,,,,
aarch64-unknown-linux-gnu,matchers,0.2.0,test::anchored::display_is_anchored,full,success,0.5264564336666667,,,,
aarch64-unknown-linux-gnu,matchers,0.2.0,test::anchored::display_matches,full,success,25.66520048966667,,,,
aarch64-unknown-linux-gnu,matchers,0.2.0,test::anchored::reader_explicitly_unanchored,full,success,10.884889382666666,,,,
aarch64-unknown-linux-gnu,matchers,0.2.0,test::anchored::reader_is_anchored,full,success,0.5299030903333334,,,,
aarch64-unknown-linux-gnu,matchers,0.2.0,test::anchored::reader_matches,full,success,26.605061753,,,,
aarch64-unknown-linux-gnu,matchers,0.2.0,test::unanchored::debug_is_unanchored,full,success,0.5420673326666667,,,,
aarch64-unknown-linux-gnu,matchers,0.2.0,test::unanchored::debug_matches,full,success,26.260593466999996,,,,
aarch64-unknown-linux-gnu,matchers,0.2.0,test::unanchored::debug_rep_patterns,full,success,0.5314399120000001,,,,
aarch64-unknown-linux-gnu,matchers,0.2.0,test::unanchored::display_is_unanchored,full,success,0.5298615986666667,,,,
aarch64-unknown-linux-gnu,matchers,0.2.0,test::unanchored::display_matches,full,success,26.318070939,,,,
aarch64-unknown-linux-gnu,matchers,0.2.0,test::unanchored::reader_is_unanchored,full,success,0.5359313926666667,,,,
aarch64-unknown-linux-gnu,matchers,0.2.0,test::unanchored::reader_matches,full,success,26.000601122333332,,,,
aarch64-unknown-linux-gnu,memchr,2.8.1,arch::aarch64::neon::memchr::tests::count_one,full,success,0.237689481,,,,
aarch64-unknown-linux-gnu,memchr,2.8.1,arch::aarch64::neon::memchr::tests::forward_one,full,success,0.25827673566666665,,,,
aarch64-unknown-linux-gnu,memchr,2.8.1,arch::aarch64::neon::memchr::tests::forward_three,full,success,0.3463200786666667,,,,
aarch64-unknown-linux-gnu,memchr,2.8.1,arch::aarch64::neon::memchr::tests::forward_two,full,success,0.3048219323333334,,,,
aarch64-unknown-linux-gnu,memchr,2.8.1,arch::aarch64::neon::memchr::tests::reverse_one,full,success,0.2669809113333334,,,,
aarch64-unknown-linux-gnu,memchr,2.8.1,arch::aarch64::neon::memchr::tests::reverse_three,full,success,0.34753666666666666,,,,
aarch64-unknown-linux-gnu,memchr,2.8.1,arch::aarch64::neon::memchr::tests::reverse_two,full,success,0.30894877466666665,,,,
aarch64-unknown-linux-gnu,memchr,2.8.1,arch::aarch64::neon::packedpair::tests::forward_packedpair,full,success,5.305601526666667,,,,
aarch64-unknown-linux-gnu,memchr,2.8.1,arch::aarch64::neon::packedpair::tests::forward_packedpair_prefilter,full,success,5.302949287333334,,,,
aarch64-unknown-linux-gnu,memchr,2.8.1,arch::aarch64::neon::packedpair::tests::forward_substring,full,success,2.3357865356666667,,,,
aarch64-unknown-linux-gnu,memchr,2.8.1,arch::all::memchr::tests::count_one,full,success,0.2312413826666667,,,,
aarch64-unknown-linux-gnu,memchr,2.8.1,arch::all::memchr::tests::forward_one,full,success,0.261292421,,,,
aarch64-unknown-linux-gnu,memchr,2.8.1,arch::all::memchr::tests::forward_three,full,success,0.344563495,,,,
aarch64-unknown-linux-gnu,memchr,2.8.1,arch::all::memchr::tests::forward_two,full,success,0.3049708576666667,,,,
aarch64-unknown-linux-gnu,memchr,2.8.1,arch::all::memchr::tests::regression_big_endian1,full,success,0.10567389100000002,,,,
aarch64-unknown-linux-gnu,memchr,2.8.1,arch::all::memchr::tests::regression_big_endian2,full,success,0.10549784333333334,,,,
aarch64-unknown-linux-gnu,memchr,2.8.1,arch::all::memchr::tests::regression_count_new_lines,full,success,0.10621910900000002,,,,
aarch64-unknown-linux-gnu,memchr,2.8.1,arch::all::memchr::tests::regression_double_ended_iterator,full,success,0.10548054800000001,,,,
aarch64-unknown-linux-gnu,memchr,2.8.1,arch::all::memchr::tests::reverse_one,full,success,0.267175779,,,,
aarch64-unknown-linux-gnu,memchr,2.8.1,arch::all::memchr::tests::reverse_three,full,success,0.3467754926666667,,,,
aarch64-unknown-linux-gnu,memchr,2.8.1,arch::all::memchr::tests::reverse_two,full,success,0.30798998333333333,,,,
aarch64-unknown-linux-gnu,memchr,2.8.1,arch::all::packedpair::tests::forward_packedpair,full,success,5.087623254666666,,,,
aarch64-unknown-linux-gnu,memchr,2.8.1,arch::all::rabinkarp::tests::forward,full,success,2.8449222526666667,,,,
aarch64-unknown-linux-gnu,memchr,2.8.1,arch::all::rabinkarp::tests::reverse,full,success,2.8400217856666665,,,,
aarch64-unknown-linux-gnu,memchr,2.8.1,arch::all::shiftor::tests::forward,full,success,3.137500452,,,,
aarch64-unknown-linux-gnu,memchr,2.8.1,arch::all::tests::equals_different_lengths,full,success,0.10569454333333334,,,,
aarch64-unknown-linux-gnu,memchr,2.8.1,arch::all::tests::equals_mismatch,full,success,0.10752200700000002,,,,
aarch64-unknown-linux-gnu,memchr,2.8.1,arch::all::tests::equals_yes,full,success,0.10547917500000002,,,,
aarch64-unknown-linux-gnu,memchr,2.8.1,arch::all::tests::prefix,full,success,0.10563294133333334,,,,
aarch64-unknown-linux-gnu,memchr,2.8.1,arch::all::tests::suffix,full,success,0.105542443,,,,
aarch64-unknown-linux-gnu,memchr,2.8.1,arch::all::twoway::tests::forward,full,success,2.6353855139999998,,,,
aarch64-unknown-linux-gnu,memchr,2.8.1,arch::all::twoway::tests::regression_rev_small_period,full,success,0.10659201833333333,,,,
aarch64-unknown-linux-gnu,memchr,2.8.1,arch::all::twoway::tests::reverse,full,success,2.470627534333333,,,,
aarch64-unknown-linux-gnu,memchr,2.8.1,arch::all::twoway::tests::suffix_forward,full,success,0.10715267633333335,,,,
aarch64-unknown-linux-gnu,memchr,2.8.1,arch::all::twoway::tests::suffix_reverse,full,success,0.10683247200000001,,,,
aarch64-unknown-linux-gnu,memchr,2.8.1,memchr::tests::count1_iter,full,success,0.23635709233333335,,,,
aarch64-unknown-linux-gnu,memchr,2.8.1,memchr::tests::forward1_iter,full,success,0.25700966733333336,,,,
aarch64-unknown-linux-gnu,memchr,2.8.1,memchr::tests::forward1_oneshot,full,success,0.25377629400000007,,,,
aarch64-unknown-linux-gnu,memchr,2.8.1,memchr::tests::forward2_iter,full,success,0.30300947633333336,,,,
aarch64-unknown-linux-gnu,memchr,2.8.1,memchr::tests::forward2_oneshot,full,success,0.30820106999999997,,,,
aarch64-unknown-linux-gnu,memchr,2.8.1,memchr::tests::forward3_iter,full,success,0.3463174626666667,,,,
aarch64-unknown-linux-gnu,memchr,2.8.1,memchr::tests::forward3_oneshot,full,success,0.35071588533333337,,,,
aarch64-unknown-linux-gnu,memchr,2.8.1,memchr::tests::reverse1_iter,full,success,0.2630418766666667,,,,
aarch64-unknown-linux-gnu,memchr,2.8.1,memchr::tests::reverse1_oneshot,full,success,0.2586462360000001,,,,
aarch64-unknown-linux-gnu,memchr,2.8.1,memchr::tests::reverse2_iter,full,success,0.30736722633333335,,,,
aarch64-unknown-linux-gnu,memchr,2.8.1,memchr::tests::reverse2_oneshot,full,success,0.3117272586666667,,,,
aarch64-unknown-linux-gnu,memchr,2.8.1,memchr::tests::reverse3_iter,full,success,0.3485898893333333,,,,
aarch64-unknown-linux-gnu,memchr,2.8.1,memchr::tests::reverse3_oneshot,full,success,0.3537920060000001,,,,
aarch64-unknown-linux-gnu,memchr,2.8.1,memchr::tests::sync_regression,full,success,0.10679529433333335,,,,
aarch64-unknown-linux-gnu,memchr,2.8.1,memmem::tests::forward,full,success,2.7013877893333333,,,,
aarch64-unknown-linux-gnu,memchr,2.8.1,memmem::tests::reverse,full,success,2.7093571013333335,,,,
aarch64-unknown-linux-gnu,memchr,2.8.1,tests::byte_order,full,success,0.10855095400000002,,,,
aarch64-unknown-linux-gnu,memchr,2.8.1,tests::substring::naive::tests::forward,full,success,2.808533262333333,,,,
aarch64-unknown-linux-gnu,memchr,2.8.1,tests::substring::naive::tests::reverse,full,success,2.827640427,,,,
aarch64-unknown-linux-gnu,nu-ansi-term,0.50.3,ansi::test::black,full,success,0.10546627433333333,,,,
aarch64-unknown-linux-gnu,nu-ansi-term,0.50.3,ansi::test::blink,full,success,0.10586690366666666,,,,
aarch64-unknown-linux-gnu,nu-ansi-term,0.50.3,ansi::test::blue_on_rgb,full,success,0.107927732,,,,
aarch64-unknown-linux-gnu,nu-ansi-term,0.50.3,ansi::test::blue_underline,full,success,0.10651368766666668,,,,
aarch64-unknown-linux-gnu,nu-ansi-term,0.50.3,ansi::test::bold,full,success,0.10705052766666667,,,,
aarch64-unknown-linux-gnu,nu-ansi-term,0.50.3,ansi::test::bold_with_reset,full,success,0.10686950866666667,,,,
aarch64-unknown-linux-gnu,nu-ansi-term,0.50.3,ansi::test::bold_with_reset_2,full,success,0.106572188,,,,
aarch64-unknown-linux-gnu,nu-ansi-term,0.50.3,ansi::test::bunderline,full,success,0.10727117933333334,,,,
aarch64-unknown-linux-gnu,nu-ansi-term,0.50.3,ansi::test::cyan_bold_on_white,full,success,0.10615823166666667,,,,
aarch64-unknown-linux-gnu,nu-ansi-term,0.50.3,ansi::test::cyan_bold_ul_on_white,full,success,0.10805685599999999,,,,
aarch64-unknown-linux-gnu,nu-ansi-term,0.50.3,ansi::test::cyan_ul_bold_on_white,full,success,0.10734499466666668,,,,
aarch64-unknown-linux-gnu,nu-ansi-term,0.50.3,ansi::test::cyan_ul_on_white,full,success,0.10807862733333333,,,,
aarch64-unknown-linux-gnu,nu-ansi-term,0.50.3,ansi::test::dimmed,full,success,0.107197201,,,,
aarch64-unknown-linux-gnu,nu-ansi-term,0.50.3,ansi::test::fixed,full,success,0.10812893266666668,,,,
aarch64-unknown-linux-gnu,nu-ansi-term,0.50.3,ansi::test::fixed_on_fixed,full,success,0.10786389,,,,
aarch64-unknown-linux-gnu,nu-ansi-term,0.50.3,ansi::test::fixed_on_purple,full,success,0.10856238533333334,,,,
aarch64-unknown-linux-gnu,nu-ansi-term,0.50.3,ansi::test::green_bold_ul,full,success,0.10791392633333334,,,,
aarch64-unknown-linux-gnu,nu-ansi-term,0.50.3,ansi::test::green_bold_ul_2,full,success,0.10655581666666668,,,,
aarch64-unknown-linux-gnu,nu-ansi-term,0.50.3,ansi::test::hidden,full,success,0.10648682833333334,,,,
aarch64-unknown-linux-gnu,nu-ansi-term,0.50.3,ansi::test::italic,full,success,0.10658498100000001,,,,
aarch64-unknown-linux-gnu,nu-ansi-term,0.50.3,ansi::test::lr_on_lr,full,success,0.10642882133333335,,,,
aarch64-unknown-linux-gnu,nu-ansi-term,0.50.3,ansi::test::magenta_on_white,full,success,0.10669377033333334,,,,
aarch64-unknown-linux-gnu,nu-ansi-term,0.50.3,ansi::test::magenta_on_white_2,full,success,0.10593379166666667,,,,
aarch64-unknown-linux-gnu,nu-ansi-term,0.50.3,ansi::test::plain,full,success,0.10594742166666667,,,,
aarch64-unknown-linux-gnu,nu-ansi-term,0.50.3,ansi::test::purple_on_white,full,success,0.10725317033333333,,,,
aarch64-unknown-linux-gnu,nu-ansi-term,0.50.3,ansi::test::purple_on_white_2,full,success,0.10679930166666668,,,,
aarch64-unknown-linux-gnu,nu-ansi-term,0.50.3,ansi::test::red,full,success,0.106762487,,,,
aarch64-unknown-linux-gnu,nu-ansi-term,0.50.3,ansi::test::reverse,full,success,0.10693481433333335,,,,
aarch64-unknown-linux-gnu,nu-ansi-term,0.50.3,ansi::test::rgb,full,success,0.10752262033333333,,,,
aarch64-unknown-linux-gnu,nu-ansi-term,0.50.3,ansi::test::rgb_on_blue,full,success,0.106771167,,,,
aarch64-unknown-linux-gnu,nu-ansi-term,0.50.3,ansi::test::rgb_on_rgb,full,success,0.109300558,,,,
aarch64-unknown-linux-gnu,nu-ansi-term,0.50.3,ansi::test::stricken,full,success,0.10571571866666668,,,,
aarch64-unknown-linux-gnu,nu-ansi-term,0.50.3,ansi::test::test_infix,full,success,0.10705465266666668,,,,
aarch64-unknown-linux-gnu,nu-ansi-term,0.50.3,ansi::test::test_write_prefix_no_gnu_compat_order,full,success,0.105820447,,,,
aarch64-unknown-linux-gnu,nu-ansi-term,0.50.3,ansi::test::underline,full,success,0.10724851366666667,,,,
aarch64-unknown-linux-gnu,nu-ansi-term,0.50.3,ansi::test::yellow_bold,full,success,0.10695903200000001,,,,
aarch64-unknown-linux-gnu,nu-ansi-term,0.50.3,ansi::test::yellow_bold_2,full,success,0.10823771666666666,,,,
aarch64-unknown-linux-gnu,nu-ansi-term,0.50.3,ansi::test::yellow_on_blue,full,success,0.106657833,,,,
aarch64-unknown-linux-gnu,nu-ansi-term,0.50.3,ansi::test::yellow_on_blue_2,full,success,0.10638862233333335,,,,
aarch64-unknown-linux-gnu,nu-ansi-term,0.50.3,ansi::test::yellow_on_blue_reset,full,success,0.10647049133333335,,,,
aarch64-unknown-linux-gnu,nu-ansi-term,0.50.3,ansi::test::yellow_on_blue_reset_2,full,success,0.10712447066666668,,,,
aarch64-unknown-linux-gnu,nu-ansi-term,0.50.3,debug::test::bold,full,success,0.10659015633333334,,,,
aarch64-unknown-linux-gnu,nu-ansi-term,0.50.3,debug::test::both,full,success,0.105439685,,,,
aarch64-unknown-linux-gnu,nu-ansi-term,0.50.3,debug::test::empty,full,success,0.10551882666666668,,,,
aarch64-unknown-linux-gnu,nu-ansi-term,0.50.3,debug::test::everything,full,success,0.10701822733333333,,,,
aarch64-unknown-linux-gnu,nu-ansi-term,0.50.3,debug::test::italic,full,success,0.104850225,,,,
aarch64-unknown-linux-gnu,nu-ansi-term,0.50.3,debug::test::long_and_detailed,full,success,0.11885899566666668,,,,
aarch64-unknown-linux-gnu,nu-ansi-term,0.50.3,debug::test::red,full,success,0.10681512333333333,,,,
aarch64-unknown-linux-gnu,nu-ansi-term,0.50.3,debug::test::redblue,full,success,0.10672856833333334,,,,
aarch64-unknown-linux-gnu,nu-ansi-term,0.50.3,difference::test::addition_of_blink,full,success,0.10640238233333334,,,,
aarch64-unknown-linux-gnu,nu-ansi-term,0.50.3,difference::test::addition_of_dimmed,full,success,0.10592634733333334,,,,
aarch64-unknown-linux-gnu,nu-ansi-term,0.50.3,difference::test::addition_of_hidden,full,success,0.10456851566666668,,,,
aarch64-unknown-linux-gnu,nu-ansi-term,0.50.3,difference::test::addition_of_reverse,full,success,0.10510928066666668,,,,
aarch64-unknown-linux-gnu,nu-ansi-term,0.50.3,difference::test::addition_of_strikethrough,full,success,0.10455177333333333,,,,
aarch64-unknown-linux-gnu,nu-ansi-term,0.50.3,difference::test::color_change,full,success,0.104965338,,,,
aarch64-unknown-linux-gnu,nu-ansi-term,0.50.3,difference::test::lowercase,full,success,0.10535654133333333,,,,
aarch64-unknown-linux-gnu,nu-ansi-term,0.50.3,difference::test::nothing,full,success,0.10518469633333334,,,,
aarch64-unknown-linux-gnu,nu-ansi-term,0.50.3,difference::test::nothing2,full,success,0.10500177366666667,,,,
aarch64-unknown-linux-gnu,nu-ansi-term,0.50.3,difference::test::removal_of_blink,full,success,0.10411713666666667,,,,
aarch64-unknown-linux-gnu,nu-ansi-term,0.50.3,difference::test::removal_of_dimmed,full,success,0.10411155566666667,,,,
aarch64-unknown-linux-gnu,nu-ansi-term,0.50.3,difference::test::removal_of_hidden,full,success,0.10434972533333335,,,,
aarch64-unknown-linux-gnu,nu-ansi-term,0.50.3,difference::test::removal_of_reverse,full,success,0.10557325166666666,,,,
aarch64-unknown-linux-gnu,nu-ansi-term,0.50.3,difference::test::removal_of_strikethrough,full,success,0.10491279800000002,,,,
aarch64-unknown-linux-gnu,nu-ansi-term,0.50.3,difference::test::uppercase,full,success,0.10464735233333333,,,,
aarch64-unknown-linux-gnu,nu-ansi-term,0.50.3,display::tests::hyperlink,full,success,0.10516582933333334,,,,
aarch64-unknown-linux-gnu,nu-ansi-term,0.50.3,display::tests::hyperlinks,full,success,0.11240563133333335,,,,
aarch64-unknown-linux-gnu,nu-ansi-term,0.50.3,display::tests::no_control_codes_for_plain,full,success,0.105387945,,,,
aarch64-unknown-linux-gnu,nu-ansi-term,0.50.3,display::tests::title,full,success,0.11314219733333335,,,,
aarch64-unknown-linux-gnu,nu-ansi-term,0.50.3,util::test::test,full,success,0.10785188933333334,,,,
aarch64-unknown-linux-gnu,num-bigint,0.4.6,bigint::test_assign_from_slice,full,success,0.10668050766666669,,,,
aarch64-unknown-linux-gnu,num-bigint,0.4.6,bigint::test_from_biguint,full,success,0.105448084,,,,
aarch64-unknown-linux-gnu,num-bigint,0.4.6,bigint::test_from_slice,full,success,0.10560409,,,,
aarch64-unknown-linux-gnu,num-bigint,0.4.6,biguint::convert::test_half_radix_bases,full,success,0.11537744999999999,,,,
aarch64-unknown-linux-gnu,num-bigint,0.4.6,biguint::convert::test_radix_bases,full,success,0.11630082133333335,,,,
aarch64-unknown-linux-gnu,num-bigint,0.4.6,biguint::iter::test_iter_u32_digits,full,success,0.10505385533333333,,,,
aarch64-unknown-linux-gnu,num-bigint,0.4.6,biguint::iter::test_iter_u32_digits_be,full,success,0.105731554,,,,
aarch64-unknown-linux-gnu,num-bigint,0.4.6,biguint::iter::test_iter_u64_digits,full,success,0.105777271,,,,
aarch64-unknown-linux-gnu,num-bigint,0.4.6,biguint::iter::test_iter_u64_digits_be,full,success,0.10537828066666667,,,,
aarch64-unknown-linux-gnu,num-bigint,0.4.6,biguint::multiplication::test_sub_sign,full,success,0.11719660300000001,,,,
aarch64-unknown-linux-gnu,num-bigint,0.4.6,biguint::power::test_plain_modpow,full,success,2.929928268,,,,
aarch64-unknown-linux-gnu,num-bigint,0.4.6,biguint::power::test_pow_biguint,full,success,0.11116753633333333,,,,
aarch64-unknown-linux-gnu,num-bigint,0.4.6,biguint::test_from_slice,full,success,0.10595247833333334,,,,
aarch64-unknown-linux-gnu,num-bigint,0.4.6,biguint::test_u128_u32_roundtrip,full,success,0.10462998633333333,,,,
aarch64-unknown-linux-gnu,num-bigint,0.4.6,biguint::test_u32_u128,full,success,0.10386226366666668,,,,
aarch64-unknown-linux-gnu,num-complex,0.4.6,cast::test::test_as_primitive,full,success,0.10506994133333335,,,,
aarch64-unknown-linux-gnu,num-complex,0.4.6,cast::test::test_from_primitive,full,success,0.10513189,,,,
aarch64-unknown-linux-gnu,num-complex,0.4.6,cast::test::test_num_cast,full,success,0.10430490433333334,,,,
aarch64-unknown-linux-gnu,num-complex,0.4.6,cast::test::test_to_primitive,full,success,0.10437310066666668,,,,
aarch64-unknown-linux-gnu,num-complex,0.4.6,complex_float::test::test_arg,full,success,0.10402943000000002,,,,
aarch64-unknown-linux-gnu,num-complex,0.4.6,complex_float::test::test_conj,full,success,0.10440326999999999,,,,
aarch64-unknown-linux-gnu,num-complex,0.4.6,complex_float::test::test_exp,full,success,0.10438616299999999,,,,
aarch64-unknown-linux-gnu,num-complex,0.4.6,complex_float::test::test_exp2,full,success,0.10479991866666667,,,,
aarch64-unknown-linux-gnu,num-complex,0.4.6,complex_float::test::test_is_finite,full,success,0.10523799,,,,
aarch64-unknown-linux-gnu,num-complex,0.4.6,complex_float::test::test_is_infinite,full,success,0.10517556933333334,,,,
aarch64-unknown-linux-gnu,num-complex,0.4.6,complex_float::test::test_is_nan,full,success,0.10466580766666667,,,,
aarch64-unknown-linux-gnu,num-complex,0.4.6,complex_float::test::test_is_normal,full,success,0.10529107700000001,,,,
aarch64-unknown-linux-gnu,num-complex,0.4.6,complex_float::test::test_log10,full,success,0.10599098366666669,,,,
aarch64-unknown-linux-gnu,num-complex,0.4.6,complex_float::test::test_log2,full,success,0.10543741533333334,,,,
aarch64-unknown-linux-gnu,num-complex,0.4.6,complex_float::test::test_powi,full,success,0.10577668633333333,,,,
aarch64-unknown-linux-gnu,num-complex,0.4.6,complex_float::test::test_powz,full,success,0.10521220233333334,,,,
aarch64-unknown-linux-gnu,num-complex,0.4.6,test::complex_arithmetic::test_add,full,success,0.10641411133333334,,,,
aarch64-unknown-linux-gnu,num-complex,0.4.6,test::complex_arithmetic::test_div,full,success,0.10598892300000001,,,,
aarch64-unknown-linux-gnu,num-complex,0.4.6,test::complex_arithmetic::test_mul,full,success,0.106767836,,,,
aarch64-unknown-linux-gnu,num-complex,0.4.6,test::complex_arithmetic::test_mul_add,full,success,0.11342080966666668,,,,
aarch64-unknown-linux-gnu,num-complex,0.4.6,test::complex_arithmetic::test_mul_add_float,full,success,0.11341640466666668,,,,
aarch64-unknown-linux-gnu,num-complex,0.4.6,test::complex_arithmetic::test_neg,full,success,0.10543083966666666,,,,
aarch64-unknown-linux-gnu,num-complex,0.4.6,test::complex_arithmetic::test_rem,full,success,0.108278435,,,,
aarch64-unknown-linux-gnu,num-complex,0.4.6,test::complex_arithmetic::test_sub,full,success,0.10619451466666667,,,,
aarch64-unknown-linux-gnu,num-complex,0.4.6,test::float::test_acos,full,success,0.10614391033333333,,,,
aarch64-unknown-linux-gnu,num-complex,0.4.6,test::float::test_acosh,full,success,0.10666614666666668,,,,
aarch64-unknown-linux-gnu,num-complex,0.4.6,test::float::test_arg,full,success,0.10561166200000001,,,,
aarch64-unknown-linux-gnu,num-complex,0.4.6,test::float::test_asin,full,success,0.10643175733333333,,,,
aarch64-unknown-linux-gnu,num-complex,0.4.6,test::float::test_asinh,full,success,0.10618417566666667,,,,
aarch64-unknown-linux-gnu,num-complex,0.4.6,test::float::test_atan,full,success,0.10730804133333334,,,,
aarch64-unknown-linux-gnu,num-complex,0.4.6,test::float::test_atanh,full,success,0.10668296633333334,,,,
aarch64-unknown-linux-gnu,num-complex,0.4.6,test::float::test_cbrt,full,success,0.10524019066666668,,,,
aarch64-unknown-linux-gnu,num-complex,0.4.6,test::float::test_cbrt_imag,full,success,0.11019275833333335,,,,
aarch64-unknown-linux-gnu,num-complex,0.4.6,test::float::test_cbrt_real,full,success,0.11180892933333335,,,,
aarch64-unknown-linux-gnu,num-complex,0.4.6,test::float::test_cis,full,success,0.10585453233333335,,,,
aarch64-unknown-linux-gnu,num-complex,0.4.6,test::float::test_cos,full,success,0.10566521866666667,,,,
aarch64-unknown-linux-gnu,num-complex,0.4.6,test::float::test_cosh,full,success,0.10634493100000002,,,,
aarch64-unknown-linux-gnu,num-complex,0.4.6,test::float::test_exp,full,success,0.10597241866666667,,,,
aarch64-unknown-linux-gnu,num-complex,0.4.6,test::float::test_exp2,full,success,0.10515331766666668,,,,
aarch64-unknown-linux-gnu,num-complex,0.4.6,test::float::test_exp2_log,full,success,0.10511832766666668,,,,
aarch64-unknown-linux-gnu,num-complex,0.4.6,test::float::test_exp_ln,full,success,0.106230905,,,,
aarch64-unknown-linux-gnu,num-complex,0.4.6,test::float::test_hyperbolic_identites,full,success,0.10744164066666667,,,,
aarch64-unknown-linux-gnu,num-complex,0.4.6,test::float::test_ln,full,success,0.106636778,,,,
aarch64-unknown-linux-gnu,num-complex,0.4.6,test::float::test_log,full,success,0.10564676466666667,,,,
aarch64-unknown-linux-gnu,num-complex,0.4.6,test::float::test_log10,full,success,0.105143256,,,,
aarch64-unknown-linux-gnu,num-complex,0.4.6,test::float::test_log2,full,success,0.105192458,,,,
aarch64-unknown-linux-gnu,num-complex,0.4.6,test::float::test_norm,full,success,0.10484900866666667,,,,
aarch64-unknown-linux-gnu,num-complex,0.4.6,test::float::test_polar_conv,full,success,0.10552238933333334,,,,
aarch64-unknown-linux-gnu,num-complex,0.4.6,test::float::test_powc,full,success,0.10533871133333333,,,,
aarch64-unknown-linux-gnu,num-complex,0.4.6,test::float::test_powf,full,success,0.10558151733333336,,,,
aarch64-unknown-linux-gnu,num-complex,0.4.6,test::float::test_sin,full,success,0.105574242,,,,
aarch64-unknown-linux-gnu,num-complex,0.4.6,test::float::test_sinh,full,success,0.10576660500000001,,,,
aarch64-unknown-linux-gnu,num-complex,0.4.6,test::float::test_some_expf_cases,full,success,0.10558889733333333,,,,
aarch64-unknown-linux-gnu,num-complex,0.4.6,test::float::test_sqrt,full,success,0.10588185466666666,,,,
aarch64-unknown-linux-gnu,num-complex,0.4.6,test::float::test_sqrt_imag,full,success,0.11068107333333334,,,,
aarch64-unknown-linux-gnu,num-complex,0.4.6,test::float::test_sqrt_real,full,success,0.111184536,,,,
aarch64-unknown-linux-gnu,num-complex,0.4.6,test::float::test_tan,full,success,0.10574556166666667,,,,
aarch64-unknown-linux-gnu,num-complex,0.4.6,test::float::test_tanh,full,success,0.10665692433333335,,,,
aarch64-unknown-linux-gnu,num-complex,0.4.6,test::float::test_trig_identities,full,success,0.10712538333333334,,,,
aarch64-unknown-linux-gnu,num-complex,0.4.6,test::float::test_trig_to_hyperbolic,full,success,0.10568954866666667,,,,
aarch64-unknown-linux-gnu,num-complex,0.4.6,test::real_arithmetic::test_add,full,success,0.10542765433333334,,,,
aarch64-unknown-linux-gnu,num-complex,0.4.6,test::real_arithmetic::test_div,full,success,0.10564178233333334,,,,
aarch64-unknown-linux-gnu,num-complex,0.4.6,test::real_arithmetic::test_div_rem_gaussian,full,success,0.10547501633333334,,,,
aarch64-unknown-linux-gnu,num-complex,0.4.6,test::real_arithmetic::test_mul,full,success,0.10570230433333334,,,,
aarch64-unknown-linux-gnu,num-complex,0.4.6,test::real_arithmetic::test_rem,full,success,0.10611895833333335,,,,
aarch64-unknown-linux-gnu,num-complex,0.4.6,test::real_arithmetic::test_sub,full,success,0.10578905133333334,,,,
aarch64-unknown-linux-gnu,num-complex,0.4.6,test::test_conj,full,success,0.105882769,,,,
aarch64-unknown-linux-gnu,num-complex,0.4.6,test::test_const,full,success,0.10525216033333334,,,,
aarch64-unknown-linux-gnu,num-complex,0.4.6,test::test_consts,full,success,0.10516739433333333,,,,
aarch64-unknown-linux-gnu,num-complex,0.4.6,test::test_divide_by_zero_natural,full,success,0.11049200766666667,,,,
aarch64-unknown-linux-gnu,num-complex,0.4.6,test::test_from_str,full,success,0.12608555566666668,,,,
aarch64-unknown-linux-gnu,num-complex,0.4.6,test::test_from_str_fail,full,success,0.10823194966666667,,,,
aarch64-unknown-linux-gnu,num-complex,0.4.6,test::test_from_str_radix,full,success,0.11063156166666667,,,,
aarch64-unknown-linux-gnu,num-complex,0.4.6,test::test_from_str_radix_fail,full,success,0.111585443,,,,
aarch64-unknown-linux-gnu,num-complex,0.4.6,test::test_hash,full,success,0.10677271766666667,,,,
aarch64-unknown-linux-gnu,num-complex,0.4.6,test::test_hashset,full,success,0.10863542799999999,,,,
aarch64-unknown-linux-gnu,num-complex,0.4.6,test::test_inv,full,success,0.10491856433333334,,,,
aarch64-unknown-linux-gnu,num-complex,0.4.6,test::test_inv_zero,full,success,0.10527570233333335,,,,
aarch64-unknown-linux-gnu,num-complex,0.4.6,test::test_is_finite,full,success,0.105150655,,,,
aarch64-unknown-linux-gnu,num-complex,0.4.6,test::test_is_infinite,full,success,0.105629099,,,,
aarch64-unknown-linux-gnu,num-complex,0.4.6,test::test_is_nan,full,success,0.10677636566666666,,,,
aarch64-unknown-linux-gnu,num-complex,0.4.6,test::test_is_nan_special_cases,full,success,0.105916458,,,,
aarch64-unknown-linux-gnu,num-complex,0.4.6,test::test_is_normal,full,success,0.11261944200000001,,,,
aarch64-unknown-linux-gnu,num-complex,0.4.6,test::test_l1_norm,full,success,0.10570169333333335,,,,
aarch64-unknown-linux-gnu,num-complex,0.4.6,test::test_one,full,success,0.10562252766666669,,,,
aarch64-unknown-linux-gnu,num-complex,0.4.6,test::test_pow,full,success,0.12480562133333334,,,,
aarch64-unknown-linux-gnu,num-complex,0.4.6,test::test_prod,full,success,0.10606478366666666,,,,
aarch64-unknown-linux-gnu,num-complex,0.4.6,test::test_scale_unscale,full,success,0.10488063066666668,,,,
aarch64-unknown-linux-gnu,num-complex,0.4.6,test::test_string_formatting,full,success,0.120271111,,,,
aarch64-unknown-linux-gnu,num-complex,0.4.6,test::test_sum,full,success,0.10591159466666666,,,,
aarch64-unknown-linux-gnu,num-complex,0.4.6,test::test_to_string,full,success,0.11256536900000001,,,,
aarch64-unknown-linux-gnu,num-complex,0.4.6,test::test_zero,full,success,0.10587304400000001,,,,
aarch64-unknown-linux-gnu,object,0.39.1,pod::tests::single,full,success,0.10660463233333334,,,,
aarch64-unknown-linux-gnu,object,0.39.1,pod::tests::slice,full,success,0.106484941,,,,
aarch64-unknown-linux-gnu,object,0.39.1,pod::tests::slice_zero,full,success,0.10550314366666669,,,,
aarch64-unknown-linux-gnu,object,0.39.1,read::archive::tests::aix_names,full,success,0.10698072533333335,,,,
aarch64-unknown-linux-gnu,object,0.39.1,read::archive::tests::bsd_names,full,success,0.10645142266666667,,,,
aarch64-unknown-linux-gnu,object,0.39.1,read::archive::tests::gnu_names,full,success,0.10662390833333335,,,,
aarch64-unknown-linux-gnu,object,0.39.1,read::archive::tests::kind,full,success,0.10961575366666669,,,,
aarch64-unknown-linux-gnu,object,0.39.1,read::archive::tests::thin_gnu_names,full,success,0.106641414,,,,
aarch64-unknown-linux-gnu,object,0.39.1,read::coff::section::tests::name_offset,full,success,0.105888159,,,,
aarch64-unknown-linux-gnu,object,0.39.1,read::macho::load_command::tests::cmd_size_invalid,full,success,0.10486980433333333,,,,
aarch64-unknown-linux-gnu,object,0.39.1,read::macho::load_command::tests::function_starts_invalid_uleb128,full,success,0.10502862366666667,,,,
aarch64-unknown-linux-gnu,object,0.39.1,read::util::tests::bytes,full,success,0.10760343933333334,,,,
aarch64-unknown-linux-gnu,object,0.39.1,read::util::tests::bytes_debug,full,success,0.11393053066666668,,,,
aarch64-unknown-linux-gnu,once_cell,1.21.4,imp::tests::poison_bad,full,success,0.112960815,,,,
aarch64-unknown-linux-gnu,once_cell,1.21.4,imp::tests::smoke_once,full,success,0.10692805333333334,,,,
aarch64-unknown-linux-gnu,once_cell,1.21.4,imp::tests::stampede_once,full,success,0.11938694266666668,,,,
aarch64-unknown-linux-gnu,once_cell,1.21.4,imp::tests::test_size,full,success,0.106831678,,,,
aarch64-unknown-linux-gnu,once_cell,1.21.4,imp::tests::wait_for_force_to_finish,full,success,0.11959747633333334,,,,
aarch64-unknown-linux-gnu,parking_lot_core,0.9.12,parking_lot::tests::unpark_all_hundred,full,success,17.850354229666667,,,,
aarch64-unknown-linux-gnu,parking_lot_core,0.9.12,parking_lot::tests::unpark_all_one,full,success,0.34660225066666667,,,,
aarch64-unknown-linux-gnu,parking_lot_core,0.9.12,parking_lot::tests::unpark_all_one_fast,full,success,2.481689487,,,,
aarch64-unknown-linux-gnu,parking_lot_core,0.9.12,parking_lot::tests::unpark_one_fifty,full,success,1.2668580360000001,,,,
aarch64-unknown-linux-gnu,parking_lot_core,0.9.12,parking_lot::tests::unpark_one_fifty_then_fifty_all,full,success,8.421472728666666,,,,
aarch64-unknown-linux-gnu,parking_lot_core,0.9.12,parking_lot::tests::unpark_one_hundred_fast,full,success,11.969891974,,,,
aarch64-unknown-linux-gnu,parking_lot_core,0.9.12,parking_lot::tests::unpark_one_one,full,success,0.23457361966666668,,,,
aarch64-unknown-linux-gnu,parking_lot_core,0.9.12,parking_lot::tests::unpark_one_one_fast,full,success,2.5439419033333333,,,,
aarch64-unknown-linux-gnu,pem-rfc7468,1.0.0,decoder::tests::pkcs8_example,full,success,0.10576104666666668,,,,
aarch64-unknown-linux-gnu,pem-rfc7468,1.0.0,grammar::tests::split_label_empty,full,success,0.10413273233333335,,,,
aarch64-unknown-linux-gnu,pem-rfc7468,1.0.0,grammar::tests::split_label_with_repeat_wsp_is_err,full,success,0.10480345766666667,,,,
aarch64-unknown-linux-gnu,pem-rfc7468,1.0.0,grammar::tests::split_label_with_text,full,success,0.10463273133333334,,,,
aarch64-unknown-linux-gnu,pem-rfc7468,1.0.0,grammar::tests::validate_private_key_label,full,success,0.10533917,,,,
aarch64-unknown-linux-gnu,pem-rfc7468,1.0.0,grammar::tests::validate_private_key_label_reject_double_space,full,success,0.10638713266666668,,,,
aarch64-unknown-linux-gnu,percent-encoding,2.3.2,ascii_set::tests::add_op,full,success,0.10299905533333335,,,,
aarch64-unknown-linux-gnu,percent-encoding,2.3.2,ascii_set::tests::complement,full,success,0.10361310133333335,,,,
aarch64-unknown-linux-gnu,percent-encoding,2.3.2,ascii_set::tests::not_op,full,success,0.10283409933333333,,,,
aarch64-unknown-linux-gnu,percent-encoding,2.3.2,ascii_set::tests::union,full,success,0.103492433,,,,
aarch64-unknown-linux-gnu,percent-encoding,2.3.2,tests::percent_decode,full,success,0.10362866033333334,,,,
aarch64-unknown-linux-gnu,percent-encoding,2.3.2,tests::percent_decode_collect,full,success,0.10330920066666667,,,,
aarch64-unknown-linux-gnu,percent-encoding,2.3.2,tests::percent_decode_cow,full,success,0.10430270800000001,,,,
aarch64-unknown-linux-gnu,percent-encoding,2.3.2,tests::percent_decode_invalid_utf8,full,success,0.10505991933333335,,,,
aarch64-unknown-linux-gnu,percent-encoding,2.3.2,tests::percent_decode_str,full,success,0.10395164733333334,,,,
aarch64-unknown-linux-gnu,percent-encoding,2.3.2,tests::percent_decode_utf8_lossy,full,success,0.10459395833333333,,,,
aarch64-unknown-linux-gnu,percent-encoding,2.3.2,tests::percent_decode_utf8_lossy_invalid_utf8,full,success,0.10426494766666668,,,,
aarch64-unknown-linux-gnu,percent-encoding,2.3.2,tests::percent_encode_accepts_ascii_set_ref,full,success,0.10447229333333334,,,,
aarch64-unknown-linux-gnu,percent-encoding,2.3.2,tests::percent_encode_byte,full,success,0.18448657566666668,,,,
aarch64-unknown-linux-gnu,percent-encoding,2.3.2,tests::percent_encode_collect,full,success,0.10532829033333334,,,,
aarch64-unknown-linux-gnu,percent-encoding,2.3.2,tests::percent_encode_cow,full,success,0.10376685366666667,,,,
aarch64-unknown-linux-gnu,percent-encoding,2.3.2,tests::percent_encode_display,full,success,0.10459955300000001,,,,
aarch64-unknown-linux-gnu,percent-encoding,2.3.2,tests::utf8_percent_encode,full,success,0.10368517966666668,,,,
aarch64-unknown-linux-gnu,percent-encoding,2.3.2,tests::utf8_percent_encode_accepts_ascii_set_ref,full,success,0.104880071,,,,
aarch64-unknown-linux-gnu,petgraph,0.8.3,acyclic::tests::test_acyclic_graph,full,success,0.13134199466666666,,,,
aarch64-unknown-linux-gnu,petgraph,0.8.3,acyclic::tests::test_acyclic_graph_add_remove,full,success,0.121603955,,,,
aarch64-unknown-linux-gnu,petgraph,0.8.3,acyclic::tests::test_multiedge_allowed,full,success,0.11819015133333334,,,,
aarch64-unknown-linux-gnu,petgraph,0.8.3,algo::bridges::tests::test_bridges,full,success,0.13907927066666667,,,,
aarch64-unknown-linux-gnu,petgraph,0.8.3,algo::dominators::tests::test_iter_dominators,full,success,0.11016775200000001,,,,
aarch64-unknown-linux-gnu,petgraph,0.8.3,algo::simple_paths::test::test_all_simple_paths,full,success,0.24474513166666667,,,,
aarch64-unknown-linux-gnu,petgraph,0.8.3,algo::simple_paths::test::test_all_simple_paths_corner_cases,full,success,0.11065947733333335,,,,
aarch64-unknown-linux-gnu,petgraph,0.8.3,algo::simple_paths::test::test_all_simple_paths_directed,full,success,0.11785304366666667,,,,
aarch64-unknown-linux-gnu,petgraph,0.8.3,algo::simple_paths::test::test_all_simple_paths_empty,full,success,0.11292796833333334,,,,
aarch64-unknown-linux-gnu,petgraph,0.8.3,algo::simple_paths::test::test_all_simple_paths_ignores_cycle,full,success,0.11605443366666668,,,,
aarch64-unknown-linux-gnu,petgraph,0.8.3,algo::simple_paths::test::test_all_simple_paths_on_non_trivial_graph,full,success,0.16653882166666667,,,,
aarch64-unknown-linux-gnu,petgraph,0.8.3,algo::simple_paths::test::test_digraph_multi_target_paths,full,success,0.13054726000000003,,,,
aarch64-unknown-linux-gnu,petgraph,0.8.3,algo::simple_paths::test::test_digraph_multi_target_paths_cutoff,full,success,0.13099010233333333,,,,
aarch64-unknown-linux-gnu,petgraph,0.8.3,algo::simple_paths::test::test_multi_target_paths,full,success,0.134082515,,,,
aarch64-unknown-linux-gnu,petgraph,0.8.3,algo::simple_paths::test::test_multi_target_paths_cutoff,full,success,0.13477294400000003,,,,
aarch64-unknown-linux-gnu,petgraph,0.8.3,algo::simple_paths::test::test_multi_target_paths_in_cycle,full,success,0.127444479,,,,
aarch64-unknown-linux-gnu,petgraph,0.8.3,algo::simple_paths::test::test_multi_target_paths_inline,full,success,0.1256468066666667,,,,
aarch64-unknown-linux-gnu,petgraph,0.8.3,algo::simple_paths::test::test_multi_target_paths_min_intermediate_nodes,full,success,0.163062961,,,,
aarch64-unknown-linux-gnu,petgraph,0.8.3,algo::simple_paths::test::test_multi_target_source_is_target,full,success,0.12221543666666668,,,,
aarch64-unknown-linux-gnu,petgraph,0.8.3,algo::simple_paths::test::test_no_simple_paths,full,success,0.11961371666666669,,,,
aarch64-unknown-linux-gnu,petgraph,0.8.3,algo::simple_paths::test::test_one_simple_path,full,success,0.117513537,,,,
aarch64-unknown-linux-gnu,petgraph,0.8.3,algo::simple_paths::test::test_path_graph,full,success,0.11694239533333334,,,,
aarch64-unknown-linux-gnu,petgraph,0.8.3,algo::simple_paths::test::test_simple_path_source_target,full,success,0.118487226,,,,
aarch64-unknown-linux-gnu,petgraph,0.8.3,algo::simple_paths::test::test_simple_paths_cutoff,full,success,0.131336334,,,,
aarch64-unknown-linux-gnu,petgraph,0.8.3,algo::simple_paths::test::test_simple_paths_from_node_to_itself_in_complete_graph,full,success,0.11543434133333334,,,,
aarch64-unknown-linux-gnu,petgraph,0.8.3,algo::simple_paths::test::test_simple_paths_min_intermediate_nodes,full,success,0.13293446833333333,,,,
aarch64-unknown-linux-gnu,petgraph,0.8.3,algo::steiner_tree::test::test_compute_metric_closure,full,success,0.17300582966666667,,,,
aarch64-unknown-linux-gnu,petgraph,0.8.3,algo::steiner_tree::test::test_remove_non_terminal_nodes,full,success,0.1480026876666667,,,,
aarch64-unknown-linux-gnu,petgraph,0.8.3,algo::steiner_tree::test::test_subgraph_from_metric_closure,full,success,0.2843083413333334,,,,
aarch64-unknown-linux-gnu,petgraph,0.8.3,algo::tred::test_easy_tred,full,success,0.11143382966666666,,,,
aarch64-unknown-linux-gnu,petgraph,0.8.3,csr::tests::csr1,full,success,0.12219028100000001,,,,
aarch64-unknown-linux-gnu,petgraph,0.8.3,csr::tests::csr_dfs,full,success,0.14149809866666666,,,,
aarch64-unknown-linux-gnu,petgraph,0.8.3,csr::tests::csr_from,full,success,0.12238246733333334,,,,
aarch64-unknown-linux-gnu,petgraph,0.8.3,csr::tests::csr_from_error_1,full,success,0.11491820900000001,,,,
aarch64-unknown-linux-gnu,petgraph,0.8.3,csr::tests::csr_from_error_2,full,success,0.11548122066666668,,,,
aarch64-unknown-linux-gnu,petgraph,0.8.3,csr::tests::csr_from_undirected,full,success,0.12723742166666666,,,,
aarch64-unknown-linux-gnu,petgraph,0.8.3,csr::tests::csr_tarjan,full,success,0.13392117133333334,,,,
aarch64-unknown-linux-gnu,petgraph,0.8.3,csr::tests::csr_undirected,full,success,0.12201544800000001,,,,
aarch64-unknown-linux-gnu,petgraph,0.8.3,csr::tests::test_add_node,full,success,0.11663096800000002,,,,
aarch64-unknown-linux-gnu,petgraph,0.8.3,csr::tests::test_add_node_with_existing_edges,full,success,0.11562753566666667,,,,
aarch64-unknown-linux-gnu,petgraph,0.8.3,csr::tests::test_bellman_ford,full,success,0.15938469700000002,,,,
aarch64-unknown-linux-gnu,petgraph,0.8.3,csr::tests::test_bellman_ford_neg_cycle,full,success,0.12097168966666667,,,,
aarch64-unknown-linux-gnu,petgraph,0.8.3,csr::tests::test_edge_references,full,success,0.15898928933333334,,,,
aarch64-unknown-linux-gnu,petgraph,0.8.3,csr::tests::test_find_neg_cycle1,full,success,0.12196981133333334,,,,
aarch64-unknown-linux-gnu,petgraph,0.8.3,csr::tests::test_find_neg_cycle2,full,success,0.11798650233333335,,,,
aarch64-unknown-linux-gnu,petgraph,0.8.3,csr::tests::test_find_neg_cycle3,full,success,0.12167438166666668,,,,
aarch64-unknown-linux-gnu,petgraph,0.8.3,csr::tests::test_find_neg_cycle4,full,success,0.10852997200000002,,,,
aarch64-unknown-linux-gnu,petgraph,0.8.3,csr::tests::test_node_references,full,success,0.107881189,,,,
aarch64-unknown-linux-gnu,petgraph,0.8.3,dot::test::test_edgeindexlable_option,full,success,0.11195931600000002,,,,
aarch64-unknown-linux-gnu,petgraph,0.8.3,dot::test::test_edgenolable_option,full,success,0.11188316266666669,,,,
aarch64-unknown-linux-gnu,petgraph,0.8.3,dot::test::test_escape,full,success,0.10726728366666667,,,,
aarch64-unknown-linux-gnu,petgraph,0.8.3,dot::test::test_nodeindexlable_option,full,success,0.11243401000000001,,,,
aarch64-unknown-linux-gnu,petgraph,0.8.3,dot::test::test_nodenolable_option,full,success,0.112342783,,,,
aarch64-unknown-linux-gnu,petgraph,0.8.3,dot::test::test_rankdir_bt_option,full,success,0.11396497133333335,,,,
aarch64-unknown-linux-gnu,petgraph,0.8.3,dot::test::test_rankdir_lr_option,full,success,0.11477537966666668,,,,
aarch64-unknown-linux-gnu,petgraph,0.8.3,dot::test::test_rankdir_rl_option,full,success,0.11440147333333334,,,,
aarch64-unknown-linux-gnu,petgraph,0.8.3,dot::test::test_rankdir_tb_option,full,success,0.11339858466666668,,,,
aarch64-unknown-linux-gnu,petgraph,0.8.3,dot::test::test_with_attr_getters,full,success,0.110804285,,,,
aarch64-unknown-linux-gnu,petgraph,0.8.3,graph_impl::stable_graph::dfs,full,success,0.14045867433333334,,,,
aarch64-unknown-linux-gnu,petgraph,0.8.3,graph_impl::stable_graph::extend_with_edges,full,success,0.11177064266666668,,,,
aarch64-unknown-linux-gnu,petgraph,0.8.3,graph_impl::stable_graph::stable_graph,full,success,0.16987189333333333,,,,
aarch64-unknown-linux-gnu,petgraph,0.8.3,graph_impl::stable_graph::test_retain_nodes,full,success,0.119385191,,,,
aarch64-unknown-linux-gnu,petgraph,0.8.3,graph_impl::stable_graph::test_reverse,full,success,0.10981780066666667,,,,
aarch64-unknown-linux-gnu,petgraph,0.8.3,graph_impl::stable_graph::test_reverse_after_remove_edges,full,success,0.10933614966666667,,,,
aarch64-unknown-linux-gnu,petgraph,0.8.3,graph_impl::stable_graph::test_reverse_after_remove_nodes,full,success,0.10868218833333333,,,,
aarch64-unknown-linux-gnu,petgraph,0.8.3,matrix_graph::tests::test_add_edge,full,success,0.10766328400000001,,,,
aarch64-unknown-linux-gnu,petgraph,0.8.3,matrix_graph::tests::test_add_edge_with_extension,full,success,0.11091117733333333,,,,
aarch64-unknown-linux-gnu,petgraph,0.8.3,matrix_graph::tests::test_add_edge_with_weights,full,success,0.10779487733333333,,,,
aarch64-unknown-linux-gnu,petgraph,0.8.3,matrix_graph::tests::test_add_edge_with_weights_undirected,full,success,0.10934028566666666,,,,
aarch64-unknown-linux-gnu,petgraph,0.8.3,matrix_graph::tests::test_add_or_update_edge,full,success,0.18437841800000002,,,,
aarch64-unknown-linux-gnu,petgraph,0.8.3,matrix_graph::tests::test_clear,full,success,0.11155287566666666,,,,
aarch64-unknown-linux-gnu,petgraph,0.8.3,matrix_graph::tests::test_clear_undirected,full,success,0.11057386233333334,,,,
aarch64-unknown-linux-gnu,petgraph,0.8.3,matrix_graph::tests::test_default,full,success,0.10663319433333333,,,,
aarch64-unknown-linux-gnu,petgraph,0.8.3,matrix_graph::tests::test_edge_references,full,success,0.11493835033333334,,,,
aarch64-unknown-linux-gnu,petgraph,0.8.3,matrix_graph::tests::test_edge_references_undirected,full,success,0.11335330966666667,,,,
aarch64-unknown-linux-gnu,petgraph,0.8.3,matrix_graph::tests::test_edges_directed,full,success,0.11839058200000001,,,,
aarch64-unknown-linux-gnu,petgraph,0.8.3,matrix_graph::tests::test_edges_of_absent_node_is_empty_iterator,full,success,0.10634459666666667,,,,
aarch64-unknown-linux-gnu,petgraph,0.8.3,matrix_graph::tests::test_edges_undirected,full,success,0.11486540766666668,,,,
aarch64-unknown-linux-gnu,petgraph,0.8.3,matrix_graph::tests::test_has_edge,full,success,0.10854354766666667,,,,
aarch64-unknown-linux-gnu,petgraph,0.8.3,matrix_graph::tests::test_id_storage,full,success,0.11109925200000002,,,,
aarch64-unknown-linux-gnu,petgraph,0.8.3,matrix_graph::tests::test_kosaraju_scc_with_removed_node,full,success,0.11330687766666668,,,,
aarch64-unknown-linux-gnu,petgraph,0.8.3,matrix_graph::tests::test_matrix_resize,full,success,0.10904455966666667,,,,
aarch64-unknown-linux-gnu,petgraph,0.8.3,matrix_graph::tests::test_neighbors,full,success,0.10878503033333332,,,,
aarch64-unknown-linux-gnu,petgraph,0.8.3,matrix_graph::tests::test_neighbors_of_absent_node_is_empty_iterator,full,success,0.10600862566666668,,,,
aarch64-unknown-linux-gnu,petgraph,0.8.3,matrix_graph::tests::test_neighbors_undirected,full,success,0.10854932866666667,,,,
aarch64-unknown-linux-gnu,petgraph,0.8.3,matrix_graph::tests::test_new,full,success,0.10720237333333334,,,,
aarch64-unknown-linux-gnu,petgraph,0.8.3,matrix_graph::tests::test_node_identifiers,full,success,0.111024411,,,,
aarch64-unknown-linux-gnu,petgraph,0.8.3,matrix_graph::tests::test_node_indexing,full,success,0.10711230633333334,,,,
aarch64-unknown-linux-gnu,petgraph,0.8.3,matrix_graph::tests::test_not_zero,full,success,0.108612997,,,,
aarch64-unknown-linux-gnu,petgraph,0.8.3,matrix_graph::tests::test_not_zero_asserted,full,success,0.1147817536666667,,,,
aarch64-unknown-linux-gnu,petgraph,0.8.3,matrix_graph::tests::test_not_zero_float,full,success,0.10835667733333333,,,,
aarch64-unknown-linux-gnu,petgraph,0.8.3,matrix_graph::tests::test_remove_edge,full,success,0.10780568933333334,,,,
aarch64-unknown-linux-gnu,petgraph,0.8.3,matrix_graph::tests::test_remove_node,full,success,0.10758685033333333,,,,
aarch64-unknown-linux-gnu,petgraph,0.8.3,matrix_graph::tests::test_remove_node_and_edges,full,success,0.11323494533333334,,,,
aarch64-unknown-linux-gnu,petgraph,0.8.3,matrix_graph::tests::test_remove_node_and_edges_undirected,full,success,0.11171519433333334,,,,
aarch64-unknown-linux-gnu,petgraph,0.8.3,matrix_graph::tests::test_tarjan_scc_with_removed_node,full,success,0.11228681866666668,,,,
aarch64-unknown-linux-gnu,petgraph,0.8.3,matrix_graph::tests::test_try_add_node,full,success,5.304399408999999,,,,
aarch64-unknown-linux-gnu,petgraph,0.8.3,matrix_graph::tests::test_try_update_edge,full,success,0.10877533366666665,,,,
aarch64-unknown-linux-gnu,petgraph,0.8.3,matrix_graph::tests::test_with_capacity,full,success,0.10874338300000001,,,,
aarch64-unknown-linux-gnu,petgraph,0.8.3,visit::undirected_adaptor::tests::test_is_reachable,full,success,0.11328655133333333,,,,
aarch64-unknown-linux-gnu,petgraph,0.8.3,visit::undirected_adaptor::tests::test_neighbors_count,full,success,0.111780805,,,,
aarch64-unknown-linux-gnu,petgraph,0.8.3,visit::undirected_adaptor::tests::test_undirected_adaptor_can_traverse,full,success,0.12331983866666668,,,,
aarch64-unknown-linux-gnu,petgraph,0.8.3,visit::undirected_adaptor::tests::test_undirected_edge_refs_point_both_ways,full,success,0.12437862833333335,,,,
aarch64-unknown-linux-gnu,ppv-lite86,0.2.21,generic::test::test_bswap32,full,success,0.10359948066666667,,,,
aarch64-unknown-linux-gnu,ppv-lite86,0.2.21,generic::test_rotate_u128,full,success,0.10369454166666668,,,,
aarch64-unknown-linux-gnu,predicates,3.1.4,boolean::test_and::find_case_false,full,success,0.10776361500000002,,,,
aarch64-unknown-linux-gnu,predicates,3.1.4,boolean::test_and::find_case_false_fails,full,success,0.10798433466666668,,,,
aarch64-unknown-linux-gnu,predicates,3.1.4,boolean::test_and::find_case_false_left_fail,full,success,0.10785422500000001,,,,
aarch64-unknown-linux-gnu,predicates,3.1.4,boolean::test_and::find_case_false_right_fail,full,success,0.10711530200000001,,,,
aarch64-unknown-linux-gnu,predicates,3.1.4,boolean::test_and::find_case_true,full,success,0.10746569500000001,,,,
aarch64-unknown-linux-gnu,predicates,3.1.4,boolean::test_and::find_case_true_fails,full,success,0.10670311133333334,,,,
aarch64-unknown-linux-gnu,predicates,3.1.4,boolean::test_and::find_case_true_left_fail,full,success,0.10679563666666668,,,,
aarch64-unknown-linux-gnu,predicates,3.1.4,boolean::test_and::find_case_true_right_fail,full,success,0.10670530100000002,,,,
aarch64-unknown-linux-gnu,predicates,3.1.4,boolean::test_or::find_case_false,full,success,0.10736435433333334,,,,
aarch64-unknown-linux-gnu,predicates,3.1.4,boolean::test_or::find_case_false_fails,full,success,0.10710343966666667,,,,
aarch64-unknown-linux-gnu,predicates,3.1.4,boolean::test_or::find_case_false_left_fail,full,success,0.10712422233333334,,,,
aarch64-unknown-linux-gnu,predicates,3.1.4,boolean::test_or::find_case_false_right_fail,full,success,0.10701986066666667,,,,
aarch64-unknown-linux-gnu,predicates,3.1.4,boolean::test_or::find_case_true,full,success,0.106882344,,,,
aarch64-unknown-linux-gnu,predicates,3.1.4,boolean::test_or::find_case_true_fails,full,success,0.10769909966666667,,,,
aarch64-unknown-linux-gnu,predicates,3.1.4,boolean::test_or::find_case_true_left_fail,full,success,0.10755893766666667,,,,
aarch64-unknown-linux-gnu,predicates,3.1.4,boolean::test_or::find_case_true_right_fail,full,success,0.10759150066666667,,,,
aarch64-unknown-linux-gnu,predicates,3.1.4,boxed::test::boxed_find_case,full,success,0.11651250366666667,,,,
aarch64-unknown-linux-gnu,predicates,3.1.4,boxed::test::unsized_boxed,full,success,0.107535491,,,,
aarch64-unknown-linux-gnu,predicates,3.1.4,function::str_function,full,success,0.10793818633333334,,,,
aarch64-unknown-linux-gnu,quinn-udp,0.6.1,imp::gso::test::parse_current_kernel_version_release_string,full,success,0.106958389,,,,
aarch64-unknown-linux-gnu,quinn-udp,0.6.1,imp::gso::test::parse_kernel_version_release_string,full,success,0.107375039,,,,
aarch64-unknown-linux-gnu,quinn-udp,0.6.1,tests::effective_segment_size,full,success,0.10526540766666666,,,,
aarch64-unknown-linux-gnu,r-efi,6.0.0,base::tests::booleans,full,success,0.17828681966666668,,,,
aarch64-unknown-linux-gnu,r-efi,6.0.0,base::tests::eficall,full,success,0.106090311,,,,
aarch64-unknown-linux-gnu,r-efi,6.0.0,base::tests::guid,full,success,0.1058460186666667,,,,
aarch64-unknown-linux-gnu,r-efi,6.0.0,base::tests::type_size_and_alignment,full,success,0.10565267500000002,,,,
aarch64-unknown-linux-gnu,radium,1.1.1,tests::absent_traits,full,success,0.10483375866666667,,,,
aarch64-unknown-linux-gnu,radium,1.1.1,tests::always_alias,full,success,0.10371205133333335,,,,
aarch64-unknown-linux-gnu,radium,1.1.1,tests::always_cell,full,success,0.10406910633333334,,,,
aarch64-unknown-linux-gnu,radium,1.1.1,tests::maybe_atom,full,success,0.10465075966666669,,,,
aarch64-unknown-linux-gnu,radium,1.1.1,tests::present_traits,full,success,0.10550350300000001,,,,
aarch64-unknown-linux-gnu,radium,1.1.1,types::tests::atom_impls,full,success,0.10520421033333333,,,,
aarch64-unknown-linux-gnu,radium,1.1.1,types::tests::isotope_atomic,full,success,0.10486830633333334,,,,
aarch64-unknown-linux-gnu,radium,1.1.1,types::tests::isotope_impls,full,success,0.10629116400000001,,,,
aarch64-unknown-linux-gnu,radium,1.1.1,types::tests::radon_impls,full,success,0.10550827333333335,,,,
aarch64-unknown-linux-gnu,rand,0.10.1,distr::bernoulli::test::bernoulli_distributions_can_be_compared,full,success,0.10638125966666667,,,,
aarch64-unknown-linux-gnu,rand,0.10.1,distr::bernoulli::test::test_trivial,full,success,0.10768637466666668,,,,
aarch64-unknown-linux-gnu,rand,0.10.1,distr::bernoulli::test::value_stability,full,success,0.10753713866666666,,,,
aarch64-unknown-linux-gnu,rand,0.10.1,distr::distribution::tests::test_dist_string,full,success,0.115702686,,,,
aarch64-unknown-linux-gnu,rand,0.10.1,distr::distribution::tests::test_distributions_iter,full,success,0.11252492466666668,,,,
aarch64-unknown-linux-gnu,rand,0.10.1,distr::distribution::tests::test_distributions_map,full,success,0.10684612733333333,,,,
aarch64-unknown-linux-gnu,rand,0.10.1,distr::distribution::tests::test_make_an_iter,full,success,0.10831304366666668,,,,
aarch64-unknown-linux-gnu,rand,0.10.1,distr::float::tests::f32_edge_cases,full,success,0.10608089666666669,,,,
aarch64-unknown-linux-gnu,rand,0.10.1,distr::float::tests::f64_edge_cases,full,success,0.10722798433333335,,,,
aarch64-unknown-linux-gnu,rand,0.10.1,distr::float::tests::value_stability,full,success,0.10798772766666669,,,,
aarch64-unknown-linux-gnu,rand,0.10.1,distr::integer::tests::test_integers,full,success,0.10845127533333333,,,,
aarch64-unknown-linux-gnu,rand,0.10.1,distr::integer::tests::value_stability,full,success,0.10756657433333335,,,,
aarch64-unknown-linux-gnu,rand,0.10.1,distr::other::tests::test_alphabetic,full,success,0.11649197500000001,,,,
aarch64-unknown-linux-gnu,rand,0.10.1,distr::other::tests::test_alphanumeric,full,success,0.11089860333333335,,,,
aarch64-unknown-linux-gnu,rand,0.10.1,distr::other::tests::test_chars,full,success,0.2525504576666667,,,,
aarch64-unknown-linux-gnu,rand,0.10.1,distr::other::tests::test_misc,full,success,0.10834739566666667,,,,
aarch64-unknown-linux-gnu,rand,0.10.1,distr::other::tests::value_stability,full,success,0.11247975266666667,,,,
aarch64-unknown-linux-gnu,rand,0.10.1,distr::slice::test::value_stability,full,success,0.10883688333333334,,,,
aarch64-unknown-linux-gnu,rand,0.10.1,distr::uniform::float::tests::test_float_assertions,full,success,0.109971305,,,,
aarch64-unknown-linux-gnu,rand,0.10.1,distr::uniform::float::tests::test_float_overflow,full,success,0.10715993733333333,,,,
aarch64-unknown-linux-gnu,rand,0.10.1,distr::uniform::float::tests::test_float_overflow_single,full,success,0.114462171,,,,
aarch64-unknown-linux-gnu,rand,0.10.1,distr::uniform::float::tests::test_uniform_from_std_range,full,success,0.107573221,,,,
aarch64-unknown-linux-gnu,rand,0.10.1,distr::uniform::float::tests::test_uniform_from_std_range_bad_limits,full,success,0.10772822233333335,,,,
aarch64-unknown-linux-gnu,rand,0.10.1,distr::uniform::float::tests::test_uniform_from_std_range_inclusive,full,success,0.10774868533333333,,,,
aarch64-unknown-linux-gnu,rand,0.10.1,distr::uniform::float::tests::test_uniform_from_std_range_inclusive_bad_limits,full,success,0.10816765733333333,,,,
aarch64-unknown-linux-gnu,rand,0.10.1,distr::uniform::int::tests::test_uniform_bad_limits_equal_int,full,success,0.10740936933333334,,,,
aarch64-unknown-linux-gnu,rand,0.10.1,distr::uniform::int::tests::test_uniform_bad_limits_flipped_int,full,success,0.10826187066666666,,,,
aarch64-unknown-linux-gnu,rand,0.10.1,distr::uniform::int::tests::test_uniform_from_std_range,full,success,0.10671990333333332,,,,
aarch64-unknown-linux-gnu,rand,0.10.1,distr::uniform::int::tests::test_uniform_from_std_range_bad_limits,full,success,0.10780393766666667,,,,
aarch64-unknown-linux-gnu,rand,0.10.1,distr::uniform::int::tests::test_uniform_from_std_range_inclusive,full,success,0.10752336000000001,,,,
aarch64-unknown-linux-gnu,rand,0.10.1,distr::uniform::int::tests::test_uniform_from_std_range_inclusive_bad_limits,full,success,0.10766006366666668,,,,
aarch64-unknown-linux-gnu,rand,0.10.1,distr::uniform::int::tests::test_uniform_good_limits_equal_int,full,success,0.10733696066666669,,,,
aarch64-unknown-linux-gnu,rand,0.10.1,distr::uniform::int::tests::test_uniform_usize_constructors,full,success,0.10682122066666667,,,,
aarch64-unknown-linux-gnu,rand,0.10.1,distr::uniform::int::tests::test_uniform_usize_empty_range,full,success,0.10727547666666666,,,,
aarch64-unknown-linux-gnu,rand,0.10.1,distr::uniform::int::tests::value_stability,full,success,0.11634234233333333,,,,
aarch64-unknown-linux-gnu,rand,0.10.1,distr::uniform::tests::test_custom_uniform,full,success,0.11594200566666667,,,,
aarch64-unknown-linux-gnu,rand,0.10.1,distr::uniform::tests::uniform_distributions_can_be_compared,full,success,0.10656079366666667,,,,
aarch64-unknown-linux-gnu,rand,0.10.1,distr::uniform::tests::value_stability,full,success,0.10917696966666668,,,,
aarch64-unknown-linux-gnu,rand,0.10.1,distr::weighted::weighted_index::test::overflow,full,success,0.10721326166666667,,,,
aarch64-unknown-linux-gnu,rand,0.10.1,distr::weighted::weighted_index::test::test_accepting_nan,full,success,0.10799517133333332,,,,
aarch64-unknown-linux-gnu,rand,0.10.1,distr::weighted::weighted_index::test::test_update_weights,full,success,0.111870436,,,,
aarch64-unknown-linux-gnu,rand,0.10.1,distr::weighted::weighted_index::test::test_update_weights_errors,full,success,0.10916798333333333,,,,
aarch64-unknown-linux-gnu,rand,0.10.1,distr::weighted::weighted_index::test::test_weight_at,full,success,0.11164638566666667,,,,
aarch64-unknown-linux-gnu,rand,0.10.1,distr::weighted::weighted_index::test::test_weights,full,success,0.11263180800000001,,,,
aarch64-unknown-linux-gnu,rand,0.10.1,distr::weighted::weighted_index::test::value_stability,full,success,0.11514783899999999,,,,
aarch64-unknown-linux-gnu,rand,0.10.1,distr::weighted::weighted_index::test::weighted_index_distributions_can_be_compared,full,success,0.10721562366666666,,,,
aarch64-unknown-linux-gnu,rand,0.10.1,rng::test::test_fill,full,success,0.10789874466666667,,,,
aarch64-unknown-linux-gnu,rand,0.10.1,rng::test::test_fill_bytes_default,full,success,0.29788276966666666,,,,
aarch64-unknown-linux-gnu,rand,0.10.1,rng::test::test_fill_empty,full,success,0.10709822033333334,,,,
aarch64-unknown-linux-gnu,rand,0.10.1,rng::test::test_random_bool,full,success,0.10754986733333334,,,,
aarch64-unknown-linux-gnu,rand,0.10.1,rng::test::test_random_range_float,full,success,0.59148418,,,,
aarch64-unknown-linux-gnu,rand,0.10.1,rng::test::test_random_range_int,full,success,0.8042943816666667,,,,
aarch64-unknown-linux-gnu,rand,0.10.1,rng::test::test_random_range_panic_int,full,success,0.11473152333333332,,,,
aarch64-unknown-linux-gnu,rand,0.10.1,rng::test::test_random_range_panic_usize,full,success,0.11300926000000001,,,,
aarch64-unknown-linux-gnu,rand,0.10.1,rng::test::test_rng_boxed_trait,full,success,0.10797452566666667,,,,
aarch64-unknown-linux-gnu,rand,0.10.1,rng::test::test_rng_mut_ref,full,success,0.10665680300000001,,,,
aarch64-unknown-linux-gnu,rand,0.10.1,rng::test::test_rng_trait_object,full,success,0.10655557733333333,,,,
aarch64-unknown-linux-gnu,rand,0.10.1,rngs::std::test::test_chacha_counter,full,success,0.2874232626666667,,,,
aarch64-unknown-linux-gnu,rand,0.10.1,rngs::std::test::test_chacha_true_values_1,full,success,0.139207882,,,,
aarch64-unknown-linux-gnu,rand,0.10.1,rngs::std::test::test_chacha_true_values_2,full,success,0.13959411466666669,,,,
aarch64-unknown-linux-gnu,rand,0.10.1,rngs::std::test::test_chacha_true_values_3,full,success,0.13919523233333334,,,,
aarch64-unknown-linux-gnu,rand,0.10.1,rngs::std::test::test_chacha_true_values_8,full,success,0.13913064700000002,,,,
aarch64-unknown-linux-gnu,rand,0.10.1,rngs::std::test::test_stdrng_construction,full,success,0.127733704,,,,
aarch64-unknown-linux-gnu,rand,0.10.1,rngs::thread::test::test_debug_output,full,success,0.11045517766666668,,,,
aarch64-unknown-linux-gnu,rand,0.10.1,rngs::thread::test::test_thread_rng,full,success,0.11733878200000002,,,,
aarch64-unknown-linux-gnu,rand,0.10.1,rngs::xoshiro128plusplus::tests::reference,full,success,0.10794383733333333,,,,
aarch64-unknown-linux-gnu,rand,0.10.1,rngs::xoshiro128plusplus::tests::stable_seed_from_u64_and_from_seed,full,success,0.10881083800000001,,,,
aarch64-unknown-linux-gnu,rand,0.10.1,rngs::xoshiro256plusplus::tests::reference,full,success,0.10755408833333334,,,,
aarch64-unknown-linux-gnu,rand,0.10.1,rngs::xoshiro256plusplus::tests::stable_seed_from_u64_and_from_seed,full,success,0.10868021700000001,,,,
aarch64-unknown-linux-gnu,rand,0.10.1,seq::index_::test::test_sample_boundaries,full,success,0.11620998766666668,,,,
aarch64-unknown-linux-gnu,rand,0.10.1,seq::index_::test::test_sample_weighted,full,success,0.12001851533333334,,,,
aarch64-unknown-linux-gnu,rand,0.10.1,seq::index_::test::value_stability_sample,full,success,0.297189824,,,,
aarch64-unknown-linux-gnu,rand,0.10.1,seq::iterator::test::test_sample_iter,full,success,0.16263803966666668,,,,
aarch64-unknown-linux-gnu,rand,0.10.1,seq::iterator::test::value_stability_choose,full,success,0.12323357833333333,,,,
aarch64-unknown-linux-gnu,rand,0.10.1,seq::iterator::test::value_stability_choose_stable,full,success,0.14120610233333333,,,,
aarch64-unknown-linux-gnu,rand,0.10.1,seq::iterator::test::value_stability_sample,full,success,0.12653064133333333,,,,
aarch64-unknown-linux-gnu,rand,0.10.1,seq::slice::test::test_multiple_weighted_distributions,full,success,252.76696531033335,,,,
aarch64-unknown-linux-gnu,rand,0.10.1,seq::slice::test::test_multiple_weighted_edge_cases,full,success,0.40767668400000007,,,,
aarch64-unknown-linux-gnu,rand,0.10.1,seq::slice::test::test_partial_shuffle,full,success,0.10955256833333334,,,,
aarch64-unknown-linux-gnu,rand,0.10.1,seq::slice::test::test_slice_choose,full,success,0.5590416456666668,,,,
aarch64-unknown-linux-gnu,rand,0.10.1,seq::slice::test::value_stability_slice,full,success,0.11867328533333334,,,,
aarch64-unknown-linux-gnu,rand,0.10.1,test::rng_reader,full,success,0.10926147966666666,,,,
aarch64-unknown-linux-gnu,rand,0.10.1,test::test_random,full,success,0.118442449,,,,
aarch64-unknown-linux-gnu,rand,0.10.1,test::test_range,full,success,0.11784010700000001,,,,
aarch64-unknown-linux-gnu,redox_syscall,0.8.0,sigabi::tests::singlethread_mask,full,success,0.12754334633333334,,,,
aarch64-unknown-linux-gnu,scopeguard,1.2.0,tests::test_defer,full,success,0.10450852533333334,,,,
aarch64-unknown-linux-gnu,scopeguard,1.2.0,tests::test_defer_success_1,full,success,0.10501078033333335,,,,
aarch64-unknown-linux-gnu,scopeguard,1.2.0,tests::test_defer_success_2,full,success,0.11037913566666667,,,,
aarch64-unknown-linux-gnu,scopeguard,1.2.0,tests::test_defer_unwind_1,full,success,0.11044501433333336,,,,
aarch64-unknown-linux-gnu,scopeguard,1.2.0,tests::test_defer_unwind_2,full,success,0.10392111800000002,,,,
aarch64-unknown-linux-gnu,scopeguard,1.2.0,tests::test_dropped_once_when_not_run,full,success,0.10460629833333335,,,,
aarch64-unknown-linux-gnu,scopeguard,1.2.0,tests::test_into_inner,full,success,0.10525228800000001,,,,
aarch64-unknown-linux-gnu,scopeguard,1.2.0,tests::test_only_dropped_by_closure_when_run,full,success,0.10506152966666667,,,,
aarch64-unknown-linux-gnu,serde_core,1.0.228,ser::impls::test_format_u8,full,success,0.14210316266666667,,,,
aarch64-unknown-linux-gnu,serde_with,3.20.0,utils::duration::test_parse_float_into_time_parts,full,success,0.10882537400000002,,,,
aarch64-unknown-linux-gnu,shlex,2.0.1,bytes::test_invalid_utf8,full,success,0.10595112566666669,,,,
aarch64-unknown-linux-gnu,shlex,2.0.1,bytes::test_lineno,full,success,0.106557838,,,,
aarch64-unknown-linux-gnu,shlex,2.0.1,bytes::test_split,full,success,0.12102691500000001,,,,
aarch64-unknown-linux-gnu,shlex,2.0.1,test_fallible,full,success,0.10672149066666665,,,,
aarch64-unknown-linux-gnu,shlex,2.0.1,test_lineno,full,success,0.10703036666666667,,,,
aarch64-unknown-linux-gnu,shlex,2.0.1,test_quote,full,success,0.35253313000000003,,,,
aarch64-unknown-linux-gnu,shlex,2.0.1,test_split,full,success,0.12239444233333334,,,,
aarch64-unknown-linux-gnu,simd-adler32,0.3.9,imp::avx2::tests::ones,full,success,0.103874121,,,,
aarch64-unknown-linux-gnu,simd-adler32,0.3.9,imp::avx2::tests::wiki,full,success,0.105480054,,,,
aarch64-unknown-linux-gnu,simd-adler32,0.3.9,imp::avx2::tests::zeroes,full,success,0.112174037,,,,
aarch64-unknown-linux-gnu,simd-adler32,0.3.9,imp::avx512::tests::ones,full,success,0.10614080566666667,,,,
aarch64-unknown-linux-gnu,simd-adler32,0.3.9,imp::avx512::tests::random,full,success,0.10481968933333334,,,,
aarch64-unknown-linux-gnu,simd-adler32,0.3.9,imp::avx512::tests::wiki,full,success,0.10497674066666668,,,,
aarch64-unknown-linux-gnu,simd-adler32,0.3.9,imp::avx512::tests::zeroes,full,success,0.10582143833333334,,,,
aarch64-unknown-linux-gnu,simd-adler32,0.3.9,imp::neon::tests::wiki,full,success,0.10681594533333334,,,,
aarch64-unknown-linux-gnu,simd-adler32,0.3.9,imp::scalar::tests::mixed_short,full,success,0.10574156366666666,,,,
aarch64-unknown-linux-gnu,simd-adler32,0.3.9,imp::scalar::tests::ones_short,full,success,0.14189596266666668,,,,
aarch64-unknown-linux-gnu,simd-adler32,0.3.9,imp::scalar::tests::wiki,full,success,0.10509240833333333,,,,
aarch64-unknown-linux-gnu,simd-adler32,0.3.9,imp::scalar::tests::zeroes_short,full,success,0.14276361066666668,,,,
aarch64-unknown-linux-gnu,simd-adler32,0.3.9,imp::sse2::tests::ones,full,success,0.10612026800000002,,,,
aarch64-unknown-linux-gnu,simd-adler32,0.3.9,imp::sse2::tests::wiki,full,success,0.10634949366666668,,,,
aarch64-unknown-linux-gnu,simd-adler32,0.3.9,imp::sse2::tests::zeroes,full,success,0.10683157366666668,,,,
aarch64-unknown-linux-gnu,simd-adler32,0.3.9,imp::ssse3::tests::ones,full,success,0.10630446266666667,,,,
aarch64-unknown-linux-gnu,simd-adler32,0.3.9,imp::ssse3::tests::wiki,full,success,0.10726235066666667,,,,
aarch64-unknown-linux-gnu,simd-adler32,0.3.9,imp::ssse3::tests::zeroes,full,success,0.10548865733333335,,,,
aarch64-unknown-linux-gnu,simd-adler32,0.3.9,imp::wasm::tests::ones,full,success,0.106089018,,,,
aarch64-unknown-linux-gnu,simd-adler32,0.3.9,imp::wasm::tests::random,full,success,0.10635186533333334,,,,
aarch64-unknown-linux-gnu,simd-adler32,0.3.9,imp::wasm::tests::wiki,full,success,0.10658394933333333,,,,
aarch64-unknown-linux-gnu,simd-adler32,0.3.9,imp::wasm::tests::zeroes,full,success,0.10621179666666668,,,,
aarch64-unknown-linux-gnu,simd-adler32,0.3.9,tests::test_from_checksum,full,success,0.10946252733333334,,,,
aarch64-unknown-linux-gnu,siphasher,1.0.3,tests128::test_siphash128_1_3,full,success,0.10465633966666667,,,,
aarch64-unknown-linux-gnu,siphasher,1.0.3,tests128::test_siphash128_2_4,full,success,0.10495416866666667,,,,
aarch64-unknown-linux-gnu,siphasher,1.0.3,tests128::test_siphash128_idempotent,full,success,0.10555401233333335,,,,
aarch64-unknown-linux-gnu,siphasher,1.0.3,tests128::test_siphash128_incremental,full,success,0.10541299866666669,,,,
aarch64-unknown-linux-gnu,siphasher,1.0.3,tests128::test_siphash128_simple,full,success,0.10525690566666668,,,,
aarch64-unknown-linux-gnu,siphasher,1.0.3,tests::test_hash_idempotent,full,success,0.10506861766666668,,,,
aarch64-unknown-linux-gnu,siphasher,1.0.3,tests::test_hash_incremental,full,success,0.10483488166666667,,,,
aarch64-unknown-linux-gnu,siphasher,1.0.3,tests::test_hash_no_bytes_dropped_32,full,success,0.10497859866666666,,,,
aarch64-unknown-linux-gnu,siphasher,1.0.3,tests::test_hash_no_bytes_dropped_64,full,success,0.10559384133333334,,,,
aarch64-unknown-linux-gnu,siphasher,1.0.3,tests::test_hash_no_concat_alias,full,success,0.10619953333333336,,,,
aarch64-unknown-linux-gnu,siphasher,1.0.3,tests::test_hash_simple,full,success,0.10596302933333335,,,,
aarch64-unknown-linux-gnu,siphasher,1.0.3,tests::test_siphash_1_3,full,success,0.16438848033333334,,,,
aarch64-unknown-linux-gnu,siphasher,1.0.3,tests::test_siphash_2_4,full,success,0.17077168466666667,,,,
aarch64-unknown-linux-gnu,smallvec,1.15.1,tests::drain,full,success,0.107053022,,,,
aarch64-unknown-linux-gnu,smallvec,1.15.1,tests::drain_forget,full,success,0.10542952966666667,,,,
aarch64-unknown-linux-gnu,smallvec,1.15.1,tests::drain_overflow,full,success,0.112308276,,,,
aarch64-unknown-linux-gnu,smallvec,1.15.1,tests::drain_rev,full,success,0.10540684766666668,,,,
aarch64-unknown-linux-gnu,smallvec,1.15.1,tests::empty_macro,full,success,0.10519572066666667,,,,
aarch64-unknown-linux-gnu,smallvec,1.15.1,tests::grow_spilled_same_size,full,success,0.106005782,,,,
aarch64-unknown-linux-gnu,smallvec,1.15.1,tests::grow_to_shrink,full,success,0.105765859,,,,
aarch64-unknown-linux-gnu,smallvec,1.15.1,tests::insert_many_panic::panic_early_at_end,full,success,0.11320239700000001,,,,
aarch64-unknown-linux-gnu,smallvec,1.15.1,tests::insert_many_panic::panic_early_at_start,full,success,0.11219385700000001,,,,
aarch64-unknown-linux-gnu,smallvec,1.15.1,tests::insert_many_panic::panic_early_in_middle,full,success,0.11349135233333334,,,,
aarch64-unknown-linux-gnu,smallvec,1.15.1,tests::insert_many_panic::panic_late_at_end,full,success,0.11314016133333334,,,,
aarch64-unknown-linux-gnu,smallvec,1.15.1,tests::insert_many_panic::panic_late_at_start,full,success,0.11302362233333334,,,,
aarch64-unknown-linux-gnu,smallvec,1.15.1,tests::into_iter,full,success,0.10603118633333335,,,,
aarch64-unknown-linux-gnu,smallvec,1.15.1,tests::into_iter_drop,full,success,0.105912948,,,,
aarch64-unknown-linux-gnu,smallvec,1.15.1,tests::into_iter_rev,full,success,0.10587258133333334,,,,
aarch64-unknown-linux-gnu,smallvec,1.15.1,tests::issue_4,full,success,0.10515395466666667,,,,
aarch64-unknown-linux-gnu,smallvec,1.15.1,tests::issue_5,full,success,0.10393217833333333,,,,
aarch64-unknown-linux-gnu,smallvec,1.15.1,tests::max_dont_panic,full,success,0.10547851066666668,,,,
aarch64-unknown-linux-gnu,smallvec,1.15.1,tests::max_remove,full,success,0.11249752400000002,,,,
aarch64-unknown-linux-gnu,smallvec,1.15.1,tests::max_swap_remove,full,success,0.113036496,,,,
aarch64-unknown-linux-gnu,smallvec,1.15.1,tests::resumable_extend,full,success,0.10417092133333335,,,,
aarch64-unknown-linux-gnu,smallvec,1.15.1,tests::shrink_to_fit_unspill,full,success,0.10489012633333333,,,,
aarch64-unknown-linux-gnu,smallvec,1.15.1,tests::test_as_mut,full,success,0.106142845,,,,
aarch64-unknown-linux-gnu,smallvec,1.15.1,tests::test_as_ref,full,success,0.10625032333333334,,,,
aarch64-unknown-linux-gnu,smallvec,1.15.1,tests::test_borrow,full,success,0.10556458,,,,
aarch64-unknown-linux-gnu,smallvec,1.15.1,tests::test_borrow_mut,full,success,0.10533864266666666,,,,
aarch64-unknown-linux-gnu,smallvec,1.15.1,tests::test_capacity,full,success,0.10509298133333334,,,,
aarch64-unknown-linux-gnu,smallvec,1.15.1,tests::test_clone_from,full,success,0.10753677966666668,,,,
aarch64-unknown-linux-gnu,smallvec,1.15.1,tests::test_dedup,full,success,0.10673673933333334,,,,
aarch64-unknown-linux-gnu,smallvec,1.15.1,tests::test_double_spill,full,success,0.10842253000000002,,,,
aarch64-unknown-linux-gnu,smallvec,1.15.1,tests::test_drop_panic_smallvec,full,success,0.11240674166666668,,,,
aarch64-unknown-linux-gnu,smallvec,1.15.1,tests::test_eq,full,success,0.104651171,,,,
aarch64-unknown-linux-gnu,smallvec,1.15.1,tests::test_exact_size_iterator,full,success,0.10608606233333334,,,,
aarch64-unknown-linux-gnu,smallvec,1.15.1,tests::test_extend_from_slice,full,success,0.10618273433333335,,,,
aarch64-unknown-linux-gnu,smallvec,1.15.1,tests::test_from,full,success,0.10641968266666668,,,,
aarch64-unknown-linux-gnu,smallvec,1.15.1,tests::test_from_slice,full,success,0.10530718033333335,,,,
aarch64-unknown-linux-gnu,smallvec,1.15.1,tests::test_from_vec,full,success,0.105229162,,,,
aarch64-unknown-linux-gnu,smallvec,1.15.1,tests::test_hash,full,success,0.106106064,,,,
aarch64-unknown-linux-gnu,smallvec,1.15.1,tests::test_inline,full,success,0.10494732600000001,,,,
aarch64-unknown-linux-gnu,smallvec,1.15.1,tests::test_insert_from_slice,full,success,0.10561014666666667,,,,
aarch64-unknown-linux-gnu,smallvec,1.15.1,tests::test_insert_many,full,success,0.10785944066666668,,,,
aarch64-unknown-linux-gnu,smallvec,1.15.1,tests::test_insert_many_long_hint,full,success,0.10720746800000001,,,,
aarch64-unknown-linux-gnu,smallvec,1.15.1,tests::test_insert_many_overflow,full,success,0.106942533,,,,
aarch64-unknown-linux-gnu,smallvec,1.15.1,tests::test_insert_many_short_hint,full,success,0.105813194,,,,
aarch64-unknown-linux-gnu,smallvec,1.15.1,tests::test_insert_out_of_bounds,full,success,0.11068209533333334,,,,
aarch64-unknown-linux-gnu,smallvec,1.15.1,tests::test_into_inner,full,success,0.10598233766666669,,,,
aarch64-unknown-linux-gnu,smallvec,1.15.1,tests::test_into_iter_as_slice,full,success,0.10565316433333334,,,,
aarch64-unknown-linux-gnu,smallvec,1.15.1,tests::test_into_iter_clone,full,success,0.10554509633333335,,,,
aarch64-unknown-linux-gnu,smallvec,1.15.1,tests::test_into_iter_clone_empty_smallvec,full,success,0.10563619933333335,,,,
aarch64-unknown-linux-gnu,smallvec,1.15.1,tests::test_into_iter_clone_partially_consumed_iterator,full,success,0.10578098333333334,,,,
aarch64-unknown-linux-gnu,smallvec,1.15.1,tests::test_into_vec,full,success,0.10533747533333333,,,,
aarch64-unknown-linux-gnu,smallvec,1.15.1,tests::test_invalid_grow,full,success,0.11111099733333334,,,,
aarch64-unknown-linux-gnu,smallvec,1.15.1,tests::test_ord,full,success,0.10589586133333334,,,,
aarch64-unknown-linux-gnu,smallvec,1.15.1,tests::test_resize,full,success,0.10531839900000001,,,,
aarch64-unknown-linux-gnu,smallvec,1.15.1,tests::test_retain,full,success,0.10728855500000001,,,,
aarch64-unknown-linux-gnu,smallvec,1.15.1,tests::test_size,full,success,0.10524481233333333,,,,
aarch64-unknown-linux-gnu,smallvec,1.15.1,tests::test_spill,full,success,0.10725840133333335,,,,
aarch64-unknown-linux-gnu,smallvec,1.15.1,tests::test_truncate,full,success,0.10726085233333334,,,,
aarch64-unknown-linux-gnu,smallvec,1.15.1,tests::test_with_capacity,full,success,0.10574743733333335,,,,
aarch64-unknown-linux-gnu,smallvec,1.15.1,tests::test_zero,full,success,0.1060587,,,,
aarch64-unknown-linux-gnu,smallvec,1.15.1,tests::uninhabited,full,success,0.106265092,,,,
aarch64-unknown-linux-gnu,smallvec,1.15.1,tests::zero_size_items,full,success,0.10525317366666669,,,,
aarch64-unknown-linux-gnu,socket2,0.6.2,sockaddr::tests::ipv4,full,success,0.10426895866666668,,,,
aarch64-unknown-linux-gnu,socket2,0.6.2,sockaddr::tests::ipv4_eq,full,success,0.10327768666666666,,,,
aarch64-unknown-linux-gnu,socket2,0.6.2,sockaddr::tests::ipv4_hash,full,success,0.10404171533333334,,,,
aarch64-unknown-linux-gnu,socket2,0.6.2,sockaddr::tests::ipv4_ipv6_eq,full,success,0.10332782366666667,,,,
aarch64-unknown-linux-gnu,socket2,0.6.2,sockaddr::tests::ipv4_ipv6_hash,full,success,0.10604716400000001,,,,
aarch64-unknown-linux-gnu,socket2,0.6.2,sockaddr::tests::ipv6,full,success,0.103962758,,,,
aarch64-unknown-linux-gnu,socket2,0.6.2,sockaddr::tests::ipv6_eq,full,success,0.10336745166666668,,,,
aarch64-unknown-linux-gnu,socket2,0.6.2,sockaddr::tests::ipv6_hash,full,success,0.10493018766666667,,,,
aarch64-unknown-linux-gnu,socket2,0.6.2,sys::in6_addr_convertion,full,success,0.10400470066666667,,,,
aarch64-unknown-linux-gnu,socket2,0.6.2,sys::in_addr_convertion,full,success,0.10476665466666668,,,,
aarch64-unknown-linux-gnu,spin,0.12.0,barrier::tests::test_barrier,full,success,3.836927152,,,,
aarch64-unknown-linux-gnu,spin,0.12.0,mutex::spin::tests::lots_and_lots,full,success,0.23741168033333335,,,,
aarch64-unknown-linux-gnu,spin,0.12.0,mutex::spin::tests::smoke,full,success,0.10825182300000001,,,,
aarch64-unknown-linux-gnu,spin,0.12.0,mutex::spin::tests::test_into_inner,full,success,0.10871814233333334,,,,
aarch64-unknown-linux-gnu,spin,0.12.0,mutex::spin::tests::test_into_inner_drop,full,success,0.108622991,,,,
aarch64-unknown-linux-gnu,spin,0.12.0,mutex::spin::tests::test_mutex_arc_access_in_unwind,full,success,0.11655622033333335,,,,
aarch64-unknown-linux-gnu,spin,0.12.0,mutex::spin::tests::test_mutex_arc_nested,full,success,0.11279754800000001,,,,
aarch64-unknown-linux-gnu,spin,0.12.0,mutex::spin::tests::test_mutex_force_lock,full,success,0.10866595333333334,,,,
aarch64-unknown-linux-gnu,spin,0.12.0,mutex::spin::tests::test_mutex_unsized,full,success,0.10911417899999999,,,,
aarch64-unknown-linux-gnu,spin,0.12.0,mutex::spin::tests::try_lock,full,success,0.10860145300000001,,,,
aarch64-unknown-linux-gnu,spin,0.12.0,once::tests::call_once_test,full,success,0.42465172833333337,,,,
aarch64-unknown-linux-gnu,spin,0.12.0,once::tests::drop_occurs_and_skip_uninit_drop,full,success,0.10866621333333333,,,,
aarch64-unknown-linux-gnu,spin,0.12.0,once::tests::get,full,success,0.10866780233333334,,,,
aarch64-unknown-linux-gnu,spin,0.12.0,once::tests::get_no_wait,full,success,3.1126825406666665,,,,
aarch64-unknown-linux-gnu,spin,0.12.0,once::tests::init_constant,full,success,0.10839599800000001,,,,
aarch64-unknown-linux-gnu,spin,0.12.0,once::tests::init_from_ref_basic,full,success,0.10811410233333334,,,,
aarch64-unknown-linux-gnu,spin,0.12.0,once::tests::panic,full,success,0.11894807366666667,,,,
aarch64-unknown-linux-gnu,spin,0.12.0,once::tests::poll,full,success,0.10775867366666668,,,,
aarch64-unknown-linux-gnu,spin,0.12.0,once::tests::smoke_once,full,success,0.10781849733333333,,,,
aarch64-unknown-linux-gnu,spin,0.12.0,once::tests::smoke_once_value,full,success,0.10840313666666668,,,,
aarch64-unknown-linux-gnu,spin,0.12.0,once::tests::stampede_once,full,success,0.12124460433333335,,,,
aarch64-unknown-linux-gnu,spin,0.12.0,once::tests::try_call_once_err,full,success,0.163748988,,,,
aarch64-unknown-linux-gnu,spin,0.12.0,once::tests::wait,full,success,0.10946359066666667,,,,
aarch64-unknown-linux-gnu,spin,0.12.0,rwlock::tests::smoke,full,success,0.10866079233333335,,,,
aarch64-unknown-linux-gnu,spin,0.12.0,rwlock::tests::test_force_read_decrement,full,success,0.10844807833333335,,,,
aarch64-unknown-linux-gnu,spin,0.12.0,rwlock::tests::test_force_write_unlock,full,success,0.10860769399999999,,,,
aarch64-unknown-linux-gnu,spin,0.12.0,rwlock::tests::test_into_inner,full,success,0.107731442,,,,
aarch64-unknown-linux-gnu,spin,0.12.0,rwlock::tests::test_into_inner_drop,full,success,0.10850666199999999,,,,
aarch64-unknown-linux-gnu,spin,0.12.0,rwlock::tests::test_rw_access_in_unwind,full,success,0.11518013666666667,,,,
aarch64-unknown-linux-gnu,spin,0.12.0,rwlock::tests::test_rw_arc,full,success,0.11597259900000001,,,,
aarch64-unknown-linux-gnu,spin,0.12.0,rwlock::tests::test_rw_try_read,full,success,0.108894512,,,,
aarch64-unknown-linux-gnu,spin,0.12.0,rwlock::tests::test_rwlock_try_write,full,success,0.10818298766666667,,,,
aarch64-unknown-linux-gnu,spin,0.12.0,rwlock::tests::test_rwlock_unsized,full,success,0.10816262266666667,,,,
aarch64-unknown-linux-gnu,spin,0.12.0,rwlock::tests::test_upgrade_downgrade,full,success,0.10887509866666667,,,,
aarch64-unknown-linux-gnu,thread_local,1.1.9,tests::different_thread,full,success,0.11907967600000001,,,,
aarch64-unknown-linux-gnu,thread_local,1.1.9,tests::is_sync,full,success,0.10695037166666667,,,,
aarch64-unknown-linux-gnu,thread_local,1.1.9,tests::iter,full,success,0.123457729,,,,
aarch64-unknown-linux-gnu,thread_local,1.1.9,tests::miri_iter_soundness_check,full,success,0.126239275,,,,
aarch64-unknown-linux-gnu,thread_local,1.1.9,tests::same_thread,full,success,0.130236867,,,,
aarch64-unknown-linux-gnu,thread_local,1.1.9,tests::test_drop,full,success,0.11805318566666667,,,,
aarch64-unknown-linux-gnu,thread_local,1.1.9,tests::test_earlyreturn_buckets,full,success,0.19946073900000003,,,,
aarch64-unknown-linux-gnu,thread_local,1.1.9,thread_id::test_thread,full,success,0.10661021033333334,,,,
aarch64-unknown-linux-gnu,tinystr,0.8.3,ascii::test::from_utf16_lossy_rejects_non_ascii_replacement,full,success,0.11305350133333335,,,,
aarch64-unknown-linux-gnu,tinystr,0.8.3,ascii::test::from_utf8_lossy_rejects_non_ascii_replacement,full,success,0.11220869866666666,,,,
aarch64-unknown-linux-gnu,tinystr,0.8.3,ascii::test::from_utf8_lossy_rejects_null_replacement,full,success,0.11290510533333335,,,,
aarch64-unknown-linux-gnu,tinystr,0.8.3,ascii::test::lossy_constructor,full,success,0.10693991433333333,,,,
aarch64-unknown-linux-gnu,tinystr,0.8.3,ascii::test::test_is_ascii_alphabetic,full,success,1.51486115,,,,
aarch64-unknown-linux-gnu,tinystr,0.8.3,ascii::test::test_is_ascii_alphabetic_lowercase,full,success,1.537564795,,,,
aarch64-unknown-linux-gnu,tinystr,0.8.3,ascii::test::test_is_ascii_alphabetic_titlecase,full,success,1.5308111293333333,,,,
aarch64-unknown-linux-gnu,tinystr,0.8.3,ascii::test::test_is_ascii_alphabetic_uppercase,full,success,1.5272508273333336,,,,
aarch64-unknown-linux-gnu,tinystr,0.8.3,ascii::test::test_is_ascii_alphanumeric,full,success,1.5247449833333333,,,,
aarch64-unknown-linux-gnu,tinystr,0.8.3,ascii::test::test_is_ascii_lowercase,full,success,1.5147363593333332,,,,
aarch64-unknown-linux-gnu,tinystr,0.8.3,ascii::test::test_is_ascii_numeric,full,success,1.4834001626666666,,,,
aarch64-unknown-linux-gnu,tinystr,0.8.3,ascii::test::test_is_ascii_titlecase,full,success,1.5212142596666667,,,,
aarch64-unknown-linux-gnu,tinystr,0.8.3,ascii::test::test_is_ascii_uppercase,full,success,1.5545949793333333,,,,
aarch64-unknown-linux-gnu,tinystr,0.8.3,ascii::test::test_to_ascii_lowercase,full,success,2.0982232916666663,,,,
aarch64-unknown-linux-gnu,tinystr,0.8.3,ascii::test::test_to_ascii_titlecase,full,success,2.1232244533333335,,,,
aarch64-unknown-linux-gnu,tinystr,0.8.3,ascii::test::test_to_ascii_uppercase,full,success,2.0683335253333333,,,,
aarch64-unknown-linux-gnu,tinystr,0.8.3,macros::tests::test_macro_construction,full,success,0.10879515300000002,,,,
aarch64-unknown-linux-gnu,tinystr,0.8.3,test_size,full,success,0.11085545933333334,,,,
aarch64-unknown-linux-gnu,tower-http,0.6.11,classify::grpc_errors_as_failures::tests::basic_error,full,success,0.10881056100000001,,,,
aarch64-unknown-linux-gnu,tower-http,0.6.11,classify::grpc_errors_as_failures::tests::basic_ok,full,success,0.10755536333333333,,,,
aarch64-unknown-linux-gnu,tower-http,0.6.11,classify::grpc_errors_as_failures::tests::grpc_code_from_i32_known_codes,full,success,0.10474875800000001,,,,
aarch64-unknown-linux-gnu,tower-http,0.6.11,classify::grpc_errors_as_failures::tests::grpc_code_from_i32_unknown_codes,full,success,0.10525399066666667,,,,
aarch64-unknown-linux-gnu,tower-http,0.6.11,classify::grpc_errors_as_failures::tests::grpc_code_from_non_zero_i32,full,success,0.10486804500000001,,,,
aarch64-unknown-linux-gnu,tower-http,0.6.11,classify::grpc_errors_as_failures::tests::two_success_codes_first_matches,full,success,0.10847711833333334,,,,
aarch64-unknown-linux-gnu,tower-http,0.6.11,classify::grpc_errors_as_failures::tests::two_success_codes_none_matches,full,success,0.109007159,,,,
aarch64-unknown-linux-gnu,tower-http,0.6.11,classify::grpc_errors_as_failures::tests::two_success_codes_second_matches,full,success,0.10816075800000002,,,,
aarch64-unknown-linux-gnu,tower-http,0.6.11,classify::status_in_range_is_error::tests::basic,full,success,0.10584294300000001,,,,
aarch64-unknown-linux-gnu,tracing-core,0.1.36,dispatcher::test::default_dispatch,full,success,0.103032646,,,,
aarch64-unknown-linux-gnu,tracing-core,0.1.36,dispatcher::test::default_no_subscriber,full,success,0.10284995433333334,,,,
aarch64-unknown-linux-gnu,tracing-core,0.1.36,dispatcher::test::dispatch_downcasts,full,success,0.10319298266666667,,,,
aarch64-unknown-linux-gnu,tracing-core,0.1.36,dispatcher::test::dispatch_is,full,success,0.10426624700000002,,,,
aarch64-unknown-linux-gnu,tracing-core,0.1.36,dispatcher::test::events_dont_infinite_loop,full,success,0.10369808866666667,,,,
aarch64-unknown-linux-gnu,tracing-core,0.1.36,dispatcher::test::spans_dont_infinite_loop,full,success,0.10426036466666666,,,,
aarch64-unknown-linux-gnu,tracing-core,0.1.36,field::test::empty_fields_are_skipped,full,success,0.10343259133333334,,,,
aarch64-unknown-linux-gnu,tracing-core,0.1.36,field::test::empty_value_set_is_empty,full,success,0.103261423,,,,
aarch64-unknown-linux-gnu,tracing-core,0.1.36,field::test::fields_from_other_callsets_are_skipped,full,success,0.10383162966666666,,,,
aarch64-unknown-linux-gnu,tracing-core,0.1.36,field::test::index_of_field_in_fieldset_is_correct,full,success,0.103978641,,,,
aarch64-unknown-linux-gnu,tracing-core,0.1.36,field::test::record_bytes,full,success,0.10534237433333334,,,,
aarch64-unknown-linux-gnu,tracing-core,0.1.36,field::test::record_debug_fn,full,success,0.10312976033333333,,,,
aarch64-unknown-linux-gnu,tracing-core,0.1.36,field::test::record_error,full,success,0.10427416366666668,,,,
aarch64-unknown-linux-gnu,tracing-core,0.1.36,field::test::sparse_value_sets_are_not_empty,full,success,0.10361232599999999,,,,
aarch64-unknown-linux-gnu,tracing-core,0.1.36,field::test::value_set_with_no_values_is_empty,full,success,0.10340447833333334,,,,
aarch64-unknown-linux-gnu,tracing-core,0.1.36,field::test::value_sets_with_fields_from_other_callsites_are_empty,full,success,0.10328622999999999,,,,
aarch64-unknown-linux-gnu,tracing-core,0.1.36,metadata::tests::filter_level_conversion,full,success,0.10347343666666668,,,,
aarch64-unknown-linux-gnu,tracing-core,0.1.36,metadata::tests::level_filter_is_usize_sized,full,success,0.10310509733333334,,,,
aarch64-unknown-linux-gnu,tracing-core,0.1.36,metadata::tests::level_from_str,full,success,0.10292056566666667,,,,
aarch64-unknown-linux-gnu,tracing-log,0.2.0,test::debug_callsite_is_correct,full,success,0.11016217866666667,,,,
aarch64-unknown-linux-gnu,tracing-log,0.2.0,test::error_callsite_is_correct,full,success,0.107824338,,,,
aarch64-unknown-linux-gnu,tracing-log,0.2.0,test::info_callsite_is_correct,full,success,0.10706497866666669,,,,
aarch64-unknown-linux-gnu,tracing-log,0.2.0,test::trace_callsite_is_correct,full,success,0.10734193533333335,,,,
aarch64-unknown-linux-gnu,tracing-log,0.2.0,test::warn_callsite_is_correct,full,success,0.10977534633333334,,,,
aarch64-unknown-linux-gnu,tungstenite,0.29.0,buffer::tests::reading_in_chunks,full,success,0.110040751,,,,
aarch64-unknown-linux-gnu,tungstenite,0.29.0,buffer::tests::simple_reading,full,success,0.10863080966666668,,,,
aarch64-unknown-linux-gnu,tungstenite,0.29.0,error::test::error_size,full,success,0.10841785433333334,,,,
aarch64-unknown-linux-gnu,tungstenite,0.29.0,error::test::protocol_error_size,full,success,0.10740101966666667,,,,
aarch64-unknown-linux-gnu,tungstenite,0.29.0,error::test::tls_error_size,full,success,0.107961762,,,,
aarch64-unknown-linux-gnu,tungstenite,0.29.0,handshake::client::tests::invalid_custom_request,full,success,0.11220982233333333,,,,
aarch64-unknown-linux-gnu,tungstenite,0.29.0,handshake::client::tests::random_keys,full,success,0.13134585933333334,,,,
aarch64-unknown-linux-gnu,tungstenite,0.29.0,handshake::client::tests::request_formatting,full,success,0.14875799133333334,,,,
aarch64-unknown-linux-gnu,tungstenite,0.29.0,handshake::client::tests::request_formatting_with_at,full,success,0.14923012300000002,,,,
aarch64-unknown-linux-gnu,tungstenite,0.29.0,handshake::client::tests::request_formatting_with_host,full,success,0.14799181833333333,,,,
aarch64-unknown-linux-gnu,tungstenite,0.29.0,handshake::client::tests::request_with_latin1_header,full,success,0.27779682833333336,,,,
aarch64-unknown-linux-gnu,tungstenite,0.29.0,handshake::client::tests::request_with_non_ascii_header,full,success,0.2890368606666667,,,,
aarch64-unknown-linux-gnu,tungstenite,0.29.0,handshake::client::tests::response_parsing,full,success,0.11226766433333335,,,,
aarch64-unknown-linux-gnu,tungstenite,0.29.0,handshake::headers::tests::headers,full,success,0.11616828000000001,,,,
aarch64-unknown-linux-gnu,tungstenite,0.29.0,handshake::headers::tests::headers_incomplete,full,success,0.10866379566666667,,,,
aarch64-unknown-linux-gnu,tungstenite,0.29.0,handshake::headers::tests::headers_iter,full,success,0.12282778866666667,,,,
aarch64-unknown-linux-gnu,tungstenite,0.29.0,handshake::server::tests::request_parsing,full,success,0.11229942066666666,,,,
aarch64-unknown-linux-gnu,tungstenite,0.29.0,handshake::server::tests::request_replying,full,success,0.16037661866666666,,,,
aarch64-unknown-linux-gnu,tungstenite,0.29.0,handshake::tests::key_conversion,full,success,0.130464775,,,,
aarch64-unknown-linux-gnu,tungstenite,0.29.0,protocol::frame::coding::tests::closecode_from_u16,full,success,0.10779526333333334,,,,
aarch64-unknown-linux-gnu,tungstenite,0.29.0,protocol::frame::coding::tests::closecode_into_u16,full,success,0.10741339533333334,,,,
aarch64-unknown-linux-gnu,tungstenite,0.29.0,protocol::frame::coding::tests::opcode_from_u8,full,success,0.10681595933333334,,,,
aarch64-unknown-linux-gnu,tungstenite,0.29.0,protocol::frame::coding::tests::opcode_into_u8,full,success,0.10737777366666668,,,,
aarch64-unknown-linux-gnu,tungstenite,0.29.0,protocol::frame::frame::tests::display,full,success,0.11194414833333334,,,,
aarch64-unknown-linux-gnu,tungstenite,0.29.0,protocol::frame::frame::tests::format,full,success,0.10814023700000001,,,,
aarch64-unknown-linux-gnu,tungstenite,0.29.0,protocol::frame::frame::tests::format_into_buf,full,success,0.107142633,,,,
aarch64-unknown-linux-gnu,tungstenite,0.29.0,protocol::frame::frame::tests::parse,full,success,0.10891979366666667,,,,
aarch64-unknown-linux-gnu,tungstenite,0.29.0,protocol::frame::mask::tests::test_apply_mask,full,success,0.18129068299999998,,,,
aarch64-unknown-linux-gnu,tungstenite,0.29.0,protocol::frame::tests::from_partially_read,full,success,0.11042787700000001,,,,
aarch64-unknown-linux-gnu,tungstenite,0.29.0,protocol::frame::tests::parse_overflow,full,success,0.10976200933333335,,,,
aarch64-unknown-linux-gnu,tungstenite,0.29.0,protocol::frame::tests::read_frames,full,success,0.11437244533333334,,,,
aarch64-unknown-linux-gnu,tungstenite,0.29.0,protocol::frame::tests::size_limit_hit,full,success,0.10901304866666668,,,,
aarch64-unknown-linux-gnu,tungstenite,0.29.0,protocol::frame::tests::write_frames,full,success,0.11092789166666668,,,,
aarch64-unknown-linux-gnu,tungstenite,0.29.0,protocol::frame::utf8::tests::hash_consistency,full,success,0.108036331,,,,
aarch64-unknown-linux-gnu,tungstenite,0.29.0,protocol::message::tests::binary_convert,full,success,0.108698148,,,,
aarch64-unknown-linux-gnu,tungstenite,0.29.0,protocol::message::tests::binary_convert_bytes,full,success,0.10825016133333333,,,,
aarch64-unknown-linux-gnu,tungstenite,0.29.0,protocol::message::tests::binary_convert_into_bytes,full,success,0.10836243500000002,,,,
aarch64-unknown-linux-gnu,tungstenite,0.29.0,protocol::message::tests::binary_convert_vec,full,success,0.107888511,,,,
aarch64-unknown-linux-gnu,tungstenite,0.29.0,protocol::message::tests::display,full,success,0.10914543566666668,,,,
aarch64-unknown-linux-gnu,tungstenite,0.29.0,protocol::message::tests::text_convert,full,success,0.10690504433333335,,,,
aarch64-unknown-linux-gnu,tungstenite,0.29.0,protocol::tests::receive_messages,full,success,0.12020031233333334,,,,
aarch64-unknown-linux-gnu,tungstenite,0.29.0,protocol::tests::size_limiting_binary,full,success,0.10877262866666666,,,,
aarch64-unknown-linux-gnu,tungstenite,0.29.0,protocol::tests::size_limiting_text_fragmented,full,success,0.11045827733333335,,,,
aarch64-unknown-linux-gnu,twox-hash,2.1.2,xxhash32::random_impl::test::can_be_used_in_a_hashmap_with_a_random_seed,full,success,0.11134979366666668,,,,
aarch64-unknown-linux-gnu,twox-hash,2.1.2,xxhash32::test::can_be_used_in_a_hashmap_with_a_default_seed,full,success,0.107774437,,,,
aarch64-unknown-linux-gnu,twox-hash,2.1.2,xxhash32::test::hash_of_multiple_bytes_matches_c_implementation,full,success,0.10647501166666667,,,,
aarch64-unknown-linux-gnu,twox-hash,2.1.2,xxhash32::test::hash_of_multiple_chunks_matches_c_implementation,full,success,0.11536204100000001,,,,
aarch64-unknown-linux-gnu,twox-hash,2.1.2,xxhash32::test::hash_of_nothing_matches_c_implementation,full,success,0.10661207033333335,,,,
aarch64-unknown-linux-gnu,twox-hash,2.1.2,xxhash32::test::hash_of_single_byte_matches_c_implementation,full,success,0.10654416200000001,,,,
aarch64-unknown-linux-gnu,twox-hash,2.1.2,xxhash32::test::hash_with_different_seed_and_multiple_chunks_matches_c_implementation,full,success,0.11604539333333334,,,,
aarch64-unknown-linux-gnu,twox-hash,2.1.2,xxhash32::test::hash_with_different_seed_matches_c_implementation,full,success,0.106040085,,,,
aarch64-unknown-linux-gnu,twox-hash,2.1.2,xxhash32::test::ingesting_byte_by_byte_is_equivalent_to_large_chunks,full,success,0.12907594933333333,,,,
aarch64-unknown-linux-gnu,twox-hash,2.1.2,xxhash3::streaming::test::secret_buffer_allocate_default_is_valid,full,success,0.106633221,,,,
aarch64-unknown-linux-gnu,twox-hash,2.1.2,xxhash3::streaming::test::secret_buffer_allocate_with_seed_is_valid,full,success,0.10850946633333335,,,,
aarch64-unknown-linux-gnu,twox-hash,2.1.2,xxhash3::streaming::test::secret_buffer_default_is_valid,full,success,0.10787276466666668,,,,
aarch64-unknown-linux-gnu,twox-hash,2.1.2,xxhash3::test::backported_as_chunks,full,success,0.108004659,,,,
aarch64-unknown-linux-gnu,twox-hash,2.1.2,xxhash3::test::backported_as_rchunks,full,success,0.10729207466666668,,,,
aarch64-unknown-linux-gnu,twox-hash,2.1.2,xxhash3::test::default_secret_is_valid,full,success,0.10692121066666667,,,,
aarch64-unknown-linux-gnu,twox-hash,2.1.2,xxhash3_128::test::oneshot_129_to_240_bytes,full,success,0.233847826,,,,
aarch64-unknown-linux-gnu,twox-hash,2.1.2,xxhash3_128::test::oneshot_17_to_128_bytes,full,success,0.16755636533333332,,,,
aarch64-unknown-linux-gnu,twox-hash,2.1.2,xxhash3_128::test::oneshot_1_to_3_bytes,full,success,0.107032804,,,,
aarch64-unknown-linux-gnu,twox-hash,2.1.2,xxhash3_128::test::oneshot_241_plus_bytes,full,success,1.3692109013333333,,,,
aarch64-unknown-linux-gnu,twox-hash,2.1.2,xxhash3_128::test::oneshot_4_to_8_bytes,full,success,0.10848633933333335,,,,
aarch64-unknown-linux-gnu,twox-hash,2.1.2,xxhash3_128::test::oneshot_9_to_16_bytes,full,success,0.11461949,,,,
aarch64-unknown-linux-gnu,twox-hash,2.1.2,xxhash3_128::test::oneshot_empty,full,success,0.106630765,,,,
aarch64-unknown-linux-gnu,twox-hash,2.1.2,xxhash3_128::test::streaming_129_to_240_bytes,full,success,7.369051784333333,,,,
aarch64-unknown-linux-gnu,twox-hash,2.1.2,xxhash3_128::test::streaming_17_to_128_bytes,full,success,1.4721907756666666,,,,
aarch64-unknown-linux-gnu,twox-hash,2.1.2,xxhash3_128::test::streaming_1_to_3_bytes,full,success,0.11093688466666668,,,,
aarch64-unknown-linux-gnu,twox-hash,2.1.2,xxhash3_128::test::streaming_4_to_8_bytes,full,success,0.12299654100000001,,,,
aarch64-unknown-linux-gnu,twox-hash,2.1.2,xxhash3_128::test::streaming_9_to_16_bytes,full,success,0.16373101033333334,,,,
aarch64-unknown-linux-gnu,twox-hash,2.1.2,xxhash3_128::test::streaming_empty,full,success,0.10742222800000001,,,,
aarch64-unknown-linux-gnu,twox-hash,2.1.2,xxhash3_64::test::oneshot_129_to_240_bytes,full,success,0.22807580533333335,,,,
aarch64-unknown-linux-gnu,twox-hash,2.1.2,xxhash3_64::test::oneshot_17_to_128_bytes,full,success,0.16599695933333336,,,,
aarch64-unknown-linux-gnu,twox-hash,2.1.2,xxhash3_64::test::oneshot_1_to_3_bytes,full,success,0.108005686,,,,
aarch64-unknown-linux-gnu,twox-hash,2.1.2,xxhash3_64::test::oneshot_241_plus_bytes,full,success,1.383142572,,,,
aarch64-unknown-linux-gnu,twox-hash,2.1.2,xxhash3_64::test::oneshot_4_to_8_bytes,full,success,0.11134700500000001,,,,
aarch64-unknown-linux-gnu,twox-hash,2.1.2,xxhash3_64::test::oneshot_9_to_16_bytes,full,success,0.11608257966666669,,,,
aarch64-unknown-linux-gnu,twox-hash,2.1.2,xxhash3_64::test::oneshot_empty,full,success,0.1081568716666667,,,,
aarch64-unknown-linux-gnu,twox-hash,2.1.2,xxhash3_64::test::oneshot_with_seed,full,success,0.26324477333333335,,,,
aarch64-unknown-linux-gnu,twox-hash,2.1.2,xxhash3_64::test::streaming_129_to_240_bytes,full,success,7.318330905333333,,,,
aarch64-unknown-linux-gnu,twox-hash,2.1.2,xxhash3_64::test::streaming_17_to_128_bytes,full,success,1.4338436063333333,,,,
aarch64-unknown-linux-gnu,twox-hash,2.1.2,xxhash3_64::test::streaming_1_to_3_bytes,full,success,0.10989816233333334,,,,
aarch64-unknown-linux-gnu,twox-hash,2.1.2,xxhash3_64::test::streaming_4_to_8_bytes,full,success,0.12153317866666669,,,,
aarch64-unknown-linux-gnu,twox-hash,2.1.2,xxhash3_64::test::streaming_9_to_16_bytes,full,success,0.16246102533333331,,,,
aarch64-unknown-linux-gnu,twox-hash,2.1.2,xxhash3_64::test::streaming_empty,full,success,0.10708275166666668,,,,
aarch64-unknown-linux-gnu,twox-hash,2.1.2,xxhash64::random_impl::test::can_be_used_in_a_hashmap_with_a_random_seed,full,success,0.11156431933333333,,,,
aarch64-unknown-linux-gnu,twox-hash,2.1.2,xxhash64::test::can_be_used_in_a_hashmap_with_a_default_seed,full,success,0.10815632600000002,,,,
aarch64-unknown-linux-gnu,twox-hash,2.1.2,xxhash64::test::hash_of_multiple_bytes_matches_c_implementation,full,success,0.107405472,,,,
aarch64-unknown-linux-gnu,twox-hash,2.1.2,xxhash64::test::hash_of_multiple_chunks_matches_c_implementation,full,success,0.11593733500000002,,,,
aarch64-unknown-linux-gnu,twox-hash,2.1.2,xxhash64::test::hash_of_nothing_matches_c_implementation,full,success,0.10645152233333334,,,,
aarch64-unknown-linux-gnu,twox-hash,2.1.2,xxhash64::test::hash_of_single_byte_matches_c_implementation,full,success,0.107692199,,,,
aarch64-unknown-linux-gnu,twox-hash,2.1.2,xxhash64::test::hash_with_different_seed_and_multiple_chunks_matches_c_implementation,full,success,0.11562234866666667,,,,
aarch64-unknown-linux-gnu,twox-hash,2.1.2,xxhash64::test::hash_with_different_seed_matches_c_implementation,full,success,0.10685068466666668,,,,
aarch64-unknown-linux-gnu,twox-hash,2.1.2,xxhash64::test::ingesting_byte_by_byte_is_equivalent_to_large_chunks,full,success,0.13084433733333334,,,,
aarch64-unknown-linux-gnu,unicode-bidi,0.3.18,char_data::tests::test_ascii,full,success,0.110406538,,,,
aarch64-unknown-linux-gnu,unicode-bidi,0.3.18,char_data::tests::test_bmp,full,success,0.10848172766666668,,,,
aarch64-unknown-linux-gnu,unicode-bidi,0.3.18,char_data::tests::test_smp,full,success,0.10579639766666667,,,,
aarch64-unknown-linux-gnu,unicode-bidi,0.3.18,char_data::tests::test_unassigned_planes,full,success,0.10491542166666668,,,,
aarch64-unknown-linux-gnu,unicode-bidi,0.3.18,level::tests::test_has_rtl,full,success,0.10556739566666667,,,,
aarch64-unknown-linux-gnu,unicode-bidi,0.3.18,level::tests::test_into,full,success,0.10489367833333335,,,,
aarch64-unknown-linux-gnu,unicode-bidi,0.3.18,level::tests::test_is_ltr,full,success,0.10457670000000001,,,,
aarch64-unknown-linux-gnu,unicode-bidi,0.3.18,level::tests::test_is_rtl,full,success,0.10497100433333334,,,,
aarch64-unknown-linux-gnu,unicode-bidi,0.3.18,level::tests::test_lower,full,success,0.105172143,,,,
aarch64-unknown-linux-gnu,unicode-bidi,0.3.18,level::tests::test_new,full,success,0.10499445533333335,,,,
aarch64-unknown-linux-gnu,unicode-bidi,0.3.18,level::tests::test_new_explicit,full,success,0.104509476,,,,
aarch64-unknown-linux-gnu,unicode-bidi,0.3.18,level::tests::test_raise,full,success,0.105015619,,,,
aarch64-unknown-linux-gnu,unicode-bidi,0.3.18,level::tests::test_raise_explicit,full,success,0.10510459500000001,,,,
aarch64-unknown-linux-gnu,unicode-bidi,0.3.18,level::tests::test_str_eq,full,success,0.10716030633333334,,,,
aarch64-unknown-linux-gnu,unicode-bidi,0.3.18,level::tests::test_string_eq,full,success,0.10623969533333334,,,,
aarch64-unknown-linux-gnu,unicode-bidi,0.3.18,level::tests::test_vec,full,success,0.10551303966666668,,,,
aarch64-unknown-linux-gnu,unicode-bidi,0.3.18,prepare::tests::test_isolating_run_sequences,full,success,0.13338861833333335,,,,
aarch64-unknown-linux-gnu,unicode-bidi,0.3.18,prepare::tests::test_isolating_run_sequences_sos_and_eos,full,success,0.12033514000000001,,,,
aarch64-unknown-linux-gnu,unicode-bidi,0.3.18,prepare::tests::test_level_runs,full,success,0.105831269,,,,
aarch64-unknown-linux-gnu,unicode-bidi,0.3.18,prepare::tests::test_not_removed_by_x9,full,success,0.10501810433333335,,,,
aarch64-unknown-linux-gnu,unicode-bidi,0.3.18,prepare::tests::test_removed_by_x9,full,success,0.104921918,,,,
aarch64-unknown-linux-gnu,unicode-bidi,0.3.18,tests::test_bidi_info_has_rtl,full,success,0.27764981066666666,,,,
aarch64-unknown-linux-gnu,unicode-bidi,0.3.18,tests::test_direction,full,success,0.19990651466666667,,,,
aarch64-unknown-linux-gnu,unicode-bidi,0.3.18,tests::test_edge_cases_direction,full,success,0.11826924433333334,,,,
aarch64-unknown-linux-gnu,unicode-bidi,0.3.18,tests::test_get_base_direction,full,success,0.12523778766666668,,,,
aarch64-unknown-linux-gnu,unicode-bidi,0.3.18,tests::test_get_base_direction_full,full,success,0.131632449,,,,
aarch64-unknown-linux-gnu,unicode-bidi,0.3.18,tests::test_initial_text_info,full,success,0.122786858,,,,
aarch64-unknown-linux-gnu,unicode-bidi,0.3.18,tests::test_level_at,full,success,0.19537251166666667,,,,
aarch64-unknown-linux-gnu,unicode-bidi,0.3.18,tests::test_paragraph_bidi_info,full,success,0.18073212733333333,,,,
aarch64-unknown-linux-gnu,unicode-bidi,0.3.18,tests::test_paragraph_info_len,full,success,0.132511628,,,,
aarch64-unknown-linux-gnu,unicode-bidi,0.3.18,tests::test_process_text,full,success,0.3432290553333333,,,,
aarch64-unknown-linux-gnu,unicode-bidi,0.3.18,tests::test_reorder_line,full,success,0.6269645790000001,,,,
aarch64-unknown-linux-gnu,unicode-bidi,0.3.18,tests::test_reordered_levels,full,success,0.23246526733333336,,,,
aarch64-unknown-linux-gnu,unicode-bidi,0.3.18,tests::test_reordered_levels_range,full,success,0.11793465433333333,,,,
aarch64-unknown-linux-gnu,unicode-bidi,0.3.18,tests::test_utf16_char_iter,full,success,0.10541657333333333,,,,
aarch64-unknown-linux-gnu,unicode-bidi,0.3.18,tests::test_utf16_text_source,full,success,0.10487481933333336,,,,
aarch64-unknown-linux-gnu,unicode-normalization,0.1.25,normalize::tests::test_hangul_composition,full,success,0.10587873800000001,,,,
aarch64-unknown-linux-gnu,unicode-normalization,0.1.25,quick_check::tests::test_stream_safe_nfc,full,success,0.10885230600000001,,,,
aarch64-unknown-linux-gnu,unicode-normalization,0.1.25,quick_check::tests::test_stream_safe_nfd,full,success,0.10947783966666667,,,,
aarch64-unknown-linux-gnu,unicode-normalization,0.1.25,stream_safe::tests::test_all_nonstarters,full,success,0.11335813433333335,,,,
aarch64-unknown-linux-gnu,unicode-normalization,0.1.25,stream_safe::tests::test_classify_nonstarters,full,success,49.128296033,,,,
aarch64-unknown-linux-gnu,unicode-normalization,0.1.25,stream_safe::tests::test_simple,full,success,0.12824090500000002,,,,
aarch64-unknown-linux-gnu,unicode-normalization,0.1.25,test::test_is_combining_mark_ascii,full,success,0.10906707633333335,,,,
aarch64-unknown-linux-gnu,unicode-normalization,0.1.25,test::test_is_combining_mark_misc,full,success,0.10661007566666668,,,,
aarch64-unknown-linux-gnu,unicode-normalization,0.1.25,test::test_nfc,full,success,0.14173708266666668,,,,
aarch64-unknown-linux-gnu,unicode-normalization,0.1.25,test::test_nfd,full,success,0.143070219,,,,
aarch64-unknown-linux-gnu,unicode-normalization,0.1.25,test::test_nfkc,full,success,0.14740690199999998,,,,
aarch64-unknown-linux-gnu,unicode-normalization,0.1.25,test::test_nfkd,full,success,0.128083731,,,,
aarch64-unknown-linux-gnu,unicode-normalization,0.1.25,test::test_normalize_char,full,success,0.10769079466666669,,,,
aarch64-unknown-linux-gnu,urlencoding,2.1.3,dec::dec_borrows,full,success,0.108988364,,,,
aarch64-unknown-linux-gnu,urlencoding,2.1.3,tests::it_decodes_successfully,full,success,0.10833131966666669,,,,
aarch64-unknown-linux-gnu,urlencoding,2.1.3,tests::it_decodes_successfully_emoji,full,success,0.10898409166666667,,,,
aarch64-unknown-linux-gnu,urlencoding,2.1.3,tests::it_decodes_unsuccessfully_emoji,full,success,0.10834019766666668,,,,
aarch64-unknown-linux-gnu,urlencoding,2.1.3,tests::it_encodes_successfully,full,success,0.10780644100000002,,,,
aarch64-unknown-linux-gnu,urlencoding,2.1.3,tests::it_encodes_successfully_emoji,full,success,0.10777069033333335,,,,
aarch64-unknown-linux-gnu,urlencoding,2.1.3,tests::lazy_writer,full,success,0.10936142066666667,,,,
aarch64-unknown-linux-gnu,urlencoding,2.1.3,tests::misc,full,success,0.11863718200000001,,,,
aarch64-unknown-linux-gnu,urlencoding,2.1.3,tests::whatwg_examples,full,success,0.11097648833333335,,,,
aarch64-unknown-linux-gnu,utf8_iter,1.0.4,report::tests::test_eq,full,success,0.10479773400000002,,,,
aarch64-unknown-linux-gnu,utf8_iter,1.0.4,report::tests::test_size,full,success,0.10414873433333334,,,,
aarch64-unknown-linux-gnu,uuid,1.23.2,fmt::tests::braced_ref_trailing,full,success,0.11403307266666668,,,,
aarch64-unknown-linux-gnu,uuid,1.23.2,fmt::tests::braced_to_inner,full,success,0.10758081266666668,,,,
aarch64-unknown-linux-gnu,uuid,1.23.2,fmt::tests::braced_too_small,full,success,0.11505876833333334,,,,
aarch64-unknown-linux-gnu,uuid,1.23.2,fmt::tests::braced_trailing,full,success,0.11335771300000001,,,,
aarch64-unknown-linux-gnu,uuid,1.23.2,fmt::tests::hyphenated_ref_trailing,full,success,0.11502794300000001,,,,
aarch64-unknown-linux-gnu,uuid,1.23.2,fmt::tests::hyphenated_to_inner,full,success,0.11816851766666668,,,,
aarch64-unknown-linux-gnu,uuid,1.23.2,fmt::tests::hyphenated_too_small,full,success,0.11534766066666667,,,,
aarch64-unknown-linux-gnu,uuid,1.23.2,fmt::tests::hyphenated_trailing,full,success,0.11383873,,,,
aarch64-unknown-linux-gnu,uuid,1.23.2,fmt::tests::simple_ref_trailing,full,success,0.114894202,,,,
aarch64-unknown-linux-gnu,uuid,1.23.2,fmt::tests::simple_to_inner,full,success,0.10848356433333335,,,,
aarch64-unknown-linux-gnu,uuid,1.23.2,fmt::tests::simple_too_small,full,success,0.114295408,,,,
aarch64-unknown-linux-gnu,uuid,1.23.2,fmt::tests::simple_trailing,full,success,0.11391905533333335,,,,
aarch64-unknown-linux-gnu,uuid,1.23.2,fmt::tests::urn_ref_trailing,full,success,0.112926219,,,,
aarch64-unknown-linux-gnu,uuid,1.23.2,fmt::tests::urn_to_inner,full,success,0.10801378166666668,,,,
aarch64-unknown-linux-gnu,uuid,1.23.2,fmt::tests::urn_too_small,full,success,0.11480484066666669,,,,
aarch64-unknown-linux-gnu,uuid,1.23.2,fmt::tests::urn_trailing,full,success,0.11291663233333334,,,,
aarch64-unknown-linux-gnu,uuid,1.23.2,non_nil::tests::test_non_nil,full,success,0.10877189366666667,,,,
aarch64-unknown-linux-gnu,uuid,1.23.2,non_nil::tests::test_non_nil_formatting,full,success,0.11011733866666668,,,,
aarch64-unknown-linux-gnu,uuid,1.23.2,non_nil::tests::test_non_nil_ord,full,success,0.10919652966666667,,,,
aarch64-unknown-linux-gnu,uuid,1.23.2,non_nil::tests::test_non_nil_with_option_size,full,success,0.10868970666666668,,,,
aarch64-unknown-linux-gnu,uuid,1.23.2,parser::tests::test_parse_invalid,full,success,0.1361655833333333,,,,
aarch64-unknown-linux-gnu,uuid,1.23.2,parser::tests::test_parse_valid,full,success,0.10919832466666668,,,,
aarch64-unknown-linux-gnu,uuid,1.23.2,parser::tests::test_roundtrip_braced,full,success,0.11334790066666667,,,,
aarch64-unknown-linux-gnu,uuid,1.23.2,parser::tests::test_roundtrip_default,full,success,0.11262476533333333,,,,
aarch64-unknown-linux-gnu,uuid,1.23.2,parser::tests::test_roundtrip_hyphenated,full,success,0.11318392133333334,,,,
aarch64-unknown-linux-gnu,uuid,1.23.2,parser::tests::test_roundtrip_parse_braced,full,success,0.11252524800000001,,,,
aarch64-unknown-linux-gnu,uuid,1.23.2,parser::tests::test_roundtrip_parse_urn,full,success,0.11337985900000001,,,,
aarch64-unknown-linux-gnu,uuid,1.23.2,parser::tests::test_roundtrip_simple,full,success,0.11338561933333334,,,,
aarch64-unknown-linux-gnu,uuid,1.23.2,parser::tests::test_roundtrip_urn,full,success,0.11382667933333335,,,,
aarch64-unknown-linux-gnu,uuid,1.23.2,parser::tests::test_try_parse_ascii_non_utf8,full,success,0.11044166866666667,,,,
aarch64-unknown-linux-gnu,uuid,1.23.2,tests::test_as_bytes,full,success,0.11051687900000001,,,,
aarch64-unknown-linux-gnu,uuid,1.23.2,tests::test_bytes_le_roundtrip,full,success,0.11007171966666668,,,,
aarch64-unknown-linux-gnu,uuid,1.23.2,tests::test_bytes_roundtrip,full,success,0.10975119300000001,,,,
aarch64-unknown-linux-gnu,uuid,1.23.2,tests::test_compare,full,success,0.109751267,,,,
aarch64-unknown-linux-gnu,uuid,1.23.2,tests::test_convert_vec,full,success,0.11169382600000001,,,,
aarch64-unknown-linux-gnu,uuid,1.23.2,tests::test_default,full,success,0.10963206300000002,,,,
aarch64-unknown-linux-gnu,uuid,1.23.2,tests::test_display,full,success,0.15027752966666666,,,,
aarch64-unknown-linux-gnu,uuid,1.23.2,tests::test_fields_le_are_actually_le,full,success,0.10853025466666667,,,,
aarch64-unknown-linux-gnu,uuid,1.23.2,tests::test_fields_le_roundtrip,full,success,0.10879898466666667,,,,
aarch64-unknown-linux-gnu,uuid,1.23.2,tests::test_fields_roundtrip,full,success,0.10854415966666668,,,,
aarch64-unknown-linux-gnu,uuid,1.23.2,tests::test_from_bytes,full,success,0.10938394966666666,,,,
aarch64-unknown-linux-gnu,uuid,1.23.2,tests::test_from_fields,full,success,0.108741975,,,,
aarch64-unknown-linux-gnu,uuid,1.23.2,tests::test_from_fields_le,full,success,0.11015455433333336,,,,
aarch64-unknown-linux-gnu,uuid,1.23.2,tests::test_from_slice,full,success,0.10867451899999998,,,,
aarch64-unknown-linux-gnu,uuid,1.23.2,tests::test_get_node_id_unsupported_version,full,success,0.10906380766666668,,,,
aarch64-unknown-linux-gnu,uuid,1.23.2,tests::test_get_timestamp_unsupported_version,full,success,0.10907992700000002,,,,
aarch64-unknown-linux-gnu,uuid,1.23.2,tests::test_get_variant,full,success,0.10943833566666668,,,,
aarch64-unknown-linux-gnu,uuid,1.23.2,tests::test_get_version,full,success,0.10825078733333333,,,,
aarch64-unknown-linux-gnu,uuid,1.23.2,tests::test_get_version_non_conforming,full,success,0.10967327500000001,,,,
aarch64-unknown-linux-gnu,uuid,1.23.2,tests::test_hyphenated_string,full,success,0.14153714166666667,,,,
aarch64-unknown-linux-gnu,uuid,1.23.2,tests::test_max,full,success,0.10856857999999998,,,,
aarch64-unknown-linux-gnu,uuid,1.23.2,tests::test_nil,full,success,0.10892479000000001,,,,
aarch64-unknown-linux-gnu,uuid,1.23.2,tests::test_predefined_namespaces,full,success,0.11015464866666669,,,,
aarch64-unknown-linux-gnu,uuid,1.23.2,tests::test_to_simple_string,full,success,0.13482278133333334,,,,
aarch64-unknown-linux-gnu,uuid,1.23.2,tests::test_to_urn_string,full,success,0.14792082400000003,,,,
aarch64-unknown-linux-gnu,uuid,1.23.2,tests::test_u128_le_is_actually_le,full,success,0.10811214000000001,,,,
aarch64-unknown-linux-gnu,uuid,1.23.2,tests::test_u128_le_roundtrip,full,success,0.107472144,,,,
aarch64-unknown-linux-gnu,uuid,1.23.2,tests::test_u128_roundtrip,full,success,0.10757940900000001,,,,
aarch64-unknown-linux-gnu,uuid,1.23.2,tests::test_u64_pair_roundtrip,full,success,0.10781604133333333,,,,
aarch64-unknown-linux-gnu,uuid,1.23.2,tests::test_upper_lower_hex,full,success,0.5821098180000001,,,,
aarch64-unknown-linux-gnu,which,8.0.2,helper::test::test_extension_in_extension_vector,full,success,0.10811786066666668,,,,
aarch64-unknown-linux-gnu,which,8.0.2,helper::test::test_extension_not_in_extension_vector,full,success,0.10562725466666667,,,,
aarch64-unknown-linux-gnu,which,8.0.2,helper::test::test_invalid_exts,full,success,0.105895197,,,,
aarch64-unknown-linux-gnu,writeable,0.6.3,cmp::tests::test_mixed,full,success,0.24091360966666667,,,,
aarch64-unknown-linux-gnu,writeable,0.6.3,cmp::tests::test_write_char,full,success,0.26372518266666667,,,,
aarch64-unknown-linux-gnu,writeable,0.6.3,cmp::tests::test_write_str,full,success,0.11776810533333333,,,,
aarch64-unknown-linux-gnu,writeable,0.6.3,impls::test_string_impls,full,success,0.117620416,,,,
aarch64-unknown-linux-gnu,writeable,0.6.3,impls::test_u128,full,success,1.2731553269999998,,,,
aarch64-unknown-linux-gnu,writeable,0.6.3,impls::test_u16,full,success,1.0576248763333334,,,,
aarch64-unknown-linux-gnu,writeable,0.6.3,impls::test_u32,full,success,1.4320557773333336,,,,
aarch64-unknown-linux-gnu,writeable,0.6.3,impls::test_u64,full,success,2.490532679333333,,,,
aarch64-unknown-linux-gnu,writeable,0.6.3,impls::test_u8,full,success,0.9438362770000001,,,,
aarch64-unknown-linux-gnu,writeable,0.6.3,impls::test_usize,full,success,0.12747370800000002,,,,
aarch64-unknown-linux-gnu,writeable,0.6.3,ops::tests::test_add,full,success,0.10743000633333334,,,,
aarch64-unknown-linux-gnu,writeable,0.6.3,ops::tests::test_bitor,full,success,0.10835901200000002,,,,
aarch64-unknown-linux-gnu,writeable,0.6.3,ops::tests::test_mul,full,success,0.10863017800000001,,,,
aarch64-unknown-linux-gnu,writeable,0.6.3,ops::tests::test_sum,full,success,0.10789897266666669,,,,
aarch64-unknown-linux-gnu,writeable,0.6.3,try_writeable::test_result_try_writeable,full,success,0.10813112233333333,,,,
aarch64-unknown-linux-gnu,yoke,0.8.2,cartable_ptr::tests::test_new_rc,full,success,0.11112917533333333,,,,
aarch64-unknown-linux-gnu,yoke,0.8.2,cartable_ptr::tests::test_new_sentinel,full,success,0.10958187633333334,,,,
aarch64-unknown-linux-gnu,yoke,0.8.2,cartable_ptr::tests::test_rc_clone,full,success,0.11058013266666666,,,,
aarch64-unknown-linux-gnu,yoke,0.8.2,cartable_ptr::tests::test_sizes,full,success,0.11146977733333335,,,,
aarch64-unknown-linux-gnu,yoke,0.8.2,yoke::test_clone,full,success,0.112007172,,,,
aarch64-unknown-linux-gnu,yoke,0.8.2,yoke::test_debug,full,success,0.11220506600000002,,,,
aarch64-unknown-linux-gnu,yoke,0.8.2,yoke::test_display,full,success,0.11062372066666666,,,,
aarch64-unknown-linux-gnu,yoke,0.8.2,yoke::test_eq_trait,full,success,0.111748674,,,,
aarch64-unknown-linux-gnu,yoke,0.8.2,yoke::test_partialeq,full,success,0.11125213133333334,,,,
aarch64-unknown-linux-gnu,yoke,0.8.2,yoke::test_partialord_ord,full,success,0.11151359533333334,,,,
x86_64-unknown-linux-gnu,aho-corasick,1.1.4,nfa::contiguous::tests::swar,full,success,0.12977531733333336,,,,
x86_64-unknown-linux-gnu,aho-corasick,1.1.4,packed::pattern::tests::equals_different_lengths,full,success,0.13004471433333334,,,,
x86_64-unknown-linux-gnu,aho-corasick,1.1.4,packed::pattern::tests::equals_mismatch,full,success,0.13041145733333334,,,,
x86_64-unknown-linux-gnu,aho-corasick,1.1.4,packed::pattern::tests::equals_yes,full,success,0.1300776906666667,,,,
x86_64-unknown-linux-gnu,aho-corasick,1.1.4,packed::pattern::tests::prefix,full,success,0.13527746100000002,,,,
x86_64-unknown-linux-gnu,aho-corasick,1.1.4,packed::tests::search_default_leftmost_first,full,success,9.225107014999999,,,,
x86_64-unknown-linux-gnu,aho-corasick,1.1.4,packed::tests::search_default_leftmost_longest,full,success,9.300547099666666,,,,
x86_64-unknown-linux-gnu,aho-corasick,1.1.4,packed::tests::search_rabinkarp_leftmost_first,full,success,5.177156655,,,,
x86_64-unknown-linux-gnu,aho-corasick,1.1.4,packed::tests::search_rabinkarp_leftmost_longest,full,success,5.412099631,,,,
x86_64-unknown-linux-gnu,aho-corasick,1.1.4,packed::tests::search_teddy_avx2_leftmost_first,full,success,8.830973766333335,,,,
x86_64-unknown-linux-gnu,aho-corasick,1.1.4,packed::tests::search_teddy_avx2_leftmost_longest,full,success,9.359565783333332,,,,
x86_64-unknown-linux-gnu,aho-corasick,1.1.4,packed::tests::search_teddy_fat_leftmost_first,full,success,7.581682544333333,,,,
x86_64-unknown-linux-gnu,aho-corasick,1.1.4,packed::tests::search_teddy_fat_leftmost_longest,full,success,7.772262634666667,,,,
x86_64-unknown-linux-gnu,aho-corasick,1.1.4,packed::tests::search_teddy_leftmost_first,full,success,8.918578382,,,,
x86_64-unknown-linux-gnu,aho-corasick,1.1.4,packed::tests::search_teddy_leftmost_longest,full,success,9.327456067333335,,,,
x86_64-unknown-linux-gnu,aho-corasick,1.1.4,packed::tests::search_teddy_ssse3_leftmost_first,full,success,7.009790752666667,,,,
x86_64-unknown-linux-gnu,aho-corasick,1.1.4,packed::tests::search_teddy_ssse3_leftmost_longest,full,success,7.326124167333333,,,,
x86_64-unknown-linux-gnu,aho-corasick,1.1.4,packed::tests::search_tests_have_unique_names,full,success,0.23780958766666668,,,,
x86_64-unknown-linux-gnu,aho-corasick,1.1.4,packed::vector::tests_x86_64_avx2::fat_vector_for_each_low_64bit_lane,full,success,0.13353024033333336,,,,
x86_64-unknown-linux-gnu,aho-corasick,1.1.4,packed::vector::tests_x86_64_avx2::fat_vector_half_shift_in_one_byte,full,success,0.133194034,,,,
x86_64-unknown-linux-gnu,aho-corasick,1.1.4,packed::vector::tests_x86_64_avx2::fat_vector_half_shift_in_three_bytes,full,success,0.13464689966666668,,,,
x86_64-unknown-linux-gnu,aho-corasick,1.1.4,packed::vector::tests_x86_64_avx2::fat_vector_half_shift_in_two_bytes,full,success,0.13157138799999998,,,,
x86_64-unknown-linux-gnu,aho-corasick,1.1.4,packed::vector::tests_x86_64_avx2::fat_vector_interleave_high_8bit_lanes,full,success,0.13857728800000002,,,,
x86_64-unknown-linux-gnu,aho-corasick,1.1.4,packed::vector::tests_x86_64_avx2::fat_vector_interleave_low_8bit_lanes,full,success,0.13757479933333336,,,,
x86_64-unknown-linux-gnu,aho-corasick,1.1.4,packed::vector::tests_x86_64_avx2::fat_vector_swap_halves,full,success,0.14352848133333332,,,,
x86_64-unknown-linux-gnu,aho-corasick,1.1.4,packed::vector::tests_x86_64_avx2::vector_and,full,success,0.13541723400000003,,,,
x86_64-unknown-linux-gnu,aho-corasick,1.1.4,packed::vector::tests_x86_64_avx2::vector_cmpeq,full,success,0.13271930733333337,,,,
x86_64-unknown-linux-gnu,aho-corasick,1.1.4,packed::vector::tests_x86_64_avx2::vector_for_each_64bit_lane,full,success,0.13426337433333335,,,,
x86_64-unknown-linux-gnu,aho-corasick,1.1.4,packed::vector::tests_x86_64_avx2::vector_is_zero,full,success,0.13537939300000001,,,,
x86_64-unknown-linux-gnu,aho-corasick,1.1.4,packed::vector::tests_x86_64_avx2::vector_or,full,success,0.13744461233333335,,,,
x86_64-unknown-linux-gnu,aho-corasick,1.1.4,packed::vector::tests_x86_64_avx2::vector_shift_8bit_lane_right,full,success,0.135395799,,,,
x86_64-unknown-linux-gnu,aho-corasick,1.1.4,packed::vector::tests_x86_64_avx2::vector_shift_in_one_byte,full,success,0.13749888233333332,,,,
x86_64-unknown-linux-gnu,aho-corasick,1.1.4,packed::vector::tests_x86_64_avx2::vector_shift_in_three_bytes,full,success,0.137474905,,,,
x86_64-unknown-linux-gnu,aho-corasick,1.1.4,packed::vector::tests_x86_64_avx2::vector_shift_in_two_bytes,full,success,0.14334049899999998,,,,
x86_64-unknown-linux-gnu,aho-corasick,1.1.4,packed::vector::tests_x86_64_avx2::vector_shuffle_bytes,full,success,0.129036246,,,,
x86_64-unknown-linux-gnu,aho-corasick,1.1.4,packed::vector::tests_x86_64_avx2::vector_splat,full,success,0.13097419166666668,,,,
x86_64-unknown-linux-gnu,aho-corasick,1.1.4,packed::vector::tests_x86_64_ssse3::vector_and,full,success,0.13192969566666668,,,,
x86_64-unknown-linux-gnu,aho-corasick,1.1.4,packed::vector::tests_x86_64_ssse3::vector_cmpeq,full,success,0.13493786933333335,,,,
x86_64-unknown-linux-gnu,aho-corasick,1.1.4,packed::vector::tests_x86_64_ssse3::vector_for_each_64bit_lane,full,success,0.13086978866666665,,,,
x86_64-unknown-linux-gnu,aho-corasick,1.1.4,packed::vector::tests_x86_64_ssse3::vector_is_zero,full,success,0.136988082,,,,
x86_64-unknown-linux-gnu,aho-corasick,1.1.4,packed::vector::tests_x86_64_ssse3::vector_or,full,success,0.13416941699999999,,,,
x86_64-unknown-linux-gnu,aho-corasick,1.1.4,packed::vector::tests_x86_64_ssse3::vector_shift_8bit_lane_right,full,success,0.133934115,,,,
x86_64-unknown-linux-gnu,aho-corasick,1.1.4,packed::vector::tests_x86_64_ssse3::vector_shift_in_one_byte,full,success,0.13635166666666668,,,,
x86_64-unknown-linux-gnu,aho-corasick,1.1.4,packed::vector::tests_x86_64_ssse3::vector_shift_in_three_bytes,full,success,0.131912974,,,,
x86_64-unknown-linux-gnu,aho-corasick,1.1.4,packed::vector::tests_x86_64_ssse3::vector_shift_in_two_bytes,full,success,0.14409968533333337,,,,
x86_64-unknown-linux-gnu,aho-corasick,1.1.4,packed::vector::tests_x86_64_ssse3::vector_shuffle_bytes,full,success,0.13611726433333335,,,,
x86_64-unknown-linux-gnu,aho-corasick,1.1.4,packed::vector::tests_x86_64_ssse3::vector_splat,full,success,0.133026277,,,,
x86_64-unknown-linux-gnu,aho-corasick,1.1.4,testoibits::oibits_automaton,full,success,0.13208393133333335,,,,
x86_64-unknown-linux-gnu,aho-corasick,1.1.4,testoibits::oibits_main,full,success,0.140221605,,,,
x86_64-unknown-linux-gnu,aho-corasick,1.1.4,testoibits::oibits_packed,full,success,0.13344191566666666,,,,
x86_64-unknown-linux-gnu,aho-corasick,1.1.4,tests::acasei_leftmost_first_default,full,success,15.082628404,,,,
x86_64-unknown-linux-gnu,aho-corasick,1.1.4,tests::acasei_leftmost_first_dfa_default,full,success,14.627750334,,,,
x86_64-unknown-linux-gnu,aho-corasick,1.1.4,tests::acasei_leftmost_first_nfa_contig_default,full,success,14.523946598,,,,
x86_64-unknown-linux-gnu,aho-corasick,1.1.4,tests::acasei_leftmost_first_nfa_noncontig_default,full,success,13.118030055666667,,,,
x86_64-unknown-linux-gnu,aho-corasick,1.1.4,tests::acasei_leftmost_longest_default,full,success,14.419352792333333,,,,
x86_64-unknown-linux-gnu,aho-corasick,1.1.4,tests::acasei_leftmost_longest_dfa_default,full,success,14.819504691666666,,,,
x86_64-unknown-linux-gnu,aho-corasick,1.1.4,tests::acasei_leftmost_longest_nfa_contig_default,full,success,14.729777984,,,,
x86_64-unknown-linux-gnu,aho-corasick,1.1.4,tests::acasei_leftmost_longest_nfa_noncontig_default,full,success,13.112080815333334,,,,
x86_64-unknown-linux-gnu,aho-corasick,1.1.4,tests::acasei_standard_default,full,success,8.685390415333334,,,,
x86_64-unknown-linux-gnu,aho-corasick,1.1.4,tests::acasei_standard_dfa_default,full,success,14.571691046333333,,,,
x86_64-unknown-linux-gnu,aho-corasick,1.1.4,tests::acasei_standard_nfa_contig_default,full,success,8.561245115666667,,,,
x86_64-unknown-linux-gnu,aho-corasick,1.1.4,tests::acasei_standard_nfa_noncontig_default,full,success,7.764691877333334,,,,
x86_64-unknown-linux-gnu,aho-corasick,1.1.4,tests::acasei_standard_overlapping_default,full,success,14.411563793,,,,
x86_64-unknown-linux-gnu,aho-corasick,1.1.4,tests::acasei_standard_overlapping_dfa_default,full,success,14.303657694333333,,,,
x86_64-unknown-linux-gnu,aho-corasick,1.1.4,tests::acasei_standard_overlapping_nfa_contig_default,full,success,14.396845114666666,,,,
x86_64-unknown-linux-gnu,aho-corasick,1.1.4,tests::acasei_standard_overlapping_nfa_noncontig_default,full,success,13.105986474666667,,,,
x86_64-unknown-linux-gnu,aho-corasick,1.1.4,tests::anchored_not_allowed_even_if_technically_available,full,success,5.39412212,,,,
x86_64-unknown-linux-gnu,aho-corasick,1.1.4,tests::overlapping_not_allowed_leftmost_first,full,success,1.8285720803333334,,,,
x86_64-unknown-linux-gnu,aho-corasick,1.1.4,tests::overlapping_not_allowed_leftmost_longest,full,success,1.8208186616666666,,,,
x86_64-unknown-linux-gnu,aho-corasick,1.1.4,tests::prefilter_stays_in_bounds,full,success,3.4439652163333334,,,,
x86_64-unknown-linux-gnu,aho-corasick,1.1.4,tests::regression_ascii_case_insensitive_no_exponential,full,success,5.161200881333333,,,,
x86_64-unknown-linux-gnu,aho-corasick,1.1.4,tests::regression_rare_byte_prefilter,full,success,2.282802538,,,,
x86_64-unknown-linux-gnu,aho-corasick,1.1.4,tests::search_standard_anchored_default,full,success,58.697224725000005,,,,
x86_64-unknown-linux-gnu,aho-corasick,1.1.4,tests::search_standard_anchored_dfa_default,full,success,58.825568575333335,,,,
x86_64-unknown-linux-gnu,aho-corasick,1.1.4,tests::search_standard_anchored_dfa_start_both,full,success,58.262423922,,,,
x86_64-unknown-linux-gnu,aho-corasick,1.1.4,tests::search_standard_anchored_nfa_noncontig_default,full,success,54.17855316133333,,,,
x86_64-unknown-linux-gnu,aho-corasick,1.1.4,tests::search_tests_have_unique_names,full,success,0.29344202133333336,,,,
x86_64-unknown-linux-gnu,aho-corasick,1.1.4,tests::stream_not_allowed_leftmost_first,full,success,1.8914560230000002,,,,
x86_64-unknown-linux-gnu,aho-corasick,1.1.4,tests::stream_not_allowed_leftmost_longest,full,success,1.8878628080000002,,,,
x86_64-unknown-linux-gnu,aho-corasick,1.1.4,tests::unanchored_not_allowed_even_if_technically_available,full,success,5.322938440333334,,,,
x86_64-unknown-linux-gnu,aho-corasick,1.1.4,util::alphabet::tests::byte_classes,full,success,0.202859172,,,,
x86_64-unknown-linux-gnu,aho-corasick,1.1.4,util::alphabet::tests::elements_empty,full,success,0.17346995533333334,,,,
x86_64-unknown-linux-gnu,aho-corasick,1.1.4,util::alphabet::tests::elements_singletons,full,success,0.18606100233333334,,,,
x86_64-unknown-linux-gnu,aho-corasick,1.1.4,util::alphabet::tests::elements_typical,full,success,0.2702104573333334,,,,
x86_64-unknown-linux-gnu,aho-corasick,1.1.4,util::alphabet::tests::full_byte_classes,full,success,0.19907049033333335,,,,
x86_64-unknown-linux-gnu,ansi_term,0.12.1,ansi::test::black,full,success,0.12841274300000002,,,,
x86_64-unknown-linux-gnu,ansi_term,0.12.1,ansi::test::blink,full,success,0.13402263866666667,,,,
x86_64-unknown-linux-gnu,ansi_term,0.12.1,ansi::test::blue_on_rgb,full,success,0.1322584436666667,,,,
x86_64-unknown-linux-gnu,ansi_term,0.12.1,ansi::test::blue_underline,full,success,0.130114273,,,,
x86_64-unknown-linux-gnu,ansi_term,0.12.1,ansi::test::bold,full,success,0.13471026466666666,,,,
x86_64-unknown-linux-gnu,ansi_term,0.12.1,ansi::test::bunderline,full,success,0.13780627866666667,,,,
x86_64-unknown-linux-gnu,ansi_term,0.12.1,ansi::test::cyan_bold_on_white,full,success,0.12849253000000002,,,,
x86_64-unknown-linux-gnu,ansi_term,0.12.1,ansi::test::cyan_bold_ul_on_white,full,success,0.12898575233333334,,,,
x86_64-unknown-linux-gnu,ansi_term,0.12.1,ansi::test::cyan_ul_bold_on_white,full,success,0.13281759133333335,,,,
x86_64-unknown-linux-gnu,ansi_term,0.12.1,ansi::test::cyan_ul_on_white,full,success,0.131481773,,,,
x86_64-unknown-linux-gnu,ansi_term,0.12.1,ansi::test::dimmed,full,success,0.13013560766666668,,,,
x86_64-unknown-linux-gnu,ansi_term,0.12.1,ansi::test::fixed,full,success,0.12910280533333332,,,,
x86_64-unknown-linux-gnu,ansi_term,0.12.1,ansi::test::fixed_on_fixed,full,success,0.13437912966666668,,,,
x86_64-unknown-linux-gnu,ansi_term,0.12.1,ansi::test::fixed_on_purple,full,success,0.13452106766666666,,,,
x86_64-unknown-linux-gnu,ansi_term,0.12.1,ansi::test::green_bold_ul,full,success,0.13155061333333337,,,,
x86_64-unknown-linux-gnu,ansi_term,0.12.1,ansi::test::green_bold_ul_2,full,success,0.131353064,,,,
x86_64-unknown-linux-gnu,ansi_term,0.12.1,ansi::test::hidden,full,success,0.12759215266666668,,,,
x86_64-unknown-linux-gnu,ansi_term,0.12.1,ansi::test::italic,full,success,0.12875314200000001,,,,
x86_64-unknown-linux-gnu,ansi_term,0.12.1,ansi::test::plain,full,success,0.13690374933333335,,,,
x86_64-unknown-linux-gnu,ansi_term,0.12.1,ansi::test::purple_on_white,full,success,0.13032924466666668,,,,
x86_64-unknown-linux-gnu,ansi_term,0.12.1,ansi::test::purple_on_white_2,full,success,0.12769039666666668,,,,
x86_64-unknown-linux-gnu,ansi_term,0.12.1,ansi::test::red,full,success,0.13037457833333335,,,,
x86_64-unknown-linux-gnu,ansi_term,0.12.1,ansi::test::reverse,full,success,0.12989589366666668,,,,
x86_64-unknown-linux-gnu,ansi_term,0.12.1,ansi::test::rgb,full,success,0.1362846706666667,,,,
x86_64-unknown-linux-gnu,ansi_term,0.12.1,ansi::test::rgb_on_blue,full,success,0.13485844433333335,,,,
x86_64-unknown-linux-gnu,ansi_term,0.12.1,ansi::test::rgb_on_rgb,full,success,0.13750584633333332,,,,
x86_64-unknown-linux-gnu,ansi_term,0.12.1,ansi::test::stricken,full,success,0.13086505033333332,,,,
x86_64-unknown-linux-gnu,ansi_term,0.12.1,ansi::test::test_infix,full,success,0.135030428,,,,
x86_64-unknown-linux-gnu,ansi_term,0.12.1,ansi::test::underline,full,success,0.12962486033333334,,,,
x86_64-unknown-linux-gnu,ansi_term,0.12.1,ansi::test::yellow_bold,full,success,0.12946277399999997,,,,
x86_64-unknown-linux-gnu,ansi_term,0.12.1,ansi::test::yellow_bold_2,full,success,0.127132295,,,,
x86_64-unknown-linux-gnu,ansi_term,0.12.1,ansi::test::yellow_on_blue,full,success,0.13147740333333333,,,,
x86_64-unknown-linux-gnu,ansi_term,0.12.1,ansi::test::yellow_on_blue_2,full,success,0.137693161,,,,
x86_64-unknown-linux-gnu,ansi_term,0.12.1,debug::test::bold,full,success,0.12722076133333335,,,,
x86_64-unknown-linux-gnu,ansi_term,0.12.1,debug::test::both,full,success,0.12732512866666668,,,,
x86_64-unknown-linux-gnu,ansi_term,0.12.1,debug::test::empty,full,success,0.13263010033333336,,,,
x86_64-unknown-linux-gnu,ansi_term,0.12.1,debug::test::everything,full,success,0.13002377,,,,
x86_64-unknown-linux-gnu,ansi_term,0.12.1,debug::test::italic,full,success,0.13930231,,,,
x86_64-unknown-linux-gnu,ansi_term,0.12.1,debug::test::long_and_detailed,full,success,19.85836958033333,,,,
x86_64-unknown-linux-gnu,ansi_term,0.12.1,debug::test::red,full,success,0.132632192,,,,
x86_64-unknown-linux-gnu,ansi_term,0.12.1,debug::test::redblue,full,success,0.13204235433333336,,,,
x86_64-unknown-linux-gnu,ansi_term,0.12.1,difference::test::addition_of_blink,full,success,0.138226168,,,,
x86_64-unknown-linux-gnu,ansi_term,0.12.1,difference::test::addition_of_dimmed,full,success,0.1357701736666667,,,,
x86_64-unknown-linux-gnu,ansi_term,0.12.1,difference::test::addition_of_hidden,full,success,0.13577545933333335,,,,
x86_64-unknown-linux-gnu,ansi_term,0.12.1,difference::test::addition_of_reverse,full,success,0.13059630533333336,,,,
x86_64-unknown-linux-gnu,ansi_term,0.12.1,difference::test::addition_of_strikethrough,full,success,0.127784625,,,,
x86_64-unknown-linux-gnu,ansi_term,0.12.1,difference::test::colour_change,full,success,0.13064077833333335,,,,
x86_64-unknown-linux-gnu,ansi_term,0.12.1,difference::test::lowercase,full,success,0.13491106433333336,,,,
x86_64-unknown-linux-gnu,ansi_term,0.12.1,difference::test::nothing,full,success,0.12852482933333334,,,,
x86_64-unknown-linux-gnu,ansi_term,0.12.1,difference::test::nothing2,full,success,0.12752491566666668,,,,
x86_64-unknown-linux-gnu,ansi_term,0.12.1,difference::test::removal_of_blink,full,success,0.1264334586666667,,,,
x86_64-unknown-linux-gnu,ansi_term,0.12.1,difference::test::removal_of_dimmed,full,success,0.12642005233333334,,,,
x86_64-unknown-linux-gnu,ansi_term,0.12.1,difference::test::removal_of_hidden,full,success,0.12691133500000001,,,,
x86_64-unknown-linux-gnu,ansi_term,0.12.1,difference::test::removal_of_reverse,full,success,0.12450942666666669,,,,
x86_64-unknown-linux-gnu,ansi_term,0.12.1,difference::test::removal_of_strikethrough,full,success,0.127690182,,,,
x86_64-unknown-linux-gnu,ansi_term,0.12.1,difference::test::uppercase,full,success,0.12547969333333334,,,,
x86_64-unknown-linux-gnu,ansi_term,0.12.1,display::tests::no_control_codes_for_plain,full,success,0.12837553333333332,,,,
x86_64-unknown-linux-gnu,ansi_term,0.12.1,util::test::test,full,success,0.13063368533333333,,,,
x86_64-unknown-linux-gnu,anstream,1.0.0,adapter::strip::test::test_strip_byte_del,full,success,0.133698303,,,,
x86_64-unknown-linux-gnu,anstream,1.0.0,adapter::strip::test::test_strip_byte_multibyte,full,success,0.1374479226666667,,,,
x86_64-unknown-linux-gnu,anstream,1.0.0,adapter::strip::test::test_strip_bytes_multibyte,full,success,0.13391902400000003,,,,
x86_64-unknown-linux-gnu,anstream,1.0.0,adapter::strip::test::test_strip_str_del,full,success,0.13458493400000002,,,,
x86_64-unknown-linux-gnu,anstream,1.0.0,adapter::strip::test::test_strip_str_handles_broken_sequence,full,success,0.13527147833333333,,,,
x86_64-unknown-linux-gnu,anstream,1.0.0,adapter::wincon::test::ansi256_colors,full,success,0.14504979166666668,,,,
x86_64-unknown-linux-gnu,anstream,1.0.0,adapter::wincon::test::end,full,success,0.14663292866666666,,,,
x86_64-unknown-linux-gnu,anstream,1.0.0,adapter::wincon::test::middle,full,success,0.14642584633333336,,,,
x86_64-unknown-linux-gnu,anstream,1.0.0,adapter::wincon::test::start,full,success,0.14997742066666667,,,,
x86_64-unknown-linux-gnu,anstream,1.0.0,stream::tests::test,full,success,0.1428395716666667,,,,
x86_64-unknown-linux-gnu,anstyle-query,1.1.5,test::non_empty_empty,full,success,0.079027099,,,,
x86_64-unknown-linux-gnu,anstyle-query,1.1.5,test::non_empty_not_present,full,success,0.08258079133333333,,,,
x86_64-unknown-linux-gnu,anstyle-query,1.1.5,test::non_empty_texty,full,success,0.08689036066666667,,,,
x86_64-unknown-linux-gnu,anstyle,1.0.14,color::test::max_display_buffer,full,success,0.130718697,,,,
x86_64-unknown-linux-gnu,anstyle,1.0.14,color::test::no_align,full,success,0.140424455,,,,
x86_64-unknown-linux-gnu,anstyle,1.0.14,color::test::print_size_of,full,success,0.1323943976666667,,,,
x86_64-unknown-linux-gnu,anstyle,1.0.14,effect::test::no_align,full,success,0.13960205,,,,
x86_64-unknown-linux-gnu,anstyle,1.0.14,effect::test::print_size_of,full,success,0.13476944766666668,,,,
x86_64-unknown-linux-gnu,anstyle,1.0.14,reset::test::no_align,full,success,0.13342260833333333,,,,
x86_64-unknown-linux-gnu,anstyle,1.0.14,reset::test::print_size_of,full,success,0.12991820166666668,,,,
x86_64-unknown-linux-gnu,anstyle,1.0.14,style::print_size_of,full,success,0.13039098433333332,,,,
x86_64-unknown-linux-gnu,anyhow,1.0.102,fmt::tests::no_digits,full,success,0.12865020700000002,,,,
x86_64-unknown-linux-gnu,anyhow,1.0.102,fmt::tests::one_digit,full,success,0.13007527333333332,,,,
x86_64-unknown-linux-gnu,anyhow,1.0.102,fmt::tests::two_digits,full,success,0.13227500700000003,,,,
x86_64-unknown-linux-gnu,arc-swap,1.9.1,access::tests::constant,full,success,0.13351074566666668,,,,
x86_64-unknown-linux-gnu,arc-swap,1.9.1,access::tests::double_dyn_access_complex,full,success,0.137857368,,,,
x86_64-unknown-linux-gnu,arc-swap,1.9.1,access::tests::dyn_dispatch,full,success,0.138223109,,,,
x86_64-unknown-linux-gnu,arc-swap,1.9.1,access::tests::indirect,full,success,0.14062613100000002,,,,
x86_64-unknown-linux-gnu,arc-swap,1.9.1,access::tests::map,full,success,0.1367911586666667,,,,
x86_64-unknown-linux-gnu,arc-swap,1.9.1,access::tests::map_option_none,full,success,0.13706757666666666,,,,
x86_64-unknown-linux-gnu,arc-swap,1.9.1,access::tests::map_option_some,full,success,0.14400571166666667,,,,
x86_64-unknown-linux-gnu,arc-swap,1.9.1,access::tests::map_reload,full,success,0.148897036,,,,
x86_64-unknown-linux-gnu,arc-swap,1.9.1,access::tests::static_dispatch,full,success,0.13590571766666668,,,,
x86_64-unknown-linux-gnu,arc-swap,1.9.1,access::tests::transition,full,success,0.13731176,,,,
x86_64-unknown-linux-gnu,arc-swap,1.9.1,cache::tests::cache_option,full,success,0.13537966533333334,,,,
x86_64-unknown-linux-gnu,arc-swap,1.9.1,cache::tests::cached_through_arc,full,success,0.1390495396666667,,,,
x86_64-unknown-linux-gnu,arc-swap,1.9.1,cache::tests::cached_value,full,success,0.14220203100000003,,,,
x86_64-unknown-linux-gnu,arc-swap,1.9.1,cache::tests::map_cache,full,success,0.13808733166666667,,,,
x86_64-unknown-linux-gnu,arc-swap,1.9.1,debt::list::tests::new_empty,full,success,0.13611028666666666,,,,
x86_64-unknown-linux-gnu,arc-swap,1.9.1,debt::tests::arc_zst,full,success,0.14124345666666668,,,,
x86_64-unknown-linux-gnu,arc-swap,1.9.1,ref_cnt::tests::pin::ref_cnt_pin_arc,full,success,0.14296407166666666,,,,
x86_64-unknown-linux-gnu,arc-swap,1.9.1,ref_cnt::tests::pin::ref_cnt_pin_rc,full,success,0.14627714733333333,,,,
x86_64-unknown-linux-gnu,arc-swap,1.9.1,ref_cnt::tests::ref_cnt_arc,full,success,0.13489528233333334,,,,
x86_64-unknown-linux-gnu,arc-swap,1.9.1,tests::lease_overflow,full,success,0.20737493866666667,,,,
x86_64-unknown-linux-gnu,arc-swap,1.9.1,tests::load_cnt,full,success,0.13878375466666668,,,,
x86_64-unknown-linux-gnu,arc-swap,1.9.1,tests_default::cas_ref_cnt,full,success,0.216796173,,,,
x86_64-unknown-linux-gnu,arc-swap,1.9.1,tests_default::debug_impl,full,success,0.13880530866666665,,,,
x86_64-unknown-linux-gnu,arc-swap,1.9.1,tests_default::display_impl,full,success,0.13986862766666666,,,,
x86_64-unknown-linux-gnu,arc-swap,1.9.1,tests_default::from_into,full,success,0.14024592033333336,,,,
x86_64-unknown-linux-gnu,arc-swap,1.9.1,tests_default::guard_drop_in_another_thread,full,success,0.1812964416666667,,,,
x86_64-unknown-linux-gnu,arc-swap,1.9.1,tests_default::guard_drop_in_thread,full,success,0.28433518733333335,,,,
x86_64-unknown-linux-gnu,arc-swap,1.9.1,tests_default::load_null,full,success,0.14110606633333334,,,,
x86_64-unknown-linux-gnu,arc-swap,1.9.1,tests_default::load_option,full,success,0.1360303536666667,,,,
x86_64-unknown-linux-gnu,arc-swap,1.9.1,tests_default::multi_writers,full,success,3.0415721113333336,,,,
x86_64-unknown-linux-gnu,arc-swap,1.9.1,tests_default::nulls,full,success,0.13561921966666668,,,,
x86_64-unknown-linux-gnu,arc-swap,1.9.1,tests_default::rcu,full,success,3.0354566386666666,,,,
x86_64-unknown-linux-gnu,arc-swap,1.9.1,tests_default::rcu_panic,full,success,0.136248738,,,,
x86_64-unknown-linux-gnu,arc-swap,1.9.1,tests_default::recursive,full,success,0.16340954900000002,,,,
x86_64-unknown-linux-gnu,arc-swap,1.9.1,tests_default::swap_load,full,success,0.4696525696666667,,,,
x86_64-unknown-linux-gnu,arrayvec,0.7.6,char::test_encode_utf8_oob,full,success,0.13174116366666666,,,,
x86_64-unknown-linux-gnu,base64ct,1.8.3,decoder::tests::decode_multiline_padded,full,success,40.96064595,,,,
x86_64-unknown-linux-gnu,base64ct,1.8.3,decoder::tests::decode_padded,full,success,6.053838369666667,,,,
x86_64-unknown-linux-gnu,base64ct,1.8.3,decoder::tests::decode_unpadded,full,success,1.3606878253333334,,,,
x86_64-unknown-linux-gnu,base64ct,1.8.3,encoder::tests::encode_padded,full,success,10.585011195,,,,
x86_64-unknown-linux-gnu,base64ct,1.8.3,encoder::tests::encode_unpadded,full,success,1.4839021079999999,,,,
x86_64-unknown-linux-gnu,base64ct,1.8.3,encoder::tests::no_trailing_newline_when_aligned,full,success,0.15627544933333334,,,,
x86_64-unknown-linux-gnu,bincode,2.0.1,features::impl_alloc::test_cow_round_trip,full,success,0.13195354966666667,,,,
x86_64-unknown-linux-gnu,bincode,2.0.1,varint::decode_unsigned::test_decode_u128,full,success,0.2973244486666667,,,,
x86_64-unknown-linux-gnu,bincode,2.0.1,varint::decode_unsigned::test_decode_u16,full,success,0.14047715633333335,,,,
x86_64-unknown-linux-gnu,bincode,2.0.1,varint::decode_unsigned::test_decode_u32,full,success,0.14423592100000002,,,,
x86_64-unknown-linux-gnu,bincode,2.0.1,varint::decode_unsigned::test_decode_u64,full,success,0.15792122733333333,,,,
x86_64-unknown-linux-gnu,bincode,2.0.1,varint::encode_signed::test_encode_i128,full,success,0.14225815333333333,,,,
x86_64-unknown-linux-gnu,bincode,2.0.1,varint::encode_signed::test_encode_i16,full,success,0.13449411766666666,,,,
x86_64-unknown-linux-gnu,bincode,2.0.1,varint::encode_signed::test_encode_i32,full,success,0.13614287,,,,
x86_64-unknown-linux-gnu,bincode,2.0.1,varint::encode_signed::test_encode_i64,full,success,0.141011842,,,,
x86_64-unknown-linux-gnu,bincode,2.0.1,varint::encode_unsigned::test_encode_u128,full,success,0.21771271033333336,,,,
x86_64-unknown-linux-gnu,bincode,2.0.1,varint::encode_unsigned::test_encode_u16,full,success,0.19042840166666666,,,,
x86_64-unknown-linux-gnu,bincode,2.0.1,varint::encode_unsigned::test_encode_u32,full,success,0.19739297433333336,,,,
x86_64-unknown-linux-gnu,bincode,2.0.1,varint::encode_unsigned::test_encode_u64,full,success,0.203985432,,,,
x86_64-unknown-linux-gnu,bindgen,0.72.1,codegen::bitfield_unit_tests::bitfield_unit_get,full,success,0.8379000560000001,,,,
x86_64-unknown-linux-gnu,bindgen,0.72.1,codegen::bitfield_unit_tests::bitfield_unit_get_bit,full,success,0.13985515733333334,,,,
x86_64-unknown-linux-gnu,bindgen,0.72.1,codegen::bitfield_unit_tests::bitfield_unit_set,full,success,1.0882970633333333,,,,
x86_64-unknown-linux-gnu,bindgen,0.72.1,codegen::bitfield_unit_tests::bitfield_unit_set_bit,full,success,0.138107359,,,,
x86_64-unknown-linux-gnu,bindgen,0.72.1,codegen::struct_layout::test_align_to,full,success,0.12882290400000004,,,,
x86_64-unknown-linux-gnu,bindgen,0.72.1,codegen::struct_layout::test_bytes_from_bits_pow2,full,success,0.12933805099999998,,,,
x86_64-unknown-linux-gnu,bindgen,0.72.1,commandline_flag_unit_test_function,full,success,0.22154176433333336,,,,
x86_64-unknown-linux-gnu,bindgen,0.72.1,deps::tests::escaping_depfile,full,success,0.151270287,,,,
x86_64-unknown-linux-gnu,bindgen,0.72.1,features::test::invalid_targets,full,success,0.137484262,,,,
x86_64-unknown-linux-gnu,bindgen,0.72.1,features::test::release_versions_for_editions,full,success,0.130201172,,,,
x86_64-unknown-linux-gnu,bindgen,0.72.1,features::test::target_features,full,success,0.12987714333333333,,,,
x86_64-unknown-linux-gnu,bindgen,0.72.1,features::test::valid_targets,full,success,0.14640977266666666,,,,
x86_64-unknown-linux-gnu,bindgen,0.72.1,ir::analysis::tests::monotone,full,success,0.7276871430000001,,,,
x86_64-unknown-linux-gnu,bindgen,0.72.1,ir::comment::test::picks_up_single_and_multi_line_doc_comments,full,success,0.129993766,,,,
x86_64-unknown-linux-gnu,bindgen,0.72.1,ir::comment::test::processes_multi_lines_correctly,full,success,0.14231812466666668,,,,
x86_64-unknown-linux-gnu,bindgen,0.72.1,ir::comment::test::processes_single_lines_correctly,full,success,0.135052539,,,,
x86_64-unknown-linux-gnu,bindgen,0.72.1,ir::layout::test_layout_for_size,full,success,0.132893633,,,,
x86_64-unknown-linux-gnu,bindgen,0.72.1,ir::ty::is_invalid_type_param_empty_name,full,success,0.12865294833333335,,,,
x86_64-unknown-linux-gnu,bindgen,0.72.1,ir::ty::is_invalid_type_param_invalid_remaining,full,success,0.131650177,,,,
x86_64-unknown-linux-gnu,bindgen,0.72.1,ir::ty::is_invalid_type_param_invalid_start,full,success,0.13101919833333334,,,,
x86_64-unknown-linux-gnu,bindgen,0.72.1,ir::ty::is_invalid_type_param_unnamed,full,success,0.13495544133333334,,,,
x86_64-unknown-linux-gnu,bindgen,0.72.1,ir::ty::is_invalid_type_param_valid,full,success,0.13126522966666668,,,,
x86_64-unknown-linux-gnu,bindgen,0.72.1,ir::ty::is_invalid_type_param_valid_underscore_and_numbers,full,success,0.13287259266666668,,,,
x86_64-unknown-linux-gnu,bindgen,0.72.1,ir::ty::is_invalid_type_param_valid_unnamed_kind,full,success,0.12902137800000002,,,,
x86_64-unknown-linux-gnu,bindgen,0.72.1,test_rust_to_clang_target,full,success,0.1312753036666667,,,,
x86_64-unknown-linux-gnu,bindgen,0.72.1,test_rust_to_clang_target_espidf,full,success,0.131301812,,,,
x86_64-unknown-linux-gnu,bindgen,0.72.1,test_rust_to_clang_target_riscv,full,success,0.14070925366666667,,,,
x86_64-unknown-linux-gnu,bindgen,0.72.1,test_rust_to_clang_target_simulator,full,success,0.135796994,,,,
x86_64-unknown-linux-gnu,bit-set,0.10.0,tests::test_bit_set_basic,full,success,0.11080090166666667,,,,
x86_64-unknown-linux-gnu,bit-set,0.10.0,tests::test_bit_set_cmp,full,success,0.10889865333333333,,,,
x86_64-unknown-linux-gnu,bit-set,0.10.0,tests::test_bit_set_debug,full,success,0.11732583400000002,,,,
x86_64-unknown-linux-gnu,bit-set,0.10.0,tests::test_bit_set_difference,full,success,0.11192891433333334,,,,
x86_64-unknown-linux-gnu,bit-set,0.10.0,tests::test_bit_set_difference_with,full,success,0.10832262566666667,,,,
x86_64-unknown-linux-gnu,bit-set,0.10.0,tests::test_bit_set_display,full,success,0.107103713,,,,
x86_64-unknown-linux-gnu,bit-set,0.10.0,tests::test_bit_set_eq,full,success,0.10812675466666667,,,,
x86_64-unknown-linux-gnu,bit-set,0.10.0,tests::test_bit_set_from_usizes,full,success,0.106813898,,,,
x86_64-unknown-linux-gnu,bit-set,0.10.0,tests::test_bit_set_frombit_vec_init,full,success,0.11153893566666667,,,,
x86_64-unknown-linux-gnu,bit-set,0.10.0,tests::test_bit_set_intersect_with,full,success,0.10984951366666668,,,,
x86_64-unknown-linux-gnu,bit-set,0.10.0,tests::test_bit_set_intersection,full,success,0.11068285366666668,,,,
x86_64-unknown-linux-gnu,bit-set,0.10.0,tests::test_bit_set_is_disjoint,full,success,0.10916927900000001,,,,
x86_64-unknown-linux-gnu,bit-set,0.10.0,tests::test_bit_set_iterator,full,success,3.677789561333334,,,,
x86_64-unknown-linux-gnu,bit-set,0.10.0,tests::test_bit_set_shrink_to_fit,full,success,0.11236927766666667,,,,
x86_64-unknown-linux-gnu,bit-set,0.10.0,tests::test_bit_set_shrink_to_fit_new,full,success,0.11113923200000002,,,,
x86_64-unknown-linux-gnu,bit-set,0.10.0,tests::test_bit_set_subset,full,success,0.11909000633333333,,,,
x86_64-unknown-linux-gnu,bit-set,0.10.0,tests::test_bit_set_symmetric_difference,full,success,0.108170837,,,,
x86_64-unknown-linux-gnu,bit-set,0.10.0,tests::test_bit_set_symmetric_difference_with,full,success,0.11607218100000001,,,,
x86_64-unknown-linux-gnu,bit-set,0.10.0,tests::test_bit_set_union,full,success,0.11078961666666666,,,,
x86_64-unknown-linux-gnu,bit-set,0.10.0,tests::test_bit_set_union_with,full,success,0.11225103533333335,,,,
x86_64-unknown-linux-gnu,bit-set,0.10.0,tests::test_bit_vec_clone,full,success,0.11161536966666667,,,,
x86_64-unknown-linux-gnu,bit-set,0.10.0,tests::test_bit_vec_masking,full,success,0.10763751666666667,,,,
x86_64-unknown-linux-gnu,bit-set,0.10.0,tests::test_bit_vec_remove,full,success,0.11071330600000001,,,,
x86_64-unknown-linux-gnu,bit-set,0.10.0,tests::test_truncate,full,success,0.116361188,,,,
x86_64-unknown-linux-gnu,bit-vec,0.9.1,tests::iter,full,success,0.13503687666666667,,,,
x86_64-unknown-linux-gnu,bit-vec,0.9.1,tests::test_0_elements,full,success,0.14330507833333336,,,,
x86_64-unknown-linux-gnu,bit-vec,0.9.1,tests::test_10_elements,full,success,0.14980807966666668,,,,
x86_64-unknown-linux-gnu,bit-vec,0.9.1,tests::test_1_element,full,success,0.1426079696666667,,,,
x86_64-unknown-linux-gnu,bit-vec,0.9.1,tests::test_2_elements,full,success,0.14476822266666667,,,,
x86_64-unknown-linux-gnu,bit-vec,0.9.1,tests::test_31_elements,full,success,0.1850232256666667,,,,
x86_64-unknown-linux-gnu,bit-vec,0.9.1,tests::test_32_elements,full,success,0.17611752133333336,,,,
x86_64-unknown-linux-gnu,bit-vec,0.9.1,tests::test_33_elements,full,success,0.188836271,,,,
x86_64-unknown-linux-gnu,bit-vec,0.9.1,tests::test_big_bit_vec_tests,full,success,0.140096486,,,,
x86_64-unknown-linux-gnu,bit-vec,0.9.1,tests::test_big_difference,full,success,0.1376863256666667,,,,
x86_64-unknown-linux-gnu,bit-vec,0.9.1,tests::test_big_fill,full,success,0.1379042096666667,,,,
x86_64-unknown-linux-gnu,bit-vec,0.9.1,tests::test_big_xnor,full,success,0.14664505033333333,,,,
x86_64-unknown-linux-gnu,bit-vec,0.9.1,tests::test_big_xor,full,success,0.142179469,,,,
x86_64-unknown-linux-gnu,bit-vec,0.9.1,tests::test_bit_vec_append,full,success,0.179169269,,,,
x86_64-unknown-linux-gnu,bit-vec,0.9.1,tests::test_bit_vec_append_aligned_to_unaligned,full,success,0.146585008,,,,
x86_64-unknown-linux-gnu,bit-vec,0.9.1,tests::test_bit_vec_extend,full,success,0.145564206,,,,
x86_64-unknown-linux-gnu,bit-vec,0.9.1,tests::test_bit_vec_grow,full,success,0.14306802066666666,,,,
x86_64-unknown-linux-gnu,bit-vec,0.9.1,tests::test_bit_vec_lt,full,success,0.14756601700000002,,,,
x86_64-unknown-linux-gnu,bit-vec,0.9.1,tests::test_bit_vec_push_pop,full,success,0.14595722600000002,,,,
x86_64-unknown-linux-gnu,bit-vec,0.9.1,tests::test_bit_vec_reserve,full,success,0.13982746100000001,,,,
x86_64-unknown-linux-gnu,bit-vec,0.9.1,tests::test_bit_vec_split_off,full,success,0.158191001,,,,
x86_64-unknown-linux-gnu,bit-vec,0.9.1,tests::test_bit_vec_truncate,full,success,0.14421106733333336,,,,
x86_64-unknown-linux-gnu,bit-vec,0.9.1,tests::test_bit_vec_unaligned_large_append,full,success,0.16410697066666668,,,,
x86_64-unknown-linux-gnu,bit-vec,0.9.1,tests::test_bit_vec_unaligned_small_append,full,success,0.14331156066666667,,,,
x86_64-unknown-linux-gnu,bit-vec,0.9.1,tests::test_count_ones,full,success,5.547154631333334,,,,
x86_64-unknown-linux-gnu,bit-vec,0.9.1,tests::test_count_zeros,full,success,5.442833426333333,,,,
x86_64-unknown-linux-gnu,bit-vec,0.9.1,tests::test_debug_output,full,success,0.16590307633333334,,,,
x86_64-unknown-linux-gnu,bit-vec,0.9.1,tests::test_display_output,full,success,0.13890615000000003,,,,
x86_64-unknown-linux-gnu,bit-vec,0.9.1,tests::test_equal_differing_sizes,full,success,0.13722687066666664,,,,
x86_64-unknown-linux-gnu,bit-vec,0.9.1,tests::test_equal_greatly_differing_sizes,full,success,0.14376066066666668,,,,
x86_64-unknown-linux-gnu,bit-vec,0.9.1,tests::test_equal_sneaky_big,full,success,0.1871610976666667,,,,
x86_64-unknown-linux-gnu,bit-vec,0.9.1,tests::test_equal_sneaky_small,full,success,0.13715010466666666,,,,
x86_64-unknown-linux-gnu,bit-vec,0.9.1,tests::test_from_bools,full,success,0.137171343,,,,
x86_64-unknown-linux-gnu,bit-vec,0.9.1,tests::test_from_bytes,full,success,0.140896358,,,,
x86_64-unknown-linux-gnu,bit-vec,0.9.1,tests::test_get_mut,full,success,0.13957292400000001,,,,
x86_64-unknown-linux-gnu,bit-vec,0.9.1,tests::test_insert_at_block_boundaries,full,success,0.142888751,,,,
x86_64-unknown-linux-gnu,bit-vec,0.9.1,tests::test_insert_at_block_boundaries_1,full,success,0.1542734136666667,,,,
x86_64-unknown-linux-gnu,bit-vec,0.9.1,tests::test_insert_at_end,full,success,0.13740798733333334,,,,
x86_64-unknown-linux-gnu,bit-vec,0.9.1,tests::test_insert_at_zero,full,success,0.14159296466666668,,,,
x86_64-unknown-linux-gnu,bit-vec,0.9.1,tests::test_insert_remove,full,success,28.071914785999997,,,,
x86_64-unknown-linux-gnu,bit-vec,0.9.1,tests::test_into_iter,full,success,0.143019526,,,,
x86_64-unknown-linux-gnu,bit-vec,0.9.1,tests::test_iter_mut,full,success,0.14530272133333336,,,,
x86_64-unknown-linux-gnu,bit-vec,0.9.1,tests::test_ord,full,success,0.14416798066666667,,,,
x86_64-unknown-linux-gnu,bit-vec,0.9.1,tests::test_push_within_capacity_at_brink,full,success,0.1419922346666667,,,,
x86_64-unknown-linux-gnu,bit-vec,0.9.1,tests::test_push_within_capacity_at_brink_with_mul_blocks,full,success,0.14902599766666666,,,,
x86_64-unknown-linux-gnu,bit-vec,0.9.1,tests::test_push_within_capacity_storage_push,full,success,0.14790774466666667,,,,
x86_64-unknown-linux-gnu,bit-vec,0.9.1,tests::test_push_within_capacity_with_suffice_cap,full,success,0.13812940766666668,,,,
x86_64-unknown-linux-gnu,bit-vec,0.9.1,tests::test_remove_all,full,success,0.4467158033333334,,,,
x86_64-unknown-linux-gnu,bit-vec,0.9.1,tests::test_remove_last,full,success,0.34314845433333335,,,,
x86_64-unknown-linux-gnu,bit-vec,0.9.1,tests::test_small_bit_vec_tests,full,success,0.13712030333333336,,,,
x86_64-unknown-linux-gnu,bit-vec,0.9.1,tests::test_small_difference,full,success,0.13646102833333335,,,,
x86_64-unknown-linux-gnu,bit-vec,0.9.1,tests::test_small_fill,full,success,0.13729781666666666,,,,
x86_64-unknown-linux-gnu,bit-vec,0.9.1,tests::test_small_nand,full,success,0.14585532533333334,,,,
x86_64-unknown-linux-gnu,bit-vec,0.9.1,tests::test_small_nor,full,success,0.13879739233333335,,,,
x86_64-unknown-linux-gnu,bit-vec,0.9.1,tests::test_small_xnor,full,success,0.14015168633333333,,,,
x86_64-unknown-linux-gnu,bit-vec,0.9.1,tests::test_small_xor,full,success,0.13715366966666667,,,,
x86_64-unknown-linux-gnu,bit-vec,0.9.1,tests::test_to_bools,full,success,0.13782400166666667,,,,
x86_64-unknown-linux-gnu,bit-vec,0.9.1,tests::test_to_bytes,full,success,0.13795717166666668,,,,
x86_64-unknown-linux-gnu,bumpalo,3.20.3,tests::allocated_bytes,full,success,0.083892462,,,,
x86_64-unknown-linux-gnu,bumpalo,3.20.3,tests::chunk_footer_is_five_words,full,success,0.08582507099999999,,,,
x86_64-unknown-linux-gnu,bumpalo,3.20.3,tests::invalid_read,full,success,0.08526442566666666,,,,
x86_64-unknown-linux-gnu,bumpalo,3.20.3,tests::realloc_old_size_zero,full,success,0.08321189033333333,,,,
x86_64-unknown-linux-gnu,bumpalo,3.20.3,tests::test_realloc,full,success,0.08255620866666667,,,,
x86_64-unknown-linux-gnu,byteorder,1.5.0,test::regression173_array_impl,full,success,0.13112544466666667,,,,
x86_64-unknown-linux-gnu,byteorder,1.5.0,test::slice_len_too_big_i128::read_big_endian,full,success,0.14173326500000002,,,,
x86_64-unknown-linux-gnu,byteorder,1.5.0,test::slice_len_too_big_i128::read_little_endian,full,success,0.13236466866666666,,,,
x86_64-unknown-linux-gnu,byteorder,1.5.0,test::slice_len_too_big_i128::read_native_endian,full,success,0.132321241,,,,
x86_64-unknown-linux-gnu,byteorder,1.5.0,test::slice_len_too_big_i128::write_big_endian,full,success,0.13298106666666668,,,,
x86_64-unknown-linux-gnu,byteorder,1.5.0,test::slice_len_too_big_i128::write_little_endian,full,success,0.133556378,,,,
x86_64-unknown-linux-gnu,byteorder,1.5.0,test::slice_len_too_big_i128::write_native_endian,full,success,0.1373488296666667,,,,
x86_64-unknown-linux-gnu,byteorder,1.5.0,test::slice_len_too_big_i16::read_big_endian,full,success,0.13222423366666666,,,,
x86_64-unknown-linux-gnu,byteorder,1.5.0,test::slice_len_too_big_i16::read_little_endian,full,success,0.13255191966666666,,,,
x86_64-unknown-linux-gnu,byteorder,1.5.0,test::slice_len_too_big_i16::read_native_endian,full,success,0.13329635033333334,,,,
x86_64-unknown-linux-gnu,byteorder,1.5.0,test::slice_len_too_big_i16::write_big_endian,full,success,0.13224346433333334,,,,
x86_64-unknown-linux-gnu,byteorder,1.5.0,test::slice_len_too_big_i16::write_little_endian,full,success,0.133139691,,,,
x86_64-unknown-linux-gnu,byteorder,1.5.0,test::slice_len_too_big_i16::write_native_endian,full,success,0.131463417,,,,
x86_64-unknown-linux-gnu,byteorder,1.5.0,test::slice_len_too_big_i32::read_big_endian,full,success,0.13690833733333332,,,,
x86_64-unknown-linux-gnu,byteorder,1.5.0,test::slice_len_too_big_i32::read_little_endian,full,success,0.1327890426666667,,,,
x86_64-unknown-linux-gnu,byteorder,1.5.0,test::slice_len_too_big_i32::read_native_endian,full,success,0.132509444,,,,
x86_64-unknown-linux-gnu,byteorder,1.5.0,test::slice_len_too_big_i32::write_big_endian,full,success,0.14696842000000002,,,,
x86_64-unknown-linux-gnu,byteorder,1.5.0,test::slice_len_too_big_i32::write_little_endian,full,success,0.1369768776666667,,,,
x86_64-unknown-linux-gnu,byteorder,1.5.0,test::slice_len_too_big_i32::write_native_endian,full,success,0.13729054,,,,
x86_64-unknown-linux-gnu,byteorder,1.5.0,test::slice_len_too_big_i64::read_big_endian,full,success,0.1332081323333333,,,,
x86_64-unknown-linux-gnu,byteorder,1.5.0,test::slice_len_too_big_i64::read_little_endian,full,success,0.13420324066666667,,,,
x86_64-unknown-linux-gnu,byteorder,1.5.0,test::slice_len_too_big_i64::read_native_endian,full,success,0.1384432866666667,,,,
x86_64-unknown-linux-gnu,byteorder,1.5.0,test::slice_len_too_big_i64::write_big_endian,full,success,0.13702772766666668,,,,
x86_64-unknown-linux-gnu,byteorder,1.5.0,test::slice_len_too_big_i64::write_little_endian,full,success,0.133801199,,,,
x86_64-unknown-linux-gnu,byteorder,1.5.0,test::slice_len_too_big_i64::write_native_endian,full,success,0.133068915,,,,
x86_64-unknown-linux-gnu,byteorder,1.5.0,test::slice_len_too_big_u128::read_big_endian,full,success,0.13616286633333333,,,,
x86_64-unknown-linux-gnu,byteorder,1.5.0,test::slice_len_too_big_u128::read_little_endian,full,success,0.136518033,,,,
x86_64-unknown-linux-gnu,byteorder,1.5.0,test::slice_len_too_big_u128::read_native_endian,full,success,0.13863685033333337,,,,
x86_64-unknown-linux-gnu,byteorder,1.5.0,test::slice_len_too_big_u128::write_big_endian,full,success,0.13933081300000003,,,,
x86_64-unknown-linux-gnu,byteorder,1.5.0,test::slice_len_too_big_u128::write_little_endian,full,success,0.13464114466666668,,,,
x86_64-unknown-linux-gnu,byteorder,1.5.0,test::slice_len_too_big_u128::write_native_endian,full,success,0.1344248206666667,,,,
x86_64-unknown-linux-gnu,byteorder,1.5.0,test::slice_len_too_big_u16::read_big_endian,full,success,0.1354412886666667,,,,
x86_64-unknown-linux-gnu,byteorder,1.5.0,test::slice_len_too_big_u16::read_little_endian,full,success,0.13678927633333335,,,,
x86_64-unknown-linux-gnu,byteorder,1.5.0,test::slice_len_too_big_u16::read_native_endian,full,success,0.13486907666666667,,,,
x86_64-unknown-linux-gnu,byteorder,1.5.0,test::slice_len_too_big_u16::write_big_endian,full,success,0.13811248766666667,,,,
x86_64-unknown-linux-gnu,byteorder,1.5.0,test::slice_len_too_big_u16::write_little_endian,full,success,0.13345217133333334,,,,
x86_64-unknown-linux-gnu,byteorder,1.5.0,test::slice_len_too_big_u16::write_native_endian,full,success,0.1400387186666667,,,,
x86_64-unknown-linux-gnu,byteorder,1.5.0,test::slice_len_too_big_u32::read_big_endian,full,success,0.13901149666666668,,,,
x86_64-unknown-linux-gnu,byteorder,1.5.0,test::slice_len_too_big_u32::read_little_endian,full,success,0.14203982333333334,,,,
x86_64-unknown-linux-gnu,byteorder,1.5.0,test::slice_len_too_big_u32::read_native_endian,full,success,0.1440022056666667,,,,
x86_64-unknown-linux-gnu,byteorder,1.5.0,test::slice_len_too_big_u32::write_big_endian,full,success,0.13592609700000002,,,,
x86_64-unknown-linux-gnu,byteorder,1.5.0,test::slice_len_too_big_u32::write_little_endian,full,success,0.14363689966666668,,,,
x86_64-unknown-linux-gnu,byteorder,1.5.0,test::slice_len_too_big_u32::write_native_endian,full,success,0.13267810900000002,,,,
x86_64-unknown-linux-gnu,byteorder,1.5.0,test::slice_len_too_big_u64::read_big_endian,full,success,0.13366862300000001,,,,
x86_64-unknown-linux-gnu,byteorder,1.5.0,test::slice_len_too_big_u64::read_little_endian,full,success,0.13527890433333334,,,,
x86_64-unknown-linux-gnu,byteorder,1.5.0,test::slice_len_too_big_u64::read_native_endian,full,success,0.140020505,,,,
x86_64-unknown-linux-gnu,byteorder,1.5.0,test::slice_len_too_big_u64::write_big_endian,full,success,0.14034358466666666,,,,
x86_64-unknown-linux-gnu,byteorder,1.5.0,test::slice_len_too_big_u64::write_little_endian,full,success,0.13477329833333332,,,,
x86_64-unknown-linux-gnu,byteorder,1.5.0,test::slice_len_too_big_u64::write_native_endian,full,success,0.13372887333333336,,,,
x86_64-unknown-linux-gnu,byteorder,1.5.0,test::slice_len_too_small_i128::read_big_endian,full,success,0.13704934766666668,,,,
x86_64-unknown-linux-gnu,byteorder,1.5.0,test::slice_len_too_small_i128::read_little_endian,full,success,0.13584672966666667,,,,
x86_64-unknown-linux-gnu,byteorder,1.5.0,test::slice_len_too_small_i128::read_native_endian,full,success,0.13920285866666668,,,,
x86_64-unknown-linux-gnu,byteorder,1.5.0,test::slice_len_too_small_i128::write_big_endian,full,success,0.1353402346666667,,,,
x86_64-unknown-linux-gnu,byteorder,1.5.0,test::slice_len_too_small_i128::write_little_endian,full,success,0.13348737400000002,,,,
x86_64-unknown-linux-gnu,byteorder,1.5.0,test::slice_len_too_small_i128::write_native_endian,full,success,0.13493064966666668,,,,
x86_64-unknown-linux-gnu,byteorder,1.5.0,test::slice_len_too_small_i16::read_big_endian,full,success,0.137907803,,,,
x86_64-unknown-linux-gnu,byteorder,1.5.0,test::slice_len_too_small_i16::read_little_endian,full,success,0.1401802236666667,,,,
x86_64-unknown-linux-gnu,byteorder,1.5.0,test::slice_len_too_small_i16::read_native_endian,full,success,0.13328564633333334,,,,
x86_64-unknown-linux-gnu,byteorder,1.5.0,test::slice_len_too_small_i16::write_big_endian,full,success,0.13548717899999999,,,,
x86_64-unknown-linux-gnu,byteorder,1.5.0,test::slice_len_too_small_i16::write_little_endian,full,success,0.13879921766666667,,,,
x86_64-unknown-linux-gnu,byteorder,1.5.0,test::slice_len_too_small_i16::write_native_endian,full,success,0.13701157966666666,,,,
x86_64-unknown-linux-gnu,byteorder,1.5.0,test::slice_len_too_small_i32::read_big_endian,full,success,0.134232135,,,,
x86_64-unknown-linux-gnu,byteorder,1.5.0,test::slice_len_too_small_i32::read_little_endian,full,success,0.13405058233333333,,,,
x86_64-unknown-linux-gnu,byteorder,1.5.0,test::slice_len_too_small_i32::read_native_endian,full,success,0.13311925633333332,,,,
x86_64-unknown-linux-gnu,byteorder,1.5.0,test::slice_len_too_small_i32::write_big_endian,full,success,0.13308683266666668,,,,
x86_64-unknown-linux-gnu,byteorder,1.5.0,test::slice_len_too_small_i32::write_little_endian,full,success,0.13309658233333335,,,,
x86_64-unknown-linux-gnu,byteorder,1.5.0,test::slice_len_too_small_i32::write_native_endian,full,success,0.13333690366666667,,,,
x86_64-unknown-linux-gnu,byteorder,1.5.0,test::slice_len_too_small_i64::read_big_endian,full,success,0.135048867,,,,
x86_64-unknown-linux-gnu,byteorder,1.5.0,test::slice_len_too_small_i64::read_little_endian,full,success,0.13674681766666666,,,,
x86_64-unknown-linux-gnu,byteorder,1.5.0,test::slice_len_too_small_i64::read_native_endian,full,success,0.14952726066666666,,,,
x86_64-unknown-linux-gnu,byteorder,1.5.0,test::slice_len_too_small_i64::write_big_endian,full,success,0.13466326966666667,,,,
x86_64-unknown-linux-gnu,byteorder,1.5.0,test::slice_len_too_small_i64::write_little_endian,full,success,0.13751572666666667,,,,
x86_64-unknown-linux-gnu,byteorder,1.5.0,test::slice_len_too_small_i64::write_native_endian,full,success,0.13747002833333336,,,,
x86_64-unknown-linux-gnu,byteorder,1.5.0,test::slice_len_too_small_u128::read_big_endian,full,success,0.133118229,,,,
x86_64-unknown-linux-gnu,byteorder,1.5.0,test::slice_len_too_small_u128::read_little_endian,full,success,0.14340573,,,,
x86_64-unknown-linux-gnu,byteorder,1.5.0,test::slice_len_too_small_u128::read_native_endian,full,success,0.13439384733333334,,,,
x86_64-unknown-linux-gnu,byteorder,1.5.0,test::slice_len_too_small_u128::write_big_endian,full,success,0.13437968200000003,,,,
x86_64-unknown-linux-gnu,byteorder,1.5.0,test::slice_len_too_small_u128::write_little_endian,full,success,0.13551306033333335,,,,
x86_64-unknown-linux-gnu,byteorder,1.5.0,test::slice_len_too_small_u128::write_native_endian,full,success,0.13388685566666667,,,,
x86_64-unknown-linux-gnu,byteorder,1.5.0,test::slice_len_too_small_u16::read_big_endian,full,success,0.14065258133333333,,,,
x86_64-unknown-linux-gnu,byteorder,1.5.0,test::slice_len_too_small_u16::read_little_endian,full,success,0.15721954166666666,,,,
x86_64-unknown-linux-gnu,byteorder,1.5.0,test::slice_len_too_small_u16::read_native_endian,full,success,0.1359275176666667,,,,
x86_64-unknown-linux-gnu,byteorder,1.5.0,test::slice_len_too_small_u16::write_big_endian,full,success,0.13714915133333336,,,,
x86_64-unknown-linux-gnu,byteorder,1.5.0,test::slice_len_too_small_u16::write_little_endian,full,success,0.133582093,,,,
x86_64-unknown-linux-gnu,byteorder,1.5.0,test::slice_len_too_small_u16::write_native_endian,full,success,0.1413895036666667,,,,
x86_64-unknown-linux-gnu,byteorder,1.5.0,test::slice_len_too_small_u32::read_big_endian,full,success,0.146046959,,,,
x86_64-unknown-linux-gnu,byteorder,1.5.0,test::slice_len_too_small_u32::read_little_endian,full,success,0.14170554066666666,,,,
x86_64-unknown-linux-gnu,byteorder,1.5.0,test::slice_len_too_small_u32::read_native_endian,full,success,0.137084927,,,,
x86_64-unknown-linux-gnu,byteorder,1.5.0,test::slice_len_too_small_u32::write_big_endian,full,success,0.139881885,,,,
x86_64-unknown-linux-gnu,byteorder,1.5.0,test::slice_len_too_small_u32::write_little_endian,full,success,0.13897916366666666,,,,
x86_64-unknown-linux-gnu,byteorder,1.5.0,test::slice_len_too_small_u32::write_native_endian,full,success,0.14412217066666666,,,,
x86_64-unknown-linux-gnu,byteorder,1.5.0,test::slice_len_too_small_u64::read_big_endian,full,success,0.13315973066666667,,,,
x86_64-unknown-linux-gnu,byteorder,1.5.0,test::slice_len_too_small_u64::read_little_endian,full,success,0.13451468433333333,,,,
x86_64-unknown-linux-gnu,byteorder,1.5.0,test::slice_len_too_small_u64::read_native_endian,full,success,0.13580249733333336,,,,
x86_64-unknown-linux-gnu,byteorder,1.5.0,test::slice_len_too_small_u64::write_big_endian,full,success,0.13469330633333335,,,,
x86_64-unknown-linux-gnu,byteorder,1.5.0,test::slice_len_too_small_u64::write_little_endian,full,success,0.13873678,,,,
x86_64-unknown-linux-gnu,byteorder,1.5.0,test::slice_len_too_small_u64::write_native_endian,full,success,0.142563417,,,,
x86_64-unknown-linux-gnu,byteorder,1.5.0,test::small_f32::read_big_endian,full,success,0.137740196,,,,
x86_64-unknown-linux-gnu,byteorder,1.5.0,test::small_f32::read_little_endian,full,success,0.14114711866666665,,,,
x86_64-unknown-linux-gnu,byteorder,1.5.0,test::small_f32::read_native_endian,full,success,0.13438703999999999,,,,
x86_64-unknown-linux-gnu,byteorder,1.5.0,test::small_f32::write_big_endian,full,success,0.14964311100000002,,,,
x86_64-unknown-linux-gnu,byteorder,1.5.0,test::small_f32::write_little_endian,full,success,0.13946258433333336,,,,
x86_64-unknown-linux-gnu,byteorder,1.5.0,test::small_f32::write_native_endian,full,success,0.13711016933333334,,,,
x86_64-unknown-linux-gnu,byteorder,1.5.0,test::small_f64::read_big_endian,full,success,0.14006734933333334,,,,
x86_64-unknown-linux-gnu,byteorder,1.5.0,test::small_f64::read_little_endian,full,success,0.13861604866666669,,,,
x86_64-unknown-linux-gnu,byteorder,1.5.0,test::small_f64::read_native_endian,full,success,0.14983264200000002,,,,
x86_64-unknown-linux-gnu,byteorder,1.5.0,test::small_f64::write_big_endian,full,success,0.14419206066666668,,,,
x86_64-unknown-linux-gnu,byteorder,1.5.0,test::small_f64::write_little_endian,full,success,0.13591063866666667,,,,
x86_64-unknown-linux-gnu,byteorder,1.5.0,test::small_f64::write_native_endian,full,success,0.13467525800000002,,,,
x86_64-unknown-linux-gnu,byteorder,1.5.0,test::small_i128::read_big_endian,full,success,0.142029343,,,,
x86_64-unknown-linux-gnu,byteorder,1.5.0,test::small_i128::read_little_endian,full,success,0.13557227166666666,,,,
x86_64-unknown-linux-gnu,byteorder,1.5.0,test::small_i128::read_native_endian,full,success,0.13699884133333337,,,,
x86_64-unknown-linux-gnu,byteorder,1.5.0,test::small_i128::write_big_endian,full,success,0.134442056,,,,
x86_64-unknown-linux-gnu,byteorder,1.5.0,test::small_i128::write_little_endian,full,success,0.133912486,,,,
x86_64-unknown-linux-gnu,byteorder,1.5.0,test::small_i128::write_native_endian,full,success,0.133222721,,,,
x86_64-unknown-linux-gnu,byteorder,1.5.0,test::small_i16::read_big_endian,full,success,0.142303346,,,,
x86_64-unknown-linux-gnu,byteorder,1.5.0,test::small_i16::read_little_endian,full,success,0.13477328066666666,,,,
x86_64-unknown-linux-gnu,byteorder,1.5.0,test::small_i16::read_native_endian,full,success,0.13365897933333334,,,,
x86_64-unknown-linux-gnu,byteorder,1.5.0,test::small_i16::write_big_endian,full,success,0.145359962,,,,
x86_64-unknown-linux-gnu,byteorder,1.5.0,test::small_i16::write_little_endian,full,success,0.133091927,,,,
x86_64-unknown-linux-gnu,byteorder,1.5.0,test::small_i16::write_native_endian,full,success,0.142416884,,,,
x86_64-unknown-linux-gnu,byteorder,1.5.0,test::small_i32::read_big_endian,full,success,0.13542901733333335,,,,
x86_64-unknown-linux-gnu,byteorder,1.5.0,test::small_i32::read_little_endian,full,success,0.134560405,,,,
x86_64-unknown-linux-gnu,byteorder,1.5.0,test::small_i32::read_native_endian,full,success,0.13895749366666668,,,,
x86_64-unknown-linux-gnu,byteorder,1.5.0,test::small_i32::write_big_endian,full,success,0.13516734533333333,,,,
x86_64-unknown-linux-gnu,byteorder,1.5.0,test::small_i32::write_little_endian,full,success,0.13462484966666668,,,,
x86_64-unknown-linux-gnu,byteorder,1.5.0,test::small_i32::write_native_endian,full,success,0.13758749833333334,,,,
x86_64-unknown-linux-gnu,byteorder,1.5.0,test::small_i64::read_big_endian,full,success,0.13315464400000002,,,,
x86_64-unknown-linux-gnu,byteorder,1.5.0,test::small_i64::read_little_endian,full,success,0.13609798033333334,,,,
x86_64-unknown-linux-gnu,byteorder,1.5.0,test::small_i64::read_native_endian,full,success,0.13363434533333332,,,,
x86_64-unknown-linux-gnu,byteorder,1.5.0,test::small_i64::write_big_endian,full,success,0.134198804,,,,
x86_64-unknown-linux-gnu,byteorder,1.5.0,test::small_i64::write_little_endian,full,success,0.13259300066666668,,,,
x86_64-unknown-linux-gnu,byteorder,1.5.0,test::small_i64::write_native_endian,full,success,0.14114363333333332,,,,
x86_64-unknown-linux-gnu,byteorder,1.5.0,test::small_int128_10::read_big_endian,full,success,0.13434772166666667,,,,
x86_64-unknown-linux-gnu,byteorder,1.5.0,test::small_int128_10::read_little_endian,full,success,0.13148052799999999,,,,
x86_64-unknown-linux-gnu,byteorder,1.5.0,test::small_int128_10::read_native_endian,full,success,0.13168453100000002,,,,
x86_64-unknown-linux-gnu,byteorder,1.5.0,test::small_int128_11::read_big_endian,full,success,0.13283779466666668,,,,
x86_64-unknown-linux-gnu,byteorder,1.5.0,test::small_int128_11::read_little_endian,full,success,0.14037267033333334,,,,
x86_64-unknown-linux-gnu,byteorder,1.5.0,test::small_int128_11::read_native_endian,full,success,0.13907930833333335,,,,
x86_64-unknown-linux-gnu,byteorder,1.5.0,test::small_int128_12::read_big_endian,full,success,0.13771231533333333,,,,
x86_64-unknown-linux-gnu,byteorder,1.5.0,test::small_int128_12::read_little_endian,full,success,0.13304565266666668,,,,
x86_64-unknown-linux-gnu,byteorder,1.5.0,test::small_int128_12::read_native_endian,full,success,0.133083771,,,,
x86_64-unknown-linux-gnu,byteorder,1.5.0,test::small_int128_13::read_big_endian,full,success,0.13252342733333333,,,,
x86_64-unknown-linux-gnu,byteorder,1.5.0,test::small_int128_13::read_little_endian,full,success,0.135072038,,,,
x86_64-unknown-linux-gnu,byteorder,1.5.0,test::small_int128_13::read_native_endian,full,success,0.13283677633333335,,,,
x86_64-unknown-linux-gnu,byteorder,1.5.0,test::small_int128_14::read_big_endian,full,success,0.13326270833333334,,,,
x86_64-unknown-linux-gnu,byteorder,1.5.0,test::small_int128_14::read_little_endian,full,success,0.13711408633333336,,,,
x86_64-unknown-linux-gnu,byteorder,1.5.0,test::small_int128_14::read_native_endian,full,success,0.133386633,,,,
x86_64-unknown-linux-gnu,byteorder,1.5.0,test::small_int128_15::read_big_endian,full,success,0.14613683866666669,,,,
x86_64-unknown-linux-gnu,byteorder,1.5.0,test::small_int128_15::read_little_endian,full,success,0.133685252,,,,
x86_64-unknown-linux-gnu,byteorder,1.5.0,test::small_int128_15::read_native_endian,full,success,0.13362074866666665,,,,
x86_64-unknown-linux-gnu,byteorder,1.5.0,test::small_int128_1::read_big_endian,full,success,0.1359244676666667,,,,
x86_64-unknown-linux-gnu,byteorder,1.5.0,test::small_int128_1::read_little_endian,full,success,0.13649821566666667,,,,
x86_64-unknown-linux-gnu,byteorder,1.5.0,test::small_int128_1::read_native_endian,full,success,0.13179761,,,,
x86_64-unknown-linux-gnu,byteorder,1.5.0,test::small_int128_2::read_big_endian,full,success,0.140878678,,,,
x86_64-unknown-linux-gnu,byteorder,1.5.0,test::small_int128_2::read_little_endian,full,success,0.13834673166666667,,,,
x86_64-unknown-linux-gnu,byteorder,1.5.0,test::small_int128_2::read_native_endian,full,success,0.13270687833333336,,,,
x86_64-unknown-linux-gnu,byteorder,1.5.0,test::small_int128_3::read_big_endian,full,success,0.13287219666666666,,,,
x86_64-unknown-linux-gnu,byteorder,1.5.0,test::small_int128_3::read_little_endian,full,success,0.13441344766666666,,,,
x86_64-unknown-linux-gnu,byteorder,1.5.0,test::small_int128_3::read_native_endian,full,success,0.13530538033333336,,,,
x86_64-unknown-linux-gnu,byteorder,1.5.0,test::small_int128_4::read_big_endian,full,success,0.13451170233333332,,,,
x86_64-unknown-linux-gnu,byteorder,1.5.0,test::small_int128_4::read_little_endian,full,success,0.13935722566666667,,,,
x86_64-unknown-linux-gnu,byteorder,1.5.0,test::small_int128_4::read_native_endian,full,success,0.14189227333333335,,,,
x86_64-unknown-linux-gnu,byteorder,1.5.0,test::small_int128_5::read_big_endian,full,success,0.13212184666666668,,,,
x86_64-unknown-linux-gnu,byteorder,1.5.0,test::small_int128_5::read_little_endian,full,success,0.13409740033333337,,,,
x86_64-unknown-linux-gnu,byteorder,1.5.0,test::small_int128_5::read_native_endian,full,success,0.13241798633333335,,,,
x86_64-unknown-linux-gnu,byteorder,1.5.0,test::small_int128_6::read_big_endian,full,success,0.13258330799999998,,,,
x86_64-unknown-linux-gnu,byteorder,1.5.0,test::small_int128_6::read_little_endian,full,success,0.13629044199999998,,,,
x86_64-unknown-linux-gnu,byteorder,1.5.0,test::small_int128_6::read_native_endian,full,success,0.14322761833333333,,,,
x86_64-unknown-linux-gnu,byteorder,1.5.0,test::small_int128_7::read_big_endian,full,success,0.13667325133333333,,,,
x86_64-unknown-linux-gnu,byteorder,1.5.0,test::small_int128_7::read_little_endian,full,success,0.13408643866666667,,,,
x86_64-unknown-linux-gnu,byteorder,1.5.0,test::small_int128_7::read_native_endian,full,success,0.13188579233333333,,,,
x86_64-unknown-linux-gnu,byteorder,1.5.0,test::small_int128_8::read_big_endian,full,success,0.133493154,,,,
x86_64-unknown-linux-gnu,byteorder,1.5.0,test::small_int128_8::read_little_endian,full,success,0.13289339033333333,,,,
x86_64-unknown-linux-gnu,byteorder,1.5.0,test::small_int128_8::read_native_endian,full,success,0.14206941533333337,,,,
x86_64-unknown-linux-gnu,byteorder,1.5.0,test::small_int128_9::read_big_endian,full,success,0.13322979566666668,,,,
x86_64-unknown-linux-gnu,byteorder,1.5.0,test::small_int128_9::read_little_endian,full,success,0.13339978966666668,,,,
x86_64-unknown-linux-gnu,byteorder,1.5.0,test::small_int128_9::read_native_endian,full,success,0.13990635266666665,,,,
x86_64-unknown-linux-gnu,byteorder,1.5.0,test::small_int_1::read_big_endian,full,success,0.14584258333333333,,,,
x86_64-unknown-linux-gnu,byteorder,1.5.0,test::small_int_1::read_little_endian,full,success,0.136944017,,,,
x86_64-unknown-linux-gnu,byteorder,1.5.0,test::small_int_1::read_native_endian,full,success,0.1354663186666667,,,,
x86_64-unknown-linux-gnu,byteorder,1.5.0,test::small_int_2::read_big_endian,full,success,0.13468853066666667,,,,
x86_64-unknown-linux-gnu,byteorder,1.5.0,test::small_int_2::read_little_endian,full,success,0.13736604533333333,,,,
x86_64-unknown-linux-gnu,byteorder,1.5.0,test::small_int_2::read_native_endian,full,success,0.144349996,,,,
x86_64-unknown-linux-gnu,byteorder,1.5.0,test::small_int_3::read_big_endian,full,success,0.13271073733333336,,,,
x86_64-unknown-linux-gnu,byteorder,1.5.0,test::small_int_3::read_little_endian,full,success,0.14065705733333334,,,,
x86_64-unknown-linux-gnu,byteorder,1.5.0,test::small_int_3::read_native_endian,full,success,0.13504976166666668,,,,
x86_64-unknown-linux-gnu,byteorder,1.5.0,test::small_int_4::read_big_endian,full,success,0.134380566,,,,
x86_64-unknown-linux-gnu,byteorder,1.5.0,test::small_int_4::read_little_endian,full,success,0.13892709166666667,,,,
x86_64-unknown-linux-gnu,byteorder,1.5.0,test::small_int_4::read_native_endian,full,success,0.13547289266666665,,,,
x86_64-unknown-linux-gnu,byteorder,1.5.0,test::small_int_5::read_big_endian,full,success,0.135343397,,,,
x86_64-unknown-linux-gnu,byteorder,1.5.0,test::small_int_5::read_little_endian,full,success,0.13846671633333335,,,,
x86_64-unknown-linux-gnu,byteorder,1.5.0,test::small_int_5::read_native_endian,full,success,0.13944328,,,,
x86_64-unknown-linux-gnu,byteorder,1.5.0,test::small_int_6::read_big_endian,full,success,0.14162480166666666,,,,
x86_64-unknown-linux-gnu,byteorder,1.5.0,test::small_int_6::read_little_endian,full,success,0.13523808933333334,,,,
x86_64-unknown-linux-gnu,byteorder,1.5.0,test::small_int_6::read_native_endian,full,success,0.13697468866666665,,,,
x86_64-unknown-linux-gnu,byteorder,1.5.0,test::small_int_7::read_big_endian,full,success,0.13123164,,,,
x86_64-unknown-linux-gnu,byteorder,1.5.0,test::small_int_7::read_little_endian,full,success,0.133073981,,,,
x86_64-unknown-linux-gnu,byteorder,1.5.0,test::small_int_7::read_native_endian,full,success,0.13375655266666667,,,,
x86_64-unknown-linux-gnu,byteorder,1.5.0,test::small_u128::read_big_endian,full,success,0.13303286066666667,,,,
x86_64-unknown-linux-gnu,byteorder,1.5.0,test::small_u128::read_little_endian,full,success,0.13237885266666669,,,,
x86_64-unknown-linux-gnu,byteorder,1.5.0,test::small_u128::read_native_endian,full,success,0.13267075433333334,,,,
x86_64-unknown-linux-gnu,byteorder,1.5.0,test::small_u128::write_big_endian,full,success,0.13312764733333335,,,,
x86_64-unknown-linux-gnu,byteorder,1.5.0,test::small_u128::write_little_endian,full,success,0.13889746666666666,,,,
x86_64-unknown-linux-gnu,byteorder,1.5.0,test::small_u128::write_native_endian,full,success,0.14170874833333333,,,,
x86_64-unknown-linux-gnu,byteorder,1.5.0,test::small_u16::read_big_endian,full,success,0.13263938066666667,,,,
x86_64-unknown-linux-gnu,byteorder,1.5.0,test::small_u16::read_little_endian,full,success,0.14511469466666668,,,,
x86_64-unknown-linux-gnu,byteorder,1.5.0,test::small_u16::read_native_endian,full,success,0.13475648166666668,,,,
x86_64-unknown-linux-gnu,byteorder,1.5.0,test::small_u16::write_big_endian,full,success,0.136073652,,,,
x86_64-unknown-linux-gnu,byteorder,1.5.0,test::small_u16::write_little_endian,full,success,0.13373612266666668,,,,
x86_64-unknown-linux-gnu,byteorder,1.5.0,test::small_u16::write_native_endian,full,success,0.13326625833333336,,,,
x86_64-unknown-linux-gnu,byteorder,1.5.0,test::small_u32::read_big_endian,full,success,0.135589828,,,,
x86_64-unknown-linux-gnu,byteorder,1.5.0,test::small_u32::read_little_endian,full,success,0.13865627533333333,,,,
x86_64-unknown-linux-gnu,byteorder,1.5.0,test::small_u32::read_native_endian,full,success,0.13447513266666666,,,,
x86_64-unknown-linux-gnu,byteorder,1.5.0,test::small_u32::write_big_endian,full,success,0.134784064,,,,
x86_64-unknown-linux-gnu,byteorder,1.5.0,test::small_u32::write_little_endian,full,success,0.13187777833333333,,,,
x86_64-unknown-linux-gnu,byteorder,1.5.0,test::small_u32::write_native_endian,full,success,0.13304689533333333,,,,
x86_64-unknown-linux-gnu,byteorder,1.5.0,test::small_u64::read_big_endian,full,success,0.14688425733333335,,,,
x86_64-unknown-linux-gnu,byteorder,1.5.0,test::small_u64::read_little_endian,full,success,0.13463566600000001,,,,
x86_64-unknown-linux-gnu,byteorder,1.5.0,test::small_u64::read_native_endian,full,success,0.13971852566666668,,,,
x86_64-unknown-linux-gnu,byteorder,1.5.0,test::small_u64::write_big_endian,full,success,0.13736689933333335,,,,
x86_64-unknown-linux-gnu,byteorder,1.5.0,test::small_u64::write_little_endian,full,success,0.13157968533333333,,,,
x86_64-unknown-linux-gnu,byteorder,1.5.0,test::small_u64::write_native_endian,full,success,0.13237242866666668,,,,
x86_64-unknown-linux-gnu,byteorder,1.5.0,test::small_uint128_10::read_big_endian,full,success,0.13801253333333335,,,,
x86_64-unknown-linux-gnu,byteorder,1.5.0,test::small_uint128_10::read_little_endian,full,success,0.132418338,,,,
x86_64-unknown-linux-gnu,byteorder,1.5.0,test::small_uint128_10::read_native_endian,full,success,0.13162626866666668,,,,
x86_64-unknown-linux-gnu,byteorder,1.5.0,test::small_uint128_11::read_big_endian,full,success,0.131896443,,,,
x86_64-unknown-linux-gnu,byteorder,1.5.0,test::small_uint128_11::read_little_endian,full,success,0.13204442333333336,,,,
x86_64-unknown-linux-gnu,byteorder,1.5.0,test::small_uint128_11::read_native_endian,full,success,0.13318707366666668,,,,
x86_64-unknown-linux-gnu,byteorder,1.5.0,test::small_uint128_12::read_big_endian,full,success,0.131387212,,,,
x86_64-unknown-linux-gnu,byteorder,1.5.0,test::small_uint128_12::read_little_endian,full,success,0.132235707,,,,
x86_64-unknown-linux-gnu,byteorder,1.5.0,test::small_uint128_12::read_native_endian,full,success,0.131939671,,,,
x86_64-unknown-linux-gnu,byteorder,1.5.0,test::small_uint128_13::read_big_endian,full,success,0.13510492933333335,,,,
x86_64-unknown-linux-gnu,byteorder,1.5.0,test::small_uint128_13::read_little_endian,full,success,0.13279617433333332,,,,
x86_64-unknown-linux-gnu,byteorder,1.5.0,test::small_uint128_13::read_native_endian,full,success,0.13172414566666668,,,,
x86_64-unknown-linux-gnu,byteorder,1.5.0,test::small_uint128_14::read_big_endian,full,success,0.13845452333333333,,,,
x86_64-unknown-linux-gnu,byteorder,1.5.0,test::small_uint128_14::read_little_endian,full,success,0.134553724,,,,
x86_64-unknown-linux-gnu,byteorder,1.5.0,test::small_uint128_14::read_native_endian,full,success,0.13350531033333332,,,,
x86_64-unknown-linux-gnu,byteorder,1.5.0,test::small_uint128_15::read_big_endian,full,success,0.13432131333333333,,,,
x86_64-unknown-linux-gnu,byteorder,1.5.0,test::small_uint128_15::read_little_endian,full,success,0.133292772,,,,
x86_64-unknown-linux-gnu,byteorder,1.5.0,test::small_uint128_15::read_native_endian,full,success,0.13624857966666667,,,,
x86_64-unknown-linux-gnu,byteorder,1.5.0,test::small_uint128_1::read_big_endian,full,success,0.13569843866666667,,,,
x86_64-unknown-linux-gnu,byteorder,1.5.0,test::small_uint128_1::read_little_endian,full,success,0.13277624100000002,,,,
x86_64-unknown-linux-gnu,byteorder,1.5.0,test::small_uint128_1::read_native_endian,full,success,0.13521583699999998,,,,
x86_64-unknown-linux-gnu,byteorder,1.5.0,test::small_uint128_2::read_big_endian,full,success,0.1330791756666667,,,,
x86_64-unknown-linux-gnu,byteorder,1.5.0,test::small_uint128_2::read_little_endian,full,success,0.132858438,,,,
x86_64-unknown-linux-gnu,byteorder,1.5.0,test::small_uint128_2::read_native_endian,full,success,0.1334090596666667,,,,
x86_64-unknown-linux-gnu,byteorder,1.5.0,test::small_uint128_3::read_big_endian,full,success,0.13277987700000002,,,,
x86_64-unknown-linux-gnu,byteorder,1.5.0,test::small_uint128_3::read_little_endian,full,success,0.13371381266666668,,,,
x86_64-unknown-linux-gnu,byteorder,1.5.0,test::small_uint128_3::read_native_endian,full,success,0.13893636100000004,,,,
x86_64-unknown-linux-gnu,byteorder,1.5.0,test::small_uint128_4::read_big_endian,full,success,0.1336131276666667,,,,
x86_64-unknown-linux-gnu,byteorder,1.5.0,test::small_uint128_4::read_little_endian,full,success,0.13224335933333334,,,,
x86_64-unknown-linux-gnu,byteorder,1.5.0,test::small_uint128_4::read_native_endian,full,success,0.13599780800000003,,,,
x86_64-unknown-linux-gnu,byteorder,1.5.0,test::small_uint128_5::read_big_endian,full,success,0.1416607626666667,,,,
x86_64-unknown-linux-gnu,byteorder,1.5.0,test::small_uint128_5::read_little_endian,full,success,0.13641318433333335,,,,
x86_64-unknown-linux-gnu,byteorder,1.5.0,test::small_uint128_5::read_native_endian,full,success,0.13973436800000003,,,,
x86_64-unknown-linux-gnu,byteorder,1.5.0,test::small_uint128_6::read_big_endian,full,success,0.13417770566666667,,,,
x86_64-unknown-linux-gnu,byteorder,1.5.0,test::small_uint128_6::read_little_endian,full,success,0.13967401866666665,,,,
x86_64-unknown-linux-gnu,byteorder,1.5.0,test::small_uint128_6::read_native_endian,full,success,0.13744190033333334,,,,
x86_64-unknown-linux-gnu,byteorder,1.5.0,test::small_uint128_7::read_big_endian,full,success,0.13956159266666668,,,,
x86_64-unknown-linux-gnu,byteorder,1.5.0,test::small_uint128_7::read_little_endian,full,success,0.133661472,,,,
x86_64-unknown-linux-gnu,byteorder,1.5.0,test::small_uint128_7::read_native_endian,full,success,0.14286733299999999,,,,
x86_64-unknown-linux-gnu,byteorder,1.5.0,test::small_uint128_8::read_big_endian,full,success,0.136965957,,,,
x86_64-unknown-linux-gnu,byteorder,1.5.0,test::small_uint128_8::read_little_endian,full,success,0.13987497066666668,,,,
x86_64-unknown-linux-gnu,byteorder,1.5.0,test::small_uint128_8::read_native_endian,full,success,0.13367980966666668,,,,
x86_64-unknown-linux-gnu,byteorder,1.5.0,test::small_uint128_9::read_big_endian,full,success,0.133501683,,,,
x86_64-unknown-linux-gnu,byteorder,1.5.0,test::small_uint128_9::read_little_endian,full,success,0.13207435733333336,,,,
x86_64-unknown-linux-gnu,byteorder,1.5.0,test::small_uint128_9::read_native_endian,full,success,0.13463163733333336,,,,
x86_64-unknown-linux-gnu,byteorder,1.5.0,test::small_uint_1::read_big_endian,full,success,0.13894864066666668,,,,
x86_64-unknown-linux-gnu,byteorder,1.5.0,test::small_uint_1::read_little_endian,full,success,0.13459755066666668,,,,
x86_64-unknown-linux-gnu,byteorder,1.5.0,test::small_uint_1::read_native_endian,full,success,0.13406516966666668,,,,
x86_64-unknown-linux-gnu,byteorder,1.5.0,test::small_uint_2::read_big_endian,full,success,0.134012832,,,,
x86_64-unknown-linux-gnu,byteorder,1.5.0,test::small_uint_2::read_little_endian,full,success,0.13730334766666666,,,,
x86_64-unknown-linux-gnu,byteorder,1.5.0,test::small_uint_2::read_native_endian,full,success,0.13468125333333333,,,,
x86_64-unknown-linux-gnu,byteorder,1.5.0,test::small_uint_3::read_big_endian,full,success,0.13435633933333335,,,,
x86_64-unknown-linux-gnu,byteorder,1.5.0,test::small_uint_3::read_little_endian,full,success,0.13236064533333336,,,,
x86_64-unknown-linux-gnu,byteorder,1.5.0,test::small_uint_3::read_native_endian,full,success,0.136589974,,,,
x86_64-unknown-linux-gnu,byteorder,1.5.0,test::small_uint_4::read_big_endian,full,success,0.13917421400000002,,,,
x86_64-unknown-linux-gnu,byteorder,1.5.0,test::small_uint_4::read_little_endian,full,success,0.13219768933333334,,,,
x86_64-unknown-linux-gnu,byteorder,1.5.0,test::small_uint_4::read_native_endian,full,success,0.141816666,,,,
x86_64-unknown-linux-gnu,byteorder,1.5.0,test::small_uint_5::read_big_endian,full,success,0.13359122666666667,,,,
x86_64-unknown-linux-gnu,byteorder,1.5.0,test::small_uint_5::read_little_endian,full,success,0.13780282033333333,,,,
x86_64-unknown-linux-gnu,byteorder,1.5.0,test::small_uint_5::read_native_endian,full,success,0.13331635266666667,,,,
x86_64-unknown-linux-gnu,byteorder,1.5.0,test::small_uint_6::read_big_endian,full,success,0.14130667900000002,,,,
x86_64-unknown-linux-gnu,byteorder,1.5.0,test::small_uint_6::read_little_endian,full,success,0.13171814633333334,,,,
x86_64-unknown-linux-gnu,byteorder,1.5.0,test::small_uint_6::read_native_endian,full,success,0.13836155066666667,,,,
x86_64-unknown-linux-gnu,byteorder,1.5.0,test::small_uint_7::read_big_endian,full,success,0.13730974299999998,,,,
x86_64-unknown-linux-gnu,byteorder,1.5.0,test::small_uint_7::read_little_endian,full,success,0.13991919666666666,,,,
x86_64-unknown-linux-gnu,byteorder,1.5.0,test::small_uint_7::read_native_endian,full,success,0.1355646106666667,,,,
x86_64-unknown-linux-gnu,byteorder,1.5.0,test::uint_bigger_buffer,full,success,0.1389301696666667,,,,
x86_64-unknown-linux-gnu,bytes,1.11.1,bytes_mut::tests::test_original_capacity_from_repr,full,success,0.13597919433333336,,,,
x86_64-unknown-linux-gnu,bytes,1.11.1,bytes_mut::tests::test_original_capacity_to_repr,full,success,0.1277877736666667,,,,
x86_64-unknown-linux-gnu,camino,1.2.2,tests::test_borrowed_into,full,success,0.13159854766666668,,,,
x86_64-unknown-linux-gnu,camino,1.2.2,tests::test_deref_mut,full,success,0.125821251,,,,
x86_64-unknown-linux-gnu,camino,1.2.2,tests::test_owned_into,full,success,0.13146110600000002,,,,
x86_64-unknown-linux-gnu,cc,1.2.63,flags::tests::all_rustc_flags,full,success,1.2752143150000002,,,,
x86_64-unknown-linux-gnu,cc,1.2.63,flags::tests::codegen_type,full,success,0.1373776436666667,,,,
x86_64-unknown-linux-gnu,cc,1.2.63,flags::tests::precedence,full,success,0.13514970433333337,,,,
x86_64-unknown-linux-gnu,cc,1.2.63,flags::tests::stack_protector,full,success,0.13727618266666666,,,,
x86_64-unknown-linux-gnu,cc,1.2.63,flags::tests::three_valid_prefixes,full,success,0.137131297,,,,
x86_64-unknown-linux-gnu,cc,1.2.63,flags::tests::two_valid_prefixes,full,success,0.141519619,,,,
x86_64-unknown-linux-gnu,cc,1.2.63,target::llvm::tests::basic_llvm_triple_guessing,full,success,0.1354246176666667,,,,
x86_64-unknown-linux-gnu,cc,1.2.63,target::llvm::tests::llvm_version,full,success,0.13504513933333334,,,,
x86_64-unknown-linux-gnu,cc,1.2.63,target::llvm::tests::test_old_ios_target,full,success,0.13099476466666668,,,,
x86_64-unknown-linux-gnu,cc,1.2.63,target::llvm::tests::uefi,full,success,0.13457723600000002,,,,
x86_64-unknown-linux-gnu,cc,1.2.63,target::parser::tests::parse_extra,full,success,0.15759236,,,,
x86_64-unknown-linux-gnu,cc,1.2.63,target::parser::tests::parses_apple_envs_correctly,full,success,0.140945063,,,,
x86_64-unknown-linux-gnu,cc,1.2.63,target::parser::tests::tier1,full,success,0.144752962,,,,
x86_64-unknown-linux-gnu,cc,1.2.63,target::parser::tests::unknown_env_determined_as_unknown,full,success,0.13205018133333335,,,,
x86_64-unknown-linux-gnu,cc,1.2.63,tests::test_android_clang_compiler_uses_target_arg_internally,full,success,0.16053961033333336,,,,
x86_64-unknown-linux-gnu,colored,3.1.1,color::tests::closest_euclidean::almost_black,full,success,0.13250933833333334,,,,
x86_64-unknown-linux-gnu,colored,3.1.1,color::tests::closest_euclidean::almost_blue,full,success,0.12267051066666668,,,,
x86_64-unknown-linux-gnu,colored,3.1.1,color::tests::closest_euclidean::almost_cyan,full,success,0.13158422866666666,,,,
x86_64-unknown-linux-gnu,colored,3.1.1,color::tests::closest_euclidean::almost_green,full,success,0.1279895426666667,,,,
x86_64-unknown-linux-gnu,colored,3.1.1,color::tests::closest_euclidean::almost_magenta,full,success,0.13795952966666666,,,,
x86_64-unknown-linux-gnu,colored,3.1.1,color::tests::closest_euclidean::almost_red,full,success,0.12178864166666668,,,,
x86_64-unknown-linux-gnu,colored,3.1.1,color::tests::closest_euclidean::almost_white,full,success,0.123209489,,,,
x86_64-unknown-linux-gnu,colored,3.1.1,color::tests::closest_euclidean::almost_yellow,full,success,0.12547455933333335,,,,
x86_64-unknown-linux-gnu,colored,3.1.1,color::tests::closest_euclidean::exact_black,full,success,0.12818841633333336,,,,
x86_64-unknown-linux-gnu,colored,3.1.1,color::tests::closest_euclidean::exact_blue,full,success,0.12170301733333334,,,,
x86_64-unknown-linux-gnu,colored,3.1.1,color::tests::closest_euclidean::exact_cyan,full,success,0.123682467,,,,
x86_64-unknown-linux-gnu,colored,3.1.1,color::tests::closest_euclidean::exact_green,full,success,0.12963173933333336,,,,
x86_64-unknown-linux-gnu,colored,3.1.1,color::tests::closest_euclidean::exact_magenta,full,success,0.12458730466666668,,,,
x86_64-unknown-linux-gnu,colored,3.1.1,color::tests::closest_euclidean::exact_red,full,success,0.12884204800000001,,,,
x86_64-unknown-linux-gnu,colored,3.1.1,color::tests::closest_euclidean::exact_white,full,success,0.12791635833333334,,,,
x86_64-unknown-linux-gnu,colored,3.1.1,color::tests::closest_euclidean::exact_yellow,full,success,0.12272100233333334,,,,
x86_64-unknown-linux-gnu,colored,3.1.1,color::tests::from_str::black,full,success,0.1287296383333333,,,,
x86_64-unknown-linux-gnu,colored,3.1.1,color::tests::from_str::blue,full,success,0.12308547166666667,,,,
x86_64-unknown-linux-gnu,colored,3.1.1,color::tests::from_str::brightblack,full,success,0.12765961733333334,,,,
x86_64-unknown-linux-gnu,colored,3.1.1,color::tests::from_str::brightblue,full,success,0.1265203056666667,,,,
x86_64-unknown-linux-gnu,colored,3.1.1,color::tests::from_str::brightcyan,full,success,0.126741425,,,,
x86_64-unknown-linux-gnu,colored,3.1.1,color::tests::from_str::brightgreen,full,success,0.129221255,,,,
x86_64-unknown-linux-gnu,colored,3.1.1,color::tests::from_str::brightmagenta,full,success,0.122046449,,,,
x86_64-unknown-linux-gnu,colored,3.1.1,color::tests::from_str::brightred,full,success,0.12401325366666667,,,,
x86_64-unknown-linux-gnu,colored,3.1.1,color::tests::from_str::brightwhite,full,success,0.1250570596666667,,,,
x86_64-unknown-linux-gnu,colored,3.1.1,color::tests::from_str::brightyellow,full,success,0.12511294766666667,,,,
x86_64-unknown-linux-gnu,colored,3.1.1,color::tests::from_str::capitalized,full,success,0.12177137466666667,,,,
x86_64-unknown-linux-gnu,colored,3.1.1,color::tests::from_str::cyan,full,success,0.12690117600000003,,,,
x86_64-unknown-linux-gnu,colored,3.1.1,color::tests::from_str::green,full,success,0.12270630233333334,,,,
x86_64-unknown-linux-gnu,colored,3.1.1,color::tests::from_str::hex3_lower,full,success,0.12642224866666665,,,,
x86_64-unknown-linux-gnu,colored,3.1.1,color::tests::from_str::hex3_mixed,full,success,0.12551710966666665,,,,
x86_64-unknown-linux-gnu,colored,3.1.1,color::tests::from_str::hex3_upper,full,success,0.12829692166666667,,,,
x86_64-unknown-linux-gnu,colored,3.1.1,color::tests::from_str::hex6_lower,full,success,0.126793525,,,,
x86_64-unknown-linux-gnu,colored,3.1.1,color::tests::from_str::hex6_mixed,full,success,0.12703177066666668,,,,
x86_64-unknown-linux-gnu,colored,3.1.1,color::tests::from_str::hex6_upper,full,success,0.12634077166666668,,,,
x86_64-unknown-linux-gnu,colored,3.1.1,color::tests::from_str::hex_invalid,full,success,0.12397733066666668,,,,
x86_64-unknown-linux-gnu,colored,3.1.1,color::tests::from_str::hex_too_long,full,success,0.1257297676666667,,,,
x86_64-unknown-linux-gnu,colored,3.1.1,color::tests::from_str::hex_too_short,full,success,0.123179832,,,,
x86_64-unknown-linux-gnu,colored,3.1.1,color::tests::from_str::invalid,full,success,0.12363481533333336,,,,
x86_64-unknown-linux-gnu,colored,3.1.1,color::tests::from_str::magenta,full,success,0.12462567866666667,,,,
x86_64-unknown-linux-gnu,colored,3.1.1,color::tests::from_str::mixed_case,full,success,0.12308999999999999,,,,
x86_64-unknown-linux-gnu,colored,3.1.1,color::tests::from_str::purple,full,success,0.12656183066666668,,,,
x86_64-unknown-linux-gnu,colored,3.1.1,color::tests::from_str::red,full,success,0.12438633166666668,,,,
x86_64-unknown-linux-gnu,colored,3.1.1,color::tests::from_str::white,full,success,0.13155735733333332,,,,
x86_64-unknown-linux-gnu,colored,3.1.1,color::tests::from_str::yellow,full,success,0.12269677900000002,,,,
x86_64-unknown-linux-gnu,colored,3.1.1,color::tests::from_string::black,full,success,0.131877888,,,,
x86_64-unknown-linux-gnu,colored,3.1.1,color::tests::from_string::blue,full,success,0.12809162566666668,,,,
x86_64-unknown-linux-gnu,colored,3.1.1,color::tests::from_string::brightblack,full,success,0.127622435,,,,
x86_64-unknown-linux-gnu,colored,3.1.1,color::tests::from_string::brightblue,full,success,0.12729172600000002,,,,
x86_64-unknown-linux-gnu,colored,3.1.1,color::tests::from_string::brightcyan,full,success,0.12397722733333334,,,,
x86_64-unknown-linux-gnu,colored,3.1.1,color::tests::from_string::brightgreen,full,success,0.12361863000000002,,,,
x86_64-unknown-linux-gnu,colored,3.1.1,color::tests::from_string::brightmagenta,full,success,0.122441715,,,,
x86_64-unknown-linux-gnu,colored,3.1.1,color::tests::from_string::brightred,full,success,0.12679642433333335,,,,
x86_64-unknown-linux-gnu,colored,3.1.1,color::tests::from_string::brightwhite,full,success,0.12455975600000001,,,,
x86_64-unknown-linux-gnu,colored,3.1.1,color::tests::from_string::brightyellow,full,success,0.12162114266666668,,,,
x86_64-unknown-linux-gnu,colored,3.1.1,color::tests::from_string::capitalized,full,success,0.12572980366666667,,,,
x86_64-unknown-linux-gnu,colored,3.1.1,color::tests::from_string::cyan,full,success,0.12903185466666667,,,,
x86_64-unknown-linux-gnu,colored,3.1.1,color::tests::from_string::green,full,success,0.12251731566666668,,,,
x86_64-unknown-linux-gnu,colored,3.1.1,color::tests::from_string::hex3_lower,full,success,0.127137111,,,,
x86_64-unknown-linux-gnu,colored,3.1.1,color::tests::from_string::hex3_mixed,full,success,0.12746243533333335,,,,
x86_64-unknown-linux-gnu,colored,3.1.1,color::tests::from_string::hex3_upper,full,success,0.12333485166666668,,,,
x86_64-unknown-linux-gnu,colored,3.1.1,color::tests::from_string::hex6_lower,full,success,0.12417210833333332,,,,
x86_64-unknown-linux-gnu,colored,3.1.1,color::tests::from_string::hex6_mixed,full,success,0.12515425433333335,,,,
x86_64-unknown-linux-gnu,colored,3.1.1,color::tests::from_string::hex6_upper,full,success,0.12408714866666666,,,,
x86_64-unknown-linux-gnu,colored,3.1.1,color::tests::from_string::hex_invalid,full,success,0.12595584933333334,,,,
x86_64-unknown-linux-gnu,colored,3.1.1,color::tests::from_string::hex_too_long,full,success,0.12482812200000003,,,,
x86_64-unknown-linux-gnu,colored,3.1.1,color::tests::from_string::hex_too_short,full,success,0.12255122133333335,,,,
x86_64-unknown-linux-gnu,colored,3.1.1,color::tests::from_string::invalid,full,success,0.12625846300000002,,,,
x86_64-unknown-linux-gnu,colored,3.1.1,color::tests::from_string::magenta,full,success,0.12593674933333335,,,,
x86_64-unknown-linux-gnu,colored,3.1.1,color::tests::from_string::mixed_case,full,success,0.12491750900000002,,,,
x86_64-unknown-linux-gnu,colored,3.1.1,color::tests::from_string::red,full,success,0.1252781676666667,,,,
x86_64-unknown-linux-gnu,colored,3.1.1,color::tests::from_string::white,full,success,0.12509614166666666,,,,
x86_64-unknown-linux-gnu,colored,3.1.1,color::tests::from_string::yellow,full,success,0.128782761,,,,
x86_64-unknown-linux-gnu,colored,3.1.1,color::tests::fromstr::error,full,success,0.12984586866666667,,,,
x86_64-unknown-linux-gnu,colored,3.1.1,color::tests::fromstr::parse,full,success,0.12395277433333333,,,,
x86_64-unknown-linux-gnu,colored,3.1.1,control::specs::clicolor_behavior,full,test_failed,,error: Undefined Behavior: an access of size 80b at offset 0xaf43e1f82f8 is out of bounds for alloc13034 of size 10b.,rayon-core-1.13.0/src/job.rs:117:20,https://github.com/BorrowSanitizer/bsan/actions/runs/37404510664/job/112080386779,"error: Undefined Behavior: an access of size 80b at offset 0xaf43e1f82f8 is out of bounds for alloc13034 of size 10b.
   --> /root/.cargo/registry/src/index.crates.io-1949cf8c6b5b557f/rayon-core-1.13.0/src/job.rs:117:20
    |
117 | let this = &*(this as *const Self);
    |            ^

stack backtrace:
0: <rayon_core::job::StackJob<rayon_core::latch::SpinLatch, rayon_core::join::join_context::call_b<rayon::iter::collect::consumer::CollectResult<rspec::report::BlockReport>, rayon::iter::plumbing::bridge_producer_consumer::helper<rayon::slice::IterProducer<rspec::block::Block<()>>, rayon::iter::map::MapConsumer<rayon::iter::collect::consumer::CollectConsumer<rspec::report::BlockReport>, <rspec::runner::Runner>::evaluate_blocks_parallel<()>::{closure#0}>>::{closure#1}>::{closure#0}, rayon::iter::collect::consumer::CollectResult<rspec::report::BlockReport>> as rayon_core::job::Job>::execute
      at /root/.cargo/registry/src/index.crates.io-1949cf8c6b5b557f/rayon-core-1.13.0/src/job.rs:117:20
1: <rayon_core::job::JobRef>::execute
      at /root/.cargo/registry/src/index.crates.io-1949cf8c6b5b557f/rayon-core-1.13.0/src/job.rs:64:9
2: <rayon_core::registry::WorkerThread>::execute
      at /root/.cargo/registry/src/index.crates.io-1949cf8c6b5b557f/rayon-core-1.13.0/src/registry.rs:866:13

note: stack trace was truncated after 3 frames; set stacktrace_max_len (e.g. BSAN_OPTIONS=stacktrace_max_len=32) to capture more."
x86_64-unknown-linux-gnu,colored,3.1.1,customcolors::tests::from_tuple,full,success,0.12327552200000001,,,,
x86_64-unknown-linux-gnu,colored,3.1.1,customcolors::tests::main,full,test_failed,,snapshot assertion for 'main' failed in line 34,insta-1.46.1/src/runtime.rs:719:13,https://github.com/BorrowSanitizer/bsan/actions/runs/37404510664/job/112080386779,"thread 'customcolors::tests::main' (2034) panicked at /root/.cargo/registry/src/index.crates.io-1949cf8c6b5b557f/insta-1.46.1/src/runtime.rs:719:13:
snapshot assertion for 'main' failed in line 34
note: run with `RUST_BACKTRACE=1` environment variable to display a backtrace
test customcolors::tests::main ... FAILED

failures:

failures:
    customcolors::tests::main

test result: FAILED. 0 passed; 1 failed; 0 ignored; 0 measured; 127 filtered out; finished in 59.40s
"
x86_64-unknown-linux-gnu,colored,3.1.1,style::tests::style_bitwise_logic::assign_ops,full,success,0.13008782266666666,,,,
x86_64-unknown-linux-gnu,colored,3.1.1,style::tests::style_bitwise_logic::assign_ops_with_styles,full,success,0.13022477666666668,,,,
x86_64-unknown-linux-gnu,colored,3.1.1,style::tests::style_bitwise_logic::binops,full,success,0.12518539400000003,,,,
x86_64-unknown-linux-gnu,colored,3.1.1,style::tests::style_bitwise_logic::binops_with_styles,full,success,0.12466469866666667,,,,
x86_64-unknown-linux-gnu,colored,3.1.1,style::tests::style_bitwise_logic::not,full,success,0.12557018900000003,,,,
x86_64-unknown-linux-gnu,colored,3.1.1,style::tests::style_bitwise_logic::styles_binops,full,success,0.12337547,,,,
x86_64-unknown-linux-gnu,colored,3.1.1,style::tests::style_bitwise_logic::styles_not,full,success,0.123229219,,,,
x86_64-unknown-linux-gnu,colored,3.1.1,style::tests::styles_combine_complex::aggreg1,full,success,0.12642953533333334,,,,
x86_64-unknown-linux-gnu,colored,3.1.1,style::tests::styles_combine_complex::aggreg2,full,success,0.12546779766666669,,,,
x86_64-unknown-linux-gnu,colored,3.1.1,style::tests::styles_combine_complex::aggreg3,full,success,0.12435322666666666,,,,
x86_64-unknown-linux-gnu,colored,3.1.1,style::tests::styles_combine_complex::all,full,success,0.12664524266666666,,,,
x86_64-unknown-linux-gnu,colored,3.1.1,style::tests::styles_combine_complex::five,full,success,0.12436010733333334,,,,
x86_64-unknown-linux-gnu,colored,3.1.1,style::tests::styles_combine_complex::four,full,success,0.12421689533333334,,,,
x86_64-unknown-linux-gnu,colored,3.1.1,style::tests::styles_combine_complex::six,full,success,0.12568066566666666,,,,
x86_64-unknown-linux-gnu,colored,3.1.1,style::tests::styles_combine_complex::three1,full,success,0.12366577066666667,,,,
x86_64-unknown-linux-gnu,colored,3.1.1,style::tests::styles_combine_complex::three2,full,success,0.12501316366666668,,,,
x86_64-unknown-linux-gnu,colored,3.1.1,style::tests::styles_combine_complex::two1,full,success,0.132845227,,,,
x86_64-unknown-linux-gnu,colored,3.1.1,style::tests::styles_combine_complex::two2,full,success,0.124100378,,,,
x86_64-unknown-linux-gnu,colored,3.1.1,style::tests::styles_combine_complex::two3,full,success,0.12468531000000001,,,,
x86_64-unknown-linux-gnu,colored,3.1.1,style::tests::test_style_contains,full,success,0.13003106,,,,
x86_64-unknown-linux-gnu,colored,3.1.1,style::tests::u8_to_styles_invalid_is_none::empty_is_none,full,success,0.12639744500000002,,,,
x86_64-unknown-linux-gnu,colored,3.1.1,style::tests::u8_to_styles_isomorphism::blink,full,success,0.12374271833333333,,,,
x86_64-unknown-linux-gnu,colored,3.1.1,style::tests::u8_to_styles_isomorphism::bold,full,success,0.12411830833333333,,,,
x86_64-unknown-linux-gnu,colored,3.1.1,style::tests::u8_to_styles_isomorphism::dimmed,full,success,0.13245318233333334,,,,
x86_64-unknown-linux-gnu,colored,3.1.1,style::tests::u8_to_styles_isomorphism::hidden,full,success,0.12367495300000002,,,,
x86_64-unknown-linux-gnu,colored,3.1.1,style::tests::u8_to_styles_isomorphism::italic,full,success,0.12438134466666667,,,,
x86_64-unknown-linux-gnu,colored,3.1.1,style::tests::u8_to_styles_isomorphism::reversed,full,success,0.13213829200000002,,,,
x86_64-unknown-linux-gnu,colored,3.1.1,style::tests::u8_to_styles_isomorphism::strikethrough,full,success,0.12409490866666667,,,,
x86_64-unknown-linux-gnu,colored,3.1.1,style::tests::u8_to_styles_isomorphism::underline,full,success,0.12425374933333334,,,,
x86_64-unknown-linux-gnu,colored,3.1.1,tests::bright_color_fn,full,success,0.1281073766666667,,,,
x86_64-unknown-linux-gnu,colored,3.1.1,tests::color_fn,full,success,0.126926772,,,,
x86_64-unknown-linux-gnu,colored,3.1.1,tests::compute_style_blue_bold,full,success,0.130276311,,,,
x86_64-unknown-linux-gnu,colored,3.1.1,tests::compute_style_empty_string,full,success,0.12767462333333335,,,,
x86_64-unknown-linux-gnu,colored,3.1.1,tests::escape_reset_sequence_spec_should_do_nothing_on_empty_strings,full,success,0.12511595433333333,,,,
x86_64-unknown-linux-gnu,colored,3.1.1,tests::escape_reset_sequence_spec_should_do_nothing_on_string_with_no_reset,full,success,0.126234192,,,,
x86_64-unknown-linux-gnu,colored,3.1.1,tests::exposing_tests,full,success,0.125629508,,,,
x86_64-unknown-linux-gnu,colored,3.1.1,tests::formatting,full,success,0.13222339433333333,,,,
x86_64-unknown-linux-gnu,colored,3.1.1,tests::it_works,full,test_failed,,snapshot assertion for 'it_works' failed in line 686,insta-1.46.1/src/runtime.rs:719:13,https://github.com/BorrowSanitizer/bsan/actions/runs/37404510664/job/112080386779,"thread 'tests::it_works' (2416) panicked at /root/.cargo/registry/src/index.crates.io-1949cf8c6b5b557f/insta-1.46.1/src/runtime.rs:719:13:
snapshot assertion for 'it_works' failed in line 686
note: run with `RUST_BACKTRACE=1` environment variable to display a backtrace
test tests::it_works ... FAILED

failures:

failures:
    tests::it_works

test result: FAILED. 0 passed; 1 failed; 0 ignored; 0 measured; 127 filtered out; finished in 65.30s
"
x86_64-unknown-linux-gnu,colored,3.1.1,tests::on_bright_color_fn,full,success,0.126535489,,,,
x86_64-unknown-linux-gnu,colored,3.1.1,tests::on_color_fn,full,success,0.13341815133333335,,,,
x86_64-unknown-linux-gnu,combine,4.6.7,error::tests_std::parse_clone_but_not_copy,full,success,0.13309809866666666,,,,
x86_64-unknown-linux-gnu,combine,4.6.7,parser::byte::num::tests::no_rangestream,full,success,0.143416008,,,,
x86_64-unknown-linux-gnu,combine,4.6.7,parser::byte::tests::bytes_read_stream,full,success,0.1314520406666667,,,,
x86_64-unknown-linux-gnu,combine,4.6.7,parser::byte::tests::memslice_basic,full,success,0.13130844500000002,,,,
x86_64-unknown-linux-gnu,combine,4.6.7,parser::char::tests::space_error,full,success,0.132689772,,,,
x86_64-unknown-linux-gnu,combine,4.6.7,parser::char::tests::string_committed,full,success,0.1309220246666667,,,,
x86_64-unknown-linux-gnu,combine,4.6.7,parser::char::tests::string_error,full,success,0.13069233866666666,,,,
x86_64-unknown-linux-gnu,combine,4.6.7,parser::choice::tests::choice_single_parser,full,success,0.128905562,,,,
x86_64-unknown-linux-gnu,combine,4.6.7,parser::range::tests::range_string_no_char_boundary_error,full,success,0.13700273966666668,,,,
x86_64-unknown-linux-gnu,combine,4.6.7,parser::range::tests::take_until_range_1,full,success,0.130366956,,,,
x86_64-unknown-linux-gnu,combine,4.6.7,parser::range::tests::take_until_range_2,full,success,0.13218123366666668,,,,
x86_64-unknown-linux-gnu,combine,4.6.7,parser::range::tests::take_until_range_unicode_1,full,success,0.13703319133333333,,,,
x86_64-unknown-linux-gnu,combine,4.6.7,parser::range::tests::take_until_range_unicode_2,full,success,0.13694120233333335,,,,
x86_64-unknown-linux-gnu,combine,4.6.7,parser::range::tests::take_while1_test,full,success,0.13162603866666667,,,,
x86_64-unknown-linux-gnu,combine,4.6.7,parser::range::tests::take_while_test,full,success,0.128384706,,,,
x86_64-unknown-linux-gnu,combine,4.6.7,parser::sequence::tests::sequence_single_parser,full,success,0.12959764766666668,,,,
x86_64-unknown-linux-gnu,combine,4.6.7,std_tests::error_position,full,success,0.13133782933333335,,,,
x86_64-unknown-linux-gnu,combine,4.6.7,std_tests::expression_basic,full,success,0.18860985533333333,,,,
x86_64-unknown-linux-gnu,combine,4.6.7,std_tests::expression_error,full,success,0.14340900866666667,,,,
x86_64-unknown-linux-gnu,combine,4.6.7,std_tests::extract_std_error,full,success,0.133675447,,,,
x86_64-unknown-linux-gnu,combine,4.6.7,std_tests::field,full,success,0.133966476,,,,
x86_64-unknown-linux-gnu,combine,4.6.7,std_tests::infinite_recursion_in_box_parser,full,success,0.13005021433333336,,,,
x86_64-unknown-linux-gnu,combine,4.6.7,std_tests::inner_error_consume,full,success,0.13356869033333332,,,,
x86_64-unknown-linux-gnu,combine,4.6.7,std_tests::iterator,full,success,0.139246557,,,,
x86_64-unknown-linux-gnu,combine,4.6.7,std_tests::list,full,success,0.14243811333333334,,,,
x86_64-unknown-linux-gnu,combine,4.6.7,std_tests::operators,full,success,0.18009468866666667,,,,
x86_64-unknown-linux-gnu,combine,4.6.7,std_tests::optional_error_consume,full,success,0.13043201466666668,,,,
x86_64-unknown-linux-gnu,combine,4.6.7,std_tests::sep_by_error_consume,full,success,0.130723431,,,,
x86_64-unknown-linux-gnu,combine,4.6.7,std_tests::source_position,full,success,0.134050405,,,,
x86_64-unknown-linux-gnu,combine,4.6.7,std_tests::std_error,full,success,0.13041795366666667,,,,
x86_64-unknown-linux-gnu,combine,4.6.7,std_tests::test_integer,full,success,0.13251205700000002,,,,
x86_64-unknown-linux-gnu,combine,4.6.7,std_tests::unsized_parser,full,success,0.127699822,,,,
x86_64-unknown-linux-gnu,combine,4.6.7,stream::buf_reader::tests_sync::buf_reader,full,success,0.15230836766666667,,,,
x86_64-unknown-linux-gnu,combine,4.6.7,stream::buf_reader::tests_sync::buf_reader_extend_buf,full,success,0.13932010033333334,,,,
x86_64-unknown-linux-gnu,combine,4.6.7,stream::position::tests::test_positioner,full,success,0.13325570099999998,,,,
x86_64-unknown-linux-gnu,combine,4.6.7,stream::position::tests::test_range_positioner,full,success,0.13077299366666667,,,,
x86_64-unknown-linux-gnu,combine,4.6.7,stream::tests::larger_than_1_byte_items_return_correct_distance,full,success,0.12971998799999998,,,,
x86_64-unknown-linux-gnu,combine,4.6.7,stream::tests::uncons_range_at_end,full,success,0.1352834106666667,,,,
x86_64-unknown-linux-gnu,combine,4.6.7,tests::chainl1_error_consume,full,success,0.12997828566666667,,,,
x86_64-unknown-linux-gnu,combine,4.6.7,tests::choice_strings,full,success,0.140006815,,,,
x86_64-unknown-linux-gnu,const-oid,0.10.2,encoder::tests::base128_byte,full,success,0.13561602166666667,,,,
x86_64-unknown-linux-gnu,const-oid,0.10.2,encoder::tests::encode,full,success,0.13627049500000002,,,,
x86_64-unknown-linux-gnu,const-oid,0.10.2,parser::tests::parse,full,success,0.128113456,,,,
x86_64-unknown-linux-gnu,const-oid,0.10.2,parser::tests::reject_empty_string,full,success,0.13247113966666668,,,,
x86_64-unknown-linux-gnu,const-oid,0.10.2,parser::tests::reject_non_digits,full,success,0.13266804133333335,,,,
x86_64-unknown-linux-gnu,const-oid,0.10.2,parser::tests::reject_trailing_dot,full,success,0.131584609,,,,
x86_64-unknown-linux-gnu,core-foundation-sys,0.8.7,number::test::match_for_type_id_should_be_backwards_compatible,full,success,0.13447836166666668,,,,
x86_64-unknown-linux-gnu,crc32fast,1.5.0,baseline::test::fast_16_is_the_same_as_slow,full,success,2.024270862,,,,
x86_64-unknown-linux-gnu,crc32fast,1.5.0,baseline::test::slow,full,success,0.08003611733333334,,,,
x86_64-unknown-linux-gnu,crc32fast,1.5.0,combine::golden,full,success,0.09172290766666669,,,,
x86_64-unknown-linux-gnu,crc32fast,1.5.0,test::combine,full,success,3.6782858023333334,,,,
x86_64-unknown-linux-gnu,crc32fast,1.5.0,test::combine_from_len,full,success,3.7840138063333337,,,,
x86_64-unknown-linux-gnu,crossbeam-utils,0.8.21,atomic::seq_lock::tests::test_abort,full,success,0.09547598033333334,,,,
x86_64-unknown-linux-gnu,crypto-bigint,0.7.3,checked::tests::checked_add,full,success,0.14309705933333336,,,,
x86_64-unknown-linux-gnu,crypto-bigint,0.7.3,checked::tests::checked_div,full,success,0.14001684233333334,,,,
x86_64-unknown-linux-gnu,crypto-bigint,0.7.3,checked::tests::checked_eq_select,full,success,0.14376438766666666,,,,
x86_64-unknown-linux-gnu,crypto-bigint,0.7.3,checked::tests::checked_from,full,success,0.13631478600000002,,,,
x86_64-unknown-linux-gnu,crypto-bigint,0.7.3,checked::tests::checked_mul,full,success,0.138347709,,,,
x86_64-unknown-linux-gnu,crypto-bigint,0.7.3,checked::tests::checked_new,full,success,0.141311088,,,,
x86_64-unknown-linux-gnu,crypto-bigint,0.7.3,checked::tests::checked_sub,full,success,0.1477581606666667,,,,
x86_64-unknown-linux-gnu,crypto-bigint,0.7.3,int::add::tests::checked_add,full,success,0.13843724433333335,,,,
x86_64-unknown-linux-gnu,crypto-bigint,0.7.3,int::add::tests::overflowing_add,full,success,0.1371342116666667,,,,
x86_64-unknown-linux-gnu,crypto-bigint,0.7.3,int::bit_and::tests::checked_and_ok,full,success,0.13792992666666667,,,,
x86_64-unknown-linux-gnu,crypto-bigint,0.7.3,int::bit_and::tests::wrapping_and_ok,full,success,0.135651461,,,,
x86_64-unknown-linux-gnu,crypto-bigint,0.7.3,int::bit_not::tests::bitnot_ok,full,success,0.14449691,,,,
x86_64-unknown-linux-gnu,crypto-bigint,0.7.3,int::bit_or::tests::checked_or_ok,full,success,0.13537675133333335,,,,
x86_64-unknown-linux-gnu,crypto-bigint,0.7.3,int::bit_or::tests::wrapping_or_ok,full,success,0.13907509266666665,,,,
x86_64-unknown-linux-gnu,crypto-bigint,0.7.3,int::bit_xor::tests::checked_xor_ok,full,success,0.14090739633333335,,,,
x86_64-unknown-linux-gnu,crypto-bigint,0.7.3,int::bit_xor::tests::wrapping_xor_ok,full,success,0.13816234433333333,,,,
x86_64-unknown-linux-gnu,crypto-bigint,0.7.3,int::cmp::tests::test_eq,full,success,0.13959667666666667,,,,
x86_64-unknown-linux-gnu,crypto-bigint,0.7.3,int::cmp::tests::test_gt,full,success,0.14015712633333335,,,,
x86_64-unknown-linux-gnu,crypto-bigint,0.7.3,int::cmp::tests::test_is_nonzero,full,success,0.14050377033333333,,,,
x86_64-unknown-linux-gnu,crypto-bigint,0.7.3,int::cmp::tests::test_lt,full,success,0.13629106533333335,,,,
x86_64-unknown-linux-gnu,crypto-bigint,0.7.3,int::ct::tests::ct_gt,full,success,0.13850823533333334,,,,
x86_64-unknown-linux-gnu,crypto-bigint,0.7.3,int::ct::tests::ct_lt,full,success,0.138496861,,,,
x86_64-unknown-linux-gnu,crypto-bigint,0.7.3,int::ct::tests::ct_select,full,success,0.136248746,,,,
x86_64-unknown-linux-gnu,crypto-bigint,0.7.3,int::div::tests::div_vartime_through_trait,full,success,0.13681300133333332,,,,
x86_64-unknown-linux-gnu,crypto-bigint,0.7.3,int::div::tests::test_checked_div,full,success,0.14966698199999998,,,,
x86_64-unknown-linux-gnu,crypto-bigint,0.7.3,int::div::tests::test_checked_div_floor,full,success,0.13698541500000003,,,,
x86_64-unknown-linux-gnu,crypto-bigint,0.7.3,int::div::tests::test_checked_div_mod_floor,full,success,0.142410963,,,,
x86_64-unknown-linux-gnu,crypto-bigint,0.7.3,int::div_unsigned::tests::test_div_ct_vs_vt,full,success,0.6088921866666667,,,,
x86_64-unknown-linux-gnu,crypto-bigint,0.7.3,int::div_unsigned::tests::test_div_floor_ct_vs_vt,full,success,0.6195892153333333,,,,
x86_64-unknown-linux-gnu,crypto-bigint,0.7.3,int::div_unsigned::tests::test_div_rem_floor_unsigned,full,success,0.14174062633333334,,,,
x86_64-unknown-linux-gnu,crypto-bigint,0.7.3,int::div_unsigned::tests::test_div_unsigned,full,success,0.14289162133333333,,,,
x86_64-unknown-linux-gnu,crypto-bigint,0.7.3,int::from::tests::from_i128,full,success,0.145061535,,,,
x86_64-unknown-linux-gnu,crypto-bigint,0.7.3,int::from::tests::from_i16,full,success,0.13752306366666667,,,,
x86_64-unknown-linux-gnu,crypto-bigint,0.7.3,int::from::tests::from_i32,full,success,0.13618244633333335,,,,
x86_64-unknown-linux-gnu,crypto-bigint,0.7.3,int::from::tests::from_i64,full,success,0.13505570133333333,,,,
x86_64-unknown-linux-gnu,crypto-bigint,0.7.3,int::from::tests::from_i8,full,success,0.13714360033333337,,,,
x86_64-unknown-linux-gnu,crypto-bigint,0.7.3,int::invert_mod::tests::test_invert_even,full,success,0.31640834100000004,,,,
x86_64-unknown-linux-gnu,crypto-bigint,0.7.3,int::invert_mod::tests::test_invert_odd,full,success,0.47568373133333336,,,,
x86_64-unknown-linux-gnu,crypto-bigint,0.7.3,int::mod_symbol::tests::jacobi_int,full,success,0.5074065019999999,,,,
x86_64-unknown-linux-gnu,crypto-bigint,0.7.3,int::mod_symbol::tests::jacobi_neg_one,full,success,0.5069721876666667,,,,
x86_64-unknown-linux-gnu,crypto-bigint,0.7.3,int::mod_symbol::tests::jacobi_non_coprime,full,success,0.3291273286666667,,,,
x86_64-unknown-linux-gnu,crypto-bigint,0.7.3,int::mod_symbol::tests::jacobi_non_quad_residue,full,success,0.32051546633333333,,,,
x86_64-unknown-linux-gnu,crypto-bigint,0.7.3,int::mod_symbol::tests::jacobi_quad_residue,full,success,0.32170924866666667,,,,
x86_64-unknown-linux-gnu,crypto-bigint,0.7.3,int::mod_symbol::tests::jacobi_zero,full,success,0.317275856,,,,
x86_64-unknown-linux-gnu,crypto-bigint,0.7.3,int::mul::tests::test_checked_mul,full,success,0.1406632256666667,,,,
x86_64-unknown-linux-gnu,crypto-bigint,0.7.3,int::mul::tests::test_checked_square,full,success,0.13785791533333333,,,,
x86_64-unknown-linux-gnu,crypto-bigint,0.7.3,int::mul::tests::test_concatenating_mul,full,success,0.14439401966666668,,,,
x86_64-unknown-linux-gnu,crypto-bigint,0.7.3,int::mul::tests::test_concatenating_square,full,success,0.13826465966666668,,,,
x86_64-unknown-linux-gnu,crypto-bigint,0.7.3,int::mul::tests::test_saturating_mul,full,success,0.14332666433333333,,,,
x86_64-unknown-linux-gnu,crypto-bigint,0.7.3,int::mul::tests::test_saturating_square,full,success,0.13471099033333334,,,,
x86_64-unknown-linux-gnu,crypto-bigint,0.7.3,int::mul::tests::test_wrapping_mul,full,success,0.13789053533333334,,,,
x86_64-unknown-linux-gnu,crypto-bigint,0.7.3,int::mul::tests::test_wrapping_mul_mixed,full,success,0.13708393333333335,,,,
x86_64-unknown-linux-gnu,crypto-bigint,0.7.3,int::mul::tests::test_wrapping_square,full,success,0.13548711333333333,,,,
x86_64-unknown-linux-gnu,crypto-bigint,0.7.3,int::mul_unsigned::tests::test_checked_mul_unsigned,full,success,0.13714478233333335,,,,
x86_64-unknown-linux-gnu,crypto-bigint,0.7.3,int::mul_unsigned::tests::test_checked_mul_unsigned_right,full,success,0.13745401566666668,,,,
x86_64-unknown-linux-gnu,crypto-bigint,0.7.3,int::mul_unsigned::tests::test_concatenating_mul_unsigned,full,success,0.14209618733333337,,,,
x86_64-unknown-linux-gnu,crypto-bigint,0.7.3,int::neg::tests::checked_neg,full,success,0.13592213066666667,,,,
x86_64-unknown-linux-gnu,crypto-bigint,0.7.3,int::neg::tests::overflowing_neg,full,success,0.13710869266666667,,,,
x86_64-unknown-linux-gnu,crypto-bigint,0.7.3,int::neg::tests::wrapping_neg_if,full,success,0.13995237700000002,,,,
x86_64-unknown-linux-gnu,crypto-bigint,0.7.3,int::resize::tests::scale_down,full,success,0.13584634566666667,,,,
x86_64-unknown-linux-gnu,crypto-bigint,0.7.3,int::resize::tests::scale_up,full,success,0.13534655766666667,,,,
x86_64-unknown-linux-gnu,crypto-bigint,0.7.3,int::shl::tests::shl1,full,success,0.13637900066666667,,,,
x86_64-unknown-linux-gnu,crypto-bigint,0.7.3,int::shl::tests::shl2,full,success,0.134046648,,,,
x86_64-unknown-linux-gnu,crypto-bigint,0.7.3,int::shl::tests::shl256_const,full,success,0.13676689566666667,,,,
x86_64-unknown-linux-gnu,crypto-bigint,0.7.3,int::shl::tests::shl64,full,success,0.13514553766666668,,,,
x86_64-unknown-linux-gnu,crypto-bigint,0.7.3,int::shl::tests::shl65,full,success,0.13481689133333333,,,,
x86_64-unknown-linux-gnu,crypto-bigint,0.7.3,int::shl::tests::shl88,full,success,0.144406697,,,,
x86_64-unknown-linux-gnu,crypto-bigint,0.7.3,int::shl::tests::shl_bounds_panic,full,success,0.13758873600000002,,,,
x86_64-unknown-linux-gnu,crypto-bigint,0.7.3,int::shl::tests::shl_simple,full,success,0.13534780833333335,,,,
x86_64-unknown-linux-gnu,crypto-bigint,0.7.3,int::shl::tests::unbounded_shl,full,success,0.13482703133333335,,,,
x86_64-unknown-linux-gnu,crypto-bigint,0.7.3,int::shl::tests::wrapping_shl,full,success,0.13598860933333334,,,,
x86_64-unknown-linux-gnu,crypto-bigint,0.7.3,int::shr::tests::overflowing_shr_vartime_zero_shift,full,success,0.13651981166666666,,,,
x86_64-unknown-linux-gnu,crypto-bigint,0.7.3,int::shr::tests::shr0,full,success,0.13567811999999999,,,,
x86_64-unknown-linux-gnu,crypto-bigint,0.7.3,int::shr::tests::shr1,full,success,0.137328847,,,,
x86_64-unknown-linux-gnu,crypto-bigint,0.7.3,int::shr::tests::shr256_const,full,success,0.13669540666666669,,,,
x86_64-unknown-linux-gnu,crypto-bigint,0.7.3,int::shr::tests::shr5,full,success,0.139730648,,,,
x86_64-unknown-linux-gnu,crypto-bigint,0.7.3,int::shr::tests::shr7_vartime,full,success,0.141015659,,,,
x86_64-unknown-linux-gnu,crypto-bigint,0.7.3,int::shr::tests::shr_bounds_panic,full,success,0.14173581066666668,,,,
x86_64-unknown-linux-gnu,crypto-bigint,0.7.3,int::shr::tests::shr_vartime_zero_shift,full,success,0.13731309366666666,,,,
x86_64-unknown-linux-gnu,crypto-bigint,0.7.3,int::shr::tests::unbounded_shr,full,success,0.13901149866666665,,,,
x86_64-unknown-linux-gnu,crypto-bigint,0.7.3,int::shr::tests::unbounded_shr_vartime_zero_shift,full,success,0.13633035166666665,,,,
x86_64-unknown-linux-gnu,crypto-bigint,0.7.3,int::shr::tests::wrapping_shr,full,success,0.14107875100000003,,,,
x86_64-unknown-linux-gnu,crypto-bigint,0.7.3,int::shr::tests::wrapping_shr_vartime_multiple_of_bits_is_identity,full,success,0.14420932633333333,,,,
x86_64-unknown-linux-gnu,crypto-bigint,0.7.3,int::sign::tests::is_negative,full,success,0.13877378066666668,,,,
x86_64-unknown-linux-gnu,crypto-bigint,0.7.3,int::sign::tests::is_positive,full,success,0.13528727966666668,,,,
x86_64-unknown-linux-gnu,crypto-bigint,0.7.3,int::sign::tests::new_from_abs_sign,full,success,0.13545417466666668,,,,
x86_64-unknown-linux-gnu,crypto-bigint,0.7.3,int::sqrt::tests::square_root_expected,full,success,0.16161291366666666,,,,
x86_64-unknown-linux-gnu,crypto-bigint,0.7.3,int::sub::tests::checked_sub,full,success,0.13986585666666665,,,,
x86_64-unknown-linux-gnu,crypto-bigint,0.7.3,int::sub::tests::wrapping_sub,full,success,0.13775094300000001,,,,
x86_64-unknown-linux-gnu,crypto-bigint,0.7.3,int::tests::as_uint,full,success,0.13950418066666667,,,,
x86_64-unknown-linux-gnu,crypto-bigint,0.7.3,int::tests::as_words,full,success,0.13777827733333334,,,,
x86_64-unknown-linux-gnu,crypto-bigint,0.7.3,int::tests::as_words_mut,full,success,0.138616547,,,,
x86_64-unknown-linux-gnu,crypto-bigint,0.7.3,int::tests::is_maximal,full,success,0.13752727866666667,,,,
x86_64-unknown-linux-gnu,crypto-bigint,0.7.3,int::tests::is_minimal,full,success,0.13737139666666667,,,,
x86_64-unknown-linux-gnu,crypto-bigint,0.7.3,int::tests::test_signed,full,success,0.24476096400000003,,,,
x86_64-unknown-linux-gnu,crypto-bigint,0.7.3,int::tests::to_uint,full,success,0.14811651833333336,,,,
x86_64-unknown-linux-gnu,crypto-bigint,0.7.3,jacobi::tests::jacobi_eq,full,success,0.14721483133333335,,,,
x86_64-unknown-linux-gnu,crypto-bigint,0.7.3,jacobi::tests::jacobi_from,full,success,0.13603030566666666,,,,
x86_64-unknown-linux-gnu,crypto-bigint,0.7.3,jacobi::tests::jacobi_neg,full,success,0.14006423166666668,,,,
x86_64-unknown-linux-gnu,crypto-bigint,0.7.3,limb::add::tests::add_no_overflow,full,success,0.1398116633333333,,,,
x86_64-unknown-linux-gnu,crypto-bigint,0.7.3,limb::add::tests::add_with_overflow,full,success,0.14331127566666668,,,,
x86_64-unknown-linux-gnu,crypto-bigint,0.7.3,limb::add::tests::carrying_add_no_carry,full,success,0.13774912533333333,,,,
x86_64-unknown-linux-gnu,crypto-bigint,0.7.3,limb::add::tests::carrying_add_with_carry,full,success,0.13860181633333335,,,,
x86_64-unknown-linux-gnu,crypto-bigint,0.7.3,limb::add::tests::checked_add,full,success,0.136112627,,,,
x86_64-unknown-linux-gnu,crypto-bigint,0.7.3,limb::add::tests::checked_add_ok,full,success,0.138615417,,,,
x86_64-unknown-linux-gnu,crypto-bigint,0.7.3,limb::add::tests::checked_add_overflow,full,success,0.14049602366666666,,,,
x86_64-unknown-linux-gnu,crypto-bigint,0.7.3,limb::add::tests::overflowing_add_no_carry,full,success,0.14044531366666668,,,,
x86_64-unknown-linux-gnu,crypto-bigint,0.7.3,limb::add::tests::overflowing_add_with_carry,full,success,0.14285239233333336,,,,
x86_64-unknown-linux-gnu,crypto-bigint,0.7.3,limb::add::tests::saturating_add,full,success,0.145367134,,,,
x86_64-unknown-linux-gnu,crypto-bigint,0.7.3,limb::add::tests::wrapping_add_no_carry,full,success,0.14483254666666667,,,,
x86_64-unknown-linux-gnu,crypto-bigint,0.7.3,limb::add::tests::wrapping_add_with_carry,full,success,0.14492349366666665,,,,
x86_64-unknown-linux-gnu,crypto-bigint,0.7.3,limb::bit_xor::tests::bitxor,full,success,0.138048665,,,,
x86_64-unknown-linux-gnu,crypto-bigint,0.7.3,limb::bit_xor::tests::bitxor_assign,full,success,0.13808129400000002,,,,
x86_64-unknown-linux-gnu,crypto-bigint,0.7.3,limb::bits::tests::bit,full,success,0.14328288,,,,
x86_64-unknown-linux-gnu,crypto-bigint,0.7.3,limb::bits::tests::bit_vartime,full,success,0.139990825,,,,
x86_64-unknown-linux-gnu,crypto-bigint,0.7.3,limb::bits::tests::leading_zeros,full,success,0.13971240266666665,,,,
x86_64-unknown-linux-gnu,crypto-bigint,0.7.3,limb::bits::tests::leading_zeros_vartime,full,success,0.145486391,,,,
x86_64-unknown-linux-gnu,crypto-bigint,0.7.3,limb::bits::tests::set_bit,full,success,0.13837286466666668,,,,
x86_64-unknown-linux-gnu,crypto-bigint,0.7.3,limb::bits::tests::set_bit_vartime,full,success,0.139746038,,,,
x86_64-unknown-linux-gnu,crypto-bigint,0.7.3,limb::bits::tests::trailing_ones,full,success,0.13589752966666666,,,,
x86_64-unknown-linux-gnu,crypto-bigint,0.7.3,limb::bits::tests::trailing_ones_vartime,full,success,0.1373704436666667,,,,
x86_64-unknown-linux-gnu,crypto-bigint,0.7.3,limb::bits::tests::trailing_zeros,full,success,0.13815773,,,,
x86_64-unknown-linux-gnu,crypto-bigint,0.7.3,limb::bits::tests::trailing_zeros_vartime,full,success,0.13608411433333334,,,,
x86_64-unknown-linux-gnu,crypto-bigint,0.7.3,limb::cmp::tests::cmp,full,success,0.14035224433333335,,,,
x86_64-unknown-linux-gnu,crypto-bigint,0.7.3,limb::cmp::tests::ct_conditional_swap,full,success,0.14191327666666667,,,,
x86_64-unknown-linux-gnu,crypto-bigint,0.7.3,limb::cmp::tests::is_odd,full,success,0.135061132,,,,
x86_64-unknown-linux-gnu,crypto-bigint,0.7.3,limb::cmp::tests::is_zero,full,success,0.13689912766666668,,,,
x86_64-unknown-linux-gnu,crypto-bigint,0.7.3,limb::ct::tests::ct_eq,full,success,0.134422297,,,,
x86_64-unknown-linux-gnu,crypto-bigint,0.7.3,limb::ct::tests::ct_gt,full,success,0.13969783466666671,,,,
x86_64-unknown-linux-gnu,crypto-bigint,0.7.3,limb::ct::tests::ct_lt,full,success,0.14105508733333336,,,,
x86_64-unknown-linux-gnu,crypto-bigint,0.7.3,limb::div::tests::checked_div,full,success,0.136442859,,,,
x86_64-unknown-linux-gnu,crypto-bigint,0.7.3,limb::div::tests::checked_rem,full,success,0.13493662733333334,,,,
x86_64-unknown-linux-gnu,crypto-bigint,0.7.3,limb::div::tests::div_assign_trait,full,success,0.13748471066666668,,,,
x86_64-unknown-linux-gnu,crypto-bigint,0.7.3,limb::div::tests::div_ref_zero,full,success,0.14067671933333334,,,,
x86_64-unknown-linux-gnu,crypto-bigint,0.7.3,limb::div::tests::div_rem_ok,full,success,0.1403986296666667,,,,
x86_64-unknown-linux-gnu,crypto-bigint,0.7.3,limb::div::tests::div_trait,full,success,0.14587150766666668,,,,
x86_64-unknown-linux-gnu,crypto-bigint,0.7.3,limb::div::tests::div_zero,full,success,0.145368882,,,,
x86_64-unknown-linux-gnu,crypto-bigint,0.7.3,limb::div::tests::rem_assign_trait,full,success,0.13685435433333334,,,,
x86_64-unknown-linux-gnu,crypto-bigint,0.7.3,limb::div::tests::rem_ref_zero,full,success,0.14416827866666668,,,,
x86_64-unknown-linux-gnu,crypto-bigint,0.7.3,limb::div::tests::rem_trait,full,success,0.13740351333333337,,,,
x86_64-unknown-linux-gnu,crypto-bigint,0.7.3,limb::div::tests::rem_zero,full,success,0.14109109366666667,,,,
x86_64-unknown-linux-gnu,crypto-bigint,0.7.3,limb::encoding::test::reverse,full,success,0.14087416266666666,,,,
x86_64-unknown-linux-gnu,crypto-bigint,0.7.3,limb::encoding::test::roundtrip,full,success,0.14198633966666666,,,,
x86_64-unknown-linux-gnu,crypto-bigint,0.7.3,limb::gcd::tests::gcd_expected,full,success,0.16545849733333332,,,,
x86_64-unknown-linux-gnu,crypto-bigint,0.7.3,limb::mul::tests::checked_mul_ok,full,success,0.138117662,,,,
x86_64-unknown-linux-gnu,crypto-bigint,0.7.3,limb::mul::tests::checked_mul_overflow,full,success,0.13879485533333336,,,,
x86_64-unknown-linux-gnu,crypto-bigint,0.7.3,limb::shl::tests::overflowing_shl,full,success,0.14129334233333335,,,,
x86_64-unknown-linux-gnu,crypto-bigint,0.7.3,limb::shl::tests::shl1,full,success,0.13959216100000002,,,,
x86_64-unknown-linux-gnu,crypto-bigint,0.7.3,limb::shl::tests::shl2,full,success,0.13799701666666667,,,,
x86_64-unknown-linux-gnu,crypto-bigint,0.7.3,limb::shl::tests::shl_assign1,full,success,0.13914185533333337,,,,
x86_64-unknown-linux-gnu,crypto-bigint,0.7.3,limb::shl::tests::shl_assign2,full,success,0.14140968166666665,,,,
x86_64-unknown-linux-gnu,crypto-bigint,0.7.3,limb::shl::tests::unbounded_shl,full,success,0.13871872066666666,,,,
x86_64-unknown-linux-gnu,crypto-bigint,0.7.3,limb::shl::tests::wrapping_shl,full,success,0.13530055466666668,,,,
x86_64-unknown-linux-gnu,crypto-bigint,0.7.3,limb::shr::tests::overflowing_shr,full,success,0.138874209,,,,
x86_64-unknown-linux-gnu,crypto-bigint,0.7.3,limb::shr::tests::shr1,full,success,0.13515675800000002,,,,
x86_64-unknown-linux-gnu,crypto-bigint,0.7.3,limb::shr::tests::shr2,full,success,0.1423497916666667,,,,
x86_64-unknown-linux-gnu,crypto-bigint,0.7.3,limb::shr::tests::shr_assign1,full,success,0.14505561800000003,,,,
x86_64-unknown-linux-gnu,crypto-bigint,0.7.3,limb::shr::tests::shr_assign2,full,success,0.13716231133333334,,,,
x86_64-unknown-linux-gnu,crypto-bigint,0.7.3,limb::shr::tests::unbounded_shr,full,success,0.14479872966666668,,,,
x86_64-unknown-linux-gnu,crypto-bigint,0.7.3,limb::shr::tests::wrapping_shr,full,success,0.14958774266666666,,,,
x86_64-unknown-linux-gnu,crypto-bigint,0.7.3,limb::sub::tests::borrowing_sub_no_borrow,full,success,0.14454959733333336,,,,
x86_64-unknown-linux-gnu,crypto-bigint,0.7.3,limb::sub::tests::borrowing_sub_with_borrow,full,success,0.1384893336666667,,,,
x86_64-unknown-linux-gnu,crypto-bigint,0.7.3,limb::sub::tests::checked_sub_ok,full,success,0.138104955,,,,
x86_64-unknown-linux-gnu,crypto-bigint,0.7.3,limb::sub::tests::checked_sub_overflow,full,success,0.13719242933333334,,,,
x86_64-unknown-linux-gnu,crypto-bigint,0.7.3,limb::sub::tests::wrapping_sub_no_borrow,full,success,0.14064169533333334,,,,
x86_64-unknown-linux-gnu,crypto-bigint,0.7.3,limb::sub::tests::wrapping_sub_with_borrow,full,success,0.13671275766666668,,,,
x86_64-unknown-linux-gnu,crypto-bigint,0.7.3,limb::tests::nlimbs_for_bits_macro,full,success,0.13766559766666667,,,,
x86_64-unknown-linux-gnu,crypto-bigint,0.7.3,limb::tests::test_unsigned,full,success,0.185369302,,,,
x86_64-unknown-linux-gnu,crypto-bigint,0.7.3,modular::bingcd::compact::tests::test_compact,full,success,0.15632389900000002,,,,
x86_64-unknown-linux-gnu,crypto-bigint,0.7.3,modular::bingcd::compact::tests::test_compact_vartime,full,success,0.13892140866666666,,,,
x86_64-unknown-linux-gnu,crypto-bigint,0.7.3,modular::bingcd::div_mod_2k::tests::test_carrying_mul_add_limb,full,success,0.144018707,,,,
x86_64-unknown-linux-gnu,crypto-bigint,0.7.3,modular::bingcd::div_mod_2k::tests::test_limb_bounded_div2k_mod_q,full,success,0.14791595133333332,,,,
x86_64-unknown-linux-gnu,crypto-bigint,0.7.3,modular::bingcd::div_mod_2k::tests::test_uint_bounded_div2k_mod_q,full,success,0.16123365066666667,,,,
x86_64-unknown-linux-gnu,crypto-bigint,0.7.3,modular::bingcd::extension::tests::bounded_shr,full,success,0.14005246033333332,,,,
x86_64-unknown-linux-gnu,crypto-bigint,0.7.3,modular::bingcd::extension::tests::test_from_product,full,success,0.13682569433333333,,,,
x86_64-unknown-linux-gnu,crypto-bigint,0.7.3,modular::bingcd::extension::tests::test_wrapping_sub,full,success,0.14264057566666669,,,,
x86_64-unknown-linux-gnu,crypto-bigint,0.7.3,modular::bingcd::matrix::tests::test_conditional_add_right_column_to_left,full,success,0.14148783533333334,,,,
x86_64-unknown-linux-gnu,crypto-bigint,0.7.3,modular::bingcd::matrix::tests::test_conditional_double,full,success,0.141390325,,,,
x86_64-unknown-linux-gnu,crypto-bigint,0.7.3,modular::bingcd::matrix::tests::test_conditional_subtract_bottom_row_from_top,full,success,0.14667838366666666,,,,
x86_64-unknown-linux-gnu,crypto-bigint,0.7.3,modular::bingcd::matrix::tests::test_conditional_subtract_right_column_from_left,full,success,0.14239933500000002,,,,
x86_64-unknown-linux-gnu,crypto-bigint,0.7.3,modular::bingcd::matrix::tests::test_conditional_swap,full,success,0.13852219133333335,,,,
x86_64-unknown-linux-gnu,crypto-bigint,0.7.3,modular::bingcd::matrix::tests::test_swap,full,success,0.14862484966666667,,,,
x86_64-unknown-linux-gnu,crypto-bigint,0.7.3,modular::bingcd::matrix::tests::test_wrapping_apply_to,full,success,0.13969072766666668,,,,
x86_64-unknown-linux-gnu,crypto-bigint,0.7.3,modular::const_monty_form::add::tests::add_overflow,full,success,0.13732266166666668,,,,
x86_64-unknown-linux-gnu,crypto-bigint,0.7.3,modular::const_monty_form::invert::tests::test_self_inverse,full,success,0.18451804000000002,,,,
x86_64-unknown-linux-gnu,crypto-bigint,0.7.3,modular::const_monty_form::lincomb::tests::lincomb_expected,full,success,15.660655104999998,,,,
x86_64-unknown-linux-gnu,crypto-bigint,0.7.3,modular::const_monty_form::macros::tests::impl_modulus_with_valid_modulus,full,success,0.13712584133333336,,,,
x86_64-unknown-linux-gnu,crypto-bigint,0.7.3,modular::const_monty_form::macros::tests::new_params_with_valid_modulus,full,success,0.14057254333333333,,,,
x86_64-unknown-linux-gnu,crypto-bigint,0.7.3,modular::const_monty_form::mod_symbol::tests::jacobi_quad_nonresidue,full,success,0.41068028233333337,,,,
x86_64-unknown-linux-gnu,crypto-bigint,0.7.3,modular::const_monty_form::mod_symbol::tests::jacobi_quad_residue,full,success,0.4113368456666667,,,,
x86_64-unknown-linux-gnu,crypto-bigint,0.7.3,modular::const_monty_form::mul::tests::test_mul_eq_add,full,success,0.13694368433333334,,,,
x86_64-unknown-linux-gnu,crypto-bigint,0.7.3,modular::const_monty_form::mul::tests::test_mul_one,full,success,0.136827275,,,,
x86_64-unknown-linux-gnu,crypto-bigint,0.7.3,modular::const_monty_form::mul::tests::test_mul_zero,full,success,0.14423115666666667,,,,
x86_64-unknown-linux-gnu,crypto-bigint,0.7.3,modular::const_monty_form::mul::tests::test_square_eq_mul,full,success,0.13596342733333333,,,,
x86_64-unknown-linux-gnu,crypto-bigint,0.7.3,modular::const_monty_form::mul::tests::test_square_repeat,full,success,0.14315893766666668,,,,
x86_64-unknown-linux-gnu,crypto-bigint,0.7.3,modular::const_monty_form::neg::tests::test_negate,full,success,0.13351646533333336,,,,
x86_64-unknown-linux-gnu,crypto-bigint,0.7.3,modular::const_monty_form::pow::tests::test_multi_exp_array,full,success,0.2955728166666667,,,,
x86_64-unknown-linux-gnu,crypto-bigint,0.7.3,modular::const_monty_form::pow::tests::test_powmod,full,success,0.18713738866666665,,,,
x86_64-unknown-linux-gnu,crypto-bigint,0.7.3,modular::const_monty_form::pow::tests::test_powmod_small_base,full,success,0.18582080700000003,,,,
x86_64-unknown-linux-gnu,crypto-bigint,0.7.3,modular::const_monty_form::pow::tests::test_powmod_small_exponent,full,success,0.16930370566666667,,,,
x86_64-unknown-linux-gnu,crypto-bigint,0.7.3,modular::const_monty_form::pow::tests::test_powmod_zero,full,success,0.168356867,,,,
x86_64-unknown-linux-gnu,crypto-bigint,0.7.3,modular::const_monty_form::sqrt::tests::check_sqrt,full,success,0.19120681466666667,,,,
x86_64-unknown-linux-gnu,crypto-bigint,0.7.3,modular::const_monty_form::sub::tests::sub_overflow,full,success,0.13429923166666669,,,,
x86_64-unknown-linux-gnu,crypto-bigint,0.7.3,modular::fixed_monty_form::add::tests::add_overflow,full,success,0.13704253133333333,,,,
x86_64-unknown-linux-gnu,crypto-bigint,0.7.3,modular::fixed_monty_form::invert::tests::test_self_inverse,full,success,0.1877560266666667,,,,
x86_64-unknown-linux-gnu,crypto-bigint,0.7.3,modular::fixed_monty_form::lincomb::tests::lincomb_expected,full,success,26.29087794,,,,
x86_64-unknown-linux-gnu,crypto-bigint,0.7.3,modular::fixed_monty_form::mod_symbol::tests::jacobi_quad_nonresidue,full,success,0.4050965416666667,,,,
x86_64-unknown-linux-gnu,crypto-bigint,0.7.3,modular::fixed_monty_form::mod_symbol::tests::jacobi_quad_residue,full,success,0.3990873963333334,,,,
x86_64-unknown-linux-gnu,crypto-bigint,0.7.3,modular::fixed_monty_form::mul::tests::test_mul_eq_add,full,success,0.13386115533333334,,,,
x86_64-unknown-linux-gnu,crypto-bigint,0.7.3,modular::fixed_monty_form::mul::tests::test_mul_one,full,success,0.13372802266666667,,,,
x86_64-unknown-linux-gnu,crypto-bigint,0.7.3,modular::fixed_monty_form::mul::tests::test_mul_zero,full,success,0.13500385933333334,,,,
x86_64-unknown-linux-gnu,crypto-bigint,0.7.3,modular::fixed_monty_form::mul::tests::test_square_eq_mul,full,success,0.13484304333333333,,,,
x86_64-unknown-linux-gnu,crypto-bigint,0.7.3,modular::fixed_monty_form::mul::tests::test_square_repeat,full,success,0.1401001756666667,,,,
x86_64-unknown-linux-gnu,crypto-bigint,0.7.3,modular::fixed_monty_form::pow::tests::test_multi_exp_array,full,success,0.35292729466666667,,,,
x86_64-unknown-linux-gnu,crypto-bigint,0.7.3,modular::fixed_monty_form::pow::tests::test_powmod,full,success,0.22570208800000002,,,,
x86_64-unknown-linux-gnu,crypto-bigint,0.7.3,modular::fixed_monty_form::pow::tests::test_powmod_small_base,full,success,0.2148239276666667,,,,
x86_64-unknown-linux-gnu,crypto-bigint,0.7.3,modular::fixed_monty_form::pow::tests::test_powmod_small_exponent,full,success,0.18284565033333333,,,,
x86_64-unknown-linux-gnu,crypto-bigint,0.7.3,modular::fixed_monty_form::pow::tests::test_powmod_zero,full,success,0.1800898486666667,,,,
x86_64-unknown-linux-gnu,crypto-bigint,0.7.3,modular::fixed_monty_form::sub::tests::sub_overflow,full,success,0.13554532,,,,
x86_64-unknown-linux-gnu,crypto-bigint,0.7.3,modular::fixed_monty_form::tests::new_params_with_valid_modulus,full,success,0.134949918,,,,
x86_64-unknown-linux-gnu,crypto-bigint,0.7.3,modular::prime_params::tests::check_equality,full,success,0.13924537166666667,,,,
x86_64-unknown-linux-gnu,crypto-bigint,0.7.3,modular::prime_params::tests::check_expected,full,success,0.13793545133333332,,,,
x86_64-unknown-linux-gnu,crypto-bigint,0.7.3,modular::prime_params::tests::check_invalid_generator,full,success,0.13681799133333336,,,,
x86_64-unknown-linux-gnu,crypto-bigint,0.7.3,modular::prime_params::tests::check_non_prime,full,success,0.148584633,,,,
x86_64-unknown-linux-gnu,crypto-bigint,0.7.3,modular::safegcd::tests::invert,full,success,0.15918472366666667,,,,
x86_64-unknown-linux-gnu,crypto-bigint,0.7.3,modular::safegcd::tests::shr_wide,full,success,0.13446167933333333,,,,
x86_64-unknown-linux-gnu,crypto-bigint,0.7.3,modular::sqrt::tests::mod_sqrt_s_1,full,success,0.2202089376666667,,,,
x86_64-unknown-linux-gnu,crypto-bigint,0.7.3,modular::sqrt::tests::mod_sqrt_s_2,full,success,0.27318567033333335,,,,
x86_64-unknown-linux-gnu,crypto-bigint,0.7.3,modular::sqrt::tests::mod_sqrt_s_3,full,success,0.6800884256666668,,,,
x86_64-unknown-linux-gnu,crypto-bigint,0.7.3,modular::sqrt::tests::mod_sqrt_s_4,full,success,0.2725951886666667,,,,
x86_64-unknown-linux-gnu,crypto-bigint,0.7.3,modular::sqrt::tests::mod_sqrt_s_6,full,success,0.2938012406666667,,,,
x86_64-unknown-linux-gnu,crypto-bigint,0.7.3,modular::tests::monty_mul_one_r,full,success,0.13523385899999998,,,,
x86_64-unknown-linux-gnu,crypto-bigint,0.7.3,modular::tests::monty_mul_r2,full,success,0.13657772733333334,,,,
x86_64-unknown-linux-gnu,crypto-bigint,0.7.3,modular::tests::monty_mul_r_r,full,success,0.136317184,,,,
x86_64-unknown-linux-gnu,crypto-bigint,0.7.3,modular::tests::monty_mul_xr,full,success,0.134507827,,,,
x86_64-unknown-linux-gnu,crypto-bigint,0.7.3,modular::tests::monty_mul_xr2,full,success,0.13545949633333335,,,,
x86_64-unknown-linux-gnu,crypto-bigint,0.7.3,modular::tests::monty_square_r,full,success,0.134599148,,,,
x86_64-unknown-linux-gnu,crypto-bigint,0.7.3,modular::tests::test_montgomery_params,full,success,0.13438078533333334,,,,
x86_64-unknown-linux-gnu,crypto-bigint,0.7.3,modular::tests::test_new_retrieve,full,success,0.13309389666666668,,,,
x86_64-unknown-linux-gnu,crypto-bigint,0.7.3,modular::tests::test_reducing_one,full,success,0.13391935866666668,,,,
x86_64-unknown-linux-gnu,crypto-bigint,0.7.3,modular::tests::test_reducing_r2,full,success,0.13322663033333335,,,,
x86_64-unknown-linux-gnu,crypto-bigint,0.7.3,modular::tests::test_reducing_r2_wide,full,success,0.13494181566666666,,,,
x86_64-unknown-linux-gnu,crypto-bigint,0.7.3,modular::tests::test_reducing_xr2_wide,full,success,0.13791740233333336,,,,
x86_64-unknown-linux-gnu,crypto-bigint,0.7.3,modular::tests::test_reducing_xr_wide,full,success,0.13518340399999998,,,,
x86_64-unknown-linux-gnu,crypto-bigint,0.7.3,non_zero::tests::default,full,success,0.13454430566666667,,,,
x86_64-unknown-linux-gnu,crypto-bigint,0.7.3,non_zero::tests::from_be_bytes,full,success,0.1367663806666667,,,,
x86_64-unknown-linux-gnu,crypto-bigint,0.7.3,non_zero::tests::from_be_hex_when_nonzero,full,success,0.13384507333333334,,,,
x86_64-unknown-linux-gnu,crypto-bigint,0.7.3,non_zero::tests::from_be_hex_when_zero,full,success,0.1374004746666667,,,,
x86_64-unknown-linux-gnu,crypto-bigint,0.7.3,non_zero::tests::from_le_bytes,full,success,0.13455103566666668,,,,
x86_64-unknown-linux-gnu,crypto-bigint,0.7.3,non_zero::tests::from_le_hex_when_nonzero,full,success,0.14264103800000003,,,,
x86_64-unknown-linux-gnu,crypto-bigint,0.7.3,non_zero::tests::from_le_hex_when_zero,full,success,0.13692437966666668,,,,
x86_64-unknown-linux-gnu,crypto-bigint,0.7.3,non_zero::tests::int_abs_sign,full,success,0.134013871,,,,
x86_64-unknown-linux-gnu,crypto-bigint,0.7.3,non_zero::tests::one,full,success,0.13421290533333333,,,,
x86_64-unknown-linux-gnu,crypto-bigint,0.7.3,odd::tests::default,full,success,0.139362324,,,,
x86_64-unknown-linux-gnu,crypto-bigint,0.7.3,odd::tests::from_be_hex_when_even,full,success,0.138315289,,,,
x86_64-unknown-linux-gnu,crypto-bigint,0.7.3,odd::tests::from_be_hex_when_odd,full,success,0.14048099766666666,,,,
x86_64-unknown-linux-gnu,crypto-bigint,0.7.3,odd::tests::from_le_hex_when_even,full,success,0.1364024026666667,,,,
x86_64-unknown-linux-gnu,crypto-bigint,0.7.3,odd::tests::from_le_hex_when_odd,full,success,0.13441710633333337,,,,
x86_64-unknown-linux-gnu,crypto-bigint,0.7.3,odd::tests::not_odd_numbers,full,success,0.137020088,,,,
x86_64-unknown-linux-gnu,crypto-bigint,0.7.3,primitives::tests::carrying_mul_add_cannot_overflow,full,success,0.14447210600000002,,,,
x86_64-unknown-linux-gnu,crypto-bigint,0.7.3,primitives::tests::test_u32_const_max,full,success,0.13357684833333336,,,,
x86_64-unknown-linux-gnu,crypto-bigint,0.7.3,primitives::tests::test_u32_const_min,full,success,0.13950261133333333,,,,
x86_64-unknown-linux-gnu,crypto-bigint,0.7.3,primitives::tests::test_u32_const_rem,full,success,0.13333339433333333,,,,
x86_64-unknown-linux-gnu,crypto-bigint,0.7.3,uint::add::tests::carrying_add_no_carry,full,success,0.13848029566666667,,,,
x86_64-unknown-linux-gnu,crypto-bigint,0.7.3,uint::add::tests::carrying_add_with_carry,full,success,0.14021624833333335,,,,
x86_64-unknown-linux-gnu,crypto-bigint,0.7.3,uint::add::tests::checked_add_ok,full,success,0.13405616166666667,,,,
x86_64-unknown-linux-gnu,crypto-bigint,0.7.3,uint::add::tests::checked_add_overflow,full,success,0.13526663200000003,,,,
x86_64-unknown-linux-gnu,crypto-bigint,0.7.3,uint::add::tests::overflowing_add_limb,full,success,0.13743181966666668,,,,
x86_64-unknown-linux-gnu,crypto-bigint,0.7.3,uint::add::tests::saturating_add_no_carry,full,success,0.135279988,,,,
x86_64-unknown-linux-gnu,crypto-bigint,0.7.3,uint::add::tests::saturating_add_with_carry,full,success,0.13469933366666667,,,,
x86_64-unknown-linux-gnu,crypto-bigint,0.7.3,uint::add::tests::wrapping_add_no_carry,full,success,0.1431581636666667,,,,
x86_64-unknown-linux-gnu,crypto-bigint,0.7.3,uint::add::tests::wrapping_add_with_carry,full,success,0.14265216333333333,,,,
x86_64-unknown-linux-gnu,crypto-bigint,0.7.3,uint::add_mod::tests::add_mod_nist_p256,full,success,0.13457531,,,,
x86_64-unknown-linux-gnu,crypto-bigint,0.7.3,uint::add_mod::tests::add_mod_special,full,success,1.6378313406666667,,,,
x86_64-unknown-linux-gnu,crypto-bigint,0.7.3,uint::add_mod::tests::double_mod_expected,full,success,0.13727857933333334,,,,
x86_64-unknown-linux-gnu,crypto-bigint,0.7.3,uint::bit_and::tests::checked_and_ok,full,success,0.139013231,,,,
x86_64-unknown-linux-gnu,crypto-bigint,0.7.3,uint::bit_and::tests::overlapping_and_ok,full,success,0.13573743766666668,,,,
x86_64-unknown-linux-gnu,crypto-bigint,0.7.3,uint::bit_not::tests::bitnot_ok,full,success,0.13407900766666667,,,,
x86_64-unknown-linux-gnu,crypto-bigint,0.7.3,uint::bit_or::tests::checked_or_ok,full,success,0.13554644966666665,,,,
x86_64-unknown-linux-gnu,crypto-bigint,0.7.3,uint::bit_or::tests::overlapping_or_ok,full,success,0.133583346,,,,
x86_64-unknown-linux-gnu,crypto-bigint,0.7.3,uint::bit_xor::tests::checked_xor_ok,full,success,0.133603213,,,,
x86_64-unknown-linux-gnu,crypto-bigint,0.7.3,uint::bit_xor::tests::overlapping_xor_ok,full,success,0.1336915866666667,,,,
x86_64-unknown-linux-gnu,crypto-bigint,0.7.3,uint::bits::tests::bit,full,success,0.13391801466666667,,,,
x86_64-unknown-linux-gnu,crypto-bigint,0.7.3,uint::bits::tests::bit_vartime,full,success,0.13376853200000002,,,,
x86_64-unknown-linux-gnu,crypto-bigint,0.7.3,uint::bits::tests::leading_zeros,full,success,0.134227635,,,,
x86_64-unknown-linux-gnu,crypto-bigint,0.7.3,uint::bits::tests::leading_zeros_vartime,full,success,0.13804925266666668,,,,
x86_64-unknown-linux-gnu,crypto-bigint,0.7.3,uint::bits::tests::set_bit,full,success,0.13839414233333336,,,,
x86_64-unknown-linux-gnu,crypto-bigint,0.7.3,uint::bits::tests::trailing_ones,full,success,0.13800236000000002,,,,
x86_64-unknown-linux-gnu,crypto-bigint,0.7.3,uint::bits::tests::trailing_ones_vartime,full,success,0.13831022433333334,,,,
x86_64-unknown-linux-gnu,crypto-bigint,0.7.3,uint::bits::tests::trailing_zeros,full,success,0.140585755,,,,
x86_64-unknown-linux-gnu,crypto-bigint,0.7.3,uint::bits::tests::trailing_zeros_vartime,full,success,0.13704228100000002,,,,
x86_64-unknown-linux-gnu,crypto-bigint,0.7.3,uint::cmp::tests::cmp,full,success,0.13962128266666665,,,,
x86_64-unknown-linux-gnu,crypto-bigint,0.7.3,uint::cmp::tests::cmp_vartime,full,success,0.13505686100000003,,,,
x86_64-unknown-linux-gnu,crypto-bigint,0.7.3,uint::cmp::tests::conditional_swap,full,success,0.13549149666666668,,,,
x86_64-unknown-linux-gnu,crypto-bigint,0.7.3,uint::cmp::tests::is_odd,full,success,0.1343359266666667,,,,
x86_64-unknown-linux-gnu,crypto-bigint,0.7.3,uint::cmp::tests::is_zero,full,success,0.13609584566666666,,,,
x86_64-unknown-linux-gnu,crypto-bigint,0.7.3,uint::cmp::tests::lte,full,success,0.14242616966666669,,,,
x86_64-unknown-linux-gnu,crypto-bigint,0.7.3,uint::concat::tests::concat,full,success,0.14313828366666667,,,,
x86_64-unknown-linux-gnu,crypto-bigint,0.7.3,uint::concat::tests::concat_checked,full,success,0.13497103166666666,,,,
x86_64-unknown-linux-gnu,crypto-bigint,0.7.3,uint::concat::tests::concat_mixed,full,success,0.1413019626666667,,,,
x86_64-unknown-linux-gnu,crypto-bigint,0.7.3,uint::concat::tests::concat_resize_large,full,success,0.14022305633333335,,,,
x86_64-unknown-linux-gnu,crypto-bigint,0.7.3,uint::concat::tests::concat_resize_small,full,success,0.1358215866666667,,,,
x86_64-unknown-linux-gnu,crypto-bigint,0.7.3,uint::concat::tests::convert,full,success,0.13369054866666666,,,,
x86_64-unknown-linux-gnu,crypto-bigint,0.7.3,uint::concat::tests::infer_sizes,full,success,0.13357762133333337,,,,
x86_64-unknown-linux-gnu,crypto-bigint,0.7.3,uint::ct::tests::ct_eq,full,success,0.13491298433333335,,,,
x86_64-unknown-linux-gnu,crypto-bigint,0.7.3,uint::ct::tests::ct_gt,full,success,0.13419044000000002,,,,
x86_64-unknown-linux-gnu,crypto-bigint,0.7.3,uint::ct::tests::ct_lt,full,success,0.14031255166666667,,,,
x86_64-unknown-linux-gnu,crypto-bigint,0.7.3,uint::ct::tests::ct_select,full,success,0.140359135,,,,
x86_64-unknown-linux-gnu,crypto-bigint,0.7.3,uint::div::tests::div,full,success,0.221402346,,,,
x86_64-unknown-linux-gnu,crypto-bigint,0.7.3,uint::div::tests::div_assign_trait,full,success,0.13646699399999998,,,,
x86_64-unknown-linux-gnu,crypto-bigint,0.7.3,uint::div::tests::div_edge,full,success,0.14089370933333334,,,,
x86_64-unknown-linux-gnu,crypto-bigint,0.7.3,uint::div::tests::div_max,full,success,0.13658603433333336,,,,
x86_64-unknown-linux-gnu,crypto-bigint,0.7.3,uint::div::tests::div_one,full,success,0.13689154066666667,,,,
x86_64-unknown-linux-gnu,crypto-bigint,0.7.3,uint::div::tests::div_ref_zero,full,success,0.14375522533333335,,,,
x86_64-unknown-linux-gnu,crypto-bigint,0.7.3,uint::div::tests::div_rem_larger_denominator,full,success,0.13639627566666668,,,,
x86_64-unknown-linux-gnu,crypto-bigint,0.7.3,uint::div::tests::div_rem_larger_numerator,full,success,0.1379223086666667,,,,
x86_64-unknown-linux-gnu,crypto-bigint,0.7.3,uint::div::tests::div_trait,full,success,0.14155720466666666,,,,
x86_64-unknown-linux-gnu,crypto-bigint,0.7.3,uint::div::tests::div_vartime_through_traits,full,success,0.13481715600000002,,,,
x86_64-unknown-linux-gnu,crypto-bigint,0.7.3,uint::div::tests::div_word,full,success,0.15271441433333333,,,,
x86_64-unknown-linux-gnu,crypto-bigint,0.7.3,uint::div::tests::div_zero,full,success,0.13694773933333335,,,,
x86_64-unknown-linux-gnu,crypto-bigint,0.7.3,uint::div::tests::reduce_max,full,success,0.13782506533333336,,,,
x86_64-unknown-linux-gnu,crypto-bigint,0.7.3,uint::div::tests::reduce_one,full,success,0.14251121833333333,,,,
x86_64-unknown-linux-gnu,crypto-bigint,0.7.3,uint::div::tests::reduce_tests,full,success,0.13988716433333334,,,,
x86_64-unknown-linux-gnu,crypto-bigint,0.7.3,uint::div::tests::reduce_tests_wide_zero_padded,full,success,0.14956788333333335,,,,
x86_64-unknown-linux-gnu,crypto-bigint,0.7.3,uint::div::tests::rem2krand,full,success,0.17360227566666667,,,,
x86_64-unknown-linux-gnu,crypto-bigint,0.7.3,uint::div::tests::rem_assign_trait,full,success,0.13815556766666667,,,,
x86_64-unknown-linux-gnu,crypto-bigint,0.7.3,uint::div::tests::rem_mixed,full,success,0.13883168033333335,,,,
x86_64-unknown-linux-gnu,crypto-bigint,0.7.3,uint::div::tests::rem_mixed_even,full,success,0.13883493733333332,,,,
x86_64-unknown-linux-gnu,crypto-bigint,0.7.3,uint::div::tests::rem_mixed_through_traits,full,success,0.13705475766666667,,,,
x86_64-unknown-linux-gnu,crypto-bigint,0.7.3,uint::div::tests::rem_ref_zero,full,success,0.13791409133333335,,,,
x86_64-unknown-linux-gnu,crypto-bigint,0.7.3,uint::div::tests::rem_trait,full,success,0.13807916033333334,,,,
x86_64-unknown-linux-gnu,crypto-bigint,0.7.3,uint::div::tests::rem_wide_corner_case,full,success,0.14325241533333335,,,,
x86_64-unknown-linux-gnu,crypto-bigint,0.7.3,uint::div::tests::rem_zero,full,success,0.1378970986666667,,,,
x86_64-unknown-linux-gnu,crypto-bigint,0.7.3,uint::div_limb::tests::div2by1_overflow,full,success,0.1369388393333333,,,,
x86_64-unknown-linux-gnu,crypto-bigint,0.7.3,uint::encoding::tests::encode_be_hex,full,success,0.13304185366666668,,,,
x86_64-unknown-linux-gnu,crypto-bigint,0.7.3,uint::encoding::tests::from_be_hex,full,success,0.13498293033333333,,,,
x86_64-unknown-linux-gnu,crypto-bigint,0.7.3,uint::encoding::tests::from_be_slice,full,success,0.134491281,,,,
x86_64-unknown-linux-gnu,crypto-bigint,0.7.3,uint::encoding::tests::from_le_hex,full,success,0.144137077,,,,
x86_64-unknown-linux-gnu,crypto-bigint,0.7.3,uint::encoding::tests::from_le_slice,full,success,0.13662642533333336,,,,
x86_64-unknown-linux-gnu,crypto-bigint,0.7.3,uint::encoding::tests::from_str_radix_10,full,success,0.134511138,,,,
x86_64-unknown-linux-gnu,crypto-bigint,0.7.3,uint::encoding::tests::from_str_radix_2,full,success,0.43021408899999997,,,,
x86_64-unknown-linux-gnu,crypto-bigint,0.7.3,uint::encoding::tests::from_str_radix_5,full,success,0.17637265266666668,,,,
x86_64-unknown-linux-gnu,crypto-bigint,0.7.3,uint::encoding::tests::from_str_radix_disallowed,full,success,0.13800957033333336,,,,
x86_64-unknown-linux-gnu,crypto-bigint,0.7.3,uint::encoding::tests::infer_sizes,full,success,0.1359943756666667,,,,
x86_64-unknown-linux-gnu,crypto-bigint,0.7.3,uint::from::tests::array_round_trip,full,success,0.13569303733333335,,,,
x86_64-unknown-linux-gnu,crypto-bigint,0.7.3,uint::from::tests::concat_mixed,full,success,0.13424273833333333,,,,
x86_64-unknown-linux-gnu,crypto-bigint,0.7.3,uint::from::tests::from_u128,full,success,0.13443640066666665,,,,
x86_64-unknown-linux-gnu,crypto-bigint,0.7.3,uint::from::tests::from_u16,full,success,0.139879069,,,,
x86_64-unknown-linux-gnu,crypto-bigint,0.7.3,uint::from::tests::from_u64,full,success,0.13365577566666667,,,,
x86_64-unknown-linux-gnu,crypto-bigint,0.7.3,uint::from::tests::from_u8,full,success,0.141712855,,,,
x86_64-unknown-linux-gnu,crypto-bigint,0.7.3,uint::from::tests::split_mixed,full,success,0.1389421346666667,,,,
x86_64-unknown-linux-gnu,crypto-bigint,0.7.3,uint::invert_mod::tests::invert_mod2k,full,success,0.14371060133333335,,,,
x86_64-unknown-linux-gnu,crypto-bigint,0.7.3,uint::invert_mod::tests::invert_mod_precision,full,success,0.15703189766666667,,,,
x86_64-unknown-linux-gnu,crypto-bigint,0.7.3,uint::invert_mod::tests::test_invert_edge,full,success,0.25751686733333334,,,,
x86_64-unknown-linux-gnu,crypto-bigint,0.7.3,uint::invert_mod::tests::test_invert_even,full,success,0.31292202133333336,,,,
x86_64-unknown-linux-gnu,crypto-bigint,0.7.3,uint::invert_mod::tests::test_invert_odd,full,success,0.4715624376666667,,,,
x86_64-unknown-linux-gnu,crypto-bigint,0.7.3,uint::invert_mod::tests::test_invert_odd_no_inverse,full,success,0.15898458833333337,,,,
x86_64-unknown-linux-gnu,crypto-bigint,0.7.3,uint::invert_mod::tests::test_invert_small,full,success,0.1427353286666667,,,,
x86_64-unknown-linux-gnu,crypto-bigint,0.7.3,uint::invert_mod::tests::test_no_inverse_small,full,success,0.1403147386666667,,,,
x86_64-unknown-linux-gnu,crypto-bigint,0.7.3,uint::lcm::tests::lcm::lcm_sizes,full,success,0.652674769,,,,
x86_64-unknown-linux-gnu,crypto-bigint,0.7.3,uint::mod_symbol::tests::jacobi_non_coprime,full,success,0.39631987366666666,,,,
x86_64-unknown-linux-gnu,crypto-bigint,0.7.3,uint::mod_symbol::tests::jacobi_non_quad_residue,full,success,0.39198287200000004,,,,
x86_64-unknown-linux-gnu,crypto-bigint,0.7.3,uint::mod_symbol::tests::jacobi_one,full,success,0.3854381826666667,,,,
x86_64-unknown-linux-gnu,crypto-bigint,0.7.3,uint::mod_symbol::tests::jacobi_quad_residue,full,success,0.3896616286666667,,,,
x86_64-unknown-linux-gnu,crypto-bigint,0.7.3,uint::mod_symbol::tests::jacobi_zero,full,success,0.388721052,,,,
x86_64-unknown-linux-gnu,crypto-bigint,0.7.3,uint::mul::karatsuba::tests::wrapping_mul_sizes,full,success,0.9220435616666668,,,,
x86_64-unknown-linux-gnu,crypto-bigint,0.7.3,uint::mul::karatsuba::tests::wrapping_square_sizes,full,success,0.7339404610000001,,,,
x86_64-unknown-linux-gnu,crypto-bigint,0.7.3,uint::mul::tests::checked_mul_ok,full,success,0.14263869233333334,,,,
x86_64-unknown-linux-gnu,crypto-bigint,0.7.3,uint::mul::tests::checked_mul_overflow,full,success,0.13671473933333336,,,,
x86_64-unknown-linux-gnu,crypto-bigint,0.7.3,uint::mul::tests::checked_mul_sizes,full,success,5.14767325,,,,
x86_64-unknown-linux-gnu,crypto-bigint,0.7.3,uint::mul::tests::checked_square,full,success,0.137936992,,,,
x86_64-unknown-linux-gnu,crypto-bigint,0.7.3,uint::mul::tests::checked_square_sizes,full,success,0.23974754800000006,,,,
x86_64-unknown-linux-gnu,crypto-bigint,0.7.3,uint::mul::tests::concatenating_square,full,success,0.134886042,,,,
x86_64-unknown-linux-gnu,crypto-bigint,0.7.3,uint::mul::tests::concatenating_square_larger,full,success,0.14222168666666665,,,,
x86_64-unknown-linux-gnu,crypto-bigint,0.7.3,uint::mul::tests::mul_cmp,full,success,1.3138027553333333,,,,
x86_64-unknown-linux-gnu,crypto-bigint,0.7.3,uint::mul::tests::mul_concat_even,full,success,0.13452324699999998,,,,
x86_64-unknown-linux-gnu,crypto-bigint,0.7.3,uint::mul::tests::mul_concat_mixed,full,success,0.13506174333333335,,,,
x86_64-unknown-linux-gnu,crypto-bigint,0.7.3,uint::mul::tests::overflowing_mul_limb,full,success,0.13533280300000003,,,,
x86_64-unknown-linux-gnu,crypto-bigint,0.7.3,uint::mul::tests::saturating_mul_no_overflow,full,success,0.13433025333333334,,,,
x86_64-unknown-linux-gnu,crypto-bigint,0.7.3,uint::mul::tests::saturating_mul_overflow,full,success,0.13622935733333333,,,,
x86_64-unknown-linux-gnu,crypto-bigint,0.7.3,uint::mul::tests::saturating_square,full,success,0.137416035,,,,
x86_64-unknown-linux-gnu,crypto-bigint,0.7.3,uint::mul::tests::widening_mul_lo_only,full,success,0.14433176500000003,,,,
x86_64-unknown-linux-gnu,crypto-bigint,0.7.3,uint::mul::tests::widening_mul_zero_and_one,full,success,0.13819566233333333,,,,
x86_64-unknown-linux-gnu,crypto-bigint,0.7.3,uint::mul::tests::wrapping_mul_even,full,success,0.13611254400000003,,,,
x86_64-unknown-linux-gnu,crypto-bigint,0.7.3,uint::mul::tests::wrapping_mul_mixed,full,success,0.14003530566666667,,,,
x86_64-unknown-linux-gnu,crypto-bigint,0.7.3,uint::mul::tests::wrapping_square,full,success,0.13577859666666667,,,,
x86_64-unknown-linux-gnu,crypto-bigint,0.7.3,uint::mul_mod::tests::mul_mod_special,full,success,0.30381784966666664,,,,
x86_64-unknown-linux-gnu,crypto-bigint,0.7.3,uint::mul_signed::tests::checked_mul_signed,full,success,0.143171965,,,,
x86_64-unknown-linux-gnu,crypto-bigint,0.7.3,uint::mul_signed::tests::concatenating_mul_signed,full,success,0.13532348600000002,,,,
x86_64-unknown-linux-gnu,crypto-bigint,0.7.3,uint::mul_signed::tests::widening_mul_signed,full,success,0.13486510766666668,,,,
x86_64-unknown-linux-gnu,crypto-bigint,0.7.3,uint::neg::tests::carrying_neg,full,success,0.1344041016666667,,,,
x86_64-unknown-linux-gnu,crypto-bigint,0.7.3,uint::neg::tests::wrapping_neg,full,success,0.13646359333333336,,,,
x86_64-unknown-linux-gnu,crypto-bigint,0.7.3,uint::neg::tests::wrapping_neg_if,full,success,0.14665682666666668,,,,
x86_64-unknown-linux-gnu,crypto-bigint,0.7.3,uint::neg_mod::tests::neg_mod_random,full,success,0.13883760233333334,,,,
x86_64-unknown-linux-gnu,crypto-bigint,0.7.3,uint::neg_mod::tests::neg_mod_zero,full,success,0.13712796433333332,,,,
x86_64-unknown-linux-gnu,crypto-bigint,0.7.3,uint::pow::tests::checked_pow_expected,full,success,0.7873024370000001,,,,
x86_64-unknown-linux-gnu,crypto-bigint,0.7.3,uint::pow::tests::saturating_pow_expected,full,success,0.47526861433333334,,,,
x86_64-unknown-linux-gnu,crypto-bigint,0.7.3,uint::pow::tests::wrapping_pow_expected,full,success,0.7267050043333333,,,,
x86_64-unknown-linux-gnu,crypto-bigint,0.7.3,uint::rand::tests::random_bits,full,success,0.2107110836666667,,,,
x86_64-unknown-linux-gnu,crypto-bigint,0.7.3,uint::rand::tests::random_bits_4_bytes_sequential,full,success,0.21818707033333337,,,,
x86_64-unknown-linux-gnu,crypto-bigint,0.7.3,uint::rand::tests::random_bits_platform_independence,full,success,0.1454157,,,,
x86_64-unknown-linux-gnu,crypto-bigint,0.7.3,uint::rand::tests::random_mod_vartime,full,success,0.145612293,,,,
x86_64-unknown-linux-gnu,crypto-bigint,0.7.3,uint::rand::tests::random_mod_vartime_platform_independence,full,success,0.15157218400000003,,,,
x86_64-unknown-linux-gnu,crypto-bigint,0.7.3,uint::rand::tests::random_platform_independence,full,success,0.14170657333333334,,,,
x86_64-unknown-linux-gnu,crypto-bigint,0.7.3,uint::ref_type::cmp::tests::cmp,full,success,0.135920503,,,,
x86_64-unknown-linux-gnu,crypto-bigint,0.7.3,uint::ref_type::cmp::tests::lt,full,success,0.13865774066666667,,,,
x86_64-unknown-linux-gnu,crypto-bigint,0.7.3,uint::ref_type::ct::tests::ct_eq,full,success,0.14064007666666667,,,,
x86_64-unknown-linux-gnu,crypto-bigint,0.7.3,uint::ref_type::ct::tests::ct_lt,full,success,0.13731289066666666,,,,
x86_64-unknown-linux-gnu,crypto-bigint,0.7.3,uint::ref_type::invert_mod::tests::invert_mod_u64,full,success,0.14386729866666667,,,,
x86_64-unknown-linux-gnu,crypto-bigint,0.7.3,uint::ref_type::shl::tests::compare_shl_assign,full,success,0.203160103,,,,
x86_64-unknown-linux-gnu,crypto-bigint,0.7.3,uint::ref_type::shl::tests::shl1_assign,full,success,0.13676407333333335,,,,
x86_64-unknown-linux-gnu,crypto-bigint,0.7.3,uint::ref_type::shl::tests::shl256,full,success,0.134756043,,,,
x86_64-unknown-linux-gnu,crypto-bigint,0.7.3,uint::ref_type::shl::tests::shl_assign_limb,full,success,0.13619686733333333,,,,
x86_64-unknown-linux-gnu,crypto-bigint,0.7.3,uint::ref_type::shl::tests::unbounded_shl_by_limbs_vartime,full,success,0.134939206,,,,
x86_64-unknown-linux-gnu,crypto-bigint,0.7.3,uint::ref_type::shr::tests::compare_shr_assign,full,success,0.21934984666666668,,,,
x86_64-unknown-linux-gnu,crypto-bigint,0.7.3,uint::ref_type::shr::tests::shr1_assign,full,success,0.1363346626666667,,,,
x86_64-unknown-linux-gnu,crypto-bigint,0.7.3,uint::ref_type::shr::tests::shr256,full,success,0.13567645833333333,,,,
x86_64-unknown-linux-gnu,crypto-bigint,0.7.3,uint::ref_type::shr::tests::shr_assign_limb,full,success,0.14107083433333334,,,,
x86_64-unknown-linux-gnu,crypto-bigint,0.7.3,uint::ref_type::shr::tests::unbounded_shr_by_limbs_vartime,full,success,0.14197764633333335,,,,
x86_64-unknown-linux-gnu,crypto-bigint,0.7.3,uint::resize::tests::resize_larger,full,success,0.13447790933333334,,,,
x86_64-unknown-linux-gnu,crypto-bigint,0.7.3,uint::resize::tests::resize_smaller,full,success,0.1346715116666667,,,,
x86_64-unknown-linux-gnu,crypto-bigint,0.7.3,uint::root::tests::floor_root_vartime_expected,full,success,0.14111772566666667,,,,
x86_64-unknown-linux-gnu,crypto-bigint,0.7.3,uint::root::tests::fuzz,full,success,2.2401888553333333,,,,
x86_64-unknown-linux-gnu,crypto-bigint,0.7.3,uint::shl::tests::overflowing_shl,full,success,0.13407283333333334,,,,
x86_64-unknown-linux-gnu,crypto-bigint,0.7.3,uint::shl::tests::shl1,full,success,0.1375171146666667,,,,
x86_64-unknown-linux-gnu,crypto-bigint,0.7.3,uint::shl::tests::shl2,full,success,0.13282880533333333,,,,
x86_64-unknown-linux-gnu,crypto-bigint,0.7.3,uint::shl::tests::shl64,full,success,0.13885684166666667,,,,
x86_64-unknown-linux-gnu,crypto-bigint,0.7.3,uint::shl::tests::shl65,full,success,0.13351923433333335,,,,
x86_64-unknown-linux-gnu,crypto-bigint,0.7.3,uint::shl::tests::shl88,full,success,0.13464899333333336,,,,
x86_64-unknown-linux-gnu,crypto-bigint,0.7.3,uint::shl::tests::shl_bounds,full,success,0.13619730233333335,,,,
x86_64-unknown-linux-gnu,crypto-bigint,0.7.3,uint::shl::tests::shl_bounds_panic,full,success,0.14980042933333335,,,,
x86_64-unknown-linux-gnu,crypto-bigint,0.7.3,uint::shl::tests::shl_by_limbs,full,success,0.13430416600000003,,,,
x86_64-unknown-linux-gnu,crypto-bigint,0.7.3,uint::shl::tests::shl_limb,full,success,0.14103047300000002,,,,
x86_64-unknown-linux-gnu,crypto-bigint,0.7.3,uint::shl::tests::shl_simple,full,success,0.134660409,,,,
x86_64-unknown-linux-gnu,crypto-bigint,0.7.3,uint::shl::tests::shl_wide_1_1_128,full,success,0.13795046333333333,,,,
x86_64-unknown-linux-gnu,crypto-bigint,0.7.3,uint::shl::tests::shl_wide_max_0_1,full,success,0.13323186899999998,,,,
x86_64-unknown-linux-gnu,crypto-bigint,0.7.3,uint::shl::tests::shl_wide_max_max_256,full,success,0.135350498,,,,
x86_64-unknown-linux-gnu,crypto-bigint,0.7.3,uint::shl::tests::unbounded_shl,full,success,0.13675387666666666,,,,
x86_64-unknown-linux-gnu,crypto-bigint,0.7.3,uint::shl::tests::wrapping_shl,full,success,0.14241035233333335,,,,
x86_64-unknown-linux-gnu,crypto-bigint,0.7.3,uint::shr::tests::overflowing_shr,full,success,0.13610472266666665,,,,
x86_64-unknown-linux-gnu,crypto-bigint,0.7.3,uint::shr::tests::shr1,full,success,0.13453293666666666,,,,
x86_64-unknown-linux-gnu,crypto-bigint,0.7.3,uint::shr::tests::shr_bounds,full,success,0.135595091,,,,
x86_64-unknown-linux-gnu,crypto-bigint,0.7.3,uint::shr::tests::shr_bounds_panic,full,success,0.13743506833333335,,,,
x86_64-unknown-linux-gnu,crypto-bigint,0.7.3,uint::shr::tests::shr_by_limbs,full,success,0.13925218833333333,,,,
x86_64-unknown-linux-gnu,crypto-bigint,0.7.3,uint::shr::tests::shr_limb_with_carry,full,success,0.13698126633333335,,,,
x86_64-unknown-linux-gnu,crypto-bigint,0.7.3,uint::shr::tests::shr_limb_with_carry_shift_too_large,full,success,0.13706190166666668,,,,
x86_64-unknown-linux-gnu,crypto-bigint,0.7.3,uint::shr::tests::shr_wide_0_max_1,full,success,0.134744927,,,,
x86_64-unknown-linux-gnu,crypto-bigint,0.7.3,uint::shr::tests::shr_wide_1_1_128,full,success,0.13380170633333335,,,,
x86_64-unknown-linux-gnu,crypto-bigint,0.7.3,uint::shr::tests::shr_wide_max_max_256,full,success,0.13357592933333337,,,,
x86_64-unknown-linux-gnu,crypto-bigint,0.7.3,uint::shr::tests::unbounded_shr,full,success,0.13760351333333334,,,,
x86_64-unknown-linux-gnu,crypto-bigint,0.7.3,uint::shr::tests::wrapping_shr,full,success,0.13414668133333332,,,,
x86_64-unknown-linux-gnu,crypto-bigint,0.7.3,uint::split::tests::infer_sizes,full,success,0.13391055466666668,,,,
x86_64-unknown-linux-gnu,crypto-bigint,0.7.3,uint::split::tests::split,full,success,0.13393591266666668,,,,
x86_64-unknown-linux-gnu,crypto-bigint,0.7.3,uint::split::tests::split_checked,full,success,0.13716778233333335,,,,
x86_64-unknown-linux-gnu,crypto-bigint,0.7.3,uint::split::tests::split_resize_large,full,success,0.13399586966666668,,,,
x86_64-unknown-linux-gnu,crypto-bigint,0.7.3,uint::split::tests::split_resize_small,full,success,0.136665167,,,,
x86_64-unknown-linux-gnu,crypto-bigint,0.7.3,uint::sqrt::tests::edge,full,success,0.163375097,,,,
x86_64-unknown-linux-gnu,crypto-bigint,0.7.3,uint::sqrt::tests::edge_vartime,full,success,0.14236603433333334,,,,
x86_64-unknown-linux-gnu,crypto-bigint,0.7.3,uint::sqrt::tests::fuzz,full,success,1.896514106,,,,
x86_64-unknown-linux-gnu,crypto-bigint,0.7.3,uint::sqrt::tests::nonsquares,full,success,0.18191488233333333,,,,
x86_64-unknown-linux-gnu,crypto-bigint,0.7.3,uint::sqrt::tests::nonsquares_vartime,full,success,0.13711431000000002,,,,
x86_64-unknown-linux-gnu,crypto-bigint,0.7.3,uint::sqrt::tests::simple,full,success,0.244489061,,,,
x86_64-unknown-linux-gnu,crypto-bigint,0.7.3,uint::sub::tests::borrowing_sub_no_borrow,full,success,0.13889093,,,,
x86_64-unknown-linux-gnu,crypto-bigint,0.7.3,uint::sub::tests::borrowing_sub_with_borrow,full,success,0.13409228766666667,,,,
x86_64-unknown-linux-gnu,crypto-bigint,0.7.3,uint::sub::tests::checked_sub_ok,full,success,0.13625817466666668,,,,
x86_64-unknown-linux-gnu,crypto-bigint,0.7.3,uint::sub::tests::checked_sub_overflow,full,success,0.13461842166666668,,,,
x86_64-unknown-linux-gnu,crypto-bigint,0.7.3,uint::sub::tests::conditional_borrowing_sub_borrow,full,success,0.13572087300000002,,,,
x86_64-unknown-linux-gnu,crypto-bigint,0.7.3,uint::sub::tests::conditional_borrowing_sub_no_borrow,full,success,0.14111563833333332,,,,
x86_64-unknown-linux-gnu,crypto-bigint,0.7.3,uint::sub::tests::conditional_borrowing_sub_no_sub,full,success,0.13451509233333334,,,,
x86_64-unknown-linux-gnu,crypto-bigint,0.7.3,uint::sub::tests::saturating_sub_no_borrow,full,success,0.13981607966666668,,,,
x86_64-unknown-linux-gnu,crypto-bigint,0.7.3,uint::sub::tests::saturating_sub_with_borrow,full,success,0.13577370833333333,,,,
x86_64-unknown-linux-gnu,crypto-bigint,0.7.3,uint::sub::tests::wrapping_sub_no_borrow,full,success,0.13358598000000002,,,,
x86_64-unknown-linux-gnu,crypto-bigint,0.7.3,uint::sub::tests::wrapping_sub_with_borrow,full,success,0.13348808200000004,,,,
x86_64-unknown-linux-gnu,crypto-bigint,0.7.3,uint::sub_mod::tests::sub_mod,full,success,2.301864826333333,,,,
x86_64-unknown-linux-gnu,crypto-bigint,0.7.3,uint::sub_mod::tests::sub_mod_nist_p256,full,success,0.13805565,,,,
x86_64-unknown-linux-gnu,crypto-bigint,0.7.3,uint::sub_mod::tests::sub_mod_special,full,success,1.6375034446666668,,,,
x86_64-unknown-linux-gnu,crypto-bigint,0.7.3,uint::tests::as_int,full,success,0.13462318466666667,,,,
x86_64-unknown-linux-gnu,crypto-bigint,0.7.3,uint::tests::as_words,full,success,0.13669522,,,,
x86_64-unknown-linux-gnu,crypto-bigint,0.7.3,uint::tests::as_words_mut,full,success,0.13748229166666667,,,,
x86_64-unknown-linux-gnu,crypto-bigint,0.7.3,uint::tests::from_bytes,full,success,0.13654634533333335,,,,
x86_64-unknown-linux-gnu,crypto-bigint,0.7.3,uint::tests::test_unsigned,full,success,0.23621063200000003,,,,
x86_64-unknown-linux-gnu,crypto-bigint,0.7.3,uint::tests::test_unsigned_monty_form,full,success,0.2064173486666667,,,,
x86_64-unknown-linux-gnu,crypto-bigint,0.7.3,uint::tests::to_int,full,success,0.1337445916666667,,,,
x86_64-unknown-linux-gnu,crypto-bigint,0.7.3,word::tests::choice_from_gt,full,success,0.1351414776666667,,,,
x86_64-unknown-linux-gnu,crypto-bigint,0.7.3,word::tests::choice_from_lt,full,success,0.137627028,,,,
x86_64-unknown-linux-gnu,crypto-bigint,0.7.3,word::tests::choice_from_wide_le,full,success,0.135236863,,,,
x86_64-unknown-linux-gnu,crypto-bigint,0.7.3,word::tests::select,full,success,0.135146966,,,,
x86_64-unknown-linux-gnu,crypto-bigint,0.7.3,word::tests::select_wide,full,success,0.13827195366666667,,,,
x86_64-unknown-linux-gnu,crypto-bigint,0.7.3,wrapping::tests::wrapping_add,full,success,0.1342822966666667,,,,
x86_64-unknown-linux-gnu,crypto-bigint,0.7.3,wrapping::tests::wrapping_bitand,full,success,0.13460774099999998,,,,
x86_64-unknown-linux-gnu,crypto-bigint,0.7.3,wrapping::tests::wrapping_bitnot,full,success,0.13663491533333336,,,,
x86_64-unknown-linux-gnu,crypto-bigint,0.7.3,wrapping::tests::wrapping_bitor,full,success,0.14570353700000002,,,,
x86_64-unknown-linux-gnu,crypto-bigint,0.7.3,wrapping::tests::wrapping_bitxor,full,success,0.135837448,,,,
x86_64-unknown-linux-gnu,crypto-bigint,0.7.3,wrapping::tests::wrapping_eq_select,full,success,0.13894643033333334,,,,
x86_64-unknown-linux-gnu,crypto-bigint,0.7.3,wrapping::tests::wrapping_mul,full,success,0.13669492900000002,,,,
x86_64-unknown-linux-gnu,crypto-bigint,0.7.3,wrapping::tests::wrapping_neg,full,success,0.13395673200000002,,,,
x86_64-unknown-linux-gnu,crypto-bigint,0.7.3,wrapping::tests::wrapping_new,full,success,0.13360734766666668,,,,
x86_64-unknown-linux-gnu,crypto-bigint,0.7.3,wrapping::tests::wrapping_shift,full,success,0.13326671633333334,,,,
x86_64-unknown-linux-gnu,crypto-bigint,0.7.3,wrapping::tests::wrapping_sub,full,success,0.13511434266666666,,,,
x86_64-unknown-linux-gnu,csv,1.4.0,byte_record::tests::empty_field_1,full,success,0.12974569133333336,,,,
x86_64-unknown-linux-gnu,csv,1.4.0,byte_record::tests::empty_field_2,full,success,0.12936679233333334,,,,
x86_64-unknown-linux-gnu,csv,1.4.0,byte_record::tests::empty_record,full,success,0.12961175233333336,,,,
x86_64-unknown-linux-gnu,csv,1.4.0,byte_record::tests::empty_surround_1,full,success,0.13901159666666668,,,,
x86_64-unknown-linux-gnu,csv,1.4.0,byte_record::tests::empty_surround_2,full,success,0.13227607033333336,,,,
x86_64-unknown-linux-gnu,csv,1.4.0,byte_record::tests::eq_field_boundaries,full,success,0.13460649266666666,,,,
x86_64-unknown-linux-gnu,csv,1.4.0,byte_record::tests::eq_record_len,full,success,0.13115970700000001,,,,
x86_64-unknown-linux-gnu,csv,1.4.0,byte_record::tests::iter,full,success,0.140139995,,,,
x86_64-unknown-linux-gnu,csv,1.4.0,byte_record::tests::iter_forward_and_reverse,full,success,0.13296348333333335,,,,
x86_64-unknown-linux-gnu,csv,1.4.0,byte_record::tests::iter_reverse,full,success,0.138908994,,,,
x86_64-unknown-linux-gnu,csv,1.4.0,byte_record::tests::record_1,full,success,0.133231236,,,,
x86_64-unknown-linux-gnu,csv,1.4.0,byte_record::tests::record_2,full,success,0.13467560433333334,,,,
x86_64-unknown-linux-gnu,csv,1.4.0,byte_record::tests::trim_back,full,success,0.13511249300000003,,,,
x86_64-unknown-linux-gnu,csv,1.4.0,byte_record::tests::trim_both,full,success,0.13375793533333336,,,,
x86_64-unknown-linux-gnu,csv,1.4.0,byte_record::tests::trim_does_not_panic_on_empty_records_1,full,success,0.13017021366666667,,,,
x86_64-unknown-linux-gnu,csv,1.4.0,byte_record::tests::trim_does_not_panic_on_empty_records_2,full,success,0.13198488066666667,,,,
x86_64-unknown-linux-gnu,csv,1.4.0,byte_record::tests::trim_does_not_panic_on_empty_records_3,full,success,0.13306120300000002,,,,
x86_64-unknown-linux-gnu,csv,1.4.0,byte_record::tests::trim_front,full,success,0.13358803166666666,,,,
x86_64-unknown-linux-gnu,csv,1.4.0,byte_record::tests::trim_whitespace_only,full,success,0.13121135633333333,,,,
x86_64-unknown-linux-gnu,csv,1.4.0,byte_record::tests::utf8_clear_ok,full,success,0.13257287333333334,,,,
x86_64-unknown-linux-gnu,csv,1.4.0,byte_record::tests::utf8_error_1,full,success,0.131992831,,,,
x86_64-unknown-linux-gnu,csv,1.4.0,byte_record::tests::utf8_error_2,full,success,0.13396278133333336,,,,
x86_64-unknown-linux-gnu,csv,1.4.0,byte_record::tests::utf8_error_3,full,success,0.130048449,,,,
x86_64-unknown-linux-gnu,csv,1.4.0,byte_record::tests::utf8_error_4,full,success,0.13599259133333333,,,,
x86_64-unknown-linux-gnu,csv,1.4.0,byte_record::tests::utf8_error_5,full,success,0.13541983166666668,,,,
x86_64-unknown-linux-gnu,csv,1.4.0,byte_record::tests::utf8_error_6,full,success,0.131411927,,,,
x86_64-unknown-linux-gnu,csv,1.4.0,deserializer::tests::adjacent_fixed_arrays,full,success,0.13480560333333336,,,,
x86_64-unknown-linux-gnu,csv,1.4.0,deserializer::tests::bad_hex_seq,full,success,0.13818665666666669,,,,
x86_64-unknown-linux-gnu,csv,1.4.0,deserializer::tests::borrowed,full,success,0.134178646,,,,
x86_64-unknown-linux-gnu,csv,1.4.0,deserializer::tests::borrowed_map,full,success,0.14387189266666667,,,,
x86_64-unknown-linux-gnu,csv,1.4.0,deserializer::tests::borrowed_map_bytes,full,success,0.13968720966666667,,,,
x86_64-unknown-linux-gnu,csv,1.4.0,deserializer::tests::bytes,full,success,0.131916204,,,,
x86_64-unknown-linux-gnu,csv,1.4.0,deserializer::tests::enum_label_simple_tagged,full,success,0.13827111333333333,,,,
x86_64-unknown-linux-gnu,csv,1.4.0,deserializer::tests::enum_untagged,full,success,0.138353497,,,,
x86_64-unknown-linux-gnu,csv,1.4.0,deserializer::tests::flatten,full,success,0.14052229466666669,,,,
x86_64-unknown-linux-gnu,csv,1.4.0,deserializer::tests::map_headers,full,success,0.13993464233333333,,,,
x86_64-unknown-linux-gnu,csv,1.4.0,deserializer::tests::map_no_headers,full,success,0.13122568700000004,,,,
x86_64-unknown-linux-gnu,csv,1.4.0,deserializer::tests::mixed_hex_seq,full,success,0.13683998833333333,,,,
x86_64-unknown-linux-gnu,csv,1.4.0,deserializer::tests::no_chars,full,success,0.12992487666666666,,,,
x86_64-unknown-linux-gnu,csv,1.4.0,deserializer::tests::no_fields,full,success,0.13495662333333333,,,,
x86_64-unknown-linux-gnu,csv,1.4.0,deserializer::tests::one_char,full,success,0.131959627,,,,
x86_64-unknown-linux-gnu,csv,1.4.0,deserializer::tests::one_field,full,success,0.13097106533333333,,,,
x86_64-unknown-linux-gnu,csv,1.4.0,deserializer::tests::one_field_128,full,success,0.137666748,,,,
x86_64-unknown-linux-gnu,csv,1.4.0,deserializer::tests::option_empty_field,full,success,0.13715985166666667,,,,
x86_64-unknown-linux-gnu,csv,1.4.0,deserializer::tests::option_invalid_field,full,success,0.13402197933333335,,,,
x86_64-unknown-linux-gnu,csv,1.4.0,deserializer::tests::partially_invalid_utf8,full,success,0.136308827,,,,
x86_64-unknown-linux-gnu,csv,1.4.0,deserializer::tests::seq_in_struct,full,success,0.13197127233333336,,,,
x86_64-unknown-linux-gnu,csv,1.4.0,deserializer::tests::seq_in_struct_tail,full,success,0.14381660166666668,,,,
x86_64-unknown-linux-gnu,csv,1.4.0,deserializer::tests::simple_hex_seq,full,success,0.13498139,,,,
x86_64-unknown-linux-gnu,csv,1.4.0,deserializer::tests::simple_seq,full,success,0.13558344,,,,
x86_64-unknown-linux-gnu,csv,1.4.0,deserializer::tests::too_many_chars,full,success,0.13193937933333333,,,,
x86_64-unknown-linux-gnu,csv,1.4.0,deserializer::tests::two_fields,full,success,0.133044031,,,,
x86_64-unknown-linux-gnu,csv,1.4.0,deserializer::tests::two_fields_too_few,full,success,0.13381922066666666,,,,
x86_64-unknown-linux-gnu,csv,1.4.0,deserializer::tests::two_fields_too_many,full,success,0.13722673333333335,,,,
x86_64-unknown-linux-gnu,csv,1.4.0,deserializer::tests::with_header,full,success,0.1377280616666667,,,,
x86_64-unknown-linux-gnu,csv,1.4.0,deserializer::tests::with_header_empty,full,success,0.13802802700000003,,,,
x86_64-unknown-linux-gnu,csv,1.4.0,deserializer::tests::with_header_empty_ok,full,success,0.13522601266666667,,,,
x86_64-unknown-linux-gnu,csv,1.4.0,deserializer::tests::with_header_missing,full,success,0.13202360666666668,,,,
x86_64-unknown-linux-gnu,csv,1.4.0,deserializer::tests::with_header_missing_ok,full,success,0.13415467033333336,,,,
x86_64-unknown-linux-gnu,csv,1.4.0,deserializer::tests::with_header_no_fields,full,success,0.13353520666666668,,,,
x86_64-unknown-linux-gnu,csv,1.4.0,deserializer::tests::with_header_unknown,full,success,0.13719779933333334,,,,
x86_64-unknown-linux-gnu,csv,1.4.0,deserializer::tests::without_header,full,success,0.140077466,,,,
x86_64-unknown-linux-gnu,csv,1.4.0,reader::tests::headers_on_empty_data,full,success,1.7993772440000002,,,,
x86_64-unknown-linux-gnu,csv,1.4.0,reader::tests::no_headers_on_empty_data,full,success,1.7679010213333335,,,,
x86_64-unknown-linux-gnu,csv,1.4.0,reader::tests::no_headers_on_empty_data_after_headers,full,success,1.786309103,,,,
x86_64-unknown-linux-gnu,csv,1.4.0,reader::tests::positions_headers,full,success,1.7897103366666667,,,,
x86_64-unknown-linux-gnu,csv,1.4.0,reader::tests::positions_no_headers,full,success,1.790127104,,,,
x86_64-unknown-linux-gnu,csv,1.4.0,reader::tests::read_byte_record,full,success,1.773468301,,,,
x86_64-unknown-linux-gnu,csv,1.4.0,reader::tests::read_record_headers,full,success,1.7966713003333334,,,,
x86_64-unknown-linux-gnu,csv,1.4.0,reader::tests::read_record_headers_invalid_utf8,full,success,1.7734231646666665,,,,
x86_64-unknown-linux-gnu,csv,1.4.0,reader::tests::read_record_no_headers_after,full,success,1.7913306670000002,,,,
x86_64-unknown-linux-gnu,csv,1.4.0,reader::tests::read_record_no_headers_before,full,success,1.7943826593333334,,,,
x86_64-unknown-linux-gnu,csv,1.4.0,reader::tests::read_record_unequal_continue,full,success,1.8167469083333334,,,,
x86_64-unknown-linux-gnu,csv,1.4.0,reader::tests::read_record_unequal_fails,full,success,1.7818295973333333,,,,
x86_64-unknown-linux-gnu,csv,1.4.0,reader::tests::read_record_unequal_ok,full,success,1.7921850610000003,,,,
x86_64-unknown-linux-gnu,csv,1.4.0,reader::tests::read_trimed_header_invalid_utf8,full,success,1.781468915666667,,,,
x86_64-unknown-linux-gnu,csv,1.4.0,reader::tests::read_trimmed_header,full,success,1.7988651173333334,,,,
x86_64-unknown-linux-gnu,csv,1.4.0,reader::tests::read_trimmed_records,full,success,1.8046413023333334,,,,
x86_64-unknown-linux-gnu,csv,1.4.0,reader::tests::read_trimmed_records_and_headers,full,success,1.7962780123333335,,,,
x86_64-unknown-linux-gnu,csv,1.4.0,reader::tests::read_trimmed_records_without_headers,full,success,1.8262739643333334,,,,
x86_64-unknown-linux-gnu,csv,1.4.0,reader::tests::seek,full,success,1.8046589910000002,,,,
x86_64-unknown-linux-gnu,csv,1.4.0,reader::tests::seek_headers_after,full,success,1.7894872436666667,,,,
x86_64-unknown-linux-gnu,csv,1.4.0,reader::tests::seek_headers_before_after,full,success,1.8035464826666667,,,,
x86_64-unknown-linux-gnu,csv,1.4.0,reader::tests::seek_headers_no_actual_seek,full,success,1.7773042606666667,,,,
x86_64-unknown-linux-gnu,csv,1.4.0,serializer::tests::bool,full,success,0.13563079300000003,,,,
x86_64-unknown-linux-gnu,csv,1.4.0,serializer::tests::bytes,full,success,0.13568406166666666,,,,
x86_64-unknown-linux-gnu,csv,1.4.0,serializer::tests::char,full,success,0.1465666876666667,,,,
x86_64-unknown-linux-gnu,csv,1.4.0,serializer::tests::enum_newtypes,full,success,0.134812801,,,,
x86_64-unknown-linux-gnu,csv,1.4.0,serializer::tests::enum_struct_variant,full,success,0.130083738,,,,
x86_64-unknown-linux-gnu,csv,1.4.0,serializer::tests::enum_units,full,success,0.13521083033333334,,,,
x86_64-unknown-linux-gnu,csv,1.4.0,serializer::tests::float,full,success,0.14291559466666667,,,,
x86_64-unknown-linux-gnu,csv,1.4.0,serializer::tests::float_nan,full,success,0.138050884,,,,
x86_64-unknown-linux-gnu,csv,1.4.0,serializer::tests::integer,full,success,0.12870420433333332,,,,
x86_64-unknown-linux-gnu,csv,1.4.0,serializer::tests::integer_i128,full,success,0.13246298933333334,,,,
x86_64-unknown-linux-gnu,csv,1.4.0,serializer::tests::integer_u128,full,success,0.13998659266666666,,,,
x86_64-unknown-linux-gnu,csv,1.4.0,serializer::tests::option,full,success,0.13713361533333335,,,,
x86_64-unknown-linux-gnu,csv,1.4.0,serializer::tests::seq,full,success,0.13190291333333334,,,,
x86_64-unknown-linux-gnu,csv,1.4.0,serializer::tests::str,full,success,0.134852562,,,,
x86_64-unknown-linux-gnu,csv,1.4.0,serializer::tests::struct_headers,full,success,0.13481389266666668,,,,
x86_64-unknown-linux-gnu,csv,1.4.0,serializer::tests::struct_headers_inside_nested_tuple_seq,full,success,0.141451637,,,,
x86_64-unknown-linux-gnu,csv,1.4.0,serializer::tests::struct_headers_inside_seq,full,success,0.13708342833333334,,,,
x86_64-unknown-linux-gnu,csv,1.4.0,serializer::tests::struct_headers_inside_tuple,full,success,0.13972841466666666,,,,
x86_64-unknown-linux-gnu,csv,1.4.0,serializer::tests::struct_headers_inside_tuple_scalar_after,full,success,0.13730891233333334,,,,
x86_64-unknown-linux-gnu,csv,1.4.0,serializer::tests::struct_headers_inside_tuple_scalar_before,full,success,0.131331164,,,,
x86_64-unknown-linux-gnu,csv,1.4.0,serializer::tests::struct_headers_nested,full,success,0.13454296133333335,,,,
x86_64-unknown-linux-gnu,csv,1.4.0,serializer::tests::struct_headers_nested_seq,full,success,0.13763522533333333,,,,
x86_64-unknown-linux-gnu,csv,1.4.0,serializer::tests::struct_newtype,full,success,0.13702105266666667,,,,
x86_64-unknown-linux-gnu,csv,1.4.0,serializer::tests::struct_no_headers,full,success,0.13124509000000004,,,,
x86_64-unknown-linux-gnu,csv,1.4.0,serializer::tests::struct_no_headers_128,full,success,0.13287399700000002,,,,
x86_64-unknown-linux-gnu,csv,1.4.0,serializer::tests::struct_unit,full,success,0.13112157666666666,,,,
x86_64-unknown-linux-gnu,csv,1.4.0,serializer::tests::tuple,full,success,0.137011568,,,,
x86_64-unknown-linux-gnu,csv,1.4.0,serializer::tests::tuple_struct,full,success,0.131691203,,,,
x86_64-unknown-linux-gnu,csv,1.4.0,serializer::tests::tuple_variant,full,success,0.129555464,,,,
x86_64-unknown-linux-gnu,csv,1.4.0,serializer::tests::unit,full,success,0.13160712600000002,,,,
x86_64-unknown-linux-gnu,csv,1.4.0,string_record::tests::eq_field_boundaries,full,success,0.13026949966666668,,,,
x86_64-unknown-linux-gnu,csv,1.4.0,string_record::tests::eq_record_len,full,success,0.13362783033333334,,,,
x86_64-unknown-linux-gnu,csv,1.4.0,string_record::tests::trim_back,full,success,0.14467087133333334,,,,
x86_64-unknown-linux-gnu,csv,1.4.0,string_record::tests::trim_both,full,success,0.14675654333333335,,,,
x86_64-unknown-linux-gnu,csv,1.4.0,string_record::tests::trim_does_not_panic_on_empty_records_1,full,success,0.12851090633333334,,,,
x86_64-unknown-linux-gnu,csv,1.4.0,string_record::tests::trim_does_not_panic_on_empty_records_2,full,success,0.13218268433333333,,,,
x86_64-unknown-linux-gnu,csv,1.4.0,string_record::tests::trim_does_not_panic_on_empty_records_3,full,success,0.12861052466666667,,,,
x86_64-unknown-linux-gnu,csv,1.4.0,string_record::tests::trim_front,full,success,0.14021461233333335,,,,
x86_64-unknown-linux-gnu,csv,1.4.0,string_record::tests::trim_whitespace_only,full,success,0.14408747966666666,,,,
x86_64-unknown-linux-gnu,csv,1.4.0,writer::tests::comment_char_is_automatically_quoted,full,success,0.12909802433333334,,,,
x86_64-unknown-linux-gnu,csv,1.4.0,writer::tests::full_buffer_should_not_flush_underlying,full,success,0.13941947233333335,,,,
x86_64-unknown-linux-gnu,csv,1.4.0,writer::tests::one_byte_record,full,success,0.13175228800000002,,,,
x86_64-unknown-linux-gnu,csv,1.4.0,writer::tests::one_empty_record,full,success,0.12815943,,,,
x86_64-unknown-linux-gnu,csv,1.4.0,writer::tests::one_record,full,success,0.12737305299999999,,,,
x86_64-unknown-linux-gnu,csv,1.4.0,writer::tests::one_string_record,full,success,0.13208544433333336,,,,
x86_64-unknown-linux-gnu,csv,1.4.0,writer::tests::raw_one_byte_record,full,success,0.13155983033333332,,,,
x86_64-unknown-linux-gnu,csv,1.4.0,writer::tests::raw_one_empty_record,full,success,0.12941447333333334,,,,
x86_64-unknown-linux-gnu,csv,1.4.0,writer::tests::raw_two_empty_records,full,success,0.13415455933333334,,,,
x86_64-unknown-linux-gnu,csv,1.4.0,writer::tests::raw_unequal_records_bad,full,success,0.13355852966666668,,,,
x86_64-unknown-linux-gnu,csv,1.4.0,writer::tests::raw_unequal_records_ok,full,success,0.13603487666666667,,,,
x86_64-unknown-linux-gnu,csv,1.4.0,writer::tests::serialize_no_headers,full,success,0.13193668900000002,,,,
x86_64-unknown-linux-gnu,csv,1.4.0,writer::tests::serialize_no_headers_128,full,success,0.13135108633333334,,,,
x86_64-unknown-linux-gnu,csv,1.4.0,writer::tests::serialize_tuple,full,success,0.13129911566666666,,,,
x86_64-unknown-linux-gnu,csv,1.4.0,writer::tests::serialize_with_headers,full,success,0.13201469466666668,,,,
x86_64-unknown-linux-gnu,csv,1.4.0,writer::tests::two_empty_records,full,success,0.12990522466666665,,,,
x86_64-unknown-linux-gnu,csv,1.4.0,writer::tests::unequal_records_bad,full,success,0.13615207533333334,,,,
x86_64-unknown-linux-gnu,csv,1.4.0,writer::tests::unequal_records_ok,full,success,0.141735398,,,,
x86_64-unknown-linux-gnu,curve25519-dalek,4.1.3,backend::serial::u64::scalar::test::add,full,success,0.1304246,,,,
x86_64-unknown-linux-gnu,curve25519-dalek,4.1.3,backend::serial::u64::scalar::test::from_bytes_wide,full,success,0.131309795,,,,
x86_64-unknown-linux-gnu,curve25519-dalek,4.1.3,backend::serial::u64::scalar::test::montgomery_mul,full,success,0.136770909,,,,
x86_64-unknown-linux-gnu,curve25519-dalek,4.1.3,backend::serial::u64::scalar::test::montgomery_mul_max,full,success,0.13716616699999998,,,,
x86_64-unknown-linux-gnu,curve25519-dalek,4.1.3,backend::serial::u64::scalar::test::montgomery_square_max,full,success,0.12816493866666667,,,,
x86_64-unknown-linux-gnu,curve25519-dalek,4.1.3,backend::serial::u64::scalar::test::mul,full,success,0.14350213133333337,,,,
x86_64-unknown-linux-gnu,curve25519-dalek,4.1.3,backend::serial::u64::scalar::test::mul_max,full,success,0.12902586600000002,,,,
x86_64-unknown-linux-gnu,curve25519-dalek,4.1.3,backend::serial::u64::scalar::test::square_max,full,success,0.130842111,,,,
x86_64-unknown-linux-gnu,curve25519-dalek,4.1.3,backend::serial::u64::scalar::test::sub,full,success,0.13231676933333333,,,,
x86_64-unknown-linux-gnu,curve25519-dalek,4.1.3,constants::test::test_d_vs_ratio,full,success,0.137801865,,,,
x86_64-unknown-linux-gnu,curve25519-dalek,4.1.3,constants::test::test_eight_torsion,full,success,0.23018866600000001,,,,
x86_64-unknown-linux-gnu,curve25519-dalek,4.1.3,constants::test::test_four_torsion,full,success,0.18117137400000002,,,,
x86_64-unknown-linux-gnu,curve25519-dalek,4.1.3,constants::test::test_sqrt_ad_minus_one,full,success,0.13636967933333335,,,,
x86_64-unknown-linux-gnu,curve25519-dalek,4.1.3,constants::test::test_sqrt_constants_sign,full,success,0.1418814986666667,,,,
x86_64-unknown-linux-gnu,curve25519-dalek,4.1.3,constants::test::test_sqrt_minus_one,full,success,0.13663533700000002,,,,
x86_64-unknown-linux-gnu,curve25519-dalek,4.1.3,constants::test::test_two_torsion,full,success,0.151095526,,,,
x86_64-unknown-linux-gnu,curve25519-dalek,4.1.3,edwards::test::basepoint16_vs_mul_by_pow_2_4,full,success,0.134880335,,,,
x86_64-unknown-linux-gnu,curve25519-dalek,4.1.3,edwards::test::basepoint_decompression_compression,full,success,0.14624616866666668,,,,
x86_64-unknown-linux-gnu,curve25519-dalek,4.1.3,edwards::test::basepoint_double_vs_basepoint2,full,success,0.13742622266666668,,,,
x86_64-unknown-linux-gnu,curve25519-dalek,4.1.3,edwards::test::basepoint_mult_by_basepoint_order,full,success,0.25691786200000005,,,,
x86_64-unknown-linux-gnu,curve25519-dalek,4.1.3,edwards::test::basepoint_mult_one_vs_basepoint,full,success,0.2526553376666667,,,,
x86_64-unknown-linux-gnu,curve25519-dalek,4.1.3,edwards::test::basepoint_mult_two_vs_basepoint2,full,success,0.25644910400000004,,,,
x86_64-unknown-linux-gnu,curve25519-dalek,4.1.3,edwards::test::basepoint_mult_vs_ed25519py,full,success,0.2535885336666667,,,,
x86_64-unknown-linux-gnu,curve25519-dalek,4.1.3,edwards::test::basepoint_plus_basepoint_affine_niels_vs_basepoint2,full,success,0.13085954400000002,,,,
x86_64-unknown-linux-gnu,curve25519-dalek,4.1.3,edwards::test::basepoint_plus_basepoint_projective_niels_vs_basepoint2,full,success,0.12994039100000002,,,,
x86_64-unknown-linux-gnu,curve25519-dalek,4.1.3,edwards::test::basepoint_plus_basepoint_vs_basepoint2,full,success,0.131265345,,,,
x86_64-unknown-linux-gnu,curve25519-dalek,4.1.3,edwards::test::basepoint_projective_extended_round_trip,full,success,0.130526515,,,,
x86_64-unknown-linux-gnu,curve25519-dalek,4.1.3,edwards::test::basepoint_table_basepoint_function_correct,full,success,0.131377661,,,,
x86_64-unknown-linux-gnu,curve25519-dalek,4.1.3,edwards::test::basepoint_tables,full,success,14.300013123666666,,,,
x86_64-unknown-linux-gnu,curve25519-dalek,4.1.3,edwards::test::basepoint_tables_unreduced_scalar,full,success,14.428827331,,,,
x86_64-unknown-linux-gnu,curve25519-dalek,4.1.3,edwards::test::compressed_identity,full,success,0.130607391,,,,
x86_64-unknown-linux-gnu,curve25519-dalek,4.1.3,edwards::test::conditional_assign_for_affine_niels_point,full,success,0.151732321,,,,
x86_64-unknown-linux-gnu,curve25519-dalek,4.1.3,edwards::test::decompression_sign_handling,full,success,0.15323679833333334,,,,
x86_64-unknown-linux-gnu,curve25519-dalek,4.1.3,edwards::test::extended_point_equality_handles_scaling,full,success,0.1347266016666667,,,,
x86_64-unknown-linux-gnu,curve25519-dalek,4.1.3,edwards::test::impl_sum,full,success,2.1341103196666666,,,,
x86_64-unknown-linux-gnu,curve25519-dalek,4.1.3,edwards::test::is_identity,full,success,0.13913344200000002,,,,
x86_64-unknown-linux-gnu,curve25519-dalek,4.1.3,edwards::test::is_small_order,full,success,0.18709831433333335,,,,
x86_64-unknown-linux-gnu,curve25519-dalek,4.1.3,edwards::test::scalar_mul_vs_ed25519py,full,success,0.46267209866666664,,,,
x86_64-unknown-linux-gnu,curve25519-dalek,4.1.3,edwards::test::scalarmult_extended_point_works_both_ways,full,success,0.803974952,,,,
x86_64-unknown-linux-gnu,curve25519-dalek,4.1.3,edwards::test::test_precomputed_basepoint_mult,full,success,0.5836813343333334,,,,
x86_64-unknown-linux-gnu,curve25519-dalek,4.1.3,edwards::test::to_affine_niels_clears_denominators,full,success,0.253978029,,,,
x86_64-unknown-linux-gnu,curve25519-dalek,4.1.3,edwards::test::vartime::double_scalar_mul_basepoint_vs_ed25519py,full,success,0.252878349,,,,
x86_64-unknown-linux-gnu,curve25519-dalek,4.1.3,edwards::test::vartime::multiscalar_mul_vartime_vs_consttime,full,success,1.335311008,,,,
x86_64-unknown-linux-gnu,curve25519-dalek,4.1.3,edwards::test::vartime::multiscalar_mul_vs_ed25519py,full,success,0.400810277,,,,
x86_64-unknown-linux-gnu,curve25519-dalek,4.1.3,field::test::a_invert_vs_inverse_of_a_constant,full,success,0.13830514233333335,,,,
x86_64-unknown-linux-gnu,curve25519-dalek,4.1.3,field::test::a_mul_a_vs_a_squared_constant,full,success,0.131544469,,,,
x86_64-unknown-linux-gnu,curve25519-dalek,4.1.3,field::test::a_p58_vs_ap58_constant,full,success,0.13540389,,,,
x86_64-unknown-linux-gnu,curve25519-dalek,4.1.3,field::test::a_square2_vs_a_squared_constant,full,success,0.14085579333333334,,,,
x86_64-unknown-linux-gnu,curve25519-dalek,4.1.3,field::test::a_square_vs_a_squared_constant,full,success,0.13222039233333335,,,,
x86_64-unknown-linux-gnu,curve25519-dalek,4.1.3,field::test::batch_invert_a_matches_nonbatched,full,success,0.192743801,,,,
x86_64-unknown-linux-gnu,curve25519-dalek,4.1.3,field::test::batch_invert_empty,full,success,0.13749719833333335,,,,
x86_64-unknown-linux-gnu,curve25519-dalek,4.1.3,field::test::conditional_negate,full,success,0.143179736,,,,
x86_64-unknown-linux-gnu,curve25519-dalek,4.1.3,field::test::encoding_is_canonical,full,success,0.13551637133333336,,,,
x86_64-unknown-linux-gnu,curve25519-dalek,4.1.3,field::test::equality,full,success,0.14008078433333335,,,,
x86_64-unknown-linux-gnu,curve25519-dalek,4.1.3,field::test::from_bytes_highbit_is_ignored,full,success,0.1335124076666667,,,,
x86_64-unknown-linux-gnu,curve25519-dalek,4.1.3,field::test::sqrt_ratio_behavior,full,success,0.19629519466666667,,,,
x86_64-unknown-linux-gnu,curve25519-dalek,4.1.3,montgomery::test::basepoint_edwards_to_montgomery,full,success,0.13329254166666668,,,,
x86_64-unknown-linux-gnu,curve25519-dalek,4.1.3,montgomery::test::basepoint_montgomery_to_edwards,full,success,0.170260212,,,,
x86_64-unknown-linux-gnu,curve25519-dalek,4.1.3,montgomery::test::eq_defined_mod_p,full,success,0.13847928733333337,,,,
x86_64-unknown-linux-gnu,curve25519-dalek,4.1.3,montgomery::test::identity_in_different_coordinates,full,success,0.14089878333333336,,,,
x86_64-unknown-linux-gnu,curve25519-dalek,4.1.3,montgomery::test::identity_in_different_models,full,success,0.142305673,,,,
x86_64-unknown-linux-gnu,curve25519-dalek,4.1.3,montgomery::test::montgomery_elligator_correct,full,success,0.14703002533333334,,,,
x86_64-unknown-linux-gnu,curve25519-dalek,4.1.3,montgomery::test::montgomery_elligator_zero_zero,full,success,0.14338807533333334,,,,
x86_64-unknown-linux-gnu,curve25519-dalek,4.1.3,montgomery::test::montgomery_to_edwards_rejects_twist,full,success,0.1482314886666667,,,,
x86_64-unknown-linux-gnu,curve25519-dalek,4.1.3,montgomery::test::mul_base_clamped,full,success,41.466173438333335,,,,
x86_64-unknown-linux-gnu,curve25519-dalek,4.1.3,ristretto::test::basepoint_roundtrip,full,success,0.15997922233333334,,,,
x86_64-unknown-linux-gnu,curve25519-dalek,4.1.3,ristretto::test::compress_id,full,success,0.1512352796666667,,,,
x86_64-unknown-linux-gnu,curve25519-dalek,4.1.3,ristretto::test::decompress_id,full,success,0.15017740866666668,,,,
x86_64-unknown-linux-gnu,curve25519-dalek,4.1.3,ristretto::test::decompress_negative_s_fails,full,success,0.14141088133333335,,,,
x86_64-unknown-linux-gnu,curve25519-dalek,4.1.3,ristretto::test::elligator_vs_ristretto_sage,full,success,0.4425843843333334,,,,
x86_64-unknown-linux-gnu,curve25519-dalek,4.1.3,ristretto::test::encodings_of_small_multiples_of_basepoint,full,success,0.296527229,,,,
x86_64-unknown-linux-gnu,curve25519-dalek,4.1.3,ristretto::test::four_torsion_basepoint,full,success,0.16733282900000002,,,,
x86_64-unknown-linux-gnu,curve25519-dalek,4.1.3,ristretto::test::four_torsion_random,full,success,0.2850322513333334,,,,
x86_64-unknown-linux-gnu,curve25519-dalek,4.1.3,ristretto::test::impl_sum,full,success,2.1747542523333334,,,,
x86_64-unknown-linux-gnu,curve25519-dalek,4.1.3,ristretto::test::one_way_map,full,success,0.4653226396666667,,,,
x86_64-unknown-linux-gnu,curve25519-dalek,4.1.3,ristretto::test::random_roundtrip,full,success,16.176648994333334,,,,
x86_64-unknown-linux-gnu,curve25519-dalek,4.1.3,ristretto::test::scalarmult_ristrettopoint_works_both_ways,full,success,0.8289021263333334,,,,
x86_64-unknown-linux-gnu,curve25519-dalek,4.1.3,scalar::test::add_reduces,full,success,0.15027700833333335,,,,
x86_64-unknown-linux-gnu,curve25519-dalek,4.1.3,scalar::test::batch_invert_consistency,full,success,0.7386095200000001,,,,
x86_64-unknown-linux-gnu,curve25519-dalek,4.1.3,scalar::test::batch_invert_empty,full,success,0.30484874700000003,,,,
x86_64-unknown-linux-gnu,curve25519-dalek,4.1.3,scalar::test::batch_invert_with_a_zero_input_panics,full,success,0.16988531966666667,,,,
x86_64-unknown-linux-gnu,curve25519-dalek,4.1.3,scalar::test::canonical_decoding,full,success,0.14570113966666667,,,,
x86_64-unknown-linux-gnu,curve25519-dalek,4.1.3,scalar::test::from_bytes_mod_order_wide,full,success,0.13375601733333334,,,,
x86_64-unknown-linux-gnu,curve25519-dalek,4.1.3,scalar::test::from_u64,full,success,0.129565792,,,,
x86_64-unknown-linux-gnu,curve25519-dalek,4.1.3,scalar::test::fuzzer_testcase_reduction,full,success,0.15279728866666667,,,,
x86_64-unknown-linux-gnu,curve25519-dalek,4.1.3,scalar::test::impl_add,full,success,0.135470963,,,,
x86_64-unknown-linux-gnu,curve25519-dalek,4.1.3,scalar::test::impl_mul,full,success,0.1349680166666667,,,,
x86_64-unknown-linux-gnu,curve25519-dalek,4.1.3,scalar::test::impl_product,full,success,0.235463628,,,,
x86_64-unknown-linux-gnu,curve25519-dalek,4.1.3,scalar::test::impl_sum,full,success,0.21136132366666668,,,,
x86_64-unknown-linux-gnu,curve25519-dalek,4.1.3,scalar::test::invert,full,success,0.30957974066666666,,,,
x86_64-unknown-linux-gnu,curve25519-dalek,4.1.3,scalar::test::montgomery_reduce_matches_from_bytes_mod_order_wide,full,success,0.1372134876666667,,,,
x86_64-unknown-linux-gnu,curve25519-dalek,4.1.3,scalar::test::neg_twice_is_identity,full,success,0.13418697833333335,,,,
x86_64-unknown-linux-gnu,curve25519-dalek,4.1.3,scalar::test::non_adjacent_form_test_vector,full,success,0.152769937,,,,
x86_64-unknown-linux-gnu,curve25519-dalek,4.1.3,scalar::test::reduce,full,success,0.138741527,,,,
x86_64-unknown-linux-gnu,curve25519-dalek,4.1.3,scalar::test::scalar_mul_by_one,full,success,0.14310976900000003,,,,
x86_64-unknown-linux-gnu,curve25519-dalek,4.1.3,scalar::test::square,full,success,0.1349484,,,,
x86_64-unknown-linux-gnu,curve25519-dalek,4.1.3,scalar::test::sub_reduces,full,success,0.135079371,,,,
x86_64-unknown-linux-gnu,curve25519-dalek,4.1.3,scalar::test::test_mul_reduction_invariance,full,success,0.6817152623333333,,,,
x86_64-unknown-linux-gnu,curve25519-dalek,4.1.3,scalar::test::test_read_le_u64_into,full,success,0.13423941933333336,,,,
x86_64-unknown-linux-gnu,curve25519-dalek,4.1.3,scalar::test::test_read_le_u64_into_should_panic_on_bad_input,full,success,0.139488257,,,,
x86_64-unknown-linux-gnu,curve25519-dalek,4.1.3,scalar::test::test_scalar_clamp,full,success,0.131512363,,,,
x86_64-unknown-linux-gnu,curve25519-dalek,4.1.3,scalar::test::test_scalar_from_int,full,success,0.15494679333333336,,,,
x86_64-unknown-linux-gnu,curve25519-dalek,4.1.3,scalar::test::to_bytes_from_bytes_roundtrips,full,success,0.13290351966666666,,,,
x86_64-unknown-linux-gnu,der,0.8.0,asn1::bit_string::tests::bitstring_valueord_value_cmp,full,success,0.14319149900000003,,,,
x86_64-unknown-linux-gnu,der,0.8.0,asn1::bit_string::tests::decode_bitstring_with_unused_bits,full,success,0.14402754666666664,,,,
x86_64-unknown-linux-gnu,der,0.8.0,asn1::bit_string::tests::decode_empty_bitstring,full,success,0.141210409,,,,
x86_64-unknown-linux-gnu,der,0.8.0,asn1::bit_string::tests::decode_non_empty_bitstring,full,success,0.14967224766666667,,,,
x86_64-unknown-linux-gnu,der,0.8.0,asn1::bit_string::tests::reject_unused_bits_in_empty_string,full,success,0.13668543333333336,,,,
x86_64-unknown-linux-gnu,der,0.8.0,asn1::boolean::tests::decode,full,success,0.1506125566666667,,,,
x86_64-unknown-linux-gnu,der,0.8.0,asn1::boolean::tests::encode,full,success,0.14362421866666666,,,,
x86_64-unknown-linux-gnu,der,0.8.0,asn1::boolean::tests::reject_non_canonical,full,success,0.1497228426666667,,,,
x86_64-unknown-linux-gnu,der,0.8.0,asn1::context_specific::tests::context_specific_not_skipping_unknown_field,full,success,0.155244923,,,,
x86_64-unknown-linux-gnu,der,0.8.0,asn1::context_specific::tests::context_specific_returns_none_on_greater_tag_number,full,success,0.14610570533333336,,,,
x86_64-unknown-linux-gnu,der,0.8.0,asn1::context_specific::tests::context_specific_with_explicit_field,full,success,0.145270166,,,,
x86_64-unknown-linux-gnu,der,0.8.0,asn1::context_specific::tests::context_specific_with_implicit_field,full,success,0.15044157233333336,,,,
x86_64-unknown-linux-gnu,der,0.8.0,asn1::context_specific::tests::round_trip,full,success,0.14074690233333334,,,,
x86_64-unknown-linux-gnu,der,0.8.0,asn1::generalized_time::tests::invalid_day_generalized_time,full,success,0.15246092733333336,,,,
x86_64-unknown-linux-gnu,der,0.8.0,asn1::generalized_time::tests::invalid_hour_generalized_time,full,success,0.13545807633333334,,,,
x86_64-unknown-linux-gnu,der,0.8.0,asn1::generalized_time::tests::invalid_minute_generalized_time,full,success,0.14848579066666667,,,,
x86_64-unknown-linux-gnu,der,0.8.0,asn1::generalized_time::tests::invalid_month_generalized_time,full,success,0.15014460333333335,,,,
x86_64-unknown-linux-gnu,der,0.8.0,asn1::generalized_time::tests::invalid_second_generalized_time,full,success,0.14059192166666667,,,,
x86_64-unknown-linux-gnu,der,0.8.0,asn1::generalized_time::tests::invalid_year_generalized_time,full,success,0.15413907500000001,,,,
x86_64-unknown-linux-gnu,der,0.8.0,asn1::generalized_time::tests::max_valid_generalized_time,full,success,0.144342108,,,,
x86_64-unknown-linux-gnu,der,0.8.0,asn1::generalized_time::tests::round_trip,full,success,0.14818521866666667,,,,
x86_64-unknown-linux-gnu,der,0.8.0,asn1::ia5_string::tests::parse_bytes,full,success,0.16426764500000002,,,,
x86_64-unknown-linux-gnu,der,0.8.0,asn1::integer::int::tests::decode_intref,full,success,0.142469874,,,,
x86_64-unknown-linux-gnu,der,0.8.0,asn1::integer::int::tests::encode_intref,full,success,0.15333224366666667,,,,
x86_64-unknown-linux-gnu,der,0.8.0,asn1::integer::int::tests::validate_canonical_err,full,success,0.143896283,,,,
x86_64-unknown-linux-gnu,der,0.8.0,asn1::integer::int::tests::validate_canonical_ok,full,success,0.139458467,,,,
x86_64-unknown-linux-gnu,der,0.8.0,asn1::integer::tests::decode_i16,full,success,0.16142911866666668,,,,
x86_64-unknown-linux-gnu,der,0.8.0,asn1::integer::tests::decode_i8,full,success,0.14459575466666666,,,,
x86_64-unknown-linux-gnu,der,0.8.0,asn1::integer::tests::decode_u16,full,success,0.14039179300000001,,,,
x86_64-unknown-linux-gnu,der,0.8.0,asn1::integer::tests::decode_u8,full,success,0.146135225,,,,
x86_64-unknown-linux-gnu,der,0.8.0,asn1::integer::tests::encode_i16,full,success,0.14203861366666667,,,,
x86_64-unknown-linux-gnu,der,0.8.0,asn1::integer::tests::encode_i8,full,success,0.1505480846666667,,,,
x86_64-unknown-linux-gnu,der,0.8.0,asn1::integer::tests::encode_u16,full,success,0.148859408,,,,
x86_64-unknown-linux-gnu,der,0.8.0,asn1::integer::tests::encode_u8,full,success,0.14500971933333334,,,,
x86_64-unknown-linux-gnu,der,0.8.0,asn1::integer::tests::reject_empty,full,success,0.16203021800000003,,,,
x86_64-unknown-linux-gnu,der,0.8.0,asn1::integer::tests::reject_non_canonical,full,success,0.14050815566666666,,,,
x86_64-unknown-linux-gnu,der,0.8.0,asn1::integer::uint::tests::decode_to_array_extra_zero,full,success,0.13658424466666666,,,,
x86_64-unknown-linux-gnu,der,0.8.0,asn1::integer::uint::tests::decode_to_array_leading_zero,full,success,0.14403121366666669,,,,
x86_64-unknown-linux-gnu,der,0.8.0,asn1::integer::uint::tests::decode_to_array_missing_zero,full,success,0.14273679866666666,,,,
x86_64-unknown-linux-gnu,der,0.8.0,asn1::integer::uint::tests::decode_to_array_no_leading_zero,full,success,0.14957404666666665,,,,
x86_64-unknown-linux-gnu,der,0.8.0,asn1::integer::uint::tests::decode_to_array_oversized_input,full,success,0.1378108623333333,,,,
x86_64-unknown-linux-gnu,der,0.8.0,asn1::integer::uint::tests::decode_uintref,full,success,0.14279926,,,,
x86_64-unknown-linux-gnu,der,0.8.0,asn1::integer::uint::tests::encode_uintref,full,success,0.1651728246666667,,,,
x86_64-unknown-linux-gnu,der,0.8.0,asn1::integer::uint::tests::reject_oversize_without_extra_zero,full,success,0.13413640500000001,,,,
x86_64-unknown-linux-gnu,der,0.8.0,asn1::null::tests::decode,full,success,0.145825737,,,,
x86_64-unknown-linux-gnu,der,0.8.0,asn1::null::tests::encode,full,success,0.14019831966666665,,,,
x86_64-unknown-linux-gnu,der,0.8.0,asn1::null::tests::reject_non_canonical,full,success,0.14843934133333336,,,,
x86_64-unknown-linux-gnu,der,0.8.0,asn1::octet_string::tests::octet_string_decode,full,success,0.15567763833333334,,,,
x86_64-unknown-linux-gnu,der,0.8.0,asn1::octet_string::tests::octet_string_decode_into,full,success,0.14635389166666668,,,,
x86_64-unknown-linux-gnu,der,0.8.0,asn1::printable_string::tests::parse_bytes,full,success,0.14258221499999998,,,,
x86_64-unknown-linux-gnu,der,0.8.0,asn1::teletex_string::tests::parse_bytes,full,success,0.14895724933333335,,,,
x86_64-unknown-linux-gnu,der,0.8.0,asn1::utc_time::tests::round_trip_vector,full,success,0.14128010866666665,,,,
x86_64-unknown-linux-gnu,der,0.8.0,asn1::utf8_string::tests::parse_ascii_bytes,full,success,0.15674619633333334,,,,
x86_64-unknown-linux-gnu,der,0.8.0,asn1::utf8_string::tests::parse_utf8_bytes,full,success,0.1420956946666667,,,,
x86_64-unknown-linux-gnu,der,0.8.0,asn1::videotex_string::tests::parse_bytes,full,success,0.14455166333333333,,,,
x86_64-unknown-linux-gnu,der,0.8.0,datetime::tests::feb_leap_year_handling,full,success,0.14794008266666667,,,,
x86_64-unknown-linux-gnu,der,0.8.0,datetime::tests::from_str,full,success,0.148609385,,,,
x86_64-unknown-linux-gnu,der,0.8.0,datetime::tests::invalid_dates,full,success,0.142002153,,,,
x86_64-unknown-linux-gnu,der,0.8.0,encoding_rules::tests::parse,full,success,0.15406154233333336,,,,
x86_64-unknown-linux-gnu,der,0.8.0,header::tests::negative_peek_overlength_header,full,success,0.13508847766666668,,,,
x86_64-unknown-linux-gnu,der,0.8.0,header::tests::peek,full,success,0.147337187,,,,
x86_64-unknown-linux-gnu,der,0.8.0,header::tests::peek_max_header,full,success,0.14380278800000001,,,,
x86_64-unknown-linux-gnu,der,0.8.0,length::tests::add_overflows_when_max_length_exceeded,full,success,0.141941585,,,,
x86_64-unknown-linux-gnu,der,0.8.0,length::tests::decode,full,success,0.14820664066666667,,,,
x86_64-unknown-linux-gnu,der,0.8.0,length::tests::der_ord,full,success,0.13944200566666667,,,,
x86_64-unknown-linux-gnu,der,0.8.0,length::tests::encode,full,success,0.1485086926666667,,,,
x86_64-unknown-linux-gnu,der,0.8.0,reader::slice::tests::empty_message,full,success,0.14609785466666667,,,,
x86_64-unknown-linux-gnu,der,0.8.0,reader::slice::tests::invalid_field_length,full,success,0.14037364900000002,,,,
x86_64-unknown-linux-gnu,der,0.8.0,reader::slice::tests::trailing_data,full,success,0.150701308,,,,
x86_64-unknown-linux-gnu,der,0.8.0,tag::tests::decoding,full,success,0.14925800800000003,,,,
x86_64-unknown-linux-gnu,der,0.8.0,tag::tests::negative_peek_long_tags,full,success,0.14583978966666666,,,,
x86_64-unknown-linux-gnu,der,0.8.0,tag::tests::peek,full,success,0.145262098,,,,
x86_64-unknown-linux-gnu,der,0.8.0,tag::tests::peek_long_tags,full,success,0.13946815133333335,,,,
x86_64-unknown-linux-gnu,der,0.8.0,tag::tests::tag_class,full,success,0.15938101833333335,,,,
x86_64-unknown-linux-gnu,der,0.8.0,tag::tests::tag_order,full,success,0.149231436,,,,
x86_64-unknown-linux-gnu,der,0.8.0,writer::slice::tests::overlength_message,full,success,0.14463360766666666,,,,
x86_64-unknown-linux-gnu,dirs-sys-next,0.1.2,xdg_user_dirs::tests::test_absolute_path_is_accepted,full,success,0.1440328886666667,,,,
x86_64-unknown-linux-gnu,dirs-sys-next,0.1.2,xdg_user_dirs::tests::test_disabled_directory,full,success,0.13296749133333333,,,,
x86_64-unknown-linux-gnu,dirs-sys-next,0.1.2,xdg_user_dirs::tests::test_parse_empty,full,success,0.13640220833333336,,,,
x86_64-unknown-linux-gnu,dirs-sys-next,0.1.2,xdg_user_dirs::tests::test_parse_user_dirs,full,success,0.25196078266666666,,,,
x86_64-unknown-linux-gnu,dirs-sys-next,0.1.2,xdg_user_dirs::tests::test_relative_path_is_rejected,full,success,0.13442048866666667,,,,
x86_64-unknown-linux-gnu,dirs-sys-next,0.1.2,xdg_user_dirs::tests::test_relative_to_home,full,success,0.1388748016666667,,,,
x86_64-unknown-linux-gnu,dirs-sys-next,0.1.2,xdg_user_dirs::tests::test_shell_unescape,full,success,0.13011033433333333,,,,
x86_64-unknown-linux-gnu,dirs-sys-next,0.1.2,xdg_user_dirs::tests::test_split_once,full,success,0.13183757233333335,,,,
x86_64-unknown-linux-gnu,dirs-sys-next,0.1.2,xdg_user_dirs::tests::test_trim_blank,full,success,0.14268338566666666,,,,
x86_64-unknown-linux-gnu,dirs-sys,0.5.0,xdg_user_dirs::tests::test_absolute_path_is_accepted,full,success,0.09659961733333333,,,,
x86_64-unknown-linux-gnu,dirs-sys,0.5.0,xdg_user_dirs::tests::test_disabled_directory,full,success,0.09512371000000001,,,,
x86_64-unknown-linux-gnu,dirs-sys,0.5.0,xdg_user_dirs::tests::test_parse_empty,full,success,0.08888387400000002,,,,
x86_64-unknown-linux-gnu,dirs-sys,0.5.0,xdg_user_dirs::tests::test_parse_user_dirs,full,success,0.159708694,,,,
x86_64-unknown-linux-gnu,dirs-sys,0.5.0,xdg_user_dirs::tests::test_relative_path_is_rejected,full,success,0.096593511,,,,
x86_64-unknown-linux-gnu,dirs-sys,0.5.0,xdg_user_dirs::tests::test_relative_to_home,full,success,0.09236271200000001,,,,
x86_64-unknown-linux-gnu,dirs-sys,0.5.0,xdg_user_dirs::tests::test_shell_unescape,full,success,0.08740016566666668,,,,
x86_64-unknown-linux-gnu,dirs-sys,0.5.0,xdg_user_dirs::tests::test_split_once,full,success,0.08556082,,,,
x86_64-unknown-linux-gnu,dirs-sys,0.5.0,xdg_user_dirs::tests::test_trim_blank,full,success,0.08817310166666668,,,,
x86_64-unknown-linux-gnu,either,1.15.0,basic,full,success,0.11669821233333334,,,,
x86_64-unknown-linux-gnu,either,1.15.0,deref,full,success,0.12275772966666669,,,,
x86_64-unknown-linux-gnu,either,1.15.0,error,full,success,0.12017933133333335,,,,
x86_64-unknown-linux-gnu,either,1.15.0,iter,full,success,0.113724712,,,,
x86_64-unknown-linux-gnu,either,1.15.0,macros,full,success,0.11273695333333333,,,,
x86_64-unknown-linux-gnu,either,1.15.0,read_write,full,success,0.11653281033333333,,,,
x86_64-unknown-linux-gnu,either,1.15.0,seek,full,success,0.27535801633333334,,,,
x86_64-unknown-linux-gnu,encoding_rs,0.8.35,ascii::tests::test_ascii_to_ascii,full,success,0.20674090300000003,,,,
x86_64-unknown-linux-gnu,encoding_rs,0.8.35,ascii::tests::test_ascii_to_basic_latin,full,success,0.20386593333333336,,,,
x86_64-unknown-linux-gnu,encoding_rs,0.8.35,ascii::tests::test_basic_latin_to_ascii,full,success,0.20451934733333332,,,,
x86_64-unknown-linux-gnu,encoding_rs,0.8.35,big5::tests::test_big5_decode,full,success,0.7608403296666667,,,,
x86_64-unknown-linux-gnu,encoding_rs,0.8.35,big5::tests::test_big5_encode,full,success,0.18514849300000003,,,,
x86_64-unknown-linux-gnu,encoding_rs,0.8.35,euc_jp::tests::test_euc_jp_decode,full,success,0.762494654,,,,
x86_64-unknown-linux-gnu,encoding_rs,0.8.35,euc_jp::tests::test_euc_jp_encode,full,success,0.2233833926666667,,,,
x86_64-unknown-linux-gnu,encoding_rs,0.8.35,euc_kr::tests::test_euc_kr_decode,full,success,0.24628497933333335,,,,
x86_64-unknown-linux-gnu,encoding_rs,0.8.35,euc_kr::tests::test_euc_kr_encode,full,success,2.656855834,,,,
x86_64-unknown-linux-gnu,encoding_rs,0.8.35,euc_kr::tests::test_euc_kr_encode_from_two_low_surrogates,full,success,0.11013959566666669,,,,
x86_64-unknown-linux-gnu,encoding_rs,0.8.35,gb18030::tests::test_gb18030_decode,full,success,0.9776923766666666,,,,
x86_64-unknown-linux-gnu,encoding_rs,0.8.35,gb18030::tests::test_gb18030_encode,full,success,6.935778081666666,,,,
x86_64-unknown-linux-gnu,encoding_rs,0.8.35,gb18030::tests::test_gb18030_encode_from_utf16_max_length,full,success,0.11772716866666667,,,,
x86_64-unknown-linux-gnu,encoding_rs,0.8.35,gb18030::tests::test_gbk_encode,full,success,6.929799105666667,,,,
x86_64-unknown-linux-gnu,encoding_rs,0.8.35,iso_2022_jp::tests::test_iso_2022_jp_decode,full,success,2.4670315200000004,,,,
x86_64-unknown-linux-gnu,encoding_rs,0.8.35,iso_2022_jp::tests::test_iso_2022_jp_encode,full,success,6.3407499456666665,,,,
x86_64-unknown-linux-gnu,encoding_rs,0.8.35,iso_2022_jp::tests::test_iso_2022_jp_encode_from_two_low_surrogates,full,success,0.11057912133333332,,,,
x86_64-unknown-linux-gnu,encoding_rs,0.8.35,iso_2022_jp::tests::test_iso_2022_jp_half_width_katakana_length,full,success,0.11104603333333334,,,,
x86_64-unknown-linux-gnu,encoding_rs,0.8.35,iso_2022_jp::tests::test_iso_2022_jp_length_after_escape,full,success,0.11870248133333335,,,,
x86_64-unknown-linux-gnu,encoding_rs,0.8.35,mem::tests::test_check_str_for_latin1_and_bidi,full,success,0.10868667100000001,,,,
x86_64-unknown-linux-gnu,encoding_rs,0.8.35,mem::tests::test_check_utf16_for_latin1_and_bidi,full,success,0.10873850800000001,,,,
x86_64-unknown-linux-gnu,encoding_rs,0.8.35,mem::tests::test_check_utf8_for_latin1_and_bidi,full,success,0.10871900066666668,,,,
x86_64-unknown-linux-gnu,encoding_rs,0.8.35,mem::tests::test_convert_latin1_to_utf16,full,success,0.16971726,,,,
x86_64-unknown-linux-gnu,encoding_rs,0.8.35,mem::tests::test_convert_latin1_to_utf8,full,success,0.20527956533333333,,,,
x86_64-unknown-linux-gnu,encoding_rs,0.8.35,mem::tests::test_convert_latin1_to_utf8_partial,full,success,0.10734883899999999,,,,
x86_64-unknown-linux-gnu,encoding_rs,0.8.35,mem::tests::test_convert_str_to_utf16,full,success,0.11104023466666668,,,,
x86_64-unknown-linux-gnu,encoding_rs,0.8.35,mem::tests::test_convert_utf16_to_latin1_lossy,full,success,0.16380383766666667,,,,
x86_64-unknown-linux-gnu,encoding_rs,0.8.35,mem::tests::test_convert_utf16_to_latin1_lossy_panics,full,success,0.106168106,,,,
x86_64-unknown-linux-gnu,encoding_rs,0.8.35,mem::tests::test_convert_utf16_to_utf8,full,success,0.11177933000000001,,,,
x86_64-unknown-linux-gnu,encoding_rs,0.8.35,mem::tests::test_convert_utf16_to_utf8_partial,full,success,0.11303787466666666,,,,
x86_64-unknown-linux-gnu,encoding_rs,0.8.35,mem::tests::test_convert_utf8_to_latin1_lossy,full,success,0.2309713756666667,,,,
x86_64-unknown-linux-gnu,encoding_rs,0.8.35,mem::tests::test_convert_utf8_to_latin1_lossy_panics,full,success,0.11381439933333333,,,,
x86_64-unknown-linux-gnu,encoding_rs,0.8.35,mem::tests::test_convert_utf8_to_utf16,full,success,0.11788825066666668,,,,
x86_64-unknown-linux-gnu,encoding_rs,0.8.35,mem::tests::test_convert_utf8_to_utf16_without_replacement,full,success,0.11372899333333335,,,,
x86_64-unknown-linux-gnu,encoding_rs,0.8.35,mem::tests::test_decode_latin1,full,success,0.10698038966666668,,,,
x86_64-unknown-linux-gnu,encoding_rs,0.8.35,mem::tests::test_encode_latin1_lossy,full,success,0.10708389566666666,,,,
x86_64-unknown-linux-gnu,encoding_rs,0.8.35,mem::tests::test_ensure_utf16_validity,full,success,0.10481214366666668,,,,
x86_64-unknown-linux-gnu,encoding_rs,0.8.35,mem::tests::test_is_ascii_fail,full,success,0.38945221199999996,,,,
x86_64-unknown-linux-gnu,encoding_rs,0.8.35,mem::tests::test_is_ascii_success,full,success,0.15333459333333335,,,,
x86_64-unknown-linux-gnu,encoding_rs,0.8.35,mem::tests::test_is_basic_latin_fail,full,success,0.38238131933333336,,,,
x86_64-unknown-linux-gnu,encoding_rs,0.8.35,mem::tests::test_is_basic_latin_success,full,success,0.16812082400000003,,,,
x86_64-unknown-linux-gnu,encoding_rs,0.8.35,mem::tests::test_is_char_bidi,full,success,0.11005365033333335,,,,
x86_64-unknown-linux-gnu,encoding_rs,0.8.35,mem::tests::test_is_str_bidi,full,success,0.109348838,,,,
x86_64-unknown-linux-gnu,encoding_rs,0.8.35,mem::tests::test_is_str_latin1_fail,full,success,0.9997578153333334,,,,
x86_64-unknown-linux-gnu,encoding_rs,0.8.35,mem::tests::test_is_str_latin1_success,full,success,0.252549417,,,,
x86_64-unknown-linux-gnu,encoding_rs,0.8.35,mem::tests::test_is_utf16_bidi,full,success,0.112350422,,,,
x86_64-unknown-linux-gnu,encoding_rs,0.8.35,mem::tests::test_is_utf16_code_unit_bidi,full,success,0.11219521066666667,,,,
x86_64-unknown-linux-gnu,encoding_rs,0.8.35,mem::tests::test_is_utf16_latin1_fail,full,success,6.320601871666668,,,,
x86_64-unknown-linux-gnu,encoding_rs,0.8.35,mem::tests::test_is_utf16_latin1_success,full,success,0.311333686,,,,
x86_64-unknown-linux-gnu,encoding_rs,0.8.35,mem::tests::test_is_utf8_bidi,full,success,0.111686091,,,,
x86_64-unknown-linux-gnu,encoding_rs,0.8.35,mem::tests::test_is_utf8_bidi_edge_cases,full,success,0.11662759533333333,,,,
x86_64-unknown-linux-gnu,encoding_rs,0.8.35,mem::tests::test_is_utf8_latin1_fail,full,success,1.1572165553333333,,,,
x86_64-unknown-linux-gnu,encoding_rs,0.8.35,mem::tests::test_is_utf8_latin1_invalid,full,success,0.10916623333333335,,,,
x86_64-unknown-linux-gnu,encoding_rs,0.8.35,mem::tests::test_is_utf8_latin1_success,full,success,0.25484962866666666,,,,
x86_64-unknown-linux-gnu,encoding_rs,0.8.35,mem::tests::test_utf16_valid_up_to,full,success,0.10686132333333336,,,,
x86_64-unknown-linux-gnu,encoding_rs,0.8.35,replacement::tests::test_replacement_decode,full,success,0.11071174733333333,,,,
x86_64-unknown-linux-gnu,encoding_rs,0.8.35,replacement::tests::test_replacement_encode,full,success,0.1317026166666667,,,,
x86_64-unknown-linux-gnu,encoding_rs,0.8.35,shift_jis::tests::test_shift_jis_decode,full,success,0.37147336233333333,,,,
x86_64-unknown-linux-gnu,encoding_rs,0.8.35,shift_jis::tests::test_shift_jis_encode,full,success,3.4452797726666664,,,,
x86_64-unknown-linux-gnu,encoding_rs,0.8.35,shift_jis::tests::test_shift_jis_half_width_katakana_length,full,success,0.10645070733333334,,,,
x86_64-unknown-linux-gnu,encoding_rs,0.8.35,single_byte::tests::test_ascii_punctuation,full,success,2.7208914323333335,,,,
x86_64-unknown-linux-gnu,encoding_rs,0.8.35,single_byte::tests::test_decode_malformed,full,success,0.15136069100000002,,,,
x86_64-unknown-linux-gnu,encoding_rs,0.8.35,single_byte::tests::test_encode_unmappables,full,success,0.19021529,,,,
x86_64-unknown-linux-gnu,encoding_rs,0.8.35,single_byte::tests::test_encode_unpaired_surrogates,full,success,0.12019554966666668,,,,
x86_64-unknown-linux-gnu,encoding_rs,0.8.35,single_byte::tests::test_single_byte_decode,full,success,1.9042854193333334,,,,
x86_64-unknown-linux-gnu,encoding_rs,0.8.35,single_byte::tests::test_single_byte_encode,full,success,0.3958302736666666,,,,
x86_64-unknown-linux-gnu,encoding_rs,0.8.35,single_byte::tests::test_single_byte_from_two_low_surrogates,full,success,0.10846971100000001,,,,
x86_64-unknown-linux-gnu,encoding_rs,0.8.35,single_byte::tests::test_windows_1255_ca,full,success,0.12958513133333335,,,,
x86_64-unknown-linux-gnu,encoding_rs,0.8.35,test_labels_names::test_all_labels,full,success,0.5859266673333333,,,,
x86_64-unknown-linux-gnu,encoding_rs,0.8.35,tests::test_bom_sniffing,full,success,0.11720138166666667,,,,
x86_64-unknown-linux-gnu,encoding_rs,0.8.35,tests::test_buffer_end_iso_2022_jp_from_utf16,full,success,0.10678957433333335,,,,
x86_64-unknown-linux-gnu,encoding_rs,0.8.35,tests::test_buffer_end_iso_2022_jp_from_utf8,full,success,0.10573089333333334,,,,
x86_64-unknown-linux-gnu,encoding_rs,0.8.35,tests::test_buffer_end_utf16be,full,success,0.10578008633333334,,,,
x86_64-unknown-linux-gnu,encoding_rs,0.8.35,tests::test_decode_ascii_only_windows_1257_to_cow,full,success,0.11091810333333335,,,,
x86_64-unknown-linux-gnu,encoding_rs,0.8.35,tests::test_decode_ascii_only_windows_1257_to_cow_with_bom_removal,full,success,0.10678671499999999,,,,
x86_64-unknown-linux-gnu,encoding_rs,0.8.35,tests::test_decode_ascii_only_windows_1257_to_cow_without_bom_handling,full,success,0.10623482333333334,,,,
x86_64-unknown-linux-gnu,encoding_rs,0.8.35,tests::test_decode_ascii_only_windows_1257_to_cow_without_bom_handling_and_without_replacement,full,success,0.10700500200000002,,,,
x86_64-unknown-linux-gnu,encoding_rs,0.8.35,tests::test_decode_bomful_invalid_utf8_as_utf_8_to_cow,full,success,0.10753285333333333,,,,
x86_64-unknown-linux-gnu,encoding_rs,0.8.35,tests::test_decode_bomful_invalid_utf8_as_windows_1257_to_cow,full,success,0.11041550933333334,,,,
x86_64-unknown-linux-gnu,encoding_rs,0.8.35,tests::test_decode_bomful_invalid_utf8_to_cow_without_bom_handling,full,success,0.113845659,,,,
x86_64-unknown-linux-gnu,encoding_rs,0.8.35,tests::test_decode_bomful_invalid_utf8_to_cow_without_bom_handling_and_without_replacement,full,success,0.108937501,,,,
x86_64-unknown-linux-gnu,encoding_rs,0.8.35,tests::test_decode_bomful_valid_utf8_as_utf_8_to_cow,full,success,0.112935364,,,,
x86_64-unknown-linux-gnu,encoding_rs,0.8.35,tests::test_decode_bomful_valid_utf8_as_utf_8_to_cow_with_bom_removal,full,success,0.10552132800000001,,,,
x86_64-unknown-linux-gnu,encoding_rs,0.8.35,tests::test_decode_bomful_valid_utf8_as_windows_1257_to_cow,full,success,0.11057254133333334,,,,
x86_64-unknown-linux-gnu,encoding_rs,0.8.35,tests::test_decode_bomful_valid_utf8_as_windows_1257_to_cow_with_bom_removal,full,success,0.10855655266666668,,,,
x86_64-unknown-linux-gnu,encoding_rs,0.8.35,tests::test_decode_bomful_valid_utf8_to_cow_without_bom_handling,full,success,0.10809114333333335,,,,
x86_64-unknown-linux-gnu,encoding_rs,0.8.35,tests::test_decode_bomful_valid_utf8_to_cow_without_bom_handling_and_without_replacement,full,success,0.10705620066666667,,,,
x86_64-unknown-linux-gnu,encoding_rs,0.8.35,tests::test_decode_invalid_windows_1257_to_cow,full,success,0.106810786,,,,
x86_64-unknown-linux-gnu,encoding_rs,0.8.35,tests::test_decode_invalid_windows_1257_to_cow_with_bom_removal,full,success,0.11154398266666667,,,,
x86_64-unknown-linux-gnu,encoding_rs,0.8.35,tests::test_decode_invalid_windows_1257_to_cow_without_bom_handling,full,success,0.111321762,,,,
x86_64-unknown-linux-gnu,encoding_rs,0.8.35,tests::test_decode_invalid_windows_1257_to_cow_without_bom_handling_and_without_replacement,full,success,0.12227826300000001,,,,
x86_64-unknown-linux-gnu,encoding_rs,0.8.35,tests::test_decode_valid_windows_1257_to_cow,full,success,0.10925883766666668,,,,
x86_64-unknown-linux-gnu,encoding_rs,0.8.35,tests::test_decode_valid_windows_1257_to_cow_with_bom_removal,full,success,0.1070177146666667,,,,
x86_64-unknown-linux-gnu,encoding_rs,0.8.35,tests::test_decode_valid_windows_1257_to_cow_without_bom_handling,full,success,0.109600792,,,,
x86_64-unknown-linux-gnu,encoding_rs,0.8.35,tests::test_decode_valid_windows_1257_to_cow_without_bom_handling_and_without_replacement,full,success,0.11314955033333333,,,,
x86_64-unknown-linux-gnu,encoding_rs,0.8.35,tests::test_encode_ascii_only_windows_1257_to_cow,full,success,0.11856148133333333,,,,
x86_64-unknown-linux-gnu,encoding_rs,0.8.35,tests::test_encode_valid_windows_1257_to_cow,full,success,0.10914026333333333,,,,
x86_64-unknown-linux-gnu,encoding_rs,0.8.35,tests::test_hash,full,success,0.10915365633333333,,,,
x86_64-unknown-linux-gnu,encoding_rs,0.8.35,tests::test_is_single_byte,full,success,0.11759060666666667,,,,
x86_64-unknown-linux-gnu,encoding_rs,0.8.35,tests::test_iso_2022_jp_ncr_extra_from_utf16,full,success,0.109787564,,,,
x86_64-unknown-linux-gnu,encoding_rs,0.8.35,tests::test_iso_2022_jp_ncr_extra_from_utf8,full,success,0.11084121066666668,,,,
x86_64-unknown-linux-gnu,encoding_rs,0.8.35,tests::test_label_resolution,full,success,0.11769826233333334,,,,
x86_64-unknown-linux-gnu,encoding_rs,0.8.35,tests::test_latin1_byte_compatible_up_to,full,success,0.11818753666666666,,,,
x86_64-unknown-linux-gnu,encoding_rs,0.8.35,tests::test_max_length_with_bom_to_utf8,full,success,0.10852369133333334,,,,
x86_64-unknown-linux-gnu,encoding_rs,0.8.35,tests::test_output_encoding,full,success,0.108849415,,,,
x86_64-unknown-linux-gnu,encoding_rs,0.8.35,tests::test_too_short_buffer_with_iso_2022_jp_ascii_from_utf16,full,success,0.10648866133333335,,,,
x86_64-unknown-linux-gnu,encoding_rs,0.8.35,tests::test_too_short_buffer_with_iso_2022_jp_ascii_from_utf8,full,success,0.11151234666666666,,,,
x86_64-unknown-linux-gnu,encoding_rs,0.8.35,tests::test_too_short_buffer_with_iso_2022_jp_roman_from_utf16,full,success,0.10759675133333335,,,,
x86_64-unknown-linux-gnu,encoding_rs,0.8.35,tests::test_too_short_buffer_with_iso_2022_jp_roman_from_utf8,full,success,0.10840612500000002,,,,
x86_64-unknown-linux-gnu,encoding_rs,0.8.35,tests::test_utf16_space_with_one_bom_byte,full,success,0.10793896300000001,,,,
x86_64-unknown-linux-gnu,encoding_rs,0.8.35,tests::test_utf16_space_with_one_bom_byte_and_a_second_byte_in_same_call,full,success,0.10993870533333334,,,,
x86_64-unknown-linux-gnu,encoding_rs,0.8.35,tests::test_utf16_space_with_two_bom_bytes,full,success,0.112091667,,,,
x86_64-unknown-linux-gnu,encoding_rs,0.8.35,tests::test_utf8_space_with_one_bom_byte,full,success,0.10724292633333334,,,,
x86_64-unknown-linux-gnu,encoding_rs,0.8.35,tests::test_utf8_space_with_two_bom_bytes,full,success,0.10826526066666668,,,,
x86_64-unknown-linux-gnu,encoding_rs,0.8.35,utf_16::tests::test_utf_16_decode,full,success,3.0284726256666663,,,,
x86_64-unknown-linux-gnu,encoding_rs,0.8.35,utf_16::tests::test_utf_16_encode,full,success,0.15758415933333333,,,,
x86_64-unknown-linux-gnu,encoding_rs,0.8.35,utf_16::tests::test_utf_16be_decode_bom_prefix,full,success,0.10692184833333333,,,,
x86_64-unknown-linux-gnu,encoding_rs,0.8.35,utf_16::tests::test_utf_16be_decode_bom_prefixed_split_byte_pair,full,success,0.11535443299999999,,,,
x86_64-unknown-linux-gnu,encoding_rs,0.8.35,utf_16::tests::test_utf_16be_decode_near_end,full,success,0.10785501333333335,,,,
x86_64-unknown-linux-gnu,encoding_rs,0.8.35,utf_16::tests::test_utf_16be_decode_one_by_one,full,success,0.118142091,,,,
x86_64-unknown-linux-gnu,encoding_rs,0.8.35,utf_16::tests::test_utf_16be_decode_three_at_a_time,full,success,0.110522249,,,,
x86_64-unknown-linux-gnu,encoding_rs,0.8.35,utf_16::tests::test_utf_16le_decode_bom_prefix,full,success,0.11360485933333335,,,,
x86_64-unknown-linux-gnu,encoding_rs,0.8.35,utf_16::tests::test_utf_16le_decode_bom_prefixed_split_byte_pair,full,success,0.11066850099999999,,,,
x86_64-unknown-linux-gnu,encoding_rs,0.8.35,utf_16::tests::test_utf_16le_decode_near_end,full,success,0.10805012433333334,,,,
x86_64-unknown-linux-gnu,encoding_rs,0.8.35,utf_16::tests::test_utf_16le_decode_one_by_one,full,success,0.11268296366666668,,,,
x86_64-unknown-linux-gnu,encoding_rs,0.8.35,utf_16::tests::test_utf_16le_decode_three_at_a_time,full,success,0.10950178733333334,,,,
x86_64-unknown-linux-gnu,encoding_rs,0.8.35,utf_8::tests::test_decode_bom_prefix,full,success,0.10641567133333335,,,,
x86_64-unknown-linux-gnu,encoding_rs,0.8.35,utf_8::tests::test_decode_bom_prefixed_split_byte_pair,full,success,0.10948458900000001,,,,
x86_64-unknown-linux-gnu,encoding_rs,0.8.35,utf_8::tests::test_decode_bom_prefixed_split_byte_triple,full,success,0.10853326299999999,,,,
x86_64-unknown-linux-gnu,encoding_rs,0.8.35,utf_8::tests::test_encode_utf8_from_utf16_with_output_limit,full,success,1.2732320716666667,,,,
x86_64-unknown-linux-gnu,encoding_rs,0.8.35,utf_8::tests::test_tail,full,success,0.114815776,,,,
x86_64-unknown-linux-gnu,encoding_rs,0.8.35,utf_8::tests::test_utf8_decode,full,success,0.5302591296666667,,,,
x86_64-unknown-linux-gnu,encoding_rs,0.8.35,utf_8::tests::test_utf8_encode,full,success,0.12186788266666666,,,,
x86_64-unknown-linux-gnu,encoding_rs,0.8.35,utf_8::tests::test_utf8_max_length_from_utf16,full,success,0.10926655833333333,,,,
x86_64-unknown-linux-gnu,encoding_rs,0.8.35,x_user_defined::tests::test_x_user_defined_decode,full,success,0.6867327033333335,,,,
x86_64-unknown-linux-gnu,encoding_rs,0.8.35,x_user_defined::tests::test_x_user_defined_encode,full,success,0.17154728,,,,
x86_64-unknown-linux-gnu,encoding_rs,0.8.35,x_user_defined::tests::test_x_user_defined_from_two_low_surrogates,full,success,0.10866439666666668,,,,
x86_64-unknown-linux-gnu,erased-serde,0.4.10,de::tests::assert_deserializer,full,success,0.13458580466666667,,,,
x86_64-unknown-linux-gnu,erased-serde,0.4.10,de::tests::test_borrowed,full,success,0.138231821,,,,
x86_64-unknown-linux-gnu,erased-serde,0.4.10,de::tests::test_dangle,full,success,0.13659644333333332,,,,
x86_64-unknown-linux-gnu,erased-serde,0.4.10,de::tests::test_enum,full,success,0.166473792,,,,
x86_64-unknown-linux-gnu,erased-serde,0.4.10,de::tests::test_struct,full,success,0.147154531,,,,
x86_64-unknown-linux-gnu,erased-serde,0.4.10,de::tests::test_value,full,success,0.16663960200000003,,,,
x86_64-unknown-linux-gnu,erased-serde,0.4.10,macros::tests::test_generic_bound,full,success,0.1401785206666667,,,,
x86_64-unknown-linux-gnu,erased-serde,0.4.10,macros::tests::test_plain,full,success,0.140984819,,,,
x86_64-unknown-linux-gnu,erased-serde,0.4.10,macros::tests::test_type_parameter,full,success,0.13711161666666669,,,,
x86_64-unknown-linux-gnu,erased-serde,0.4.10,macros::tests::test_where_clause,full,success,0.13602657,,,,
x86_64-unknown-linux-gnu,erased-serde,0.4.10,ser::tests::assert_serialize,full,success,0.13829604733333334,,,,
x86_64-unknown-linux-gnu,erased-serde,0.4.10,ser::tests::test_dangle,full,success,0.144820952,,,,
x86_64-unknown-linux-gnu,erased-serde,0.4.10,ser::tests::test_enum,full,success,0.15760059733333334,,,,
x86_64-unknown-linux-gnu,erased-serde,0.4.10,ser::tests::test_error_custom,full,success,0.13837815633333334,,,,
x86_64-unknown-linux-gnu,erased-serde,0.4.10,ser::tests::test_struct,full,success,0.14057991,,,,
x86_64-unknown-linux-gnu,erased-serde,0.4.10,ser::tests::test_vec,full,success,0.14082753333333334,,,,
x86_64-unknown-linux-gnu,errno,0.3.14,check_description,full,success,0.117407408,,,,
x86_64-unknown-linux-gnu,errno,0.3.14,check_error_into_errno,full,success,0.11808202433333333,,,,
x86_64-unknown-linux-gnu,errno,0.3.14,it_works,full,success,0.119361805,,,,
x86_64-unknown-linux-gnu,errno,0.3.14,it_works_with_to_string,full,success,0.11600333966666666,,,,
x86_64-unknown-linux-gnu,event-listener-strategy,0.5.4,send_and_sync,full,success,0.13570256733333333,,,,
x86_64-unknown-linux-gnu,event-listener,5.4.1,sys::tests::drop_non_notified,full,success,0.10817010366666668,,,,
x86_64-unknown-linux-gnu,event-listener,5.4.1,sys::tests::insert,full,success,0.11237996433333335,,,,
x86_64-unknown-linux-gnu,flate2,1.1.9,crc::tests::combine_matches_concatenation,full,success,0.13719894733333335,,,,
x86_64-unknown-linux-gnu,flate2,1.1.9,crc::tests::known_vector_hello,full,success,0.13109747200000002,,,,
x86_64-unknown-linux-gnu,flate2,1.1.9,crc::tests::known_vector_quick_brown_fox,full,success,0.136606939,,,,
x86_64-unknown-linux-gnu,flate2,1.1.9,crc::tests::new_is_empty,full,success,0.1335085156666667,,,,
x86_64-unknown-linux-gnu,flate2,1.1.9,crc::tests::reset_restores_initial_state,full,success,0.13393316500000002,,,,
x86_64-unknown-linux-gnu,flate2,1.1.9,crc::tests::update_is_streaming,full,success,0.13178551600000002,,,,
x86_64-unknown-linux-gnu,flate2,1.1.9,deflate::bufread::test::decode_extra_data,full,success,14.825883542333335,,,,
x86_64-unknown-linux-gnu,flate2,1.1.9,deflate::tests::drop_writes,full,success,14.846832061666666,,,,
x86_64-unknown-linux-gnu,flate2,1.1.9,deflate::write::tests::decode_extra_data,full,success,30.633278899333334,,,,
x86_64-unknown-linux-gnu,flate2,1.1.9,gz::bufread::test::decode_extra_data,full,success,15.087805009999999,,,,
x86_64-unknown-linux-gnu,flate2,1.1.9,gz::read::tests::blocked_partial_header_read,full,success,0.145329254,,,,
x86_64-unknown-linux-gnu,flate2,1.1.9,gz::tests::fields,full,success,15.177431319,,,,
x86_64-unknown-linux-gnu,flate2,1.1.9,gz::tests::flush_after_write,full,success,5.1059603183333335,,,,
x86_64-unknown-linux-gnu,flate2,1.1.9,gz::tests::keep_reading_after_end,full,success,16.24242956666667,,,,
x86_64-unknown-linux-gnu,flate2,1.1.9,gz::tests::read_decoder_detects_corrupted_crc,full,success,2.0952775403333335,,,,
x86_64-unknown-linux-gnu,flate2,1.1.9,gz::tests::roundtrip,full,success,16.492565231666667,,,,
x86_64-unknown-linux-gnu,flate2,1.1.9,gz::tests::roundtrip_header,full,success,0.17247226233333335,,,,
x86_64-unknown-linux-gnu,flate2,1.1.9,gz::tests::roundtrip_zero,full,success,15.842150415333334,,,,
x86_64-unknown-linux-gnu,flate2,1.1.9,gz::tests::write_decoder_detects_corrupted_crc,full,success,2.094415693666667,,,,
x86_64-unknown-linux-gnu,flate2,1.1.9,gz::write::tests::decode_extra_data,full,success,29.729669121,,,,
x86_64-unknown-linux-gnu,flate2,1.1.9,gz::write::tests::decode_multi_writer,full,success,54.23780576066667,,,,
x86_64-unknown-linux-gnu,flate2,1.1.9,gz::write::tests::decode_writer_exact_header,full,success,29.145153757333333,,,,
x86_64-unknown-linux-gnu,flate2,1.1.9,gz::write::tests::decode_writer_one_chunk,full,success,28.938189448,,,,
x86_64-unknown-linux-gnu,flate2,1.1.9,gz::write::tests::decode_writer_partial_crc,full,success,28.829466299333333,,,,
x86_64-unknown-linux-gnu,flate2,1.1.9,gz::write::tests::decode_writer_partial_header,full,success,29.265605457333333,,,,
x86_64-unknown-linux-gnu,flate2,1.1.9,gz::write::tests::decode_writer_partial_header_comment,full,success,29.652217562,,,,
x86_64-unknown-linux-gnu,flate2,1.1.9,gz::write::tests::decode_writer_partial_header_filename,full,success,29.400782911333334,,,,
x86_64-unknown-linux-gnu,flate2,1.1.9,mem::tests::issue51,full,success,14.486014598666666,,,,
x86_64-unknown-linux-gnu,flate2,1.1.9,mem::tests::reset,full,success,40.345416252,,,,
x86_64-unknown-linux-gnu,flate2,1.1.9,zlib::bufread::test::decode_extra_data,full,success,15.071424453,,,,
x86_64-unknown-linux-gnu,flate2,1.1.9,zlib::tests::bad_input,full,success,0.32980665433333334,,,,
x86_64-unknown-linux-gnu,flate2,1.1.9,zlib::tests::drop_writes,full,success,14.983476715,,,,
x86_64-unknown-linux-gnu,flate2,1.1.9,zlib::write::tests::decode_extra_data,full,success,31.134926914333334,,,,
x86_64-unknown-linux-gnu,futures-task,0.3.32,noop_waker::tests::issue_2091_cross_thread_segfault,full,success,0.13245012666666667,,,,
x86_64-unknown-linux-gnu,futures-util,0.3.32,lock::mutex::tests::test_mutex_guard_debug_not_recurse,full,success,0.10903924633333334,,,,
x86_64-unknown-linux-gnu,generic-array,1.4.3,impls::tests::test_from_inference,full,success,0.11192405333333334,,,,
x86_64-unknown-linux-gnu,generic-array,1.4.3,iter::test::test_send_iter,full,success,0.11463627466666666,,,,
x86_64-unknown-linux-gnu,generic-array,1.4.3,test::test_assembly,full,success,0.10549876566666667,,,,
x86_64-unknown-linux-gnu,gimli,0.33.0,arch::tests::test_aarch64_registers,full,success,0.17653923866666665,,,,
x86_64-unknown-linux-gnu,gimli,0.33.0,arch::tests::test_power64_registers,full,success,0.17306316033333335,,,,
x86_64-unknown-linux-gnu,gimli,0.33.0,case_fold::tests::test_case_fold,full,success,0.09175275000000001,,,,
x86_64-unknown-linux-gnu,gimli,0.33.0,case_fold::tests::test_case_folding_djb_hash,full,success,0.08942550666666667,,,,
x86_64-unknown-linux-gnu,gimli,0.33.0,constants::tests::test_dw_eh_pe_application,full,success,0.08402836866666667,,,,
x86_64-unknown-linux-gnu,gimli,0.33.0,constants::tests::test_dw_eh_pe_format,full,success,0.09065280066666669,,,,
x86_64-unknown-linux-gnu,gimli,0.33.0,constants::tests::test_dw_eh_pe_is_absent,full,success,0.08372150066666667,,,,
x86_64-unknown-linux-gnu,gimli,0.33.0,constants::tests::test_dw_eh_pe_is_valid_encoding_bad_application,full,success,0.08773757666666666,,,,
x86_64-unknown-linux-gnu,gimli,0.33.0,constants::tests::test_dw_eh_pe_is_valid_encoding_bad_format,full,success,0.08358368666666667,,,,
x86_64-unknown-linux-gnu,gimli,0.33.0,constants::tests::test_dw_eh_pe_is_valid_encoding_ok,full,success,0.08329104433333333,,,,
x86_64-unknown-linux-gnu,gimli,0.33.0,leb128::tests::test_low_bits_of_byte,full,success,0.08536562666666668,,,,
x86_64-unknown-linux-gnu,gimli,0.33.0,leb128::tests::test_low_bits_of_u64,full,success,0.08554164233333333,,,,
x86_64-unknown-linux-gnu,gimli,0.33.0,leb128::tests::test_read_multiple,full,success,0.083532066,,,,
x86_64-unknown-linux-gnu,gimli,0.33.0,leb128::tests::test_read_signed,full,success,0.08377123666666668,,,,
x86_64-unknown-linux-gnu,gimli,0.33.0,leb128::tests::test_read_signed_63_bits,full,success,0.085630943,,,,
x86_64-unknown-linux-gnu,gimli,0.33.0,leb128::tests::test_read_signed_not_enough_data,full,success,0.08481986933333334,,,,
x86_64-unknown-linux-gnu,gimli,0.33.0,leb128::tests::test_read_signed_overflow,full,success,0.083784372,,,,
x86_64-unknown-linux-gnu,gimli,0.33.0,leb128::tests::test_read_u16,full,success,0.08595879566666668,,,,
x86_64-unknown-linux-gnu,gimli,0.33.0,leb128::tests::test_read_unsigned,full,success,0.08904575733333335,,,,
x86_64-unknown-linux-gnu,gimli,0.33.0,leb128::tests::test_read_unsigned_invalid,full,success,0.08562211633333335,,,,
x86_64-unknown-linux-gnu,gimli,0.33.0,leb128::tests::test_read_unsigned_not_enough_data,full,success,0.08495342366666665,,,,
x86_64-unknown-linux-gnu,gimli,0.33.0,leb128::tests::test_read_unsigned_overflow,full,success,0.083809413,,,,
x86_64-unknown-linux-gnu,gimli,0.33.0,leb128::tests::test_write_signed_not_enough_space,full,success,0.083531899,,,,
x86_64-unknown-linux-gnu,gimli,0.33.0,leb128::tests::test_write_unsigned_not_enough_space,full,success,0.08676244466666667,,,,
x86_64-unknown-linux-gnu,gimli,0.33.0,read::abbrev::tests::test_abbreviations_insert,full,success,0.091125052,,,,
x86_64-unknown-linux-gnu,gimli,0.33.0,read::abbrev::tests::test_debug_abbrev_ok,full,success,0.09105539933333334,,,,
x86_64-unknown-linux-gnu,gimli,0.33.0,read::abbrev::tests::test_get_abbrev_zero,full,success,0.087396533,,,,
x86_64-unknown-linux-gnu,gimli,0.33.0,read::abbrev::tests::test_parse_abbreviation_has_children,full,success,0.084033657,,,,
x86_64-unknown-linux-gnu,gimli,0.33.0,read::abbrev::tests::test_parse_abbreviation_implicit_const_no_const,full,success,0.08932862000000001,,,,
x86_64-unknown-linux-gnu,gimli,0.33.0,read::abbrev::tests::test_parse_abbreviation_implicit_const_ok,full,success,0.08523516033333334,,,,
x86_64-unknown-linux-gnu,gimli,0.33.0,read::abbrev::tests::test_parse_abbreviation_ok,full,success,0.08509684166666669,,,,
x86_64-unknown-linux-gnu,gimli,0.33.0,read::abbrev::tests::test_parse_abbreviation_tag_ok,full,success,0.08463920733333334,,,,
x86_64-unknown-linux-gnu,gimli,0.33.0,read::abbrev::tests::test_parse_abbreviation_tag_zero,full,success,0.09452270666666666,,,,
x86_64-unknown-linux-gnu,gimli,0.33.0,read::abbrev::tests::test_parse_abbreviations_duplicate,full,success,0.08882589466666667,,,,
x86_64-unknown-linux-gnu,gimli,0.33.0,read::abbrev::tests::test_parse_abbreviations_ok,full,success,0.088834719,,,,
x86_64-unknown-linux-gnu,gimli,0.33.0,read::abbrev::tests::test_parse_attribute_specifications_form_zero,full,success,0.08302973000000001,,,,
x86_64-unknown-linux-gnu,gimli,0.33.0,read::abbrev::tests::test_parse_attribute_specifications_name_zero,full,success,0.08152176733333334,,,,
x86_64-unknown-linux-gnu,gimli,0.33.0,read::abbrev::tests::test_parse_null_abbreviation_ok,full,success,0.09270050033333334,,,,
x86_64-unknown-linux-gnu,gimli,0.33.0,read::abbrev::tests::test_parse_null_attribute_specification_ok,full,success,0.08484683233333334,,,,
x86_64-unknown-linux-gnu,gimli,0.33.0,read::addr::tests::test_get_address,full,success,0.11590331733333335,,,,
x86_64-unknown-linux-gnu,gimli,0.33.0,read::addr::tests::test_iterator,full,success,0.096946486,,,,
x86_64-unknown-linux-gnu,gimli,0.33.0,read::aranges::tests::test_iterate_headers,full,success,0.08633192166666669,,,,
x86_64-unknown-linux-gnu,gimli,0.33.0,read::aranges::tests::test_parse_entry_ok,full,success,0.08685727000000003,,,,
x86_64-unknown-linux-gnu,gimli,0.33.0,read::aranges::tests::test_parse_entry_overflow_32,full,success,0.08351125966666667,,,,
x86_64-unknown-linux-gnu,gimli,0.33.0,read::aranges::tests::test_parse_entry_overflow_64,full,success,0.08444223833333335,,,,
x86_64-unknown-linux-gnu,gimli,0.33.0,read::aranges::tests::test_parse_entry_tombstone_32,full,success,0.08363480433333335,,,,
x86_64-unknown-linux-gnu,gimli,0.33.0,read::aranges::tests::test_parse_entry_tombstone_64,full,success,0.08663328533333335,,,,
x86_64-unknown-linux-gnu,gimli,0.33.0,read::aranges::tests::test_parse_entry_zero,full,success,0.08541564333333333,,,,
x86_64-unknown-linux-gnu,gimli,0.33.0,read::aranges::tests::test_parse_header_div_by_zero_error,full,success,0.08508071566666668,,,,
x86_64-unknown-linux-gnu,gimli,0.33.0,read::aranges::tests::test_parse_header_ok,full,success,0.08398399000000001,,,,
x86_64-unknown-linux-gnu,gimli,0.33.0,read::aranges::tests::test_parse_header_overflow_error,full,success,0.09218887366666667,,,,
x86_64-unknown-linux-gnu,gimli,0.33.0,read::cfi::tests::iter_register_rules,full,success,0.08725749166666667,,,,
x86_64-unknown-linux-gnu,gimli,0.33.0,read::cfi::tests::register_rule_map_eq,full,success,0.08918436833333333,,,,
x86_64-unknown-linux-gnu,gimli,0.33.0,read::cfi::tests::size_of_register_rule_map,full,success,0.082381486,,,,
x86_64-unknown-linux-gnu,gimli,0.33.0,read::cfi::tests::size_of_unwind_ctx,full,success,0.08274405233333333,,,,
x86_64-unknown-linux-gnu,gimli,0.33.0,read::cfi::tests::test_augmentation_parse_L,full,success,0.08935664533333333,,,,
x86_64-unknown-linux-gnu,gimli,0.33.0,read::cfi::tests::test_augmentation_parse_P,full,success,0.08806414033333333,,,,
x86_64-unknown-linux-gnu,gimli,0.33.0,read::cfi::tests::test_augmentation_parse_R,full,success,0.08460111833333334,,,,
x86_64-unknown-linux-gnu,gimli,0.33.0,read::cfi::tests::test_augmentation_parse_S,full,success,0.084918592,,,,
x86_64-unknown-linux-gnu,gimli,0.33.0,read::cfi::tests::test_augmentation_parse_all,full,success,0.09177347033333334,,,,
x86_64-unknown-linux-gnu,gimli,0.33.0,read::cfi::tests::test_augmentation_parse_just_signal_trampoline,full,success,0.084028374,,,,
x86_64-unknown-linux-gnu,gimli,0.33.0,read::cfi::tests::test_augmentation_parse_not_z_augmentation,full,success,0.08320127133333334,,,,
x86_64-unknown-linux-gnu,gimli,0.33.0,read::cfi::tests::test_augmentation_parse_unknown_part_of_z_augmentation,full,success,0.08409874733333333,,,,
x86_64-unknown-linux-gnu,gimli,0.33.0,read::cfi::tests::test_call_frame_instruction_iter_err,full,success,0.08550726833333333,,,,
x86_64-unknown-linux-gnu,gimli,0.33.0,read::cfi::tests::test_call_frame_instruction_iter_ok,full,success,0.08933202200000001,,,,
x86_64-unknown-linux-gnu,gimli,0.33.0,read::cfi::tests::test_cfi_entries_iter,full,success,0.11393839966666668,,,,
x86_64-unknown-linux-gnu,gimli,0.33.0,read::cfi::tests::test_debug_frame_skips_zero_length,full,success,0.094095829,,,,
x86_64-unknown-linux-gnu,gimli,0.33.0,read::cfi::tests::test_eh_frame_cie_personality_function_relative_bad_context,full,success,0.098259053,,,,
x86_64-unknown-linux-gnu,gimli,0.33.0,read::cfi::tests::test_eh_frame_fde_empty_augmentation,full,success,0.09459184833333334,,,,
x86_64-unknown-linux-gnu,gimli,0.33.0,read::cfi::tests::test_eh_frame_fde_for_address_good,full,success,0.11660406400000001,,,,
x86_64-unknown-linux-gnu,gimli,0.33.0,read::cfi::tests::test_eh_frame_fde_lsda_augmentation,full,success,0.09647812500000001,,,,
x86_64-unknown-linux-gnu,gimli,0.33.0,read::cfi::tests::test_eh_frame_fde_lsda_function_relative,full,success,0.08972876266666667,,,,
x86_64-unknown-linux-gnu,gimli,0.33.0,read::cfi::tests::test_eh_frame_fde_no_augmentation,full,success,0.092228011,,,,
x86_64-unknown-linux-gnu,gimli,0.33.0,read::cfi::tests::test_eh_frame_fde_ok,full,success,0.10033700933333334,,,,
x86_64-unknown-linux-gnu,gimli,0.33.0,read::cfi::tests::test_eh_frame_fde_out_of_bounds,full,success,0.09727598833333334,,,,
x86_64-unknown-linux-gnu,gimli,0.33.0,read::cfi::tests::test_eh_frame_hdr_good,full,success,0.09169712633333334,,,,
x86_64-unknown-linux-gnu,gimli,0.33.0,read::cfi::tests::test_eh_frame_hdr_indirect_length,full,success,0.08704258033333334,,,,
x86_64-unknown-linux-gnu,gimli,0.33.0,read::cfi::tests::test_eh_frame_hdr_indirect_ptrs,full,success,0.08581160933333336,,,,
x86_64-unknown-linux-gnu,gimli,0.33.0,read::cfi::tests::test_eh_frame_hdr_omit_count,full,success,0.086543453,,,,
x86_64-unknown-linux-gnu,gimli,0.33.0,read::cfi::tests::test_eh_frame_hdr_omit_ehptr,full,success,0.08993429900000001,,,,
x86_64-unknown-linux-gnu,gimli,0.33.0,read::cfi::tests::test_eh_frame_hdr_omit_table,full,success,0.08504192166666669,,,,
x86_64-unknown-linux-gnu,gimli,0.33.0,read::cfi::tests::test_eh_frame_hdr_unknown_version,full,success,0.08700083333333335,,,,
x86_64-unknown-linux-gnu,gimli,0.33.0,read::cfi::tests::test_eh_frame_hdr_varlen_table,full,success,0.09689750100000001,,,,
x86_64-unknown-linux-gnu,gimli,0.33.0,read::cfi::tests::test_eh_frame_resolve_cie_offset_ok,full,success,0.08838622533333333,,,,
x86_64-unknown-linux-gnu,gimli,0.33.0,read::cfi::tests::test_eh_frame_resolve_cie_offset_out_of_bounds,full,success,0.08838260166666667,,,,
x86_64-unknown-linux-gnu,gimli,0.33.0,read::cfi::tests::test_eh_frame_resolve_cie_offset_underflow,full,success,0.09012315433333333,,,,
x86_64-unknown-linux-gnu,gimli,0.33.0,read::cfi::tests::test_eh_frame_stops_at_zero_length,full,success,0.08977549166666667,,,,
x86_64-unknown-linux-gnu,gimli,0.33.0,read::cfi::tests::test_eval_advance_loc,full,success,0.086803172,,,,
x86_64-unknown-linux-gnu,gimli,0.33.0,read::cfi::tests::test_eval_advance_loc_overflow_32,full,success,0.08763350000000002,,,,
x86_64-unknown-linux-gnu,gimli,0.33.0,read::cfi::tests::test_eval_advance_loc_overflow_64,full,success,0.08564635333333333,,,,
x86_64-unknown-linux-gnu,gimli,0.33.0,read::cfi::tests::test_eval_def_cfa,full,success,0.08638285533333334,,,,
x86_64-unknown-linux-gnu,gimli,0.33.0,read::cfi::tests::test_eval_def_cfa_expression,full,success,0.08545597233333335,,,,
x86_64-unknown-linux-gnu,gimli,0.33.0,read::cfi::tests::test_eval_def_cfa_offset,full,success,0.08713553600000001,,,,
x86_64-unknown-linux-gnu,gimli,0.33.0,read::cfi::tests::test_eval_def_cfa_offset_invalid_context,full,success,0.085250426,,,,
x86_64-unknown-linux-gnu,gimli,0.33.0,read::cfi::tests::test_eval_def_cfa_register,full,success,0.088812705,,,,
x86_64-unknown-linux-gnu,gimli,0.33.0,read::cfi::tests::test_eval_def_cfa_register_invalid_context,full,success,0.08441504433333334,,,,
x86_64-unknown-linux-gnu,gimli,0.33.0,read::cfi::tests::test_eval_def_cfa_sf,full,success,0.09760553333333334,,,,
x86_64-unknown-linux-gnu,gimli,0.33.0,read::cfi::tests::test_eval_expression,full,success,0.09621175966666667,,,,
x86_64-unknown-linux-gnu,gimli,0.33.0,read::cfi::tests::test_eval_negate_ra_state,full,success,0.10736851000000001,,,,
x86_64-unknown-linux-gnu,gimli,0.33.0,read::cfi::tests::test_eval_nop,full,success,0.10121181900000002,,,,
x86_64-unknown-linux-gnu,gimli,0.33.0,read::cfi::tests::test_eval_offset,full,success,0.10319653133333334,,,,
x86_64-unknown-linux-gnu,gimli,0.33.0,read::cfi::tests::test_eval_offset_extended_sf,full,success,0.10200413133333334,,,,
x86_64-unknown-linux-gnu,gimli,0.33.0,read::cfi::tests::test_eval_remember_state,full,success,0.09018256066666668,,,,
x86_64-unknown-linux-gnu,gimli,0.33.0,read::cfi::tests::test_eval_restore,full,success,0.08993633266666667,,,,
x86_64-unknown-linux-gnu,gimli,0.33.0,read::cfi::tests::test_eval_restore_havent_saved_initial_context,full,success,0.09107895066666667,,,,
x86_64-unknown-linux-gnu,gimli,0.33.0,read::cfi::tests::test_eval_restore_state,full,success,0.08741548233333334,,,,
x86_64-unknown-linux-gnu,gimli,0.33.0,read::cfi::tests::test_eval_same_value,full,success,0.08594874000000001,,,,
x86_64-unknown-linux-gnu,gimli,0.33.0,read::cfi::tests::test_eval_set_loc,full,success,0.09011566500000001,,,,
x86_64-unknown-linux-gnu,gimli,0.33.0,read::cfi::tests::test_eval_set_loc_backwards,full,success,0.08560624100000001,,,,
x86_64-unknown-linux-gnu,gimli,0.33.0,read::cfi::tests::test_eval_undefined,full,success,0.08770826933333332,,,,
x86_64-unknown-linux-gnu,gimli,0.33.0,read::cfi::tests::test_eval_val_expression,full,success,0.09311309866666667,,,,
x86_64-unknown-linux-gnu,gimli,0.33.0,read::cfi::tests::test_eval_val_offset,full,success,0.09538105466666667,,,,
x86_64-unknown-linux-gnu,gimli,0.33.0,read::cfi::tests::test_eval_val_offset_sf,full,success,0.08863172333333334,,,,
x86_64-unknown-linux-gnu,gimli,0.33.0,read::cfi::tests::test_parse_cfi_entry_on_cie_32_ok,full,success,0.09358253033333334,,,,
x86_64-unknown-linux-gnu,gimli,0.33.0,read::cfi::tests::test_parse_cfi_entry_on_fde_32_ok,full,success,0.09429082633333334,,,,
x86_64-unknown-linux-gnu,gimli,0.33.0,read::cfi::tests::test_parse_cfi_instruction_advance_loc,full,success,0.09358118066666667,,,,
x86_64-unknown-linux-gnu,gimli,0.33.0,read::cfi::tests::test_parse_cfi_instruction_advance_loc1,full,success,0.08443686500000001,,,,
x86_64-unknown-linux-gnu,gimli,0.33.0,read::cfi::tests::test_parse_cfi_instruction_advance_loc2,full,success,0.08679244066666668,,,,
x86_64-unknown-linux-gnu,gimli,0.33.0,read::cfi::tests::test_parse_cfi_instruction_advance_loc4,full,success,0.08798821666666667,,,,
x86_64-unknown-linux-gnu,gimli,0.33.0,read::cfi::tests::test_parse_cfi_instruction_def_cfa,full,success,0.09250743466666667,,,,
x86_64-unknown-linux-gnu,gimli,0.33.0,read::cfi::tests::test_parse_cfi_instruction_def_cfa_expression,full,success,0.09012860266666667,,,,
x86_64-unknown-linux-gnu,gimli,0.33.0,read::cfi::tests::test_parse_cfi_instruction_def_cfa_offset,full,success,0.09186745766666667,,,,
x86_64-unknown-linux-gnu,gimli,0.33.0,read::cfi::tests::test_parse_cfi_instruction_def_cfa_offset_sf,full,success,0.08527362866666667,,,,
x86_64-unknown-linux-gnu,gimli,0.33.0,read::cfi::tests::test_parse_cfi_instruction_def_cfa_register,full,success,0.09156263966666667,,,,
x86_64-unknown-linux-gnu,gimli,0.33.0,read::cfi::tests::test_parse_cfi_instruction_def_cfa_sf,full,success,0.09309368166666666,,,,
x86_64-unknown-linux-gnu,gimli,0.33.0,read::cfi::tests::test_parse_cfi_instruction_expression,full,success,0.09237297566666668,,,,
x86_64-unknown-linux-gnu,gimli,0.33.0,read::cfi::tests::test_parse_cfi_instruction_negate_ra_state,full,success,0.08721441266666667,,,,
x86_64-unknown-linux-gnu,gimli,0.33.0,read::cfi::tests::test_parse_cfi_instruction_nop,full,success,0.08849280566666667,,,,
x86_64-unknown-linux-gnu,gimli,0.33.0,read::cfi::tests::test_parse_cfi_instruction_offset,full,success,0.08769668466666668,,,,
x86_64-unknown-linux-gnu,gimli,0.33.0,read::cfi::tests::test_parse_cfi_instruction_offset_extended,full,success,0.08854012433333334,,,,
x86_64-unknown-linux-gnu,gimli,0.33.0,read::cfi::tests::test_parse_cfi_instruction_offset_extended_sf,full,success,0.08678272,,,,
x86_64-unknown-linux-gnu,gimli,0.33.0,read::cfi::tests::test_parse_cfi_instruction_register,full,success,0.08622596866666667,,,,
x86_64-unknown-linux-gnu,gimli,0.33.0,read::cfi::tests::test_parse_cfi_instruction_remember_state,full,success,0.08674501033333333,,,,
x86_64-unknown-linux-gnu,gimli,0.33.0,read::cfi::tests::test_parse_cfi_instruction_restore,full,success,0.092197809,,,,
x86_64-unknown-linux-gnu,gimli,0.33.0,read::cfi::tests::test_parse_cfi_instruction_restore_extended,full,success,0.08501429033333334,,,,
x86_64-unknown-linux-gnu,gimli,0.33.0,read::cfi::tests::test_parse_cfi_instruction_restore_state,full,success,0.08702217466666667,,,,
x86_64-unknown-linux-gnu,gimli,0.33.0,read::cfi::tests::test_parse_cfi_instruction_same_value,full,success,0.08622042733333335,,,,
x86_64-unknown-linux-gnu,gimli,0.33.0,read::cfi::tests::test_parse_cfi_instruction_set_loc,full,success,0.08911669200000001,,,,
x86_64-unknown-linux-gnu,gimli,0.33.0,read::cfi::tests::test_parse_cfi_instruction_set_loc_encoding,full,success,0.08737955400000001,,,,
x86_64-unknown-linux-gnu,gimli,0.33.0,read::cfi::tests::test_parse_cfi_instruction_undefined,full,success,0.08893645833333334,,,,
x86_64-unknown-linux-gnu,gimli,0.33.0,read::cfi::tests::test_parse_cfi_instruction_unknown_instruction,full,success,0.08753975566666668,,,,
x86_64-unknown-linux-gnu,gimli,0.33.0,read::cfi::tests::test_parse_cfi_instruction_val_expression,full,success,0.09460362533333333,,,,
x86_64-unknown-linux-gnu,gimli,0.33.0,read::cfi::tests::test_parse_cfi_instruction_val_offset,full,success,0.090150518,,,,
x86_64-unknown-linux-gnu,gimli,0.33.0,read::cfi::tests::test_parse_cfi_instruction_val_offset_sf,full,success,0.08766500233333334,,,,
x86_64-unknown-linux-gnu,gimli,0.33.0,read::cfi::tests::test_parse_cie_32_bad_version,full,success,0.08680705266666666,,,,
x86_64-unknown-linux-gnu,gimli,0.33.0,read::cfi::tests::test_parse_cie_32_ok,full,success,0.10695421566666667,,,,
x86_64-unknown-linux-gnu,gimli,0.33.0,read::cfi::tests::test_parse_cie_64_ok,full,success,0.12920061533333335,,,,
x86_64-unknown-linux-gnu,gimli,0.33.0,read::cfi::tests::test_parse_cie_bad_id_32,full,success,0.09749580533333334,,,,
x86_64-unknown-linux-gnu,gimli,0.33.0,read::cfi::tests::test_parse_cie_from_offset,full,success,0.10897604900000002,,,,
x86_64-unknown-linux-gnu,gimli,0.33.0,read::cfi::tests::test_parse_cie_incomplete_id_32,full,success,0.10748119500000002,,,,
x86_64-unknown-linux-gnu,gimli,0.33.0,read::cfi::tests::test_parse_cie_incomplete_length_32,full,success,0.104243651,,,,
x86_64-unknown-linux-gnu,gimli,0.33.0,read::cfi::tests::test_parse_cie_incomplete_length_64,full,success,0.09703850466666668,,,,
x86_64-unknown-linux-gnu,gimli,0.33.0,read::cfi::tests::test_parse_cie_length_too_big,full,success,0.10487528233333333,,,,
x86_64-unknown-linux-gnu,gimli,0.33.0,read::cfi::tests::test_parse_cie_unknown_augmentation,full,success,0.10664764166666667,,,,
x86_64-unknown-linux-gnu,gimli,0.33.0,read::cfi::tests::test_parse_encoded_pointer_absptr,full,success,0.09051733633333335,,,,
x86_64-unknown-linux-gnu,gimli,0.33.0,read::cfi::tests::test_parse_encoded_pointer_aligned,full,success,0.09192602266666668,,,,
x86_64-unknown-linux-gnu,gimli,0.33.0,read::cfi::tests::test_parse_encoded_pointer_bad_encoding,full,success,0.09503307466666668,,,,
x86_64-unknown-linux-gnu,gimli,0.33.0,read::cfi::tests::test_parse_encoded_pointer_datarel,full,success,0.08833653166666666,,,,
x86_64-unknown-linux-gnu,gimli,0.33.0,read::cfi::tests::test_parse_encoded_pointer_datarel_undefined,full,success,0.08815541500000001,,,,
x86_64-unknown-linux-gnu,gimli,0.33.0,read::cfi::tests::test_parse_encoded_pointer_funcrel,full,success,0.08483690333333334,,,,
x86_64-unknown-linux-gnu,gimli,0.33.0,read::cfi::tests::test_parse_encoded_pointer_funcrel_undefined,full,success,0.08387797366666667,,,,
x86_64-unknown-linux-gnu,gimli,0.33.0,read::cfi::tests::test_parse_encoded_pointer_indirect,full,success,0.09236420866666667,,,,
x86_64-unknown-linux-gnu,gimli,0.33.0,read::cfi::tests::test_parse_encoded_pointer_omit,full,success,0.09246036266666668,,,,
x86_64-unknown-linux-gnu,gimli,0.33.0,read::cfi::tests::test_parse_encoded_pointer_pcrel,full,success,0.08628111133333334,,,,
x86_64-unknown-linux-gnu,gimli,0.33.0,read::cfi::tests::test_parse_encoded_pointer_pcrel_undefined,full,success,0.08632721833333334,,,,
x86_64-unknown-linux-gnu,gimli,0.33.0,read::cfi::tests::test_parse_encoded_pointer_sdata2,full,success,0.086995531,,,,
x86_64-unknown-linux-gnu,gimli,0.33.0,read::cfi::tests::test_parse_encoded_pointer_sdata4,full,success,0.08919211466666667,,,,
x86_64-unknown-linux-gnu,gimli,0.33.0,read::cfi::tests::test_parse_encoded_pointer_sdata8,full,success,0.08646363633333336,,,,
x86_64-unknown-linux-gnu,gimli,0.33.0,read::cfi::tests::test_parse_encoded_pointer_sleb128,full,success,0.08503715266666667,,,,
x86_64-unknown-linux-gnu,gimli,0.33.0,read::cfi::tests::test_parse_encoded_pointer_textrel,full,success,0.08388583533333334,,,,
x86_64-unknown-linux-gnu,gimli,0.33.0,read::cfi::tests::test_parse_encoded_pointer_textrel_undefined,full,success,0.08421539866666666,,,,
x86_64-unknown-linux-gnu,gimli,0.33.0,read::cfi::tests::test_parse_encoded_pointer_udata2,full,success,0.08684909600000001,,,,
x86_64-unknown-linux-gnu,gimli,0.33.0,read::cfi::tests::test_parse_encoded_pointer_udata4,full,success,0.08730527933333333,,,,
x86_64-unknown-linux-gnu,gimli,0.33.0,read::cfi::tests::test_parse_encoded_pointer_udata8,full,success,0.08479857933333335,,,,
x86_64-unknown-linux-gnu,gimli,0.33.0,read::cfi::tests::test_parse_encoded_pointer_uleb128,full,success,0.085649105,,,,
x86_64-unknown-linux-gnu,gimli,0.33.0,read::cfi::tests::test_parse_fde_32_ok,full,success,0.09599193133333335,,,,
x86_64-unknown-linux-gnu,gimli,0.33.0,read::cfi::tests::test_parse_fde_64_ok,full,success,0.09008341066666666,,,,
x86_64-unknown-linux-gnu,gimli,0.33.0,read::cfi::tests::test_parse_fde_incomplete_cie_pointer_32,full,success,0.08356774066666667,,,,
x86_64-unknown-linux-gnu,gimli,0.33.0,read::cfi::tests::test_parse_fde_incomplete_length_32,full,success,0.090913324,,,,
x86_64-unknown-linux-gnu,gimli,0.33.0,read::cfi::tests::test_parse_fde_incomplete_length_64,full,success,0.08471866933333333,,,,
x86_64-unknown-linux-gnu,gimli,0.33.0,read::cfi::tests::test_parse_pointer_encoding_bad_encoding,full,success,0.08433064400000001,,,,
x86_64-unknown-linux-gnu,gimli,0.33.0,read::cfi::tests::test_parse_pointer_encoding_ok,full,success,0.08392366233333333,,,,
x86_64-unknown-linux-gnu,gimli,0.33.0,read::cfi::tests::test_unwind_context_reuse,full,success,0.08482886233333332,,,,
x86_64-unknown-linux-gnu,gimli,0.33.0,read::cfi::tests::test_unwind_info_for_address_not_found,full,success,0.08372903100000001,,,,
x86_64-unknown-linux-gnu,gimli,0.33.0,read::cfi::tests::test_unwind_info_for_address_ok,full,success,0.12332070566666668,,,,
x86_64-unknown-linux-gnu,gimli,0.33.0,read::cfi::tests::test_unwind_table_cie_invalid_rule,full,success,0.090594644,,,,
x86_64-unknown-linux-gnu,gimli,0.33.0,read::cfi::tests::test_unwind_table_cie_no_rule,full,success,0.09051394766666666,,,,
x86_64-unknown-linux-gnu,gimli,0.33.0,read::cfi::tests::test_unwind_table_cie_single_rule,full,success,0.09804818933333333,,,,
x86_64-unknown-linux-gnu,gimli,0.33.0,read::cfi::tests::test_unwind_table_next_row,full,success,0.11818102633333334,,,,
x86_64-unknown-linux-gnu,gimli,0.33.0,read::dwarf::tests::test_dwarf_unit_variance,full,success,0.08325791866666667,,,,
x86_64-unknown-linux-gnu,gimli,0.33.0,read::dwarf::tests::test_dwarf_variance,full,success,0.08519433966666667,,,,
x86_64-unknown-linux-gnu,gimli,0.33.0,read::dwarf::tests::test_format_error,full,success,0.09253699733333333,,,,
x86_64-unknown-linux-gnu,gimli,0.33.0,read::dwarf::tests::test_send,full,success,0.08391666733333332,,,,
x86_64-unknown-linux-gnu,gimli,0.33.0,read::endian_reader::tests::bytes_and_len_and_range_and_eq,full,success,0.08584151133333334,,,,
x86_64-unknown-linux-gnu,gimli,0.33.0,read::endian_reader::tests::empty,full,success,0.08331567499999999,,,,
x86_64-unknown-linux-gnu,gimli,0.33.0,read::endian_reader::tests::endian,full,success,0.08385014600000001,,,,
x86_64-unknown-linux-gnu,gimli,0.33.0,read::endian_reader::tests::find,full,success,0.08408007566666668,,,,
x86_64-unknown-linux-gnu,gimli,0.33.0,read::endian_reader::tests::indexing,full,success,0.08627717166666667,,,,
x86_64-unknown-linux-gnu,gimli,0.33.0,read::endian_reader::tests::indexing_out_of_bounds,full,success,0.08607216700000002,,,,
x86_64-unknown-linux-gnu,gimli,0.33.0,read::endian_reader::tests::offset_from,full,success,0.083622029,,,,
x86_64-unknown-linux-gnu,gimli,0.33.0,read::endian_reader::tests::read_u8_array,full,success,0.08345420000000002,,,,
x86_64-unknown-linux-gnu,gimli,0.33.0,read::endian_reader::tests::skip,full,success,0.08530179266666667,,,,
x86_64-unknown-linux-gnu,gimli,0.33.0,read::endian_reader::tests::test_reader_split,full,success,0.08428554733333334,,,,
x86_64-unknown-linux-gnu,gimli,0.33.0,read::endian_reader::tests::test_reader_split_out_of_bounds,full,success,0.08340525333333333,,,,
x86_64-unknown-linux-gnu,gimli,0.33.0,read::endian_reader::tests::to_slice,full,success,0.088408312,,,,
x86_64-unknown-linux-gnu,gimli,0.33.0,read::endian_reader::tests::to_string_err,full,success,0.083593111,,,,
x86_64-unknown-linux-gnu,gimli,0.33.0,read::endian_reader::tests::to_string_lossy,full,success,0.08412006733333333,,,,
x86_64-unknown-linux-gnu,gimli,0.33.0,read::endian_reader::tests::to_string_ok,full,success,0.090129635,,,,
x86_64-unknown-linux-gnu,gimli,0.33.0,read::endian_reader::tests::truncate,full,success,0.08443456033333334,,,,
x86_64-unknown-linux-gnu,gimli,0.33.0,read::endian_slice::tests::test_endian_slice_split_at,full,success,0.09073513266666666,,,,
x86_64-unknown-linux-gnu,gimli,0.33.0,read::endian_slice::tests::test_endian_slice_split_at_out_of_bounds,full,success,0.09079972166666667,,,,
x86_64-unknown-linux-gnu,gimli,0.33.0,read::index::tests::test_cu_index,full,success,0.08610579266666668,,,,
x86_64-unknown-linux-gnu,gimli,0.33.0,read::index::tests::test_empty,full,success,0.08325941533333335,,,,
x86_64-unknown-linux-gnu,gimli,0.33.0,read::index::tests::test_hash,full,success,0.09260229533333335,,,,
x86_64-unknown-linux-gnu,gimli,0.33.0,read::index::tests::test_tu_index,full,success,0.08581094533333333,,,,
x86_64-unknown-linux-gnu,gimli,0.33.0,read::index::tests::test_version_2,full,success,0.093123881,,,,
x86_64-unknown-linux-gnu,gimli,0.33.0,read::index::tests::test_version_2_sections,full,success,0.09327099733333333,,,,
x86_64-unknown-linux-gnu,gimli,0.33.0,read::index::tests::test_version_5,full,success,0.08552379333333333,,,,
x86_64-unknown-linux-gnu,gimli,0.33.0,read::index::tests::test_version_5_invalid,full,success,0.08740207366666668,,,,
x86_64-unknown-linux-gnu,gimli,0.33.0,read::index::tests::test_version_5_sections,full,success,0.09265314966666667,,,,
x86_64-unknown-linux-gnu,gimli,0.33.0,read::index::tests::test_zero_slots,full,success,0.08314998633333333,,,,
x86_64-unknown-linux-gnu,gimli,0.33.0,read::line::tests::test_exec_advance_line,full,success,0.08595532266666667,,,,
x86_64-unknown-linux-gnu,gimli,0.33.0,read::line::tests::test_exec_advance_line_overflow,full,success,0.085944442,,,,
x86_64-unknown-linux-gnu,gimli,0.33.0,read::line::tests::test_exec_advance_pc,full,success,0.08577128566666668,,,,
x86_64-unknown-linux-gnu,gimli,0.33.0,read::line::tests::test_exec_advance_pc_overflow_32,full,success,0.08682933600000002,,,,
x86_64-unknown-linux-gnu,gimli,0.33.0,read::line::tests::test_exec_advance_pc_overflow_64,full,success,0.08994119099999999,,,,
x86_64-unknown-linux-gnu,gimli,0.33.0,read::line::tests::test_exec_const_add_pc,full,success,0.08429546266666667,,,,
x86_64-unknown-linux-gnu,gimli,0.33.0,read::line::tests::test_exec_const_add_pc_overflow,full,success,0.08360079066666666,,,,
x86_64-unknown-linux-gnu,gimli,0.33.0,read::line::tests::test_exec_copy,full,success,0.08916226033333334,,,,
x86_64-unknown-linux-gnu,gimli,0.33.0,read::line::tests::test_exec_define_file,full,success,0.08390688933333335,,,,
x86_64-unknown-linux-gnu,gimli,0.33.0,read::line::tests::test_exec_end_sequence,full,success,0.08702117233333334,,,,
x86_64-unknown-linux-gnu,gimli,0.33.0,read::line::tests::test_exec_fixed_add_pc,full,success,0.08807148433333334,,,,
x86_64-unknown-linux-gnu,gimli,0.33.0,read::line::tests::test_exec_fixed_add_pc_overflow,full,success,0.08727151266666668,,,,
x86_64-unknown-linux-gnu,gimli,0.33.0,read::line::tests::test_exec_negate_statement,full,success,0.08360681333333335,,,,
x86_64-unknown-linux-gnu,gimli,0.33.0,read::line::tests::test_exec_set_address,full,success,0.08205984866666667,,,,
x86_64-unknown-linux-gnu,gimli,0.33.0,read::line::tests::test_exec_set_address_backwards,full,success,0.085608693,,,,
x86_64-unknown-linux-gnu,gimli,0.33.0,read::line::tests::test_exec_set_address_tombstone,full,success,0.08601461900000001,,,,
x86_64-unknown-linux-gnu,gimli,0.33.0,read::line::tests::test_exec_set_basic_block,full,success,0.08540099900000002,,,,
x86_64-unknown-linux-gnu,gimli,0.33.0,read::line::tests::test_exec_set_column,full,success,0.08414404733333332,,,,
x86_64-unknown-linux-gnu,gimli,0.33.0,read::line::tests::test_exec_set_discriminator,full,success,0.08928541066666666,,,,
x86_64-unknown-linux-gnu,gimli,0.33.0,read::line::tests::test_exec_set_file_in_bounds,full,success,0.08369677066666668,,,,
x86_64-unknown-linux-gnu,gimli,0.33.0,read::line::tests::test_exec_set_file_out_of_bounds,full,success,0.08605260966666667,,,,
x86_64-unknown-linux-gnu,gimli,0.33.0,read::line::tests::test_exec_set_isa,full,success,0.08440289299999999,,,,
x86_64-unknown-linux-gnu,gimli,0.33.0,read::line::tests::test_exec_set_prologue_end,full,success,0.08454608166666668,,,,
x86_64-unknown-linux-gnu,gimli,0.33.0,read::line::tests::test_exec_special_line_underflow,full,success,0.091741377,,,,
x86_64-unknown-linux-gnu,gimli,0.33.0,read::line::tests::test_exec_special_negative_line_advance,full,success,0.08758074,,,,
x86_64-unknown-linux-gnu,gimli,0.33.0,read::line::tests::test_exec_special_noop,full,success,0.089192608,,,,
x86_64-unknown-linux-gnu,gimli,0.33.0,read::line::tests::test_exec_special_positive_address_advance,full,success,0.08212053400000001,,,,
x86_64-unknown-linux-gnu,gimli,0.33.0,read::line::tests::test_exec_special_positive_address_and_line_advance,full,success,0.08379723500000001,,,,
x86_64-unknown-linux-gnu,gimli,0.33.0,read::line::tests::test_exec_special_positive_address_and_negative_line_advance,full,success,0.092516123,,,,
x86_64-unknown-linux-gnu,gimli,0.33.0,read::line::tests::test_exec_special_positive_line_advance,full,success,0.08623443266666668,,,,
x86_64-unknown-linux-gnu,gimli,0.33.0,read::line::tests::test_exec_unknown_extended,full,success,0.08346711533333334,,,,
x86_64-unknown-linux-gnu,gimli,0.33.0,read::line::tests::test_exec_unknown_standard_0,full,success,0.08377208466666668,,,,
x86_64-unknown-linux-gnu,gimli,0.33.0,read::line::tests::test_exec_unknown_standard_1,full,success,0.08407671433333334,,,,
x86_64-unknown-linux-gnu,gimli,0.33.0,read::line::tests::test_exec_unknown_standard_n,full,success,0.08389861633333334,,,,
x86_64-unknown-linux-gnu,gimli,0.33.0,read::line::tests::test_file_entry_directory,full,success,0.09763797333333334,,,,
x86_64-unknown-linux-gnu,gimli,0.33.0,read::line::tests::test_file_entry_file_index_in_bounds,full,success,0.08940920866666668,,,,
x86_64-unknown-linux-gnu,gimli,0.33.0,read::line::tests::test_file_entry_file_index_out_of_bounds,full,success,0.083971038,,,,
x86_64-unknown-linux-gnu,gimli,0.33.0,read::line::tests::test_parse_debug_line_32_ok,full,success,0.09536740566666668,,,,
x86_64-unknown-linux-gnu,gimli,0.33.0,read::line::tests::test_parse_debug_line_header_length_too_short,full,success,0.08723940933333334,,,,
x86_64-unknown-linux-gnu,gimli,0.33.0,read::line::tests::test_parse_debug_line_unit_length_too_short,full,success,0.08871784433333334,,,,
x86_64-unknown-linux-gnu,gimli,0.33.0,read::line::tests::test_parse_debug_line_v5_ok,full,success,0.1395161746666667,,,,
x86_64-unknown-linux-gnu,gimli,0.33.0,read::line::tests::test_parse_extended_opcodes,full,success,0.09048277766666668,,,,
x86_64-unknown-linux-gnu,gimli,0.33.0,read::line::tests::test_parse_special_opcodes,full,success,0.1308257946666667,,,,
x86_64-unknown-linux-gnu,gimli,0.33.0,read::line::tests::test_parse_standard_opcodes,full,success,0.09547166700000002,,,,
x86_64-unknown-linux-gnu,gimli,0.33.0,read::line::tests::test_parse_unknown_standard_opcode_many_args,full,success,0.08698598833333333,,,,
x86_64-unknown-linux-gnu,gimli,0.33.0,read::line::tests::test_parse_unknown_standard_opcode_no_args,full,success,0.08736273533333333,,,,
x86_64-unknown-linux-gnu,gimli,0.33.0,read::line::tests::test_parse_unknown_standard_opcode_one_arg,full,success,0.08618604466666667,,,,
x86_64-unknown-linux-gnu,gimli,0.33.0,read::line::tests::test_sequences,full,success,0.11266181800000001,,,,
x86_64-unknown-linux-gnu,gimli,0.33.0,read::loclists::tests::test_get_offset,full,success,0.10133417966666668,,,,
x86_64-unknown-linux-gnu,gimli,0.33.0,read::loclists::tests::test_location_list,full,success,0.12029985633333334,,,,
x86_64-unknown-linux-gnu,gimli,0.33.0,read::loclists::tests::test_locations_invalid,full,success,0.09331205766666668,,,,
x86_64-unknown-linux-gnu,gimli,0.33.0,read::loclists::tests::test_loclists,full,success,0.3058207916666667,,,,
x86_64-unknown-linux-gnu,gimli,0.33.0,read::loclists::tests::test_loclists_gnu_v4_split_dwarf,full,success,0.08607127066666669,,,,
x86_64-unknown-linux-gnu,gimli,0.33.0,read::macros::tests::get_macros_1,full,success,0.129587,,,,
x86_64-unknown-linux-gnu,gimli,0.33.0,read::macros::tests::get_macros_2,full,success,0.11527174833333335,,,,
x86_64-unknown-linux-gnu,gimli,0.33.0,read::macros::tests::test_get_macinfo,full,success,0.092288987,,,,
x86_64-unknown-linux-gnu,gimli,0.33.0,read::names::tests::test_debug_names,full,success,0.23848016000000002,,,,
x86_64-unknown-linux-gnu,gimli,0.33.0,read::names::tests::test_debug_names_abbrev_table_empty,full,success,0.097898735,,,,
x86_64-unknown-linux-gnu,gimli,0.33.0,read::names::tests::test_debug_names_abbrev_table_invalid,full,success,0.09773607000000001,,,,
x86_64-unknown-linux-gnu,gimli,0.33.0,read::names::tests::test_debug_names_augmentation,full,success,0.145709202,,,,
x86_64-unknown-linux-gnu,gimli,0.33.0,read::names::tests::test_debug_names_invalid_version,full,success,0.106383668,,,,
x86_64-unknown-linux-gnu,gimli,0.33.0,read::names::tests::test_debug_names_no_hash_table,full,success,0.13073599466666666,,,,
x86_64-unknown-linux-gnu,gimli,0.33.0,read::names::tests::test_debug_names_truncated,full,success,0.097945509,,,,
x86_64-unknown-linux-gnu,gimli,0.33.0,read::op::tests::test_compute_pc,full,success,0.08413626333333334,,,,
x86_64-unknown-linux-gnu,gimli,0.33.0,read::op::tests::test_eval_arith,full,success,0.228615797,,,,
x86_64-unknown-linux-gnu,gimli,0.33.0,read::op::tests::test_eval_arith64,full,success,0.14660056466666668,,,,
x86_64-unknown-linux-gnu,gimli,0.33.0,read::op::tests::test_eval_call,full,success,0.13171820933333334,,,,
x86_64-unknown-linux-gnu,gimli,0.33.0,read::op::tests::test_eval_compare,full,success,0.13507431433333336,,,,
x86_64-unknown-linux-gnu,gimli,0.33.0,read::op::tests::test_eval_context,full,success,0.19396984333333336,,,,
x86_64-unknown-linux-gnu,gimli,0.33.0,read::op::tests::test_eval_empty_stack,full,success,0.10713686366666668,,,,
x86_64-unknown-linux-gnu,gimli,0.33.0,read::op::tests::test_eval_lit_and_reg,full,success,0.20747159266666668,,,,
x86_64-unknown-linux-gnu,gimli,0.33.0,read::op::tests::test_eval_max_iterations,full,success,0.15292830366666668,,,,
x86_64-unknown-linux-gnu,gimli,0.33.0,read::op::tests::test_eval_memory,full,success,0.16981178833333335,,,,
x86_64-unknown-linux-gnu,gimli,0.33.0,read::op::tests::test_eval_pieces,full,success,0.25852157000000003,,,,
x86_64-unknown-linux-gnu,gimli,0.33.0,read::op::tests::test_eval_register,full,success,1.4096716,,,,
x86_64-unknown-linux-gnu,gimli,0.33.0,read::op::tests::test_eval_stack,full,success,0.11583805433333334,,,,
x86_64-unknown-linux-gnu,gimli,0.33.0,read::op::tests::test_eval_typed_stack,full,success,0.214629129,,,,
x86_64-unknown-linux-gnu,gimli,0.33.0,read::op::tests::test_op_convert,full,success,0.08797404966666666,,,,
x86_64-unknown-linux-gnu,gimli,0.33.0,read::op::tests::test_op_parse_bit_piece,full,success,0.16210526300000003,,,,
x86_64-unknown-linux-gnu,gimli,0.33.0,read::op::tests::test_op_parse_bregx,full,success,0.2304623756666667,,,,
x86_64-unknown-linux-gnu,gimli,0.33.0,read::op::tests::test_op_parse_const_type,full,success,0.08927181233333335,,,,
x86_64-unknown-linux-gnu,gimli,0.33.0,read::op::tests::test_op_parse_deref_type,full,success,0.08713485066666667,,,,
x86_64-unknown-linux-gnu,gimli,0.33.0,read::op::tests::test_op_parse_entry_value,full,success,0.09015097533333334,,,,
x86_64-unknown-linux-gnu,gimli,0.33.0,read::op::tests::test_op_parse_fivebyte,full,success,0.09282342633333335,,,,
x86_64-unknown-linux-gnu,gimli,0.33.0,read::op::tests::test_op_parse_gnu_parameter_ref,full,success,0.08717012066666667,,,,
x86_64-unknown-linux-gnu,gimli,0.33.0,read::op::tests::test_op_parse_implicit_pointer,full,success,0.10593811733333335,,,,
x86_64-unknown-linux-gnu,gimli,0.33.0,read::op::tests::test_op_parse_implicit_value,full,success,0.08519737000000001,,,,
x86_64-unknown-linux-gnu,gimli,0.33.0,read::op::tests::test_op_parse_ninebyte,full,success,0.09992198833333334,,,,
x86_64-unknown-linux-gnu,gimli,0.33.0,read::op::tests::test_op_parse_onebyte,full,success,0.17662233433333333,,,,
x86_64-unknown-linux-gnu,gimli,0.33.0,read::op::tests::test_op_parse_regval_type,full,success,0.09145954200000002,,,,
x86_64-unknown-linux-gnu,gimli,0.33.0,read::op::tests::test_op_parse_sleb,full,success,1.0021649733333333,,,,
x86_64-unknown-linux-gnu,gimli,0.33.0,read::op::tests::test_op_parse_threebyte,full,success,0.09275606333333335,,,,
x86_64-unknown-linux-gnu,gimli,0.33.0,read::op::tests::test_op_parse_twobyte,full,success,0.09724988966666666,,,,
x86_64-unknown-linux-gnu,gimli,0.33.0,read::op::tests::test_op_parse_uleb,full,success,0.13695012933333336,,,,
x86_64-unknown-linux-gnu,gimli,0.33.0,read::op::tests::test_op_reinterpret,full,success,0.10044867133333334,,,,
x86_64-unknown-linux-gnu,gimli,0.33.0,read::op::tests::test_op_wasm,full,success,0.091514641,,,,
x86_64-unknown-linux-gnu,gimli,0.33.0,read::reader::test::test_min_tombstone,full,success,0.083954973,,,,
x86_64-unknown-linux-gnu,gimli,0.33.0,read::rnglists::tests::test_get_offset,full,success,0.09964049166666666,,,,
x86_64-unknown-linux-gnu,gimli,0.33.0,read::rnglists::tests::test_ranges,full,success,0.10416600866666668,,,,
x86_64-unknown-linux-gnu,gimli,0.33.0,read::rnglists::tests::test_ranges_invalid,full,success,0.08921146066666667,,,,
x86_64-unknown-linux-gnu,gimli,0.33.0,read::rnglists::tests::test_raw_range,full,success,0.08593682133333332,,,,
x86_64-unknown-linux-gnu,gimli,0.33.0,read::rnglists::tests::test_rnglists,full,success,0.20941970899999998,,,,
x86_64-unknown-linux-gnu,gimli,0.33.0,read::str::tests::test_get_str_offset,full,success,0.09918103933333335,,,,
x86_64-unknown-linux-gnu,gimli,0.33.0,read::tests::test_parse_initial_length_32_ok,full,success,0.08561277533333334,,,,
x86_64-unknown-linux-gnu,gimli,0.33.0,read::tests::test_parse_initial_length_64_incomplete,full,success,0.08872144100000001,,,,
x86_64-unknown-linux-gnu,gimli,0.33.0,read::tests::test_parse_initial_length_64_ok,full,success,0.08873669733333334,,,,
x86_64-unknown-linux-gnu,gimli,0.33.0,read::tests::test_parse_initial_length_incomplete,full,success,0.08357927933333335,,,,
x86_64-unknown-linux-gnu,gimli,0.33.0,read::tests::test_parse_initial_length_unknown_reserved_value,full,success,0.08567260133333333,,,,
x86_64-unknown-linux-gnu,gimli,0.33.0,read::tests::test_parse_offset_32,full,success,0.09637614833333334,,,,
x86_64-unknown-linux-gnu,gimli,0.33.0,read::tests::test_parse_offset_64_large,full,success,0.085067566,,,,
x86_64-unknown-linux-gnu,gimli,0.33.0,read::tests::test_parse_offset_64_small,full,success,0.08471811966666666,,,,
x86_64-unknown-linux-gnu,gimli,0.33.0,read::unit::tests::test_attribute_udata_sdata_value,full,success,0.08471074233333335,,,,
x86_64-unknown-linux-gnu,gimli,0.33.0,read::unit::tests::test_attribute_value,full,success,0.095578328,,,,
x86_64-unknown-linux-gnu,gimli,0.33.0,read::unit::tests::test_cursor_next_dfs,full,success,0.11273542700000001,,,,
x86_64-unknown-linux-gnu,gimli,0.33.0,read::unit::tests::test_cursor_next_entry,full,success,0.11073042433333335,,,,
x86_64-unknown-linux-gnu,gimli,0.33.0,read::unit::tests::test_cursor_next_entry_incomplete,full,success,0.09590564800000001,,,,
x86_64-unknown-linux-gnu,gimli,0.33.0,read::unit::tests::test_cursor_next_sibling_continuation,full,success,0.11682167733333336,,,,
x86_64-unknown-linux-gnu,gimli,0.33.0,read::unit::tests::test_cursor_next_sibling_no_sibling_ptr,full,success,0.113261229,,,,
x86_64-unknown-linux-gnu,gimli,0.33.0,read::unit::tests::test_debug_info_next_sibling_with_ptr,full,success,0.11789065633333334,,,,
x86_64-unknown-linux-gnu,gimli,0.33.0,read::unit::tests::test_debug_info_offset,full,success,0.08930667666666668,,,,
x86_64-unknown-linux-gnu,gimli,0.33.0,read::unit::tests::test_debug_types_next_sibling_with_ptr,full,success,0.11779364233333334,,,,
x86_64-unknown-linux-gnu,gimli,0.33.0,read::unit::tests::test_debug_types_offset,full,success,0.09106260300000002,,,,
x86_64-unknown-linux-gnu,gimli,0.33.0,read::unit::tests::test_entries_at_offset,full,success,0.09666484200000001,,,,
x86_64-unknown-linux-gnu,gimli,0.33.0,read::unit::tests::test_entries_raw,full,success,0.10063340900000001,,,,
x86_64-unknown-linux-gnu,gimli,0.33.0,read::unit::tests::test_entries_tree,full,success,0.15033895333333333,,,,
x86_64-unknown-linux-gnu,gimli,0.33.0,read::unit::tests::test_length_including_self,full,success,0.08464194966666667,,,,
x86_64-unknown-linux-gnu,gimli,0.33.0,read::unit::tests::test_parse_attribute_addr,full,success,0.08696063266666669,,,,
x86_64-unknown-linux-gnu,gimli,0.33.0,read::unit::tests::test_parse_attribute_addr8,full,success,0.08794279033333334,,,,
x86_64-unknown-linux-gnu,gimli,0.33.0,read::unit::tests::test_parse_attribute_addrx,full,success,0.08570210433333335,,,,
x86_64-unknown-linux-gnu,gimli,0.33.0,read::unit::tests::test_parse_attribute_addrx1,full,success,0.08502610533333332,,,,
x86_64-unknown-linux-gnu,gimli,0.33.0,read::unit::tests::test_parse_attribute_addrx2,full,success,0.08513647766666667,,,,
x86_64-unknown-linux-gnu,gimli,0.33.0,read::unit::tests::test_parse_attribute_addrx3,full,success,0.08770867,,,,
x86_64-unknown-linux-gnu,gimli,0.33.0,read::unit::tests::test_parse_attribute_addrx4,full,success,0.092535029,,,,
x86_64-unknown-linux-gnu,gimli,0.33.0,read::unit::tests::test_parse_attribute_block,full,success,0.091901639,,,,
x86_64-unknown-linux-gnu,gimli,0.33.0,read::unit::tests::test_parse_attribute_block1,full,success,0.089370507,,,,
x86_64-unknown-linux-gnu,gimli,0.33.0,read::unit::tests::test_parse_attribute_block2,full,success,0.09335717033333334,,,,
x86_64-unknown-linux-gnu,gimli,0.33.0,read::unit::tests::test_parse_attribute_block4,full,success,0.08856208933333333,,,,
x86_64-unknown-linux-gnu,gimli,0.33.0,read::unit::tests::test_parse_attribute_data1,full,success,0.08848463266666667,,,,
x86_64-unknown-linux-gnu,gimli,0.33.0,read::unit::tests::test_parse_attribute_data16,full,success,0.08925017800000001,,,,
x86_64-unknown-linux-gnu,gimli,0.33.0,read::unit::tests::test_parse_attribute_data2,full,success,0.08907106400000002,,,,
x86_64-unknown-linux-gnu,gimli,0.33.0,read::unit::tests::test_parse_attribute_data4,full,success,0.08857775266666668,,,,
x86_64-unknown-linux-gnu,gimli,0.33.0,read::unit::tests::test_parse_attribute_data8,full,success,0.09128974833333332,,,,
x86_64-unknown-linux-gnu,gimli,0.33.0,read::unit::tests::test_parse_attribute_exprloc,full,success,0.09360049533333335,,,,
x86_64-unknown-linux-gnu,gimli,0.33.0,read::unit::tests::test_parse_attribute_flag_false,full,success,0.08751482533333334,,,,
x86_64-unknown-linux-gnu,gimli,0.33.0,read::unit::tests::test_parse_attribute_flag_present,full,success,0.09539277733333333,,,,
x86_64-unknown-linux-gnu,gimli,0.33.0,read::unit::tests::test_parse_attribute_flag_true,full,success,0.09172456866666667,,,,
x86_64-unknown-linux-gnu,gimli,0.33.0,read::unit::tests::test_parse_attribute_gnu_ref_alt_32,full,success,0.09060529700000002,,,,
x86_64-unknown-linux-gnu,gimli,0.33.0,read::unit::tests::test_parse_attribute_gnu_ref_alt_64,full,success,0.085467418,,,,
x86_64-unknown-linux-gnu,gimli,0.33.0,read::unit::tests::test_parse_attribute_gnu_strp_alt_32,full,success,0.08298943366666668,,,,
x86_64-unknown-linux-gnu,gimli,0.33.0,read::unit::tests::test_parse_attribute_gnu_strp_alt_64,full,success,0.09064226833333335,,,,
x86_64-unknown-linux-gnu,gimli,0.33.0,read::unit::tests::test_parse_attribute_indirect,full,success,0.08704801533333334,,,,
x86_64-unknown-linux-gnu,gimli,0.33.0,read::unit::tests::test_parse_attribute_indirect_implicit_const,full,success,0.08743338966666668,,,,
x86_64-unknown-linux-gnu,gimli,0.33.0,read::unit::tests::test_parse_attribute_loclistx,full,success,0.08771969166666667,,,,
x86_64-unknown-linux-gnu,gimli,0.33.0,read::unit::tests::test_parse_attribute_ref1,full,success,0.09191427833333334,,,,
x86_64-unknown-linux-gnu,gimli,0.33.0,read::unit::tests::test_parse_attribute_ref2,full,success,0.09276854833333335,,,,
x86_64-unknown-linux-gnu,gimli,0.33.0,read::unit::tests::test_parse_attribute_ref4,full,success,0.09125440200000001,,,,
x86_64-unknown-linux-gnu,gimli,0.33.0,read::unit::tests::test_parse_attribute_ref8,full,success,0.09032350300000001,,,,
x86_64-unknown-linux-gnu,gimli,0.33.0,read::unit::tests::test_parse_attribute_ref_sup4,full,success,0.089159584,,,,
x86_64-unknown-linux-gnu,gimli,0.33.0,read::unit::tests::test_parse_attribute_ref_sup8,full,success,0.08996348333333333,,,,
x86_64-unknown-linux-gnu,gimli,0.33.0,read::unit::tests::test_parse_attribute_refaddr8_version2,full,success,0.09071965333333333,,,,
x86_64-unknown-linux-gnu,gimli,0.33.0,read::unit::tests::test_parse_attribute_refaddr_32,full,success,0.09138110133333334,,,,
x86_64-unknown-linux-gnu,gimli,0.33.0,read::unit::tests::test_parse_attribute_refaddr_64,full,success,0.09081183633333334,,,,
x86_64-unknown-linux-gnu,gimli,0.33.0,read::unit::tests::test_parse_attribute_refaddr_version2,full,success,0.09130043700000001,,,,
x86_64-unknown-linux-gnu,gimli,0.33.0,read::unit::tests::test_parse_attribute_refsig8,full,success,0.09067456366666667,,,,
x86_64-unknown-linux-gnu,gimli,0.33.0,read::unit::tests::test_parse_attribute_refudata,full,success,0.09327647733333334,,,,
x86_64-unknown-linux-gnu,gimli,0.33.0,read::unit::tests::test_parse_attribute_rnglistx,full,success,0.09213594933333334,,,,
x86_64-unknown-linux-gnu,gimli,0.33.0,read::unit::tests::test_parse_attribute_sdata,full,success,0.08998448633333334,,,,
x86_64-unknown-linux-gnu,gimli,0.33.0,read::unit::tests::test_parse_attribute_sec_offset_32,full,success,0.09471746966666668,,,,
x86_64-unknown-linux-gnu,gimli,0.33.0,read::unit::tests::test_parse_attribute_sec_offset_64,full,success,0.08727106600000001,,,,
x86_64-unknown-linux-gnu,gimli,0.33.0,read::unit::tests::test_parse_attribute_string,full,success,0.08873269066666667,,,,
x86_64-unknown-linux-gnu,gimli,0.33.0,read::unit::tests::test_parse_attribute_strp_32,full,success,0.08676442700000002,,,,
x86_64-unknown-linux-gnu,gimli,0.33.0,read::unit::tests::test_parse_attribute_strp_64,full,success,0.08553202966666666,,,,
x86_64-unknown-linux-gnu,gimli,0.33.0,read::unit::tests::test_parse_attribute_strp_sup_32,full,success,0.08708133400000001,,,,
x86_64-unknown-linux-gnu,gimli,0.33.0,read::unit::tests::test_parse_attribute_strp_sup_64,full,success,0.096925543,,,,
x86_64-unknown-linux-gnu,gimli,0.33.0,read::unit::tests::test_parse_attribute_strx,full,success,0.09836616066666666,,,,
x86_64-unknown-linux-gnu,gimli,0.33.0,read::unit::tests::test_parse_attribute_strx1,full,success,0.09956523433333335,,,,
x86_64-unknown-linux-gnu,gimli,0.33.0,read::unit::tests::test_parse_attribute_strx2,full,success,0.10116596233333335,,,,
x86_64-unknown-linux-gnu,gimli,0.33.0,read::unit::tests::test_parse_attribute_strx3,full,success,0.09790112766666668,,,,
x86_64-unknown-linux-gnu,gimli,0.33.0,read::unit::tests::test_parse_attribute_strx4,full,success,0.09600304933333335,,,,
x86_64-unknown-linux-gnu,gimli,0.33.0,read::unit::tests::test_parse_attribute_udata,full,success,0.096782367,,,,
x86_64-unknown-linux-gnu,gimli,0.33.0,read::unit::tests::test_parse_type_unit_abbrevs,full,success,0.08898975833333334,,,,
x86_64-unknown-linux-gnu,gimli,0.33.0,read::unit::tests::test_parse_type_unit_header_32_ok,full,success,0.09274536100000001,,,,
x86_64-unknown-linux-gnu,gimli,0.33.0,read::unit::tests::test_parse_type_unit_header_64_ok,full,success,0.09239401566666668,,,,
x86_64-unknown-linux-gnu,gimli,0.33.0,read::unit::tests::test_parse_unit_header_32_ok,full,success,0.09249974700000001,,,,
x86_64-unknown-linux-gnu,gimli,0.33.0,read::unit::tests::test_parse_unit_header_64_ok,full,success,0.08984765266666667,,,,
x86_64-unknown-linux-gnu,gimli,0.33.0,read::unit::tests::test_parse_v5_partial_unit_header_32_ok,full,success,0.088772268,,,,
x86_64-unknown-linux-gnu,gimli,0.33.0,read::unit::tests::test_parse_v5_partial_unit_header_64_ok,full,success,0.09085759833333334,,,,
x86_64-unknown-linux-gnu,gimli,0.33.0,read::unit::tests::test_parse_v5_skeleton_unit_header_32_ok,full,success,0.09267455666666667,,,,
x86_64-unknown-linux-gnu,gimli,0.33.0,read::unit::tests::test_parse_v5_skeleton_unit_header_64_ok,full,success,0.08948704933333333,,,,
x86_64-unknown-linux-gnu,gimli,0.33.0,read::unit::tests::test_parse_v5_split_compilation_unit_header_32_ok,full,success,0.09399908833333333,,,,
x86_64-unknown-linux-gnu,gimli,0.33.0,read::unit::tests::test_parse_v5_split_compilation_unit_header_64_ok,full,success,0.09164508733333333,,,,
x86_64-unknown-linux-gnu,gimli,0.33.0,read::unit::tests::test_parse_v5_split_type_unit_header_32_ok,full,success,0.091170194,,,,
x86_64-unknown-linux-gnu,gimli,0.33.0,read::unit::tests::test_parse_v5_split_type_unit_header_64_ok,full,success,0.08993045433333334,,,,
x86_64-unknown-linux-gnu,gimli,0.33.0,read::unit::tests::test_parse_v5_type_unit_header_32_ok,full,success,0.08779434266666668,,,,
x86_64-unknown-linux-gnu,gimli,0.33.0,read::unit::tests::test_parse_v5_type_unit_header_64_ok,full,success,0.09054451666666667,,,,
x86_64-unknown-linux-gnu,gimli,0.33.0,read::unit::tests::test_parse_v5_unit_header_32_ok,full,success,0.08954432866666667,,,,
x86_64-unknown-linux-gnu,gimli,0.33.0,read::unit::tests::test_parse_v5_unit_header_64_ok,full,success,0.090247326,,,,
x86_64-unknown-linux-gnu,gimli,0.33.0,read::unit::tests::test_unit_header_variance,full,success,0.08727485400000001,,,,
x86_64-unknown-linux-gnu,gimli,0.33.0,read::unit::tests::test_unit_version_incomplete,full,success,0.09110611466666667,,,,
x86_64-unknown-linux-gnu,gimli,0.33.0,read::unit::tests::test_unit_version_unknown_version,full,success,0.085123401,,,,
x86_64-unknown-linux-gnu,gimli,0.33.0,read::unit::tests::test_units,full,success,0.09731277633333334,,,,
x86_64-unknown-linux-gnu,gimli,0.33.0,read::value::tests::value_abs,full,success,0.09050016000000001,,,,
x86_64-unknown-linux-gnu,gimli,0.33.0,read::value::tests::value_add,full,success,0.08522435300000002,,,,
x86_64-unknown-linux-gnu,gimli,0.33.0,read::value::tests::value_and,full,success,0.08828792033333334,,,,
x86_64-unknown-linux-gnu,gimli,0.33.0,read::value::tests::value_convert,full,success,0.08659475766666667,,,,
x86_64-unknown-linux-gnu,gimli,0.33.0,read::value::tests::value_div,full,success,0.08654092533333334,,,,
x86_64-unknown-linux-gnu,gimli,0.33.0,read::value::tests::value_eq,full,success,0.08775854100000001,,,,
x86_64-unknown-linux-gnu,gimli,0.33.0,read::value::tests::value_ge,full,success,0.08705566766666667,,,,
x86_64-unknown-linux-gnu,gimli,0.33.0,read::value::tests::value_gt,full,success,0.09153910566666668,,,,
x86_64-unknown-linux-gnu,gimli,0.33.0,read::value::tests::value_le,full,success,0.08749940233333332,,,,
x86_64-unknown-linux-gnu,gimli,0.33.0,read::value::tests::value_lt,full,success,0.08539806233333334,,,,
x86_64-unknown-linux-gnu,gimli,0.33.0,read::value::tests::value_mul,full,success,0.08563132833333335,,,,
x86_64-unknown-linux-gnu,gimli,0.33.0,read::value::tests::value_ne,full,success,0.08763862500000001,,,,
x86_64-unknown-linux-gnu,gimli,0.33.0,read::value::tests::value_neg,full,success,0.08984577766666668,,,,
x86_64-unknown-linux-gnu,gimli,0.33.0,read::value::tests::value_not,full,success,0.085965766,,,,
x86_64-unknown-linux-gnu,gimli,0.33.0,read::value::tests::value_or,full,success,0.08651369033333334,,,,
x86_64-unknown-linux-gnu,gimli,0.33.0,read::value::tests::value_reinterpret,full,success,0.08586117133333333,,,,
x86_64-unknown-linux-gnu,gimli,0.33.0,read::value::tests::value_rem,full,success,0.08647771933333333,,,,
x86_64-unknown-linux-gnu,gimli,0.33.0,read::value::tests::value_shl,full,success,0.08646587533333333,,,,
x86_64-unknown-linux-gnu,gimli,0.33.0,read::value::tests::value_shr,full,success,0.090455561,,,,
x86_64-unknown-linux-gnu,gimli,0.33.0,read::value::tests::value_shra,full,success,0.09105377833333334,,,,
x86_64-unknown-linux-gnu,gimli,0.33.0,read::value::tests::value_sub,full,success,0.08603956933333334,,,,
x86_64-unknown-linux-gnu,gimli,0.33.0,read::value::tests::value_xor,full,success,0.08560709166666668,,,,
x86_64-unknown-linux-gnu,gimli,0.33.0,read::value::tests::valuetype_from_encoding,full,success,0.101032091,,,,
x86_64-unknown-linux-gnu,gimli,0.33.0,write::abbrev::tests::test_abbreviation_table,full,success,0.09747666766666667,,,,
x86_64-unknown-linux-gnu,gimli,0.33.0,write::cfi::tests::test_frame_instruction,full,success,1.2971396403333333,,,,
x86_64-unknown-linux-gnu,gimli,0.33.0,write::cfi::tests::test_frame_table,full,success,1.1216487683333334,,,,
x86_64-unknown-linux-gnu,gimli,0.33.0,write::endian_vec::tests::test_endian_vec,full,success,0.08343885166666669,,,,
x86_64-unknown-linux-gnu,gimli,0.33.0,write::line::tests::test_file_source,full,success,0.8369708760000001,,,,
x86_64-unknown-linux-gnu,gimli,0.33.0,write::line::tests::test_line_instruction,full,success,5.043702928666666,,,,
x86_64-unknown-linux-gnu,gimli,0.33.0,write::line::tests::test_line_program,full,success,2.2893561636666666,,,,
x86_64-unknown-linux-gnu,gimli,0.33.0,write::line::tests::test_line_row,full,success,13.147506405333333,,,,
x86_64-unknown-linux-gnu,gimli,0.33.0,write::line::tests::test_line_sequence,full,success,1.8490297270000002,,,,
x86_64-unknown-linux-gnu,gimli,0.33.0,write::line::tests::test_line_string,full,success,0.38918305000000003,,,,
x86_64-unknown-linux-gnu,gimli,0.33.0,write::line::tests::test_missing_comp_dir,full,success,0.6145044890000001,,,,
x86_64-unknown-linux-gnu,gimli,0.33.0,write::line::tests::test_separate_working_dir,full,success,0.8692448283333333,,,,
x86_64-unknown-linux-gnu,gimli,0.33.0,write::loc::tests::test_loc_list,full,success,0.3581668253333334,,,,
x86_64-unknown-linux-gnu,gimli,0.33.0,write::op::tests::test_expression_as_raw,full,success,0.08602607833333333,,,,
x86_64-unknown-linux-gnu,gimli,0.33.0,write::op::tests::test_expression_raw,full,success,0.3210241283333333,,,,
x86_64-unknown-linux-gnu,gimli,0.33.0,write::op::tests::test_forward_ref,full,success,0.09106003833333333,,,,
x86_64-unknown-linux-gnu,gimli,0.33.0,write::op::tests::test_missing_debuginfo_ref,full,success,0.10019487,,,,
x86_64-unknown-linux-gnu,gimli,0.33.0,write::op::tests::test_missing_unit_ref,full,success,0.09488824966666666,,,,
x86_64-unknown-linux-gnu,gimli,0.33.0,write::op::tests::test_operation,full,success,4.861067682000001,,,,
x86_64-unknown-linux-gnu,gimli,0.33.0,write::range::tests::test_range,full,success,0.21126928266666667,,,,
x86_64-unknown-linux-gnu,gimli,0.33.0,write::relocate::tests::test_relocate_writer,full,success,0.086287844,,,,
x86_64-unknown-linux-gnu,gimli,0.33.0,write::str::tests::test_string_table,full,success,0.09166434166666666,,,,
x86_64-unknown-linux-gnu,gimli,0.33.0,write::unit::tests::test_attribute_value,full,success,12.874270718333333,,,,
x86_64-unknown-linux-gnu,gimli,0.33.0,write::unit::tests::test_delete_child,full,success,0.10949786466666667,,,,
x86_64-unknown-linux-gnu,gimli,0.33.0,write::unit::tests::test_line_program_used,full,success,0.11002260866666669,,,,
x86_64-unknown-linux-gnu,gimli,0.33.0,write::unit::tests::test_line_ref,full,success,1.1974358113333332,,,,
x86_64-unknown-linux-gnu,gimli,0.33.0,write::unit::tests::test_missing_debuginfo_ref,full,success,0.09541298133333333,,,,
x86_64-unknown-linux-gnu,gimli,0.33.0,write::unit::tests::test_missing_unit_ref,full,success,0.099676084,,,,
x86_64-unknown-linux-gnu,gimli,0.33.0,write::unit::tests::test_sibling,full,success,0.16356664766666668,,,,
x86_64-unknown-linux-gnu,gimli,0.33.0,write::unit::tests::test_unit_ref,full,success,0.15672549533333335,,,,
x86_64-unknown-linux-gnu,gimli,0.33.0,write::unit::tests::test_unit_table,full,success,0.15970846033333333,,,,
x86_64-unknown-linux-gnu,gimli,0.33.0,write::writer::tests::test_writer,full,success,0.08729115999999999,,,,
x86_64-unknown-linux-gnu,half,2.7.1,bfloat::test::formatting,full,success,0.1276814616666667,,,,
x86_64-unknown-linux-gnu,half,2.7.1,bfloat::test::qc_roundtrip_bf16_f32_is_identity,full,success,0.20053267833333335,,,,
x86_64-unknown-linux-gnu,half,2.7.1,bfloat::test::qc_roundtrip_bf16_f64_is_identity,full,success,0.20114443700000004,,,,
x86_64-unknown-linux-gnu,half,2.7.1,bfloat::test::test_bf16_consts_from_f32,full,success,0.10848355566666668,,,,
x86_64-unknown-linux-gnu,half,2.7.1,bfloat::test::test_bf16_consts_from_f64,full,success,0.10694888000000001,,,,
x86_64-unknown-linux-gnu,half,2.7.1,bfloat::test::test_bf16_to_f32,full,success,0.10724986333333335,,,,
x86_64-unknown-linux-gnu,half,2.7.1,bfloat::test::test_comparisons,full,success,0.10511951666666668,,,,
x86_64-unknown-linux-gnu,half,2.7.1,bfloat::test::test_max,full,success,0.107549375,,,,
x86_64-unknown-linux-gnu,half,2.7.1,bfloat::test::test_min,full,success,0.10457325933333333,,,,
x86_64-unknown-linux-gnu,half,2.7.1,bfloat::test::test_nan_conversion_to_larger,full,success,0.10850706033333335,,,,
x86_64-unknown-linux-gnu,half,2.7.1,bfloat::test::test_nan_conversion_to_smaller,full,success,0.10569537833333335,,,,
x86_64-unknown-linux-gnu,half,2.7.1,binary16::test::arithmetic,full,success,0.11412204933333335,,,,
x86_64-unknown-linux-gnu,half,2.7.1,binary16::test::formatting,full,success,0.12977598666666668,,,,
x86_64-unknown-linux-gnu,half,2.7.1,binary16::test::qc_roundtrip_f16_f32_is_identity,full,success,0.20998599133333337,,,,
x86_64-unknown-linux-gnu,half,2.7.1,binary16::test::qc_roundtrip_f16_f64_is_identity,full,success,0.210656154,,,,
x86_64-unknown-linux-gnu,half,2.7.1,binary16::test::test_comparisons,full,success,0.10792927133333334,,,,
x86_64-unknown-linux-gnu,half,2.7.1,binary16::test::test_f16_consts_from_f32,full,success,0.10901889266666666,,,,
x86_64-unknown-linux-gnu,half,2.7.1,binary16::test::test_f16_consts_from_f64,full,success,0.10899190033333334,,,,
x86_64-unknown-linux-gnu,half,2.7.1,binary16::test::test_max,full,success,0.10527189800000002,,,,
x86_64-unknown-linux-gnu,half,2.7.1,binary16::test::test_min,full,success,0.10566086333333334,,,,
x86_64-unknown-linux-gnu,half,2.7.1,binary16::test::test_nan_conversion_to_larger,full,success,0.10640612433333334,,,,
x86_64-unknown-linux-gnu,half,2.7.1,binary16::test::test_nan_conversion_to_smaller,full,success,0.10871767233333335,,,,
x86_64-unknown-linux-gnu,half,2.7.1,leading_zeros::test::leading_zeros_u16_fallback,full,success,0.10720048433333335,,,,
x86_64-unknown-linux-gnu,half,2.7.1,slice::test::convert_from_f32_slice_len_mismatch_panics,full,success,0.10980987833333333,,,,
x86_64-unknown-linux-gnu,half,2.7.1,slice::test::convert_from_f64_slice_len_mismatch_panics,full,success,0.10882741866666668,,,,
x86_64-unknown-linux-gnu,half,2.7.1,slice::test::convert_to_f32_slice_len_mismatch_panics,full,success,0.10819418466666668,,,,
x86_64-unknown-linux-gnu,half,2.7.1,slice::test::convert_to_f64_slice_len_mismatch_panics,full,success,0.10830249033333333,,,,
x86_64-unknown-linux-gnu,half,2.7.1,slice::test::slice_convert_bf16_f32,full,success,0.10855814233333334,,,,
x86_64-unknown-linux-gnu,half,2.7.1,slice::test::slice_convert_bf16_f64,full,success,0.10959602166666667,,,,
x86_64-unknown-linux-gnu,half,2.7.1,slice::test::slice_convert_f16_f32,full,success,0.114049847,,,,
x86_64-unknown-linux-gnu,half,2.7.1,slice::test::slice_convert_f16_f64,full,success,0.11348069400000001,,,,
x86_64-unknown-linux-gnu,half,2.7.1,slice::test::test_mutablility_bf16,full,success,0.106931713,,,,
x86_64-unknown-linux-gnu,half,2.7.1,slice::test::test_mutablility_f16,full,success,0.10451646066666669,,,,
x86_64-unknown-linux-gnu,half,2.7.1,slice::test::test_slice_conversions_bf16,full,success,0.11226767766666668,,,,
x86_64-unknown-linux-gnu,half,2.7.1,slice::test::test_slice_conversions_f16,full,success,0.11075719866666667,,,,
x86_64-unknown-linux-gnu,half,2.7.1,vec::test::test_vec_conversions_bf16,full,success,0.11164851166666667,,,,
x86_64-unknown-linux-gnu,half,2.7.1,vec::test::test_vec_conversions_f16,full,success,0.10654436700000001,,,,
x86_64-unknown-linux-gnu,hashbrown,0.17.0,map::test_map::test_allocation_info,full,success,0.130565056,,,,
x86_64-unknown-linux-gnu,hashbrown,0.17.0,map::test_map::test_behavior_resize_policy,full,success,0.14320518233333335,,,,
x86_64-unknown-linux-gnu,hashbrown,0.17.0,map::test_map::test_capacity_not_less_than_len,full,success,0.41827784233333337,,,,
x86_64-unknown-linux-gnu,hashbrown,0.17.0,map::test_map::test_catch_panic_clone_from_when_len_is_equal,full,success,0.16236171466666668,,,,
x86_64-unknown-linux-gnu,hashbrown,0.17.0,map::test_map::test_catch_panic_clone_from_when_len_is_not_equal,full,success,0.155313005,,,,
x86_64-unknown-linux-gnu,hashbrown,0.17.0,map::test_map::test_clone,full,success,0.13892007600000003,,,,
x86_64-unknown-linux-gnu,hashbrown,0.17.0,map::test_map::test_clone_from,full,success,0.13556422633333334,,,,
x86_64-unknown-linux-gnu,hashbrown,0.17.0,map::test_map::test_clone_from_double_drop,full,success,0.14363494499999999,,,,
x86_64-unknown-linux-gnu,hashbrown,0.17.0,map::test_map::test_clone_from_memory_leaks,full,success,0.144172287,,,,
x86_64-unknown-linux-gnu,hashbrown,0.17.0,map::test_map::test_clone_memory_leaks_and_double_drop_one,full,success,0.14853499633333334,,,,
x86_64-unknown-linux-gnu,hashbrown,0.17.0,map::test_map::test_clone_memory_leaks_and_double_drop_two,full,success,0.153268968,,,,
x86_64-unknown-linux-gnu,hashbrown,0.17.0,map::test_map::test_conflict_remove,full,success,0.13921262666666667,,,,
x86_64-unknown-linux-gnu,hashbrown,0.17.0,map::test_map::test_const_with_hasher,full,success,0.13176108600000003,,,,
x86_64-unknown-linux-gnu,hashbrown,0.17.0,map::test_map::test_create_capacity_zero,full,success,0.13469436433333334,,,,
x86_64-unknown-linux-gnu,hashbrown,0.17.0,map::test_map::test_drops,full,success,0.408656011,,,,
x86_64-unknown-linux-gnu,hashbrown,0.17.0,map::test_map::test_empty_entry,full,success,0.13177742366666667,,,,
x86_64-unknown-linux-gnu,hashbrown,0.17.0,map::test_map::test_empty_entry_ref,full,success,0.13144258266666667,,,,
x86_64-unknown-linux-gnu,hashbrown,0.17.0,map::test_map::test_empty_iter,full,success,0.13391233600000002,,,,
x86_64-unknown-linux-gnu,hashbrown,0.17.0,map::test_map::test_empty_remove,full,success,0.13055445133333335,,,,
x86_64-unknown-linux-gnu,hashbrown,0.17.0,map::test_map::test_entry,full,success,0.135256682,,,,
x86_64-unknown-linux-gnu,hashbrown,0.17.0,map::test_map::test_entry_and_replace_entry_with,full,success,0.13449288333333334,,,,
x86_64-unknown-linux-gnu,hashbrown,0.17.0,map::test_map::test_entry_ref,full,success,0.13801444733333335,,,,
x86_64-unknown-linux-gnu,hashbrown,0.17.0,map::test_map::test_entry_ref_take_doesnt_corrupt,full,success,1.636668938,,,,
x86_64-unknown-linux-gnu,hashbrown,0.17.0,map::test_map::test_entry_take_doesnt_corrupt,full,success,0.808870352,,,,
x86_64-unknown-linux-gnu,hashbrown,0.17.0,map::test_map::test_eq,full,success,0.13521903400000002,,,,
x86_64-unknown-linux-gnu,hashbrown,0.17.0,map::test_map::test_expand,full,success,0.13068555033333337,,,,
x86_64-unknown-linux-gnu,hashbrown,0.17.0,map::test_map::test_extend_ref_k_ref_v,full,success,0.13591650400000002,,,,
x86_64-unknown-linux-gnu,hashbrown,0.17.0,map::test_map::test_extend_ref_kv_tuple,full,success,0.9218325236666667,,,,
x86_64-unknown-linux-gnu,hashbrown,0.17.0,map::test_map::test_extract_if,full,success,0.14209493000000004,,,,
x86_64-unknown-linux-gnu,hashbrown,0.17.0,map::test_map::test_find,full,success,0.13047755066666666,,,,
x86_64-unknown-linux-gnu,hashbrown,0.17.0,map::test_map::test_find_mut,full,success,0.13490302666666668,,,,
x86_64-unknown-linux-gnu,hashbrown,0.17.0,map::test_map::test_from_iter,full,success,0.1366968246666667,,,,
x86_64-unknown-linux-gnu,hashbrown,0.17.0,map::test_map::test_get_disjoint_mut,full,success,0.14690399666666668,,,,
x86_64-unknown-linux-gnu,hashbrown,0.17.0,map::test_map::test_get_disjoint_mut_duplicate,full,success,0.14086347166666666,,,,
x86_64-unknown-linux-gnu,hashbrown,0.17.0,map::test_map::test_hashmap_into_iter_bug,full,success,0.14271650133333333,,,,
x86_64-unknown-linux-gnu,hashbrown,0.17.0,map::test_map::test_index,full,success,0.131750377,,,,
x86_64-unknown-linux-gnu,hashbrown,0.17.0,map::test_map::test_index_nonexistent,full,success,0.136444798,,,,
x86_64-unknown-linux-gnu,hashbrown,0.17.0,map::test_map::test_insert,full,success,0.138080066,,,,
x86_64-unknown-linux-gnu,hashbrown,0.17.0,map::test_map::test_insert_conflicts,full,success,0.13293129533333334,,,,
x86_64-unknown-linux-gnu,hashbrown,0.17.0,map::test_map::test_insert_overwrite,full,success,0.13839089966666668,,,,
x86_64-unknown-linux-gnu,hashbrown,0.17.0,map::test_map::test_insert_unique_unchecked,full,success,0.13460872533333335,,,,
x86_64-unknown-linux-gnu,hashbrown,0.17.0,map::test_map::test_into_iter_drops,full,success,0.43307203,,,,
x86_64-unknown-linux-gnu,hashbrown,0.17.0,map::test_map::test_into_keys,full,success,0.13423526033333336,,,,
x86_64-unknown-linux-gnu,hashbrown,0.17.0,map::test_map::test_into_values,full,success,0.13181069033333334,,,,
x86_64-unknown-linux-gnu,hashbrown,0.17.0,map::test_map::test_is_empty,full,success,0.13200373933333334,,,,
x86_64-unknown-linux-gnu,hashbrown,0.17.0,map::test_map::test_iter_len,full,success,0.13428548133333337,,,,
x86_64-unknown-linux-gnu,hashbrown,0.17.0,map::test_map::test_iter_mut_len,full,success,0.13585680733333336,,,,
x86_64-unknown-linux-gnu,hashbrown,0.17.0,map::test_map::test_iterate,full,success,0.1719038466666667,,,,
x86_64-unknown-linux-gnu,hashbrown,0.17.0,map::test_map::test_keys,full,success,0.13821800933333336,,,,
x86_64-unknown-linux-gnu,hashbrown,0.17.0,map::test_map::test_mut_size_hint,full,success,0.13391393266666665,,,,
x86_64-unknown-linux-gnu,hashbrown,0.17.0,map::test_map::test_occupied_entry_key,full,success,0.1316621636666667,,,,
x86_64-unknown-linux-gnu,hashbrown,0.17.0,map::test_map::test_occupied_entry_ref_key,full,success,0.13215468966666669,,,,
x86_64-unknown-linux-gnu,hashbrown,0.17.0,map::test_map::test_occupied_entry_replace_entry_with,full,success,0.13199285666666669,,,,
x86_64-unknown-linux-gnu,hashbrown,0.17.0,map::test_map::test_remove,full,success,0.13280205,,,,
x86_64-unknown-linux-gnu,hashbrown,0.17.0,map::test_map::test_remove_entry,full,success,0.1365524386666667,,,,
x86_64-unknown-linux-gnu,hashbrown,0.17.0,map::test_map::test_replace_entry_with_doesnt_corrupt,full,success,0.9940258236666667,,,,
x86_64-unknown-linux-gnu,hashbrown,0.17.0,map::test_map::test_reserve_shrink_to_fit,full,success,0.7610065116666668,,,,
x86_64-unknown-linux-gnu,hashbrown,0.17.0,map::test_map::test_retain,full,success,0.19931374200000004,,,,
x86_64-unknown-linux-gnu,hashbrown,0.17.0,map::test_map::test_show,full,success,0.135716847,,,,
x86_64-unknown-linux-gnu,hashbrown,0.17.0,map::test_map::test_size_hint,full,success,0.14865180333333333,,,,
x86_64-unknown-linux-gnu,hashbrown,0.17.0,map::test_map::test_vacant_entry_key,full,success,0.152239703,,,,
x86_64-unknown-linux-gnu,hashbrown,0.17.0,map::test_map::test_vacant_entry_ref_key,full,success,0.132895568,,,,
x86_64-unknown-linux-gnu,hashbrown,0.17.0,map::test_map::test_values,full,success,0.13345231000000002,,,,
x86_64-unknown-linux-gnu,hashbrown,0.17.0,map::test_map::test_values_mut,full,success,0.138539194,,,,
x86_64-unknown-linux-gnu,hashbrown,0.17.0,map::test_map::test_zero_capacities,full,success,0.13341519533333332,,,,
x86_64-unknown-linux-gnu,hashbrown,0.17.0,map::test_map_with_mmap_allocations::test_tiny_allocation_gets_rounded_to_page_size,full,success,0.31921583733333336,,,,
x86_64-unknown-linux-gnu,hashbrown,0.17.0,raw::test_map::rehash,full,success,0.6874274156666668,,,,
x86_64-unknown-linux-gnu,hashbrown,0.17.0,raw::test_map::test_catch_panic_clone_from,full,success,0.1505359656666667,,,,
x86_64-unknown-linux-gnu,hashbrown,0.17.0,raw::test_map::test_drop_uninitialized,full,success,0.13518297166666668,,,,
x86_64-unknown-linux-gnu,hashbrown,0.17.0,raw::test_map::test_drop_zero_items,full,success,0.133629415,,,,
x86_64-unknown-linux-gnu,hashbrown,0.17.0,raw::test_map::test_minimum_capacity_for_small_types,full,success,0.130635248,,,,
x86_64-unknown-linux-gnu,hashbrown,0.17.0,raw::test_map::test_prev_pow2,full,success,0.13331828366666668,,,,
x86_64-unknown-linux-gnu,hashbrown,0.17.0,raw_entry::test_map::test_key_without_hash_impl,full,success,0.13381614933333336,,,,
x86_64-unknown-linux-gnu,hashbrown,0.17.0,raw_entry::test_map::test_raw_entry,full,success,0.16452276266666668,,,,
x86_64-unknown-linux-gnu,hashbrown,0.17.0,raw_entry::test_map::test_raw_entry_and_replace_entry_with,full,success,0.13729099200000003,,,,
x86_64-unknown-linux-gnu,hashbrown,0.17.0,raw_entry::test_map::test_raw_occupied_entry_replace_entry_with,full,success,0.13449749,,,,
x86_64-unknown-linux-gnu,hashbrown,0.17.0,set::test_set::collect,full,success,0.13380933966666667,,,,
x86_64-unknown-linux-gnu,hashbrown,0.17.0,set::test_set::duplicate_insert,full,success,0.14092453566666666,,,,
x86_64-unknown-linux-gnu,hashbrown,0.17.0,set::test_set::rehash_in_place,full,success,1.7499365070000001,,,,
x86_64-unknown-linux-gnu,hashbrown,0.17.0,set::test_set::some_invalid_equivalent,full,success,0.1407698656666667,,,,
x86_64-unknown-linux-gnu,hashbrown,0.17.0,set::test_set::test_allocation_info,full,success,0.13504825,,,,
x86_64-unknown-linux-gnu,hashbrown,0.17.0,set::test_set::test_const_with_hasher,full,success,0.13126406066666668,,,,
x86_64-unknown-linux-gnu,hashbrown,0.17.0,set::test_set::test_difference,full,success,0.13851031466666666,,,,
x86_64-unknown-linux-gnu,hashbrown,0.17.0,set::test_set::test_disjoint,full,success,0.148595454,,,,
x86_64-unknown-linux-gnu,hashbrown,0.17.0,set::test_set::test_drain,full,success,1.1999931176666667,,,,
x86_64-unknown-linux-gnu,hashbrown,0.17.0,set::test_set::test_eq,full,success,0.13439745866666666,,,,
x86_64-unknown-linux-gnu,hashbrown,0.17.0,set::test_set::test_extend_ref,full,success,0.13769786066666667,,,,
x86_64-unknown-linux-gnu,hashbrown,0.17.0,set::test_set::test_extract_if,full,success,0.142305326,,,,
x86_64-unknown-linux-gnu,hashbrown,0.17.0,set::test_set::test_from_iter,full,success,0.14385644033333334,,,,
x86_64-unknown-linux-gnu,hashbrown,0.17.0,set::test_set::test_from_map,full,success,0.13262232166666668,,,,
x86_64-unknown-linux-gnu,hashbrown,0.17.0,set::test_set::test_intersection,full,success,0.14371994366666666,,,,
x86_64-unknown-linux-gnu,hashbrown,0.17.0,set::test_set::test_iterate,full,success,0.17022978633333333,,,,
x86_64-unknown-linux-gnu,hashbrown,0.17.0,set::test_set::test_move_iter,full,success,0.13859170266666668,,,,
x86_64-unknown-linux-gnu,hashbrown,0.17.0,set::test_set::test_replace,full,success,0.13207975966666669,,,,
x86_64-unknown-linux-gnu,hashbrown,0.17.0,set::test_set::test_retain,full,success,0.137222129,,,,
x86_64-unknown-linux-gnu,hashbrown,0.17.0,set::test_set::test_show,full,success,0.133954304,,,,
x86_64-unknown-linux-gnu,hashbrown,0.17.0,set::test_set::test_sub_assign,full,success,0.139917425,,,,
x86_64-unknown-linux-gnu,hashbrown,0.17.0,set::test_set::test_subset_and_superset,full,success,0.15100955033333333,,,,
x86_64-unknown-linux-gnu,hashbrown,0.17.0,set::test_set::test_symmetric_difference,full,success,0.14444298300000002,,,,
x86_64-unknown-linux-gnu,hashbrown,0.17.0,set::test_set::test_trivial_drain,full,success,0.13122709966666668,,,,
x86_64-unknown-linux-gnu,hashbrown,0.17.0,set::test_set::test_union,full,success,0.151237652,,,,
x86_64-unknown-linux-gnu,hashbrown,0.17.0,set::test_set::test_zero_capacities,full,success,0.1321549896666667,,,,
x86_64-unknown-linux-gnu,hashbrown,0.17.0,table::tests::test_allocation_info,full,success,0.1327426846666667,,,,
x86_64-unknown-linux-gnu,hostname,0.4.2,nix::tests::test_empty_buffer,full,success,0.13117226433333334,,,,
x86_64-unknown-linux-gnu,hostname,0.4.2,nix::tests::test_filled_with_null_buffer,full,success,0.13212936633333336,,,,
x86_64-unknown-linux-gnu,hostname,0.4.2,nix::tests::test_non_overflowed_buffer,full,success,0.136650826,,,,
x86_64-unknown-linux-gnu,hostname,0.4.2,nix::tests::test_overflowed_buffer,full,success,0.135347231,,,,
x86_64-unknown-linux-gnu,httparse,1.10.1,simd::swar::test_is_header_value_block,full,success,0.1419191506666667,,,,
x86_64-unknown-linux-gnu,httparse,1.10.1,simd::swar::test_is_uri_block,full,success,0.13612085833333334,,,,
x86_64-unknown-linux-gnu,httparse,1.10.1,simd::swar::test_offsetnz,full,success,0.128320607,,,,
x86_64-unknown-linux-gnu,httparse,1.10.1,tests::partial_permutations,full,success,0.13696521800000003,,,,
x86_64-unknown-linux-gnu,httparse,1.10.1,tests::test_allow_request_with_multiple_space_delimiters,full,success,0.132510508,,,,
x86_64-unknown-linux-gnu,httparse,1.10.1,tests::test_allow_response_response_with_space_before_first_header,full,success,0.1309891426666667,,,,
x86_64-unknown-linux-gnu,httparse,1.10.1,tests::test_allow_response_with_multiple_space_delimiters,full,success,0.12779837133333335,,,,
x86_64-unknown-linux-gnu,httparse,1.10.1,tests::test_allow_response_with_obsolete_line_folding_at_end,full,success,0.13509402,,,,
x86_64-unknown-linux-gnu,httparse,1.10.1,tests::test_allow_response_with_obsolete_line_folding_at_start,full,success,0.1383084893333333,,,,
x86_64-unknown-linux-gnu,httparse,1.10.1,tests::test_allow_response_with_obsolete_line_folding_in_empty_header,full,success,0.12940266466666667,,,,
x86_64-unknown-linux-gnu,httparse,1.10.1,tests::test_allow_response_with_obsolete_line_folding_in_middle,full,success,0.13813716133333334,,,,
x86_64-unknown-linux-gnu,httparse,1.10.1,tests::test_allow_response_with_whitespace_between_header_name_and_colon,full,success,0.13547041233333335,,,,
x86_64-unknown-linux-gnu,httparse,1.10.1,tests::test_bad_utf8_in_path,full,success,0.12808237600000003,,,,
x86_64-unknown-linux-gnu,httparse,1.10.1,tests::test_chunk_size,full,success,0.12954104800000002,,,,
x86_64-unknown-linux-gnu,httparse,1.10.1,tests::test_forbid_request_with_multiple_space_delimiters,full,success,0.12836538133333333,,,,
x86_64-unknown-linux-gnu,httparse,1.10.1,tests::test_forbid_request_with_weird_whitespace_delimiters,full,success,0.12855579766666667,,,,
x86_64-unknown-linux-gnu,httparse,1.10.1,tests::test_forbid_request_with_whitespace_between_header_name_and_colon,full,success,0.13152167700000003,,,,
x86_64-unknown-linux-gnu,httparse,1.10.1,tests::test_forbid_response_with_multiple_space_delimiters,full,success,0.12730479266666667,,,,
x86_64-unknown-linux-gnu,httparse,1.10.1,tests::test_forbid_response_with_obsolete_line_folding_at_end,full,success,0.12885425733333333,,,,
x86_64-unknown-linux-gnu,httparse,1.10.1,tests::test_forbid_response_with_obsolete_line_folding_at_start,full,success,0.13200178833333334,,,,
x86_64-unknown-linux-gnu,httparse,1.10.1,tests::test_forbid_response_with_obsolete_line_folding_in_empty_header,full,success,0.13997202733333336,,,,
x86_64-unknown-linux-gnu,httparse,1.10.1,tests::test_forbid_response_with_obsolete_line_folding_in_middle,full,success,0.1306301626666667,,,,
x86_64-unknown-linux-gnu,httparse,1.10.1,tests::test_forbid_response_with_space_before_first_header,full,success,0.128428255,,,,
x86_64-unknown-linux-gnu,httparse,1.10.1,tests::test_forbid_response_with_weird_whitespace_delimiters,full,success,0.12878206566666664,,,,
x86_64-unknown-linux-gnu,httparse,1.10.1,tests::test_forbid_response_with_whitespace_between_header_name_and_colon,full,success,0.13459407633333334,,,,
x86_64-unknown-linux-gnu,httparse,1.10.1,tests::test_header_with_cr_in_header_name,full,success,0.1381582136666667,,,,
x86_64-unknown-linux-gnu,httparse,1.10.1,tests::test_header_with_invalid_char_in_value,full,success,0.14236934633333334,,,,
x86_64-unknown-linux-gnu,httparse,1.10.1,tests::test_header_with_invalid_char_in_value_with_folding,full,success,0.139483049,,,,
x86_64-unknown-linux-gnu,httparse,1.10.1,tests::test_header_with_nul_in_value,full,success,0.138987964,,,,
x86_64-unknown-linux-gnu,httparse,1.10.1,tests::test_header_with_nul_in_whitespace_before_colon,full,success,0.13946339833333335,,,,
x86_64-unknown-linux-gnu,httparse,1.10.1,tests::test_ignore_header_line_with_missing_colon_in_request,full,success,0.13863577333333332,,,,
x86_64-unknown-linux-gnu,httparse,1.10.1,tests::test_ignore_header_line_with_missing_colon_in_response,full,success,0.13704768666666667,,,,
x86_64-unknown-linux-gnu,httparse,1.10.1,tests::test_ignore_header_line_with_whitespaces_after_header_name_in_request,full,success,0.13432211133333335,,,,
x86_64-unknown-linux-gnu,httparse,1.10.1,tests::test_ignore_header_line_with_whitespaces_after_header_name_in_response,full,success,0.13458185833333333,,,,
x86_64-unknown-linux-gnu,httparse,1.10.1,tests::test_method_within_buffer,full,success,0.13643671,,,,
x86_64-unknown-linux-gnu,httparse,1.10.1,tests::test_no_space_after_colon,full,success,0.13311552933333334,,,,
x86_64-unknown-linux-gnu,httparse,1.10.1,tests::test_request_empty_lines_prefix,full,success,0.13067482433333336,,,,
x86_64-unknown-linux-gnu,httparse,1.10.1,tests::test_request_empty_lines_prefix_lf_only,full,success,0.13349105333333336,,,,
x86_64-unknown-linux-gnu,httparse,1.10.1,tests::test_request_header_no_space_after_colon,full,success,0.13897843933333334,,,,
x86_64-unknown-linux-gnu,httparse,1.10.1,tests::test_request_header_value_htab_long,full,success,0.13352853066666667,,,,
x86_64-unknown-linux-gnu,httparse,1.10.1,tests::test_request_header_value_htab_med,full,success,0.13090972466666667,,,,
x86_64-unknown-linux-gnu,httparse,1.10.1,tests::test_request_header_value_htab_short,full,success,0.140027396,,,,
x86_64-unknown-linux-gnu,httparse,1.10.1,tests::test_request_header_with_missing_colon_with_folding,full,success,0.14746217800000003,,,,
x86_64-unknown-linux-gnu,httparse,1.10.1,tests::test_request_header_with_nul_in_header_name,full,success,0.13818557233333337,,,,
x86_64-unknown-linux-gnu,httparse,1.10.1,tests::test_request_headers,full,success,0.1284606296666667,,,,
x86_64-unknown-linux-gnu,httparse,1.10.1,tests::test_request_headers_max,full,success,0.13158179066666667,,,,
x86_64-unknown-linux-gnu,httparse,1.10.1,tests::test_request_headers_optional_whitespace,full,success,0.13076460166666667,,,,
x86_64-unknown-linux-gnu,httparse,1.10.1,tests::test_request_method_no_delimiter,full,success,0.12750534866666666,,,,
x86_64-unknown-linux-gnu,httparse,1.10.1,tests::test_request_method_only,full,success,0.13150028700000002,,,,
x86_64-unknown-linux-gnu,httparse,1.10.1,tests::test_request_method_path_no_delimiter,full,success,0.12839860033333336,,,,
x86_64-unknown-linux-gnu,httparse,1.10.1,tests::test_request_method_path_only,full,success,0.137224227,,,,
x86_64-unknown-linux-gnu,httparse,1.10.1,tests::test_request_multibyte,full,success,0.131336935,,,,
x86_64-unknown-linux-gnu,httparse,1.10.1,tests::test_request_newlines,full,success,0.12974683033333334,,,,
x86_64-unknown-linux-gnu,httparse,1.10.1,tests::test_request_one_byte_method,full,success,0.13176669333333335,,,,
x86_64-unknown-linux-gnu,httparse,1.10.1,tests::test_request_partial,full,success,0.13010228366666668,,,,
x86_64-unknown-linux-gnu,httparse,1.10.1,tests::test_request_partial_method,full,success,0.12881909933333335,,,,
x86_64-unknown-linux-gnu,httparse,1.10.1,tests::test_request_partial_parses_headers_as_much_as_it_can,full,success,0.13039078233333334,,,,
x86_64-unknown-linux-gnu,httparse,1.10.1,tests::test_request_partial_version,full,success,0.13337385066666665,,,,
x86_64-unknown-linux-gnu,httparse,1.10.1,tests::test_request_path_backslash,full,success,0.12814649233333333,,,,
x86_64-unknown-linux-gnu,httparse,1.10.1,tests::test_request_simple,full,success,0.13093831866666666,,,,
x86_64-unknown-linux-gnu,httparse,1.10.1,tests::test_request_simple_with_query_params,full,success,0.129992252,,,,
x86_64-unknown-linux-gnu,httparse,1.10.1,tests::test_request_simple_with_whatwg_query_params,full,success,0.12986614233333335,,,,
x86_64-unknown-linux-gnu,httparse,1.10.1,tests::test_request_with_del_in_path,full,success,0.13048527933333331,,,,
x86_64-unknown-linux-gnu,httparse,1.10.1,tests::test_request_with_empty_header_name,full,success,0.12938974033333336,,,,
x86_64-unknown-linux-gnu,httparse,1.10.1,tests::test_request_with_empty_method,full,success,0.13069079133333336,,,,
x86_64-unknown-linux-gnu,httparse,1.10.1,tests::test_request_with_empty_method_and_path,full,success,0.12761899033333335,,,,
x86_64-unknown-linux-gnu,httparse,1.10.1,tests::test_request_with_empty_path,full,success,0.12767158233333334,,,,
x86_64-unknown-linux-gnu,httparse,1.10.1,tests::test_request_with_invalid_but_short_version,full,success,0.13288199933333336,,,,
x86_64-unknown-linux-gnu,httparse,1.10.1,tests::test_request_with_invalid_char_between_header_name_and_colon,full,success,0.13336212866666666,,,,
x86_64-unknown-linux-gnu,httparse,1.10.1,tests::test_request_with_invalid_method,full,success,0.137572716,,,,
x86_64-unknown-linux-gnu,httparse,1.10.1,tests::test_request_with_invalid_token_delimiter,full,success,0.13251178833333335,,,,
x86_64-unknown-linux-gnu,httparse,1.10.1,tests::test_request_with_leading_space,full,success,0.1309278746666667,,,,
x86_64-unknown-linux-gnu,httparse,1.10.1,tests::test_request_with_multiple_spaces_and_bad_path,full,success,0.129182862,,,,
x86_64-unknown-linux-gnu,httparse,1.10.1,tests::test_request_with_whitespace_between_header_name_and_colon,full,success,0.13235559100000002,,,,
x86_64-unknown-linux-gnu,httparse,1.10.1,tests::test_response_code_missing_space,full,success,0.12784819333333333,,,,
x86_64-unknown-linux-gnu,httparse,1.10.1,tests::test_response_empty_lines_prefix_lf_only,full,success,0.13142279033333334,,,,
x86_64-unknown-linux-gnu,httparse,1.10.1,tests::test_response_header_with_missing_colon_with_folding,full,success,0.133924186,,,,
x86_64-unknown-linux-gnu,httparse,1.10.1,tests::test_response_header_with_nul_in_header_name,full,success,0.13674005366666667,,,,
x86_64-unknown-linux-gnu,httparse,1.10.1,tests::test_response_newlines,full,success,0.13186438833333336,,,,
x86_64-unknown-linux-gnu,httparse,1.10.1,tests::test_response_no_cr,full,success,0.12991273033333334,,,,
x86_64-unknown-linux-gnu,httparse,1.10.1,tests::test_response_partial_parses_headers_as_much_as_it_can,full,success,0.12724382033333334,,,,
x86_64-unknown-linux-gnu,httparse,1.10.1,tests::test_response_reason_missing,full,success,0.13004564633333335,,,,
x86_64-unknown-linux-gnu,httparse,1.10.1,tests::test_response_reason_missing_no_space,full,success,0.1294400476666667,,,,
x86_64-unknown-linux-gnu,httparse,1.10.1,tests::test_response_reason_missing_no_space_with_headers,full,success,0.128571102,,,,
x86_64-unknown-linux-gnu,httparse,1.10.1,tests::test_response_reason_with_nul_byte,full,success,0.12971981933333335,,,,
x86_64-unknown-linux-gnu,httparse,1.10.1,tests::test_response_reason_with_obsolete_text_byte,full,success,0.127944579,,,,
x86_64-unknown-linux-gnu,httparse,1.10.1,tests::test_response_reason_with_space_and_tab,full,success,0.12890192233333334,,,,
x86_64-unknown-linux-gnu,httparse,1.10.1,tests::test_response_simple,full,success,0.129186837,,,,
x86_64-unknown-linux-gnu,httparse,1.10.1,tests::test_response_version_missing_space,full,success,0.12840780999999998,,,,
x86_64-unknown-linux-gnu,httparse,1.10.1,tests::test_response_with_empty_header_name,full,success,0.13077466299999999,,,,
x86_64-unknown-linux-gnu,httparse,1.10.1,tests::test_response_with_invalid_char_between_header_name_and_colon,full,success,0.133886583,,,,
x86_64-unknown-linux-gnu,httparse,1.10.1,tests::test_response_with_spaces_in_code,full,success,0.127459223,,,,
x86_64-unknown-linux-gnu,httparse,1.10.1,tests::test_still_forbid_request_with_weird_whitespace_delimiters,full,success,0.12796679300000002,,,,
x86_64-unknown-linux-gnu,httparse,1.10.1,tests::test_still_forbid_response_with_weird_whitespace_delimiters,full,success,0.13072520066666668,,,,
x86_64-unknown-linux-gnu,httparse,1.10.1,tests::test_utf8_in_path_ok,full,success,0.13341872899999999,,,,
x86_64-unknown-linux-gnu,hyper,1.10.1,error::tests::error_satisfies_send_sync,full,success,0.08206164933333333,,,,
x86_64-unknown-linux-gnu,hyper,1.10.1,error::tests::error_size_of,full,success,0.08206824933333334,,,,
x86_64-unknown-linux-gnu,indexmap,2.14.0,inner::assert_send_sync,full,success,0.10888253533333335,,,,
x86_64-unknown-linux-gnu,indexmap,2.14.0,map::entry::assert_send_sync,full,success,0.10778440100000002,,,,
x86_64-unknown-linux-gnu,indexmap,2.14.0,map::raw_entry_v1::assert_send_sync,full,success,0.10832716433333334,,,,
x86_64-unknown-linux-gnu,indexmap,2.14.0,map::slice::tests::slice_get_index_mut,full,success,0.12013230433333334,,,,
x86_64-unknown-linux-gnu,indexmap,2.14.0,map::slice::tests::slice_get_range,full,success,0.11734810366666666,,,,
x86_64-unknown-linux-gnu,indexmap,2.14.0,map::slice::tests::slice_index,full,success,0.7163164836666667,,,,
x86_64-unknown-linux-gnu,indexmap,2.14.0,map::slice::tests::slice_index_mut,full,success,0.5799841383333333,,,,
x86_64-unknown-linux-gnu,indexmap,2.14.0,map::slice::tests::slice_new,full,success,0.10752387433333334,,,,
x86_64-unknown-linux-gnu,indexmap,2.14.0,map::slice::tests::slice_new_mut,full,success,0.110969486,,,,
x86_64-unknown-linux-gnu,indexmap,2.14.0,map::slice::tests::slice_split_first,full,success,0.11406334800000001,,,,
x86_64-unknown-linux-gnu,indexmap,2.14.0,map::slice::tests::slice_split_first_mut,full,success,0.11714437433333334,,,,
x86_64-unknown-linux-gnu,indexmap,2.14.0,map::slice::tests::slice_split_last,full,success,0.11682602333333335,,,,
x86_64-unknown-linux-gnu,indexmap,2.14.0,map::slice::tests::slice_split_last_mut,full,success,0.11353979400000001,,,,
x86_64-unknown-linux-gnu,indexmap,2.14.0,map::tests::clear,full,success,0.11144330033333334,,,,
x86_64-unknown-linux-gnu,indexmap,2.14.0,map::tests::disjoint_indices_mut_empty,full,success,0.108452712,,,,
x86_64-unknown-linux-gnu,indexmap,2.14.0,map::tests::disjoint_indices_mut_fail_duplicate,full,success,0.12091201633333333,,,,
x86_64-unknown-linux-gnu,indexmap,2.14.0,map::tests::disjoint_indices_mut_fail_oob,full,success,0.109161591,,,,
x86_64-unknown-linux-gnu,indexmap,2.14.0,map::tests::disjoint_indices_mut_success,full,success,0.11157681466666668,,,,
x86_64-unknown-linux-gnu,indexmap,2.14.0,map::tests::disjoint_mut_empty_map,full,success,0.10804102933333333,,,,
x86_64-unknown-linux-gnu,indexmap,2.14.0,map::tests::disjoint_mut_empty_param,full,success,0.11012718633333334,,,,
x86_64-unknown-linux-gnu,indexmap,2.14.0,map::tests::disjoint_mut_multi_fail_duplicate_panic,full,success,0.11355852133333334,,,,
x86_64-unknown-linux-gnu,indexmap,2.14.0,map::tests::disjoint_mut_multi_fail_missing,full,success,0.117671093,,,,
x86_64-unknown-linux-gnu,indexmap,2.14.0,map::tests::disjoint_mut_multi_success,full,success,0.12409204566666666,,,,
x86_64-unknown-linux-gnu,indexmap,2.14.0,map::tests::disjoint_mut_multi_success_borrow_key,full,success,0.12785789900000002,,,,
x86_64-unknown-linux-gnu,indexmap,2.14.0,map::tests::disjoint_mut_multi_success_unsized_key,full,success,0.13059095933333334,,,,
x86_64-unknown-linux-gnu,indexmap,2.14.0,map::tests::disjoint_mut_single_fail,full,success,0.10902495033333336,,,,
x86_64-unknown-linux-gnu,indexmap,2.14.0,map::tests::disjoint_mut_single_success,full,success,0.10928515500000001,,,,
x86_64-unknown-linux-gnu,indexmap,2.14.0,map::tests::drain_range,full,success,0.8956154253333334,,,,
x86_64-unknown-linux-gnu,indexmap,2.14.0,map::tests::entry,full,success,0.114702118,,,,
x86_64-unknown-linux-gnu,indexmap,2.14.0,map::tests::entry_and_modify,full,success,0.11105622799999999,,,,
x86_64-unknown-linux-gnu,indexmap,2.14.0,map::tests::entry_or_default,full,success,0.11333410066666667,,,,
x86_64-unknown-linux-gnu,indexmap,2.14.0,map::tests::extend,full,success,0.11032321866666668,,,,
x86_64-unknown-linux-gnu,indexmap,2.14.0,map::tests::from_array,full,success,0.111181987,,,,
x86_64-unknown-linux-gnu,indexmap,2.14.0,map::tests::from_entries,full,success,0.11105908866666668,,,,
x86_64-unknown-linux-gnu,indexmap,2.14.0,map::tests::get_index_entry,full,success,0.11712561100000002,,,,
x86_64-unknown-linux-gnu,indexmap,2.14.0,map::tests::get_index_mut2,full,success,0.11264383366666668,,,,
x86_64-unknown-linux-gnu,indexmap,2.14.0,map::tests::get_range,full,success,0.11293564100000002,,,,
x86_64-unknown-linux-gnu,indexmap,2.14.0,map::tests::get_range_mut,full,success,0.11329375966666667,,,,
x86_64-unknown-linux-gnu,indexmap,2.14.0,map::tests::grow,full,success,0.4254030690000001,,,,
x86_64-unknown-linux-gnu,indexmap,2.14.0,map::tests::insert,full,success,0.12864204066666665,,,,
x86_64-unknown-linux-gnu,indexmap,2.14.0,map::tests::insert_2,full,success,1.4303528906666667,,,,
x86_64-unknown-linux-gnu,indexmap,2.14.0,map::tests::insert_before_oob,full,success,0.13028311866666667,,,,
x86_64-unknown-linux-gnu,indexmap,2.14.0,map::tests::insert_full,full,success,0.136363441,,,,
x86_64-unknown-linux-gnu,indexmap,2.14.0,map::tests::insert_order,full,success,0.151456606,,,,
x86_64-unknown-linux-gnu,indexmap,2.14.0,map::tests::insert_sorted_bad,full,success,0.138213732,,,,
x86_64-unknown-linux-gnu,indexmap,2.14.0,map::tests::insert_sorted_by,full,success,0.13364040566666668,,,,
x86_64-unknown-linux-gnu,indexmap,2.14.0,map::tests::insert_sorted_by_key,full,success,0.12187759233333334,,,,
x86_64-unknown-linux-gnu,indexmap,2.14.0,map::tests::into_boxed_slice,full,success,0.11273168700000001,,,,
x86_64-unknown-linux-gnu,indexmap,2.14.0,map::tests::into_keys,full,success,0.11055806000000001,,,,
x86_64-unknown-linux-gnu,indexmap,2.14.0,map::tests::into_values,full,success,0.11204319333333335,,,,
x86_64-unknown-linux-gnu,indexmap,2.14.0,map::tests::is_sorted,full,success,0.14864146233333334,,,,
x86_64-unknown-linux-gnu,indexmap,2.14.0,map::tests::is_sorted_trivial,full,success,0.12264626433333332,,,,
x86_64-unknown-linux-gnu,indexmap,2.14.0,map::tests::it_works,full,success,0.111407596,,,,
x86_64-unknown-linux-gnu,indexmap,2.14.0,map::tests::iter_default,full,success,0.113872207,,,,
x86_64-unknown-linux-gnu,indexmap,2.14.0,map::tests::keys,full,success,0.11641682433333334,,,,
x86_64-unknown-linux-gnu,indexmap,2.14.0,map::tests::last_mut,full,success,0.110461655,,,,
x86_64-unknown-linux-gnu,indexmap,2.14.0,map::tests::new,full,success,0.10913947333333335,,,,
x86_64-unknown-linux-gnu,indexmap,2.14.0,map::tests::occupied_entry_key,full,success,0.10975568000000001,,,,
x86_64-unknown-linux-gnu,indexmap,2.14.0,map::tests::partial_eq_and_eq,full,success,0.11847263266666667,,,,
x86_64-unknown-linux-gnu,indexmap,2.14.0,map::tests::remove,full,success,0.15496084866666668,,,,
x86_64-unknown-linux-gnu,indexmap,2.14.0,map::tests::remove_to_empty,full,success,0.11162938133333333,,,,
x86_64-unknown-linux-gnu,indexmap,2.14.0,map::tests::reserve,full,success,0.40084936099999996,,,,
x86_64-unknown-linux-gnu,indexmap,2.14.0,map::tests::shift_insert,full,success,0.14545301433333335,,,,
x86_64-unknown-linux-gnu,indexmap,2.14.0,map::tests::shift_insert_oob,full,success,0.11650231633333334,,,,
x86_64-unknown-linux-gnu,indexmap,2.14.0,map::tests::shift_remove_entry,full,success,0.11848229033333335,,,,
x86_64-unknown-linux-gnu,indexmap,2.14.0,map::tests::shift_remove_full,full,success,0.11932760800000002,,,,
x86_64-unknown-linux-gnu,indexmap,2.14.0,map::tests::shift_shift_remove_index,full,success,0.11788879066666669,,,,
x86_64-unknown-linux-gnu,indexmap,2.14.0,map::tests::shrink_to_fit,full,success,0.45816812866666673,,,,
x86_64-unknown-linux-gnu,indexmap,2.14.0,map::tests::sorted_unstable_by,full,success,0.11211687733333335,,,,
x86_64-unknown-linux-gnu,indexmap,2.14.0,map::tests::swap_remove_index,full,success,0.12997107466666669,,,,
x86_64-unknown-linux-gnu,indexmap,2.14.0,map::tests::test_binary_search_by,full,success,0.14136710633333335,,,,
x86_64-unknown-linux-gnu,indexmap,2.14.0,map::tests::test_binary_search_by_key,full,success,0.14096960900000002,,,,
x86_64-unknown-linux-gnu,indexmap,2.14.0,map::tests::test_move_index_out_of_bounds_0_10,full,success,0.12189571733333333,,,,
x86_64-unknown-linux-gnu,indexmap,2.14.0,map::tests::test_move_index_out_of_bounds_0_max,full,success,0.11968879500000001,,,,
x86_64-unknown-linux-gnu,indexmap,2.14.0,map::tests::test_move_index_out_of_bounds_10_0,full,success,0.131586591,,,,
x86_64-unknown-linux-gnu,indexmap,2.14.0,map::tests::test_move_index_out_of_bounds_max_0,full,success,0.12301570433333335,,,,
x86_64-unknown-linux-gnu,indexmap,2.14.0,map::tests::test_partition_point,full,success,0.14159057666666666,,,,
x86_64-unknown-linux-gnu,indexmap,2.14.0,map::tests::try_reserve,full,success,0.10834899633333334,,,,
x86_64-unknown-linux-gnu,indexmap,2.14.0,map::tests::values,full,success,0.112626568,,,,
x86_64-unknown-linux-gnu,indexmap,2.14.0,map::tests::values_mut,full,success,0.11080656933333333,,,,
x86_64-unknown-linux-gnu,indexmap,2.14.0,set::slice::tests::slice_index,full,success,0.2911790163333334,,,,
x86_64-unknown-linux-gnu,indexmap,2.14.0,set::tests::binary_search,full,success,0.11334196233333334,,,,
x86_64-unknown-linux-gnu,indexmap,2.14.0,set::tests::comparisons,full,success,0.13959468133333333,,,,
x86_64-unknown-linux-gnu,indexmap,2.14.0,set::tests::drain,full,success,0.11072258600000001,,,,
x86_64-unknown-linux-gnu,indexmap,2.14.0,set::tests::extend,full,success,0.11595349533333332,,,,
x86_64-unknown-linux-gnu,indexmap,2.14.0,set::tests::first,full,success,0.11079589633333335,,,,
x86_64-unknown-linux-gnu,indexmap,2.14.0,set::tests::from_array,full,success,0.119745797,,,,
x86_64-unknown-linux-gnu,indexmap,2.14.0,set::tests::get_range,full,success,0.11259426466666668,,,,
x86_64-unknown-linux-gnu,indexmap,2.14.0,set::tests::grow,full,success,0.38178470366666667,,,,
x86_64-unknown-linux-gnu,indexmap,2.14.0,set::tests::insert,full,success,0.137366391,,,,
x86_64-unknown-linux-gnu,indexmap,2.14.0,set::tests::insert_2,full,success,1.768342791666667,,,,
x86_64-unknown-linux-gnu,indexmap,2.14.0,set::tests::insert_dup,full,success,0.11814056966666668,,,,
x86_64-unknown-linux-gnu,indexmap,2.14.0,set::tests::insert_full,full,success,0.12242232900000001,,,,
x86_64-unknown-linux-gnu,indexmap,2.14.0,set::tests::insert_order,full,success,0.13076203833333333,,,,
x86_64-unknown-linux-gnu,indexmap,2.14.0,set::tests::insert_sorted,full,success,0.11158702400000002,,,,
x86_64-unknown-linux-gnu,indexmap,2.14.0,set::tests::is_sorted,full,success,0.12974320566666667,,,,
x86_64-unknown-linux-gnu,indexmap,2.14.0,set::tests::is_sorted_trivial,full,success,0.116763619,,,,
x86_64-unknown-linux-gnu,indexmap,2.14.0,set::tests::it_works,full,success,0.10990811900000001,,,,
x86_64-unknown-linux-gnu,indexmap,2.14.0,set::tests::iter_comparisons,full,success,0.21692556233333335,,,,
x86_64-unknown-linux-gnu,indexmap,2.14.0,set::tests::iter_default,full,success,0.11174056633333335,,,,
x86_64-unknown-linux-gnu,indexmap,2.14.0,set::tests::last,full,success,0.114145094,,,,
x86_64-unknown-linux-gnu,indexmap,2.14.0,set::tests::new,full,success,0.10795276866666668,,,,
x86_64-unknown-linux-gnu,indexmap,2.14.0,set::tests::ops,full,success,0.4314067190000001,,,,
x86_64-unknown-linux-gnu,indexmap,2.14.0,set::tests::partial_eq_and_eq,full,success,0.11417530599999999,,,,
x86_64-unknown-linux-gnu,indexmap,2.14.0,set::tests::remove,full,success,0.14797797766666665,,,,
x86_64-unknown-linux-gnu,indexmap,2.14.0,set::tests::replace,full,success,0.12436475033333334,,,,
x86_64-unknown-linux-gnu,indexmap,2.14.0,set::tests::replace_2,full,success,1.737723672666667,,,,
x86_64-unknown-linux-gnu,indexmap,2.14.0,set::tests::replace_change,full,success,0.108709717,,,,
x86_64-unknown-linux-gnu,indexmap,2.14.0,set::tests::replace_dup,full,success,0.11124705,,,,
x86_64-unknown-linux-gnu,indexmap,2.14.0,set::tests::replace_full,full,success,0.12250763233333334,,,,
x86_64-unknown-linux-gnu,indexmap,2.14.0,set::tests::replace_order,full,success,0.12734528866666667,,,,
x86_64-unknown-linux-gnu,indexmap,2.14.0,set::tests::reserve,full,success,0.4178701386666667,,,,
x86_64-unknown-linux-gnu,indexmap,2.14.0,set::tests::retain,full,success,0.12085565433333334,,,,
x86_64-unknown-linux-gnu,indexmap,2.14.0,set::tests::shift_insert,full,success,0.14403894166666667,,,,
x86_64-unknown-linux-gnu,indexmap,2.14.0,set::tests::shift_remove_full,full,success,0.11654809966666668,,,,
x86_64-unknown-linux-gnu,indexmap,2.14.0,set::tests::shift_remove_index,full,success,0.11766510933333335,,,,
x86_64-unknown-linux-gnu,indexmap,2.14.0,set::tests::shift_take,full,success,0.12365063000000003,,,,
x86_64-unknown-linux-gnu,indexmap,2.14.0,set::tests::shrink_to_fit,full,success,0.4724383186666667,,,,
x86_64-unknown-linux-gnu,indexmap,2.14.0,set::tests::sort_by,full,success,0.11602878233333334,,,,
x86_64-unknown-linux-gnu,indexmap,2.14.0,set::tests::sort_by_cached_key,full,success,0.114203671,,,,
x86_64-unknown-linux-gnu,indexmap,2.14.0,set::tests::sort_by_key,full,success,0.11418501000000002,,,,
x86_64-unknown-linux-gnu,indexmap,2.14.0,set::tests::sort_unstable,full,success,0.11235377066666667,,,,
x86_64-unknown-linux-gnu,indexmap,2.14.0,set::tests::sort_unstable_by,full,success,0.12465180366666667,,,,
x86_64-unknown-linux-gnu,indexmap,2.14.0,set::tests::sort_unstable_by_key,full,success,0.11565756366666669,,,,
x86_64-unknown-linux-gnu,indexmap,2.14.0,set::tests::sorted_unstable_by,full,success,0.12418096900000002,,,,
x86_64-unknown-linux-gnu,indexmap,2.14.0,set::tests::split_off,full,success,0.11981041233333334,,,,
x86_64-unknown-linux-gnu,indexmap,2.14.0,set::tests::swap_remove_index,full,success,0.12838916066666667,,,,
x86_64-unknown-linux-gnu,indexmap,2.14.0,set::tests::swap_take,full,success,0.11583243033333335,,,,
x86_64-unknown-linux-gnu,indexmap,2.14.0,set::tests::take,full,success,0.11743553466666667,,,,
x86_64-unknown-linux-gnu,indexmap,2.14.0,set::tests::test_binary_search_by,full,success,0.13707702966666666,,,,
x86_64-unknown-linux-gnu,indexmap,2.14.0,set::tests::test_binary_search_by_key,full,success,0.13901963066666667,,,,
x86_64-unknown-linux-gnu,indexmap,2.14.0,set::tests::test_partition_point,full,success,0.138117313,,,,
x86_64-unknown-linux-gnu,indexmap,2.14.0,set::tests::try_reserve,full,success,0.10874438866666669,,,,
x86_64-unknown-linux-gnu,indexmap,2.14.0,set::tests::try_reserve_exact,full,success,0.11106124366666668,,,,
x86_64-unknown-linux-gnu,is-terminal,0.4.17,tests::stderr,full,success,0.10381644866666667,,,,
x86_64-unknown-linux-gnu,is-terminal,0.4.17,tests::stderr_vs_libc,full,success,0.10465962866666667,,,,
x86_64-unknown-linux-gnu,is-terminal,0.4.17,tests::stdin,full,success,0.10464146200000002,,,,
x86_64-unknown-linux-gnu,is-terminal,0.4.17,tests::stdin_vs_libc,full,success,0.10578671333333334,,,,
x86_64-unknown-linux-gnu,is-terminal,0.4.17,tests::stdout,full,success,0.10431825333333333,,,,
x86_64-unknown-linux-gnu,is-terminal,0.4.17,tests::stdout_vs_libc,full,success,0.10556773833333334,,,,
x86_64-unknown-linux-gnu,lazycell,1.3.0,tests::atomic_replace,full,success,0.13300935133333336,,,,
x86_64-unknown-linux-gnu,lazycell,1.3.0,tests::clone,full,success,0.13679442133333333,,,,
x86_64-unknown-linux-gnu,lazycell,1.3.0,tests::clone_atomic,full,success,0.136191166,,,,
x86_64-unknown-linux-gnu,lazycell,1.3.0,tests::default,full,success,0.13193478700000003,,,,
x86_64-unknown-linux-gnu,lazycell,1.3.0,tests::normal_replace,full,success,0.13198780166666668,,,,
x86_64-unknown-linux-gnu,lazycell,1.3.0,tests::test_already_filled_error,full,success,0.134613766,,,,
x86_64-unknown-linux-gnu,lazycell,1.3.0,tests::test_atomic_already_filled_panic,full,success,0.14218341599999998,,,,
x86_64-unknown-linux-gnu,lazycell,1.3.0,tests::test_atomic_borrow_from_empty,full,success,0.13412412166666668,,,,
x86_64-unknown-linux-gnu,lazycell,1.3.0,tests::test_atomic_fill_and_borrow,full,success,0.13505221033333334,,,,
x86_64-unknown-linux-gnu,lazycell,1.3.0,tests::test_atomic_into_inner,full,success,0.13272648900000003,,,,
x86_64-unknown-linux-gnu,lazycell,1.3.0,tests::test_borrow_from_empty,full,success,0.13560198666666667,,,,
x86_64-unknown-linux-gnu,lazycell,1.3.0,tests::test_borrow_mut,full,success,0.13247992733333336,,,,
x86_64-unknown-linux-gnu,lazycell,1.3.0,tests::test_borrow_mut_with,full,success,0.13357361666666667,,,,
x86_64-unknown-linux-gnu,lazycell,1.3.0,tests::test_borrow_mut_with_already_filled,full,success,0.13584338566666668,,,,
x86_64-unknown-linux-gnu,lazycell,1.3.0,tests::test_borrow_mut_with_not_called_when_filled,full,success,0.13536417733333336,,,,
x86_64-unknown-linux-gnu,lazycell,1.3.0,tests::test_borrow_with,full,success,0.13509986666666665,,,,
x86_64-unknown-linux-gnu,lazycell,1.3.0,tests::test_borrow_with_already_filled,full,success,0.13366716633333334,,,,
x86_64-unknown-linux-gnu,lazycell,1.3.0,tests::test_borrow_with_not_called_when_filled,full,success,0.14235001133333333,,,,
x86_64-unknown-linux-gnu,lazycell,1.3.0,tests::test_borrow_with_sound_with_reentrancy,full,success,0.13575911133333332,,,,
x86_64-unknown-linux-gnu,lazycell,1.3.0,tests::test_fill_and_borrow,full,success,0.13838896333333336,,,,
x86_64-unknown-linux-gnu,lazycell,1.3.0,tests::test_into_inner,full,success,0.13771511400000003,,,,
x86_64-unknown-linux-gnu,lazycell,1.3.0,tests::test_try_borrow_mut_with_already_filled,full,success,0.13243501833333335,,,,
x86_64-unknown-linux-gnu,lazycell,1.3.0,tests::test_try_borrow_mut_with_err,full,success,0.13436128766666666,,,,
x86_64-unknown-linux-gnu,lazycell,1.3.0,tests::test_try_borrow_mut_with_ok,full,success,0.13941831566666668,,,,
x86_64-unknown-linux-gnu,lazycell,1.3.0,tests::test_try_borrow_with_already_filled,full,success,0.13565954533333335,,,,
x86_64-unknown-linux-gnu,lazycell,1.3.0,tests::test_try_borrow_with_err,full,success,0.13858091833333333,,,,
x86_64-unknown-linux-gnu,lazycell,1.3.0,tests::test_try_borrow_with_ok,full,success,0.13316170566666666,,,,
x86_64-unknown-linux-gnu,lazycell,1.3.0,tests::test_try_borrow_with_sound_with_reentrancy,full,success,0.14030733166666667,,,,
x86_64-unknown-linux-gnu,libc,0.2.186,macros::tests::c_enum_basic,full,success,0.08932428566666667,,,,
x86_64-unknown-linux-gnu,libc,0.2.186,macros::tests::c_enum_multiple_set_value,full,success,0.088712144,,,,
x86_64-unknown-linux-gnu,libc,0.2.186,macros::tests::c_enum_repr,full,success,0.09341434900000001,,,,
x86_64-unknown-linux-gnu,libc,0.2.186,macros::tests::c_enum_set_value,full,success,0.09341323800000001,,,,
x86_64-unknown-linux-gnu,libc,0.2.186,macros::tests::c_enum_vis,full,success,0.08902487966666667,,,,
x86_64-unknown-linux-gnu,libc,0.2.186,macros::tests::test_offset_of,full,success,0.08942604133333333,,,,
x86_64-unknown-linux-gnu,log,0.4.29,tests::test_cross_cmp,full,success,0.13685497666666668,,,,
x86_64-unknown-linux-gnu,log,0.4.29,tests::test_cross_eq,full,success,0.13362549599999998,,,,
x86_64-unknown-linux-gnu,log,0.4.29,tests::test_foreign_impl,full,success,0.13058835533333335,,,,
x86_64-unknown-linux-gnu,log,0.4.29,tests::test_level_as_str,full,success,0.13296142300000002,,,,
x86_64-unknown-linux-gnu,log,0.4.29,tests::test_level_down,full,success,0.13400301833333336,,,,
x86_64-unknown-linux-gnu,log,0.4.29,tests::test_level_filter_as_str,full,success,0.13402547700000003,,,,
x86_64-unknown-linux-gnu,log,0.4.29,tests::test_level_filter_down,full,success,0.13393034566666664,,,,
x86_64-unknown-linux-gnu,log,0.4.29,tests::test_level_filter_up,full,success,0.14045233533333334,,,,
x86_64-unknown-linux-gnu,log,0.4.29,tests::test_level_from_str,full,success,0.14351734500000002,,,,
x86_64-unknown-linux-gnu,log,0.4.29,tests::test_level_show,full,success,0.13802979266666668,,,,
x86_64-unknown-linux-gnu,log,0.4.29,tests::test_level_up,full,success,0.13415504233333334,,,,
x86_64-unknown-linux-gnu,log,0.4.29,tests::test_levelfilter_from_str,full,success,0.14054931133333334,,,,
x86_64-unknown-linux-gnu,log,0.4.29,tests::test_levelfilter_show,full,success,0.13831476566666667,,,,
x86_64-unknown-linux-gnu,log,0.4.29,tests::test_metadata_builder,full,success,0.13922892933333333,,,,
x86_64-unknown-linux-gnu,log,0.4.29,tests::test_metadata_convenience_builder,full,success,0.139023004,,,,
x86_64-unknown-linux-gnu,log,0.4.29,tests::test_record_builder,full,success,0.13968766533333335,,,,
x86_64-unknown-linux-gnu,log,0.4.29,tests::test_record_complete_builder,full,success,0.141429157,,,,
x86_64-unknown-linux-gnu,log,0.4.29,tests::test_record_convenience_builder,full,success,0.14374126433333334,,,,
x86_64-unknown-linux-gnu,log,0.4.29,tests::test_static_max_level_debug,full,success,0.1372180186666667,,,,
x86_64-unknown-linux-gnu,log,0.4.29,tests::test_to_level,full,success,0.142655707,,,,
x86_64-unknown-linux-gnu,log,0.4.29,tests::test_to_level_filter,full,success,0.13520660566666667,,,,
x86_64-unknown-linux-gnu,lru,0.18.0,tests::iter_mut_stacked_borrows_violation,full,success,0.13140182166666667,,,,
x86_64-unknown-linux-gnu,lru,0.18.0,tests::test_clear,full,success,0.134902458,,,,
x86_64-unknown-linux-gnu,lru,0.18.0,tests::test_clone,full,success,0.14360909133333333,,,,
x86_64-unknown-linux-gnu,lru,0.18.0,tests::test_clone_unbounded,full,success,0.13841693966666668,,,,
x86_64-unknown-linux-gnu,lru,0.18.0,tests::test_contains,full,success,0.13635881433333336,,,,
x86_64-unknown-linux-gnu,lru,0.18.0,tests::test_get_key_value,full,success,0.13477164666666666,,,,
x86_64-unknown-linux-gnu,lru,0.18.0,tests::test_get_key_value_mut,full,success,0.13434537366666668,,,,
x86_64-unknown-linux-gnu,lru,0.18.0,tests::test_get_mut_and_update,full,success,0.13378504666666666,,,,
x86_64-unknown-linux-gnu,lru,0.18.0,tests::test_get_mut_with_borrow,full,success,0.13320736633333333,,,,
x86_64-unknown-linux-gnu,lru,0.18.0,tests::test_get_or_insert_mut_ref,full,success,0.1323953446666667,,,,
x86_64-unknown-linux-gnu,lru,0.18.0,tests::test_get_or_insert_ref,full,success,0.14134232066666666,,,,
x86_64-unknown-linux-gnu,lru,0.18.0,tests::test_get_with_borrow,full,success,0.13358132966666666,,,,
x86_64-unknown-linux-gnu,lru,0.18.0,tests::test_into_iter,full,success,0.13822352433333332,,,,
x86_64-unknown-linux-gnu,lru,0.18.0,tests::test_iter_backwards,full,success,0.134152139,,,,
x86_64-unknown-linux-gnu,lru,0.18.0,tests::test_iter_clone,full,success,0.13190153366666668,,,,
x86_64-unknown-linux-gnu,lru,0.18.0,tests::test_iter_forwards,full,success,0.13616087733333335,,,,
x86_64-unknown-linux-gnu,lru,0.18.0,tests::test_iter_forwards_and_backwards,full,success,0.134293548,,,,
x86_64-unknown-linux-gnu,lru,0.18.0,tests::test_iter_multiple_threads,full,success,0.14860221666666668,,,,
x86_64-unknown-linux-gnu,lru,0.18.0,tests::test_multiple_threads,full,success,0.13983536766666668,,,,
x86_64-unknown-linux-gnu,lru,0.18.0,tests::test_no_memory_leaks,full,success,13.177212663666666,,,,
x86_64-unknown-linux-gnu,lru,0.18.0,tests::test_no_memory_leaks_with_clear,full,success,13.247833076,,,,
x86_64-unknown-linux-gnu,lru,0.18.0,tests::test_no_memory_leaks_with_pop,full,success,12.688181305666665,,,,
x86_64-unknown-linux-gnu,lru,0.18.0,tests::test_no_memory_leaks_with_resize,full,success,13.234764861666667,,,,
x86_64-unknown-linux-gnu,lru,0.18.0,tests::test_peek,full,success,0.13678061033333333,,,,
x86_64-unknown-linux-gnu,lru,0.18.0,tests::test_peek_lru,full,success,0.13257180966666668,,,,
x86_64-unknown-linux-gnu,lru,0.18.0,tests::test_peek_mru,full,success,0.1358189506666667,,,,
x86_64-unknown-linux-gnu,lru,0.18.0,tests::test_peek_mut,full,success,0.13841373733333334,,,,
x86_64-unknown-linux-gnu,lru,0.18.0,tests::test_pop,full,success,0.133933814,,,,
x86_64-unknown-linux-gnu,lru,0.18.0,tests::test_pop_entry,full,success,0.137174753,,,,
x86_64-unknown-linux-gnu,lru,0.18.0,tests::test_pop_lru,full,success,0.5243583956666668,,,,
x86_64-unknown-linux-gnu,lru,0.18.0,tests::test_pop_mru,full,success,0.5318453500000001,,,,
x86_64-unknown-linux-gnu,lru,0.18.0,tests::test_promote_and_demote,full,success,0.138019298,,,,
x86_64-unknown-linux-gnu,lru,0.18.0,tests::test_put_and_get,full,success,0.13438724900000001,,,,
x86_64-unknown-linux-gnu,lru,0.18.0,tests::test_put_and_get_mut,full,success,0.13642806,,,,
x86_64-unknown-linux-gnu,lru,0.18.0,tests::test_put_and_get_or_insert,full,success,0.142502421,,,,
x86_64-unknown-linux-gnu,lru,0.18.0,tests::test_put_and_get_or_insert_mut,full,success,0.137301996,,,,
x86_64-unknown-linux-gnu,lru,0.18.0,tests::test_put_and_get_or_insert_mut_with_key,full,success,0.13571487166666665,,,,
x86_64-unknown-linux-gnu,lru,0.18.0,tests::test_put_and_get_or_insert_with_key,full,success,0.13431183466666669,,,,
x86_64-unknown-linux-gnu,lru,0.18.0,tests::test_put_removes_oldest,full,success,0.1420884596666667,,,,
x86_64-unknown-linux-gnu,lru,0.18.0,tests::test_put_update,full,success,0.13993245099999999,,,,
x86_64-unknown-linux-gnu,lru,0.18.0,tests::test_resize_larger,full,success,0.1369472926666667,,,,
x86_64-unknown-linux-gnu,lru,0.18.0,tests::test_resize_smaller,full,success,0.14334451233333334,,,,
x86_64-unknown-linux-gnu,lru,0.18.0,tests::test_send,full,success,0.13400834533333333,,,,
x86_64-unknown-linux-gnu,lru,0.18.0,tests::test_that_pop_actually_detaches_node,full,success,0.13938354033333333,,,,
x86_64-unknown-linux-gnu,lru,0.18.0,tests::test_try_get_or_insert,full,success,0.13466482300000002,,,,
x86_64-unknown-linux-gnu,lru,0.18.0,tests::test_try_get_or_insert_mut,full,success,0.13864525066666666,,,,
x86_64-unknown-linux-gnu,lru,0.18.0,tests::test_try_get_or_insert_mut_ref,full,success,0.13453703133333333,,,,
x86_64-unknown-linux-gnu,lru,0.18.0,tests::test_try_get_or_insert_mut_with_key,full,success,0.1351387036666667,,,,
x86_64-unknown-linux-gnu,lru,0.18.0,tests::test_try_get_or_insert_ref,full,success,0.134268203,,,,
x86_64-unknown-linux-gnu,lru,0.18.0,tests::test_try_get_or_insert_with_key,full,success,0.13248706300000002,,,,
x86_64-unknown-linux-gnu,lru,0.18.0,tests::test_unbounded,full,success,20.85769966266667,,,,
x86_64-unknown-linux-gnu,lru,0.18.0,tests::test_with_hasher,full,success,13.797822423666666,,,,
x86_64-unknown-linux-gnu,matchers,0.2.0,test::anchored::debug_explicitly_unanchored,full,success,6.844858517333333,,,,
x86_64-unknown-linux-gnu,matchers,0.2.0,test::anchored::debug_is_anchored,full,success,0.323539338,,,,
x86_64-unknown-linux-gnu,matchers,0.2.0,test::anchored::debug_matches,full,success,13.596320350333334,,,,
x86_64-unknown-linux-gnu,matchers,0.2.0,test::anchored::debug_rep_patterns,full,success,0.3319070253333334,,,,
x86_64-unknown-linux-gnu,matchers,0.2.0,test::anchored::display_explicitly_unanchored,full,success,6.843400616,,,,
x86_64-unknown-linux-gnu,matchers,0.2.0,test::anchored::display_is_anchored,full,success,0.32479306766666666,,,,
x86_64-unknown-linux-gnu,matchers,0.2.0,test::anchored::display_matches,full,success,13.571851244666668,,,,
x86_64-unknown-linux-gnu,matchers,0.2.0,test::anchored::reader_explicitly_unanchored,full,success,6.907783423666667,,,,
x86_64-unknown-linux-gnu,matchers,0.2.0,test::anchored::reader_is_anchored,full,success,0.331276623,,,,
x86_64-unknown-linux-gnu,matchers,0.2.0,test::anchored::reader_matches,full,success,13.671185525333334,,,,
x86_64-unknown-linux-gnu,matchers,0.2.0,test::unanchored::debug_is_unanchored,full,success,0.32624912333333334,,,,
x86_64-unknown-linux-gnu,matchers,0.2.0,test::unanchored::debug_matches,full,success,13.622362791,,,,
x86_64-unknown-linux-gnu,matchers,0.2.0,test::unanchored::debug_rep_patterns,full,success,0.32590011599999996,,,,
x86_64-unknown-linux-gnu,matchers,0.2.0,test::unanchored::display_is_unanchored,full,success,0.326090266,,,,
x86_64-unknown-linux-gnu,matchers,0.2.0,test::unanchored::display_matches,full,success,13.658960179,,,,
x86_64-unknown-linux-gnu,matchers,0.2.0,test::unanchored::reader_is_unanchored,full,success,0.3337171526666667,,,,
x86_64-unknown-linux-gnu,matchers,0.2.0,test::unanchored::reader_matches,full,success,13.550635864666667,,,,
x86_64-unknown-linux-gnu,memchr,2.8.1,arch::all::memchr::tests::count_one,full,success,0.1723708496666667,,,,
x86_64-unknown-linux-gnu,memchr,2.8.1,arch::all::memchr::tests::forward_one,full,success,0.18166314766666666,,,,
x86_64-unknown-linux-gnu,memchr,2.8.1,arch::all::memchr::tests::forward_three,full,success,0.23538396466666667,,,,
x86_64-unknown-linux-gnu,memchr,2.8.1,arch::all::memchr::tests::forward_two,full,success,0.20966883633333333,,,,
x86_64-unknown-linux-gnu,memchr,2.8.1,arch::all::memchr::tests::regression_big_endian1,full,success,0.08130218800000001,,,,
x86_64-unknown-linux-gnu,memchr,2.8.1,arch::all::memchr::tests::regression_big_endian2,full,success,0.08010707033333334,,,,
x86_64-unknown-linux-gnu,memchr,2.8.1,arch::all::memchr::tests::regression_count_new_lines,full,success,0.078827573,,,,
x86_64-unknown-linux-gnu,memchr,2.8.1,arch::all::memchr::tests::regression_double_ended_iterator,full,success,0.07991710966666667,,,,
x86_64-unknown-linux-gnu,memchr,2.8.1,arch::all::memchr::tests::reverse_one,full,success,0.18191363333333335,,,,
x86_64-unknown-linux-gnu,memchr,2.8.1,arch::all::memchr::tests::reverse_three,full,success,0.230152553,,,,
x86_64-unknown-linux-gnu,memchr,2.8.1,arch::all::memchr::tests::reverse_two,full,success,0.20850318233333334,,,,
x86_64-unknown-linux-gnu,memchr,2.8.1,arch::all::packedpair::tests::forward_packedpair,full,success,3.324179812666667,,,,
x86_64-unknown-linux-gnu,memchr,2.8.1,arch::all::rabinkarp::tests::forward,full,success,1.8613649803333334,,,,
x86_64-unknown-linux-gnu,memchr,2.8.1,arch::all::rabinkarp::tests::reverse,full,success,1.7721181556666668,,,,
x86_64-unknown-linux-gnu,memchr,2.8.1,arch::all::shiftor::tests::forward,full,success,1.9846440623333332,,,,
x86_64-unknown-linux-gnu,memchr,2.8.1,arch::all::tests::equals_different_lengths,full,success,0.08141299200000002,,,,
x86_64-unknown-linux-gnu,memchr,2.8.1,arch::all::tests::equals_mismatch,full,success,0.07895942033333335,,,,
x86_64-unknown-linux-gnu,memchr,2.8.1,arch::all::tests::equals_yes,full,success,0.07837487100000001,,,,
x86_64-unknown-linux-gnu,memchr,2.8.1,arch::all::tests::prefix,full,success,0.07990098166666668,,,,
x86_64-unknown-linux-gnu,memchr,2.8.1,arch::all::tests::suffix,full,success,0.07831390333333334,,,,
x86_64-unknown-linux-gnu,memchr,2.8.1,arch::all::twoway::tests::forward,full,success,1.6274212656666667,,,,
x86_64-unknown-linux-gnu,memchr,2.8.1,arch::all::twoway::tests::regression_rev_small_period,full,success,0.08083523233333334,,,,
x86_64-unknown-linux-gnu,memchr,2.8.1,arch::all::twoway::tests::reverse,full,success,1.5191411030000002,,,,
x86_64-unknown-linux-gnu,memchr,2.8.1,arch::all::twoway::tests::suffix_forward,full,success,0.07836885166666667,,,,
x86_64-unknown-linux-gnu,memchr,2.8.1,arch::all::twoway::tests::suffix_reverse,full,success,0.07891598300000001,,,,
x86_64-unknown-linux-gnu,memchr,2.8.1,arch::x86_64::avx2::memchr::tests::count_one,full,success,0.16583778400000002,,,,
x86_64-unknown-linux-gnu,memchr,2.8.1,arch::x86_64::avx2::memchr::tests::forward_one,full,success,0.18538511666666668,,,,
x86_64-unknown-linux-gnu,memchr,2.8.1,arch::x86_64::avx2::memchr::tests::forward_three,full,success,0.2277216816666667,,,,
x86_64-unknown-linux-gnu,memchr,2.8.1,arch::x86_64::avx2::memchr::tests::forward_two,full,success,0.20567302133333334,,,,
x86_64-unknown-linux-gnu,memchr,2.8.1,arch::x86_64::avx2::memchr::tests::reverse_one,full,success,0.18494529,,,,
x86_64-unknown-linux-gnu,memchr,2.8.1,arch::x86_64::avx2::memchr::tests::reverse_three,full,success,0.22915925866666667,,,,
x86_64-unknown-linux-gnu,memchr,2.8.1,arch::x86_64::avx2::memchr::tests::reverse_two,full,success,0.20581358800000002,,,,
x86_64-unknown-linux-gnu,memchr,2.8.1,arch::x86_64::avx2::packedpair::tests::forward_packedpair,full,success,3.382111407,,,,
x86_64-unknown-linux-gnu,memchr,2.8.1,arch::x86_64::avx2::packedpair::tests::forward_packedpair_prefilter,full,success,3.3861210236666666,,,,
x86_64-unknown-linux-gnu,memchr,2.8.1,arch::x86_64::avx2::packedpair::tests::forward_substring,full,success,1.497218406,,,,
x86_64-unknown-linux-gnu,memchr,2.8.1,arch::x86_64::sse2::memchr::tests::count_one,full,success,0.172084365,,,,
x86_64-unknown-linux-gnu,memchr,2.8.1,arch::x86_64::sse2::memchr::tests::forward_one,full,success,0.179346153,,,,
x86_64-unknown-linux-gnu,memchr,2.8.1,arch::x86_64::sse2::memchr::tests::forward_three,full,success,0.25996151466666667,,,,
x86_64-unknown-linux-gnu,memchr,2.8.1,arch::x86_64::sse2::memchr::tests::forward_two,full,success,0.206324914,,,,
x86_64-unknown-linux-gnu,memchr,2.8.1,arch::x86_64::sse2::memchr::tests::reverse_one,full,success,0.18223202500000002,,,,
x86_64-unknown-linux-gnu,memchr,2.8.1,arch::x86_64::sse2::memchr::tests::reverse_three,full,success,0.234303964,,,,
x86_64-unknown-linux-gnu,memchr,2.8.1,arch::x86_64::sse2::memchr::tests::reverse_two,full,success,0.21547670233333335,,,,
x86_64-unknown-linux-gnu,memchr,2.8.1,arch::x86_64::sse2::packedpair::tests::forward_packedpair,full,success,3.461643205666667,,,,
x86_64-unknown-linux-gnu,memchr,2.8.1,arch::x86_64::sse2::packedpair::tests::forward_packedpair_prefilter,full,success,3.5536607386666668,,,,
x86_64-unknown-linux-gnu,memchr,2.8.1,arch::x86_64::sse2::packedpair::tests::forward_substring,full,success,1.4973183413333333,,,,
x86_64-unknown-linux-gnu,memchr,2.8.1,memchr::tests::count1_iter,full,success,0.17050499233333336,,,,
x86_64-unknown-linux-gnu,memchr,2.8.1,memchr::tests::forward1_iter,full,success,0.17376049633333335,,,,
x86_64-unknown-linux-gnu,memchr,2.8.1,memchr::tests::forward1_oneshot,full,success,0.18499585333333335,,,,
x86_64-unknown-linux-gnu,memchr,2.8.1,memchr::tests::forward2_iter,full,success,0.20226277,,,,
x86_64-unknown-linux-gnu,memchr,2.8.1,memchr::tests::forward2_oneshot,full,success,0.20441910633333338,,,,
x86_64-unknown-linux-gnu,memchr,2.8.1,memchr::tests::forward3_iter,full,success,0.235837019,,,,
x86_64-unknown-linux-gnu,memchr,2.8.1,memchr::tests::forward3_oneshot,full,success,0.23610569900000003,,,,
x86_64-unknown-linux-gnu,memchr,2.8.1,memchr::tests::reverse1_iter,full,success,0.17734947666666667,,,,
x86_64-unknown-linux-gnu,memchr,2.8.1,memchr::tests::reverse1_oneshot,full,success,0.176799524,,,,
x86_64-unknown-linux-gnu,memchr,2.8.1,memchr::tests::reverse2_iter,full,success,0.20585219000000002,,,,
x86_64-unknown-linux-gnu,memchr,2.8.1,memchr::tests::reverse2_oneshot,full,success,0.221609293,,,,
x86_64-unknown-linux-gnu,memchr,2.8.1,memchr::tests::reverse3_iter,full,success,0.23265392566666668,,,,
x86_64-unknown-linux-gnu,memchr,2.8.1,memchr::tests::reverse3_oneshot,full,success,0.23830051766666668,,,,
x86_64-unknown-linux-gnu,memchr,2.8.1,memchr::tests::sync_regression,full,success,0.09624929366666668,,,,
x86_64-unknown-linux-gnu,memchr,2.8.1,memmem::tests::forward,full,success,1.764083004,,,,
x86_64-unknown-linux-gnu,memchr,2.8.1,memmem::tests::reverse,full,success,1.7526289876666665,,,,
x86_64-unknown-linux-gnu,memchr,2.8.1,tests::byte_order,full,success,0.08094923733333333,,,,
x86_64-unknown-linux-gnu,memchr,2.8.1,tests::substring::naive::tests::forward,full,success,1.8285952966666665,,,,
x86_64-unknown-linux-gnu,memchr,2.8.1,tests::substring::naive::tests::reverse,full,success,1.759235184666667,,,,
x86_64-unknown-linux-gnu,nu-ansi-term,0.50.3,ansi::test::black,full,success,0.08441523966666668,,,,
x86_64-unknown-linux-gnu,nu-ansi-term,0.50.3,ansi::test::blink,full,success,0.08362065966666667,,,,
x86_64-unknown-linux-gnu,nu-ansi-term,0.50.3,ansi::test::blue_on_rgb,full,success,0.08616694866666667,,,,
x86_64-unknown-linux-gnu,nu-ansi-term,0.50.3,ansi::test::blue_underline,full,success,0.08499975233333334,,,,
x86_64-unknown-linux-gnu,nu-ansi-term,0.50.3,ansi::test::bold,full,success,0.09025919333333333,,,,
x86_64-unknown-linux-gnu,nu-ansi-term,0.50.3,ansi::test::bold_with_reset,full,success,0.083888556,,,,
x86_64-unknown-linux-gnu,nu-ansi-term,0.50.3,ansi::test::bold_with_reset_2,full,success,0.08507625433333334,,,,
x86_64-unknown-linux-gnu,nu-ansi-term,0.50.3,ansi::test::bunderline,full,success,0.08748179733333333,,,,
x86_64-unknown-linux-gnu,nu-ansi-term,0.50.3,ansi::test::cyan_bold_on_white,full,success,0.08989692566666668,,,,
x86_64-unknown-linux-gnu,nu-ansi-term,0.50.3,ansi::test::cyan_bold_ul_on_white,full,success,0.08516513366666667,,,,
x86_64-unknown-linux-gnu,nu-ansi-term,0.50.3,ansi::test::cyan_ul_bold_on_white,full,success,0.08580767,,,,
x86_64-unknown-linux-gnu,nu-ansi-term,0.50.3,ansi::test::cyan_ul_on_white,full,success,0.086786337,,,,
x86_64-unknown-linux-gnu,nu-ansi-term,0.50.3,ansi::test::dimmed,full,success,0.08412126733333335,,,,
x86_64-unknown-linux-gnu,nu-ansi-term,0.50.3,ansi::test::fixed,full,success,0.08396854400000002,,,,
x86_64-unknown-linux-gnu,nu-ansi-term,0.50.3,ansi::test::fixed_on_fixed,full,success,0.084857166,,,,
x86_64-unknown-linux-gnu,nu-ansi-term,0.50.3,ansi::test::fixed_on_purple,full,success,0.08511415966666667,,,,
x86_64-unknown-linux-gnu,nu-ansi-term,0.50.3,ansi::test::green_bold_ul,full,success,0.08311020066666668,,,,
x86_64-unknown-linux-gnu,nu-ansi-term,0.50.3,ansi::test::green_bold_ul_2,full,success,0.107599893,,,,
x86_64-unknown-linux-gnu,nu-ansi-term,0.50.3,ansi::test::hidden,full,success,0.09860834966666669,,,,
x86_64-unknown-linux-gnu,nu-ansi-term,0.50.3,ansi::test::italic,full,success,0.09588817166666667,,,,
x86_64-unknown-linux-gnu,nu-ansi-term,0.50.3,ansi::test::lr_on_lr,full,success,0.09905297733333335,,,,
x86_64-unknown-linux-gnu,nu-ansi-term,0.50.3,ansi::test::magenta_on_white,full,success,0.105070444,,,,
x86_64-unknown-linux-gnu,nu-ansi-term,0.50.3,ansi::test::magenta_on_white_2,full,success,0.09653401233333335,,,,
x86_64-unknown-linux-gnu,nu-ansi-term,0.50.3,ansi::test::plain,full,success,0.08612185733333334,,,,
x86_64-unknown-linux-gnu,nu-ansi-term,0.50.3,ansi::test::purple_on_white,full,success,0.083512661,,,,
x86_64-unknown-linux-gnu,nu-ansi-term,0.50.3,ansi::test::purple_on_white_2,full,success,0.09083491166666667,,,,
x86_64-unknown-linux-gnu,nu-ansi-term,0.50.3,ansi::test::red,full,success,0.08438843266666668,,,,
x86_64-unknown-linux-gnu,nu-ansi-term,0.50.3,ansi::test::reverse,full,success,0.08381242366666668,,,,
x86_64-unknown-linux-gnu,nu-ansi-term,0.50.3,ansi::test::rgb,full,success,0.08523121866666668,,,,
x86_64-unknown-linux-gnu,nu-ansi-term,0.50.3,ansi::test::rgb_on_blue,full,success,0.08523241133333333,,,,
x86_64-unknown-linux-gnu,nu-ansi-term,0.50.3,ansi::test::rgb_on_rgb,full,success,0.08777244966666668,,,,
x86_64-unknown-linux-gnu,nu-ansi-term,0.50.3,ansi::test::stricken,full,success,0.08547815800000001,,,,
x86_64-unknown-linux-gnu,nu-ansi-term,0.50.3,ansi::test::test_infix,full,success,0.08732339866666668,,,,
x86_64-unknown-linux-gnu,nu-ansi-term,0.50.3,ansi::test::test_write_prefix_no_gnu_compat_order,full,success,0.08873392499999999,,,,
x86_64-unknown-linux-gnu,nu-ansi-term,0.50.3,ansi::test::underline,full,success,0.08451639766666667,,,,
x86_64-unknown-linux-gnu,nu-ansi-term,0.50.3,ansi::test::yellow_bold,full,success,0.084689301,,,,
x86_64-unknown-linux-gnu,nu-ansi-term,0.50.3,ansi::test::yellow_bold_2,full,success,0.084140926,,,,
x86_64-unknown-linux-gnu,nu-ansi-term,0.50.3,ansi::test::yellow_on_blue,full,success,0.08599643766666669,,,,
x86_64-unknown-linux-gnu,nu-ansi-term,0.50.3,ansi::test::yellow_on_blue_2,full,success,0.09282576366666667,,,,
x86_64-unknown-linux-gnu,nu-ansi-term,0.50.3,ansi::test::yellow_on_blue_reset,full,success,0.08709818600000001,,,,
x86_64-unknown-linux-gnu,nu-ansi-term,0.50.3,ansi::test::yellow_on_blue_reset_2,full,success,0.08475514033333335,,,,
x86_64-unknown-linux-gnu,nu-ansi-term,0.50.3,debug::test::bold,full,success,0.08617523900000001,,,,
x86_64-unknown-linux-gnu,nu-ansi-term,0.50.3,debug::test::both,full,success,0.08342359233333334,,,,
x86_64-unknown-linux-gnu,nu-ansi-term,0.50.3,debug::test::empty,full,success,0.08268103466666667,,,,
x86_64-unknown-linux-gnu,nu-ansi-term,0.50.3,debug::test::everything,full,success,0.09284621933333333,,,,
x86_64-unknown-linux-gnu,nu-ansi-term,0.50.3,debug::test::italic,full,success,0.08501484000000002,,,,
x86_64-unknown-linux-gnu,nu-ansi-term,0.50.3,debug::test::long_and_detailed,full,success,0.09289481366666667,,,,
x86_64-unknown-linux-gnu,nu-ansi-term,0.50.3,debug::test::red,full,success,0.08650644166666667,,,,
x86_64-unknown-linux-gnu,nu-ansi-term,0.50.3,debug::test::redblue,full,success,0.08507722166666666,,,,
x86_64-unknown-linux-gnu,nu-ansi-term,0.50.3,difference::test::addition_of_blink,full,success,0.08457513333333333,,,,
x86_64-unknown-linux-gnu,nu-ansi-term,0.50.3,difference::test::addition_of_dimmed,full,success,0.08608731566666666,,,,
x86_64-unknown-linux-gnu,nu-ansi-term,0.50.3,difference::test::addition_of_hidden,full,success,0.09521255933333335,,,,
x86_64-unknown-linux-gnu,nu-ansi-term,0.50.3,difference::test::addition_of_reverse,full,success,0.09468387366666668,,,,
x86_64-unknown-linux-gnu,nu-ansi-term,0.50.3,difference::test::addition_of_strikethrough,full,success,0.09503323300000001,,,,
x86_64-unknown-linux-gnu,nu-ansi-term,0.50.3,difference::test::color_change,full,success,0.09552517,,,,
x86_64-unknown-linux-gnu,nu-ansi-term,0.50.3,difference::test::lowercase,full,success,0.09736926000000001,,,,
x86_64-unknown-linux-gnu,nu-ansi-term,0.50.3,difference::test::nothing,full,success,0.090289398,,,,
x86_64-unknown-linux-gnu,nu-ansi-term,0.50.3,difference::test::nothing2,full,success,0.08307463166666666,,,,
x86_64-unknown-linux-gnu,nu-ansi-term,0.50.3,difference::test::removal_of_blink,full,success,0.08175195166666667,,,,
x86_64-unknown-linux-gnu,nu-ansi-term,0.50.3,difference::test::removal_of_dimmed,full,success,0.083246063,,,,
x86_64-unknown-linux-gnu,nu-ansi-term,0.50.3,difference::test::removal_of_hidden,full,success,0.08531236400000002,,,,
x86_64-unknown-linux-gnu,nu-ansi-term,0.50.3,difference::test::removal_of_reverse,full,success,0.08463105766666668,,,,
x86_64-unknown-linux-gnu,nu-ansi-term,0.50.3,difference::test::removal_of_strikethrough,full,success,0.09841126666666666,,,,
x86_64-unknown-linux-gnu,nu-ansi-term,0.50.3,difference::test::uppercase,full,success,0.08403904133333334,,,,
x86_64-unknown-linux-gnu,nu-ansi-term,0.50.3,display::tests::hyperlink,full,success,0.08665029066666667,,,,
x86_64-unknown-linux-gnu,nu-ansi-term,0.50.3,display::tests::hyperlinks,full,success,0.09204799433333334,,,,
x86_64-unknown-linux-gnu,nu-ansi-term,0.50.3,display::tests::no_control_codes_for_plain,full,success,0.086414002,,,,
x86_64-unknown-linux-gnu,nu-ansi-term,0.50.3,display::tests::title,full,success,0.09120927366666669,,,,
x86_64-unknown-linux-gnu,nu-ansi-term,0.50.3,util::test::test,full,success,0.08598221866666667,,,,
x86_64-unknown-linux-gnu,num-bigint,0.4.6,bigint::test_assign_from_slice,full,success,0.13783431333333335,,,,
x86_64-unknown-linux-gnu,num-bigint,0.4.6,bigint::test_from_biguint,full,success,0.14397543066666668,,,,
x86_64-unknown-linux-gnu,num-bigint,0.4.6,bigint::test_from_slice,full,success,0.13380947066666668,,,,
x86_64-unknown-linux-gnu,num-bigint,0.4.6,biguint::convert::test_half_radix_bases,full,success,0.141734355,,,,
x86_64-unknown-linux-gnu,num-bigint,0.4.6,biguint::convert::test_radix_bases,full,success,0.14573987666666668,,,,
x86_64-unknown-linux-gnu,num-bigint,0.4.6,biguint::iter::test_iter_u32_digits,full,success,0.13224863900000003,,,,
x86_64-unknown-linux-gnu,num-bigint,0.4.6,biguint::iter::test_iter_u32_digits_be,full,success,0.13441956333333335,,,,
x86_64-unknown-linux-gnu,num-bigint,0.4.6,biguint::iter::test_iter_u64_digits,full,success,0.15085189,,,,
x86_64-unknown-linux-gnu,num-bigint,0.4.6,biguint::iter::test_iter_u64_digits_be,full,success,0.13230420966666667,,,,
x86_64-unknown-linux-gnu,num-bigint,0.4.6,biguint::multiplication::test_sub_sign,full,success,0.145626998,,,,
x86_64-unknown-linux-gnu,num-bigint,0.4.6,biguint::power::test_plain_modpow,full,success,3.0341155643333333,,,,
x86_64-unknown-linux-gnu,num-bigint,0.4.6,biguint::power::test_pow_biguint,full,success,0.13151676566666667,,,,
x86_64-unknown-linux-gnu,num-bigint,0.4.6,biguint::test_from_slice,full,success,0.1353549026666667,,,,
x86_64-unknown-linux-gnu,num-bigint,0.4.6,biguint::test_u128_u32_roundtrip,full,success,0.13015587366666667,,,,
x86_64-unknown-linux-gnu,num-bigint,0.4.6,biguint::test_u32_u128,full,success,0.12885030900000002,,,,
x86_64-unknown-linux-gnu,num-complex,0.4.6,cast::test::test_as_primitive,full,success,0.12854853300000002,,,,
x86_64-unknown-linux-gnu,num-complex,0.4.6,cast::test::test_from_primitive,full,success,0.12954383866666666,,,,
x86_64-unknown-linux-gnu,num-complex,0.4.6,cast::test::test_num_cast,full,success,0.13675609200000002,,,,
x86_64-unknown-linux-gnu,num-complex,0.4.6,cast::test::test_to_primitive,full,success,0.12998069266666668,,,,
x86_64-unknown-linux-gnu,num-complex,0.4.6,complex_float::test::test_arg,full,success,0.12868824033333334,,,,
x86_64-unknown-linux-gnu,num-complex,0.4.6,complex_float::test::test_conj,full,success,0.132501417,,,,
x86_64-unknown-linux-gnu,num-complex,0.4.6,complex_float::test::test_exp,full,success,0.12974427600000002,,,,
x86_64-unknown-linux-gnu,num-complex,0.4.6,complex_float::test::test_exp2,full,success,0.136269294,,,,
x86_64-unknown-linux-gnu,num-complex,0.4.6,complex_float::test::test_is_finite,full,success,0.13209188566666666,,,,
x86_64-unknown-linux-gnu,num-complex,0.4.6,complex_float::test::test_is_infinite,full,success,0.13543103833333334,,,,
x86_64-unknown-linux-gnu,num-complex,0.4.6,complex_float::test::test_is_nan,full,success,0.1309313936666667,,,,
x86_64-unknown-linux-gnu,num-complex,0.4.6,complex_float::test::test_is_normal,full,success,0.13030781966666669,,,,
x86_64-unknown-linux-gnu,num-complex,0.4.6,complex_float::test::test_log10,full,success,0.13607747533333334,,,,
x86_64-unknown-linux-gnu,num-complex,0.4.6,complex_float::test::test_log2,full,success,0.13699281566666668,,,,
x86_64-unknown-linux-gnu,num-complex,0.4.6,complex_float::test::test_powi,full,success,0.13106470133333334,,,,
x86_64-unknown-linux-gnu,num-complex,0.4.6,complex_float::test::test_powz,full,success,0.13757193833333334,,,,
x86_64-unknown-linux-gnu,num-complex,0.4.6,test::complex_arithmetic::test_add,full,success,0.1335485896666667,,,,
x86_64-unknown-linux-gnu,num-complex,0.4.6,test::complex_arithmetic::test_div,full,success,0.13129022166666668,,,,
x86_64-unknown-linux-gnu,num-complex,0.4.6,test::complex_arithmetic::test_mul,full,success,0.14764773300000003,,,,
x86_64-unknown-linux-gnu,num-complex,0.4.6,test::complex_arithmetic::test_mul_add,full,success,0.13939796166666668,,,,
x86_64-unknown-linux-gnu,num-complex,0.4.6,test::complex_arithmetic::test_mul_add_float,full,success,0.14904360533333336,,,,
x86_64-unknown-linux-gnu,num-complex,0.4.6,test::complex_arithmetic::test_neg,full,success,0.132900473,,,,
x86_64-unknown-linux-gnu,num-complex,0.4.6,test::complex_arithmetic::test_rem,full,success,0.1357622026666667,,,,
x86_64-unknown-linux-gnu,num-complex,0.4.6,test::complex_arithmetic::test_sub,full,success,0.13299887766666668,,,,
x86_64-unknown-linux-gnu,num-complex,0.4.6,test::float::test_acos,full,success,0.134821248,,,,
x86_64-unknown-linux-gnu,num-complex,0.4.6,test::float::test_acosh,full,success,0.13351626566666666,,,,
x86_64-unknown-linux-gnu,num-complex,0.4.6,test::float::test_arg,full,success,0.133760651,,,,
x86_64-unknown-linux-gnu,num-complex,0.4.6,test::float::test_asin,full,success,0.13878308500000003,,,,
x86_64-unknown-linux-gnu,num-complex,0.4.6,test::float::test_asinh,full,success,0.13523029733333333,,,,
x86_64-unknown-linux-gnu,num-complex,0.4.6,test::float::test_atan,full,success,0.13315063900000002,,,,
x86_64-unknown-linux-gnu,num-complex,0.4.6,test::float::test_atanh,full,success,0.13340991566666666,,,,
x86_64-unknown-linux-gnu,num-complex,0.4.6,test::float::test_cbrt,full,success,0.131022703,,,,
x86_64-unknown-linux-gnu,num-complex,0.4.6,test::float::test_cbrt_imag,full,success,0.13994986366666667,,,,
x86_64-unknown-linux-gnu,num-complex,0.4.6,test::float::test_cbrt_real,full,success,0.1456978406666667,,,,
x86_64-unknown-linux-gnu,num-complex,0.4.6,test::float::test_cis,full,success,0.13468779633333333,,,,
x86_64-unknown-linux-gnu,num-complex,0.4.6,test::float::test_cos,full,success,0.13385860233333333,,,,
x86_64-unknown-linux-gnu,num-complex,0.4.6,test::float::test_cosh,full,success,0.130442252,,,,
x86_64-unknown-linux-gnu,num-complex,0.4.6,test::float::test_exp,full,success,0.1375167776666667,,,,
x86_64-unknown-linux-gnu,num-complex,0.4.6,test::float::test_exp2,full,success,0.13007033633333334,,,,
x86_64-unknown-linux-gnu,num-complex,0.4.6,test::float::test_exp2_log,full,success,0.12950275600000002,,,,
x86_64-unknown-linux-gnu,num-complex,0.4.6,test::float::test_exp_ln,full,success,0.130988594,,,,
x86_64-unknown-linux-gnu,num-complex,0.4.6,test::float::test_hyperbolic_identites,full,success,0.13907946533333335,,,,
x86_64-unknown-linux-gnu,num-complex,0.4.6,test::float::test_ln,full,success,0.13396166766666667,,,,
x86_64-unknown-linux-gnu,num-complex,0.4.6,test::float::test_log,full,success,0.13703253866666668,,,,
x86_64-unknown-linux-gnu,num-complex,0.4.6,test::float::test_log10,full,success,0.13316517733333333,,,,
x86_64-unknown-linux-gnu,num-complex,0.4.6,test::float::test_log2,full,success,0.13597390466666667,,,,
x86_64-unknown-linux-gnu,num-complex,0.4.6,test::float::test_norm,full,success,0.136783464,,,,
x86_64-unknown-linux-gnu,num-complex,0.4.6,test::float::test_polar_conv,full,success,0.13316506633333336,,,,
x86_64-unknown-linux-gnu,num-complex,0.4.6,test::float::test_powc,full,success,0.13032505566666666,,,,
x86_64-unknown-linux-gnu,num-complex,0.4.6,test::float::test_powf,full,success,0.13222256933333335,,,,
x86_64-unknown-linux-gnu,num-complex,0.4.6,test::float::test_sin,full,success,0.13930812966666667,,,,
x86_64-unknown-linux-gnu,num-complex,0.4.6,test::float::test_sinh,full,success,0.13536183100000002,,,,
x86_64-unknown-linux-gnu,num-complex,0.4.6,test::float::test_some_expf_cases,full,success,0.13036159633333333,,,,
x86_64-unknown-linux-gnu,num-complex,0.4.6,test::float::test_sqrt,full,success,0.13110121100000002,,,,
x86_64-unknown-linux-gnu,num-complex,0.4.6,test::float::test_sqrt_imag,full,success,0.14573325833333337,,,,
x86_64-unknown-linux-gnu,num-complex,0.4.6,test::float::test_sqrt_real,full,success,0.1394802496666667,,,,
x86_64-unknown-linux-gnu,num-complex,0.4.6,test::float::test_tan,full,success,0.13909527433333335,,,,
x86_64-unknown-linux-gnu,num-complex,0.4.6,test::float::test_tanh,full,success,0.12926638866666668,,,,
x86_64-unknown-linux-gnu,num-complex,0.4.6,test::float::test_trig_identities,full,success,0.131955059,,,,
x86_64-unknown-linux-gnu,num-complex,0.4.6,test::float::test_trig_to_hyperbolic,full,success,0.13899677233333338,,,,
x86_64-unknown-linux-gnu,num-complex,0.4.6,test::real_arithmetic::test_add,full,success,0.13087677733333333,,,,
x86_64-unknown-linux-gnu,num-complex,0.4.6,test::real_arithmetic::test_div,full,success,0.13315737933333335,,,,
x86_64-unknown-linux-gnu,num-complex,0.4.6,test::real_arithmetic::test_div_rem_gaussian,full,success,0.13238440399999998,,,,
x86_64-unknown-linux-gnu,num-complex,0.4.6,test::real_arithmetic::test_mul,full,success,0.13169380433333336,,,,
x86_64-unknown-linux-gnu,num-complex,0.4.6,test::real_arithmetic::test_rem,full,success,0.132259918,,,,
x86_64-unknown-linux-gnu,num-complex,0.4.6,test::real_arithmetic::test_sub,full,success,0.13736261433333333,,,,
x86_64-unknown-linux-gnu,num-complex,0.4.6,test::test_conj,full,success,0.14148375600000004,,,,
x86_64-unknown-linux-gnu,num-complex,0.4.6,test::test_const,full,success,0.1316158736666667,,,,
x86_64-unknown-linux-gnu,num-complex,0.4.6,test::test_consts,full,success,0.13103568166666668,,,,
x86_64-unknown-linux-gnu,num-complex,0.4.6,test::test_divide_by_zero_natural,full,success,0.1359037386666667,,,,
x86_64-unknown-linux-gnu,num-complex,0.4.6,test::test_from_str,full,success,0.15454373333333335,,,,
x86_64-unknown-linux-gnu,num-complex,0.4.6,test::test_from_str_fail,full,success,0.13450898733333336,,,,
x86_64-unknown-linux-gnu,num-complex,0.4.6,test::test_from_str_radix,full,success,0.13730124733333335,,,,
x86_64-unknown-linux-gnu,num-complex,0.4.6,test::test_from_str_radix_fail,full,success,0.13647759,,,,
x86_64-unknown-linux-gnu,num-complex,0.4.6,test::test_hash,full,success,0.13296259566666668,,,,
x86_64-unknown-linux-gnu,num-complex,0.4.6,test::test_hashset,full,success,0.13507718766666668,,,,
x86_64-unknown-linux-gnu,num-complex,0.4.6,test::test_inv,full,success,0.12938538400000002,,,,
x86_64-unknown-linux-gnu,num-complex,0.4.6,test::test_inv_zero,full,success,0.133884223,,,,
x86_64-unknown-linux-gnu,num-complex,0.4.6,test::test_is_finite,full,success,0.13059892333333334,,,,
x86_64-unknown-linux-gnu,num-complex,0.4.6,test::test_is_infinite,full,success,0.13111224166666668,,,,
x86_64-unknown-linux-gnu,num-complex,0.4.6,test::test_is_nan,full,success,0.130702256,,,,
x86_64-unknown-linux-gnu,num-complex,0.4.6,test::test_is_nan_special_cases,full,success,0.13136320033333335,,,,
x86_64-unknown-linux-gnu,num-complex,0.4.6,test::test_is_normal,full,success,0.139966087,,,,
x86_64-unknown-linux-gnu,num-complex,0.4.6,test::test_l1_norm,full,success,0.13254890833333335,,,,
x86_64-unknown-linux-gnu,num-complex,0.4.6,test::test_one,full,success,0.14362007466666668,,,,
x86_64-unknown-linux-gnu,num-complex,0.4.6,test::test_pow,full,success,0.15751680533333334,,,,
x86_64-unknown-linux-gnu,num-complex,0.4.6,test::test_prod,full,success,0.132349249,,,,
x86_64-unknown-linux-gnu,num-complex,0.4.6,test::test_scale_unscale,full,success,0.13377788733333337,,,,
x86_64-unknown-linux-gnu,num-complex,0.4.6,test::test_string_formatting,full,success,0.153721297,,,,
x86_64-unknown-linux-gnu,num-complex,0.4.6,test::test_sum,full,success,0.13479775433333333,,,,
x86_64-unknown-linux-gnu,num-complex,0.4.6,test::test_to_string,full,success,0.14712035,,,,
x86_64-unknown-linux-gnu,num-complex,0.4.6,test::test_zero,full,success,0.13350685866666667,,,,
x86_64-unknown-linux-gnu,object,0.39.1,pod::tests::single,full,success,0.13148859066666665,,,,
x86_64-unknown-linux-gnu,object,0.39.1,pod::tests::slice,full,success,0.14680083600000002,,,,
x86_64-unknown-linux-gnu,object,0.39.1,pod::tests::slice_zero,full,success,0.138829758,,,,
x86_64-unknown-linux-gnu,object,0.39.1,read::archive::tests::aix_names,full,success,0.131496078,,,,
x86_64-unknown-linux-gnu,object,0.39.1,read::archive::tests::bsd_names,full,success,0.13119416666666667,,,,
x86_64-unknown-linux-gnu,object,0.39.1,read::archive::tests::gnu_names,full,success,0.13384099733333332,,,,
x86_64-unknown-linux-gnu,object,0.39.1,read::archive::tests::kind,full,success,0.137306636,,,,
x86_64-unknown-linux-gnu,object,0.39.1,read::archive::tests::thin_gnu_names,full,success,0.13830564666666667,,,,
x86_64-unknown-linux-gnu,object,0.39.1,read::coff::section::tests::name_offset,full,success,0.13530149866666666,,,,
x86_64-unknown-linux-gnu,object,0.39.1,read::macho::load_command::tests::cmd_size_invalid,full,success,0.13172657733333334,,,,
x86_64-unknown-linux-gnu,object,0.39.1,read::macho::load_command::tests::function_starts_invalid_uleb128,full,success,0.1296201916666667,,,,
x86_64-unknown-linux-gnu,object,0.39.1,read::util::tests::bytes,full,success,0.13560960933333335,,,,
x86_64-unknown-linux-gnu,object,0.39.1,read::util::tests::bytes_debug,full,success,0.14569275633333334,,,,
x86_64-unknown-linux-gnu,once_cell,1.21.4,imp::tests::poison_bad,full,success,0.10679771100000002,,,,
x86_64-unknown-linux-gnu,once_cell,1.21.4,imp::tests::smoke_once,full,success,0.10355436566666669,,,,
x86_64-unknown-linux-gnu,once_cell,1.21.4,imp::tests::stampede_once,full,success,0.11526930733333335,,,,
x86_64-unknown-linux-gnu,once_cell,1.21.4,imp::tests::test_size,full,success,0.104397768,,,,
x86_64-unknown-linux-gnu,once_cell,1.21.4,imp::tests::wait_for_force_to_finish,full,success,0.11449396433333335,,,,
x86_64-unknown-linux-gnu,parking_lot_core,0.9.12,parking_lot::tests::unpark_all_hundred,full,success,26.193399984,,,,
x86_64-unknown-linux-gnu,parking_lot_core,0.9.12,parking_lot::tests::unpark_all_one,full,success,0.4059357686666667,,,,
x86_64-unknown-linux-gnu,parking_lot_core,0.9.12,parking_lot::tests::unpark_all_one_fast,full,success,2.875978460666667,,,,
x86_64-unknown-linux-gnu,parking_lot_core,0.9.12,parking_lot::tests::unpark_one_fifty,full,success,1.5536913116666666,,,,
x86_64-unknown-linux-gnu,parking_lot_core,0.9.12,parking_lot::tests::unpark_one_fifty_then_fifty_all,full,success,6.882678093,,,,
x86_64-unknown-linux-gnu,parking_lot_core,0.9.12,parking_lot::tests::unpark_one_hundred_fast,full,success,16.999771649,,,,
x86_64-unknown-linux-gnu,parking_lot_core,0.9.12,parking_lot::tests::unpark_one_one,full,success,0.25664887166666667,,,,
x86_64-unknown-linux-gnu,parking_lot_core,0.9.12,parking_lot::tests::unpark_one_one_fast,full,success,2.612805226666667,,,,
x86_64-unknown-linux-gnu,pem-rfc7468,1.0.0,decoder::tests::pkcs8_example,full,success,0.13540866233333335,,,,
x86_64-unknown-linux-gnu,pem-rfc7468,1.0.0,grammar::tests::split_label_empty,full,success,0.13205231466666667,,,,
x86_64-unknown-linux-gnu,pem-rfc7468,1.0.0,grammar::tests::split_label_with_repeat_wsp_is_err,full,success,0.134247043,,,,
x86_64-unknown-linux-gnu,pem-rfc7468,1.0.0,grammar::tests::split_label_with_text,full,success,0.13576259233333335,,,,
x86_64-unknown-linux-gnu,pem-rfc7468,1.0.0,grammar::tests::validate_private_key_label,full,success,0.1393345626666667,,,,
x86_64-unknown-linux-gnu,pem-rfc7468,1.0.0,grammar::tests::validate_private_key_label_reject_double_space,full,success,0.134189942,,,,
x86_64-unknown-linux-gnu,percent-encoding,2.3.2,ascii_set::tests::add_op,full,success,0.12942969433333334,,,,
x86_64-unknown-linux-gnu,percent-encoding,2.3.2,ascii_set::tests::complement,full,success,0.13035729933333334,,,,
x86_64-unknown-linux-gnu,percent-encoding,2.3.2,ascii_set::tests::not_op,full,success,0.129691144,,,,
x86_64-unknown-linux-gnu,percent-encoding,2.3.2,ascii_set::tests::union,full,success,0.129542767,,,,
x86_64-unknown-linux-gnu,percent-encoding,2.3.2,tests::percent_decode,full,success,0.1324761396666667,,,,
x86_64-unknown-linux-gnu,percent-encoding,2.3.2,tests::percent_decode_collect,full,success,0.139251506,,,,
x86_64-unknown-linux-gnu,percent-encoding,2.3.2,tests::percent_decode_cow,full,success,0.133692693,,,,
x86_64-unknown-linux-gnu,percent-encoding,2.3.2,tests::percent_decode_invalid_utf8,full,success,0.13679300066666666,,,,
x86_64-unknown-linux-gnu,percent-encoding,2.3.2,tests::percent_decode_str,full,success,0.13158292566666666,,,,
x86_64-unknown-linux-gnu,percent-encoding,2.3.2,tests::percent_decode_utf8_lossy,full,success,0.14178607033333335,,,,
x86_64-unknown-linux-gnu,percent-encoding,2.3.2,tests::percent_decode_utf8_lossy_invalid_utf8,full,success,0.130042598,,,,
x86_64-unknown-linux-gnu,percent-encoding,2.3.2,tests::percent_encode_accepts_ascii_set_ref,full,success,0.13933257133333335,,,,
x86_64-unknown-linux-gnu,percent-encoding,2.3.2,tests::percent_encode_byte,full,success,0.22536072466666668,,,,
x86_64-unknown-linux-gnu,percent-encoding,2.3.2,tests::percent_encode_collect,full,success,0.14571653666666667,,,,
x86_64-unknown-linux-gnu,percent-encoding,2.3.2,tests::percent_encode_cow,full,success,0.13106298433333333,,,,
x86_64-unknown-linux-gnu,percent-encoding,2.3.2,tests::percent_encode_display,full,success,0.12998358000000002,,,,
x86_64-unknown-linux-gnu,percent-encoding,2.3.2,tests::utf8_percent_encode,full,success,0.130562759,,,,
x86_64-unknown-linux-gnu,percent-encoding,2.3.2,tests::utf8_percent_encode_accepts_ascii_set_ref,full,success,0.13381832366666666,,,,
x86_64-unknown-linux-gnu,petgraph,0.8.3,acyclic::tests::test_acyclic_graph,full,success,0.16318014933333333,,,,
x86_64-unknown-linux-gnu,petgraph,0.8.3,acyclic::tests::test_acyclic_graph_add_remove,full,success,0.14649003433333332,,,,
x86_64-unknown-linux-gnu,petgraph,0.8.3,acyclic::tests::test_multiedge_allowed,full,success,0.150382422,,,,
x86_64-unknown-linux-gnu,petgraph,0.8.3,algo::bridges::tests::test_bridges,full,success,0.17545085400000002,,,,
x86_64-unknown-linux-gnu,petgraph,0.8.3,algo::dominators::tests::test_iter_dominators,full,success,0.1382444376666667,,,,
x86_64-unknown-linux-gnu,petgraph,0.8.3,algo::simple_paths::test::test_all_simple_paths,full,success,0.28363825233333334,,,,
x86_64-unknown-linux-gnu,petgraph,0.8.3,algo::simple_paths::test::test_all_simple_paths_corner_cases,full,success,0.13409322133333335,,,,
x86_64-unknown-linux-gnu,petgraph,0.8.3,algo::simple_paths::test::test_all_simple_paths_directed,full,success,0.1479987266666667,,,,
x86_64-unknown-linux-gnu,petgraph,0.8.3,algo::simple_paths::test::test_all_simple_paths_empty,full,success,0.136962144,,,,
x86_64-unknown-linux-gnu,petgraph,0.8.3,algo::simple_paths::test::test_all_simple_paths_ignores_cycle,full,success,0.14470497066666668,,,,
x86_64-unknown-linux-gnu,petgraph,0.8.3,algo::simple_paths::test::test_all_simple_paths_on_non_trivial_graph,full,success,0.196129891,,,,
x86_64-unknown-linux-gnu,petgraph,0.8.3,algo::simple_paths::test::test_digraph_multi_target_paths,full,success,0.1602685553333333,,,,
x86_64-unknown-linux-gnu,petgraph,0.8.3,algo::simple_paths::test::test_digraph_multi_target_paths_cutoff,full,success,0.15697222033333333,,,,
x86_64-unknown-linux-gnu,petgraph,0.8.3,algo::simple_paths::test::test_multi_target_paths,full,success,0.16243447333333336,,,,
x86_64-unknown-linux-gnu,petgraph,0.8.3,algo::simple_paths::test::test_multi_target_paths_cutoff,full,success,0.159631513,,,,
x86_64-unknown-linux-gnu,petgraph,0.8.3,algo::simple_paths::test::test_multi_target_paths_in_cycle,full,success,0.159051109,,,,
x86_64-unknown-linux-gnu,petgraph,0.8.3,algo::simple_paths::test::test_multi_target_paths_inline,full,success,0.15794816566666667,,,,
x86_64-unknown-linux-gnu,petgraph,0.8.3,algo::simple_paths::test::test_multi_target_paths_min_intermediate_nodes,full,success,0.19659234,,,,
x86_64-unknown-linux-gnu,petgraph,0.8.3,algo::simple_paths::test::test_multi_target_source_is_target,full,success,0.15035728133333334,,,,
x86_64-unknown-linux-gnu,petgraph,0.8.3,algo::simple_paths::test::test_no_simple_paths,full,success,0.14498946866666668,,,,
x86_64-unknown-linux-gnu,petgraph,0.8.3,algo::simple_paths::test::test_one_simple_path,full,success,0.149840728,,,,
x86_64-unknown-linux-gnu,petgraph,0.8.3,algo::simple_paths::test::test_path_graph,full,success,0.151964544,,,,
x86_64-unknown-linux-gnu,petgraph,0.8.3,algo::simple_paths::test::test_simple_path_source_target,full,success,0.14672370999999998,,,,
x86_64-unknown-linux-gnu,petgraph,0.8.3,algo::simple_paths::test::test_simple_paths_cutoff,full,success,0.16083269400000003,,,,
x86_64-unknown-linux-gnu,petgraph,0.8.3,algo::simple_paths::test::test_simple_paths_from_node_to_itself_in_complete_graph,full,success,0.14677641566666666,,,,
x86_64-unknown-linux-gnu,petgraph,0.8.3,algo::simple_paths::test::test_simple_paths_min_intermediate_nodes,full,success,0.16055558000000003,,,,
x86_64-unknown-linux-gnu,petgraph,0.8.3,algo::steiner_tree::test::test_compute_metric_closure,full,success,0.21243684666666665,,,,
x86_64-unknown-linux-gnu,petgraph,0.8.3,algo::steiner_tree::test::test_remove_non_terminal_nodes,full,success,0.18179507533333336,,,,
x86_64-unknown-linux-gnu,petgraph,0.8.3,algo::steiner_tree::test::test_subgraph_from_metric_closure,full,success,0.33276366000000007,,,,
x86_64-unknown-linux-gnu,petgraph,0.8.3,algo::tred::test_easy_tred,full,success,0.14156311700000002,,,,
x86_64-unknown-linux-gnu,petgraph,0.8.3,csr::tests::csr1,full,success,0.15068267433333335,,,,
x86_64-unknown-linux-gnu,petgraph,0.8.3,csr::tests::csr_dfs,full,success,0.16816232700000003,,,,
x86_64-unknown-linux-gnu,petgraph,0.8.3,csr::tests::csr_from,full,success,0.14979138266666667,,,,
x86_64-unknown-linux-gnu,petgraph,0.8.3,csr::tests::csr_from_error_1,full,success,0.13770839333333332,,,,
x86_64-unknown-linux-gnu,petgraph,0.8.3,csr::tests::csr_from_error_2,full,success,0.1403006556666667,,,,
x86_64-unknown-linux-gnu,petgraph,0.8.3,csr::tests::csr_from_undirected,full,success,0.1570768796666667,,,,
x86_64-unknown-linux-gnu,petgraph,0.8.3,csr::tests::csr_tarjan,full,success,0.16455009633333334,,,,
x86_64-unknown-linux-gnu,petgraph,0.8.3,csr::tests::csr_undirected,full,success,0.14546527500000003,,,,
x86_64-unknown-linux-gnu,petgraph,0.8.3,csr::tests::test_add_node,full,success,0.14711170500000004,,,,
x86_64-unknown-linux-gnu,petgraph,0.8.3,csr::tests::test_add_node_with_existing_edges,full,success,0.14793296833333333,,,,
x86_64-unknown-linux-gnu,petgraph,0.8.3,csr::tests::test_bellman_ford,full,success,0.1927300786666667,,,,
x86_64-unknown-linux-gnu,petgraph,0.8.3,csr::tests::test_bellman_ford_neg_cycle,full,success,0.14734982166666669,,,,
x86_64-unknown-linux-gnu,petgraph,0.8.3,csr::tests::test_edge_references,full,success,0.19760508266666668,,,,
x86_64-unknown-linux-gnu,petgraph,0.8.3,csr::tests::test_find_neg_cycle1,full,success,0.1490563983333333,,,,
x86_64-unknown-linux-gnu,petgraph,0.8.3,csr::tests::test_find_neg_cycle2,full,success,0.14409866200000002,,,,
x86_64-unknown-linux-gnu,petgraph,0.8.3,csr::tests::test_find_neg_cycle3,full,success,0.146112441,,,,
x86_64-unknown-linux-gnu,petgraph,0.8.3,csr::tests::test_find_neg_cycle4,full,success,0.13246987333333335,,,,
x86_64-unknown-linux-gnu,petgraph,0.8.3,csr::tests::test_node_references,full,success,0.13140459566666668,,,,
x86_64-unknown-linux-gnu,petgraph,0.8.3,dot::test::test_edgeindexlable_option,full,success,0.14168857433333334,,,,
x86_64-unknown-linux-gnu,petgraph,0.8.3,dot::test::test_edgenolable_option,full,success,0.13558323266666666,,,,
x86_64-unknown-linux-gnu,petgraph,0.8.3,dot::test::test_escape,full,success,0.13144887066666666,,,,
x86_64-unknown-linux-gnu,petgraph,0.8.3,dot::test::test_nodeindexlable_option,full,success,0.14085256433333335,,,,
x86_64-unknown-linux-gnu,petgraph,0.8.3,dot::test::test_nodenolable_option,full,success,0.13660791900000002,,,,
x86_64-unknown-linux-gnu,petgraph,0.8.3,dot::test::test_rankdir_bt_option,full,success,0.148157439,,,,
x86_64-unknown-linux-gnu,petgraph,0.8.3,dot::test::test_rankdir_lr_option,full,success,0.14647447633333335,,,,
x86_64-unknown-linux-gnu,petgraph,0.8.3,dot::test::test_rankdir_rl_option,full,success,0.13868281366666668,,,,
x86_64-unknown-linux-gnu,petgraph,0.8.3,dot::test::test_rankdir_tb_option,full,success,0.14291600833333332,,,,
x86_64-unknown-linux-gnu,petgraph,0.8.3,dot::test::test_with_attr_getters,full,success,0.134489241,,,,
x86_64-unknown-linux-gnu,petgraph,0.8.3,graph_impl::stable_graph::dfs,full,success,0.170026802,,,,
x86_64-unknown-linux-gnu,petgraph,0.8.3,graph_impl::stable_graph::extend_with_edges,full,success,0.13910747233333332,,,,
x86_64-unknown-linux-gnu,petgraph,0.8.3,graph_impl::stable_graph::stable_graph,full,success,0.21036610933333333,,,,
x86_64-unknown-linux-gnu,petgraph,0.8.3,graph_impl::stable_graph::test_retain_nodes,full,success,0.14781643033333333,,,,
x86_64-unknown-linux-gnu,petgraph,0.8.3,graph_impl::stable_graph::test_reverse,full,success,0.14113797133333333,,,,
x86_64-unknown-linux-gnu,petgraph,0.8.3,graph_impl::stable_graph::test_reverse_after_remove_edges,full,success,0.13426153066666668,,,,
x86_64-unknown-linux-gnu,petgraph,0.8.3,graph_impl::stable_graph::test_reverse_after_remove_nodes,full,success,0.1342587806666667,,,,
x86_64-unknown-linux-gnu,petgraph,0.8.3,matrix_graph::tests::test_add_edge,full,success,0.13237928200000001,,,,
x86_64-unknown-linux-gnu,petgraph,0.8.3,matrix_graph::tests::test_add_edge_with_extension,full,success,0.135188687,,,,
x86_64-unknown-linux-gnu,petgraph,0.8.3,matrix_graph::tests::test_add_edge_with_weights,full,success,0.13206002166666667,,,,
x86_64-unknown-linux-gnu,petgraph,0.8.3,matrix_graph::tests::test_add_edge_with_weights_undirected,full,success,0.13321578166666667,,,,
x86_64-unknown-linux-gnu,petgraph,0.8.3,matrix_graph::tests::test_add_or_update_edge,full,success,0.22579399600000002,,,,
x86_64-unknown-linux-gnu,petgraph,0.8.3,matrix_graph::tests::test_clear,full,success,0.14204024166666668,,,,
x86_64-unknown-linux-gnu,petgraph,0.8.3,matrix_graph::tests::test_clear_undirected,full,success,0.13333641,,,,
x86_64-unknown-linux-gnu,petgraph,0.8.3,matrix_graph::tests::test_default,full,success,0.12960665766666668,,,,
x86_64-unknown-linux-gnu,petgraph,0.8.3,matrix_graph::tests::test_edge_references,full,success,0.13979410766666667,,,,
x86_64-unknown-linux-gnu,petgraph,0.8.3,matrix_graph::tests::test_edge_references_undirected,full,success,0.15232738066666668,,,,
x86_64-unknown-linux-gnu,petgraph,0.8.3,matrix_graph::tests::test_edges_directed,full,success,0.1541214896666667,,,,
x86_64-unknown-linux-gnu,petgraph,0.8.3,matrix_graph::tests::test_edges_of_absent_node_is_empty_iterator,full,success,0.12857027366666665,,,,
x86_64-unknown-linux-gnu,petgraph,0.8.3,matrix_graph::tests::test_edges_undirected,full,success,0.14158133733333336,,,,
x86_64-unknown-linux-gnu,petgraph,0.8.3,matrix_graph::tests::test_has_edge,full,success,0.13381611566666668,,,,
x86_64-unknown-linux-gnu,petgraph,0.8.3,matrix_graph::tests::test_id_storage,full,success,0.143507389,,,,
x86_64-unknown-linux-gnu,petgraph,0.8.3,matrix_graph::tests::test_kosaraju_scc_with_removed_node,full,success,0.138429427,,,,
x86_64-unknown-linux-gnu,petgraph,0.8.3,matrix_graph::tests::test_matrix_resize,full,success,0.13685328333333333,,,,
x86_64-unknown-linux-gnu,petgraph,0.8.3,matrix_graph::tests::test_neighbors,full,success,0.13573264066666668,,,,
x86_64-unknown-linux-gnu,petgraph,0.8.3,matrix_graph::tests::test_neighbors_of_absent_node_is_empty_iterator,full,success,0.128942191,,,,
x86_64-unknown-linux-gnu,petgraph,0.8.3,matrix_graph::tests::test_neighbors_undirected,full,success,0.133173493,,,,
x86_64-unknown-linux-gnu,petgraph,0.8.3,matrix_graph::tests::test_new,full,success,0.13273522766666668,,,,
x86_64-unknown-linux-gnu,petgraph,0.8.3,matrix_graph::tests::test_node_identifiers,full,success,0.13485822466666667,,,,
x86_64-unknown-linux-gnu,petgraph,0.8.3,matrix_graph::tests::test_node_indexing,full,success,0.13018929733333334,,,,
x86_64-unknown-linux-gnu,petgraph,0.8.3,matrix_graph::tests::test_not_zero,full,success,0.135241148,,,,
x86_64-unknown-linux-gnu,petgraph,0.8.3,matrix_graph::tests::test_not_zero_asserted,full,success,0.13985661533333335,,,,
x86_64-unknown-linux-gnu,petgraph,0.8.3,matrix_graph::tests::test_not_zero_float,full,success,0.146851375,,,,
x86_64-unknown-linux-gnu,petgraph,0.8.3,matrix_graph::tests::test_remove_edge,full,success,0.13820465366666668,,,,
x86_64-unknown-linux-gnu,petgraph,0.8.3,matrix_graph::tests::test_remove_node,full,success,0.1400844476666667,,,,
x86_64-unknown-linux-gnu,petgraph,0.8.3,matrix_graph::tests::test_remove_node_and_edges,full,success,0.1368902186666667,,,,
x86_64-unknown-linux-gnu,petgraph,0.8.3,matrix_graph::tests::test_remove_node_and_edges_undirected,full,success,0.14159270833333334,,,,
x86_64-unknown-linux-gnu,petgraph,0.8.3,matrix_graph::tests::test_tarjan_scc_with_removed_node,full,success,0.13648120666666666,,,,
x86_64-unknown-linux-gnu,petgraph,0.8.3,matrix_graph::tests::test_try_add_node,full,success,5.695441188666666,,,,
x86_64-unknown-linux-gnu,petgraph,0.8.3,matrix_graph::tests::test_try_update_edge,full,success,0.13394431433333334,,,,
x86_64-unknown-linux-gnu,petgraph,0.8.3,matrix_graph::tests::test_with_capacity,full,success,0.13458785966666667,,,,
x86_64-unknown-linux-gnu,petgraph,0.8.3,visit::undirected_adaptor::tests::test_is_reachable,full,success,0.13577340133333335,,,,
x86_64-unknown-linux-gnu,petgraph,0.8.3,visit::undirected_adaptor::tests::test_neighbors_count,full,success,0.134762311,,,,
x86_64-unknown-linux-gnu,petgraph,0.8.3,visit::undirected_adaptor::tests::test_undirected_adaptor_can_traverse,full,success,0.15101306900000003,,,,
x86_64-unknown-linux-gnu,petgraph,0.8.3,visit::undirected_adaptor::tests::test_undirected_edge_refs_point_both_ways,full,success,0.14901295700000003,,,,
x86_64-unknown-linux-gnu,ppv-lite86,0.2.21,generic::test::test_bswap32,full,success,0.10808060633333334,,,,
x86_64-unknown-linux-gnu,ppv-lite86,0.2.21,generic::test_rotate_u128,full,success,0.11112225433333334,,,,
x86_64-unknown-linux-gnu,predicates,3.1.4,boolean::test_and::find_case_false,full,success,0.08794493466666668,,,,
x86_64-unknown-linux-gnu,predicates,3.1.4,boolean::test_and::find_case_false_fails,full,success,0.08353517466666667,,,,
x86_64-unknown-linux-gnu,predicates,3.1.4,boolean::test_and::find_case_false_left_fail,full,success,0.08278762100000002,,,,
x86_64-unknown-linux-gnu,predicates,3.1.4,boolean::test_and::find_case_false_right_fail,full,success,0.08346421033333334,,,,
x86_64-unknown-linux-gnu,predicates,3.1.4,boolean::test_and::find_case_true,full,success,0.08584886933333334,,,,
x86_64-unknown-linux-gnu,predicates,3.1.4,boolean::test_and::find_case_true_fails,full,success,0.08523792633333334,,,,
x86_64-unknown-linux-gnu,predicates,3.1.4,boolean::test_and::find_case_true_left_fail,full,success,0.08246898000000001,,,,
x86_64-unknown-linux-gnu,predicates,3.1.4,boolean::test_and::find_case_true_right_fail,full,success,0.08226574233333334,,,,
x86_64-unknown-linux-gnu,predicates,3.1.4,boolean::test_or::find_case_false,full,success,0.08106802566666667,,,,
x86_64-unknown-linux-gnu,predicates,3.1.4,boolean::test_or::find_case_false_fails,full,success,0.08437405566666667,,,,
x86_64-unknown-linux-gnu,predicates,3.1.4,boolean::test_or::find_case_false_left_fail,full,success,0.08215242066666667,,,,
x86_64-unknown-linux-gnu,predicates,3.1.4,boolean::test_or::find_case_false_right_fail,full,success,0.08186223433333334,,,,
x86_64-unknown-linux-gnu,predicates,3.1.4,boolean::test_or::find_case_true,full,success,0.08150333700000001,,,,
x86_64-unknown-linux-gnu,predicates,3.1.4,boolean::test_or::find_case_true_fails,full,success,0.08332325800000001,,,,
x86_64-unknown-linux-gnu,predicates,3.1.4,boolean::test_or::find_case_true_left_fail,full,success,0.08088269366666667,,,,
x86_64-unknown-linux-gnu,predicates,3.1.4,boolean::test_or::find_case_true_right_fail,full,success,0.08170811800000001,,,,
x86_64-unknown-linux-gnu,predicates,3.1.4,boxed::test::boxed_find_case,full,success,0.08792185866666669,,,,
x86_64-unknown-linux-gnu,predicates,3.1.4,boxed::test::unsized_boxed,full,success,0.08094003033333334,,,,
x86_64-unknown-linux-gnu,predicates,3.1.4,function::str_function,full,success,0.08019344266666667,,,,
x86_64-unknown-linux-gnu,quinn-udp,0.6.1,imp::gso::test::parse_current_kernel_version_release_string,full,success,0.11453460566666666,,,,
x86_64-unknown-linux-gnu,quinn-udp,0.6.1,imp::gso::test::parse_kernel_version_release_string,full,success,0.105269369,,,,
x86_64-unknown-linux-gnu,quinn-udp,0.6.1,tests::effective_segment_size,full,success,0.10538891933333334,,,,
x86_64-unknown-linux-gnu,r-efi,6.0.0,base::tests::booleans,full,success,0.21530972833333337,,,,
x86_64-unknown-linux-gnu,r-efi,6.0.0,base::tests::eficall,full,success,0.12955324666666668,,,,
x86_64-unknown-linux-gnu,r-efi,6.0.0,base::tests::guid,full,success,0.13859690400000002,,,,
x86_64-unknown-linux-gnu,r-efi,6.0.0,base::tests::type_size_and_alignment,full,success,0.13408623233333336,,,,
x86_64-unknown-linux-gnu,radium,1.1.1,tests::absent_traits,full,success,0.12900282033333335,,,,
x86_64-unknown-linux-gnu,radium,1.1.1,tests::always_alias,full,success,0.129223585,,,,
x86_64-unknown-linux-gnu,radium,1.1.1,tests::always_cell,full,success,0.1288798396666667,,,,
x86_64-unknown-linux-gnu,radium,1.1.1,tests::maybe_atom,full,success,0.1296089983333333,,,,
x86_64-unknown-linux-gnu,radium,1.1.1,tests::present_traits,full,success,0.12949049733333334,,,,
x86_64-unknown-linux-gnu,radium,1.1.1,types::tests::atom_impls,full,success,0.13563728666666666,,,,
x86_64-unknown-linux-gnu,radium,1.1.1,types::tests::isotope_atomic,full,success,0.12832717133333335,,,,
x86_64-unknown-linux-gnu,radium,1.1.1,types::tests::isotope_impls,full,success,0.13162119333333333,,,,
x86_64-unknown-linux-gnu,radium,1.1.1,types::tests::radon_impls,full,success,0.12841280600000002,,,,
x86_64-unknown-linux-gnu,rand,0.10.1,distr::bernoulli::test::bernoulli_distributions_can_be_compared,full,success,0.13942967166666667,,,,
x86_64-unknown-linux-gnu,rand,0.10.1,distr::bernoulli::test::test_trivial,full,success,0.13358584966666667,,,,
x86_64-unknown-linux-gnu,rand,0.10.1,distr::bernoulli::test::value_stability,full,success,0.13780099466666665,,,,
x86_64-unknown-linux-gnu,rand,0.10.1,distr::distribution::tests::test_dist_string,full,success,0.1445079516666667,,,,
x86_64-unknown-linux-gnu,rand,0.10.1,distr::distribution::tests::test_distributions_iter,full,success,0.13998122566666668,,,,
x86_64-unknown-linux-gnu,rand,0.10.1,distr::distribution::tests::test_distributions_map,full,success,0.136926975,,,,
x86_64-unknown-linux-gnu,rand,0.10.1,distr::distribution::tests::test_make_an_iter,full,success,0.13702567333333335,,,,
x86_64-unknown-linux-gnu,rand,0.10.1,distr::float::tests::f32_edge_cases,full,success,0.14254417033333336,,,,
x86_64-unknown-linux-gnu,rand,0.10.1,distr::float::tests::f64_edge_cases,full,success,0.13774190433333336,,,,
x86_64-unknown-linux-gnu,rand,0.10.1,distr::float::tests::value_stability,full,success,0.13634154366666668,,,,
x86_64-unknown-linux-gnu,rand,0.10.1,distr::integer::tests::test_integers,full,success,0.13155351966666667,,,,
x86_64-unknown-linux-gnu,rand,0.10.1,distr::integer::tests::value_stability,full,success,0.131538135,,,,
x86_64-unknown-linux-gnu,rand,0.10.1,distr::integer::tests::x86_integers,full,success,0.133054153,,,,
x86_64-unknown-linux-gnu,rand,0.10.1,distr::other::tests::test_alphabetic,full,success,0.141744298,,,,
x86_64-unknown-linux-gnu,rand,0.10.1,distr::other::tests::test_alphanumeric,full,success,0.1401955486666667,,,,
x86_64-unknown-linux-gnu,rand,0.10.1,distr::other::tests::test_chars,full,success,0.2966575546666667,,,,
x86_64-unknown-linux-gnu,rand,0.10.1,distr::other::tests::test_misc,full,success,0.13354176733333334,,,,
x86_64-unknown-linux-gnu,rand,0.10.1,distr::other::tests::value_stability,full,success,0.142693011,,,,
x86_64-unknown-linux-gnu,rand,0.10.1,distr::slice::test::value_stability,full,success,0.13457492666666668,,,,
x86_64-unknown-linux-gnu,rand,0.10.1,distr::uniform::float::tests::test_float_assertions,full,success,0.13616209666666668,,,,
x86_64-unknown-linux-gnu,rand,0.10.1,distr::uniform::float::tests::test_float_overflow,full,success,0.13391603533333335,,,,
x86_64-unknown-linux-gnu,rand,0.10.1,distr::uniform::float::tests::test_float_overflow_single,full,success,0.13866434933333335,,,,
x86_64-unknown-linux-gnu,rand,0.10.1,distr::uniform::float::tests::test_uniform_from_std_range,full,success,0.13521579433333333,,,,
x86_64-unknown-linux-gnu,rand,0.10.1,distr::uniform::float::tests::test_uniform_from_std_range_bad_limits,full,success,0.130162625,,,,
x86_64-unknown-linux-gnu,rand,0.10.1,distr::uniform::float::tests::test_uniform_from_std_range_inclusive,full,success,0.13555596833333336,,,,
x86_64-unknown-linux-gnu,rand,0.10.1,distr::uniform::float::tests::test_uniform_from_std_range_inclusive_bad_limits,full,success,0.13948911866666666,,,,
x86_64-unknown-linux-gnu,rand,0.10.1,distr::uniform::int::tests::test_uniform_bad_limits_equal_int,full,success,0.13467607366666667,,,,
x86_64-unknown-linux-gnu,rand,0.10.1,distr::uniform::int::tests::test_uniform_bad_limits_flipped_int,full,success,0.13559538900000004,,,,
x86_64-unknown-linux-gnu,rand,0.10.1,distr::uniform::int::tests::test_uniform_from_std_range,full,success,0.13727538066666667,,,,
x86_64-unknown-linux-gnu,rand,0.10.1,distr::uniform::int::tests::test_uniform_from_std_range_bad_limits,full,success,0.13521945233333332,,,,
x86_64-unknown-linux-gnu,rand,0.10.1,distr::uniform::int::tests::test_uniform_from_std_range_inclusive,full,success,0.13924359566666666,,,,
x86_64-unknown-linux-gnu,rand,0.10.1,distr::uniform::int::tests::test_uniform_from_std_range_inclusive_bad_limits,full,success,0.14069208266666666,,,,
x86_64-unknown-linux-gnu,rand,0.10.1,distr::uniform::int::tests::test_uniform_good_limits_equal_int,full,success,0.136312531,,,,
x86_64-unknown-linux-gnu,rand,0.10.1,distr::uniform::int::tests::test_uniform_usize_constructors,full,success,0.13815849833333335,,,,
x86_64-unknown-linux-gnu,rand,0.10.1,distr::uniform::int::tests::test_uniform_usize_empty_range,full,success,0.13577323766666669,,,,
x86_64-unknown-linux-gnu,rand,0.10.1,distr::uniform::int::tests::value_stability,full,success,0.14733057733333335,,,,
x86_64-unknown-linux-gnu,rand,0.10.1,distr::uniform::tests::test_custom_uniform,full,success,0.15391494633333336,,,,
x86_64-unknown-linux-gnu,rand,0.10.1,distr::uniform::tests::uniform_distributions_can_be_compared,full,success,0.13311022833333333,,,,
x86_64-unknown-linux-gnu,rand,0.10.1,distr::uniform::tests::value_stability,full,success,0.13616266,,,,
x86_64-unknown-linux-gnu,rand,0.10.1,distr::weighted::weighted_index::test::overflow,full,success,0.14719013500000003,,,,
x86_64-unknown-linux-gnu,rand,0.10.1,distr::weighted::weighted_index::test::test_accepting_nan,full,success,0.14006248133333335,,,,
x86_64-unknown-linux-gnu,rand,0.10.1,distr::weighted::weighted_index::test::test_update_weights,full,success,0.13889075333333334,,,,
x86_64-unknown-linux-gnu,rand,0.10.1,distr::weighted::weighted_index::test::test_update_weights_errors,full,success,0.141597352,,,,
x86_64-unknown-linux-gnu,rand,0.10.1,distr::weighted::weighted_index::test::test_weight_at,full,success,0.14029113466666668,,,,
x86_64-unknown-linux-gnu,rand,0.10.1,distr::weighted::weighted_index::test::test_weights,full,success,0.13906331400000002,,,,
x86_64-unknown-linux-gnu,rand,0.10.1,distr::weighted::weighted_index::test::value_stability,full,success,0.14286679100000002,,,,
x86_64-unknown-linux-gnu,rand,0.10.1,distr::weighted::weighted_index::test::weighted_index_distributions_can_be_compared,full,success,0.1344987963333333,,,,
x86_64-unknown-linux-gnu,rand,0.10.1,rng::test::test_fill,full,success,0.1352026696666667,,,,
x86_64-unknown-linux-gnu,rand,0.10.1,rng::test::test_fill_bytes_default,full,success,0.3801529626666667,,,,
x86_64-unknown-linux-gnu,rand,0.10.1,rng::test::test_fill_empty,full,success,0.132735599,,,,
x86_64-unknown-linux-gnu,rand,0.10.1,rng::test::test_random_bool,full,success,0.1380788696666667,,,,
x86_64-unknown-linux-gnu,rand,0.10.1,rng::test::test_random_range_float,full,success,0.6856679680000001,,,,
x86_64-unknown-linux-gnu,rand,0.10.1,rng::test::test_random_range_int,full,success,0.9379962466666667,,,,
x86_64-unknown-linux-gnu,rand,0.10.1,rng::test::test_random_range_panic_int,full,success,0.13467630166666666,,,,
x86_64-unknown-linux-gnu,rand,0.10.1,rng::test::test_random_range_panic_usize,full,success,0.13861746866666666,,,,
x86_64-unknown-linux-gnu,rand,0.10.1,rng::test::test_rng_boxed_trait,full,success,0.13146317700000001,,,,
x86_64-unknown-linux-gnu,rand,0.10.1,rng::test::test_rng_mut_ref,full,success,0.15273727733333334,,,,
x86_64-unknown-linux-gnu,rand,0.10.1,rng::test::test_rng_trait_object,full,success,0.130995292,,,,
x86_64-unknown-linux-gnu,rand,0.10.1,rngs::std::test::test_chacha_counter,full,success,0.34784591033333334,,,,
x86_64-unknown-linux-gnu,rand,0.10.1,rngs::std::test::test_chacha_true_values_1,full,success,0.17329829133333333,,,,
x86_64-unknown-linux-gnu,rand,0.10.1,rngs::std::test::test_chacha_true_values_2,full,success,0.1716545426666667,,,,
x86_64-unknown-linux-gnu,rand,0.10.1,rngs::std::test::test_chacha_true_values_3,full,success,0.17236555433333334,,,,
x86_64-unknown-linux-gnu,rand,0.10.1,rngs::std::test::test_chacha_true_values_8,full,success,0.17174255566666666,,,,
x86_64-unknown-linux-gnu,rand,0.10.1,rngs::std::test::test_stdrng_construction,full,success,0.16415053300000002,,,,
x86_64-unknown-linux-gnu,rand,0.10.1,rngs::thread::test::test_debug_output,full,success,0.13295285033333334,,,,
x86_64-unknown-linux-gnu,rand,0.10.1,rngs::thread::test::test_thread_rng,full,success,0.148930338,,,,
x86_64-unknown-linux-gnu,rand,0.10.1,rngs::xoshiro128plusplus::tests::reference,full,success,0.13208604966666668,,,,
x86_64-unknown-linux-gnu,rand,0.10.1,rngs::xoshiro128plusplus::tests::stable_seed_from_u64_and_from_seed,full,success,0.13261144933333335,,,,
x86_64-unknown-linux-gnu,rand,0.10.1,rngs::xoshiro256plusplus::tests::reference,full,success,0.143695749,,,,
x86_64-unknown-linux-gnu,rand,0.10.1,rngs::xoshiro256plusplus::tests::stable_seed_from_u64_and_from_seed,full,success,0.13625451033333333,,,,
x86_64-unknown-linux-gnu,rand,0.10.1,seq::index_::test::test_sample_boundaries,full,success,0.14915674066666665,,,,
x86_64-unknown-linux-gnu,rand,0.10.1,seq::index_::test::test_sample_weighted,full,success,0.14998340200000002,,,,
x86_64-unknown-linux-gnu,rand,0.10.1,seq::index_::test::value_stability_sample,full,success,0.36139782300000006,,,,
x86_64-unknown-linux-gnu,rand,0.10.1,seq::iterator::test::test_sample_iter,full,success,0.209663442,,,,
x86_64-unknown-linux-gnu,rand,0.10.1,seq::iterator::test::value_stability_choose,full,success,0.15054620566666668,,,,
x86_64-unknown-linux-gnu,rand,0.10.1,seq::iterator::test::value_stability_choose_stable,full,success,0.1699953946666667,,,,
x86_64-unknown-linux-gnu,rand,0.10.1,seq::iterator::test::value_stability_sample,full,success,0.158203685,,,,
x86_64-unknown-linux-gnu,rand,0.10.1,seq::slice::test::test_multiple_weighted_distributions,full,success,247.00168097933332,,,,
x86_64-unknown-linux-gnu,rand,0.10.1,seq::slice::test::test_multiple_weighted_edge_cases,full,success,0.4728303283333333,,,,
x86_64-unknown-linux-gnu,rand,0.10.1,seq::slice::test::test_partial_shuffle,full,success,0.131148696,,,,
x86_64-unknown-linux-gnu,rand,0.10.1,seq::slice::test::test_slice_choose,full,success,0.617346007,,,,
x86_64-unknown-linux-gnu,rand,0.10.1,seq::slice::test::value_stability_slice,full,success,0.14391700566666665,,,,
x86_64-unknown-linux-gnu,rand,0.10.1,test::rng_reader,full,success,0.13323541433333333,,,,
x86_64-unknown-linux-gnu,rand,0.10.1,test::test_random,full,success,0.154172576,,,,
x86_64-unknown-linux-gnu,rand,0.10.1,test::test_range,full,success,0.15410717300000001,,,,
x86_64-unknown-linux-gnu,redox_syscall,0.8.0,sigabi::tests::singlethread_mask,full,success,0.15856196266666667,,,,
x86_64-unknown-linux-gnu,scopeguard,1.2.0,tests::test_defer,full,success,0.07979424566666667,,,,
x86_64-unknown-linux-gnu,scopeguard,1.2.0,tests::test_defer_success_1,full,success,0.081278559,,,,
x86_64-unknown-linux-gnu,scopeguard,1.2.0,tests::test_defer_success_2,full,success,0.08196072333333335,,,,
x86_64-unknown-linux-gnu,scopeguard,1.2.0,tests::test_defer_unwind_1,full,success,0.08216303600000001,,,,
x86_64-unknown-linux-gnu,scopeguard,1.2.0,tests::test_defer_unwind_2,full,success,0.08463037133333334,,,,
x86_64-unknown-linux-gnu,scopeguard,1.2.0,tests::test_dropped_once_when_not_run,full,success,0.10064049266666668,,,,
x86_64-unknown-linux-gnu,scopeguard,1.2.0,tests::test_into_inner,full,success,0.08061451900000001,,,,
x86_64-unknown-linux-gnu,scopeguard,1.2.0,tests::test_only_dropped_by_closure_when_run,full,success,0.08091775366666669,,,,
x86_64-unknown-linux-gnu,serde_core,1.0.228,ser::impls::test_format_u8,full,success,0.15105029233333334,,,,
x86_64-unknown-linux-gnu,serde_with,3.20.0,utils::duration::test_parse_float_into_time_parts,full,success,0.108568424,,,,
x86_64-unknown-linux-gnu,shlex,2.0.1,bytes::test_invalid_utf8,full,success,0.13023455166666667,,,,
x86_64-unknown-linux-gnu,shlex,2.0.1,bytes::test_lineno,full,success,0.12983587500000002,,,,
x86_64-unknown-linux-gnu,shlex,2.0.1,bytes::test_split,full,success,0.15745589866666668,,,,
x86_64-unknown-linux-gnu,shlex,2.0.1,test_fallible,full,success,0.1287436366666667,,,,
x86_64-unknown-linux-gnu,shlex,2.0.1,test_lineno,full,success,0.12828227733333336,,,,
x86_64-unknown-linux-gnu,shlex,2.0.1,test_quote,full,success,0.416901373,,,,
x86_64-unknown-linux-gnu,shlex,2.0.1,test_split,full,success,0.14615697233333336,,,,
x86_64-unknown-linux-gnu,simd-adler32,0.3.9,imp::avx2::tests::ones,full,success,0.43210063266666676,,,,
x86_64-unknown-linux-gnu,simd-adler32,0.3.9,imp::avx2::tests::wiki,full,success,0.13597297966666666,,,,
x86_64-unknown-linux-gnu,simd-adler32,0.3.9,imp::avx2::tests::zeroes,full,success,0.44094621666666667,,,,
x86_64-unknown-linux-gnu,simd-adler32,0.3.9,imp::avx512::tests::ones,full,success,0.13500022266666667,,,,
x86_64-unknown-linux-gnu,simd-adler32,0.3.9,imp::avx512::tests::random,full,success,0.13127312733333332,,,,
x86_64-unknown-linux-gnu,simd-adler32,0.3.9,imp::avx512::tests::wiki,full,success,0.133872066,,,,
x86_64-unknown-linux-gnu,simd-adler32,0.3.9,imp::avx512::tests::zeroes,full,success,0.13541578,,,,
x86_64-unknown-linux-gnu,simd-adler32,0.3.9,imp::neon::tests::wiki,full,success,0.13307660033333335,,,,
x86_64-unknown-linux-gnu,simd-adler32,0.3.9,imp::scalar::tests::mixed_short,full,success,0.13870534433333334,,,,
x86_64-unknown-linux-gnu,simd-adler32,0.3.9,imp::scalar::tests::ones_short,full,success,0.1692473646666667,,,,
x86_64-unknown-linux-gnu,simd-adler32,0.3.9,imp::scalar::tests::wiki,full,success,0.131414544,,,,
x86_64-unknown-linux-gnu,simd-adler32,0.3.9,imp::scalar::tests::zeroes_short,full,success,0.17241104633333335,,,,
x86_64-unknown-linux-gnu,simd-adler32,0.3.9,imp::sse2::tests::ones,full,success,0.4358608703333333,,,,
x86_64-unknown-linux-gnu,simd-adler32,0.3.9,imp::sse2::tests::wiki,full,success,0.13100437233333334,,,,
x86_64-unknown-linux-gnu,simd-adler32,0.3.9,imp::sse2::tests::zeroes,full,success,0.4412307753333333,,,,
x86_64-unknown-linux-gnu,simd-adler32,0.3.9,imp::ssse3::tests::ones,full,success,0.43746544233333334,,,,
x86_64-unknown-linux-gnu,simd-adler32,0.3.9,imp::ssse3::tests::wiki,full,success,0.13620395,,,,
x86_64-unknown-linux-gnu,simd-adler32,0.3.9,imp::ssse3::tests::zeroes,full,success,0.4422021096666667,,,,
x86_64-unknown-linux-gnu,simd-adler32,0.3.9,imp::wasm::tests::ones,full,success,0.13138389866666667,,,,
x86_64-unknown-linux-gnu,simd-adler32,0.3.9,imp::wasm::tests::random,full,success,0.133033671,,,,
x86_64-unknown-linux-gnu,simd-adler32,0.3.9,imp::wasm::tests::wiki,full,success,0.13039641366666668,,,,
x86_64-unknown-linux-gnu,simd-adler32,0.3.9,imp::wasm::tests::zeroes,full,success,0.12894119966666667,,,,
x86_64-unknown-linux-gnu,simd-adler32,0.3.9,tests::test_from_checksum,full,success,0.13372893433333335,,,,
x86_64-unknown-linux-gnu,siphasher,1.0.3,tests128::test_siphash128_1_3,full,success,0.129991349,,,,
x86_64-unknown-linux-gnu,siphasher,1.0.3,tests128::test_siphash128_2_4,full,success,0.1321010596666667,,,,
x86_64-unknown-linux-gnu,siphasher,1.0.3,tests128::test_siphash128_idempotent,full,success,0.131272325,,,,
x86_64-unknown-linux-gnu,siphasher,1.0.3,tests128::test_siphash128_incremental,full,success,0.13001136400000002,,,,
x86_64-unknown-linux-gnu,siphasher,1.0.3,tests128::test_siphash128_simple,full,success,0.13083196933333333,,,,
x86_64-unknown-linux-gnu,siphasher,1.0.3,tests::test_hash_idempotent,full,success,0.12782017866666667,,,,
x86_64-unknown-linux-gnu,siphasher,1.0.3,tests::test_hash_incremental,full,success,0.13044600866666667,,,,
x86_64-unknown-linux-gnu,siphasher,1.0.3,tests::test_hash_no_bytes_dropped_32,full,success,0.12880229366666668,,,,
x86_64-unknown-linux-gnu,siphasher,1.0.3,tests::test_hash_no_bytes_dropped_64,full,success,0.12819538166666666,,,,
x86_64-unknown-linux-gnu,siphasher,1.0.3,tests::test_hash_no_concat_alias,full,success,0.130950653,,,,
x86_64-unknown-linux-gnu,siphasher,1.0.3,tests::test_hash_simple,full,success,0.1346567253333333,,,,
x86_64-unknown-linux-gnu,siphasher,1.0.3,tests::test_siphash_1_3,full,success,0.20480282966666666,,,,
x86_64-unknown-linux-gnu,siphasher,1.0.3,tests::test_siphash_2_4,full,success,0.20417482233333337,,,,
x86_64-unknown-linux-gnu,smallvec,1.15.1,tests::drain,full,success,0.09138276699999999,,,,
x86_64-unknown-linux-gnu,smallvec,1.15.1,tests::drain_forget,full,success,0.08467946466666666,,,,
x86_64-unknown-linux-gnu,smallvec,1.15.1,tests::drain_overflow,full,success,0.09015190366666666,,,,
x86_64-unknown-linux-gnu,smallvec,1.15.1,tests::drain_rev,full,success,0.085490175,,,,
x86_64-unknown-linux-gnu,smallvec,1.15.1,tests::empty_macro,full,success,0.08838457200000001,,,,
x86_64-unknown-linux-gnu,smallvec,1.15.1,tests::grow_spilled_same_size,full,success,0.08397758933333334,,,,
x86_64-unknown-linux-gnu,smallvec,1.15.1,tests::grow_to_shrink,full,success,0.08526820033333334,,,,
x86_64-unknown-linux-gnu,smallvec,1.15.1,tests::insert_many_panic::panic_early_at_end,full,success,0.089469551,,,,
x86_64-unknown-linux-gnu,smallvec,1.15.1,tests::insert_many_panic::panic_early_at_start,full,success,0.08654957066666669,,,,
x86_64-unknown-linux-gnu,smallvec,1.15.1,tests::insert_many_panic::panic_early_in_middle,full,success,0.086136347,,,,
x86_64-unknown-linux-gnu,smallvec,1.15.1,tests::insert_many_panic::panic_late_at_end,full,success,0.08662088733333333,,,,
x86_64-unknown-linux-gnu,smallvec,1.15.1,tests::insert_many_panic::panic_late_at_start,full,success,0.08984533100000001,,,,
x86_64-unknown-linux-gnu,smallvec,1.15.1,tests::into_iter,full,success,0.08554939233333335,,,,
x86_64-unknown-linux-gnu,smallvec,1.15.1,tests::into_iter_drop,full,success,0.08495423766666667,,,,
x86_64-unknown-linux-gnu,smallvec,1.15.1,tests::into_iter_rev,full,success,0.08697640566666669,,,,
x86_64-unknown-linux-gnu,smallvec,1.15.1,tests::issue_4,full,success,0.08529609933333333,,,,
x86_64-unknown-linux-gnu,smallvec,1.15.1,tests::issue_5,full,success,0.084661685,,,,
x86_64-unknown-linux-gnu,smallvec,1.15.1,tests::max_dont_panic,full,success,0.08476596966666666,,,,
x86_64-unknown-linux-gnu,smallvec,1.15.1,tests::max_remove,full,success,0.087912222,,,,
x86_64-unknown-linux-gnu,smallvec,1.15.1,tests::max_swap_remove,full,success,0.09141790133333334,,,,
x86_64-unknown-linux-gnu,smallvec,1.15.1,tests::resumable_extend,full,success,0.08501065366666667,,,,
x86_64-unknown-linux-gnu,smallvec,1.15.1,tests::shrink_to_fit_unspill,full,success,0.08693015733333335,,,,
x86_64-unknown-linux-gnu,smallvec,1.15.1,tests::test_as_mut,full,success,0.08378851733333333,,,,
x86_64-unknown-linux-gnu,smallvec,1.15.1,tests::test_as_ref,full,success,0.08758261966666668,,,,
x86_64-unknown-linux-gnu,smallvec,1.15.1,tests::test_borrow,full,success,0.086891726,,,,
x86_64-unknown-linux-gnu,smallvec,1.15.1,tests::test_borrow_mut,full,success,0.08830354766666666,,,,
x86_64-unknown-linux-gnu,smallvec,1.15.1,tests::test_capacity,full,success,0.09030315066666667,,,,
x86_64-unknown-linux-gnu,smallvec,1.15.1,tests::test_clone_from,full,success,0.08634060966666667,,,,
x86_64-unknown-linux-gnu,smallvec,1.15.1,tests::test_dedup,full,success,0.08630594700000001,,,,
x86_64-unknown-linux-gnu,smallvec,1.15.1,tests::test_double_spill,full,success,0.09367376033333334,,,,
x86_64-unknown-linux-gnu,smallvec,1.15.1,tests::test_drop_panic_smallvec,full,success,0.09768244233333334,,,,
x86_64-unknown-linux-gnu,smallvec,1.15.1,tests::test_eq,full,success,0.09351045533333335,,,,
x86_64-unknown-linux-gnu,smallvec,1.15.1,tests::test_exact_size_iterator,full,success,0.09050375366666667,,,,
x86_64-unknown-linux-gnu,smallvec,1.15.1,tests::test_extend_from_slice,full,success,0.09226769433333333,,,,
x86_64-unknown-linux-gnu,smallvec,1.15.1,tests::test_from,full,success,0.09599518800000001,,,,
x86_64-unknown-linux-gnu,smallvec,1.15.1,tests::test_from_slice,full,success,0.08783750200000001,,,,
x86_64-unknown-linux-gnu,smallvec,1.15.1,tests::test_from_vec,full,success,0.08982382333333333,,,,
x86_64-unknown-linux-gnu,smallvec,1.15.1,tests::test_hash,full,success,0.08664320466666668,,,,
x86_64-unknown-linux-gnu,smallvec,1.15.1,tests::test_inline,full,success,0.08624281500000001,,,,
x86_64-unknown-linux-gnu,smallvec,1.15.1,tests::test_insert_from_slice,full,success,0.08665276933333334,,,,
x86_64-unknown-linux-gnu,smallvec,1.15.1,tests::test_insert_many,full,success,0.08608569666666667,,,,
x86_64-unknown-linux-gnu,smallvec,1.15.1,tests::test_insert_many_long_hint,full,success,0.09742255833333335,,,,
x86_64-unknown-linux-gnu,smallvec,1.15.1,tests::test_insert_many_overflow,full,success,0.08511917466666667,,,,
x86_64-unknown-linux-gnu,smallvec,1.15.1,tests::test_insert_many_short_hint,full,success,0.08582124933333335,,,,
x86_64-unknown-linux-gnu,smallvec,1.15.1,tests::test_insert_out_of_bounds,full,success,0.09151972733333334,,,,
x86_64-unknown-linux-gnu,smallvec,1.15.1,tests::test_into_inner,full,success,0.08509319033333333,,,,
x86_64-unknown-linux-gnu,smallvec,1.15.1,tests::test_into_iter_as_slice,full,success,0.08981681100000001,,,,
x86_64-unknown-linux-gnu,smallvec,1.15.1,tests::test_into_iter_clone,full,success,0.09264859666666668,,,,
x86_64-unknown-linux-gnu,smallvec,1.15.1,tests::test_into_iter_clone_empty_smallvec,full,success,0.08897656733333333,,,,
x86_64-unknown-linux-gnu,smallvec,1.15.1,tests::test_into_iter_clone_partially_consumed_iterator,full,success,0.08796767833333334,,,,
x86_64-unknown-linux-gnu,smallvec,1.15.1,tests::test_into_vec,full,success,0.09352539366666668,,,,
x86_64-unknown-linux-gnu,smallvec,1.15.1,tests::test_invalid_grow,full,success,0.09509488,,,,
x86_64-unknown-linux-gnu,smallvec,1.15.1,tests::test_ord,full,success,0.08862876333333335,,,,
x86_64-unknown-linux-gnu,smallvec,1.15.1,tests::test_resize,full,success,0.08538798866666668,,,,
x86_64-unknown-linux-gnu,smallvec,1.15.1,tests::test_retain,full,success,0.08953424366666668,,,,
x86_64-unknown-linux-gnu,smallvec,1.15.1,tests::test_size,full,success,0.09343757500000001,,,,
x86_64-unknown-linux-gnu,smallvec,1.15.1,tests::test_spill,full,success,0.08891551066666666,,,,
x86_64-unknown-linux-gnu,smallvec,1.15.1,tests::test_truncate,full,success,0.09334469433333335,,,,
x86_64-unknown-linux-gnu,smallvec,1.15.1,tests::test_with_capacity,full,success,0.08609235766666667,,,,
x86_64-unknown-linux-gnu,smallvec,1.15.1,tests::test_zero,full,success,0.08670161366666666,,,,
x86_64-unknown-linux-gnu,smallvec,1.15.1,tests::uninhabited,full,success,0.088069036,,,,
x86_64-unknown-linux-gnu,smallvec,1.15.1,tests::zero_size_items,full,success,0.089052952,,,,
x86_64-unknown-linux-gnu,socket2,0.6.2,sockaddr::tests::ipv4,full,success,0.135728928,,,,
x86_64-unknown-linux-gnu,socket2,0.6.2,sockaddr::tests::ipv4_eq,full,success,0.13103070733333336,,,,
x86_64-unknown-linux-gnu,socket2,0.6.2,sockaddr::tests::ipv4_hash,full,success,0.132003308,,,,
x86_64-unknown-linux-gnu,socket2,0.6.2,sockaddr::tests::ipv4_ipv6_eq,full,success,0.13099798933333337,,,,
x86_64-unknown-linux-gnu,socket2,0.6.2,sockaddr::tests::ipv4_ipv6_hash,full,success,0.13987972833333334,,,,
x86_64-unknown-linux-gnu,socket2,0.6.2,sockaddr::tests::ipv6,full,success,0.12999287233333334,,,,
x86_64-unknown-linux-gnu,socket2,0.6.2,sockaddr::tests::ipv6_eq,full,success,0.13161361166666666,,,,
x86_64-unknown-linux-gnu,socket2,0.6.2,sockaddr::tests::ipv6_hash,full,success,0.13427819866666665,,,,
x86_64-unknown-linux-gnu,socket2,0.6.2,sys::in6_addr_convertion,full,success,0.13088993699999998,,,,
x86_64-unknown-linux-gnu,socket2,0.6.2,sys::in_addr_convertion,full,success,0.13110681166666668,,,,
x86_64-unknown-linux-gnu,spin,0.12.0,barrier::tests::test_barrier,full,success,0.4517553243333334,,,,
x86_64-unknown-linux-gnu,spin,0.12.0,mutex::spin::tests::lots_and_lots,full,success,0.26095743400000004,,,,
x86_64-unknown-linux-gnu,spin,0.12.0,mutex::spin::tests::smoke,full,success,0.106392887,,,,
x86_64-unknown-linux-gnu,spin,0.12.0,mutex::spin::tests::test_into_inner,full,success,0.10411951333333334,,,,
x86_64-unknown-linux-gnu,spin,0.12.0,mutex::spin::tests::test_into_inner_drop,full,success,0.10651054266666667,,,,
x86_64-unknown-linux-gnu,spin,0.12.0,mutex::spin::tests::test_mutex_arc_access_in_unwind,full,success,0.11580246633333334,,,,
x86_64-unknown-linux-gnu,spin,0.12.0,mutex::spin::tests::test_mutex_arc_nested,full,success,0.11547662933333334,,,,
x86_64-unknown-linux-gnu,spin,0.12.0,mutex::spin::tests::test_mutex_force_lock,full,success,0.10571429566666668,,,,
x86_64-unknown-linux-gnu,spin,0.12.0,mutex::spin::tests::test_mutex_unsized,full,success,0.11167046866666668,,,,
x86_64-unknown-linux-gnu,spin,0.12.0,mutex::spin::tests::try_lock,full,success,0.10499077433333333,,,,
x86_64-unknown-linux-gnu,spin,0.12.0,once::tests::call_once_test,full,success,0.43666228400000007,,,,
x86_64-unknown-linux-gnu,spin,0.12.0,once::tests::drop_occurs_and_skip_uninit_drop,full,success,0.105875389,,,,
x86_64-unknown-linux-gnu,spin,0.12.0,once::tests::get,full,success,0.10383104533333333,,,,
x86_64-unknown-linux-gnu,spin,0.12.0,once::tests::get_no_wait,full,success,3.1128065696666667,,,,
x86_64-unknown-linux-gnu,spin,0.12.0,once::tests::init_constant,full,success,0.10385060633333336,,,,
x86_64-unknown-linux-gnu,spin,0.12.0,once::tests::init_from_ref_basic,full,success,0.104263243,,,,
x86_64-unknown-linux-gnu,spin,0.12.0,once::tests::panic,full,success,0.10826608500000001,,,,
x86_64-unknown-linux-gnu,spin,0.12.0,once::tests::poll,full,success,0.10533414033333334,,,,
x86_64-unknown-linux-gnu,spin,0.12.0,once::tests::smoke_once,full,success,0.103927932,,,,
x86_64-unknown-linux-gnu,spin,0.12.0,once::tests::smoke_once_value,full,success,0.10951112233333334,,,,
x86_64-unknown-linux-gnu,spin,0.12.0,once::tests::stampede_once,full,success,0.11666666266666668,,,,
x86_64-unknown-linux-gnu,spin,0.12.0,once::tests::try_call_once_err,full,success,0.161904172,,,,
x86_64-unknown-linux-gnu,spin,0.12.0,once::tests::wait,full,success,0.10803432233333334,,,,
x86_64-unknown-linux-gnu,spin,0.12.0,rwlock::tests::smoke,full,success,0.10362050833333335,,,,
x86_64-unknown-linux-gnu,spin,0.12.0,rwlock::tests::test_force_read_decrement,full,success,0.10504328833333336,,,,
x86_64-unknown-linux-gnu,spin,0.12.0,rwlock::tests::test_force_write_unlock,full,success,0.10959925566666667,,,,
x86_64-unknown-linux-gnu,spin,0.12.0,rwlock::tests::test_into_inner,full,success,0.10599632366666667,,,,
x86_64-unknown-linux-gnu,spin,0.12.0,rwlock::tests::test_into_inner_drop,full,success,0.10593806300000001,,,,
x86_64-unknown-linux-gnu,spin,0.12.0,rwlock::tests::test_rw_access_in_unwind,full,success,0.11764412066666667,,,,
x86_64-unknown-linux-gnu,spin,0.12.0,rwlock::tests::test_rw_arc,full,success,0.11394479466666668,,,,
x86_64-unknown-linux-gnu,spin,0.12.0,rwlock::tests::test_rw_try_read,full,success,0.10424414166666668,,,,
x86_64-unknown-linux-gnu,spin,0.12.0,rwlock::tests::test_rwlock_try_write,full,success,0.11060664166666667,,,,
x86_64-unknown-linux-gnu,spin,0.12.0,rwlock::tests::test_rwlock_unsized,full,success,0.10791517266666667,,,,
x86_64-unknown-linux-gnu,spin,0.12.0,rwlock::tests::test_upgrade_downgrade,full,success,0.10541416966666668,,,,
x86_64-unknown-linux-gnu,thread_local,1.1.9,tests::different_thread,full,success,0.143379477,,,,
x86_64-unknown-linux-gnu,thread_local,1.1.9,tests::is_sync,full,success,0.12857086233333334,,,,
x86_64-unknown-linux-gnu,thread_local,1.1.9,tests::iter,full,success,0.15418318466666667,,,,
x86_64-unknown-linux-gnu,thread_local,1.1.9,tests::miri_iter_soundness_check,full,success,0.15226305833333334,,,,
x86_64-unknown-linux-gnu,thread_local,1.1.9,tests::same_thread,full,success,0.15734546733333335,,,,
x86_64-unknown-linux-gnu,thread_local,1.1.9,tests::test_drop,full,success,0.14588948633333335,,,,
x86_64-unknown-linux-gnu,thread_local,1.1.9,tests::test_earlyreturn_buckets,full,success,0.23035025266666667,,,,
x86_64-unknown-linux-gnu,thread_local,1.1.9,thread_id::test_thread,full,success,0.13509815433333336,,,,
x86_64-unknown-linux-gnu,tinystr,0.8.3,ascii::test::from_utf16_lossy_rejects_non_ascii_replacement,full,success,0.13718885233333336,,,,
x86_64-unknown-linux-gnu,tinystr,0.8.3,ascii::test::from_utf8_lossy_rejects_non_ascii_replacement,full,success,0.13477402900000002,,,,
x86_64-unknown-linux-gnu,tinystr,0.8.3,ascii::test::from_utf8_lossy_rejects_null_replacement,full,success,0.136051685,,,,
x86_64-unknown-linux-gnu,tinystr,0.8.3,ascii::test::lossy_constructor,full,success,0.1423976916666667,,,,
x86_64-unknown-linux-gnu,tinystr,0.8.3,ascii::test::test_is_ascii_alphabetic,full,success,1.7451175190000001,,,,
x86_64-unknown-linux-gnu,tinystr,0.8.3,ascii::test::test_is_ascii_alphabetic_lowercase,full,success,1.768617305,,,,
x86_64-unknown-linux-gnu,tinystr,0.8.3,ascii::test::test_is_ascii_alphabetic_titlecase,full,success,1.7709831073333333,,,,
x86_64-unknown-linux-gnu,tinystr,0.8.3,ascii::test::test_is_ascii_alphabetic_uppercase,full,success,1.763383752,,,,
x86_64-unknown-linux-gnu,tinystr,0.8.3,ascii::test::test_is_ascii_alphanumeric,full,success,1.7585189053333334,,,,
x86_64-unknown-linux-gnu,tinystr,0.8.3,ascii::test::test_is_ascii_lowercase,full,success,1.713198104,,,,
x86_64-unknown-linux-gnu,tinystr,0.8.3,ascii::test::test_is_ascii_numeric,full,success,1.711170533,,,,
x86_64-unknown-linux-gnu,tinystr,0.8.3,ascii::test::test_is_ascii_titlecase,full,success,1.7238346619999998,,,,
x86_64-unknown-linux-gnu,tinystr,0.8.3,ascii::test::test_is_ascii_uppercase,full,success,1.7190394243333333,,,,
x86_64-unknown-linux-gnu,tinystr,0.8.3,ascii::test::test_to_ascii_lowercase,full,success,2.3664274026666665,,,,
x86_64-unknown-linux-gnu,tinystr,0.8.3,ascii::test::test_to_ascii_titlecase,full,success,2.368579567333333,,,,
x86_64-unknown-linux-gnu,tinystr,0.8.3,ascii::test::test_to_ascii_uppercase,full,success,2.327780699,,,,
x86_64-unknown-linux-gnu,tinystr,0.8.3,macros::tests::test_macro_construction,full,success,0.12901742700000002,,,,
x86_64-unknown-linux-gnu,tinystr,0.8.3,test_size,full,success,0.13894978800000002,,,,
x86_64-unknown-linux-gnu,tower-http,0.6.11,classify::grpc_errors_as_failures::tests::basic_error,full,success,0.132620085,,,,
x86_64-unknown-linux-gnu,tower-http,0.6.11,classify::grpc_errors_as_failures::tests::basic_ok,full,success,0.133258496,,,,
x86_64-unknown-linux-gnu,tower-http,0.6.11,classify::grpc_errors_as_failures::tests::grpc_code_from_i32_known_codes,full,success,0.12998364333333334,,,,
x86_64-unknown-linux-gnu,tower-http,0.6.11,classify::grpc_errors_as_failures::tests::grpc_code_from_i32_unknown_codes,full,success,0.12739689666666668,,,,
x86_64-unknown-linux-gnu,tower-http,0.6.11,classify::grpc_errors_as_failures::tests::grpc_code_from_non_zero_i32,full,success,0.13518342333333333,,,,
x86_64-unknown-linux-gnu,tower-http,0.6.11,classify::grpc_errors_as_failures::tests::two_success_codes_first_matches,full,success,0.132523683,,,,
x86_64-unknown-linux-gnu,tower-http,0.6.11,classify::grpc_errors_as_failures::tests::two_success_codes_none_matches,full,success,0.13511420966666668,,,,
x86_64-unknown-linux-gnu,tower-http,0.6.11,classify::grpc_errors_as_failures::tests::two_success_codes_second_matches,full,success,0.1365954096666667,,,,
x86_64-unknown-linux-gnu,tower-http,0.6.11,classify::status_in_range_is_error::tests::basic,full,success,0.12798729633333336,,,,
x86_64-unknown-linux-gnu,tracing-core,0.1.36,dispatcher::test::default_dispatch,full,success,0.13136474099999998,,,,
x86_64-unknown-linux-gnu,tracing-core,0.1.36,dispatcher::test::default_no_subscriber,full,success,0.128932996,,,,
x86_64-unknown-linux-gnu,tracing-core,0.1.36,dispatcher::test::dispatch_downcasts,full,success,0.13259515600000002,,,,
x86_64-unknown-linux-gnu,tracing-core,0.1.36,dispatcher::test::dispatch_is,full,success,0.13343626033333333,,,,
x86_64-unknown-linux-gnu,tracing-core,0.1.36,dispatcher::test::events_dont_infinite_loop,full,success,0.13213354666666668,,,,
x86_64-unknown-linux-gnu,tracing-core,0.1.36,dispatcher::test::spans_dont_infinite_loop,full,success,0.13145930766666666,,,,
x86_64-unknown-linux-gnu,tracing-core,0.1.36,field::test::empty_fields_are_skipped,full,success,0.13176865200000001,,,,
x86_64-unknown-linux-gnu,tracing-core,0.1.36,field::test::empty_value_set_is_empty,full,success,0.13029866033333334,,,,
x86_64-unknown-linux-gnu,tracing-core,0.1.36,field::test::fields_from_other_callsets_are_skipped,full,success,0.13577395766666667,,,,
x86_64-unknown-linux-gnu,tracing-core,0.1.36,field::test::index_of_field_in_fieldset_is_correct,full,success,0.13220212866666667,,,,
x86_64-unknown-linux-gnu,tracing-core,0.1.36,field::test::record_bytes,full,success,0.13610182633333334,,,,
x86_64-unknown-linux-gnu,tracing-core,0.1.36,field::test::record_debug_fn,full,success,0.13663199033333337,,,,
x86_64-unknown-linux-gnu,tracing-core,0.1.36,field::test::record_error,full,success,0.13644279366666667,,,,
x86_64-unknown-linux-gnu,tracing-core,0.1.36,field::test::sparse_value_sets_are_not_empty,full,success,0.13359189700000001,,,,
x86_64-unknown-linux-gnu,tracing-core,0.1.36,field::test::value_set_with_no_values_is_empty,full,success,0.13113711866666666,,,,
x86_64-unknown-linux-gnu,tracing-core,0.1.36,field::test::value_sets_with_fields_from_other_callsites_are_empty,full,success,0.132294806,,,,
x86_64-unknown-linux-gnu,tracing-core,0.1.36,metadata::tests::filter_level_conversion,full,success,0.130270458,,,,
x86_64-unknown-linux-gnu,tracing-core,0.1.36,metadata::tests::level_filter_is_usize_sized,full,success,0.13542699033333336,,,,
x86_64-unknown-linux-gnu,tracing-core,0.1.36,metadata::tests::level_from_str,full,success,0.13090946766666667,,,,
x86_64-unknown-linux-gnu,tracing-log,0.2.0,test::debug_callsite_is_correct,full,success,0.13085170433333335,,,,
x86_64-unknown-linux-gnu,tracing-log,0.2.0,test::error_callsite_is_correct,full,success,0.13166982966666665,,,,
x86_64-unknown-linux-gnu,tracing-log,0.2.0,test::info_callsite_is_correct,full,success,0.13522165,,,,
x86_64-unknown-linux-gnu,tracing-log,0.2.0,test::trace_callsite_is_correct,full,success,0.136834386,,,,
x86_64-unknown-linux-gnu,tracing-log,0.2.0,test::warn_callsite_is_correct,full,success,0.129966777,,,,
x86_64-unknown-linux-gnu,tungstenite,0.29.0,buffer::tests::reading_in_chunks,full,success,0.11449421066666667,,,,
x86_64-unknown-linux-gnu,tungstenite,0.29.0,buffer::tests::simple_reading,full,success,0.10884471833333335,,,,
x86_64-unknown-linux-gnu,tungstenite,0.29.0,error::test::error_size,full,success,0.10680756899999999,,,,
x86_64-unknown-linux-gnu,tungstenite,0.29.0,error::test::protocol_error_size,full,success,0.10834604800000001,,,,
x86_64-unknown-linux-gnu,tungstenite,0.29.0,error::test::tls_error_size,full,success,0.10784061466666668,,,,
x86_64-unknown-linux-gnu,tungstenite,0.29.0,handshake::client::tests::invalid_custom_request,full,success,0.10928104300000001,,,,
x86_64-unknown-linux-gnu,tungstenite,0.29.0,handshake::client::tests::random_keys,full,success,0.13326660133333335,,,,
x86_64-unknown-linux-gnu,tungstenite,0.29.0,handshake::client::tests::request_formatting,full,success,0.14407152366666667,,,,
x86_64-unknown-linux-gnu,tungstenite,0.29.0,handshake::client::tests::request_formatting_with_at,full,success,0.15121943666666668,,,,
x86_64-unknown-linux-gnu,tungstenite,0.29.0,handshake::client::tests::request_formatting_with_host,full,success,0.14688405866666668,,,,
x86_64-unknown-linux-gnu,tungstenite,0.29.0,handshake::client::tests::request_with_latin1_header,full,success,0.2558776166666667,,,,
x86_64-unknown-linux-gnu,tungstenite,0.29.0,handshake::client::tests::request_with_non_ascii_header,full,success,0.263658515,,,,
x86_64-unknown-linux-gnu,tungstenite,0.29.0,handshake::client::tests::response_parsing,full,success,0.110496755,,,,
x86_64-unknown-linux-gnu,tungstenite,0.29.0,handshake::headers::tests::headers,full,success,0.11523684833333335,,,,
x86_64-unknown-linux-gnu,tungstenite,0.29.0,handshake::headers::tests::headers_incomplete,full,success,0.10725746400000001,,,,
x86_64-unknown-linux-gnu,tungstenite,0.29.0,handshake::headers::tests::headers_iter,full,success,0.12590568000000002,,,,
x86_64-unknown-linux-gnu,tungstenite,0.29.0,handshake::server::tests::request_parsing,full,success,0.12350923966666667,,,,
x86_64-unknown-linux-gnu,tungstenite,0.29.0,handshake::server::tests::request_replying,full,success,0.15665652200000002,,,,
x86_64-unknown-linux-gnu,tungstenite,0.29.0,handshake::tests::key_conversion,full,success,0.133163846,,,,
x86_64-unknown-linux-gnu,tungstenite,0.29.0,protocol::frame::coding::tests::closecode_from_u16,full,success,0.115466868,,,,
x86_64-unknown-linux-gnu,tungstenite,0.29.0,protocol::frame::coding::tests::closecode_into_u16,full,success,0.11130310733333333,,,,
x86_64-unknown-linux-gnu,tungstenite,0.29.0,protocol::frame::coding::tests::opcode_from_u8,full,success,0.10507859533333334,,,,
x86_64-unknown-linux-gnu,tungstenite,0.29.0,protocol::frame::coding::tests::opcode_into_u8,full,success,0.11048502533333333,,,,
x86_64-unknown-linux-gnu,tungstenite,0.29.0,protocol::frame::frame::tests::display,full,success,0.11052107866666668,,,,
x86_64-unknown-linux-gnu,tungstenite,0.29.0,protocol::frame::frame::tests::format,full,success,0.10891727333333334,,,,
x86_64-unknown-linux-gnu,tungstenite,0.29.0,protocol::frame::frame::tests::format_into_buf,full,success,0.10774427333333335,,,,
x86_64-unknown-linux-gnu,tungstenite,0.29.0,protocol::frame::frame::tests::parse,full,success,0.11218218566666667,,,,
x86_64-unknown-linux-gnu,tungstenite,0.29.0,protocol::frame::mask::tests::test_apply_mask,full,success,0.17330390900000003,,,,
x86_64-unknown-linux-gnu,tungstenite,0.29.0,protocol::frame::tests::from_partially_read,full,success,0.11828596966666667,,,,
x86_64-unknown-linux-gnu,tungstenite,0.29.0,protocol::frame::tests::parse_overflow,full,success,0.10775644633333333,,,,
x86_64-unknown-linux-gnu,tungstenite,0.29.0,protocol::frame::tests::read_frames,full,success,0.11342240266666669,,,,
x86_64-unknown-linux-gnu,tungstenite,0.29.0,protocol::frame::tests::size_limit_hit,full,success,0.11215395566666668,,,,
x86_64-unknown-linux-gnu,tungstenite,0.29.0,protocol::frame::tests::write_frames,full,success,0.10787665633333333,,,,
x86_64-unknown-linux-gnu,tungstenite,0.29.0,protocol::frame::utf8::tests::hash_consistency,full,success,0.10810913300000001,,,,
x86_64-unknown-linux-gnu,tungstenite,0.29.0,protocol::message::tests::binary_convert,full,success,0.10774069233333335,,,,
x86_64-unknown-linux-gnu,tungstenite,0.29.0,protocol::message::tests::binary_convert_bytes,full,success,0.11561002733333332,,,,
x86_64-unknown-linux-gnu,tungstenite,0.29.0,protocol::message::tests::binary_convert_into_bytes,full,success,0.10528799833333334,,,,
x86_64-unknown-linux-gnu,tungstenite,0.29.0,protocol::message::tests::binary_convert_vec,full,success,0.10915301833333334,,,,
x86_64-unknown-linux-gnu,tungstenite,0.29.0,protocol::message::tests::display,full,success,0.11548264966666667,,,,
x86_64-unknown-linux-gnu,tungstenite,0.29.0,protocol::message::tests::text_convert,full,success,0.110526164,,,,
x86_64-unknown-linux-gnu,tungstenite,0.29.0,protocol::tests::receive_messages,full,success,0.12371725100000001,,,,
x86_64-unknown-linux-gnu,tungstenite,0.29.0,protocol::tests::size_limiting_binary,full,success,0.11018063366666668,,,,
x86_64-unknown-linux-gnu,tungstenite,0.29.0,protocol::tests::size_limiting_text_fragmented,full,success,0.11127681666666667,,,,
x86_64-unknown-linux-gnu,twox-hash,2.1.2,xxhash32::random_impl::test::can_be_used_in_a_hashmap_with_a_random_seed,full,success,0.08806774300000002,,,,
x86_64-unknown-linux-gnu,twox-hash,2.1.2,xxhash32::test::can_be_used_in_a_hashmap_with_a_default_seed,full,success,0.08838813666666667,,,,
x86_64-unknown-linux-gnu,twox-hash,2.1.2,xxhash32::test::hash_of_multiple_bytes_matches_c_implementation,full,success,0.08438938866666666,,,,
x86_64-unknown-linux-gnu,twox-hash,2.1.2,xxhash32::test::hash_of_multiple_chunks_matches_c_implementation,full,success,0.08740120866666667,,,,
x86_64-unknown-linux-gnu,twox-hash,2.1.2,xxhash32::test::hash_of_nothing_matches_c_implementation,full,success,0.08454062400000001,,,,
x86_64-unknown-linux-gnu,twox-hash,2.1.2,xxhash32::test::hash_of_single_byte_matches_c_implementation,full,success,0.087824478,,,,
x86_64-unknown-linux-gnu,twox-hash,2.1.2,xxhash32::test::hash_with_different_seed_and_multiple_chunks_matches_c_implementation,full,success,0.09117427900000001,,,,
x86_64-unknown-linux-gnu,twox-hash,2.1.2,xxhash32::test::hash_with_different_seed_matches_c_implementation,full,success,0.08203887466666666,,,,
x86_64-unknown-linux-gnu,twox-hash,2.1.2,xxhash32::test::ingesting_byte_by_byte_is_equivalent_to_large_chunks,full,success,0.09870823366666669,,,,
x86_64-unknown-linux-gnu,twox-hash,2.1.2,xxhash3::streaming::test::secret_buffer_allocate_default_is_valid,full,success,0.08483607666666666,,,,
x86_64-unknown-linux-gnu,twox-hash,2.1.2,xxhash3::streaming::test::secret_buffer_allocate_with_seed_is_valid,full,success,0.08515553266666669,,,,
x86_64-unknown-linux-gnu,twox-hash,2.1.2,xxhash3::streaming::test::secret_buffer_default_is_valid,full,success,0.088207397,,,,
x86_64-unknown-linux-gnu,twox-hash,2.1.2,xxhash3::test::backported_as_chunks,full,success,0.08540213866666667,,,,
x86_64-unknown-linux-gnu,twox-hash,2.1.2,xxhash3::test::backported_as_rchunks,full,success,0.09322253266666668,,,,
x86_64-unknown-linux-gnu,twox-hash,2.1.2,xxhash3::test::default_secret_is_valid,full,success,0.09174803533333335,,,,
x86_64-unknown-linux-gnu,twox-hash,2.1.2,xxhash3_128::test::oneshot_129_to_240_bytes,full,success,0.16899087766666665,,,,
x86_64-unknown-linux-gnu,twox-hash,2.1.2,xxhash3_128::test::oneshot_17_to_128_bytes,full,success,0.12710690233333335,,,,
x86_64-unknown-linux-gnu,twox-hash,2.1.2,xxhash3_128::test::oneshot_1_to_3_bytes,full,success,0.08704100833333335,,,,
x86_64-unknown-linux-gnu,twox-hash,2.1.2,xxhash3_128::test::oneshot_241_plus_bytes,full,success,0.8657942556666667,,,,
x86_64-unknown-linux-gnu,twox-hash,2.1.2,xxhash3_128::test::oneshot_4_to_8_bytes,full,success,0.08567968599999999,,,,
x86_64-unknown-linux-gnu,twox-hash,2.1.2,xxhash3_128::test::oneshot_9_to_16_bytes,full,success,0.086745399,,,,
x86_64-unknown-linux-gnu,twox-hash,2.1.2,xxhash3_128::test::oneshot_empty,full,success,0.08418792233333333,,,,
x86_64-unknown-linux-gnu,twox-hash,2.1.2,xxhash3_128::test::streaming_129_to_240_bytes,full,success,4.819150124666667,,,,
x86_64-unknown-linux-gnu,twox-hash,2.1.2,xxhash3_128::test::streaming_17_to_128_bytes,full,success,1.026361989,,,,
x86_64-unknown-linux-gnu,twox-hash,2.1.2,xxhash3_128::test::streaming_1_to_3_bytes,full,success,0.09582139766666668,,,,
x86_64-unknown-linux-gnu,twox-hash,2.1.2,xxhash3_128::test::streaming_4_to_8_bytes,full,success,0.10213680466666668,,,,
x86_64-unknown-linux-gnu,twox-hash,2.1.2,xxhash3_128::test::streaming_9_to_16_bytes,full,success,0.123105859,,,,
x86_64-unknown-linux-gnu,twox-hash,2.1.2,xxhash3_128::test::streaming_empty,full,success,0.08590996033333333,,,,
x86_64-unknown-linux-gnu,twox-hash,2.1.2,xxhash3_64::test::oneshot_129_to_240_bytes,full,success,0.16305144866666668,,,,
x86_64-unknown-linux-gnu,twox-hash,2.1.2,xxhash3_64::test::oneshot_17_to_128_bytes,full,success,0.12454297000000002,,,,
x86_64-unknown-linux-gnu,twox-hash,2.1.2,xxhash3_64::test::oneshot_1_to_3_bytes,full,success,0.09461317866666667,,,,
x86_64-unknown-linux-gnu,twox-hash,2.1.2,xxhash3_64::test::oneshot_241_plus_bytes,full,success,0.8903284446666667,,,,
x86_64-unknown-linux-gnu,twox-hash,2.1.2,xxhash3_64::test::oneshot_4_to_8_bytes,full,success,0.08978226033333332,,,,
x86_64-unknown-linux-gnu,twox-hash,2.1.2,xxhash3_64::test::oneshot_9_to_16_bytes,full,success,0.09463843966666667,,,,
x86_64-unknown-linux-gnu,twox-hash,2.1.2,xxhash3_64::test::oneshot_empty,full,success,0.09549743766666667,,,,
x86_64-unknown-linux-gnu,twox-hash,2.1.2,xxhash3_64::test::oneshot_with_seed,full,success,0.193803482,,,,
x86_64-unknown-linux-gnu,twox-hash,2.1.2,xxhash3_64::test::streaming_129_to_240_bytes,full,success,4.6559856606666665,,,,
x86_64-unknown-linux-gnu,twox-hash,2.1.2,xxhash3_64::test::streaming_17_to_128_bytes,full,success,0.9611006836666668,,,,
x86_64-unknown-linux-gnu,twox-hash,2.1.2,xxhash3_64::test::streaming_1_to_3_bytes,full,success,0.09668281233333333,,,,
x86_64-unknown-linux-gnu,twox-hash,2.1.2,xxhash3_64::test::streaming_4_to_8_bytes,full,success,0.10036147566666669,,,,
x86_64-unknown-linux-gnu,twox-hash,2.1.2,xxhash3_64::test::streaming_9_to_16_bytes,full,success,0.1293833666666667,,,,
x86_64-unknown-linux-gnu,twox-hash,2.1.2,xxhash3_64::test::streaming_empty,full,success,0.09346853366666667,,,,
x86_64-unknown-linux-gnu,twox-hash,2.1.2,xxhash64::random_impl::test::can_be_used_in_a_hashmap_with_a_random_seed,full,success,0.109799683,,,,
x86_64-unknown-linux-gnu,twox-hash,2.1.2,xxhash64::test::can_be_used_in_a_hashmap_with_a_default_seed,full,success,0.09135649866666667,,,,
x86_64-unknown-linux-gnu,twox-hash,2.1.2,xxhash64::test::hash_of_multiple_bytes_matches_c_implementation,full,success,0.08644310833333334,,,,
x86_64-unknown-linux-gnu,twox-hash,2.1.2,xxhash64::test::hash_of_multiple_chunks_matches_c_implementation,full,success,0.09743537233333333,,,,
x86_64-unknown-linux-gnu,twox-hash,2.1.2,xxhash64::test::hash_of_nothing_matches_c_implementation,full,success,0.09494771133333335,,,,
x86_64-unknown-linux-gnu,twox-hash,2.1.2,xxhash64::test::hash_of_single_byte_matches_c_implementation,full,success,0.091272823,,,,
x86_64-unknown-linux-gnu,twox-hash,2.1.2,xxhash64::test::hash_with_different_seed_and_multiple_chunks_matches_c_implementation,full,success,0.10112238066666668,,,,
x86_64-unknown-linux-gnu,twox-hash,2.1.2,xxhash64::test::hash_with_different_seed_matches_c_implementation,full,success,0.088674843,,,,
x86_64-unknown-linux-gnu,twox-hash,2.1.2,xxhash64::test::ingesting_byte_by_byte_is_equivalent_to_large_chunks,full,success,0.10903777033333334,,,,
x86_64-unknown-linux-gnu,unicode-bidi,0.3.18,char_data::tests::test_ascii,full,success,0.114291767,,,,
x86_64-unknown-linux-gnu,unicode-bidi,0.3.18,char_data::tests::test_bmp,full,success,0.11109518233333333,,,,
x86_64-unknown-linux-gnu,unicode-bidi,0.3.18,char_data::tests::test_smp,full,success,0.10864311466666669,,,,
x86_64-unknown-linux-gnu,unicode-bidi,0.3.18,char_data::tests::test_unassigned_planes,full,success,0.10544409933333333,,,,
x86_64-unknown-linux-gnu,unicode-bidi,0.3.18,level::tests::test_has_rtl,full,success,0.10634505266666668,,,,
x86_64-unknown-linux-gnu,unicode-bidi,0.3.18,level::tests::test_into,full,success,0.108583498,,,,
x86_64-unknown-linux-gnu,unicode-bidi,0.3.18,level::tests::test_is_ltr,full,success,0.10427032433333333,,,,
x86_64-unknown-linux-gnu,unicode-bidi,0.3.18,level::tests::test_is_rtl,full,success,0.10448319233333332,,,,
x86_64-unknown-linux-gnu,unicode-bidi,0.3.18,level::tests::test_lower,full,success,0.105386506,,,,
x86_64-unknown-linux-gnu,unicode-bidi,0.3.18,level::tests::test_new,full,success,0.10572314000000001,,,,
x86_64-unknown-linux-gnu,unicode-bidi,0.3.18,level::tests::test_new_explicit,full,success,0.10882876500000001,,,,
x86_64-unknown-linux-gnu,unicode-bidi,0.3.18,level::tests::test_raise,full,success,0.11072164833333335,,,,
x86_64-unknown-linux-gnu,unicode-bidi,0.3.18,level::tests::test_raise_explicit,full,success,0.10774671466666667,,,,
x86_64-unknown-linux-gnu,unicode-bidi,0.3.18,level::tests::test_str_eq,full,success,0.11124777566666667,,,,
x86_64-unknown-linux-gnu,unicode-bidi,0.3.18,level::tests::test_string_eq,full,success,0.10844053866666668,,,,
x86_64-unknown-linux-gnu,unicode-bidi,0.3.18,level::tests::test_vec,full,success,0.11172877533333335,,,,
x86_64-unknown-linux-gnu,unicode-bidi,0.3.18,prepare::tests::test_isolating_run_sequences,full,success,0.13269760133333333,,,,
x86_64-unknown-linux-gnu,unicode-bidi,0.3.18,prepare::tests::test_isolating_run_sequences_sos_and_eos,full,success,0.12319843800000001,,,,
x86_64-unknown-linux-gnu,unicode-bidi,0.3.18,prepare::tests::test_level_runs,full,success,0.10717823466666669,,,,
x86_64-unknown-linux-gnu,unicode-bidi,0.3.18,prepare::tests::test_not_removed_by_x9,full,success,0.10874681333333334,,,,
x86_64-unknown-linux-gnu,unicode-bidi,0.3.18,prepare::tests::test_removed_by_x9,full,success,0.10946067966666667,,,,
x86_64-unknown-linux-gnu,unicode-bidi,0.3.18,tests::test_bidi_info_has_rtl,full,success,0.268602456,,,,
x86_64-unknown-linux-gnu,unicode-bidi,0.3.18,tests::test_direction,full,success,0.19683949633333334,,,,
x86_64-unknown-linux-gnu,unicode-bidi,0.3.18,tests::test_edge_cases_direction,full,success,0.12169473866666668,,,,
x86_64-unknown-linux-gnu,unicode-bidi,0.3.18,tests::test_get_base_direction,full,success,0.13368508266666668,,,,
x86_64-unknown-linux-gnu,unicode-bidi,0.3.18,tests::test_get_base_direction_full,full,success,0.135157387,,,,
x86_64-unknown-linux-gnu,unicode-bidi,0.3.18,tests::test_initial_text_info,full,success,0.12562143833333334,,,,
x86_64-unknown-linux-gnu,unicode-bidi,0.3.18,tests::test_level_at,full,success,0.1894222636666667,,,,
x86_64-unknown-linux-gnu,unicode-bidi,0.3.18,tests::test_paragraph_bidi_info,full,success,0.178455955,,,,
x86_64-unknown-linux-gnu,unicode-bidi,0.3.18,tests::test_paragraph_info_len,full,success,0.13202352033333334,,,,
x86_64-unknown-linux-gnu,unicode-bidi,0.3.18,tests::test_process_text,full,success,0.32542019133333333,,,,
x86_64-unknown-linux-gnu,unicode-bidi,0.3.18,tests::test_reorder_line,full,success,0.5881773790000001,,,,
x86_64-unknown-linux-gnu,unicode-bidi,0.3.18,tests::test_reordered_levels,full,success,0.22887091666666667,,,,
x86_64-unknown-linux-gnu,unicode-bidi,0.3.18,tests::test_reordered_levels_range,full,success,0.11977339633333335,,,,
x86_64-unknown-linux-gnu,unicode-bidi,0.3.18,tests::test_utf16_char_iter,full,success,0.106417581,,,,
x86_64-unknown-linux-gnu,unicode-bidi,0.3.18,tests::test_utf16_text_source,full,success,0.10824494533333334,,,,
x86_64-unknown-linux-gnu,unicode-normalization,0.1.25,normalize::tests::test_hangul_composition,full,success,0.12755025900000003,,,,
x86_64-unknown-linux-gnu,unicode-normalization,0.1.25,quick_check::tests::test_stream_safe_nfc,full,success,0.13557990499999997,,,,
x86_64-unknown-linux-gnu,unicode-normalization,0.1.25,quick_check::tests::test_stream_safe_nfd,full,success,0.134096554,,,,
x86_64-unknown-linux-gnu,unicode-normalization,0.1.25,stream_safe::tests::test_all_nonstarters,full,success,0.13979020133333334,,,,
x86_64-unknown-linux-gnu,unicode-normalization,0.1.25,stream_safe::tests::test_classify_nonstarters,full,success,59.020557759000006,,,,
x86_64-unknown-linux-gnu,unicode-normalization,0.1.25,stream_safe::tests::test_simple,full,success,0.15532452066666666,,,,
x86_64-unknown-linux-gnu,unicode-normalization,0.1.25,test::test_is_combining_mark_ascii,full,success,0.13386070433333333,,,,
x86_64-unknown-linux-gnu,unicode-normalization,0.1.25,test::test_is_combining_mark_misc,full,success,0.13104820533333333,,,,
x86_64-unknown-linux-gnu,unicode-normalization,0.1.25,test::test_nfc,full,success,0.17146738600000003,,,,
x86_64-unknown-linux-gnu,unicode-normalization,0.1.25,test::test_nfd,full,success,0.17489533866666665,,,,
x86_64-unknown-linux-gnu,unicode-normalization,0.1.25,test::test_nfkc,full,success,0.17841238233333334,,,,
x86_64-unknown-linux-gnu,unicode-normalization,0.1.25,test::test_nfkd,full,success,0.15584068800000003,,,,
x86_64-unknown-linux-gnu,unicode-normalization,0.1.25,test::test_normalize_char,full,success,0.13405007533333332,,,,
x86_64-unknown-linux-gnu,urlencoding,2.1.3,dec::dec_borrows,full,success,0.13182958333333336,,,,
x86_64-unknown-linux-gnu,urlencoding,2.1.3,tests::it_decodes_successfully,full,success,0.12307537366666667,,,,
x86_64-unknown-linux-gnu,urlencoding,2.1.3,tests::it_decodes_successfully_emoji,full,success,0.12345050666666668,,,,
x86_64-unknown-linux-gnu,urlencoding,2.1.3,tests::it_decodes_unsuccessfully_emoji,full,success,0.120553423,,,,
x86_64-unknown-linux-gnu,urlencoding,2.1.3,tests::it_encodes_successfully,full,success,0.12374334366666667,,,,
x86_64-unknown-linux-gnu,urlencoding,2.1.3,tests::it_encodes_successfully_emoji,full,success,0.12462215300000001,,,,
x86_64-unknown-linux-gnu,urlencoding,2.1.3,tests::lazy_writer,full,success,0.12661402733333335,,,,
x86_64-unknown-linux-gnu,urlencoding,2.1.3,tests::misc,full,success,0.141210133,,,,
x86_64-unknown-linux-gnu,urlencoding,2.1.3,tests::whatwg_examples,full,success,0.12837888066666667,,,,
x86_64-unknown-linux-gnu,utf8_iter,1.0.4,report::tests::test_eq,full,success,0.14361880133333335,,,,
x86_64-unknown-linux-gnu,utf8_iter,1.0.4,report::tests::test_size,full,success,0.12942299166666668,,,,
x86_64-unknown-linux-gnu,uuid,1.23.2,fmt::tests::braced_ref_trailing,full,success,0.135292864,,,,
x86_64-unknown-linux-gnu,uuid,1.23.2,fmt::tests::braced_to_inner,full,success,0.128629417,,,,
x86_64-unknown-linux-gnu,uuid,1.23.2,fmt::tests::braced_too_small,full,success,0.13474235133333334,,,,
x86_64-unknown-linux-gnu,uuid,1.23.2,fmt::tests::braced_trailing,full,success,0.13546228833333332,,,,
x86_64-unknown-linux-gnu,uuid,1.23.2,fmt::tests::hyphenated_ref_trailing,full,success,0.14120295133333333,,,,
x86_64-unknown-linux-gnu,uuid,1.23.2,fmt::tests::hyphenated_to_inner,full,success,0.12942799033333333,,,,
x86_64-unknown-linux-gnu,uuid,1.23.2,fmt::tests::hyphenated_too_small,full,success,0.13105952766666665,,,,
x86_64-unknown-linux-gnu,uuid,1.23.2,fmt::tests::hyphenated_trailing,full,success,0.13696347,,,,
x86_64-unknown-linux-gnu,uuid,1.23.2,fmt::tests::simple_ref_trailing,full,success,0.13942616466666669,,,,
x86_64-unknown-linux-gnu,uuid,1.23.2,fmt::tests::simple_to_inner,full,success,0.12677471633333334,,,,
x86_64-unknown-linux-gnu,uuid,1.23.2,fmt::tests::simple_too_small,full,success,0.13214443833333334,,,,
x86_64-unknown-linux-gnu,uuid,1.23.2,fmt::tests::simple_trailing,full,success,0.13674298666666665,,,,
x86_64-unknown-linux-gnu,uuid,1.23.2,fmt::tests::urn_ref_trailing,full,success,0.13682985466666667,,,,
x86_64-unknown-linux-gnu,uuid,1.23.2,fmt::tests::urn_to_inner,full,success,0.134278078,,,,
x86_64-unknown-linux-gnu,uuid,1.23.2,fmt::tests::urn_too_small,full,success,0.13291069533333333,,,,
x86_64-unknown-linux-gnu,uuid,1.23.2,fmt::tests::urn_trailing,full,success,0.13602867999999999,,,,
x86_64-unknown-linux-gnu,uuid,1.23.2,non_nil::tests::test_non_nil,full,success,0.130821094,,,,
x86_64-unknown-linux-gnu,uuid,1.23.2,non_nil::tests::test_non_nil_formatting,full,success,0.13083029766666668,,,,
x86_64-unknown-linux-gnu,uuid,1.23.2,non_nil::tests::test_non_nil_ord,full,success,0.1354382796666667,,,,
x86_64-unknown-linux-gnu,uuid,1.23.2,non_nil::tests::test_non_nil_with_option_size,full,success,0.128775786,,,,
x86_64-unknown-linux-gnu,uuid,1.23.2,parser::tests::test_parse_invalid,full,success,0.161361313,,,,
x86_64-unknown-linux-gnu,uuid,1.23.2,parser::tests::test_parse_valid,full,success,0.134359917,,,,
x86_64-unknown-linux-gnu,uuid,1.23.2,parser::tests::test_roundtrip_braced,full,success,0.1358496306666667,,,,
x86_64-unknown-linux-gnu,uuid,1.23.2,parser::tests::test_roundtrip_default,full,success,0.14485380466666667,,,,
x86_64-unknown-linux-gnu,uuid,1.23.2,parser::tests::test_roundtrip_hyphenated,full,success,0.13911779200000002,,,,
x86_64-unknown-linux-gnu,uuid,1.23.2,parser::tests::test_roundtrip_parse_braced,full,success,0.137901326,,,,
x86_64-unknown-linux-gnu,uuid,1.23.2,parser::tests::test_roundtrip_parse_urn,full,success,0.13441273366666665,,,,
x86_64-unknown-linux-gnu,uuid,1.23.2,parser::tests::test_roundtrip_simple,full,success,0.13820270266666668,,,,
x86_64-unknown-linux-gnu,uuid,1.23.2,parser::tests::test_roundtrip_urn,full,success,0.14176388000000004,,,,
x86_64-unknown-linux-gnu,uuid,1.23.2,parser::tests::test_try_parse_ascii_non_utf8,full,success,0.13430087233333335,,,,
x86_64-unknown-linux-gnu,uuid,1.23.2,tests::test_as_bytes,full,success,0.12991102200000001,,,,
x86_64-unknown-linux-gnu,uuid,1.23.2,tests::test_bytes_le_roundtrip,full,success,0.139055429,,,,
x86_64-unknown-linux-gnu,uuid,1.23.2,tests::test_bytes_roundtrip,full,success,0.13773226233333336,,,,
x86_64-unknown-linux-gnu,uuid,1.23.2,tests::test_compare,full,success,0.13266170100000002,,,,
x86_64-unknown-linux-gnu,uuid,1.23.2,tests::test_convert_vec,full,success,0.135046633,,,,
x86_64-unknown-linux-gnu,uuid,1.23.2,tests::test_default,full,success,0.131338019,,,,
x86_64-unknown-linux-gnu,uuid,1.23.2,tests::test_display,full,success,0.18228675933333335,,,,
x86_64-unknown-linux-gnu,uuid,1.23.2,tests::test_fields_le_are_actually_le,full,success,0.13968397766666668,,,,
x86_64-unknown-linux-gnu,uuid,1.23.2,tests::test_fields_le_roundtrip,full,success,0.13178026466666667,,,,
x86_64-unknown-linux-gnu,uuid,1.23.2,tests::test_fields_roundtrip,full,success,0.13259383266666666,,,,
x86_64-unknown-linux-gnu,uuid,1.23.2,tests::test_from_bytes,full,success,0.13040465966666667,,,,
x86_64-unknown-linux-gnu,uuid,1.23.2,tests::test_from_fields,full,success,0.13261112833333336,,,,
x86_64-unknown-linux-gnu,uuid,1.23.2,tests::test_from_fields_le,full,success,0.13645797666666667,,,,
x86_64-unknown-linux-gnu,uuid,1.23.2,tests::test_from_slice,full,success,0.13754505933333333,,,,
x86_64-unknown-linux-gnu,uuid,1.23.2,tests::test_get_node_id_unsupported_version,full,success,0.14065127300000002,,,,
x86_64-unknown-linux-gnu,uuid,1.23.2,tests::test_get_timestamp_unsupported_version,full,success,0.13716142333333334,,,,
x86_64-unknown-linux-gnu,uuid,1.23.2,tests::test_get_variant,full,success,0.13506878333333336,,,,
x86_64-unknown-linux-gnu,uuid,1.23.2,tests::test_get_version,full,success,0.12974390233333336,,,,
x86_64-unknown-linux-gnu,uuid,1.23.2,tests::test_get_version_non_conforming,full,success,0.13226662833333336,,,,
x86_64-unknown-linux-gnu,uuid,1.23.2,tests::test_hyphenated_string,full,success,0.17129734733333335,,,,
x86_64-unknown-linux-gnu,uuid,1.23.2,tests::test_max,full,success,0.13167807166666667,,,,
x86_64-unknown-linux-gnu,uuid,1.23.2,tests::test_nil,full,success,0.13200738166666667,,,,
x86_64-unknown-linux-gnu,uuid,1.23.2,tests::test_predefined_namespaces,full,success,0.13263537000000003,,,,
x86_64-unknown-linux-gnu,uuid,1.23.2,tests::test_to_simple_string,full,success,0.16192487766666666,,,,
x86_64-unknown-linux-gnu,uuid,1.23.2,tests::test_to_urn_string,full,success,0.17658443633333334,,,,
x86_64-unknown-linux-gnu,uuid,1.23.2,tests::test_u128_le_is_actually_le,full,success,0.13961178333333335,,,,
x86_64-unknown-linux-gnu,uuid,1.23.2,tests::test_u128_le_roundtrip,full,success,0.13079415533333336,,,,
x86_64-unknown-linux-gnu,uuid,1.23.2,tests::test_u128_roundtrip,full,success,0.13081137433333334,,,,
x86_64-unknown-linux-gnu,uuid,1.23.2,tests::test_u64_pair_roundtrip,full,success,0.13507687366666668,,,,
x86_64-unknown-linux-gnu,uuid,1.23.2,tests::test_upper_lower_hex,full,success,0.678359725,,,,
x86_64-unknown-linux-gnu,which,8.0.2,helper::test::test_extension_in_extension_vector,full,success,0.09044473900000001,,,,
x86_64-unknown-linux-gnu,which,8.0.2,helper::test::test_extension_not_in_extension_vector,full,success,0.09074770500000001,,,,
x86_64-unknown-linux-gnu,which,8.0.2,helper::test::test_invalid_exts,full,success,0.09041412666666666,,,,
x86_64-unknown-linux-gnu,writeable,0.6.3,cmp::tests::test_mixed,full,success,0.27366504966666666,,,,
x86_64-unknown-linux-gnu,writeable,0.6.3,cmp::tests::test_write_char,full,success,0.3025580833333334,,,,
x86_64-unknown-linux-gnu,writeable,0.6.3,cmp::tests::test_write_str,full,success,0.1449546266666667,,,,
x86_64-unknown-linux-gnu,writeable,0.6.3,impls::test_string_impls,full,success,0.140088245,,,,
x86_64-unknown-linux-gnu,writeable,0.6.3,impls::test_u128,full,success,1.4097696323333333,,,,
x86_64-unknown-linux-gnu,writeable,0.6.3,impls::test_u16,full,success,1.1529240213333334,,,,
x86_64-unknown-linux-gnu,writeable,0.6.3,impls::test_u32,full,success,1.5148673773333332,,,,
x86_64-unknown-linux-gnu,writeable,0.6.3,impls::test_u64,full,success,2.543173358,,,,
x86_64-unknown-linux-gnu,writeable,0.6.3,impls::test_u8,full,success,1.0473166766666664,,,,
x86_64-unknown-linux-gnu,writeable,0.6.3,impls::test_usize,full,success,0.14949000133333334,,,,
x86_64-unknown-linux-gnu,writeable,0.6.3,ops::tests::test_add,full,success,0.12894972566666665,,,,
x86_64-unknown-linux-gnu,writeable,0.6.3,ops::tests::test_bitor,full,success,0.12730529533333335,,,,
x86_64-unknown-linux-gnu,writeable,0.6.3,ops::tests::test_mul,full,success,0.136662583,,,,
x86_64-unknown-linux-gnu,writeable,0.6.3,ops::tests::test_sum,full,success,0.12596415566666666,,,,
x86_64-unknown-linux-gnu,writeable,0.6.3,try_writeable::test_result_try_writeable,full,success,0.135846165,,,,
x86_64-unknown-linux-gnu,yoke,0.8.2,cartable_ptr::tests::test_new_rc,full,success,0.11130656500000001,,,,
x86_64-unknown-linux-gnu,yoke,0.8.2,cartable_ptr::tests::test_new_sentinel,full,success,0.11739622300000001,,,,
x86_64-unknown-linux-gnu,yoke,0.8.2,cartable_ptr::tests::test_rc_clone,full,success,0.11795934133333334,,,,
x86_64-unknown-linux-gnu,yoke,0.8.2,cartable_ptr::tests::test_sizes,full,success,0.11668731366666668,,,,
x86_64-unknown-linux-gnu,yoke,0.8.2,yoke::test_clone,full,success,0.11443629799999999,,,,
x86_64-unknown-linux-gnu,yoke,0.8.2,yoke::test_debug,full,success,0.12953472433333335,,,,
x86_64-unknown-linux-gnu,yoke,0.8.2,yoke::test_display,full,success,0.12812310833333332,,,,
x86_64-unknown-linux-gnu,yoke,0.8.2,yoke::test_eq_trait,full,success,0.11816875700000001,,,,
x86_64-unknown-linux-gnu,yoke,0.8.2,yoke::test_partialeq,full,success,0.118015153,,,,
x86_64-unknown-linux-gnu,yoke,0.8.2,yoke::test_partialord_ord,full,success,0.11453473066666668,,,,
